file_id,leakage_group,split
datasec:DATASEC/Bells/Bells-0001.wav,datasec:DATASEC/Bells/Bells-0001.wav,validation
datasec:DATASEC/Bells/Bells-0002.wav,datasec:DATASEC/Bells/Bells-0002.wav,train
datasec:DATASEC/Bells/Bells-0003.wav,datasec:DATASEC/Bells/Bells-0003.wav,test
datasec:DATASEC/Bells/Bells-0004.wav,datasec:DATASEC/Bells/Bells-0004.wav,train
datasec:DATASEC/Bells/Bells-0005.wav,datasec:DATASEC/Bells/Bells-0005.wav,train
datasec:DATASEC/Bells/Bells-0006.wav,datasec:DATASEC/Bells/Bells-0006.wav,train
datasec:DATASEC/Bells/Bells-0007.wav,datasec:DATASEC/Bells/Bells-0007.wav,test
datasec:DATASEC/Bells/Bells-0008.wav,datasec:DATASEC/Bells/Bells-0008.wav,test
datasec:DATASEC/Bells/Bells-0009.wav,datasec:DATASEC/Bells/Bells-0009.wav,train
datasec:DATASEC/Bells/Bells-0010.wav,datasec:DATASEC/Bells/Bells-0010.wav,validation
datasec:DATASEC/Bells/Bells-0011.wav,datasec:DATASEC/Bells/Bells-0011.wav,validation
datasec:DATASEC/Bells/Bells-0012.wav,datasec:DATASEC/Bells/Bells-0012.wav,train
datasec:DATASEC/Bells/Bells-0013.wav,datasec:DATASEC/Bells/Bells-0013.wav,test
datasec:DATASEC/Bells/Bells-0014.wav,datasec:DATASEC/Bells/Bells-0013.wav,test
datasec:DATASEC/Bells/Bells-0015.wav,datasec:DATASEC/Bells/Bells-0015.wav,train
datasec:DATASEC/Bells/Bells-0016.wav,datasec:DATASEC/Bells/Bells-0016.wav,train
datasec:DATASEC/Bells/Bells-0017.wav,datasec:DATASEC/Bells/Bells-0017.wav,test
datasec:DATASEC/Bells/Bells-0018.wav,datasec:DATASEC/Bells/Bells-0018.wav,train
datasec:DATASEC/Bells/Bells-0019.wav,datasec:DATASEC/Bells/Bells-0019.wav,train
datasec:DATASEC/Bells/Bells-0020.wav,datasec:DATASEC/Bells/Bells-0020.wav,train
datasec:DATASEC/Bells/Bells-0021.wav,datasec:DATASEC/Bells/Bells-0021.wav,train
datasec:DATASEC/Bells/Bells-0022.wav,datasec:DATASEC/Bells/Bells-0022.wav,test
datasec:DATASEC/Bells/Bells-0023.wav,datasec:DATASEC/Bells/Bells-0023.wav,train
datasec:DATASEC/Bells/Bells-0024.wav,datasec:DATASEC/Bells/Bells-0024.wav,train
datasec:DATASEC/Bells/Bells-0026.wav,datasec:DATASEC/Bells/Bells-0026.wav,test
datasec:DATASEC/Bells/Bells-0027.wav,datasec:DATASEC/Bells/Bells-0027.wav,test
datasec:DATASEC/Bells/Bells-0028.wav,datasec:DATASEC/Bells/Bells-0028.wav,train
datasec:DATASEC/Bells/Bells-0029.wav,datasec:DATASEC/Bells/Bells-0029.wav,train
datasec:DATASEC/Bells/Bells-0030.wav,datasec:DATASEC/Bells/Bells-0030.wav,train
datasec:DATASEC/Bells/Bells-0031.wav,datasec:DATASEC/Bells/Bells-0031.wav,train
datasec:DATASEC/Bells/Bells-0032.wav,datasec:DATASEC/Bells/Bells-0032.wav,train
datasec:DATASEC/Bells/Bells-0033.wav,datasec:DATASEC/Bells/Bells-0033.wav,train
datasec:DATASEC/Bells/Bells-0034.wav,datasec:DATASEC/Bells/Bells-0034.wav,train
datasec:DATASEC/Bells/Bells-0035.wav,datasec:DATASEC/Bells/Bells-0035.wav,train
datasec:DATASEC/Bells/Bells-0036.wav,datasec:DATASEC/Bells/Bells-0035.wav,train
datasec:DATASEC/Bells/Bells-0037.wav,datasec:DATASEC/Bells/Bells-0037.wav,validation
datasec:DATASEC/Bells/Bells-0038.wav,datasec:DATASEC/Bells/Bells-0038.wav,train
datasec:DATASEC/Bells/Bells-0039.wav,datasec:DATASEC/Bells/Bells-0039.wav,train
datasec:DATASEC/Bells/Bells-0040.wav,datasec:DATASEC/Bells/Bells-0040.wav,validation
datasec:DATASEC/Bells/Bells-0041.wav,datasec:DATASEC/Bells/Bells-0041.wav,train
datasec:DATASEC/Bells/Bells-0042.wav,datasec:DATASEC/Bells/Bells-0042.wav,train
datasec:DATASEC/Bells/Bells-0043.wav,datasec:DATASEC/Bells/Bells-0043.wav,train
datasec:DATASEC/Bells/Bells-0044.wav,datasec:DATASEC/Bells/Bells-0044.wav,validation
datasec:DATASEC/Bells/Bells-0045.wav,datasec:DATASEC/Bells/Bells-0045.wav,train
datasec:DATASEC/Bells/Bells-0046.wav,datasec:DATASEC/Bells/Bells-0046.wav,train
datasec:DATASEC/Bells/Bells-0047.wav,datasec:DATASEC/Bells/Bells-0047.wav,train
datasec:DATASEC/Bells/Bells-0048.wav,datasec:DATASEC/Bells/Bells-0048.wav,train
datasec:DATASEC/Bells/Bells-0049.wav,datasec:DATASEC/Bells/Bells-0049.wav,test
datasec:DATASEC/Bells/Bells-0050.wav,datasec:DATASEC/Bells/Bells-0050.wav,train
datasec:DATASEC/Bells/Bells-0051.wav,datasec:DATASEC/Bells/Bells-0051.wav,train
datasec:DATASEC/Bells/Bells-0052.wav,datasec:DATASEC/Bells/Bells-0052.wav,train
datasec:DATASEC/Bells/Bells-0053.wav,datasec:DATASEC/Bells/Bells-0053.wav,train
datasec:DATASEC/Bells/Bells-0054.wav,datasec:DATASEC/Bells/Bells-0054.wav,train
datasec:DATASEC/Bells/Bells-0055.wav,datasec:DATASEC/Bells/Bells-0055.wav,validation
datasec:DATASEC/Bells/Bells-0056.wav,datasec:DATASEC/Bells/Bells-0056.wav,validation
datasec:DATASEC/Bells/Bells-0057.wav,datasec:DATASEC/Bells/Bells-0057.wav,validation
datasec:DATASEC/Bells/Bells-0058.wav,datasec:DATASEC/Bells/Bells-0057.wav,validation
datasec:DATASEC/Bells/Bells-0059.wav,datasec:DATASEC/Bells/Bells-0059.wav,train
datasec:DATASEC/Bells/Bells-0060.wav,datasec:DATASEC/Bells/Bells-0060.wav,train
datasec:DATASEC/Bells/Bells-0061.wav,datasec:DATASEC/Bells/Bells-0060.wav,train
datasec:DATASEC/Bells/Bells-0062.wav,datasec:DATASEC/Bells/Bells-0060.wav,train
datasec:DATASEC/Bells/Bells-0063.wav,datasec:DATASEC/Bells/Bells-0060.wav,train
datasec:DATASEC/Bells/Bells-0064.wav,datasec:DATASEC/Bells/Bells-0064.wav,train
datasec:DATASEC/Bells/Bells-0065.wav,datasec:DATASEC/Bells/Bells-0065.wav,train
datasec:DATASEC/Bells/Bells-0066.wav,datasec:DATASEC/Bells/Bells-0066.wav,train
datasec:DATASEC/Bells/Bells-0067.wav,datasec:DATASEC/Bells/Bells-0067.wav,train
datasec:DATASEC/Birds/Birds-0001.wav,datasec:DATASEC/Birds/Birds-0001.wav,test
datasec:DATASEC/Birds/Birds-0002.wav,datasec:DATASEC/Birds/Birds-0002.wav,train
datasec:DATASEC/Birds/Birds-0003.wav,datasec:DATASEC/Birds/Birds-0003.wav,validation
datasec:DATASEC/Birds/Birds-0004.wav,datasec:DATASEC/Birds/Birds-0004.wav,train
datasec:DATASEC/Birds/Birds-0005.wav,datasec:DATASEC/Birds/Birds-0005.wav,train
datasec:DATASEC/Birds/Birds-0006.wav,datasec:DATASEC/Birds/Birds-0006.wav,train
datasec:DATASEC/Birds/Birds-0007.wav,datasec:DATASEC/Birds/Birds-0007.wav,train
datasec:DATASEC/Birds/Birds-0008.wav,datasec:DATASEC/Birds/Birds-0008.wav,train
datasec:DATASEC/Birds/Birds-0009.wav,datasec:DATASEC/Birds/Birds-0009.wav,train
datasec:DATASEC/Birds/Birds-0010.wav,datasec:DATASEC/Birds/Birds-0010.wav,train
datasec:DATASEC/Birds/Birds-0011.wav,datasec:DATASEC/Birds/Birds-0011.wav,train
datasec:DATASEC/Birds/Birds-0012.wav,datasec:DATASEC/Birds/Birds-0012.wav,train
datasec:DATASEC/Birds/Birds-0013.wav,datasec:DATASEC/Birds/Birds-0013.wav,train
datasec:DATASEC/Birds/Birds-0014.wav,datasec:DATASEC/Birds/Birds-0014.wav,test
datasec:DATASEC/Birds/Birds-0015.wav,datasec:DATASEC/Birds/Birds-0015.wav,train
datasec:DATASEC/Birds/Birds-0016.wav,datasec:DATASEC/Birds/Birds-0016.wav,validation
datasec:DATASEC/Birds/Birds-0017.wav,datasec:DATASEC/Birds/Birds-0017.wav,validation
datasec:DATASEC/Birds/Birds-0018.wav,datasec:DATASEC/Birds/Birds-0018.wav,validation
datasec:DATASEC/Birds/Birds-0019.wav,datasec:DATASEC/Birds/Birds-0019.wav,train
datasec:DATASEC/Birds/Birds-0020.wav,datasec:DATASEC/Birds/Birds-0020.wav,train
datasec:DATASEC/Birds/Birds-0021.wav,datasec:DATASEC/Birds/Birds-0021.wav,train
datasec:DATASEC/Birds/Birds-0022.wav,datasec:DATASEC/Birds/Birds-0022.wav,train
datasec:DATASEC/Birds/Birds-0023.wav,datasec:DATASEC/Birds/Birds-0023.wav,train
datasec:DATASEC/Birds/Birds-0024.wav,datasec:DATASEC/Birds/Birds-0024.wav,train
datasec:DATASEC/Birds/Birds-0025.wav,datasec:DATASEC/Birds/Birds-0025.wav,train
datasec:DATASEC/Birds/Birds-0026.wav,datasec:DATASEC/Birds/Birds-0026.wav,train
datasec:DATASEC/Birds/Birds-0027.wav,datasec:DATASEC/Birds/Birds-0027.wav,train
datasec:DATASEC/Birds/Birds-0028.wav,datasec:DATASEC/Birds/Birds-0028.wav,test
datasec:DATASEC/Birds/Birds-0029.wav,datasec:DATASEC/Birds/Birds-0029.wav,train
datasec:DATASEC/Birds/Birds-0030.wav,datasec:DATASEC/Birds/Birds-0030.wav,test
datasec:DATASEC/Birds/Birds-0031.wav,datasec:DATASEC/Birds/Birds-0031.wav,train
datasec:DATASEC/Birds/Birds-0032.wav,datasec:DATASEC/Birds/Birds-0032.wav,train
datasec:DATASEC/Birds/Birds-0033.wav,datasec:DATASEC/Birds/Birds-0033.wav,validation
datasec:DATASEC/Birds/Birds-0034.wav,datasec:DATASEC/Birds/Birds-0034.wav,train
datasec:DATASEC/Birds/Birds-0035.wav,datasec:DATASEC/Birds/Birds-0035.wav,train
datasec:DATASEC/Birds/Birds-0036.wav,datasec:DATASEC/Birds/Birds-0036.wav,train
datasec:DATASEC/Birds/Birds-0037.wav,datasec:DATASEC/Birds/Birds-0037.wav,test
datasec:DATASEC/Birds/Birds-0038.wav,datasec:DATASEC/Birds/Birds-0038.wav,train
datasec:DATASEC/Birds/Birds-0039.wav,datasec:DATASEC/Birds/Birds-0039.wav,validation
datasec:DATASEC/Birds/Birds-0040.wav,datasec:DATASEC/Birds/Birds-0040.wav,train
datasec:DATASEC/Birds/Birds-0041.wav,datasec:DATASEC/Birds/Birds-0041.wav,train
datasec:DATASEC/Birds/Birds-0042.wav,datasec:DATASEC/Birds/Birds-0042.wav,train
datasec:DATASEC/Birds/Birds-0043.wav,datasec:DATASEC/Birds/Birds-0043.wav,test
datasec:DATASEC/Birds/Birds-0044.wav,datasec:DATASEC/Birds/Birds-0044.wav,test
datasec:DATASEC/Birds/Birds-0045.wav,datasec:DATASEC/Birds/Birds-0045.wav,train
datasec:DATASEC/Birds/Birds-0046.wav,datasec:DATASEC/Birds/Birds-0046.wav,train
datasec:DATASEC/Birds/Birds-0047.wav,datasec:DATASEC/Birds/Birds-0047.wav,train
datasec:DATASEC/Birds/Birds-0048.wav,datasec:DATASEC/Birds/Birds-0048.wav,train
datasec:DATASEC/Birds/Birds-0049.wav,datasec:DATASEC/Birds/Birds-0049.wav,train
datasec:DATASEC/Birds/Birds-0050.wav,datasec:DATASEC/Birds/Birds-0050.wav,train
datasec:DATASEC/Birds/Birds-0051.wav,datasec:DATASEC/Birds/Birds-0051.wav,train
datasec:DATASEC/Birds/Birds-0052.wav,datasec:DATASEC/Birds/Birds-0052.wav,train
datasec:DATASEC/Birds/Birds-0053.wav,datasec:DATASEC/Birds/Birds-0053.wav,train
datasec:DATASEC/Birds/Birds-0054.wav,datasec:DATASEC/Birds/Birds-0054.wav,validation
datasec:DATASEC/Birds/Birds-0055.wav,datasec:DATASEC/Birds/Birds-0055.wav,train
datasec:DATASEC/Birds/Birds-0056.wav,datasec:DATASEC/Birds/Birds-0056.wav,train
datasec:DATASEC/Birds/Birds-0057.wav,datasec:DATASEC/Birds/Birds-0057.wav,train
datasec:DATASEC/Birds/Birds-0058.wav,datasec:DATASEC/Birds/Birds-0058.wav,train
datasec:DATASEC/Birds/Birds-0059.wav,datasec:DATASEC/Birds/Birds-0059.wav,test
datasec:DATASEC/Birds/Birds-0060.wav,datasec:DATASEC/Birds/Birds-0060.wav,train
datasec:DATASEC/Birds/Birds-0061.wav,datasec:DATASEC/Birds/Birds-0061.wav,validation
datasec:DATASEC/Birds/Birds-0062.wav,datasec:DATASEC/Birds/Birds-0062.wav,train
datasec:DATASEC/Birds/Birds-0063.wav,datasec:DATASEC/Birds/Birds-0063.wav,test
datasec:DATASEC/Birds/Birds-0064.wav,datasec:DATASEC/Birds/Birds-0064.wav,validation
datasec:DATASEC/Birds/Birds-0065.wav,datasec:DATASEC/Birds/Birds-0065.wav,train
datasec:DATASEC/Birds/Birds-0066.wav,datasec:DATASEC/Birds/Birds-0066.wav,test
datasec:DATASEC/Birds/Birds-0067.wav,datasec:DATASEC/Birds/Birds-0067.wav,test
datasec:DATASEC/Birds/Birds-0068.wav,datasec:DATASEC/Birds/Birds-0068.wav,train
datasec:DATASEC/Birds/Birds-0069.wav,datasec:DATASEC/Birds/Birds-0069.wav,validation
datasec:DATASEC/Cat fights and moans/Cat fights and moans-0001.wav,datasec:DATASEC/Cat fights and moans/Cat fights and moans-0001.wav,validation
datasec:DATASEC/Cat fights and moans/Cat fights and moans-0002.wav,datasec:DATASEC/Cat fights and moans/Cat fights and moans-0002.wav,train
datasec:DATASEC/Cat fights and moans/Cat fights and moans-0003.wav,datasec:DATASEC/Cat fights and moans/Cat fights and moans-0003.wav,validation
datasec:DATASEC/Cat fights and moans/Cat fights and moans-0004.wav,datasec:DATASEC/Cat fights and moans/Cat fights and moans-0004.wav,test
datasec:DATASEC/Cat fights and moans/Cat fights and moans-0005.wav,datasec:DATASEC/Cat fights and moans/Cat fights and moans-0005.wav,train
datasec:DATASEC/Cat fights and moans/Cat fights and moans-0006.wav,datasec:DATASEC/Cat fights and moans/Cat fights and moans-0006.wav,train
datasec:DATASEC/Cat fights and moans/Cat fights and moans-0007.wav,datasec:DATASEC/Cat fights and moans/Cat fights and moans-0007.wav,train
datasec:DATASEC/Cat fights and moans/Cat fights and moans-0008.wav,datasec:DATASEC/Cat fights and moans/Cat fights and moans-0008.wav,train
datasec:DATASEC/Cat fights and moans/Cat fights and moans-0009.wav,datasec:DATASEC/Cat fights and moans/Cat fights and moans-0009.wav,train
datasec:DATASEC/Cat fights and moans/Cat fights and moans-0010.wav,datasec:DATASEC/Cat fights and moans/Cat fights and moans-0010.wav,test
datasec:DATASEC/Cat fights and moans/Cat fights and moans-0011.wav,datasec:DATASEC/Cat fights and moans/Cat fights and moans-0011.wav,validation
datasec:DATASEC/Cat fights and moans/Cat fights and moans-0012.wav,datasec:DATASEC/Cat fights and moans/Cat fights and moans-0012.wav,validation
datasec:DATASEC/Cat fights and moans/Cat fights and moans-0013.wav,datasec:DATASEC/Cat fights and moans/Cat fights and moans-0013.wav,test
datasec:DATASEC/Cat fights and moans/Cat fights and moans-0015.wav,datasec:DATASEC/Cat fights and moans/Cat fights and moans-0009.wav,train
datasec:DATASEC/Cat fights and moans/Cat fights and moans-0016.wav,datasec:DATASEC/Cat fights and moans/Cat fights and moans-0016.wav,train
datasec:DATASEC/Cat fights and moans/Cat fights and moans-0017.wav,datasec:DATASEC/Cat fights and moans/Cat fights and moans-0017.wav,validation
datasec:DATASEC/Cat fights and moans/Cat fights and moans-0018.wav,datasec:DATASEC/Cat fights and moans/Cat fights and moans-0018.wav,train
datasec:DATASEC/Cat fights and moans/Cat fights and moans-0019.wav,datasec:DATASEC/Cat fights and moans/Cat fights and moans-0019.wav,test
datasec:DATASEC/Cat fights and moans/Cat fights and moans-0020.wav,datasec:DATASEC/Cat fights and moans/Cat fights and moans-0020.wav,train
datasec:DATASEC/Cat fights and moans/Cat fights and moans-0021.wav,datasec:DATASEC/Cat fights and moans/Cat fights and moans-0021.wav,train
datasec:DATASEC/Cat fights and moans/Cat fights and moans-0022.wav,datasec:DATASEC/Cat fights and moans/Cat fights and moans-0022.wav,test
datasec:DATASEC/Cat fights and moans/Cat fights and moans-0023.wav,datasec:DATASEC/Cat fights and moans/Cat fights and moans-0023.wav,train
datasec:DATASEC/Cat fights and moans/Cat fights and moans-0024.wav,datasec:DATASEC/Cat fights and moans/Cat fights and moans-0024.wav,train
datasec:DATASEC/Cat fights and moans/Cat fights and moans-0025.wav,datasec:DATASEC/Cat fights and moans/Cat fights and moans-0025.wav,train
datasec:DATASEC/Cat fights and moans/Cat fights and moans-0026.wav,datasec:DATASEC/Cat fights and moans/Cat fights and moans-0026.wav,train
datasec:DATASEC/Cat fights and moans/Cat fights and moans-0027.wav,datasec:DATASEC/Cat fights and moans/Cat fights and moans-0027.wav,train
datasec:DATASEC/Cat fights and moans/Cat fights and moans-0028.wav,datasec:DATASEC/Cat fights and moans/Cat fights and moans-0028.wav,train
datasec:DATASEC/Cat fights and moans/Cat fights and moans-0029.wav,datasec:DATASEC/Cat fights and moans/Cat fights and moans-0029.wav,train
datasec:DATASEC/Cat fights and moans/Cat fights and moans-0030.wav,datasec:DATASEC/Cat fights and moans/Cat fights and moans-0030.wav,validation
datasec:DATASEC/Cat fights and moans/Cat fights and moans-0031.wav,datasec:DATASEC/Cat fights and moans/Cat fights and moans-0031.wav,train
datasec:DATASEC/Cat fights and moans/Cat fights and moans-0032.wav,datasec:DATASEC/Cat fights and moans/Cat fights and moans-0032.wav,train
datasec:DATASEC/Cat fights and moans/Cat fights and moans-0033.wav,datasec:DATASEC/Cat fights and moans/Cat fights and moans-0033.wav,test
datasec:DATASEC/Cat fights and moans/Cat fights and moans-0034.wav,datasec:DATASEC/Cat fights and moans/Cat fights and moans-0034.wav,train
datasec:DATASEC/Cat fights and moans/Cat fights and moans-0035.wav,datasec:DATASEC/Cat fights and moans/Cat fights and moans-0035.wav,train
datasec:DATASEC/Cat fights and moans/Cat fights and moans-0036.wav,datasec:DATASEC/Cat fights and moans/Cat fights and moans-0036.wav,validation
datasec:DATASEC/Cat fights and moans/Cat fights and moans-0038.wav,datasec:DATASEC/Cat fights and moans/Cat fights and moans-0038.wav,train
datasec:DATASEC/Cat fights and moans/Cat fights and moans-0039.wav,datasec:DATASEC/Cat fights and moans/Cat fights and moans-0039.wav,train
datasec:DATASEC/Cat fights and moans/Cat fights and moans-0040.wav,datasec:DATASEC/Cat fights and moans/Cat fights and moans-0040.wav,train
datasec:DATASEC/Cat fights and moans/Cat fights and moans-0041.wav,datasec:DATASEC/Cat fights and moans/Cat fights and moans-0041.wav,train
datasec:DATASEC/Cat fights and moans/Cat fights and moans-0042.wav,datasec:DATASEC/Cat fights and moans/Cat fights and moans-0042.wav,train
datasec:DATASEC/Cat fights and moans/Cat fights and moans-0043.wav,datasec:DATASEC/Cat fights and moans/Cat fights and moans-0043.wav,train
datasec:DATASEC/Cat fights and moans/Cat fights and moans-0044.wav,datasec:DATASEC/Cat fights and moans/Cat fights and moans-0044.wav,train
datasec:DATASEC/Cat fights and moans/Cat fights and moans-0045.wav,datasec:DATASEC/Cat fights and moans/Cat fights and moans-0045.wav,train
datasec:DATASEC/Cat fights and moans/Cat fights and moans-0046.wav,datasec:DATASEC/Cat fights and moans/Cat fights and moans-0046.wav,test
datasec:DATASEC/Cat fights and moans/Cat fights and moans-0047.wav,datasec:DATASEC/Cat fights and moans/Cat fights and moans-0047.wav,train
datasec:DATASEC/Cat fights and moans/Cat fights and moans-0048.wav,datasec:DATASEC/Cat fights and moans/Cat fights and moans-0048.wav,train
datasec:DATASEC/Cat fights and moans/Cat fights and moans-0049.wav,datasec:DATASEC/Cat fights and moans/Cat fights and moans-0049.wav,train
datasec:DATASEC/Cat fights and moans/Cat fights and moans-0050.wav,datasec:DATASEC/Cat fights and moans/Cat fights and moans-0050.wav,train
datasec:DATASEC/Chicken coop/Chicken coop-0001.wav,datasec:DATASEC/Chicken coop/Chicken coop-0001.wav,train
datasec:DATASEC/Chicken coop/Chicken coop-0002.wav,datasec:DATASEC/Chicken coop/Chicken coop-0002.wav,train
datasec:DATASEC/Chicken coop/Chicken coop-0003.wav,datasec:DATASEC/Chicken coop/Chicken coop-0003.wav,train
datasec:DATASEC/Chicken coop/Chicken coop-0004.wav,datasec:DATASEC/Chicken coop/Chicken coop-0004.wav,test
datasec:DATASEC/Chicken coop/Chicken coop-0005.wav,datasec:DATASEC/Chicken coop/Chicken coop-0005.wav,validation
datasec:DATASEC/Chicken coop/Chicken coop-0006.wav,datasec:DATASEC/Chicken coop/Chicken coop-0006.wav,train
datasec:DATASEC/Chicken coop/Chicken coop-0007.wav,datasec:DATASEC/Chicken coop/Chicken coop-0007.wav,test
datasec:DATASEC/Chicken coop/Chicken coop-0008.wav,datasec:DATASEC/Chicken coop/Chicken coop-0008.wav,train
datasec:DATASEC/Chicken coop/Chicken coop-0009.wav,datasec:DATASEC/Chicken coop/Chicken coop-0009.wav,train
datasec:DATASEC/Chicken coop/Chicken coop-0010.wav,datasec:DATASEC/Chicken coop/Chicken coop-0010.wav,train
datasec:DATASEC/Chicken coop/Chicken coop-0011.wav,datasec:DATASEC/Chicken coop/Chicken coop-0011.wav,train
datasec:DATASEC/Chicken coop/Chicken coop-0012.wav,datasec:DATASEC/Chicken coop/Chicken coop-0012.wav,train
datasec:DATASEC/Chicken coop/Chicken coop-0013.wav,datasec:DATASEC/Chicken coop/Chicken coop-0013.wav,train
datasec:DATASEC/Chicken coop/Chicken coop-0014.wav,datasec:DATASEC/Chicken coop/Chicken coop-0014.wav,train
datasec:DATASEC/Chicken coop/Chicken coop-0015.wav,datasec:DATASEC/Chicken coop/Chicken coop-0015.wav,train
datasec:DATASEC/Chicken coop/Chicken coop-0016.wav,datasec:DATASEC/Chicken coop/Chicken coop-0016.wav,test
datasec:DATASEC/Chicken coop/Chicken coop-0017.wav,datasec:DATASEC/Chicken coop/Chicken coop-0017.wav,validation
datasec:DATASEC/Chicken coop/Chicken coop-0018.wav,datasec:DATASEC/Chicken coop/Chicken coop-0018.wav,train
datasec:DATASEC/Chicken coop/Chicken coop-0019.wav,datasec:DATASEC/Chicken coop/Chicken coop-0019.wav,train
datasec:DATASEC/Chicken coop/Chicken coop-0020.wav,datasec:DATASEC/Chicken coop/Chicken coop-0020.wav,train
datasec:DATASEC/Chicken coop/Chicken coop-0021.wav,datasec:DATASEC/Chicken coop/Chicken coop-0021.wav,train
datasec:DATASEC/Chicken coop/Chicken coop-0022.wav,datasec:DATASEC/Chicken coop/Chicken coop-0022.wav,test
datasec:DATASEC/Chicken coop/Chicken coop-0023.wav,datasec:DATASEC/Chicken coop/Chicken coop-0023.wav,train
datasec:DATASEC/Chicken coop/Chicken coop-0024.wav,datasec:DATASEC/Chicken coop/Chicken coop-0024.wav,test
datasec:DATASEC/Chicken coop/Chicken coop-0025.wav,datasec:DATASEC/Chicken coop/Chicken coop-0025.wav,test
datasec:DATASEC/Chicken coop/Chicken coop-0026.wav,datasec:DATASEC/Chicken coop/Chicken coop-0026.wav,train
datasec:DATASEC/Chicken coop/Chicken coop-0027.wav,datasec:DATASEC/Chicken coop/Chicken coop-0027.wav,train
datasec:DATASEC/Chicken coop/Chicken coop-0028.wav,datasec:DATASEC/Chicken coop/Chicken coop-0028.wav,train
datasec:DATASEC/Chicken coop/Chicken coop-0029.wav,datasec:DATASEC/Chicken coop/Chicken coop-0029.wav,test
datasec:DATASEC/Chicken coop/Chicken coop-0030.wav,datasec:DATASEC/Chicken coop/Chicken coop-0030.wav,train
datasec:DATASEC/Chicken coop/Chicken coop-0031.wav,datasec:DATASEC/Chicken coop/Chicken coop-0031.wav,train
datasec:DATASEC/Chicken coop/Chicken coop-0032.wav,datasec:DATASEC/Chicken coop/Chicken coop-0032.wav,validation
datasec:DATASEC/Chicken coop/Chicken coop-0033.wav,datasec:DATASEC/Chicken coop/Chicken coop-0033.wav,train
datasec:DATASEC/Chicken coop/Chicken coop-0034.wav,datasec:DATASEC/Chicken coop/Chicken coop-0034.wav,train
datasec:DATASEC/Chicken coop/Chicken coop-0035.wav,datasec:DATASEC/Chicken coop/Chicken coop-0035.wav,train
datasec:DATASEC/Chicken coop/Chicken coop-0036.wav,datasec:DATASEC/Chicken coop/Chicken coop-0036.wav,train
datasec:DATASEC/Chicken coop/Chicken coop-0037.wav,datasec:DATASEC/Chicken coop/Chicken coop-0037.wav,train
datasec:DATASEC/Chicken coop/Chicken coop-0038.wav,datasec:DATASEC/Chicken coop/Chicken coop-0038.wav,test
datasec:DATASEC/Chicken coop/Chicken coop-0039.wav,datasec:DATASEC/Chicken coop/Chicken coop-0039.wav,train
datasec:DATASEC/Chicken coop/Chicken coop-0040.wav,datasec:DATASEC/Chicken coop/Chicken coop-0040.wav,train
datasec:DATASEC/Chicken coop/Chicken coop-0041.wav,datasec:DATASEC/Chicken coop/Chicken coop-0041.wav,train
datasec:DATASEC/Chicken coop/Chicken coop-0042.wav,datasec:DATASEC/Chicken coop/Chicken coop-0042.wav,validation
datasec:DATASEC/Chicken coop/Chicken coop-0043.wav,datasec:DATASEC/Chicken coop/Chicken coop-0043.wav,train
datasec:DATASEC/Chicken coop/Chicken coop-0044.wav,datasec:DATASEC/Chicken coop/Chicken coop-0044.wav,train
datasec:DATASEC/Chicken coop/Chicken coop-0045.wav,datasec:DATASEC/Chicken coop/Chicken coop-0045.wav,test
datasec:DATASEC/Chicken coop/Chicken coop-0046.wav,datasec:DATASEC/Chicken coop/Chicken coop-0046.wav,train
datasec:DATASEC/Chicken coop/Chicken coop-0047.wav,datasec:DATASEC/Chicken coop/Chicken coop-0047.wav,train
datasec:DATASEC/Chicken coop/Chicken coop-0048.wav,datasec:DATASEC/Chicken coop/Chicken coop-0048.wav,train
datasec:DATASEC/Chicken coop/Chicken coop-0049.wav,datasec:DATASEC/Chicken coop/Chicken coop-0049.wav,validation
datasec:DATASEC/Chicken coop/Chicken coop-0050.wav,datasec:DATASEC/Chicken coop/Chicken coop-0050.wav,validation
datasec:DATASEC/Chicken coop/Chicken coop-0051.wav,datasec:DATASEC/Chicken coop/Chicken coop-0051.wav,train
datasec:DATASEC/Chicken coop/Chicken coop-0052.wav,datasec:DATASEC/Chicken coop/Chicken coop-0052.wav,train
datasec:DATASEC/Chicken coop/Chicken coop-0053.wav,datasec:DATASEC/Chicken coop/Chicken coop-0053.wav,train
datasec:DATASEC/Chicken coop/Chicken coop-0054.wav,datasec:DATASEC/Chicken coop/Chicken coop-0054.wav,train
datasec:DATASEC/Chicken coop/Chicken coop-0055.wav,datasec:DATASEC/Chicken coop/Chicken coop-0055.wav,validation
datasec:DATASEC/Chicken coop/Chicken coop-0056.wav,datasec:DATASEC/Chicken coop/Chicken coop-0056.wav,train
datasec:DATASEC/Chicken coop/Chicken coop-0057.wav,datasec:DATASEC/Chicken coop/Chicken coop-0057.wav,train
datasec:DATASEC/Chicken coop/Chicken coop-0058.wav,datasec:DATASEC/Chicken coop/Chicken coop-0058.wav,validation
datasec:DATASEC/Cicadas and crickets/Cicadas/Cicadas-0001.wav,datasec:DATASEC/Cicadas and crickets/Cicadas/Cicadas-0001.wav,train
datasec:DATASEC/Cicadas and crickets/Cicadas/Cicadas-0002.wav,datasec:DATASEC/Cicadas and crickets/Cicadas/Cicadas-0002.wav,train
datasec:DATASEC/Cicadas and crickets/Cicadas/Cicadas-0003.wav,datasec:DATASEC/Cicadas and crickets/Cicadas/Cicadas-0003.wav,train
datasec:DATASEC/Cicadas and crickets/Cicadas/Cicadas-0004.wav,datasec:DATASEC/Cicadas and crickets/Cicadas/Cicadas-0004.wav,validation
datasec:DATASEC/Cicadas and crickets/Cicadas/Cicadas-0005.wav,datasec:DATASEC/Cicadas and crickets/Cicadas/Cicadas-0005.wav,train
datasec:DATASEC/Cicadas and crickets/Cicadas/Cicadas-0006.wav,datasec:DATASEC/Cicadas and crickets/Cicadas/Cicadas-0006.wav,train
datasec:DATASEC/Cicadas and crickets/Cicadas/Cicadas-0007.wav,datasec:DATASEC/Cicadas and crickets/Cicadas/Cicadas-0007.wav,test
datasec:DATASEC/Cicadas and crickets/Cicadas/Cicadas-0008.wav,datasec:DATASEC/Cicadas and crickets/Cicadas/Cicadas-0008.wav,train
datasec:DATASEC/Cicadas and crickets/Cicadas/Cicadas-0009.wav,datasec:DATASEC/Cicadas and crickets/Cicadas/Cicadas-0009.wav,train
datasec:DATASEC/Cicadas and crickets/Cicadas/Cicadas-0010.wav,datasec:DATASEC/Cicadas and crickets/Cicadas/Cicadas-0010.wav,train
datasec:DATASEC/Cicadas and crickets/Cicadas/Cicadas-0011.wav,datasec:DATASEC/Cicadas and crickets/Cicadas/Cicadas-0011.wav,train
datasec:DATASEC/Cicadas and crickets/Cicadas/Cicadas-0012.wav,datasec:DATASEC/Cicadas and crickets/Cicadas/Cicadas-0012.wav,train
datasec:DATASEC/Cicadas and crickets/Cicadas/Cicadas-0013.wav,datasec:DATASEC/Cicadas and crickets/Cicadas/Cicadas-0013.wav,train
datasec:DATASEC/Cicadas and crickets/Cicadas/Cicadas-0014.wav,datasec:DATASEC/Cicadas and crickets/Cicadas/Cicadas-0014.wav,train
datasec:DATASEC/Cicadas and crickets/Cicadas/Cicadas-0015.wav,datasec:DATASEC/Cicadas and crickets/Cicadas/Cicadas-0015.wav,train
datasec:DATASEC/Cicadas and crickets/Cicadas/Cicadas-0016.wav,datasec:DATASEC/Cicadas and crickets/Cicadas/Cicadas-0016.wav,train
datasec:DATASEC/Cicadas and crickets/Cicadas/Cicadas-0017.wav,datasec:DATASEC/Cicadas and crickets/Cicadas/Cicadas-0017.wav,train
datasec:DATASEC/Cicadas and crickets/Cicadas/Cicadas-0018.wav,datasec:DATASEC/Cicadas and crickets/Cicadas/Cicadas-0018.wav,test
datasec:DATASEC/Cicadas and crickets/Cicadas/Cicadas-0019.wav,datasec:DATASEC/Cicadas and crickets/Cicadas/Cicadas-0019.wav,train
datasec:DATASEC/Cicadas and crickets/Cicadas/Cicadas-0020.wav,datasec:DATASEC/Cicadas and crickets/Cicadas/Cicadas-0020.wav,train
datasec:DATASEC/Cicadas and crickets/Cicadas/Cicadas-0021.wav,datasec:DATASEC/Cicadas and crickets/Cicadas/Cicadas-0021.wav,train
datasec:DATASEC/Cicadas and crickets/Cicadas/Cicadas-0022.wav,datasec:DATASEC/Cicadas and crickets/Cicadas/Cicadas-0022.wav,train
datasec:DATASEC/Cicadas and crickets/Cicadas/Cicadas-0023.wav,datasec:DATASEC/Cicadas and crickets/Cicadas/Cicadas-0023.wav,validation
datasec:DATASEC/Cicadas and crickets/Cicadas/Cicadas-0025.wav,datasec:DATASEC/Cicadas and crickets/Cicadas/Cicadas-0023.wav,validation
datasec:DATASEC/Cicadas and crickets/Cicadas/Cicadas-0026.wav,datasec:DATASEC/Cicadas and crickets/Cicadas/Cicadas-0026.wav,train
datasec:DATASEC/Cicadas and crickets/Cicadas/Cicadas-0027.wav,datasec:DATASEC/Cicadas and crickets/Cicadas/Cicadas-0027.wav,train
datasec:DATASEC/Cicadas and crickets/Cicadas/Cicadas-0028.wav,datasec:DATASEC/Cicadas and crickets/Cicadas/Cicadas-0028.wav,train
datasec:DATASEC/Cicadas and crickets/Cicadas/Cicadas-0029.wav,datasec:DATASEC/Cicadas and crickets/Cicadas/Cicadas-0029.wav,test
datasec:DATASEC/Cicadas and crickets/Cicadas/Cicadas-0030.wav,datasec:DATASEC/Cicadas and crickets/Cicadas/Cicadas-0030.wav,train
datasec:DATASEC/Cicadas and crickets/Cicadas/Cicadas-0031.wav,datasec:DATASEC/Cicadas and crickets/Cicadas/Cicadas-0031.wav,train
datasec:DATASEC/Cicadas and crickets/Cicadas/Cicadas-0032.wav,datasec:DATASEC/Cicadas and crickets/Cicadas/Cicadas-0032.wav,test
datasec:DATASEC/Cicadas and crickets/Cicadas/Cicadas-0033.wav,datasec:DATASEC/Cicadas and crickets/Cicadas/Cicadas-0033.wav,train
datasec:DATASEC/Cicadas and crickets/Cicadas/Cicadas-0034.wav,datasec:DATASEC/Cicadas and crickets/Cicadas/Cicadas-0034.wav,test
datasec:DATASEC/Cicadas and crickets/Cicadas/Cicadas-0035.wav,datasec:DATASEC/Cicadas and crickets/Cicadas/Cicadas-0035.wav,test
datasec:DATASEC/Cicadas and crickets/Cicadas/Cicadas-0036.wav,datasec:DATASEC/Cicadas and crickets/Cicadas/Cicadas-0036.wav,train
datasec:DATASEC/Cicadas and crickets/Cicadas/Cicadas-0037.wav,datasec:DATASEC/Cicadas and crickets/Cicadas/Cicadas-0037.wav,train
datasec:DATASEC/Cicadas and crickets/Cicadas/Cicadas-0038.wav,datasec:DATASEC/Cicadas and crickets/Cicadas/Cicadas-0038.wav,train
datasec:DATASEC/Cicadas and crickets/Cicadas/Cicadas-0039.wav,datasec:DATASEC/Cicadas and crickets/Cicadas/Cicadas-0039.wav,train
datasec:DATASEC/Cicadas and crickets/Cicadas/Cicadas-0040.wav,datasec:DATASEC/Cicadas and crickets/Cicadas/Cicadas-0040.wav,train
datasec:DATASEC/Cicadas and crickets/Cicadas/Cicadas-0041.wav,datasec:DATASEC/Cicadas and crickets/Cicadas/Cicadas-0041.wav,validation
datasec:DATASEC/Cicadas and crickets/Cicadas/Cicadas-0042.wav,datasec:DATASEC/Cicadas and crickets/Cicadas/Cicadas-0042.wav,validation
datasec:DATASEC/Cicadas and crickets/Cicadas/Cicadas-0043.wav,datasec:DATASEC/Cicadas and crickets/Cicadas/Cicadas-0043.wav,train
datasec:DATASEC/Cicadas and crickets/Cicadas/Cicadas-0044.wav,datasec:DATASEC/Cicadas and crickets/Cicadas/Cicadas-0044.wav,train
datasec:DATASEC/Cicadas and crickets/Cicadas/Cicadas-0045.wav,datasec:DATASEC/Cicadas and crickets/Cicadas/Cicadas-0045.wav,validation
datasec:DATASEC/Cicadas and crickets/Cicadas/Cicadas-0046.wav,datasec:DATASEC/Cicadas and crickets/Cicadas/Cicadas-0046.wav,validation
datasec:DATASEC/Cicadas and crickets/Cicadas/Cicadas-0047.wav,datasec:DATASEC/Cicadas and crickets/Cicadas/Cicadas-0047.wav,test
datasec:DATASEC/Cicadas and crickets/Cicadas/Cicadas-0048.wav,datasec:DATASEC/Cicadas and crickets/Cicadas/Cicadas-0048.wav,test
datasec:DATASEC/Cicadas and crickets/Cicadas/Cicadas-0049.wav,datasec:DATASEC/Cicadas and crickets/Cicadas/Cicadas-0049.wav,train
datasec:DATASEC/Cicadas and crickets/Cicadas/Cicadas-0053.wav,datasec:DATASEC/Cicadas and crickets/Cicadas/Cicadas-0053.wav,validation
datasec:DATASEC/Cicadas and crickets/Cicadas/Cicadas-0054.wav,datasec:DATASEC/Cicadas and crickets/Cicadas/Cicadas-0054.wav,train
datasec:DATASEC/Cicadas and crickets/Crickets/Crickets-0001.wav,datasec:DATASEC/Cicadas and crickets/Crickets/Crickets-0001.wav,validation
datasec:DATASEC/Cicadas and crickets/Crickets/Crickets-0002.wav,datasec:DATASEC/Cicadas and crickets/Crickets/Crickets-0002.wav,train
datasec:DATASEC/Cicadas and crickets/Crickets/Crickets-0003.wav,datasec:DATASEC/Cicadas and crickets/Crickets/Crickets-0003.wav,validation
datasec:DATASEC/Cicadas and crickets/Crickets/Crickets-0004.wav,datasec:DATASEC/Cicadas and crickets/Crickets/Crickets-0004.wav,test
datasec:DATASEC/Cicadas and crickets/Crickets/Crickets-0005.wav,datasec:DATASEC/Cicadas and crickets/Crickets/Crickets-0005.wav,validation
datasec:DATASEC/Cicadas and crickets/Crickets/Crickets-0006.wav,datasec:DATASEC/Cicadas and crickets/Crickets/Crickets-0006.wav,train
datasec:DATASEC/Cicadas and crickets/Crickets/Crickets-0007.wav,datasec:DATASEC/Cicadas and crickets/Crickets/Crickets-0007.wav,train
datasec:DATASEC/Cicadas and crickets/Crickets/Crickets-0008.wav,datasec:DATASEC/Cicadas and crickets/Crickets/Crickets-0008.wav,train
datasec:DATASEC/Cicadas and crickets/Crickets/Crickets-0009.wav,datasec:DATASEC/Cicadas and crickets/Crickets/Crickets-0009.wav,train
datasec:DATASEC/Cicadas and crickets/Crickets/Crickets-0010.wav,datasec:DATASEC/Cicadas and crickets/Crickets/Crickets-0010.wav,train
datasec:DATASEC/Cicadas and crickets/Crickets/Crickets-0011.wav,datasec:DATASEC/Cicadas and crickets/Crickets/Crickets-0011.wav,test
datasec:DATASEC/Cicadas and crickets/Crickets/Crickets-0012.wav,datasec:DATASEC/Cicadas and crickets/Crickets/Crickets-0012.wav,train
datasec:DATASEC/Cicadas and crickets/Crickets/Crickets-0013.wav,datasec:DATASEC/Cicadas and crickets/Crickets/Crickets-0013.wav,train
datasec:DATASEC/Cicadas and crickets/Crickets/Crickets-0014.wav,datasec:DATASEC/Cicadas and crickets/Crickets/Crickets-0014.wav,train
datasec:DATASEC/Cicadas and crickets/Crickets/Crickets-0015.wav,datasec:DATASEC/Cicadas and crickets/Crickets/Crickets-0015.wav,train
datasec:DATASEC/Cicadas and crickets/Crickets/Crickets-0016.wav,datasec:DATASEC/Cicadas and crickets/Crickets/Crickets-0016.wav,test
datasec:DATASEC/Cicadas and crickets/Crickets/Crickets-0017.wav,datasec:DATASEC/Cicadas and crickets/Crickets/Crickets-0017.wav,train
datasec:DATASEC/Cicadas and crickets/Crickets/Crickets-0018.wav,datasec:DATASEC/Cicadas and crickets/Crickets/Crickets-0018.wav,train
datasec:DATASEC/Cicadas and crickets/Crickets/Crickets-0019.wav,datasec:DATASEC/Cicadas and crickets/Crickets/Crickets-0019.wav,train
datasec:DATASEC/Cicadas and crickets/Crickets/Crickets-0020.wav,datasec:DATASEC/Cicadas and crickets/Crickets/Crickets-0020.wav,train
datasec:DATASEC/Crows seagulls and magpies/Crows/Crows-0001.wav,datasec:DATASEC/Crows seagulls and magpies/Crows/Crows-0001.wav,train
datasec:DATASEC/Crows seagulls and magpies/Crows/Crows-0002.wav,datasec:DATASEC/Crows seagulls and magpies/Crows/Crows-0002.wav,test
datasec:DATASEC/Crows seagulls and magpies/Crows/Crows-0003.wav,datasec:DATASEC/Crows seagulls and magpies/Crows/Crows-0003.wav,train
datasec:DATASEC/Crows seagulls and magpies/Crows/Crows-0004.wav,datasec:DATASEC/Crows seagulls and magpies/Crows/Crows-0004.wav,train
datasec:DATASEC/Crows seagulls and magpies/Crows/Crows-0005.wav,datasec:DATASEC/Crows seagulls and magpies/Crows/Crows-0005.wav,test
datasec:DATASEC/Crows seagulls and magpies/Crows/Crows-0006.wav,datasec:DATASEC/Crows seagulls and magpies/Crows/Crows-0006.wav,train
datasec:DATASEC/Crows seagulls and magpies/Crows/Crows-0007.wav,datasec:DATASEC/Crows seagulls and magpies/Crows/Crows-0007.wav,train
datasec:DATASEC/Crows seagulls and magpies/Crows/Crows-0008.wav,datasec:DATASEC/Crows seagulls and magpies/Crows/Crows-0008.wav,train
datasec:DATASEC/Crows seagulls and magpies/Crows/Crows-0009.wav,datasec:DATASEC/Crows seagulls and magpies/Crows/Crows-0009.wav,train
datasec:DATASEC/Crows seagulls and magpies/Crows/Crows-0010.wav,datasec:DATASEC/Crows seagulls and magpies/Crows/Crows-0010.wav,train
datasec:DATASEC/Crows seagulls and magpies/Crows/Crows-0011.wav,datasec:DATASEC/Crows seagulls and magpies/Crows/Crows-0011.wav,train
datasec:DATASEC/Crows seagulls and magpies/Crows/Crows-0012.wav,datasec:DATASEC/Crows seagulls and magpies/Crows/Crows-0012.wav,train
datasec:DATASEC/Crows seagulls and magpies/Crows/Crows-0013.wav,datasec:DATASEC/Crows seagulls and magpies/Crows/Crows-0013.wav,train
datasec:DATASEC/Crows seagulls and magpies/Crows/Crows-0014.wav,datasec:DATASEC/Crows seagulls and magpies/Crows/Crows-0014.wav,train
datasec:DATASEC/Crows seagulls and magpies/Crows/Crows-0015.wav,datasec:DATASEC/Crows seagulls and magpies/Crows/Crows-0015.wav,train
datasec:DATASEC/Crows seagulls and magpies/Crows/Crows-0016.wav,datasec:DATASEC/Crows seagulls and magpies/Crows/Crows-0016.wav,test
datasec:DATASEC/Crows seagulls and magpies/Crows/Crows-0018.wav,datasec:DATASEC/Crows seagulls and magpies/Crows/Crows-0016.wav,test
datasec:DATASEC/Crows seagulls and magpies/Crows/Crows-0019.wav,datasec:DATASEC/Crows seagulls and magpies/Crows/Crows-0019.wav,validation
datasec:DATASEC/Crows seagulls and magpies/Crows/Crows-0020.wav,datasec:DATASEC/Crows seagulls and magpies/Crows/Crows-0020.wav,train
datasec:DATASEC/Crows seagulls and magpies/Crows/Crows-0021.wav,datasec:DATASEC/Crows seagulls and magpies/Crows/Crows-0021.wav,train
datasec:DATASEC/Crows seagulls and magpies/Crows/Crows-0022.wav,datasec:DATASEC/Crows seagulls and magpies/Crows/Crows-0022.wav,validation
datasec:DATASEC/Crows seagulls and magpies/Crows/Crows-0023.wav,datasec:DATASEC/Crows seagulls and magpies/Crows/Crows-0023.wav,train
datasec:DATASEC/Crows seagulls and magpies/Crows/Crows-0024.wav,datasec:DATASEC/Crows seagulls and magpies/Crows/Crows-0024.wav,validation
datasec:DATASEC/Crows seagulls and magpies/Crows/Crows-0025.wav,datasec:DATASEC/Crows seagulls and magpies/Crows/Crows-0025.wav,train
datasec:DATASEC/Crows seagulls and magpies/Crows/Crows-0026.wav,datasec:DATASEC/Crows seagulls and magpies/Crows/Crows-0026.wav,validation
datasec:DATASEC/Crows seagulls and magpies/Crows/Crows-0027.wav,datasec:DATASEC/Crows seagulls and magpies/Crows/Crows-0027.wav,train
datasec:DATASEC/Crows seagulls and magpies/Crows/Crows-0028.wav,datasec:DATASEC/Crows seagulls and magpies/Crows/Crows-0028.wav,test
datasec:DATASEC/Crows seagulls and magpies/Crows/Crows-0029.wav,datasec:DATASEC/Crows seagulls and magpies/Crows/Crows-0029.wav,train
datasec:DATASEC/Crows seagulls and magpies/Crows/Crows-0030.wav,datasec:DATASEC/Crows seagulls and magpies/Crows/Crows-0030.wav,train
datasec:DATASEC/Crows seagulls and magpies/Crows/Crows-0031.wav,datasec:DATASEC/Crows seagulls and magpies/Crows/Crows-0031.wav,test
datasec:DATASEC/Crows seagulls and magpies/Crows/Crows-0032.wav,datasec:DATASEC/Crows seagulls and magpies/Crows/Crows-0032.wav,train
datasec:DATASEC/Crows seagulls and magpies/Crows/Crows-0033.wav,datasec:DATASEC/Crows seagulls and magpies/Crows/Crows-0033.wav,train
datasec:DATASEC/Crows seagulls and magpies/Crows/Crows-0034.wav,datasec:DATASEC/Crows seagulls and magpies/Crows/Crows-0034.wav,train
datasec:DATASEC/Crows seagulls and magpies/Crows/Crows-0035.wav,datasec:DATASEC/Crows seagulls and magpies/Crows/Crows-0035.wav,train
datasec:DATASEC/Crows seagulls and magpies/Crows/Crows-0036.wav,datasec:DATASEC/Crows seagulls and magpies/Crows/Crows-0036.wav,test
datasec:DATASEC/Crows seagulls and magpies/Crows/Crows-0037.wav,datasec:DATASEC/Crows seagulls and magpies/Crows/Crows-0037.wav,train
datasec:DATASEC/Crows seagulls and magpies/Crows/Crows-0038.wav,datasec:DATASEC/Crows seagulls and magpies/Crows/Crows-0038.wav,train
datasec:DATASEC/Crows seagulls and magpies/Crows/Crows-0039.wav,datasec:DATASEC/Crows seagulls and magpies/Crows/Crows-0039.wav,train
datasec:DATASEC/Crows seagulls and magpies/Crows/Crows-0041.wav,datasec:DATASEC/Crows seagulls and magpies/Crows/Crows-0041.wav,validation
datasec:DATASEC/Crows seagulls and magpies/Crows/Crows-0042.wav,datasec:DATASEC/Crows seagulls and magpies/Crows/Crows-0042.wav,train
datasec:DATASEC/Crows seagulls and magpies/Crows/Crows-0043.wav,datasec:DATASEC/Crows seagulls and magpies/Crows/Crows-0043.wav,train
datasec:DATASEC/Crows seagulls and magpies/Crows/Crows-0044.wav,datasec:DATASEC/Crows seagulls and magpies/Crows/Crows-0044.wav,validation
datasec:DATASEC/Crows seagulls and magpies/Crows/Crows-0045.wav,datasec:DATASEC/Crows seagulls and magpies/Crows/Crows-0045.wav,test
datasec:DATASEC/Crows seagulls and magpies/Crows/Crows-0046.wav,datasec:DATASEC/Crows seagulls and magpies/Crows/Crows-0046.wav,train
datasec:DATASEC/Crows seagulls and magpies/Crows/Crows-0047.wav,datasec:DATASEC/Crows seagulls and magpies/Crows/Crows-0047.wav,train
datasec:DATASEC/Crows seagulls and magpies/Crows/Crows-0048.wav,datasec:DATASEC/Crows seagulls and magpies/Crows/Crows-0048.wav,validation
datasec:DATASEC/Crows seagulls and magpies/Crows/Crows-0049.wav,datasec:DATASEC/Crows seagulls and magpies/Crows/Crows-0049.wav,train
datasec:DATASEC/Crows seagulls and magpies/Magpies/Magpies-0001.wav,datasec:DATASEC/Crows seagulls and magpies/Magpies/Magpies-0001.wav,train
datasec:DATASEC/Crows seagulls and magpies/Magpies/Magpies-0002.wav,datasec:DATASEC/Crows seagulls and magpies/Magpies/Magpies-0002.wav,validation
datasec:DATASEC/Crows seagulls and magpies/Magpies/Magpies-0003.wav,datasec:DATASEC/Crows seagulls and magpies/Magpies/Magpies-0003.wav,train
datasec:DATASEC/Crows seagulls and magpies/Magpies/Magpies-0005.wav,datasec:DATASEC/Crows seagulls and magpies/Magpies/Magpies-0005.wav,train
datasec:DATASEC/Crows seagulls and magpies/Magpies/Magpies-0006.wav,datasec:DATASEC/Crows seagulls and magpies/Magpies/Magpies-0006.wav,test
datasec:DATASEC/Crows seagulls and magpies/Magpies/Magpies-0007.wav,datasec:DATASEC/Crows seagulls and magpies/Magpies/Magpies-0007.wav,test
datasec:DATASEC/Crows seagulls and magpies/Magpies/Magpies-0008.wav,datasec:DATASEC/Crows seagulls and magpies/Magpies/Magpies-0008.wav,train
datasec:DATASEC/Crows seagulls and magpies/Magpies/Magpies-0010.wav,datasec:DATASEC/Crows seagulls and magpies/Magpies/Magpies-0010.wav,train
datasec:DATASEC/Crows seagulls and magpies/Magpies/Magpies-0011.wav,datasec:DATASEC/Crows seagulls and magpies/Magpies/Magpies-0011.wav,train
datasec:DATASEC/Crows seagulls and magpies/Magpies/Magpies-0012.wav,datasec:DATASEC/Crows seagulls and magpies/Magpies/Magpies-0012.wav,train
datasec:DATASEC/Crows seagulls and magpies/Magpies/Magpies-0013.wav,datasec:DATASEC/Crows seagulls and magpies/Magpies/Magpies-0013.wav,train
datasec:DATASEC/Crows seagulls and magpies/Magpies/Magpies-0014.wav,datasec:DATASEC/Crows seagulls and magpies/Magpies/Magpies-0014.wav,test
datasec:DATASEC/Crows seagulls and magpies/Magpies/Magpies-0015.wav,datasec:DATASEC/Crows seagulls and magpies/Magpies/Magpies-0015.wav,train
datasec:DATASEC/Crows seagulls and magpies/Magpies/Magpies-0016.wav,datasec:DATASEC/Crows seagulls and magpies/Magpies/Magpies-0016.wav,train
datasec:DATASEC/Crows seagulls and magpies/Magpies/Magpies-0017.wav,datasec:DATASEC/Crows seagulls and magpies/Magpies/Magpies-0017.wav,train
datasec:DATASEC/Crows seagulls and magpies/Magpies/Magpies-0018.wav,datasec:DATASEC/Crows seagulls and magpies/Magpies/Magpies-0018.wav,train
datasec:DATASEC/Crows seagulls and magpies/Magpies/Magpies-0019.wav,datasec:DATASEC/Crows seagulls and magpies/Magpies/Magpies-0019.wav,validation
datasec:DATASEC/Crows seagulls and magpies/Magpies/Magpies-0020.wav,datasec:DATASEC/Crows seagulls and magpies/Magpies/Magpies-0020.wav,validation
datasec:DATASEC/Crows seagulls and magpies/Magpies/Magpies-0021.wav,datasec:DATASEC/Crows seagulls and magpies/Magpies/Magpies-0021.wav,train
datasec:DATASEC/Crows seagulls and magpies/Seagulls/Seagulls-0001.wav,datasec:DATASEC/Crows seagulls and magpies/Seagulls/Seagulls-0001.wav,train
datasec:DATASEC/Crows seagulls and magpies/Seagulls/Seagulls-0002.wav,datasec:DATASEC/Crows seagulls and magpies/Seagulls/Seagulls-0002.wav,train
datasec:DATASEC/Crows seagulls and magpies/Seagulls/Seagulls-0003.wav,datasec:DATASEC/Crows seagulls and magpies/Seagulls/Seagulls-0003.wav,train
datasec:DATASEC/Crows seagulls and magpies/Seagulls/Seagulls-0004.wav,datasec:DATASEC/Crows seagulls and magpies/Seagulls/Seagulls-0004.wav,train
datasec:DATASEC/Crows seagulls and magpies/Seagulls/Seagulls-0005.wav,datasec:DATASEC/Crows seagulls and magpies/Seagulls/Seagulls-0005.wav,validation
datasec:DATASEC/Crows seagulls and magpies/Seagulls/Seagulls-0006.wav,datasec:DATASEC/Crows seagulls and magpies/Seagulls/Seagulls-0006.wav,train
datasec:DATASEC/Crows seagulls and magpies/Seagulls/Seagulls-0007.wav,datasec:DATASEC/Crows seagulls and magpies/Seagulls/Seagulls-0007.wav,validation
datasec:DATASEC/Crows seagulls and magpies/Seagulls/Seagulls-0009.wav,datasec:DATASEC/Crows seagulls and magpies/Seagulls/Seagulls-0007.wav,validation
datasec:DATASEC/Crows seagulls and magpies/Seagulls/Seagulls-0010.wav,datasec:DATASEC/Crows seagulls and magpies/Seagulls/Seagulls-0010.wav,train
datasec:DATASEC/Crows seagulls and magpies/Seagulls/Seagulls-0012.wav,datasec:DATASEC/Crows seagulls and magpies/Seagulls/Seagulls-0007.wav,validation
datasec:DATASEC/Crows seagulls and magpies/Seagulls/Seagulls-0013.wav,datasec:DATASEC/Crows seagulls and magpies/Seagulls/Seagulls-0013.wav,train
datasec:DATASEC/Crows seagulls and magpies/Seagulls/Seagulls-0015.wav,datasec:DATASEC/Crows seagulls and magpies/Seagulls/Seagulls-0015.wav,test
datasec:DATASEC/Crows seagulls and magpies/Seagulls/Seagulls-0016.wav,datasec:DATASEC/Crows seagulls and magpies/Seagulls/Seagulls-0016.wav,test
datasec:DATASEC/Crows seagulls and magpies/Seagulls/Seagulls-0017.wav,datasec:DATASEC/Crows seagulls and magpies/Seagulls/Seagulls-0017.wav,train
datasec:DATASEC/Crows seagulls and magpies/Seagulls/Seagulls-0018.wav,datasec:DATASEC/Crows seagulls and magpies/Seagulls/Seagulls-0018.wav,test
datasec:DATASEC/Crows seagulls and magpies/Seagulls/Seagulls-0019.wav,datasec:DATASEC/Crows seagulls and magpies/Seagulls/Seagulls-0019.wav,train
datasec:DATASEC/Crows seagulls and magpies/Seagulls/Seagulls-0020.wav,datasec:DATASEC/Crows seagulls and magpies/Seagulls/Seagulls-0020.wav,train
datasec:DATASEC/Crows seagulls and magpies/Seagulls/Seagulls-0021.wav,datasec:DATASEC/Crows seagulls and magpies/Seagulls/Seagulls-0021.wav,test
datasec:DATASEC/Crows seagulls and magpies/Seagulls/Seagulls-0022.wav,datasec:DATASEC/Crows seagulls and magpies/Seagulls/Seagulls-0022.wav,validation
datasec:DATASEC/Crows seagulls and magpies/Seagulls/Seagulls-0023.wav,datasec:DATASEC/Crows seagulls and magpies/Seagulls/Seagulls-0023.wav,train
datasec:DATASEC/Crows seagulls and magpies/Seagulls/Seagulls-0024.wav,datasec:DATASEC/Crows seagulls and magpies/Seagulls/Seagulls-0024.wav,train
datasec:DATASEC/Crows seagulls and magpies/Seagulls/Seagulls-0025.wav,datasec:DATASEC/Crows seagulls and magpies/Seagulls/Seagulls-0025.wav,train
datasec:DATASEC/Crows seagulls and magpies/Seagulls/Seagulls-0026.wav,datasec:DATASEC/Crows seagulls and magpies/Seagulls/Seagulls-0026.wav,train
datasec:DATASEC/Crows seagulls and magpies/Seagulls/Seagulls-0027.wav,datasec:DATASEC/Crows seagulls and magpies/Seagulls/Seagulls-0027.wav,train
datasec:DATASEC/Crows seagulls and magpies/Seagulls/Seagulls-0028.wav,datasec:DATASEC/Crows seagulls and magpies/Seagulls/Seagulls-0028.wav,train
datasec:DATASEC/Crows seagulls and magpies/Seagulls/Seagulls-0029.wav,datasec:DATASEC/Crows seagulls and magpies/Seagulls/Seagulls-0029.wav,train
datasec:DATASEC/Crows seagulls and magpies/Seagulls/Seagulls-0030.wav,datasec:DATASEC/Crows seagulls and magpies/Seagulls/Seagulls-0030.wav,train
datasec:DATASEC/Crows seagulls and magpies/Seagulls/Seagulls-0031.wav,datasec:DATASEC/Crows seagulls and magpies/Seagulls/Seagulls-0031.wav,validation
datasec:DATASEC/Crows seagulls and magpies/Seagulls/Seagulls-0032.wav,datasec:DATASEC/Crows seagulls and magpies/Seagulls/Seagulls-0032.wav,train
datasec:DATASEC/Crows seagulls and magpies/Seagulls/Seagulls-0033.wav,datasec:DATASEC/Crows seagulls and magpies/Seagulls/Seagulls-0033.wav,train
datasec:DATASEC/Crows seagulls and magpies/Seagulls/Seagulls-0034.wav,datasec:DATASEC/Crows seagulls and magpies/Seagulls/Seagulls-0034.wav,train
datasec:DATASEC/Crows seagulls and magpies/Seagulls/Seagulls-0035.wav,datasec:DATASEC/Crows seagulls and magpies/Seagulls/Seagulls-0035.wav,test
datasec:DATASEC/Dog barkings and howlings/Dog barkings and howlings-0001.wav,datasec:DATASEC/Dog barkings and howlings/Dog barkings and howlings-0001.wav,train
datasec:DATASEC/Dog barkings and howlings/Dog barkings and howlings-0002.wav,datasec:DATASEC/Dog barkings and howlings/Dog barkings and howlings-0002.wav,train
datasec:DATASEC/Dog barkings and howlings/Dog barkings and howlings-0003.wav,datasec:DATASEC/Dog barkings and howlings/Dog barkings and howlings-0003.wav,train
datasec:DATASEC/Dog barkings and howlings/Dog barkings and howlings-0004.wav,datasec:DATASEC/Dog barkings and howlings/Dog barkings and howlings-0004.wav,test
datasec:DATASEC/Dog barkings and howlings/Dog barkings and howlings-0005.wav,datasec:DATASEC/Dog barkings and howlings/Dog barkings and howlings-0005.wav,train
datasec:DATASEC/Dog barkings and howlings/Dog barkings and howlings-0006.wav,datasec:DATASEC/Dog barkings and howlings/Dog barkings and howlings-0006.wav,train
datasec:DATASEC/Dog barkings and howlings/Dog barkings and howlings-0007.wav,datasec:DATASEC/Dog barkings and howlings/Dog barkings and howlings-0007.wav,train
datasec:DATASEC/Dog barkings and howlings/Dog barkings and howlings-0008.wav,datasec:DATASEC/Dog barkings and howlings/Dog barkings and howlings-0008.wav,validation
datasec:DATASEC/Dog barkings and howlings/Dog barkings and howlings-0009.wav,datasec:DATASEC/Dog barkings and howlings/Dog barkings and howlings-0009.wav,train
datasec:DATASEC/Dog barkings and howlings/Dog barkings and howlings-0010.wav,datasec:DATASEC/Dog barkings and howlings/Dog barkings and howlings-0010.wav,validation
datasec:DATASEC/Dog barkings and howlings/Dog barkings and howlings-0011.wav,datasec:DATASEC/Dog barkings and howlings/Dog barkings and howlings-0011.wav,train
datasec:DATASEC/Dog barkings and howlings/Dog barkings and howlings-0012.wav,datasec:DATASEC/Dog barkings and howlings/Dog barkings and howlings-0012.wav,train
datasec:DATASEC/Dog barkings and howlings/Dog barkings and howlings-0013.wav,datasec:DATASEC/Dog barkings and howlings/Dog barkings and howlings-0013.wav,train
datasec:DATASEC/Dog barkings and howlings/Dog barkings and howlings-0014.wav,datasec:DATASEC/Dog barkings and howlings/Dog barkings and howlings-0014.wav,train
datasec:DATASEC/Dog barkings and howlings/Dog barkings and howlings-0015.wav,datasec:DATASEC/Dog barkings and howlings/Dog barkings and howlings-0015.wav,train
datasec:DATASEC/Dog barkings and howlings/Dog barkings and howlings-0016.wav,datasec:DATASEC/Dog barkings and howlings/Dog barkings and howlings-0016.wav,test
datasec:DATASEC/Dog barkings and howlings/Dog barkings and howlings-0017.wav,datasec:DATASEC/Dog barkings and howlings/Dog barkings and howlings-0017.wav,train
datasec:DATASEC/Dog barkings and howlings/Dog barkings and howlings-0018.wav,datasec:DATASEC/Dog barkings and howlings/Dog barkings and howlings-0018.wav,train
datasec:DATASEC/Dog barkings and howlings/Dog barkings and howlings-0019.wav,datasec:DATASEC/Dog barkings and howlings/Dog barkings and howlings-0019.wav,train
datasec:DATASEC/Dog barkings and howlings/Dog barkings and howlings-0020.wav,datasec:DATASEC/Dog barkings and howlings/Dog barkings and howlings-0020.wav,train
datasec:DATASEC/Dog barkings and howlings/Dog barkings and howlings-0021.wav,datasec:DATASEC/Dog barkings and howlings/Dog barkings and howlings-0021.wav,train
datasec:DATASEC/Dog barkings and howlings/Dog barkings and howlings-0022.wav,datasec:DATASEC/Dog barkings and howlings/Dog barkings and howlings-0022.wav,test
datasec:DATASEC/Dog barkings and howlings/Dog barkings and howlings-0023.wav,datasec:DATASEC/Dog barkings and howlings/Dog barkings and howlings-0023.wav,test
datasec:DATASEC/Dog barkings and howlings/Dog barkings and howlings-0024.wav,datasec:DATASEC/Dog barkings and howlings/Dog barkings and howlings-0024.wav,validation
datasec:DATASEC/Dog barkings and howlings/Dog barkings and howlings-0025.wav,datasec:DATASEC/Dog barkings and howlings/Dog barkings and howlings-0025.wav,train
datasec:DATASEC/Dog barkings and howlings/Dog barkings and howlings-0026.wav,datasec:DATASEC/Dog barkings and howlings/Dog barkings and howlings-0026.wav,validation
datasec:DATASEC/Dog barkings and howlings/Dog barkings and howlings-0027.wav,datasec:DATASEC/Dog barkings and howlings/Dog barkings and howlings-0027.wav,test
datasec:DATASEC/Dog barkings and howlings/Dog barkings and howlings-0028.wav,datasec:DATASEC/Dog barkings and howlings/Dog barkings and howlings-0028.wav,validation
datasec:DATASEC/Dog barkings and howlings/Dog barkings and howlings-0029.wav,datasec:DATASEC/Dog barkings and howlings/Dog barkings and howlings-0029.wav,train
datasec:DATASEC/Dog barkings and howlings/Dog barkings and howlings-0030.wav,datasec:DATASEC/Dog barkings and howlings/Dog barkings and howlings-0030.wav,validation
datasec:DATASEC/Dog barkings and howlings/Dog barkings and howlings-0031.wav,datasec:DATASEC/Dog barkings and howlings/Dog barkings and howlings-0031.wav,train
datasec:DATASEC/Dog barkings and howlings/Dog barkings and howlings-0032.wav,datasec:DATASEC/Dog barkings and howlings/Dog barkings and howlings-0032.wav,validation
datasec:DATASEC/Dog barkings and howlings/Dog barkings and howlings-0033.wav,datasec:DATASEC/Dog barkings and howlings/Dog barkings and howlings-0033.wav,train
datasec:DATASEC/Dog barkings and howlings/Dog barkings and howlings-0034.wav,datasec:DATASEC/Dog barkings and howlings/Dog barkings and howlings-0034.wav,validation
datasec:DATASEC/Dog barkings and howlings/Dog barkings and howlings-0035.wav,datasec:DATASEC/Dog barkings and howlings/Dog barkings and howlings-0035.wav,validation
datasec:DATASEC/Dog barkings and howlings/Dog barkings and howlings-0036.wav,datasec:DATASEC/Dog barkings and howlings/Dog barkings and howlings-0036.wav,train
datasec:DATASEC/Dog barkings and howlings/Dog barkings and howlings-0037.wav,datasec:DATASEC/Dog barkings and howlings/Dog barkings and howlings-0037.wav,train
datasec:DATASEC/Dog barkings and howlings/Dog barkings and howlings-0038.wav,datasec:DATASEC/Dog barkings and howlings/Dog barkings and howlings-0038.wav,test
datasec:DATASEC/Dog barkings and howlings/Dog barkings and howlings-0039.wav,datasec:DATASEC/Dog barkings and howlings/Dog barkings and howlings-0039.wav,train
datasec:DATASEC/Dog barkings and howlings/Dog barkings and howlings-0040.wav,datasec:DATASEC/Dog barkings and howlings/Dog barkings and howlings-0040.wav,train
datasec:DATASEC/Dog barkings and howlings/Dog barkings and howlings-0041.wav,datasec:DATASEC/Dog barkings and howlings/Dog barkings and howlings-0041.wav,train
datasec:DATASEC/Dog barkings and howlings/Dog barkings and howlings-0042.wav,datasec:DATASEC/Dog barkings and howlings/Dog barkings and howlings-0042.wav,train
datasec:DATASEC/Dog barkings and howlings/Dog barkings and howlings-0043.wav,datasec:DATASEC/Dog barkings and howlings/Dog barkings and howlings-0043.wav,test
datasec:DATASEC/Dog barkings and howlings/Dog barkings and howlings-0044.wav,datasec:DATASEC/Dog barkings and howlings/Dog barkings and howlings-0044.wav,train
datasec:DATASEC/Dog barkings and howlings/Dog barkings and howlings-0045.wav,datasec:DATASEC/Dog barkings and howlings/Dog barkings and howlings-0045.wav,train
datasec:DATASEC/Dog barkings and howlings/Dog barkings and howlings-0047.wav,datasec:DATASEC/Dog barkings and howlings/Dog barkings and howlings-0047.wav,train
datasec:DATASEC/Dog barkings and howlings/Dog barkings and howlings-0048.wav,datasec:DATASEC/Dog barkings and howlings/Dog barkings and howlings-0048.wav,train
datasec:DATASEC/Dog barkings and howlings/Dog barkings and howlings-0049.wav,datasec:DATASEC/Dog barkings and howlings/Dog barkings and howlings-0049.wav,train
datasec:DATASEC/Dog barkings and howlings/Dog barkings and howlings-0050.wav,datasec:DATASEC/Dog barkings and howlings/Dog barkings and howlings-0050.wav,validation
datasec:DATASEC/Dog barkings and howlings/Dog barkings and howlings-0051.wav,datasec:DATASEC/Dog barkings and howlings/Dog barkings and howlings-0051.wav,test
datasec:DATASEC/Dog barkings and howlings/Dog barkings and howlings-0052.wav,datasec:DATASEC/Dog barkings and howlings/Dog barkings and howlings-0052.wav,train
datasec:DATASEC/Dog barkings and howlings/Dog barkings and howlings-0053.wav,datasec:DATASEC/Dog barkings and howlings/Dog barkings and howlings-0053.wav,train
datasec:DATASEC/Dog barkings and howlings/Dog barkings and howlings-0054.wav,datasec:DATASEC/Dog barkings and howlings/Dog barkings and howlings-0054.wav,train
datasec:DATASEC/Dog barkings and howlings/Dog barkings and howlings-0055.wav,datasec:DATASEC/Dog barkings and howlings/Dog barkings and howlings-0055.wav,train
datasec:DATASEC/Dog barkings and howlings/Dog barkings and howlings-0056.wav,datasec:DATASEC/Dog barkings and howlings/Dog barkings and howlings-0056.wav,train
datasec:DATASEC/Dog barkings and howlings/Dog barkings and howlings-0057.wav,datasec:DATASEC/Dog barkings and howlings/Dog barkings and howlings-0057.wav,train
datasec:DATASEC/Dog barkings and howlings/Dog barkings and howlings-0058.wav,datasec:DATASEC/Dog barkings and howlings/Dog barkings and howlings-0058.wav,train
datasec:DATASEC/Dog barkings and howlings/Dog barkings and howlings-0059.wav,datasec:DATASEC/Dog barkings and howlings/Dog barkings and howlings-0059.wav,train
datasec:DATASEC/Dog barkings and howlings/Dog barkings and howlings-0060.wav,datasec:DATASEC/Dog barkings and howlings/Dog barkings and howlings-0060.wav,train
datasec:DATASEC/Dog barkings and howlings/Dog barkings and howlings-0061.wav,datasec:DATASEC/Dog barkings and howlings/Dog barkings and howlings-0061.wav,train
datasec:DATASEC/Dog barkings and howlings/Dog barkings and howlings-0062.wav,datasec:DATASEC/Dog barkings and howlings/Dog barkings and howlings-0062.wav,train
datasec:DATASEC/Dog barkings and howlings/Dog barkings and howlings-0063.wav,datasec:DATASEC/Dog barkings and howlings/Dog barkings and howlings-0063.wav,train
datasec:DATASEC/Dog barkings and howlings/Dog barkings and howlings-0065.wav,datasec:DATASEC/Dog barkings and howlings/Dog barkings and howlings-0021.wav,train
datasec:DATASEC/Dog barkings and howlings/Dog barkings and howlings-0067.wav,datasec:DATASEC/Dog barkings and howlings/Dog barkings and howlings-0067.wav,train
datasec:DATASEC/Dog barkings and howlings/Dog barkings and howlings-0068.wav,datasec:DATASEC/Dog barkings and howlings/Dog barkings and howlings-0068.wav,test
datasec:DATASEC/Dog barkings and howlings/Dog barkings and howlings-0069.wav,datasec:DATASEC/Dog barkings and howlings/Dog barkings and howlings-0069.wav,train
datasec:DATASEC/Dog barkings and howlings/Dog barkings and howlings-0070.wav,datasec:DATASEC/Dog barkings and howlings/Dog barkings and howlings-0070.wav,test
datasec:DATASEC/Glass breaking/Glass breaking-0001.wav,datasec:DATASEC/Glass breaking/Glass breaking-0001.wav,train
datasec:DATASEC/Glass breaking/Glass breaking-0002.wav,datasec:DATASEC/Glass breaking/Glass breaking-0002.wav,train
datasec:DATASEC/Glass breaking/Glass breaking-0003.wav,datasec:DATASEC/Glass breaking/Glass breaking-0003.wav,train
datasec:DATASEC/Glass breaking/Glass breaking-0004.wav,datasec:DATASEC/Glass breaking/Glass breaking-0004.wav,train
datasec:DATASEC/Glass breaking/Glass breaking-0005.wav,datasec:DATASEC/Glass breaking/Glass breaking-0005.wav,train
datasec:DATASEC/Glass breaking/Glass breaking-0006.wav,datasec:DATASEC/Glass breaking/Glass breaking-0006.wav,train
datasec:DATASEC/Glass breaking/Glass breaking-0007.wav,datasec:DATASEC/Glass breaking/Glass breaking-0007.wav,validation
datasec:DATASEC/Glass breaking/Glass breaking-0008.wav,datasec:DATASEC/Glass breaking/Glass breaking-0008.wav,train
datasec:DATASEC/Glass breaking/Glass breaking-0009.wav,datasec:DATASEC/Glass breaking/Glass breaking-0009.wav,train
datasec:DATASEC/Glass breaking/Glass breaking-0010.wav,datasec:DATASEC/Glass breaking/Glass breaking-0010.wav,validation
datasec:DATASEC/Glass breaking/Glass breaking-0011.wav,datasec:DATASEC/Glass breaking/Glass breaking-0011.wav,train
datasec:DATASEC/Glass breaking/Glass breaking-0012.wav,datasec:DATASEC/Glass breaking/Glass breaking-0012.wav,train
datasec:DATASEC/Glass breaking/Glass breaking-0013.wav,datasec:DATASEC/Glass breaking/Glass breaking-0013.wav,train
datasec:DATASEC/Glass breaking/Glass breaking-0014.wav,datasec:DATASEC/Glass breaking/Glass breaking-0014.wav,train
datasec:DATASEC/Glass breaking/Glass breaking-0015.wav,datasec:DATASEC/Glass breaking/Glass breaking-0015.wav,test
datasec:DATASEC/Glass breaking/Glass breaking-0016.wav,datasec:DATASEC/Glass breaking/Glass breaking-0016.wav,validation
datasec:DATASEC/Glass breaking/Glass breaking-0017.wav,datasec:DATASEC/Glass breaking/Glass breaking-0017.wav,train
datasec:DATASEC/Glass breaking/Glass breaking-0018.wav,datasec:DATASEC/Glass breaking/Glass breaking-0018.wav,train
datasec:DATASEC/Glass breaking/Glass breaking-0019.wav,datasec:DATASEC/Glass breaking/Glass breaking-0019.wav,validation
datasec:DATASEC/Glass breaking/Glass breaking-0020.wav,datasec:DATASEC/Glass breaking/Glass breaking-0020.wav,train
datasec:DATASEC/Glass breaking/Glass breaking-0021.wav,datasec:DATASEC/Glass breaking/Glass breaking-0021.wav,test
datasec:DATASEC/Glass breaking/Glass breaking-0022.wav,datasec:DATASEC/Glass breaking/Glass breaking-0022.wav,train
datasec:DATASEC/Glass breaking/Glass breaking-0023.wav,datasec:DATASEC/Glass breaking/Glass breaking-0023.wav,validation
datasec:DATASEC/Glass breaking/Glass breaking-0024.wav,datasec:DATASEC/Glass breaking/Glass breaking-0024.wav,train
datasec:DATASEC/Glass breaking/Glass breaking-0025.wav,datasec:DATASEC/Glass breaking/Glass breaking-0024.wav,train
datasec:DATASEC/Glass breaking/Glass breaking-0026.wav,datasec:DATASEC/Glass breaking/Glass breaking-0024.wav,train
datasec:DATASEC/Glass breaking/Glass breaking-0027.wav,datasec:DATASEC/Glass breaking/Glass breaking-0024.wav,train
datasec:DATASEC/Glass breaking/Glass breaking-0030.wav,datasec:DATASEC/Glass breaking/Glass breaking-0030.wav,validation
datasec:DATASEC/Glass breaking/Glass breaking-0031.wav,datasec:DATASEC/Glass breaking/Glass breaking-0031.wav,train
datasec:DATASEC/Glass breaking/Glass breaking-0032.wav,datasec:DATASEC/Glass breaking/Glass breaking-0031.wav,train
datasec:DATASEC/Glass breaking/Glass breaking-0033.wav,datasec:DATASEC/Glass breaking/Glass breaking-0033.wav,test
datasec:DATASEC/Glass breaking/Glass breaking-0034.wav,datasec:DATASEC/Glass breaking/Glass breaking-0034.wav,train
datasec:DATASEC/Glass breaking/Glass breaking-0035.wav,datasec:DATASEC/Glass breaking/Glass breaking-0034.wav,train
datasec:DATASEC/Glass breaking/Glass breaking-0037.wav,datasec:DATASEC/Glass breaking/Glass breaking-0037.wav,validation
datasec:DATASEC/Glass breaking/Glass breaking-0038.wav,datasec:DATASEC/Glass breaking/Glass breaking-0037.wav,validation
datasec:DATASEC/Glass breaking/Glass breaking-0039.wav,datasec:DATASEC/Glass breaking/Glass breaking-0037.wav,validation
datasec:DATASEC/Glass breaking/Glass breaking-0040.wav,datasec:DATASEC/Glass breaking/Glass breaking-0037.wav,validation
datasec:DATASEC/Glass breaking/Glass breaking-0041.wav,datasec:DATASEC/Glass breaking/Glass breaking-0041.wav,validation
datasec:DATASEC/Glass breaking/Glass breaking-0042.wav,datasec:DATASEC/Glass breaking/Glass breaking-0041.wav,validation
datasec:DATASEC/Glass breaking/Glass breaking-0043.wav,datasec:DATASEC/Glass breaking/Glass breaking-0043.wav,train
datasec:DATASEC/Glass breaking/Glass breaking-0044.wav,datasec:DATASEC/Glass breaking/Glass breaking-0033.wav,test
datasec:DATASEC/Glass breaking/Glass breaking-0045.wav,datasec:DATASEC/Glass breaking/Glass breaking-0043.wav,train
datasec:DATASEC/Glass breaking/Glass breaking-0046.wav,datasec:DATASEC/Glass breaking/Glass breaking-0043.wav,train
datasec:DATASEC/Glass breaking/Glass breaking-0048.wav,datasec:DATASEC/Glass breaking/Glass breaking-0043.wav,train
datasec:DATASEC/Glass breaking/Glass breaking-0049.wav,datasec:DATASEC/Glass breaking/Glass breaking-0049.wav,test
datasec:DATASEC/Glass breaking/Glass breaking-0050.wav,datasec:DATASEC/Glass breaking/Glass breaking-0049.wav,test
datasec:DATASEC/Glass breaking/Glass breaking-0051.wav,datasec:DATASEC/Glass breaking/Glass breaking-0051.wav,test
datasec:DATASEC/Glass breaking/Glass breaking-0052.wav,datasec:DATASEC/Glass breaking/Glass breaking-0051.wav,test
datasec:DATASEC/Glass breaking/Glass breaking-0053.wav,datasec:DATASEC/Glass breaking/Glass breaking-0051.wav,test
datasec:DATASEC/Glass breaking/Glass breaking-0054.wav,datasec:DATASEC/Glass breaking/Glass breaking-0054.wav,train
datasec:DATASEC/Glass breaking/Glass breaking-0060.wav,datasec:DATASEC/Glass breaking/Glass breaking-0054.wav,train
datasec:DATASEC/Glass breaking/Glass breaking-0061.wav,datasec:DATASEC/Glass breaking/Glass breaking-0061.wav,train
datasec:DATASEC/Glass breaking/Glass breaking-0071.wav,datasec:DATASEC/Glass breaking/Glass breaking-0061.wav,train
datasec:DATASEC/Glass breaking/Glass breaking-0072.wav,datasec:DATASEC/Glass breaking/Glass breaking-0072.wav,train
datasec:DATASEC/Glass breaking/Glass breaking-0078.wav,datasec:DATASEC/Glass breaking/Glass breaking-0078.wav,train
datasec:DATASEC/Glass breaking/Glass breaking-0079.wav,datasec:DATASEC/Glass breaking/Glass breaking-0079.wav,train
datasec:DATASEC/Glass breaking/Glass breaking-0080.wav,datasec:DATASEC/Glass breaking/Glass breaking-0023.wav,validation
datasec:DATASEC/Glass breaking/Glass breaking-0082.wav,datasec:DATASEC/Glass breaking/Glass breaking-0023.wav,validation
datasec:DATASEC/Glass breaking/Glass breaking-0083.wav,datasec:DATASEC/Glass breaking/Glass breaking-0083.wav,train
datasec:DATASEC/Glass breaking/Glass breaking-0084.wav,datasec:DATASEC/Glass breaking/Glass breaking-0084.wav,train
datasec:DATASEC/Glass breaking/Glass breaking-0085.wav,datasec:DATASEC/Glass breaking/Glass breaking-0085.wav,train
datasec:DATASEC/Glass breaking/Glass breaking-0086.wav,datasec:DATASEC/Glass breaking/Glass breaking-0086.wav,train
datasec:DATASEC/Glass breaking/Glass breaking-0087.wav,datasec:DATASEC/Glass breaking/Glass breaking-0087.wav,train
datasec:DATASEC/Glass breaking/Glass breaking-0088.wav,datasec:DATASEC/Glass breaking/Glass breaking-0088.wav,test
datasec:DATASEC/Glass breaking/Glass breaking-0089.wav,datasec:DATASEC/Glass breaking/Glass breaking-0089.wav,test
datasec:DATASEC/Glass breaking/Glass breaking-0090.wav,datasec:DATASEC/Glass breaking/Glass breaking-0090.wav,validation
datasec:DATASEC/Glass breaking/Glass breaking-0091.wav,datasec:DATASEC/Glass breaking/Glass breaking-0091.wav,train
datasec:DATASEC/Glass breaking/Glass breaking-0092.wav,datasec:DATASEC/Glass breaking/Glass breaking-0092.wav,train
datasec:DATASEC/Glass breaking/Glass breaking-0094.wav,datasec:DATASEC/Glass breaking/Glass breaking-0094.wav,train
datasec:DATASEC/Glass breaking/Glass breaking-0095.wav,datasec:DATASEC/Glass breaking/Glass breaking-0095.wav,train
datasec:DATASEC/Glass breaking/Glass breaking-0096.wav,datasec:DATASEC/Glass breaking/Glass breaking-0096.wav,train
datasec:DATASEC/Glass breaking/Glass breaking-0097.wav,datasec:DATASEC/Glass breaking/Glass breaking-0097.wav,train
datasec:DATASEC/Glass breaking/Glass breaking-0099.wav,datasec:DATASEC/Glass breaking/Glass breaking-0099.wav,train
datasec:DATASEC/Glass breaking/Glass breaking-0100.wav,datasec:DATASEC/Glass breaking/Glass breaking-0100.wav,train
datasec:DATASEC/Glass breaking/Glass breaking-0101.wav,datasec:DATASEC/Glass breaking/Glass breaking-0101.wav,train
datasec:DATASEC/Glass breaking/Glass breaking-0102.wav,datasec:DATASEC/Glass breaking/Glass breaking-0102.wav,train
datasec:DATASEC/Glass breaking/Glass breaking-0103.wav,datasec:DATASEC/Glass breaking/Glass breaking-0103.wav,validation
datasec:DATASEC/Glass breaking/Glass breaking-0104.wav,datasec:DATASEC/Glass breaking/Glass breaking-0104.wav,train
datasec:DATASEC/Glass breaking/Glass breaking-0105.wav,datasec:DATASEC/Glass breaking/Glass breaking-0105.wav,test
datasec:DATASEC/Glass breaking/Glass breaking-0106.wav,datasec:DATASEC/Glass breaking/Glass breaking-0106.wav,train
datasec:DATASEC/Glass breaking/Glass breaking-0107.wav,datasec:DATASEC/Glass breaking/Glass breaking-0107.wav,test
datasec:DATASEC/Glass breaking/Glass breaking-0108.wav,datasec:DATASEC/Glass breaking/Glass breaking-0108.wav,train
datasec:DATASEC/Glass breaking/Glass breaking-0109.wav,datasec:DATASEC/Glass breaking/Glass breaking-0109.wav,train
datasec:DATASEC/Horn/Horn-0001.wav,datasec:DATASEC/Horn/Horn-0001.wav,train
datasec:DATASEC/Horn/Horn-0002.wav,datasec:DATASEC/Horn/Horn-0002.wav,train
datasec:DATASEC/Horn/Horn-0003.wav,datasec:DATASEC/Horn/Horn-0003.wav,train
datasec:DATASEC/Horn/Horn-0004.wav,datasec:DATASEC/Horn/Horn-0004.wav,train
datasec:DATASEC/Horn/Horn-0005.wav,datasec:DATASEC/Horn/Horn-0005.wav,train
datasec:DATASEC/Horn/Horn-0006.wav,datasec:DATASEC/Horn/Horn-0006.wav,train
datasec:DATASEC/Horn/Horn-0007.wav,datasec:DATASEC/Horn/Horn-0007.wav,validation
datasec:DATASEC/Horn/Horn-0008.wav,datasec:DATASEC/Horn/Horn-0008.wav,validation
datasec:DATASEC/Horn/Horn-0009.wav,datasec:DATASEC/Horn/Horn-0009.wav,validation
datasec:DATASEC/Horn/Horn-0010.wav,datasec:DATASEC/Horn/Horn-0010.wav,train
datasec:DATASEC/Horn/Horn-0011.wav,datasec:DATASEC/Horn/Horn-0011.wav,test
datasec:DATASEC/Horn/Horn-0012.wav,datasec:DATASEC/Horn/Horn-0012.wav,test
datasec:DATASEC/Horn/Horn-0013.wav,datasec:DATASEC/Horn/Horn-0013.wav,train
datasec:DATASEC/Horn/Horn-0014.wav,datasec:DATASEC/Horn/Horn-0014.wav,test
datasec:DATASEC/Horn/Horn-0015.wav,datasec:DATASEC/Horn/Horn-0015.wav,validation
datasec:DATASEC/Horn/Horn-0016.wav,datasec:DATASEC/Horn/Horn-0016.wav,train
datasec:DATASEC/Horn/Horn-0017.wav,datasec:DATASEC/Horn/Horn-0017.wav,train
datasec:DATASEC/Horn/Horn-0018.wav,datasec:DATASEC/Horn/Horn-0018.wav,train
datasec:DATASEC/Horn/Horn-0019.wav,datasec:DATASEC/Horn/Horn-0019.wav,train
datasec:DATASEC/Horn/Horn-0020.wav,datasec:DATASEC/Horn/Horn-0020.wav,train
datasec:DATASEC/Horn/Horn-0021.wav,datasec:DATASEC/Horn/Horn-0021.wav,train
datasec:DATASEC/Horn/Horn-0022.wav,datasec:DATASEC/Horn/Horn-0022.wav,train
datasec:DATASEC/Horn/Horn-0023.wav,datasec:DATASEC/Horn/Horn-0023.wav,validation
datasec:DATASEC/Horn/Horn-0024.wav,datasec:DATASEC/Horn/Horn-0024.wav,train
datasec:DATASEC/Horn/Horn-0025.wav,datasec:DATASEC/Horn/Horn-0025.wav,train
datasec:DATASEC/Horn/Horn-0026.wav,datasec:DATASEC/Horn/Horn-0026.wav,validation
datasec:DATASEC/Horn/Horn-0027.wav,datasec:DATASEC/Horn/Horn-0027.wav,train
datasec:DATASEC/Horn/Horn-0028.wav,datasec:DATASEC/Horn/Horn-0028.wav,test
datasec:DATASEC/Horn/Horn-0029.wav,datasec:DATASEC/Horn/Horn-0029.wav,train
datasec:DATASEC/Horn/Horn-0030.wav,datasec:DATASEC/Horn/Horn-0030.wav,train
datasec:DATASEC/Horn/Horn-0031.wav,datasec:DATASEC/Horn/Horn-0031.wav,train
datasec:DATASEC/Horn/Horn-0032.wav,datasec:DATASEC/Horn/Horn-0032.wav,train
datasec:DATASEC/Horn/Horn-0033.wav,datasec:DATASEC/Horn/Horn-0033.wav,train
datasec:DATASEC/Horn/Horn-0034.wav,datasec:DATASEC/Horn/Horn-0034.wav,train
datasec:DATASEC/Horn/Horn-0035.wav,datasec:DATASEC/Horn/Horn-0035.wav,train
datasec:DATASEC/Horn/Horn-0036.wav,datasec:DATASEC/Horn/Horn-0036.wav,train
datasec:DATASEC/Horn/Horn-0037.wav,datasec:DATASEC/Horn/Horn-0037.wav,validation
datasec:DATASEC/Horn/Horn-0038.wav,datasec:DATASEC/Horn/Horn-0038.wav,train
datasec:DATASEC/Horn/Horn-0039.wav,datasec:DATASEC/Horn/Horn-0039.wav,train
datasec:DATASEC/Horn/Horn-0040.wav,datasec:DATASEC/Horn/Horn-0040.wav,train
datasec:DATASEC/Horn/Horn-0041.wav,datasec:DATASEC/Horn/Horn-0041.wav,train
datasec:DATASEC/Horn/Horn-0042.wav,datasec:DATASEC/Horn/Horn-0042.wav,train
datasec:DATASEC/Horn/Horn-0043.wav,datasec:DATASEC/Horn/Horn-0043.wav,train
datasec:DATASEC/Horn/Horn-0044.wav,datasec:DATASEC/Horn/Horn-0044.wav,train
datasec:DATASEC/Horn/Horn-0045.wav,datasec:DATASEC/Horn/Horn-0045.wav,validation
datasec:DATASEC/Horn/Horn-0046.wav,datasec:DATASEC/Horn/Horn-0046.wav,train
datasec:DATASEC/Horn/Horn-0047.wav,datasec:DATASEC/Horn/Horn-0047.wav,test
datasec:DATASEC/Horn/Horn-0048.wav,datasec:DATASEC/Horn/Horn-0048.wav,train
datasec:DATASEC/Horn/Horn-0049.wav,datasec:DATASEC/Horn/Horn-0049.wav,train
datasec:DATASEC/Horn/Horn-0050.wav,datasec:DATASEC/Horn/Horn-0050.wav,train
datasec:DATASEC/Horn/Horn-0051.wav,datasec:DATASEC/Horn/Horn-0051.wav,validation
datasec:DATASEC/Horn/Horn-0052.wav,datasec:DATASEC/Horn/Horn-0052.wav,train
datasec:DATASEC/Horn/Horn-0053.wav,datasec:DATASEC/Horn/Horn-0053.wav,test
datasec:DATASEC/Horn/Horn-0054.wav,datasec:DATASEC/Horn/Horn-0054.wav,test
datasec:DATASEC/Horn/Horn-0056.wav,datasec:DATASEC/Horn/Horn-0056.wav,train
datasec:DATASEC/Horn/Horn-0057.wav,datasec:DATASEC/Horn/Horn-0057.wav,test
datasec:DATASEC/Jet aircrafts/Jet aircrafts-0001.wav,datasec:DATASEC/Jet aircrafts/Jet aircrafts-0001.wav,test
datasec:DATASEC/Jet aircrafts/Jet aircrafts-0002.wav,datasec:DATASEC/Jet aircrafts/Jet aircrafts-0002.wav,train
datasec:DATASEC/Jet aircrafts/Jet aircrafts-0003.wav,datasec:DATASEC/Jet aircrafts/Jet aircrafts-0003.wav,train
datasec:DATASEC/Jet aircrafts/Jet aircrafts-0004.wav,datasec:DATASEC/Jet aircrafts/Jet aircrafts-0004.wav,train
datasec:DATASEC/Jet aircrafts/Jet aircrafts-0005.wav,datasec:DATASEC/Jet aircrafts/Jet aircrafts-0005.wav,train
datasec:DATASEC/Jet aircrafts/Jet aircrafts-0006.wav,datasec:DATASEC/Jet aircrafts/Jet aircrafts-0006.wav,train
datasec:DATASEC/Jet aircrafts/Jet aircrafts-0007.wav,datasec:DATASEC/Jet aircrafts/Jet aircrafts-0007.wav,train
datasec:DATASEC/Jet aircrafts/Jet aircrafts-0008.wav,datasec:DATASEC/Jet aircrafts/Jet aircrafts-0008.wav,train
datasec:DATASEC/Jet aircrafts/Jet aircrafts-0009.wav,datasec:DATASEC/Jet aircrafts/Jet aircrafts-0009.wav,test
datasec:DATASEC/Jet aircrafts/Jet aircrafts-0010.wav,datasec:DATASEC/Jet aircrafts/Jet aircrafts-0010.wav,train
datasec:DATASEC/Jet aircrafts/Jet aircrafts-0011.wav,datasec:DATASEC/Jet aircrafts/Jet aircrafts-0011.wav,test
datasec:DATASEC/Jet aircrafts/Jet aircrafts-0012.wav,datasec:DATASEC/Jet aircrafts/Jet aircrafts-0012.wav,train
datasec:DATASEC/Jet aircrafts/Jet aircrafts-0013.wav,datasec:DATASEC/Jet aircrafts/Jet aircrafts-0013.wav,test
datasec:DATASEC/Jet aircrafts/Jet aircrafts-0014.wav,datasec:DATASEC/Jet aircrafts/Jet aircrafts-0014.wav,train
datasec:DATASEC/Jet aircrafts/Jet aircrafts-0015.wav,datasec:DATASEC/Jet aircrafts/Jet aircrafts-0015.wav,train
datasec:DATASEC/Jet aircrafts/Jet aircrafts-0016.wav,datasec:DATASEC/Jet aircrafts/Jet aircrafts-0016.wav,train
datasec:DATASEC/Jet aircrafts/Jet aircrafts-0017.wav,datasec:DATASEC/Jet aircrafts/Jet aircrafts-0017.wav,test
datasec:DATASEC/Jet aircrafts/Jet aircrafts-0018.wav,datasec:DATASEC/Jet aircrafts/Jet aircrafts-0018.wav,train
datasec:DATASEC/Jet aircrafts/Jet aircrafts-0019.wav,datasec:DATASEC/Jet aircrafts/Jet aircrafts-0019.wav,train
datasec:DATASEC/Jet aircrafts/Jet aircrafts-0020.wav,datasec:DATASEC/Jet aircrafts/Jet aircrafts-0020.wav,train
datasec:DATASEC/Jet aircrafts/Jet aircrafts-0021.wav,datasec:DATASEC/Jet aircrafts/Jet aircrafts-0021.wav,test
datasec:DATASEC/Jet aircrafts/Jet aircrafts-0022.wav,datasec:DATASEC/Jet aircrafts/Jet aircrafts-0022.wav,train
datasec:DATASEC/Jet aircrafts/Jet aircrafts-0023.wav,datasec:DATASEC/Jet aircrafts/Jet aircrafts-0023.wav,test
datasec:DATASEC/Jet aircrafts/Jet aircrafts-0024.wav,datasec:DATASEC/Jet aircrafts/Jet aircrafts-0024.wav,train
datasec:DATASEC/Jet aircrafts/Jet aircrafts-0025.wav,datasec:DATASEC/Jet aircrafts/Jet aircrafts-0025.wav,validation
datasec:DATASEC/Jet aircrafts/Jet aircrafts-0026.wav,datasec:DATASEC/Jet aircrafts/Jet aircrafts-0026.wav,train
datasec:DATASEC/Jet aircrafts/Jet aircrafts-0027.wav,datasec:DATASEC/Jet aircrafts/Jet aircrafts-0027.wav,train
datasec:DATASEC/Jet aircrafts/Jet aircrafts-0028.wav,datasec:DATASEC/Jet aircrafts/Jet aircrafts-0028.wav,train
datasec:DATASEC/Jet aircrafts/Jet aircrafts-0029.wav,datasec:DATASEC/Jet aircrafts/Jet aircrafts-0029.wav,train
datasec:DATASEC/Jet aircrafts/Jet aircrafts-0030.wav,datasec:DATASEC/Jet aircrafts/Jet aircrafts-0030.wav,train
datasec:DATASEC/Jet aircrafts/Jet aircrafts-0031.wav,datasec:DATASEC/Jet aircrafts/Jet aircrafts-0031.wav,test
datasec:DATASEC/Jet aircrafts/Jet aircrafts-0032.wav,datasec:DATASEC/Jet aircrafts/Jet aircrafts-0032.wav,train
datasec:DATASEC/Jet aircrafts/Jet aircrafts-0033.wav,datasec:DATASEC/Jet aircrafts/Jet aircrafts-0033.wav,train
datasec:DATASEC/Jet aircrafts/Jet aircrafts-0034.wav,datasec:DATASEC/Jet aircrafts/Jet aircrafts-0034.wav,train
datasec:DATASEC/Jet aircrafts/Jet aircrafts-0035.wav,datasec:DATASEC/Jet aircrafts/Jet aircrafts-0035.wav,test
datasec:DATASEC/Jet aircrafts/Jet aircrafts-0036.wav,datasec:DATASEC/Jet aircrafts/Jet aircrafts-0036.wav,train
datasec:DATASEC/Jet aircrafts/Jet aircrafts-0037.wav,datasec:DATASEC/Jet aircrafts/Jet aircrafts-0037.wav,train
datasec:DATASEC/Jet aircrafts/Jet aircrafts-0038.wav,datasec:DATASEC/Jet aircrafts/Jet aircrafts-0038.wav,train
datasec:DATASEC/Jet aircrafts/Jet aircrafts-0039.wav,datasec:DATASEC/Jet aircrafts/Jet aircrafts-0039.wav,train
datasec:DATASEC/Jet aircrafts/Jet aircrafts-0040.wav,datasec:DATASEC/Jet aircrafts/Jet aircrafts-0040.wav,train
datasec:DATASEC/Jet aircrafts/Jet aircrafts-0041.wav,datasec:DATASEC/Jet aircrafts/Jet aircrafts-0041.wav,train
datasec:DATASEC/Jet aircrafts/Jet aircrafts-0042.wav,datasec:DATASEC/Jet aircrafts/Jet aircrafts-0042.wav,validation
datasec:DATASEC/Jet aircrafts/Jet aircrafts-0043.wav,datasec:DATASEC/Jet aircrafts/Jet aircrafts-0043.wav,train
datasec:DATASEC/Jet aircrafts/Jet aircrafts-0044.wav,datasec:DATASEC/Jet aircrafts/Jet aircrafts-0044.wav,test
datasec:DATASEC/Jet aircrafts/Jet aircrafts-0045.wav,datasec:DATASEC/Jet aircrafts/Jet aircrafts-0045.wav,train
datasec:DATASEC/Jet aircrafts/Jet aircrafts-0046.wav,datasec:DATASEC/Jet aircrafts/Jet aircrafts-0046.wav,test
datasec:DATASEC/Jet aircrafts/Jet aircrafts-0047.wav,datasec:DATASEC/Jet aircrafts/Jet aircrafts-0047.wav,train
datasec:DATASEC/Jet aircrafts/Jet aircrafts-0048.wav,datasec:DATASEC/Jet aircrafts/Jet aircrafts-0048.wav,train
datasec:DATASEC/Jet aircrafts/Jet aircrafts-0049.wav,datasec:DATASEC/Jet aircrafts/Jet aircrafts-0049.wav,validation
datasec:DATASEC/Jet aircrafts/Jet aircrafts-0050.wav,datasec:DATASEC/Jet aircrafts/Jet aircrafts-0050.wav,test
datasec:DATASEC/Jet aircrafts/Jet aircrafts-0051.wav,datasec:DATASEC/Jet aircrafts/Jet aircrafts-0051.wav,train
datasec:DATASEC/Jet aircrafts/Jet aircrafts-0052.wav,datasec:DATASEC/Jet aircrafts/Jet aircrafts-0052.wav,train
datasec:DATASEC/Jet aircrafts/Jet aircrafts-0053.wav,datasec:DATASEC/Jet aircrafts/Jet aircrafts-0053.wav,train
datasec:DATASEC/Jet aircrafts/Jet aircrafts-0054.wav,datasec:DATASEC/Jet aircrafts/Jet aircrafts-0054.wav,validation
datasec:DATASEC/Jet aircrafts/Jet aircrafts-0055.wav,datasec:DATASEC/Jet aircrafts/Jet aircrafts-0055.wav,train
datasec:DATASEC/Jet aircrafts/Jet aircrafts-0056.wav,datasec:DATASEC/Jet aircrafts/Jet aircrafts-0056.wav,train
datasec:DATASEC/Jet aircrafts/Jet aircrafts-0057.wav,datasec:DATASEC/Jet aircrafts/Jet aircrafts-0057.wav,validation
datasec:DATASEC/Jet aircrafts/Jet aircrafts-0058.wav,datasec:DATASEC/Jet aircrafts/Jet aircrafts-0058.wav,train
datasec:DATASEC/Jet aircrafts/Jet aircrafts-0059.wav,datasec:DATASEC/Jet aircrafts/Jet aircrafts-0059.wav,train
datasec:DATASEC/Jet aircrafts/Jet aircrafts-0060.wav,datasec:DATASEC/Jet aircrafts/Jet aircrafts-0060.wav,train
datasec:DATASEC/Jet aircrafts/Jet aircrafts-0061.wav,datasec:DATASEC/Jet aircrafts/Jet aircrafts-0061.wav,validation
datasec:DATASEC/Jet aircrafts/Jet aircrafts-0062.wav,datasec:DATASEC/Jet aircrafts/Jet aircrafts-0062.wav,train
datasec:DATASEC/Jet aircrafts/Jet aircrafts-0063.wav,datasec:DATASEC/Jet aircrafts/Jet aircrafts-0063.wav,train
datasec:DATASEC/Jet aircrafts/Jet aircrafts-0064.wav,datasec:DATASEC/Jet aircrafts/Jet aircrafts-0064.wav,test
datasec:DATASEC/Jet aircrafts/Jet aircrafts-0065.wav,datasec:DATASEC/Jet aircrafts/Jet aircrafts-0065.wav,train
datasec:DATASEC/Jet aircrafts/Jet aircrafts-0066.wav,datasec:DATASEC/Jet aircrafts/Jet aircrafts-0066.wav,train
datasec:DATASEC/Jet aircrafts/Jet aircrafts-0067.wav,datasec:DATASEC/Jet aircrafts/Jet aircrafts-0067.wav,validation
datasec:DATASEC/Jet aircrafts/Jet aircrafts-0068.wav,datasec:DATASEC/Jet aircrafts/Jet aircrafts-0068.wav,train
datasec:DATASEC/Jet aircrafts/Jet aircrafts-0069.wav,datasec:DATASEC/Jet aircrafts/Jet aircrafts-0069.wav,train
datasec:DATASEC/Jet aircrafts/Jet aircrafts-0070.wav,datasec:DATASEC/Jet aircrafts/Jet aircrafts-0070.wav,train
datasec:DATASEC/Jet aircrafts/Jet aircrafts-0071.wav,datasec:DATASEC/Jet aircrafts/Jet aircrafts-0071.wav,train
datasec:DATASEC/Jet aircrafts/Jet aircrafts-0072.wav,datasec:DATASEC/Jet aircrafts/Jet aircrafts-0072.wav,train
datasec:DATASEC/Jet aircrafts/Jet aircrafts-0073.wav,datasec:DATASEC/Jet aircrafts/Jet aircrafts-0073.wav,validation
datasec:DATASEC/Jet aircrafts/Jet aircrafts-0074.wav,datasec:DATASEC/Jet aircrafts/Jet aircrafts-0074.wav,train
datasec:DATASEC/Jet aircrafts/Jet aircrafts-0075.wav,datasec:DATASEC/Jet aircrafts/Jet aircrafts-0075.wav,validation
datasec:DATASEC/Jet aircrafts/Jet aircrafts-0076.wav,datasec:DATASEC/Jet aircrafts/Jet aircrafts-0076.wav,train
datasec:DATASEC/Jet aircrafts/Jet aircrafts-0077.wav,datasec:DATASEC/Jet aircrafts/Jet aircrafts-0077.wav,train
datasec:DATASEC/Jet aircrafts/Jet aircrafts-0078.wav,datasec:DATASEC/Jet aircrafts/Jet aircrafts-0078.wav,train
datasec:DATASEC/Jet aircrafts/Jet aircrafts-0079.wav,datasec:DATASEC/Jet aircrafts/Jet aircrafts-0079.wav,validation
datasec:DATASEC/Jet aircrafts/Jet aircrafts-0080.wav,datasec:DATASEC/Jet aircrafts/Jet aircrafts-0080.wav,validation
datasec:DATASEC/Jet aircrafts/Jet aircrafts-0081.wav,datasec:DATASEC/Jet aircrafts/Jet aircrafts-0081.wav,test
datasec:DATASEC/Jet aircrafts/Jet aircrafts-0082.wav,datasec:DATASEC/Jet aircrafts/Jet aircrafts-0082.wav,train
datasec:DATASEC/Jet aircrafts/Jet aircrafts-0083.wav,datasec:DATASEC/Jet aircrafts/Jet aircrafts-0083.wav,train
datasec:DATASEC/Jet aircrafts/Jet aircrafts-0084.wav,datasec:DATASEC/Jet aircrafts/Jet aircrafts-0084.wav,train
datasec:DATASEC/Jet aircrafts/Jet aircrafts-0085.wav,datasec:DATASEC/Jet aircrafts/Jet aircrafts-0085.wav,validation
datasec:DATASEC/Jet aircrafts/Jet aircrafts-0086.wav,datasec:DATASEC/Jet aircrafts/Jet aircrafts-0086.wav,train
datasec:DATASEC/Jet aircrafts/Jet aircrafts-0087.wav,datasec:DATASEC/Jet aircrafts/Jet aircrafts-0087.wav,train
datasec:DATASEC/Jet aircrafts/Jet aircrafts-0088.wav,datasec:DATASEC/Jet aircrafts/Jet aircrafts-0088.wav,train
datasec:DATASEC/Jet aircrafts/Jet aircrafts-0089.wav,datasec:DATASEC/Jet aircrafts/Jet aircrafts-0089.wav,train
datasec:DATASEC/Jet aircrafts/Jet aircrafts-0090.wav,datasec:DATASEC/Jet aircrafts/Jet aircrafts-0090.wav,validation
datasec:DATASEC/Jet aircrafts/Jet aircrafts-0091.wav,datasec:DATASEC/Jet aircrafts/Jet aircrafts-0091.wav,train
datasec:DATASEC/Jet aircrafts/Jet aircrafts-0092.wav,datasec:DATASEC/Jet aircrafts/Jet aircrafts-0092.wav,train
datasec:DATASEC/Jet aircrafts/Jet aircrafts-0093.wav,datasec:DATASEC/Jet aircrafts/Jet aircrafts-0093.wav,train
datasec:DATASEC/Jet aircrafts/Jet aircrafts-0094.wav,datasec:DATASEC/Jet aircrafts/Jet aircrafts-0094.wav,train
datasec:DATASEC/Jet aircrafts/Jet aircrafts-0095.wav,datasec:DATASEC/Jet aircrafts/Jet aircrafts-0095.wav,train
datasec:DATASEC/Jet aircrafts/Jet aircrafts-0096.wav,datasec:DATASEC/Jet aircrafts/Jet aircrafts-0096.wav,train
datasec:DATASEC/Jet aircrafts/Jet aircrafts-0097.wav,datasec:DATASEC/Jet aircrafts/Jet aircrafts-0097.wav,validation
datasec:DATASEC/Jet aircrafts/Jet aircrafts-0098.wav,datasec:DATASEC/Jet aircrafts/Jet aircrafts-0098.wav,validation
datasec:DATASEC/Jet aircrafts/Jet aircrafts-0099.wav,datasec:DATASEC/Jet aircrafts/Jet aircrafts-0099.wav,train
datasec:DATASEC/Jet aircrafts/Jet aircrafts-0100.wav,datasec:DATASEC/Jet aircrafts/Jet aircrafts-0100.wav,train
datasec:DATASEC/Jet aircrafts/Jet aircrafts-0101.wav,datasec:DATASEC/Jet aircrafts/Jet aircrafts-0101.wav,validation
datasec:DATASEC/Jet aircrafts/Jet aircrafts-0102.wav,datasec:DATASEC/Jet aircrafts/Jet aircrafts-0102.wav,test
datasec:DATASEC/Jet aircrafts/Jet aircrafts-0103.wav,datasec:DATASEC/Jet aircrafts/Jet aircrafts-0103.wav,train
datasec:DATASEC/Lawn mower brush cutter and olive shaker/Brush cutter/Brush cutter-0001.wav,datasec:DATASEC/Lawn mower brush cutter and olive shaker/Brush cutter/Brush cutter-0001.wav,train
datasec:DATASEC/Lawn mower brush cutter and olive shaker/Brush cutter/Brush cutter-0002.wav,datasec:DATASEC/Lawn mower brush cutter and olive shaker/Brush cutter/Brush cutter-0002.wav,validation
datasec:DATASEC/Lawn mower brush cutter and olive shaker/Brush cutter/Brush cutter-0003.wav,datasec:DATASEC/Lawn mower brush cutter and olive shaker/Brush cutter/Brush cutter-0003.wav,train
datasec:DATASEC/Lawn mower brush cutter and olive shaker/Brush cutter/Brush cutter-0004.wav,datasec:DATASEC/Lawn mower brush cutter and olive shaker/Brush cutter/Brush cutter-0004.wav,train
datasec:DATASEC/Lawn mower brush cutter and olive shaker/Brush cutter/Brush cutter-0005.wav,datasec:DATASEC/Lawn mower brush cutter and olive shaker/Brush cutter/Brush cutter-0005.wav,train
datasec:DATASEC/Lawn mower brush cutter and olive shaker/Brush cutter/Brush cutter-0006.wav,datasec:DATASEC/Lawn mower brush cutter and olive shaker/Brush cutter/Brush cutter-0006.wav,train
datasec:DATASEC/Lawn mower brush cutter and olive shaker/Brush cutter/Brush cutter-0007.wav,datasec:DATASEC/Lawn mower brush cutter and olive shaker/Brush cutter/Brush cutter-0007.wav,train
datasec:DATASEC/Lawn mower brush cutter and olive shaker/Brush cutter/Brush cutter-0008.wav,datasec:DATASEC/Lawn mower brush cutter and olive shaker/Brush cutter/Brush cutter-0008.wav,train
datasec:DATASEC/Lawn mower brush cutter and olive shaker/Brush cutter/Brush cutter-0036.wav,datasec:DATASEC/Lawn mower brush cutter and olive shaker/Brush cutter/Brush cutter-0036.wav,validation
datasec:DATASEC/Lawn mower brush cutter and olive shaker/Brush cutter/Brush cutter-0037.wav,datasec:DATASEC/Lawn mower brush cutter and olive shaker/Brush cutter/Brush cutter-0037.wav,train
datasec:DATASEC/Lawn mower brush cutter and olive shaker/Brush cutter/Brush cutter-0038.wav,datasec:DATASEC/Lawn mower brush cutter and olive shaker/Brush cutter/Brush cutter-0038.wav,test
datasec:DATASEC/Lawn mower brush cutter and olive shaker/Brush cutter/Brush cutter-0040.wav,datasec:DATASEC/Lawn mower brush cutter and olive shaker/Brush cutter/Brush cutter-0002.wav,validation
datasec:DATASEC/Lawn mower brush cutter and olive shaker/Brush cutter/Brush cutter-0041.wav,datasec:DATASEC/Lawn mower brush cutter and olive shaker/Brush cutter/Brush cutter-0041.wav,train
datasec:DATASEC/Lawn mower brush cutter and olive shaker/Brush cutter/Brush cutter-0042.wav,datasec:DATASEC/Lawn mower brush cutter and olive shaker/Brush cutter/Brush cutter-0042.wav,train
datasec:DATASEC/Lawn mower brush cutter and olive shaker/Brush cutter/Brush cutter-0043.wav,datasec:DATASEC/Lawn mower brush cutter and olive shaker/Brush cutter/Brush cutter-0043.wav,train
datasec:DATASEC/Lawn mower brush cutter and olive shaker/Brush cutter/Brush cutter-0044.wav,datasec:DATASEC/Lawn mower brush cutter and olive shaker/Brush cutter/Brush cutter-0044.wav,validation
datasec:DATASEC/Lawn mower brush cutter and olive shaker/Brush cutter/Brush cutter-0045.wav,datasec:DATASEC/Lawn mower brush cutter and olive shaker/Brush cutter/Brush cutter-0045.wav,train
datasec:DATASEC/Lawn mower brush cutter and olive shaker/Brush cutter/Brush cutter-0046.wav,datasec:DATASEC/Lawn mower brush cutter and olive shaker/Brush cutter/Brush cutter-0046.wav,validation
datasec:DATASEC/Lawn mower brush cutter and olive shaker/Brush cutter/Brush cutter-0047.wav,datasec:DATASEC/Lawn mower brush cutter and olive shaker/Brush cutter/Brush cutter-0047.wav,test
datasec:DATASEC/Lawn mower brush cutter and olive shaker/Brush cutter/Brush cutter-0048.wav,datasec:DATASEC/Lawn mower brush cutter and olive shaker/Brush cutter/Brush cutter-0048.wav,test
datasec:DATASEC/Lawn mower brush cutter and olive shaker/Brush cutter/Brush cutter-0049.wav,datasec:DATASEC/Lawn mower brush cutter and olive shaker/Brush cutter/Brush cutter-0049.wav,validation
datasec:DATASEC/Lawn mower brush cutter and olive shaker/Brush cutter/Brush cutter-0050.wav,datasec:DATASEC/Lawn mower brush cutter and olive shaker/Brush cutter/Brush cutter-0050.wav,train
datasec:DATASEC/Lawn mower brush cutter and olive shaker/Brush cutter/Brush cutter-0051.wav,datasec:DATASEC/Lawn mower brush cutter and olive shaker/Brush cutter/Brush cutter-0051.wav,test
datasec:DATASEC/Lawn mower brush cutter and olive shaker/Brush cutter/Brush cutter-0052.wav,datasec:DATASEC/Lawn mower brush cutter and olive shaker/Brush cutter/Brush cutter-0052.wav,train
datasec:DATASEC/Lawn mower brush cutter and olive shaker/Brush cutter/Brush cutter-0053.wav,datasec:DATASEC/Lawn mower brush cutter and olive shaker/Brush cutter/Brush cutter-0052.wav,train
datasec:DATASEC/Lawn mower brush cutter and olive shaker/Brush cutter/Brush cutter-0054.wav,datasec:DATASEC/Lawn mower brush cutter and olive shaker/Brush cutter/Brush cutter-0052.wav,train
datasec:DATASEC/Lawn mower brush cutter and olive shaker/Brush cutter/Brush cutter-0056.wav,datasec:DATASEC/Lawn mower brush cutter and olive shaker/Brush cutter/Brush cutter-0003.wav,train
datasec:DATASEC/Lawn mower brush cutter and olive shaker/Brush cutter/Brush cutter-0057.wav,datasec:DATASEC/Lawn mower brush cutter and olive shaker/Brush cutter/Brush cutter-0057.wav,train
datasec:DATASEC/Lawn mower brush cutter and olive shaker/Brush cutter/Brush cutter-0058.wav,datasec:DATASEC/Lawn mower brush cutter and olive shaker/Brush cutter/Brush cutter-0058.wav,test
datasec:DATASEC/Lawn mower brush cutter and olive shaker/Brush cutter/Brush cutter-0059.wav,datasec:DATASEC/Lawn mower brush cutter and olive shaker/Brush cutter/Brush cutter-0059.wav,train
datasec:DATASEC/Lawn mower brush cutter and olive shaker/Brush cutter/Brush cutter-0060.wav,datasec:DATASEC/Lawn mower brush cutter and olive shaker/Brush cutter/Brush cutter-0060.wav,test
datasec:DATASEC/Lawn mower brush cutter and olive shaker/Brush cutter/Brush cutter-0061.wav,datasec:DATASEC/Lawn mower brush cutter and olive shaker/Brush cutter/Brush cutter-0061.wav,train
datasec:DATASEC/Lawn mower brush cutter and olive shaker/Brush cutter/Brush cutter-0062.wav,datasec:DATASEC/Lawn mower brush cutter and olive shaker/Brush cutter/Brush cutter-0062.wav,train
datasec:DATASEC/Lawn mower brush cutter and olive shaker/Brush cutter/Brush cutter-0063.wav,datasec:DATASEC/Lawn mower brush cutter and olive shaker/Brush cutter/Brush cutter-0063.wav,train
datasec:DATASEC/Lawn mower brush cutter and olive shaker/Brush cutter/Brush cutter-0064.wav,datasec:DATASEC/Lawn mower brush cutter and olive shaker/Brush cutter/Brush cutter-0064.wav,train
datasec:DATASEC/Lawn mower brush cutter and olive shaker/Brush cutter/Brush cutter-0065.wav,datasec:DATASEC/Lawn mower brush cutter and olive shaker/Brush cutter/Brush cutter-0065.wav,train
datasec:DATASEC/Lawn mower brush cutter and olive shaker/Brush cutter/Brush cutter-0066.wav,datasec:DATASEC/Lawn mower brush cutter and olive shaker/Brush cutter/Brush cutter-0066.wav,train
datasec:DATASEC/Lawn mower brush cutter and olive shaker/Brush cutter/Brush cutter-0067.wav,datasec:DATASEC/Lawn mower brush cutter and olive shaker/Brush cutter/Brush cutter-0067.wav,validation
datasec:DATASEC/Lawn mower brush cutter and olive shaker/Brush cutter/Brush cutter-0068.wav,datasec:DATASEC/Lawn mower brush cutter and olive shaker/Brush cutter/Brush cutter-0068.wav,train
datasec:DATASEC/Lawn mower brush cutter and olive shaker/Brush cutter/Brush cutter-0069.wav,datasec:DATASEC/Lawn mower brush cutter and olive shaker/Brush cutter/Brush cutter-0069.wav,train
datasec:DATASEC/Lawn mower brush cutter and olive shaker/Brush cutter/Brush cutter-0070.wav,datasec:DATASEC/Lawn mower brush cutter and olive shaker/Brush cutter/Brush cutter-0070.wav,train
datasec:DATASEC/Lawn mower brush cutter and olive shaker/Brush cutter/Brush cutter-0071.wav,datasec:DATASEC/Lawn mower brush cutter and olive shaker/Brush cutter/Brush cutter-0071.wav,train
datasec:DATASEC/Lawn mower brush cutter and olive shaker/Brush cutter/Brush cutter-0072.wav,datasec:DATASEC/Lawn mower brush cutter and olive shaker/Brush cutter/Brush cutter-0072.wav,train
datasec:DATASEC/Lawn mower brush cutter and olive shaker/Brush cutter/Brush cutter-0073.wav,datasec:DATASEC/Lawn mower brush cutter and olive shaker/Brush cutter/Brush cutter-0073.wav,test
datasec:DATASEC/Lawn mower brush cutter and olive shaker/Brush cutter/Brush cutter-0075.wav,datasec:DATASEC/Lawn mower brush cutter and olive shaker/Brush cutter/Brush cutter-0075.wav,train
datasec:DATASEC/Lawn mower brush cutter and olive shaker/Brush cutter/Brush cutter-0076.wav,datasec:DATASEC/Lawn mower brush cutter and olive shaker/Brush cutter/Brush cutter-0076.wav,test
datasec:DATASEC/Lawn mower brush cutter and olive shaker/Brush cutter/Brush cutter-0077.wav,datasec:DATASEC/Lawn mower brush cutter and olive shaker/Brush cutter/Brush cutter-0077.wav,validation
datasec:DATASEC/Lawn mower brush cutter and olive shaker/Brush cutter/Brush cutter-0078.wav,datasec:DATASEC/Lawn mower brush cutter and olive shaker/Brush cutter/Brush cutter-0078.wav,train
datasec:DATASEC/Lawn mower brush cutter and olive shaker/Brush cutter/Brush cutter-0079.wav,datasec:DATASEC/Lawn mower brush cutter and olive shaker/Brush cutter/Brush cutter-0079.wav,train
datasec:DATASEC/Lawn mower brush cutter and olive shaker/Brush cutter/Brush cutter-0080.wav,datasec:DATASEC/Lawn mower brush cutter and olive shaker/Brush cutter/Brush cutter-0080.wav,train
datasec:DATASEC/Lawn mower brush cutter and olive shaker/Brush cutter/Brush cutter-0081.wav,datasec:DATASEC/Lawn mower brush cutter and olive shaker/Brush cutter/Brush cutter-0081.wav,train
datasec:DATASEC/Lawn mower brush cutter and olive shaker/Brush cutter/Brush cutter-0082.wav,datasec:DATASEC/Lawn mower brush cutter and olive shaker/Brush cutter/Brush cutter-0082.wav,train
datasec:DATASEC/Lawn mower brush cutter and olive shaker/Brush cutter/Brush cutter-0083.wav,datasec:DATASEC/Lawn mower brush cutter and olive shaker/Brush cutter/Brush cutter-0083.wav,validation
datasec:DATASEC/Lawn mower brush cutter and olive shaker/Brush cutter/Brush cutter-0084.wav,datasec:DATASEC/Lawn mower brush cutter and olive shaker/Brush cutter/Brush cutter-0084.wav,train
datasec:DATASEC/Lawn mower brush cutter and olive shaker/Brush cutter/Brush cutter-0085.wav,datasec:DATASEC/Lawn mower brush cutter and olive shaker/Brush cutter/Brush cutter-0085.wav,train
datasec:DATASEC/Lawn mower brush cutter and olive shaker/Brush cutter/Brush cutter-0086.wav,datasec:DATASEC/Lawn mower brush cutter and olive shaker/Brush cutter/Brush cutter-0086.wav,train
datasec:DATASEC/Lawn mower brush cutter and olive shaker/Lawn mower/Lawn mower-0001.wav,datasec:DATASEC/Lawn mower brush cutter and olive shaker/Lawn mower/Lawn mower-0001.wav,test
datasec:DATASEC/Lawn mower brush cutter and olive shaker/Lawn mower/Lawn mower-0002.wav,datasec:DATASEC/Lawn mower brush cutter and olive shaker/Lawn mower/Lawn mower-0002.wav,train
datasec:DATASEC/Lawn mower brush cutter and olive shaker/Lawn mower/Lawn mower-0003.wav,datasec:DATASEC/Lawn mower brush cutter and olive shaker/Lawn mower/Lawn mower-0003.wav,train
datasec:DATASEC/Lawn mower brush cutter and olive shaker/Lawn mower/Lawn mower-0004.wav,datasec:DATASEC/Lawn mower brush cutter and olive shaker/Lawn mower/Lawn mower-0004.wav,train
datasec:DATASEC/Lawn mower brush cutter and olive shaker/Lawn mower/Lawn mower-0005.wav,datasec:DATASEC/Lawn mower brush cutter and olive shaker/Lawn mower/Lawn mower-0005.wav,train
datasec:DATASEC/Lawn mower brush cutter and olive shaker/Lawn mower/Lawn mower-0006.wav,datasec:DATASEC/Lawn mower brush cutter and olive shaker/Lawn mower/Lawn mower-0006.wav,train
datasec:DATASEC/Lawn mower brush cutter and olive shaker/Lawn mower/Lawn mower-0007.wav,datasec:DATASEC/Lawn mower brush cutter and olive shaker/Lawn mower/Lawn mower-0007.wav,validation
datasec:DATASEC/Lawn mower brush cutter and olive shaker/Lawn mower/Lawn mower-0008.wav,datasec:DATASEC/Lawn mower brush cutter and olive shaker/Lawn mower/Lawn mower-0008.wav,train
datasec:DATASEC/Lawn mower brush cutter and olive shaker/Lawn mower/Lawn mower-0009.wav,datasec:DATASEC/Lawn mower brush cutter and olive shaker/Lawn mower/Lawn mower-0009.wav,validation
datasec:DATASEC/Lawn mower brush cutter and olive shaker/Lawn mower/Lawn mower-0010.wav,datasec:DATASEC/Lawn mower brush cutter and olive shaker/Lawn mower/Lawn mower-0010.wav,train
datasec:DATASEC/Lawn mower brush cutter and olive shaker/Lawn mower/Lawn mower-0011.wav,datasec:DATASEC/Lawn mower brush cutter and olive shaker/Lawn mower/Lawn mower-0011.wav,train
datasec:DATASEC/Lawn mower brush cutter and olive shaker/Lawn mower/Lawn mower-0012.wav,datasec:DATASEC/Lawn mower brush cutter and olive shaker/Lawn mower/Lawn mower-0012.wav,train
datasec:DATASEC/Lawn mower brush cutter and olive shaker/Lawn mower/Lawn mower-0013.wav,datasec:DATASEC/Lawn mower brush cutter and olive shaker/Lawn mower/Lawn mower-0013.wav,train
datasec:DATASEC/Lawn mower brush cutter and olive shaker/Lawn mower/Lawn mower-0014.wav,datasec:DATASEC/Lawn mower brush cutter and olive shaker/Lawn mower/Lawn mower-0014.wav,train
datasec:DATASEC/Lawn mower brush cutter and olive shaker/Lawn mower/Lawn mower-0015.wav,datasec:DATASEC/Lawn mower brush cutter and olive shaker/Lawn mower/Lawn mower-0015.wav,train
datasec:DATASEC/Lawn mower brush cutter and olive shaker/Lawn mower/Lawn mower-0016.wav,datasec:DATASEC/Lawn mower brush cutter and olive shaker/Lawn mower/Lawn mower-0016.wav,test
datasec:DATASEC/Lawn mower brush cutter and olive shaker/Lawn mower/Lawn mower-0017.wav,datasec:DATASEC/Lawn mower brush cutter and olive shaker/Lawn mower/Lawn mower-0017.wav,train
datasec:DATASEC/Lawn mower brush cutter and olive shaker/Lawn mower/Lawn mower-0018.wav,datasec:DATASEC/Lawn mower brush cutter and olive shaker/Lawn mower/Lawn mower-0018.wav,test
datasec:DATASEC/Lawn mower brush cutter and olive shaker/Lawn mower/Lawn mower-0019.wav,datasec:DATASEC/Lawn mower brush cutter and olive shaker/Lawn mower/Lawn mower-0019.wav,train
datasec:DATASEC/Lawn mower brush cutter and olive shaker/Lawn mower/Lawn mower-0020.wav,datasec:DATASEC/Lawn mower brush cutter and olive shaker/Lawn mower/Lawn mower-0020.wav,train
datasec:DATASEC/Lawn mower brush cutter and olive shaker/Lawn mower/Lawn mower-0021.wav,datasec:DATASEC/Lawn mower brush cutter and olive shaker/Lawn mower/Lawn mower-0021.wav,validation
datasec:DATASEC/Lawn mower brush cutter and olive shaker/Olive shaker/Olive shaker-0001.wav,datasec:DATASEC/Lawn mower brush cutter and olive shaker/Olive shaker/Olive shaker-0001.wav,train
datasec:DATASEC/Lawn mower brush cutter and olive shaker/Olive shaker/Olive shaker-0002.wav,datasec:DATASEC/Lawn mower brush cutter and olive shaker/Olive shaker/Olive shaker-0002.wav,train
datasec:DATASEC/Lawn mower brush cutter and olive shaker/Olive shaker/Olive shaker-0003.wav,datasec:DATASEC/Lawn mower brush cutter and olive shaker/Olive shaker/Olive shaker-0003.wav,train
datasec:DATASEC/Lawn mower brush cutter and olive shaker/Olive shaker/Olive shaker-0004.wav,datasec:DATASEC/Lawn mower brush cutter and olive shaker/Olive shaker/Olive shaker-0004.wav,train
datasec:DATASEC/Lawn mower brush cutter and olive shaker/Olive shaker/Olive shaker-0005.wav,datasec:DATASEC/Lawn mower brush cutter and olive shaker/Olive shaker/Olive shaker-0005.wav,train
datasec:DATASEC/Lawn mower brush cutter and olive shaker/Olive shaker/Olive shaker-0006.wav,datasec:DATASEC/Lawn mower brush cutter and olive shaker/Olive shaker/Olive shaker-0006.wav,validation
datasec:DATASEC/Lawn mower brush cutter and olive shaker/Olive shaker/Olive shaker-0007.wav,datasec:DATASEC/Lawn mower brush cutter and olive shaker/Olive shaker/Olive shaker-0007.wav,validation
datasec:DATASEC/Lawn mower brush cutter and olive shaker/Olive shaker/Olive shaker-0008.wav,datasec:DATASEC/Lawn mower brush cutter and olive shaker/Olive shaker/Olive shaker-0008.wav,train
datasec:DATASEC/Lawn mower brush cutter and olive shaker/Olive shaker/Olive shaker-0009.wav,datasec:DATASEC/Lawn mower brush cutter and olive shaker/Olive shaker/Olive shaker-0009.wav,train
datasec:DATASEC/Lawn mower brush cutter and olive shaker/Olive shaker/Olive shaker-0010.wav,datasec:DATASEC/Lawn mower brush cutter and olive shaker/Olive shaker/Olive shaker-0010.wav,train
datasec:DATASEC/Lawn mower brush cutter and olive shaker/Olive shaker/Olive shaker-0011.wav,datasec:DATASEC/Lawn mower brush cutter and olive shaker/Olive shaker/Olive shaker-0011.wav,test
datasec:DATASEC/Lawn mower brush cutter and olive shaker/Olive shaker/Olive shaker-0012.wav,datasec:DATASEC/Lawn mower brush cutter and olive shaker/Brush cutter/Brush cutter-0003.wav,train
datasec:DATASEC/Lawn mower brush cutter and olive shaker/Olive shaker/Olive shaker-0013.wav,datasec:DATASEC/Lawn mower brush cutter and olive shaker/Olive shaker/Olive shaker-0013.wav,validation
datasec:DATASEC/Lawn mower brush cutter and olive shaker/Olive shaker/Olive shaker-0014.wav,datasec:DATASEC/Lawn mower brush cutter and olive shaker/Olive shaker/Olive shaker-0014.wav,train
datasec:DATASEC/Lawn mower brush cutter and olive shaker/Olive shaker/Olive shaker-0015.wav,datasec:DATASEC/Lawn mower brush cutter and olive shaker/Olive shaker/Olive shaker-0015.wav,test
datasec:DATASEC/Lawn mower brush cutter and olive shaker/Olive shaker/Olive shaker-0016.wav,datasec:DATASEC/Lawn mower brush cutter and olive shaker/Olive shaker/Olive shaker-0016.wav,test
datasec:DATASEC/Lawn mower brush cutter and olive shaker/Olive shaker/Olive shaker-0017.wav,datasec:DATASEC/Lawn mower brush cutter and olive shaker/Olive shaker/Olive shaker-0017.wav,train
datasec:DATASEC/Lawn mower brush cutter and olive shaker/Olive shaker/Olive shaker-0018.wav,datasec:DATASEC/Lawn mower brush cutter and olive shaker/Olive shaker/Olive shaker-0018.wav,train
datasec:DATASEC/Lawn mower brush cutter and olive shaker/Olive shaker/Olive shaker-0019.wav,datasec:DATASEC/Lawn mower brush cutter and olive shaker/Olive shaker/Olive shaker-0019.wav,train
datasec:DATASEC/Lawn mower brush cutter and olive shaker/Olive shaker/Olive shaker-0020.wav,datasec:DATASEC/Lawn mower brush cutter and olive shaker/Olive shaker/Olive shaker-0020.wav,train
datasec:DATASEC/Music/Music-0001.wav,datasec:DATASEC/Music/Music-0001.wav,train
datasec:DATASEC/Music/Music-0002.wav,datasec:DATASEC/Music/Music-0002.wav,validation
datasec:DATASEC/Music/Music-0003.wav,datasec:DATASEC/Music/Music-0003.wav,validation
datasec:DATASEC/Music/Music-0004.wav,datasec:DATASEC/Music/Music-0004.wav,test
datasec:DATASEC/Music/Music-0005.wav,datasec:DATASEC/Music/Music-0005.wav,train
datasec:DATASEC/Music/Music-0006.wav,datasec:DATASEC/Music/Music-0006.wav,train
datasec:DATASEC/Music/Music-0007.wav,datasec:DATASEC/Music/Music-0007.wav,test
datasec:DATASEC/Music/Music-0008.wav,datasec:DATASEC/Music/Music-0008.wav,train
datasec:DATASEC/Music/Music-0009.wav,datasec:DATASEC/Music/Music-0009.wav,validation
datasec:DATASEC/Music/Music-0010.wav,datasec:DATASEC/Music/Music-0010.wav,validation
datasec:DATASEC/Music/Music-0011.wav,datasec:DATASEC/Music/Music-0011.wav,train
datasec:DATASEC/Music/Music-0012.wav,datasec:DATASEC/Music/Music-0012.wav,train
datasec:DATASEC/Music/Music-0013.wav,datasec:DATASEC/Music/Music-0013.wav,validation
datasec:DATASEC/Music/Music-0014.wav,datasec:DATASEC/Music/Music-0014.wav,train
datasec:DATASEC/Music/Music-0015.wav,datasec:DATASEC/Music/Music-0015.wav,test
datasec:DATASEC/Music/Music-0016.wav,datasec:DATASEC/Music/Music-0016.wav,validation
datasec:DATASEC/Music/Music-0017.wav,datasec:DATASEC/Music/Music-0017.wav,test
datasec:DATASEC/Music/Music-0018.wav,datasec:DATASEC/Music/Music-0018.wav,train
datasec:DATASEC/Music/Music-0019.wav,datasec:DATASEC/Music/Music-0019.wav,train
datasec:DATASEC/Music/Music-0020.wav,datasec:DATASEC/Music/Music-0020.wav,train
datasec:DATASEC/Music/Music-0021.wav,datasec:DATASEC/Music/Music-0021.wav,train
datasec:DATASEC/Music/Music-0022.wav,datasec:DATASEC/Music/Music-0022.wav,validation
datasec:DATASEC/Music/Music-0023.wav,datasec:DATASEC/Music/Music-0023.wav,train
datasec:DATASEC/Music/Music-0024.wav,datasec:DATASEC/Music/Music-0024.wav,train
datasec:DATASEC/Music/Music-0025.wav,datasec:DATASEC/Music/Music-0025.wav,train
datasec:DATASEC/Music/Music-0026.wav,datasec:DATASEC/Music/Music-0026.wav,test
datasec:DATASEC/Music/Music-0027.wav,datasec:DATASEC/Music/Music-0027.wav,validation
datasec:DATASEC/Music/Music-0028.wav,datasec:DATASEC/Music/Music-0028.wav,train
datasec:DATASEC/Music/Music-0029.wav,datasec:DATASEC/Music/Music-0029.wav,test
datasec:DATASEC/Music/Music-0030.wav,datasec:DATASEC/Music/Music-0030.wav,train
datasec:DATASEC/Music/Music-0031.wav,datasec:DATASEC/Music/Music-0031.wav,train
datasec:DATASEC/Music/Music-0032.wav,datasec:DATASEC/Music/Music-0032.wav,train
datasec:DATASEC/Music/Music-0033.wav,datasec:DATASEC/Music/Music-0033.wav,train
datasec:DATASEC/Music/Music-0034.wav,datasec:DATASEC/Music/Music-0034.wav,train
datasec:DATASEC/Music/Music-0035.wav,datasec:DATASEC/Music/Music-0035.wav,train
datasec:DATASEC/Music/Music-0036.wav,datasec:DATASEC/Music/Music-0036.wav,train
datasec:DATASEC/Music/Music-0037.wav,datasec:DATASEC/Music/Music-0037.wav,validation
datasec:DATASEC/Music/Music-0038.wav,datasec:DATASEC/Music/Music-0038.wav,validation
datasec:DATASEC/Music/Music-0039.wav,datasec:DATASEC/Music/Music-0039.wav,train
datasec:DATASEC/Music/Music-0040.wav,datasec:DATASEC/Music/Music-0040.wav,validation
datasec:DATASEC/Music/Music-0041.wav,datasec:DATASEC/Music/Music-0041.wav,train
datasec:DATASEC/Music/Music-0042.wav,datasec:DATASEC/Music/Music-0042.wav,test
datasec:DATASEC/Music/Music-0043.wav,datasec:DATASEC/Music/Music-0043.wav,train
datasec:DATASEC/Music/Music-0044.wav,datasec:DATASEC/Music/Music-0044.wav,train
datasec:DATASEC/Music/Music-0045.wav,datasec:DATASEC/Music/Music-0045.wav,train
datasec:DATASEC/Music/Music-0046.wav,datasec:DATASEC/Music/Music-0046.wav,validation
datasec:DATASEC/Music/Music-0047.wav,datasec:DATASEC/Music/Music-0047.wav,train
datasec:DATASEC/Music/Music-0048.wav,datasec:DATASEC/Music/Music-0048.wav,train
datasec:DATASEC/Music/Music-0049.wav,datasec:DATASEC/Music/Music-0049.wav,train
datasec:DATASEC/Music/Music-0050.wav,datasec:DATASEC/Music/Music-0050.wav,validation
datasec:DATASEC/Music/Music-0051.wav,datasec:DATASEC/Music/Music-0051.wav,test
datasec:DATASEC/Music/Music-0052.wav,datasec:DATASEC/Music/Music-0052.wav,train
datasec:DATASEC/Music/Music-0053.wav,datasec:DATASEC/Music/Music-0053.wav,train
datasec:DATASEC/Music/Music-0054.wav,datasec:DATASEC/Music/Music-0054.wav,train
datasec:DATASEC/Music/Music-0055.wav,datasec:DATASEC/Music/Music-0055.wav,train
datasec:DATASEC/Music/Music-0056.wav,datasec:DATASEC/Music/Music-0056.wav,train
datasec:DATASEC/Music/Music-0057.wav,datasec:DATASEC/Music/Music-0057.wav,validation
datasec:DATASEC/Music/Music-0058.wav,datasec:DATASEC/Music/Music-0058.wav,train
datasec:DATASEC/Music/Music-0059.wav,datasec:DATASEC/Music/Music-0059.wav,train
datasec:DATASEC/Music/Music-0060.wav,datasec:DATASEC/Music/Music-0060.wav,validation
datasec:DATASEC/Music/Music-0061.wav,datasec:DATASEC/Music/Music-0061.wav,train
datasec:DATASEC/Music/Music-0062.wav,datasec:DATASEC/Music/Music-0062.wav,train
datasec:DATASEC/Music/Music-0063.wav,datasec:DATASEC/Music/Music-0063.wav,validation
datasec:DATASEC/Music/Music-0064.wav,datasec:DATASEC/Music/Music-0064.wav,train
datasec:DATASEC/Music/Music-0065.wav,datasec:DATASEC/Music/Music-0065.wav,validation
datasec:DATASEC/Music/Music-0066.wav,datasec:DATASEC/Music/Music-0066.wav,train
datasec:DATASEC/Music/Music-0067.wav,datasec:DATASEC/Music/Music-0067.wav,train
datasec:DATASEC/Music/Music-0068.wav,datasec:DATASEC/Music/Music-0068.wav,train
datasec:DATASEC/Music/Music-0069.wav,datasec:DATASEC/Music/Music-0069.wav,train
datasec:DATASEC/Music/Music-0070.wav,datasec:DATASEC/Music/Music-0070.wav,test
datasec:DATASEC/Music/Music-0071.wav,datasec:DATASEC/Music/Music-0071.wav,validation
datasec:DATASEC/Music/Music-0072.wav,datasec:DATASEC/Music/Music-0072.wav,test
datasec:DATASEC/Music/Music-0073.wav,datasec:DATASEC/Music/Music-0073.wav,train
datasec:DATASEC/Music/Music-0074.wav,datasec:DATASEC/Music/Music-0074.wav,train
datasec:DATASEC/Music/Music-0075.wav,datasec:DATASEC/Music/Music-0075.wav,test
datasec:DATASEC/Music/Music-0076.wav,datasec:DATASEC/Music/Music-0076.wav,train
datasec:DATASEC/Music/Music-0077.wav,datasec:DATASEC/Music/Music-0077.wav,train
datasec:DATASEC/Music/Music-0078.wav,datasec:DATASEC/Music/Music-0078.wav,validation
datasec:DATASEC/Music/Music-0079.wav,datasec:DATASEC/Music/Music-0079.wav,validation
datasec:DATASEC/Music/Music-0080.wav,datasec:DATASEC/Music/Music-0080.wav,train
datasec:DATASEC/Music/Music-0081.wav,datasec:DATASEC/Music/Music-0081.wav,train
datasec:DATASEC/Music/Music-0082.wav,datasec:DATASEC/Music/Music-0082.wav,validation
datasec:DATASEC/Music/Music-0083.wav,datasec:DATASEC/Music/Music-0083.wav,train
datasec:DATASEC/Music/Music-0084.wav,datasec:DATASEC/Music/Music-0084.wav,train
datasec:DATASEC/Music/Music-0085.wav,datasec:DATASEC/Music/Music-0085.wav,train
datasec:DATASEC/Music/Music-0086.wav,datasec:DATASEC/Music/Music-0086.wav,train
datasec:DATASEC/Music/Music-0087.wav,datasec:DATASEC/Music/Music-0087.wav,train
datasec:DATASEC/Music/Music-0088.wav,datasec:DATASEC/Music/Music-0088.wav,train
datasec:DATASEC/Music/Music-0089.wav,datasec:DATASEC/Music/Music-0089.wav,test
datasec:DATASEC/Music/Music-0090.wav,datasec:DATASEC/Music/Music-0090.wav,train
datasec:DATASEC/Music/Music-0091.wav,datasec:DATASEC/Music/Music-0091.wav,train
datasec:DATASEC/Music/Music-0092.wav,datasec:DATASEC/Music/Music-0092.wav,train
datasec:DATASEC/Music/Music-0093.wav,datasec:DATASEC/Music/Music-0093.wav,train
datasec:DATASEC/Music/Music-0094.wav,datasec:DATASEC/Music/Music-0094.wav,train
datasec:DATASEC/Music/Music-0095.wav,datasec:DATASEC/Music/Music-0095.wav,test
datasec:DATASEC/Music/Music-0096.wav,datasec:DATASEC/Music/Music-0096.wav,train
datasec:DATASEC/Music/Music-0097.wav,datasec:DATASEC/Music/Music-0097.wav,train
datasec:DATASEC/Music/Music-0098.wav,datasec:DATASEC/Music/Music-0098.wav,train
datasec:DATASEC/Music/Music-0099.wav,datasec:DATASEC/Music/Music-0099.wav,test
datasec:DATASEC/Music/Music-0100.wav,datasec:DATASEC/Music/Music-0100.wav,train
datasec:DATASEC/Music/Music-0101.wav,datasec:DATASEC/Music/Music-0101.wav,validation
datasec:DATASEC/Music/Music-0102.wav,datasec:DATASEC/Music/Music-0102.wav,train
datasec:DATASEC/Music/Music-0103.wav,datasec:DATASEC/Music/Music-0103.wav,validation
datasec:DATASEC/Music/Music-0104.wav,datasec:DATASEC/Music/Music-0104.wav,train
datasec:DATASEC/Music/Music-0105.wav,datasec:DATASEC/Music/Music-0105.wav,test
datasec:DATASEC/Music/Music-0106.wav,datasec:DATASEC/Music/Music-0106.wav,train
datasec:DATASEC/Music/Music-0107.wav,datasec:DATASEC/Music/Music-0107.wav,train
datasec:DATASEC/Music/Music-0108.wav,datasec:DATASEC/Music/Music-0108.wav,train
datasec:DATASEC/Music/Music-0109.wav,datasec:DATASEC/Music/Music-0109.wav,train
datasec:DATASEC/Music/Music-0110.wav,datasec:DATASEC/Music/Music-0110.wav,train
datasec:DATASEC/Music/Music-0111.wav,datasec:DATASEC/Music/Music-0111.wav,test
datasec:DATASEC/Music/Music-0112.wav,datasec:DATASEC/Music/Music-0112.wav,train
datasec:DATASEC/Music/Music-0113.wav,datasec:DATASEC/Music/Music-0113.wav,train
datasec:DATASEC/Music/Music-0114.wav,datasec:DATASEC/Music/Music-0114.wav,train
datasec:DATASEC/Music/Music-0115.wav,datasec:DATASEC/Music/Music-0115.wav,train
datasec:DATASEC/Music/Music-0116.wav,datasec:DATASEC/Music/Music-0116.wav,train
datasec:DATASEC/Music/Music-0117.wav,datasec:DATASEC/Music/Music-0117.wav,test
datasec:DATASEC/Music/Music-0118.wav,datasec:DATASEC/Music/Music-0118.wav,test
datasec:DATASEC/Music/Music-0119.wav,datasec:DATASEC/Music/Music-0119.wav,validation
datasec:DATASEC/Music/Music-0120.wav,datasec:DATASEC/Music/Music-0120.wav,validation
datasec:DATASEC/Music/Music-0121.wav,datasec:DATASEC/Music/Music-0121.wav,train
datasec:DATASEC/Music/Music-0122.wav,datasec:DATASEC/Music/Music-0122.wav,train
datasec:DATASEC/Music/Music-0123.wav,datasec:DATASEC/Music/Music-0123.wav,train
datasec:DATASEC/Music/Music-0124.wav,datasec:DATASEC/Music/Music-0124.wav,validation
datasec:DATASEC/Music/Music-0125.wav,datasec:DATASEC/Music/Music-0125.wav,train
datasec:DATASEC/Music/Music-0126.wav,datasec:DATASEC/Music/Music-0126.wav,test
datasec:DATASEC/Music/Music-0127.wav,datasec:DATASEC/Music/Music-0127.wav,test
datasec:DATASEC/Music/Music-0128.wav,datasec:DATASEC/Music/Music-0128.wav,test
datasec:DATASEC/Music/Music-0129.wav,datasec:DATASEC/Music/Music-0129.wav,train
datasec:DATASEC/Music/Music-0130.wav,datasec:DATASEC/Music/Music-0130.wav,test
datasec:DATASEC/Music/Music-0131.wav,datasec:DATASEC/Music/Music-0131.wav,train
datasec:DATASEC/Music/Music-0132.wav,datasec:DATASEC/Music/Music-0132.wav,train
datasec:DATASEC/Music/Music-0133.wav,datasec:DATASEC/Music/Music-0133.wav,train
datasec:DATASEC/Music/Music-0134.wav,datasec:DATASEC/Music/Music-0134.wav,train
datasec:DATASEC/Music/Music-0135.wav,datasec:DATASEC/Music/Music-0135.wav,train
datasec:DATASEC/Music/Music-0136.wav,datasec:DATASEC/Music/Music-0136.wav,train
datasec:DATASEC/Music/Music-0137.wav,datasec:DATASEC/Music/Music-0137.wav,train
datasec:DATASEC/Music/Music-0138.wav,datasec:DATASEC/Music/Music-0138.wav,train
datasec:DATASEC/Music/Music-0139.wav,datasec:DATASEC/Music/Music-0139.wav,train
datasec:DATASEC/Music/Music-0140.wav,datasec:DATASEC/Music/Music-0140.wav,train
datasec:DATASEC/Music/Music-0141.wav,datasec:DATASEC/Music/Music-0141.wav,validation
datasec:DATASEC/Music/Music-0142.wav,datasec:DATASEC/Music/Music-0142.wav,train
datasec:DATASEC/Music/Music-0143.wav,datasec:DATASEC/Music/Music-0143.wav,train
datasec:DATASEC/Music/Music-0144.wav,datasec:DATASEC/Music/Music-0144.wav,train
datasec:DATASEC/Music/Music-0145.wav,datasec:DATASEC/Music/Music-0145.wav,train
datasec:DATASEC/Music/Music-0146.wav,datasec:DATASEC/Music/Music-0146.wav,test
datasec:DATASEC/Music/Music-0147.wav,datasec:DATASEC/Music/Music-0147.wav,train
datasec:DATASEC/Music/Music-0148.wav,datasec:DATASEC/Music/Music-0148.wav,train
datasec:DATASEC/Music/Music-0149.wav,datasec:DATASEC/Music/Music-0149.wav,validation
datasec:DATASEC/Music/Music-0150.wav,datasec:DATASEC/Music/Music-0150.wav,validation
datasec:DATASEC/Music/Music-0151.wav,datasec:DATASEC/Music/Music-0151.wav,test
datasec:DATASEC/Music/Music-0152.wav,datasec:DATASEC/Music/Music-0152.wav,train
datasec:DATASEC/Music/Music-0153.wav,datasec:DATASEC/Music/Music-0153.wav,validation
datasec:DATASEC/Music/Music-0154.wav,datasec:DATASEC/Music/Music-0154.wav,train
datasec:DATASEC/Music/Music-0155.wav,datasec:DATASEC/Music/Music-0155.wav,test
datasec:DATASEC/Music/Music-0156.wav,datasec:DATASEC/Music/Music-0156.wav,train
datasec:DATASEC/Music/Music-0157.wav,datasec:DATASEC/Music/Music-0157.wav,validation
datasec:DATASEC/Music/Music-0158.wav,datasec:DATASEC/Music/Music-0158.wav,validation
datasec:DATASEC/Music/Music-0159.wav,datasec:DATASEC/Music/Music-0159.wav,train
datasec:DATASEC/Music/Music-0160.wav,datasec:DATASEC/Music/Music-0160.wav,train
datasec:DATASEC/Music/Music-0161.wav,datasec:DATASEC/Music/Music-0161.wav,train
datasec:DATASEC/Music/Music-0162.wav,datasec:DATASEC/Music/Music-0162.wav,train
datasec:DATASEC/Music/Music-0163.wav,datasec:DATASEC/Music/Music-0163.wav,test
datasec:DATASEC/Music/Music-0164.wav,datasec:DATASEC/Music/Music-0164.wav,test
datasec:DATASEC/Music/Music-0165.wav,datasec:DATASEC/Music/Music-0165.wav,train
datasec:DATASEC/Music/Music-0166.wav,datasec:DATASEC/Music/Music-0166.wav,test
datasec:DATASEC/Music/Music-0167.wav,datasec:DATASEC/Music/Music-0167.wav,train
datasec:DATASEC/Music/Music-0168.wav,datasec:DATASEC/Music/Music-0168.wav,validation
datasec:DATASEC/Music/Music-0169.wav,datasec:DATASEC/Music/Music-0169.wav,train
datasec:DATASEC/Music/Music-0170.wav,datasec:DATASEC/Music/Music-0170.wav,train
datasec:DATASEC/Music/Music-0171.wav,datasec:DATASEC/Music/Music-0171.wav,train
datasec:DATASEC/Music/Music-0172.wav,datasec:DATASEC/Music/Music-0172.wav,train
datasec:DATASEC/Music/Music-0173.wav,datasec:DATASEC/Music/Music-0173.wav,train
datasec:DATASEC/Music/Music-0174.wav,datasec:DATASEC/Music/Music-0174.wav,validation
datasec:DATASEC/Music/Music-0175.wav,datasec:DATASEC/Music/Music-0175.wav,validation
datasec:DATASEC/Music/Music-0176.wav,datasec:DATASEC/Music/Music-0176.wav,train
datasec:DATASEC/Music/Music-0177.wav,datasec:DATASEC/Music/Music-0177.wav,train
datasec:DATASEC/Music/Music-0178.wav,datasec:DATASEC/Music/Music-0178.wav,train
datasec:DATASEC/Music/Music-0179.wav,datasec:DATASEC/Music/Music-0179.wav,validation
datasec:DATASEC/Music/Music-0180.wav,datasec:DATASEC/Music/Music-0180.wav,train
datasec:DATASEC/Music/Music-0181.wav,datasec:DATASEC/Music/Music-0181.wav,test
datasec:DATASEC/Music/Music-0182.wav,datasec:DATASEC/Music/Music-0182.wav,validation
datasec:DATASEC/Music/Music-0183.wav,datasec:DATASEC/Music/Music-0183.wav,train
datasec:DATASEC/Music/Music-0184.wav,datasec:DATASEC/Music/Music-0184.wav,train
datasec:DATASEC/Music/Music-0185.wav,datasec:DATASEC/Music/Music-0185.wav,validation
datasec:DATASEC/Music/Music-0186.wav,datasec:DATASEC/Music/Music-0186.wav,train
datasec:DATASEC/Music/Music-0187.wav,datasec:DATASEC/Music/Music-0187.wav,validation
datasec:DATASEC/Music/Music-0188.wav,datasec:DATASEC/Music/Music-0188.wav,test
datasec:DATASEC/Music/Music-0189.wav,datasec:DATASEC/Music/Music-0189.wav,train
datasec:DATASEC/Music/Music-0190.wav,datasec:DATASEC/Music/Music-0190.wav,train
datasec:DATASEC/Music/Music-0191.wav,datasec:DATASEC/Music/Music-0191.wav,train
datasec:DATASEC/Music/Music-0192.wav,datasec:DATASEC/Music/Music-0192.wav,validation
datasec:DATASEC/Music/Music-0193.wav,datasec:DATASEC/Music/Music-0193.wav,train
datasec:DATASEC/Music/Music-0194.wav,datasec:DATASEC/Music/Music-0194.wav,validation
datasec:DATASEC/Music/Music-0195.wav,datasec:DATASEC/Music/Music-0195.wav,train
datasec:DATASEC/Music/Music-0196.wav,datasec:DATASEC/Music/Music-0196.wav,train
datasec:DATASEC/Music/Music-0197.wav,datasec:DATASEC/Music/Music-0197.wav,train
datasec:DATASEC/Music/Music-0198.wav,datasec:DATASEC/Music/Music-0198.wav,train
datasec:DATASEC/Music/Music-0199.wav,datasec:DATASEC/Music/Music-0199.wav,validation
datasec:DATASEC/Music/Music-0200.wav,datasec:DATASEC/Music/Music-0200.wav,validation
datasec:DATASEC/Music/Music-0201.wav,datasec:DATASEC/Music/Music-0201.wav,validation
datasec:DATASEC/Music/Music-0202.wav,datasec:DATASEC/Music/Music-0202.wav,test
datasec:DATASEC/Music/Music-0203.wav,datasec:DATASEC/Music/Music-0203.wav,train
datasec:DATASEC/Music/Music-0204.wav,datasec:DATASEC/Music/Music-0204.wav,train
datasec:DATASEC/Music/Music-0205.wav,datasec:DATASEC/Music/Music-0205.wav,train
datasec:DATASEC/Music/Music-0206.wav,datasec:DATASEC/Music/Music-0206.wav,train
datasec:DATASEC/Music/Music-0207.wav,datasec:DATASEC/Music/Music-0207.wav,test
datasec:DATASEC/Music/Music-0208.wav,datasec:DATASEC/Music/Music-0208.wav,train
datasec:DATASEC/Music/Music-0209.wav,datasec:DATASEC/Music/Music-0209.wav,train
datasec:DATASEC/Music/Music-0210.wav,datasec:DATASEC/Music/Music-0210.wav,train
datasec:DATASEC/Music/Music-0211.wav,datasec:DATASEC/Music/Music-0211.wav,validation
datasec:DATASEC/Music/Music-0212.wav,datasec:DATASEC/Music/Music-0212.wav,train
datasec:DATASEC/Music/Music-0213.wav,datasec:DATASEC/Music/Music-0213.wav,train
datasec:DATASEC/Music/Music-0214.wav,datasec:DATASEC/Music/Music-0214.wav,train
datasec:DATASEC/Music/Music-0215.wav,datasec:DATASEC/Music/Music-0215.wav,train
datasec:DATASEC/Music/Music-0216.wav,datasec:DATASEC/Music/Music-0216.wav,train
datasec:DATASEC/Music/Music-0217.wav,datasec:DATASEC/Music/Music-0217.wav,train
datasec:DATASEC/Music/Music-0218.wav,datasec:DATASEC/Music/Music-0218.wav,validation
datasec:DATASEC/Music/Music-0219.wav,datasec:DATASEC/Music/Music-0219.wav,train
datasec:DATASEC/Music/Music-0220.wav,datasec:DATASEC/Music/Music-0220.wav,train
datasec:DATASEC/Music/Music-0221.wav,datasec:DATASEC/Music/Music-0221.wav,train
datasec:DATASEC/Music/Music-0222.wav,datasec:DATASEC/Music/Music-0222.wav,test
datasec:DATASEC/Music/Music-0223.wav,datasec:DATASEC/Music/Music-0223.wav,train
datasec:DATASEC/Music/Music-0224.wav,datasec:DATASEC/Music/Music-0224.wav,train
datasec:DATASEC/Music/Music-0225.wav,datasec:DATASEC/Music/Music-0225.wav,train
datasec:DATASEC/Music/Music-0226.wav,datasec:DATASEC/Music/Music-0226.wav,train
datasec:DATASEC/Music/Music-0227.wav,datasec:DATASEC/Music/Music-0227.wav,train
datasec:DATASEC/Music/Music-0228.wav,datasec:DATASEC/Music/Music-0228.wav,test
datasec:DATASEC/Music/Music-0229.wav,datasec:DATASEC/Music/Music-0229.wav,train
datasec:DATASEC/Music/Music-0230.wav,datasec:DATASEC/Music/Music-0230.wav,train
datasec:DATASEC/Music/Music-0231.wav,datasec:DATASEC/Music/Music-0231.wav,test
datasec:DATASEC/Music/Music-0232.wav,datasec:DATASEC/Music/Music-0232.wav,train
datasec:DATASEC/Music/Music-0233.wav,datasec:DATASEC/Music/Music-0233.wav,train
datasec:DATASEC/Music/Music-0234.wav,datasec:DATASEC/Music/Music-0234.wav,validation
datasec:DATASEC/Music/Music-0235.wav,datasec:DATASEC/Music/Music-0235.wav,test
datasec:DATASEC/Music/Music-0236.wav,datasec:DATASEC/Music/Music-0236.wav,train
datasec:DATASEC/Music/Music-0237.wav,datasec:DATASEC/Music/Music-0237.wav,test
datasec:DATASEC/Music/Music-0238.wav,datasec:DATASEC/Music/Music-0238.wav,train
datasec:DATASEC/Music/Music-0239.wav,datasec:DATASEC/Music/Music-0239.wav,validation
datasec:DATASEC/Music/Music-0240.wav,datasec:DATASEC/Music/Music-0240.wav,validation
datasec:DATASEC/Music/Music-0241.wav,datasec:DATASEC/Music/Music-0241.wav,train
datasec:DATASEC/Music/Music-0242.wav,datasec:DATASEC/Music/Music-0242.wav,train
datasec:DATASEC/Music/Music-0243.wav,datasec:DATASEC/Music/Music-0243.wav,train
datasec:DATASEC/Music/Music-0244.wav,datasec:DATASEC/Music/Music-0244.wav,train
datasec:DATASEC/Music/Music-0245.wav,datasec:DATASEC/Music/Music-0245.wav,train
datasec:DATASEC/Music/Music-0246.wav,datasec:DATASEC/Music/Music-0246.wav,train
datasec:DATASEC/Music/Music-0247.wav,datasec:DATASEC/Music/Music-0247.wav,train
datasec:DATASEC/Music/Music-0248.wav,datasec:DATASEC/Music/Music-0248.wav,train
datasec:DATASEC/Music/Music-0249.wav,datasec:DATASEC/Music/Music-0249.wav,train
datasec:DATASEC/Music/Music-0250.wav,datasec:DATASEC/Music/Music-0250.wav,train
datasec:DATASEC/Music/Music-0251.wav,datasec:DATASEC/Music/Music-0251.wav,test
datasec:DATASEC/Music/Music-0252.wav,datasec:DATASEC/Music/Music-0252.wav,train
datasec:DATASEC/Music/Music-0253.wav,datasec:DATASEC/Music/Music-0253.wav,test
datasec:DATASEC/Music/Music-0254.wav,datasec:DATASEC/Music/Music-0254.wav,train
datasec:DATASEC/Music/Music-0255.wav,datasec:DATASEC/Music/Music-0255.wav,test
datasec:DATASEC/Music/Music-0256.wav,datasec:DATASEC/Music/Music-0256.wav,train
datasec:DATASEC/Music/Music-0257.wav,datasec:DATASEC/Music/Music-0257.wav,train
datasec:DATASEC/Music/Music-0258.wav,datasec:DATASEC/Music/Music-0258.wav,train
datasec:DATASEC/Music/Music-0259.wav,datasec:DATASEC/Music/Music-0259.wav,test
datasec:DATASEC/Music/Music-0260.wav,datasec:DATASEC/Music/Music-0260.wav,validation
datasec:DATASEC/Music/Music-0261.wav,datasec:DATASEC/Music/Music-0261.wav,train
datasec:DATASEC/Music/Music-0262.wav,datasec:DATASEC/Music/Music-0262.wav,train
datasec:DATASEC/Music/Music-0263.wav,datasec:DATASEC/Music/Music-0263.wav,train
datasec:DATASEC/Music/Music-0264.wav,datasec:DATASEC/Music/Music-0264.wav,train
datasec:DATASEC/Music/Music-0265.wav,datasec:DATASEC/Music/Music-0265.wav,test
datasec:DATASEC/Music/Music-0266.wav,datasec:DATASEC/Music/Music-0266.wav,test
datasec:DATASEC/Music/Music-0267.wav,datasec:DATASEC/Music/Music-0267.wav,train
datasec:DATASEC/Music/Music-0268.wav,datasec:DATASEC/Music/Music-0268.wav,train
datasec:DATASEC/Music/Music-0269.wav,datasec:DATASEC/Music/Music-0269.wav,train
datasec:DATASEC/Music/Music-0270.wav,datasec:DATASEC/Music/Music-0270.wav,train
datasec:DATASEC/Music/Music-0271.wav,datasec:DATASEC/Music/Music-0271.wav,train
datasec:DATASEC/Music/Music-0272.wav,datasec:DATASEC/Music/Music-0272.wav,train
datasec:DATASEC/Music/Music-0273.wav,datasec:DATASEC/Music/Music-0273.wav,train
datasec:DATASEC/Music/Music-0274.wav,datasec:DATASEC/Music/Music-0274.wav,train
datasec:DATASEC/Music/Music-0275.wav,datasec:DATASEC/Music/Music-0275.wav,train
datasec:DATASEC/Music/Music-0276.wav,datasec:DATASEC/Music/Music-0276.wav,test
datasec:DATASEC/Music/Music-0277.wav,datasec:DATASEC/Music/Music-0277.wav,train
datasec:DATASEC/Music/Music-0278.wav,datasec:DATASEC/Music/Music-0278.wav,train
datasec:DATASEC/Music/Music-0279.wav,datasec:DATASEC/Music/Music-0279.wav,train
datasec:DATASEC/Music/Music-0280.wav,datasec:DATASEC/Music/Music-0280.wav,train
datasec:DATASEC/Music/Music-0281.wav,datasec:DATASEC/Music/Music-0281.wav,test
datasec:DATASEC/Music/Music-0282.wav,datasec:DATASEC/Music/Music-0282.wav,train
datasec:DATASEC/Music/Music-0283.wav,datasec:DATASEC/Music/Music-0283.wav,train
datasec:DATASEC/Music/Music-0284.wav,datasec:DATASEC/Music/Music-0284.wav,validation
datasec:DATASEC/Music/Music-0285.wav,datasec:DATASEC/Music/Music-0285.wav,train
datasec:DATASEC/Music/Music-0286.wav,datasec:DATASEC/Music/Music-0286.wav,train
datasec:DATASEC/Music/Music-0287.wav,datasec:DATASEC/Music/Music-0287.wav,train
datasec:DATASEC/Music/Music-0288.wav,datasec:DATASEC/Music/Music-0288.wav,train
datasec:DATASEC/Music/Music-0289.wav,datasec:DATASEC/Music/Music-0289.wav,train
datasec:DATASEC/Music/Music-0290.wav,datasec:DATASEC/Music/Music-0290.wav,train
datasec:DATASEC/Music/Music-0291.wav,datasec:DATASEC/Music/Music-0291.wav,train
datasec:DATASEC/Music/Music-0292.wav,datasec:DATASEC/Music/Music-0292.wav,train
datasec:DATASEC/Music/Music-0293.wav,datasec:DATASEC/Music/Music-0293.wav,train
datasec:DATASEC/Music/Music-0294.wav,datasec:DATASEC/Music/Music-0294.wav,train
datasec:DATASEC/Music/Music-0295.wav,datasec:DATASEC/Music/Music-0295.wav,train
datasec:DATASEC/Music/Music-0296.wav,datasec:DATASEC/Music/Music-0296.wav,train
datasec:DATASEC/Music/Music-0297.wav,datasec:DATASEC/Music/Music-0297.wav,test
datasec:DATASEC/Music/Music-0298.wav,datasec:DATASEC/Music/Music-0298.wav,validation
datasec:DATASEC/Music/Music-0299.wav,datasec:DATASEC/Music/Music-0299.wav,validation
datasec:DATASEC/Music/Music-0300.wav,datasec:DATASEC/Music/Music-0300.wav,validation
datasec:DATASEC/Music/Music-0301.wav,datasec:DATASEC/Music/Music-0301.wav,train
datasec:DATASEC/Music/Music-0302.wav,datasec:DATASEC/Music/Music-0302.wav,validation
datasec:DATASEC/Music/Music-0303.wav,datasec:DATASEC/Music/Music-0303.wav,train
datasec:DATASEC/Music/Music-0304.wav,datasec:DATASEC/Music/Music-0304.wav,validation
datasec:DATASEC/Music/Music-0305.wav,datasec:DATASEC/Music/Music-0305.wav,train
datasec:DATASEC/Music/Music-0306.wav,datasec:DATASEC/Music/Music-0306.wav,train
datasec:DATASEC/Music/Music-0307.wav,datasec:DATASEC/Music/Music-0307.wav,test
datasec:DATASEC/Music/Music-0308.wav,datasec:DATASEC/Music/Music-0308.wav,train
datasec:DATASEC/Music/Music-0309.wav,datasec:DATASEC/Music/Music-0309.wav,validation
datasec:DATASEC/Music/Music-0310.wav,datasec:DATASEC/Music/Music-0310.wav,test
datasec:DATASEC/Music/Music-0311.wav,datasec:DATASEC/Music/Music-0311.wav,train
datasec:DATASEC/Music/Music-0312.wav,datasec:DATASEC/Music/Music-0312.wav,train
datasec:DATASEC/Music/Music-0313.wav,datasec:DATASEC/Music/Music-0313.wav,train
datasec:DATASEC/Music/Music-0314.wav,datasec:DATASEC/Music/Music-0314.wav,train
datasec:DATASEC/Music/Music-0315.wav,datasec:DATASEC/Music/Music-0315.wav,train
datasec:DATASEC/Music/Music-0316.wav,datasec:DATASEC/Music/Music-0316.wav,validation
datasec:DATASEC/Music/Music-0317.wav,datasec:DATASEC/Music/Music-0317.wav,train
datasec:DATASEC/Music/Music-0318.wav,datasec:DATASEC/Music/Music-0318.wav,test
datasec:DATASEC/Music/Music-0319.wav,datasec:DATASEC/Music/Music-0319.wav,test
datasec:DATASEC/Music/Music-0320.wav,datasec:DATASEC/Music/Music-0320.wav,train
datasec:DATASEC/Music/Music-0321.wav,datasec:DATASEC/Music/Music-0321.wav,test
datasec:DATASEC/Music/Music-0322.wav,datasec:DATASEC/Music/Music-0322.wav,train
datasec:DATASEC/Music/Music-0323.wav,datasec:DATASEC/Music/Music-0323.wav,train
datasec:DATASEC/Music/Music-0324.wav,datasec:DATASEC/Music/Music-0324.wav,test
datasec:DATASEC/Music/Music-0325.wav,datasec:DATASEC/Music/Music-0325.wav,train
datasec:DATASEC/Music/Music-0326.wav,datasec:DATASEC/Music/Music-0326.wav,validation
datasec:DATASEC/Music/Music-0327.wav,datasec:DATASEC/Music/Music-0327.wav,test
datasec:DATASEC/Music/Music-0328.wav,datasec:DATASEC/Music/Music-0087.wav,train
datasec:DATASEC/Music/Music-0329.wav,datasec:DATASEC/Music/Music-0329.wav,test
datasec:DATASEC/Music/Music-0330.wav,datasec:DATASEC/Music/Music-0330.wav,validation
datasec:DATASEC/Music/Music-0331.wav,datasec:DATASEC/Music/Music-0331.wav,train
datasec:DATASEC/Music/Music-0332.wav,datasec:DATASEC/Music/Music-0332.wav,train
datasec:DATASEC/Music/Music-0333.wav,datasec:DATASEC/Music/Music-0333.wav,test
datasec:DATASEC/Music/Music-0334.wav,datasec:DATASEC/Music/Music-0334.wav,train
datasec:DATASEC/Music/Music-0335.wav,datasec:DATASEC/Music/Music-0335.wav,train
datasec:DATASEC/Music/Music-0336.wav,datasec:DATASEC/Music/Music-0336.wav,train
datasec:DATASEC/Music/Music-0337.wav,datasec:DATASEC/Music/Music-0337.wav,train
datasec:DATASEC/Music/Music-0338.wav,datasec:DATASEC/Music/Music-0338.wav,train
datasec:DATASEC/Music/Music-0339.wav,datasec:DATASEC/Music/Music-0339.wav,test
datasec:DATASEC/Music/Music-0340.wav,datasec:DATASEC/Music/Music-0340.wav,train
datasec:DATASEC/Music/Music-0341.wav,datasec:DATASEC/Music/Music-0341.wav,train
datasec:DATASEC/Music/Music-0342.wav,datasec:DATASEC/Music/Music-0342.wav,train
datasec:DATASEC/Music/Music-0343.wav,datasec:DATASEC/Music/Music-0343.wav,train
datasec:DATASEC/Music/Music-0344.wav,datasec:DATASEC/Music/Music-0344.wav,test
datasec:DATASEC/Music/Music-0345.wav,datasec:DATASEC/Music/Music-0345.wav,train
datasec:DATASEC/Music/Music-0346.wav,datasec:DATASEC/Music/Music-0346.wav,validation
datasec:DATASEC/Music/Music-0347.wav,datasec:DATASEC/Music/Music-0347.wav,train
datasec:DATASEC/Music/Music-0348.wav,datasec:DATASEC/Music/Music-0348.wav,train
datasec:DATASEC/Music/Music-0349.wav,datasec:DATASEC/Music/Music-0349.wav,validation
datasec:DATASEC/Music/Music-0350.wav,datasec:DATASEC/Music/Music-0350.wav,test
datasec:DATASEC/Music/Music-0351.wav,datasec:DATASEC/Music/Music-0351.wav,train
datasec:DATASEC/Music/Music-0352.wav,datasec:DATASEC/Music/Music-0352.wav,train
datasec:DATASEC/Music/Music-0353.wav,datasec:DATASEC/Music/Music-0353.wav,train
datasec:DATASEC/Music/Music-0354.wav,datasec:DATASEC/Music/Music-0354.wav,test
datasec:DATASEC/Music/Music-0355.wav,datasec:DATASEC/Music/Music-0355.wav,train
datasec:DATASEC/Music/Music-0356.wav,datasec:DATASEC/Music/Music-0356.wav,validation
datasec:DATASEC/Music/Music-0357.wav,datasec:DATASEC/Music/Music-0357.wav,train
datasec:DATASEC/Music/Music-0358.wav,datasec:DATASEC/Music/Music-0358.wav,train
datasec:DATASEC/Music/Music-0359.wav,datasec:DATASEC/Music/Music-0359.wav,train
datasec:DATASEC/Music/Music-0360.wav,datasec:DATASEC/Music/Music-0360.wav,train
datasec:DATASEC/Music/Music-0361.wav,datasec:DATASEC/Music/Music-0361.wav,train
datasec:DATASEC/Music/Music-0362.wav,datasec:DATASEC/Music/Music-0362.wav,train
datasec:DATASEC/Music/Music-0363.wav,datasec:DATASEC/Music/Music-0363.wav,train
datasec:DATASEC/Music/Music-0364.wav,datasec:DATASEC/Music/Music-0364.wav,train
datasec:DATASEC/Music/Music-0365.wav,datasec:DATASEC/Music/Music-0365.wav,validation
datasec:DATASEC/Music/Music-0366.wav,datasec:DATASEC/Music/Music-0366.wav,validation
datasec:DATASEC/Music/Music-0367.wav,datasec:DATASEC/Music/Music-0367.wav,train
datasec:DATASEC/Music/Music-0368.wav,datasec:DATASEC/Music/Music-0368.wav,train
datasec:DATASEC/Music/Music-0369.wav,datasec:DATASEC/Music/Music-0369.wav,train
datasec:DATASEC/Music/Music-0370.wav,datasec:DATASEC/Music/Music-0370.wav,train
datasec:DATASEC/Music/Music-0371.wav,datasec:DATASEC/Music/Music-0371.wav,test
datasec:DATASEC/Music/Music-0372.wav,datasec:DATASEC/Music/Music-0372.wav,train
datasec:DATASEC/Music/Music-0373.wav,datasec:DATASEC/Music/Music-0373.wav,train
datasec:DATASEC/Music/Music-0374.wav,datasec:DATASEC/Music/Music-0374.wav,train
datasec:DATASEC/Music/Music-0375.wav,datasec:DATASEC/Music/Music-0375.wav,train
datasec:DATASEC/Music/Music-0376.wav,datasec:DATASEC/Music/Music-0376.wav,validation
datasec:DATASEC/Music/Music-0377.wav,datasec:DATASEC/Music/Music-0377.wav,train
datasec:DATASEC/Music/Music-0378.wav,datasec:DATASEC/Music/Music-0378.wav,test
datasec:DATASEC/Music/Music-0379.wav,datasec:DATASEC/Music/Music-0379.wav,train
datasec:DATASEC/Music/Music-0380.wav,datasec:DATASEC/Music/Music-0380.wav,validation
datasec:DATASEC/Music/Music-0381.wav,datasec:DATASEC/Music/Music-0381.wav,train
datasec:DATASEC/Music/Music-0382.wav,datasec:DATASEC/Music/Music-0382.wav,train
datasec:DATASEC/Music/Music-0383.wav,datasec:DATASEC/Music/Music-0383.wav,train
datasec:DATASEC/Music/Music-0384.wav,datasec:DATASEC/Music/Music-0384.wav,validation
datasec:DATASEC/Music/Music-0385.wav,datasec:DATASEC/Music/Music-0385.wav,validation
datasec:DATASEC/Music/Music-0386.wav,datasec:DATASEC/Music/Music-0386.wav,validation
datasec:DATASEC/Music/Music-0387.wav,datasec:DATASEC/Music/Music-0387.wav,train
datasec:DATASEC/Music/Music-0388.wav,datasec:DATASEC/Music/Music-0388.wav,train
datasec:DATASEC/Music/Music-0389.wav,datasec:DATASEC/Music/Music-0389.wav,test
datasec:DATASEC/Music/Music-0390.wav,datasec:DATASEC/Music/Music-0390.wav,test
datasec:DATASEC/Music/Music-0391.wav,datasec:DATASEC/Music/Music-0391.wav,train
datasec:DATASEC/Music/Music-0392.wav,datasec:DATASEC/Music/Music-0392.wav,train
datasec:DATASEC/Music/Music-0393.wav,datasec:DATASEC/Music/Music-0393.wav,train
datasec:DATASEC/Music/Music-0394.wav,datasec:DATASEC/Music/Music-0394.wav,validation
datasec:DATASEC/Music/Music-0395.wav,datasec:DATASEC/Music/Music-0395.wav,test
datasec:DATASEC/Music/Music-0396.wav,datasec:DATASEC/Music/Music-0396.wav,test
datasec:DATASEC/Music/Music-0397.wav,datasec:DATASEC/Music/Music-0397.wav,train
datasec:DATASEC/Music/Music-0398.wav,datasec:DATASEC/Music/Music-0398.wav,test
datasec:DATASEC/Music/Music-0399.wav,datasec:DATASEC/Music/Music-0399.wav,validation
datasec:DATASEC/Music/Music-0401.wav,datasec:DATASEC/Music/Music-0401.wav,validation
datasec:DATASEC/Music/Music-0402.wav,datasec:DATASEC/Music/Music-0402.wav,train
datasec:DATASEC/Music/Music-0403.wav,datasec:DATASEC/Music/Music-0403.wav,validation
datasec:DATASEC/Music/Music-0404.wav,datasec:DATASEC/Music/Music-0404.wav,validation
datasec:DATASEC/Music/Music-0405.wav,datasec:DATASEC/Music/Music-0405.wav,train
datasec:DATASEC/Music/Music-0406.wav,datasec:DATASEC/Music/Music-0406.wav,train
datasec:DATASEC/Music/Music-0407.wav,datasec:DATASEC/Music/Music-0407.wav,test
datasec:DATASEC/Music/Music-0408.wav,datasec:DATASEC/Music/Music-0408.wav,test
datasec:DATASEC/Music/Music-0409.wav,datasec:DATASEC/Music/Music-0409.wav,train
datasec:DATASEC/Music/Music-0410.wav,datasec:DATASEC/Music/Music-0410.wav,train
datasec:DATASEC/Music/Music-0411.wav,datasec:DATASEC/Music/Music-0411.wav,train
datasec:DATASEC/Music/Music-0412.wav,datasec:DATASEC/Music/Music-0412.wav,train
datasec:DATASEC/Music/Music-0413.wav,datasec:DATASEC/Music/Music-0413.wav,train
datasec:DATASEC/Music/Music-0414.wav,datasec:DATASEC/Music/Music-0414.wav,train
datasec:DATASEC/Music/Music-0415.wav,datasec:DATASEC/Music/Music-0415.wav,train
datasec:DATASEC/Music/Music-0416.wav,datasec:DATASEC/Music/Music-0416.wav,train
datasec:DATASEC/Music/Music-0417.wav,datasec:DATASEC/Music/Music-0417.wav,train
datasec:DATASEC/Music/Music-0418.wav,datasec:DATASEC/Music/Music-0418.wav,validation
datasec:DATASEC/Music/Music-0419.wav,datasec:DATASEC/Music/Music-0419.wav,train
datasec:DATASEC/Music/Music-0420.wav,datasec:DATASEC/Music/Music-0420.wav,test
datasec:DATASEC/Music/Music-0421.wav,datasec:DATASEC/Music/Music-0421.wav,train
datasec:DATASEC/Music/Music-0422.wav,datasec:DATASEC/Music/Music-0422.wav,train
datasec:DATASEC/Music/Music-0423.wav,datasec:DATASEC/Music/Music-0423.wav,train
datasec:DATASEC/Music/Music-0424.wav,datasec:DATASEC/Music/Music-0424.wav,train
datasec:DATASEC/Music/Music-0425.wav,datasec:DATASEC/Music/Music-0425.wav,train
datasec:DATASEC/Music/Music-0426.wav,datasec:DATASEC/Music/Music-0426.wav,train
datasec:DATASEC/Music/Music-0427.wav,datasec:DATASEC/Music/Music-0427.wav,train
datasec:DATASEC/Music/Music-0428.wav,datasec:DATASEC/Music/Music-0428.wav,train
datasec:DATASEC/Music/Music-0429.wav,datasec:DATASEC/Music/Music-0429.wav,test
datasec:DATASEC/Music/Music-0430.wav,datasec:DATASEC/Music/Music-0430.wav,validation
datasec:DATASEC/Music/Music-0431.wav,datasec:DATASEC/Music/Music-0431.wav,validation
datasec:DATASEC/Music/Music-0432.wav,datasec:DATASEC/Music/Music-0432.wav,train
datasec:DATASEC/Music/Music-0433.wav,datasec:DATASEC/Music/Music-0433.wav,train
datasec:DATASEC/Music/Music-0434.wav,datasec:DATASEC/Music/Music-0434.wav,test
datasec:DATASEC/Music/Music-0435.wav,datasec:DATASEC/Music/Music-0435.wav,train
datasec:DATASEC/Music/Music-0436.wav,datasec:DATASEC/Music/Music-0436.wav,train
datasec:DATASEC/Music/Music-0437.wav,datasec:DATASEC/Music/Music-0437.wav,train
datasec:DATASEC/Music/Music-0438.wav,datasec:DATASEC/Music/Music-0438.wav,validation
datasec:DATASEC/Music/Music-0439.wav,datasec:DATASEC/Music/Music-0439.wav,validation
datasec:DATASEC/Music/Music-0440.wav,datasec:DATASEC/Music/Music-0440.wav,train
datasec:DATASEC/Music/Music-0441.wav,datasec:DATASEC/Music/Music-0441.wav,test
datasec:DATASEC/Music/Music-0442.wav,datasec:DATASEC/Music/Music-0442.wav,validation
datasec:DATASEC/Music/Music-0443.wav,datasec:DATASEC/Music/Music-0443.wav,train
datasec:DATASEC/Music/Music-0444.wav,datasec:DATASEC/Music/Music-0444.wav,train
datasec:DATASEC/Music/Music-0445.wav,datasec:DATASEC/Music/Music-0445.wav,train
datasec:DATASEC/Music/Music-0447.wav,datasec:DATASEC/Music/Music-0447.wav,train
datasec:DATASEC/Music/Music-0448.wav,datasec:DATASEC/Music/Music-0448.wav,train
datasec:DATASEC/Music/Music-0449.wav,datasec:DATASEC/Music/Music-0449.wav,train
datasec:DATASEC/Music/Music-0450.wav,datasec:DATASEC/Music/Music-0450.wav,train
datasec:DATASEC/Music/Music-0451.wav,datasec:DATASEC/Music/Music-0451.wav,validation
datasec:DATASEC/Music/Music-0452.wav,datasec:DATASEC/Music/Music-0452.wav,train
datasec:DATASEC/Music/Music-0453.wav,datasec:DATASEC/Music/Music-0453.wav,test
datasec:DATASEC/Music/Music-0454.wav,datasec:DATASEC/Music/Music-0454.wav,train
datasec:DATASEC/Music/Music-0455.wav,datasec:DATASEC/Music/Music-0455.wav,train
datasec:DATASEC/Music/Music-0456.wav,datasec:DATASEC/Music/Music-0456.wav,test
datasec:DATASEC/Music/Music-0457.wav,datasec:DATASEC/Music/Music-0457.wav,train
datasec:DATASEC/Music/Music-0458.wav,datasec:DATASEC/Music/Music-0458.wav,train
datasec:DATASEC/Music/Music-0459.wav,datasec:DATASEC/Music/Music-0459.wav,validation
datasec:DATASEC/Music/Music-0460.wav,datasec:DATASEC/Music/Music-0460.wav,test
datasec:DATASEC/Music/Music-0461.wav,datasec:DATASEC/Music/Music-0461.wav,train
datasec:DATASEC/Music/Music-0462.wav,datasec:DATASEC/Music/Music-0462.wav,train
datasec:DATASEC/Music/Music-0463.wav,datasec:DATASEC/Music/Music-0463.wav,train
datasec:DATASEC/Music/Music-0464.wav,datasec:DATASEC/Music/Music-0464.wav,validation
datasec:DATASEC/Music/Music-0465.wav,datasec:DATASEC/Music/Music-0465.wav,test
datasec:DATASEC/Music/Music-0466.wav,datasec:DATASEC/Music/Music-0466.wav,train
datasec:DATASEC/Music/Music-0467.wav,datasec:DATASEC/Music/Music-0467.wav,train
datasec:DATASEC/Music/Music-0468.wav,datasec:DATASEC/Music/Music-0468.wav,train
datasec:DATASEC/Music/Music-0469.wav,datasec:DATASEC/Music/Music-0469.wav,train
datasec:DATASEC/Music/Music-0470.wav,datasec:DATASEC/Music/Music-0470.wav,test
datasec:DATASEC/Music/Music-0471.wav,datasec:DATASEC/Music/Music-0471.wav,train
datasec:DATASEC/Music/Music-0472.wav,datasec:DATASEC/Music/Music-0472.wav,validation
datasec:DATASEC/Music/Music-0473.wav,datasec:DATASEC/Music/Music-0473.wav,train
datasec:DATASEC/Music/Music-0474.wav,datasec:DATASEC/Music/Music-0474.wav,train
datasec:DATASEC/Music/Music-0475.wav,datasec:DATASEC/Music/Music-0475.wav,train
datasec:DATASEC/Music/Music-0476.wav,datasec:DATASEC/Music/Music-0476.wav,test
datasec:DATASEC/Music/Music-0477.wav,datasec:DATASEC/Music/Music-0477.wav,train
datasec:DATASEC/Music/Music-0478.wav,datasec:DATASEC/Music/Music-0478.wav,train
datasec:DATASEC/Music/Music-0480.wav,datasec:DATASEC/Music/Music-0480.wav,train
datasec:DATASEC/Music/Music-0481.wav,datasec:DATASEC/Music/Music-0481.wav,validation
datasec:DATASEC/Music/Music-0482.wav,datasec:DATASEC/Music/Music-0482.wav,train
datasec:DATASEC/Music/Music-0483.wav,datasec:DATASEC/Music/Music-0483.wav,test
datasec:DATASEC/Music/Music-0484.wav,datasec:DATASEC/Music/Music-0484.wav,train
datasec:DATASEC/Music/Music-0485.wav,datasec:DATASEC/Music/Music-0485.wav,train
datasec:DATASEC/Music/Music-0486.wav,datasec:DATASEC/Music/Music-0486.wav,train
datasec:DATASEC/Music/Music-0487.wav,datasec:DATASEC/Music/Music-0487.wav,train
datasec:DATASEC/Music/Music-0488.wav,datasec:DATASEC/Music/Music-0488.wav,train
datasec:DATASEC/Music/Music-0489.wav,datasec:DATASEC/Music/Music-0489.wav,train
datasec:DATASEC/Music/Music-0490.wav,datasec:DATASEC/Music/Music-0490.wav,train
datasec:DATASEC/Music/Music-0491.wav,datasec:DATASEC/Music/Music-0491.wav,train
datasec:DATASEC/Music/Music-0492.wav,datasec:DATASEC/Music/Music-0492.wav,train
datasec:DATASEC/Music/Music-0493.wav,datasec:DATASEC/Music/Music-0493.wav,train
datasec:DATASEC/Music/Music-0494.wav,datasec:DATASEC/Music/Music-0494.wav,test
datasec:DATASEC/Music/Music-0495.wav,datasec:DATASEC/Music/Music-0495.wav,train
datasec:DATASEC/Music/Music-0496.wav,datasec:DATASEC/Music/Music-0496.wav,train
datasec:DATASEC/Music/Music-0497.wav,datasec:DATASEC/Music/Music-0497.wav,train
datasec:DATASEC/Music/Music-0498.wav,datasec:DATASEC/Music/Music-0498.wav,validation
datasec:DATASEC/Music/Music-0499.wav,datasec:DATASEC/Music/Music-0499.wav,train
datasec:DATASEC/Music/Music-0500.wav,datasec:DATASEC/Music/Music-0500.wav,train
datasec:DATASEC/Music/Music-0501.wav,datasec:DATASEC/Music/Music-0501.wav,train
datasec:DATASEC/Music/Music-0502.wav,datasec:DATASEC/Music/Music-0502.wav,train
datasec:DATASEC/Music/Music-0503.wav,datasec:DATASEC/Music/Music-0503.wav,train
datasec:DATASEC/Music/Music-0504.wav,datasec:DATASEC/Music/Music-0504.wav,train
datasec:DATASEC/Music/Music-0505.wav,datasec:DATASEC/Music/Music-0505.wav,train
datasec:DATASEC/Music/Music-0506.wav,datasec:DATASEC/Music/Music-0506.wav,train
datasec:DATASEC/Music/Music-0507.wav,datasec:DATASEC/Music/Music-0507.wav,train
datasec:DATASEC/Music/Music-0508.wav,datasec:DATASEC/Music/Music-0508.wav,train
datasec:DATASEC/Music/Music-0509.wav,datasec:DATASEC/Music/Music-0509.wav,test
datasec:DATASEC/Music/Music-0510.wav,datasec:DATASEC/Music/Music-0510.wav,train
datasec:DATASEC/Music/Music-0511.wav,datasec:DATASEC/Music/Music-0511.wav,train
datasec:DATASEC/Music/Music-0512.wav,datasec:DATASEC/Music/Music-0512.wav,train
datasec:DATASEC/Music/Music-0513.wav,datasec:DATASEC/Music/Music-0513.wav,test
datasec:DATASEC/Music/Music-0514.wav,datasec:DATASEC/Music/Music-0514.wav,test
datasec:DATASEC/Music/Music-0515.wav,datasec:DATASEC/Music/Music-0515.wav,train
datasec:DATASEC/Music/Music-0516.wav,datasec:DATASEC/Music/Music-0516.wav,validation
datasec:DATASEC/Music/Music-0517.wav,datasec:DATASEC/Music/Music-0517.wav,validation
datasec:DATASEC/Music/Music-0518.wav,datasec:DATASEC/Music/Music-0518.wav,test
datasec:DATASEC/Music/Music-0519.wav,datasec:DATASEC/Music/Music-0519.wav,train
datasec:DATASEC/Music/Music-0520.wav,datasec:DATASEC/Music/Music-0520.wav,test
datasec:DATASEC/Music/Music-0521.wav,datasec:DATASEC/Music/Music-0521.wav,train
datasec:DATASEC/Music/Music-0522.wav,datasec:DATASEC/Music/Music-0522.wav,train
datasec:DATASEC/Music/Music-0523.wav,datasec:DATASEC/Music/Music-0523.wav,train
datasec:DATASEC/Music/Music-0524.wav,datasec:DATASEC/Music/Music-0524.wav,train
datasec:DATASEC/Music/Music-0525.wav,datasec:DATASEC/Music/Music-0525.wav,train
datasec:DATASEC/Music/Music-0526.wav,datasec:DATASEC/Music/Music-0526.wav,train
datasec:DATASEC/Music/Music-0527.wav,datasec:DATASEC/Music/Music-0527.wav,train
datasec:DATASEC/Music/Music-0528.wav,datasec:DATASEC/Music/Music-0528.wav,train
datasec:DATASEC/Music/Music-0529.wav,datasec:DATASEC/Music/Music-0529.wav,train
datasec:DATASEC/Music/Music-0530.wav,datasec:DATASEC/Music/Music-0530.wav,train
datasec:DATASEC/Music/Music-0531.wav,datasec:DATASEC/Music/Music-0531.wav,validation
datasec:DATASEC/Music/Music-0532.wav,datasec:DATASEC/Music/Music-0532.wav,train
datasec:DATASEC/Music/Music-0533.wav,datasec:DATASEC/Music/Music-0533.wav,train
datasec:DATASEC/Music/Music-0534.wav,datasec:DATASEC/Music/Music-0534.wav,train
datasec:DATASEC/Music/Music-0535.wav,datasec:DATASEC/Music/Music-0535.wav,test
datasec:DATASEC/Music/Music-0536.wav,datasec:DATASEC/Music/Music-0536.wav,train
datasec:DATASEC/Music/Music-0537.wav,datasec:DATASEC/Music/Music-0537.wav,train
datasec:DATASEC/Music/Music-0538.wav,datasec:DATASEC/Music/Music-0538.wav,train
datasec:DATASEC/Music/Music-0539.wav,datasec:DATASEC/Music/Music-0539.wav,train
datasec:DATASEC/Music/Music-0540.wav,datasec:DATASEC/Music/Music-0540.wav,train
datasec:DATASEC/Music/Music-0541.wav,datasec:DATASEC/Music/Music-0541.wav,train
datasec:DATASEC/Music/Music-0542.wav,datasec:DATASEC/Music/Music-0542.wav,train
datasec:DATASEC/Music/Music-0543.wav,datasec:DATASEC/Music/Music-0543.wav,train
datasec:DATASEC/Music/Music-0544.wav,datasec:DATASEC/Music/Music-0544.wav,train
datasec:DATASEC/Music/Music-0545.wav,datasec:DATASEC/Music/Music-0545.wav,train
datasec:DATASEC/Music/Music-0546.wav,datasec:DATASEC/Music/Music-0546.wav,test
datasec:DATASEC/Music/Music-0547.wav,datasec:DATASEC/Music/Music-0547.wav,train
datasec:DATASEC/Music/Music-0548.wav,datasec:DATASEC/Music/Music-0548.wav,validation
datasec:DATASEC/Music/Music-0549.wav,datasec:DATASEC/Music/Music-0549.wav,train
datasec:DATASEC/Music/Music-0550.wav,datasec:DATASEC/Music/Music-0550.wav,validation
datasec:DATASEC/Music/Music-0551.wav,datasec:DATASEC/Music/Music-0551.wav,validation
datasec:DATASEC/Music/Music-0553.wav,datasec:DATASEC/Music/Music-0553.wav,train
datasec:DATASEC/Music/Music-0556.wav,datasec:DATASEC/Music/Music-0556.wav,train
datasec:DATASEC/Music/Music-0557.wav,datasec:DATASEC/Music/Music-0557.wav,train
datasec:DATASEC/Music/Music-0559.wav,datasec:DATASEC/Music/Music-0559.wav,train
datasec:DATASEC/Music/Music-0561.wav,datasec:DATASEC/Music/Music-0561.wav,train
datasec:DATASEC/Music/Music-0563.wav,datasec:DATASEC/Music/Music-0563.wav,train
datasec:DATASEC/Music/Music-0564.wav,datasec:DATASEC/Music/Music-0564.wav,train
datasec:DATASEC/Music/Music-0566.wav,datasec:DATASEC/Music/Music-0566.wav,train
datasec:DATASEC/Music/Music-0573.wav,datasec:DATASEC/Music/Music-0573.wav,train
datasec:DATASEC/Music/Music-0574.wav,datasec:DATASEC/Music/Music-0574.wav,train
datasec:DATASEC/Music/Music-0575.wav,datasec:DATASEC/Music/Music-0575.wav,train
datasec:DATASEC/Music/Music-0576.wav,datasec:DATASEC/Music/Music-0576.wav,train
datasec:DATASEC/Music/Music-0577.wav,datasec:DATASEC/Music/Music-0577.wav,validation
datasec:DATASEC/Music/Music-0578.wav,datasec:DATASEC/Music/Music-0578.wav,train
datasec:DATASEC/Music/Music-0579.wav,datasec:DATASEC/Music/Music-0579.wav,test
datasec:DATASEC/Music/Music-0580.wav,datasec:DATASEC/Music/Music-0580.wav,train
datasec:DATASEC/Music/Music-0581.wav,datasec:DATASEC/Music/Music-0581.wav,train
datasec:DATASEC/Music/Music-0582.wav,datasec:DATASEC/Music/Music-0582.wav,test
datasec:DATASEC/Music/Music-0583.wav,datasec:DATASEC/Music/Music-0583.wav,train
datasec:DATASEC/Music/Music-0584.wav,datasec:DATASEC/Music/Music-0584.wav,train
datasec:DATASEC/Music/Music-0585.wav,datasec:DATASEC/Music/Music-0585.wav,train
datasec:DATASEC/Music/Music-0586.wav,datasec:DATASEC/Music/Music-0586.wav,train
datasec:DATASEC/Music/Music-0587.wav,datasec:DATASEC/Music/Music-0587.wav,train
datasec:DATASEC/Music/Music-0588.wav,datasec:DATASEC/Music/Music-0588.wav,validation
datasec:DATASEC/Music/Music-0589.wav,datasec:DATASEC/Music/Music-0589.wav,train
datasec:DATASEC/Music/Music-0590.wav,datasec:DATASEC/Music/Music-0590.wav,train
datasec:DATASEC/Music/Music-0591.wav,datasec:DATASEC/Music/Music-0591.wav,train
datasec:DATASEC/Music/Music-0592.wav,datasec:DATASEC/Music/Music-0592.wav,train
datasec:DATASEC/Music/Music-0593.wav,datasec:DATASEC/Music/Music-0593.wav,train
datasec:DATASEC/Music/Music-0594.wav,datasec:DATASEC/Music/Music-0594.wav,test
datasec:DATASEC/Music/Music-0595.wav,datasec:DATASEC/Music/Music-0595.wav,train
datasec:DATASEC/Music/Music-0596.wav,datasec:DATASEC/Music/Music-0596.wav,train
datasec:DATASEC/Music/Music-0597.wav,datasec:DATASEC/Music/Music-0597.wav,train
datasec:DATASEC/Music/Music-0598.wav,datasec:DATASEC/Music/Music-0598.wav,train
datasec:DATASEC/Music/Music-0599.wav,datasec:DATASEC/Music/Music-0599.wav,train
datasec:DATASEC/Music/Music-0600.wav,datasec:DATASEC/Music/Music-0600.wav,train
datasec:DATASEC/Music/Music-0601.wav,datasec:DATASEC/Music/Music-0601.wav,train
datasec:DATASEC/Music/Music-0602.wav,datasec:DATASEC/Music/Music-0602.wav,train
datasec:DATASEC/Music/Music-0603.wav,datasec:DATASEC/Music/Music-0603.wav,train
datasec:DATASEC/Music/Music-0604.wav,datasec:DATASEC/Music/Music-0604.wav,validation
datasec:DATASEC/Music/Music-0605.wav,datasec:DATASEC/Music/Music-0605.wav,validation
datasec:DATASEC/Music/Music-0606.wav,datasec:DATASEC/Music/Music-0606.wav,validation
datasec:DATASEC/Music/Music-0607.wav,datasec:DATASEC/Music/Music-0607.wav,train
datasec:DATASEC/Music/Music-0608.wav,datasec:DATASEC/Music/Music-0608.wav,train
datasec:DATASEC/Music/Music-0609.wav,datasec:DATASEC/Music/Music-0609.wav,train
datasec:DATASEC/Music/Music-0610.wav,datasec:DATASEC/Music/Music-0610.wav,train
datasec:DATASEC/Music/Music-0611.wav,datasec:DATASEC/Music/Music-0611.wav,train
datasec:DATASEC/Music/Music-0612.wav,datasec:DATASEC/Music/Music-0612.wav,train
datasec:DATASEC/Music/Music-0613.wav,datasec:DATASEC/Music/Music-0613.wav,train
datasec:DATASEC/Music/Music-0614.wav,datasec:DATASEC/Music/Music-0614.wav,train
datasec:DATASEC/Music/Music-0615.wav,datasec:DATASEC/Music/Music-0615.wav,train
datasec:DATASEC/Music/Music-0616.wav,datasec:DATASEC/Music/Music-0616.wav,train
datasec:DATASEC/Music/Music-0617.wav,datasec:DATASEC/Music/Music-0617.wav,validation
datasec:DATASEC/Music/Music-0618.wav,datasec:DATASEC/Music/Music-0618.wav,train
datasec:DATASEC/Music/Music-0619.wav,datasec:DATASEC/Music/Music-0619.wav,train
datasec:DATASEC/Music/Music-0620.wav,datasec:DATASEC/Music/Music-0620.wav,train
datasec:DATASEC/Music/Music-0621.wav,datasec:DATASEC/Music/Music-0621.wav,validation
datasec:DATASEC/Music/Music-0622.wav,datasec:DATASEC/Music/Music-0622.wav,train
datasec:DATASEC/Music/Music-0623.wav,datasec:DATASEC/Music/Music-0623.wav,train
datasec:DATASEC/Music/Music-0624.wav,datasec:DATASEC/Music/Music-0624.wav,train
datasec:DATASEC/Music/Music-0625.wav,datasec:DATASEC/Music/Music-0625.wav,train
datasec:DATASEC/Music/Music-0626.wav,datasec:DATASEC/Music/Music-0626.wav,test
datasec:DATASEC/Music/Music-0627.wav,datasec:DATASEC/Music/Music-0627.wav,train
datasec:DATASEC/Music/Music-0628.wav,datasec:DATASEC/Music/Music-0628.wav,train
datasec:DATASEC/Music/Music-0629.wav,datasec:DATASEC/Music/Music-0629.wav,train
datasec:DATASEC/Music/Music-0630.wav,datasec:DATASEC/Music/Music-0630.wav,train
datasec:DATASEC/Music/Music-0631.wav,datasec:DATASEC/Music/Music-0631.wav,train
datasec:DATASEC/Music/Music-0632.wav,datasec:DATASEC/Music/Music-0632.wav,test
datasec:DATASEC/Music/Music-0633.wav,datasec:DATASEC/Music/Music-0633.wav,train
datasec:DATASEC/Music/Music-0634.wav,datasec:DATASEC/Music/Music-0634.wav,validation
datasec:DATASEC/Music/Music-0635.wav,datasec:DATASEC/Music/Music-0635.wav,train
datasec:DATASEC/Music/Music-0636.wav,datasec:DATASEC/Music/Music-0636.wav,validation
datasec:DATASEC/Music/Music-0637.wav,datasec:DATASEC/Music/Music-0637.wav,test
datasec:DATASEC/Music/Music-0638.wav,datasec:DATASEC/Music/Music-0638.wav,test
datasec:DATASEC/Music/Music-0639.wav,datasec:DATASEC/Music/Music-0639.wav,test
datasec:DATASEC/Music/Music-0640.wav,datasec:DATASEC/Music/Music-0640.wav,train
datasec:DATASEC/Music/Music-0641.wav,datasec:DATASEC/Music/Music-0641.wav,test
datasec:DATASEC/Music/Music-0642.wav,datasec:DATASEC/Music/Music-0642.wav,validation
datasec:DATASEC/Music/Music-0643.wav,datasec:DATASEC/Music/Music-0643.wav,train
datasec:DATASEC/Music/Music-0644.wav,datasec:DATASEC/Music/Music-0644.wav,validation
datasec:DATASEC/Music/Music-0645.wav,datasec:DATASEC/Music/Music-0645.wav,train
datasec:DATASEC/Music/Music-0646.wav,datasec:DATASEC/Music/Music-0646.wav,train
datasec:DATASEC/Music/Music-0647.wav,datasec:DATASEC/Music/Music-0647.wav,validation
datasec:DATASEC/Music/Music-0648.wav,datasec:DATASEC/Music/Music-0648.wav,train
datasec:DATASEC/Music/Music-0649.wav,datasec:DATASEC/Music/Music-0649.wav,train
datasec:DATASEC/Music/Music-0650.wav,datasec:DATASEC/Music/Music-0650.wav,train
datasec:DATASEC/Music/Music-0651.wav,datasec:DATASEC/Music/Music-0651.wav,train
datasec:DATASEC/Music/Music-0652.wav,datasec:DATASEC/Music/Music-0652.wav,train
datasec:DATASEC/Music/Music-0653.wav,datasec:DATASEC/Music/Music-0653.wav,train
datasec:DATASEC/Music/Music-0654.wav,datasec:DATASEC/Music/Music-0654.wav,train
datasec:DATASEC/Music/Music-0655.wav,datasec:DATASEC/Music/Music-0655.wav,train
datasec:DATASEC/Music/Music-0656.wav,datasec:DATASEC/Music/Music-0656.wav,train
datasec:DATASEC/Music/Music-0657.wav,datasec:DATASEC/Music/Music-0657.wav,train
datasec:DATASEC/Music/Music-0658.wav,datasec:DATASEC/Music/Music-0658.wav,test
datasec:DATASEC/Music/Music-0659.wav,datasec:DATASEC/Music/Music-0659.wav,train
datasec:DATASEC/Music/Music-0660.wav,datasec:DATASEC/Music/Music-0660.wav,train
datasec:DATASEC/Music/Music-0667.wav,datasec:DATASEC/Music/Music-0667.wav,train
datasec:DATASEC/Music/Music-0668.wav,datasec:DATASEC/Music/Music-0668.wav,train
datasec:DATASEC/Music/Music-0669.wav,datasec:DATASEC/Music/Music-0669.wav,train
datasec:DATASEC/Music/Music-0670.wav,datasec:DATASEC/Music/Music-0670.wav,train
datasec:DATASEC/Music/Music-0671.wav,datasec:DATASEC/Music/Music-0671.wav,train
datasec:DATASEC/Music/Music-0672.wav,datasec:DATASEC/Music/Music-0672.wav,train
datasec:DATASEC/Music/Music-0673.wav,datasec:DATASEC/Music/Music-0673.wav,train
datasec:DATASEC/Music/Music-0674.wav,datasec:DATASEC/Music/Music-0674.wav,train
datasec:DATASEC/Music/Music-0675.wav,datasec:DATASEC/Music/Music-0675.wav,train
datasec:DATASEC/Music/Music-0676.wav,datasec:DATASEC/Music/Music-0676.wav,train
datasec:DATASEC/Music/Music-0677.wav,datasec:DATASEC/Music/Music-0677.wav,train
datasec:DATASEC/Music/Music-0678.wav,datasec:DATASEC/Music/Music-0678.wav,test
datasec:DATASEC/Music/Music-0679.wav,datasec:DATASEC/Music/Music-0679.wav,train
datasec:DATASEC/Music/Music-0680.wav,datasec:DATASEC/Music/Music-0680.wav,train
datasec:DATASEC/Music/Music-0681.wav,datasec:DATASEC/Music/Music-0681.wav,test
datasec:DATASEC/Music/Music-0682.wav,datasec:DATASEC/Music/Music-0682.wav,train
datasec:DATASEC/Music/Music-0683.wav,datasec:DATASEC/Music/Music-0683.wav,test
datasec:DATASEC/Music/Music-0684.wav,datasec:DATASEC/Music/Music-0684.wav,train
datasec:DATASEC/Music/Music-0685.wav,datasec:DATASEC/Music/Music-0685.wav,train
datasec:DATASEC/Music/Music-0686.wav,datasec:DATASEC/Music/Music-0686.wav,train
datasec:DATASEC/Music/Music-0687.wav,datasec:DATASEC/Music/Music-0687.wav,train
datasec:DATASEC/Music/Music-0688.wav,datasec:DATASEC/Music/Music-0688.wav,train
datasec:DATASEC/Music/Music-0689.wav,datasec:DATASEC/Music/Music-0689.wav,train
datasec:DATASEC/Music/Music-0690.wav,datasec:DATASEC/Music/Music-0690.wav,train
datasec:DATASEC/Music/Music-0691.wav,datasec:DATASEC/Music/Music-0691.wav,test
datasec:DATASEC/Music/Music-0692.wav,datasec:DATASEC/Music/Music-0692.wav,train
datasec:DATASEC/Music/Music-0693.wav,datasec:DATASEC/Music/Music-0693.wav,train
datasec:DATASEC/Music/Music-0695.wav,datasec:DATASEC/Music/Music-0695.wav,validation
datasec:DATASEC/Music/Music-0696.wav,datasec:DATASEC/Music/Music-0696.wav,train
datasec:DATASEC/Music/Music-0697.wav,datasec:DATASEC/Music/Music-0697.wav,validation
datasec:DATASEC/Music/Music-0698.wav,datasec:DATASEC/Music/Music-0698.wav,validation
datasec:DATASEC/Music/Music-0699.wav,datasec:DATASEC/Music/Music-0699.wav,train
datasec:DATASEC/Music/Music-0700.wav,datasec:DATASEC/Music/Music-0700.wav,train
datasec:DATASEC/Music/Music-0701.wav,datasec:DATASEC/Music/Music-0701.wav,train
datasec:DATASEC/Music/Music-0702.wav,datasec:DATASEC/Music/Music-0702.wav,train
datasec:DATASEC/Music/Music-0703.wav,datasec:DATASEC/Music/Music-0703.wav,validation
datasec:DATASEC/Music/Music-0704.wav,datasec:DATASEC/Music/Music-0704.wav,test
datasec:DATASEC/Music/Music-0705.wav,datasec:DATASEC/Music/Music-0705.wav,test
datasec:DATASEC/Music/Music-0706.wav,datasec:DATASEC/Music/Music-0706.wav,train
datasec:DATASEC/Music/Music-0707.wav,datasec:DATASEC/Music/Music-0707.wav,test
datasec:DATASEC/Music/Music-0708.wav,datasec:DATASEC/Music/Music-0708.wav,train
datasec:DATASEC/Music/Music-0709.wav,datasec:DATASEC/Music/Music-0709.wav,train
datasec:DATASEC/Music/Music-0710.wav,datasec:DATASEC/Music/Music-0710.wav,train
datasec:DATASEC/Music/Music-0711.wav,datasec:DATASEC/Music/Music-0711.wav,train
datasec:DATASEC/Music/Music-0712.wav,datasec:DATASEC/Music/Music-0712.wav,train
datasec:DATASEC/Music/Music-0713.wav,datasec:DATASEC/Music/Music-0713.wav,train
datasec:DATASEC/Music/Music-0714.wav,datasec:DATASEC/Music/Music-0714.wav,test
datasec:DATASEC/Music/Music-0715.wav,datasec:DATASEC/Music/Music-0715.wav,train
datasec:DATASEC/Music/Music-0716.wav,datasec:DATASEC/Music/Music-0716.wav,train
datasec:DATASEC/Music/Music-0717.wav,datasec:DATASEC/Music/Music-0717.wav,train
datasec:DATASEC/Music/Music-0718.wav,datasec:DATASEC/Music/Music-0718.wav,validation
datasec:DATASEC/Music/Music-0719.wav,datasec:DATASEC/Music/Music-0719.wav,validation
datasec:DATASEC/Music/Music-0720.wav,datasec:DATASEC/Music/Music-0720.wav,train
datasec:DATASEC/Music/Music-0721.wav,datasec:DATASEC/Music/Music-0721.wav,train
datasec:DATASEC/Music/Music-0722.wav,datasec:DATASEC/Music/Music-0722.wav,test
datasec:DATASEC/Music/Music-0723.wav,datasec:DATASEC/Music/Music-0723.wav,train
datasec:DATASEC/Music/Music-0725.wav,datasec:DATASEC/Music/Music-0725.wav,validation
datasec:DATASEC/Music/Music-0726.wav,datasec:DATASEC/Music/Music-0726.wav,train
datasec:DATASEC/Music/Music-0727.wav,datasec:DATASEC/Music/Music-0727.wav,train
datasec:DATASEC/Music/Music-0728.wav,datasec:DATASEC/Music/Music-0728.wav,train
datasec:DATASEC/Music/Music-0729.wav,datasec:DATASEC/Music/Music-0729.wav,train
datasec:DATASEC/Music/Music-0730.wav,datasec:DATASEC/Music/Music-0730.wav,train
datasec:DATASEC/Music/Music-0731.wav,datasec:DATASEC/Music/Music-0731.wav,train
datasec:DATASEC/Music/Music-0732.wav,datasec:DATASEC/Music/Music-0732.wav,train
datasec:DATASEC/Music/Music-0733.wav,datasec:DATASEC/Music/Music-0733.wav,train
datasec:DATASEC/Music/Music-0734.wav,datasec:DATASEC/Music/Music-0734.wav,train
datasec:DATASEC/Music/Music-0735.wav,datasec:DATASEC/Music/Music-0735.wav,train
datasec:DATASEC/Music/Music-0736.wav,datasec:DATASEC/Music/Music-0736.wav,train
datasec:DATASEC/Music/Music-0737.wav,datasec:DATASEC/Music/Music-0737.wav,train
datasec:DATASEC/Music/Music-0738.wav,datasec:DATASEC/Music/Music-0738.wav,test
datasec:DATASEC/Music/Music-0739.wav,datasec:DATASEC/Music/Music-0739.wav,train
datasec:DATASEC/Music/Music-0740.wav,datasec:DATASEC/Music/Music-0740.wav,test
datasec:DATASEC/Music/Music-0741.wav,datasec:DATASEC/Music/Music-0741.wav,train
datasec:DATASEC/Music/Music-0742.wav,datasec:DATASEC/Music/Music-0742.wav,test
datasec:DATASEC/Music/Music-0743.wav,datasec:DATASEC/Music/Music-0743.wav,validation
datasec:DATASEC/Music/Music-0744.wav,datasec:DATASEC/Music/Music-0744.wav,train
datasec:DATASEC/Music/Music-0745.wav,datasec:DATASEC/Music/Music-0745.wav,train
datasec:DATASEC/Music/Music-0746.wav,datasec:DATASEC/Music/Music-0746.wav,train
datasec:DATASEC/Music/Music-0747.wav,datasec:DATASEC/Music/Music-0747.wav,train
datasec:DATASEC/Music/Music-0748.wav,datasec:DATASEC/Music/Music-0748.wav,train
datasec:DATASEC/Music/Music-0749.wav,datasec:DATASEC/Music/Music-0749.wav,train
datasec:DATASEC/Music/Music-0750.wav,datasec:DATASEC/Music/Music-0750.wav,train
datasec:DATASEC/Music/Music-0751.wav,datasec:DATASEC/Music/Music-0751.wav,test
datasec:DATASEC/Music/Music-0752.wav,datasec:DATASEC/Music/Music-0752.wav,train
datasec:DATASEC/Music/Music-0753.wav,datasec:DATASEC/Music/Music-0753.wav,test
datasec:DATASEC/Music/Music-0754.wav,datasec:DATASEC/Music/Music-0754.wav,test
datasec:DATASEC/Music/Music-0755.wav,datasec:DATASEC/Music/Music-0755.wav,train
datasec:DATASEC/Music/Music-0756.wav,datasec:DATASEC/Music/Music-0756.wav,train
datasec:DATASEC/Music/Music-0757.wav,datasec:DATASEC/Music/Music-0757.wav,train
datasec:DATASEC/Music/Music-0758.wav,datasec:DATASEC/Music/Music-0758.wav,test
datasec:DATASEC/Music/Music-0760.wav,datasec:DATASEC/Music/Music-0760.wav,train
datasec:DATASEC/Music/Music-0763.wav,datasec:DATASEC/Music/Music-0763.wav,test
datasec:DATASEC/Music/Music-0764.wav,datasec:DATASEC/Music/Music-0764.wav,validation
datasec:DATASEC/Music/Music-0765.wav,datasec:DATASEC/Music/Music-0765.wav,validation
datasec:DATASEC/Music/Music-0766.wav,datasec:DATASEC/Music/Music-0766.wav,test
datasec:DATASEC/Music/Music-0767.wav,datasec:DATASEC/Music/Music-0767.wav,train
datasec:DATASEC/Music/Music-0768.wav,datasec:DATASEC/Music/Music-0768.wav,train
datasec:DATASEC/Music/Music-0769.wav,datasec:DATASEC/Music/Music-0769.wav,train
datasec:DATASEC/Music/Music-0770.wav,datasec:DATASEC/Music/Music-0770.wav,train
datasec:DATASEC/Music/Music-0771.wav,datasec:DATASEC/Music/Music-0771.wav,train
datasec:DATASEC/Music/Music-0772.wav,datasec:DATASEC/Music/Music-0772.wav,train
datasec:DATASEC/Music/Music-0774.wav,datasec:DATASEC/Music/Music-0774.wav,train
datasec:DATASEC/Music/Music-0775.wav,datasec:DATASEC/Music/Music-0775.wav,train
datasec:DATASEC/Music/Music-0776.wav,datasec:DATASEC/Music/Music-0776.wav,train
datasec:DATASEC/Music/Music-0777.wav,datasec:DATASEC/Music/Music-0777.wav,validation
datasec:DATASEC/Music/Music-0778.wav,datasec:DATASEC/Music/Music-0778.wav,train
datasec:DATASEC/Music/Music-0779.wav,datasec:DATASEC/Music/Music-0779.wav,train
datasec:DATASEC/Music/Music-0780.wav,datasec:DATASEC/Music/Music-0780.wav,train
datasec:DATASEC/Music/Music-0781.wav,datasec:DATASEC/Music/Music-0781.wav,train
datasec:DATASEC/Music/Music-0782.wav,datasec:DATASEC/Music/Music-0749.wav,train
datasec:DATASEC/Music/Music-0783.wav,datasec:DATASEC/Music/Music-0783.wav,train
datasec:DATASEC/Music/Music-0784.wav,datasec:DATASEC/Music/Music-0784.wav,train
datasec:DATASEC/Music/Music-0785.wav,datasec:DATASEC/Music/Music-0785.wav,train
datasec:DATASEC/Music/Music-0786.wav,datasec:DATASEC/Music/Music-0786.wav,test
datasec:DATASEC/Music/Music-0787.wav,datasec:DATASEC/Music/Music-0787.wav,train
datasec:DATASEC/Music/Music-0788.wav,datasec:DATASEC/Music/Music-0788.wav,train
datasec:DATASEC/Music/Music-0789.wav,datasec:DATASEC/Music/Music-0789.wav,test
datasec:DATASEC/Music/Music-0790.wav,datasec:DATASEC/Music/Music-0790.wav,train
datasec:DATASEC/Music/Music-0791.wav,datasec:DATASEC/Music/Music-0791.wav,test
datasec:DATASEC/Music/Music-0793.wav,datasec:DATASEC/Music/Music-0793.wav,validation
datasec:DATASEC/Music/Music-0794.wav,datasec:DATASEC/Music/Music-0794.wav,train
datasec:DATASEC/Music/Music-0795.wav,datasec:DATASEC/Music/Music-0795.wav,train
datasec:DATASEC/Music/Music-0796.wav,datasec:DATASEC/Music/Music-0796.wav,train
datasec:DATASEC/Music/Music-0797.wav,datasec:DATASEC/Music/Music-0797.wav,train
datasec:DATASEC/Music/Music-0798.wav,datasec:DATASEC/Music/Music-0798.wav,train
datasec:DATASEC/Music/Music-0799.wav,datasec:DATASEC/Music/Music-0799.wav,validation
datasec:DATASEC/Music/Music-0800.wav,datasec:DATASEC/Music/Music-0800.wav,train
datasec:DATASEC/Music/Music-0801.wav,datasec:DATASEC/Music/Music-0801.wav,train
datasec:DATASEC/Music/Music-0802.wav,datasec:DATASEC/Music/Music-0802.wav,train
datasec:DATASEC/Music/Music-0803.wav,datasec:DATASEC/Music/Music-0803.wav,test
datasec:DATASEC/Music/Music-0804.wav,datasec:DATASEC/Music/Music-0804.wav,train
datasec:DATASEC/Music/Music-0805.wav,datasec:DATASEC/Music/Music-0805.wav,train
datasec:DATASEC/Music/Music-0806.wav,datasec:DATASEC/Music/Music-0806.wav,train
datasec:DATASEC/Music/Music-0807.wav,datasec:DATASEC/Music/Music-0807.wav,validation
datasec:DATASEC/Music/Music-0808.wav,datasec:DATASEC/Music/Music-0808.wav,train
datasec:DATASEC/Music/Music-0809.wav,datasec:DATASEC/Music/Music-0809.wav,train
datasec:DATASEC/Music/Music-0810.wav,datasec:DATASEC/Music/Music-0810.wav,train
datasec:DATASEC/Music/Music-0811.wav,datasec:DATASEC/Music/Music-0811.wav,train
datasec:DATASEC/Music/Music-0812.wav,datasec:DATASEC/Music/Music-0812.wav,train
datasec:DATASEC/Music/Music-0813.wav,datasec:DATASEC/Music/Music-0813.wav,train
datasec:DATASEC/Music/Music-0814.wav,datasec:DATASEC/Music/Music-0814.wav,train
datasec:DATASEC/Music/Music-0815.wav,datasec:DATASEC/Music/Music-0815.wav,train
datasec:DATASEC/Music/Music-0816.wav,datasec:DATASEC/Music/Music-0816.wav,validation
datasec:DATASEC/Music/Music-0817.wav,datasec:DATASEC/Music/Music-0817.wav,validation
datasec:DATASEC/Music/Music-0818.wav,datasec:DATASEC/Music/Music-0818.wav,train
datasec:DATASEC/Music/Music-0819.wav,datasec:DATASEC/Music/Music-0819.wav,validation
datasec:DATASEC/Music/Music-0820.wav,datasec:DATASEC/Music/Music-0820.wav,train
datasec:DATASEC/Music/Music-0821.wav,datasec:DATASEC/Music/Music-0821.wav,train
datasec:DATASEC/Music/Music-0822.wav,datasec:DATASEC/Music/Music-0822.wav,train
datasec:DATASEC/Music/Music-0823.wav,datasec:DATASEC/Music/Music-0823.wav,train
datasec:DATASEC/Music/Music-0824.wav,datasec:DATASEC/Music/Music-0824.wav,train
datasec:DATASEC/Music/Music-0825.wav,datasec:DATASEC/Music/Music-0825.wav,train
datasec:DATASEC/Music/Music-0826.wav,datasec:DATASEC/Music/Music-0826.wav,train
datasec:DATASEC/Music/Music-0827.wav,datasec:DATASEC/Music/Music-0827.wav,train
datasec:DATASEC/Music/Music-0828.wav,datasec:DATASEC/Music/Music-0828.wav,train
datasec:DATASEC/Music/Music-0829.wav,datasec:DATASEC/Music/Music-0829.wav,train
datasec:DATASEC/Music/Music-0830.wav,datasec:DATASEC/Music/Music-0830.wav,train
datasec:DATASEC/Music/Music-0831.wav,datasec:DATASEC/Music/Music-0831.wav,train
datasec:DATASEC/Music/Music-0832.wav,datasec:DATASEC/Music/Music-0832.wav,train
datasec:DATASEC/Music/Music-0833.wav,datasec:DATASEC/Music/Music-0833.wav,test
datasec:DATASEC/Music/Music-0834.wav,datasec:DATASEC/Music/Music-0834.wav,validation
datasec:DATASEC/Music/Music-0835.wav,datasec:DATASEC/Music/Music-0835.wav,train
datasec:DATASEC/Music/Music-0836.wav,datasec:DATASEC/Music/Music-0836.wav,train
datasec:DATASEC/Music/Music-0837.wav,datasec:DATASEC/Music/Music-0837.wav,train
datasec:DATASEC/Music/Music-0838.wav,datasec:DATASEC/Music/Music-0838.wav,validation
datasec:DATASEC/Music/Music-0839.wav,datasec:DATASEC/Music/Music-0839.wav,train
datasec:DATASEC/Music/Music-0840.wav,datasec:DATASEC/Music/Music-0840.wav,test
datasec:DATASEC/Music/Music-0841.wav,datasec:DATASEC/Music/Music-0841.wav,train
datasec:DATASEC/Music/Music-0842.wav,datasec:DATASEC/Music/Music-0842.wav,train
datasec:DATASEC/Music/Music-0843.wav,datasec:DATASEC/Music/Music-0843.wav,train
datasec:DATASEC/Music/Music-0844.wav,datasec:DATASEC/Music/Music-0844.wav,train
datasec:DATASEC/Music/Music-0845.wav,datasec:DATASEC/Music/Music-0845.wav,validation
datasec:DATASEC/Music/Music-0846.wav,datasec:DATASEC/Music/Music-0846.wav,validation
datasec:DATASEC/Music/Music-0847.wav,datasec:DATASEC/Music/Music-0847.wav,validation
datasec:DATASEC/Music/Music-0848.wav,datasec:DATASEC/Music/Music-0848.wav,train
datasec:DATASEC/Music/Music-0849.wav,datasec:DATASEC/Music/Music-0849.wav,train
datasec:DATASEC/Music/Music-0850.wav,datasec:DATASEC/Music/Music-0850.wav,train
datasec:DATASEC/Music/Music-0851.wav,datasec:DATASEC/Music/Music-0851.wav,train
datasec:DATASEC/Music/Music-0852.wav,datasec:DATASEC/Music/Music-0852.wav,train
datasec:DATASEC/Music/Music-0853.wav,datasec:DATASEC/Music/Music-0853.wav,test
datasec:DATASEC/Music/Music-0854.wav,datasec:DATASEC/Music/Music-0854.wav,train
datasec:DATASEC/Music/Music-0855.wav,datasec:DATASEC/Music/Music-0855.wav,train
datasec:DATASEC/Music/Music-0857.wav,datasec:DATASEC/Music/Music-0857.wav,train
datasec:DATASEC/Music/Music-0858.wav,datasec:DATASEC/Music/Music-0858.wav,train
datasec:DATASEC/Music/Music-0859.wav,datasec:DATASEC/Music/Music-0859.wav,train
datasec:DATASEC/Music/Music-0860.wav,datasec:DATASEC/Music/Music-0860.wav,test
datasec:DATASEC/Music/Music-0861.wav,datasec:DATASEC/Music/Music-0861.wav,train
datasec:DATASEC/Music/Music-0862.wav,datasec:DATASEC/Music/Music-0862.wav,train
datasec:DATASEC/Music/Music-0863.wav,datasec:DATASEC/Music/Music-0863.wav,train
datasec:DATASEC/Music/Music-0864.wav,datasec:DATASEC/Music/Music-0864.wav,train
datasec:DATASEC/Music/Music-0865.wav,datasec:DATASEC/Music/Music-0865.wav,validation
datasec:DATASEC/Music/Music-0866.wav,datasec:DATASEC/Music/Music-0866.wav,train
datasec:DATASEC/Music/Music-0867.wav,datasec:DATASEC/Music/Music-0867.wav,train
datasec:DATASEC/Music/Music-0868.wav,datasec:DATASEC/Music/Music-0868.wav,test
datasec:DATASEC/Music/Music-0869.wav,datasec:DATASEC/Music/Music-0869.wav,test
datasec:DATASEC/Music/Music-0870.wav,datasec:DATASEC/Music/Music-0870.wav,validation
datasec:DATASEC/Music/Music-0871.wav,datasec:DATASEC/Music/Music-0871.wav,test
datasec:DATASEC/Music/Music-0872.wav,datasec:DATASEC/Music/Music-0872.wav,train
datasec:DATASEC/Music/Music-0873.wav,datasec:DATASEC/Music/Music-0873.wav,train
datasec:DATASEC/Music/Music-0874.wav,datasec:DATASEC/Music/Music-0874.wav,train
datasec:DATASEC/Music/Music-0875.wav,datasec:DATASEC/Music/Music-0875.wav,train
datasec:DATASEC/Music/Music-0877.wav,datasec:DATASEC/Music/Music-0877.wav,train
datasec:DATASEC/Music/Music-0878.wav,datasec:DATASEC/Music/Music-0878.wav,train
datasec:DATASEC/Music/Music-0879.wav,datasec:DATASEC/Music/Music-0879.wav,train
datasec:DATASEC/Music/Music-0880.wav,datasec:DATASEC/Music/Music-0880.wav,test
datasec:DATASEC/Music/Music-0881.wav,datasec:DATASEC/Music/Music-0881.wav,train
datasec:DATASEC/Music/Music-0882.wav,datasec:DATASEC/Music/Music-0882.wav,test
datasec:DATASEC/Music/Music-0883.wav,datasec:DATASEC/Music/Music-0883.wav,train
datasec:DATASEC/Music/Music-0885.wav,datasec:DATASEC/Music/Music-0885.wav,test
datasec:DATASEC/Music/Music-0886.wav,datasec:DATASEC/Music/Music-0886.wav,train
datasec:DATASEC/Music/Music-0887.wav,datasec:DATASEC/Music/Music-0887.wav,validation
datasec:DATASEC/Music/Music-0888.wav,datasec:DATASEC/Music/Music-0888.wav,train
datasec:DATASEC/Music/Music-0889.wav,datasec:DATASEC/Music/Music-0889.wav,test
datasec:DATASEC/Music/Music-0890.wav,datasec:DATASEC/Music/Music-0890.wav,train
datasec:DATASEC/Music/Music-0891.wav,datasec:DATASEC/Music/Music-0891.wav,validation
datasec:DATASEC/Music/Music-0892.wav,datasec:DATASEC/Music/Music-0892.wav,train
datasec:DATASEC/Music/Music-0893.wav,datasec:DATASEC/Music/Music-0893.wav,train
datasec:DATASEC/Music/Music-0894.wav,datasec:DATASEC/Music/Music-0894.wav,train
datasec:DATASEC/Music/Music-0895.wav,datasec:DATASEC/Music/Music-0895.wav,validation
datasec:DATASEC/Music/Music-0896.wav,datasec:DATASEC/Music/Music-0896.wav,train
datasec:DATASEC/Music/Music-0897.wav,datasec:DATASEC/Music/Music-0897.wav,train
datasec:DATASEC/Music/Music-0898.wav,datasec:DATASEC/Music/Music-0898.wav,train
datasec:DATASEC/Music/Music-0899.wav,datasec:DATASEC/Music/Music-0899.wav,train
datasec:DATASEC/Music/Music-0900.wav,datasec:DATASEC/Music/Music-0900.wav,train
datasec:DATASEC/Music/Music-0901.wav,datasec:DATASEC/Music/Music-0901.wav,test
datasec:DATASEC/Music/Music-0902.wav,datasec:DATASEC/Music/Music-0902.wav,test
datasec:DATASEC/Music/Music-0903.wav,datasec:DATASEC/Music/Music-0903.wav,train
datasec:DATASEC/Music/Music-0904.wav,datasec:DATASEC/Music/Music-0904.wav,train
datasec:DATASEC/Music/Music-0905.wav,datasec:DATASEC/Music/Music-0905.wav,train
datasec:DATASEC/Music/Music-0906.wav,datasec:DATASEC/Music/Music-0906.wav,train
datasec:DATASEC/Music/Music-0907.wav,datasec:DATASEC/Music/Music-0907.wav,validation
datasec:DATASEC/Music/Music-0908.wav,datasec:DATASEC/Music/Music-0908.wav,train
datasec:DATASEC/Music/Music-0909.wav,datasec:DATASEC/Music/Music-0909.wav,train
datasec:DATASEC/Music/Music-0910.wav,datasec:DATASEC/Music/Music-0910.wav,train
datasec:DATASEC/Music/Music-0911.wav,datasec:DATASEC/Music/Music-0911.wav,test
datasec:DATASEC/Music/Music-0912.wav,datasec:DATASEC/Music/Music-0912.wav,train
datasec:DATASEC/Music/Music-0913.wav,datasec:DATASEC/Music/Music-0913.wav,train
datasec:DATASEC/Music/Music-0914.wav,datasec:DATASEC/Music/Music-0914.wav,train
datasec:DATASEC/Music/Music-0915.wav,datasec:DATASEC/Music/Music-0915.wav,train
datasec:DATASEC/Music/Music-0916.wav,datasec:DATASEC/Music/Music-0916.wav,train
datasec:DATASEC/Music/Music-0917.wav,datasec:DATASEC/Music/Music-0917.wav,train
datasec:DATASEC/Music/Music-0919.wav,datasec:DATASEC/Music/Music-0919.wav,train
datasec:DATASEC/Music/Music-0920.wav,datasec:DATASEC/Music/Music-0920.wav,train
datasec:DATASEC/Music/Music-0921.wav,datasec:DATASEC/Music/Music-0921.wav,train
datasec:DATASEC/Music/Music-0922.wav,datasec:DATASEC/Music/Music-0922.wav,train
datasec:DATASEC/Music/Music-0923.wav,datasec:DATASEC/Music/Music-0923.wav,test
datasec:DATASEC/Music/Music-0924.wav,datasec:DATASEC/Music/Music-0924.wav,train
datasec:DATASEC/Music/Music-0925.wav,datasec:DATASEC/Music/Music-0925.wav,train
datasec:DATASEC/Music/Music-0926.wav,datasec:DATASEC/Music/Music-0926.wav,train
datasec:DATASEC/Music/Music-0927.wav,datasec:DATASEC/Music/Music-0927.wav,train
datasec:DATASEC/Music/Music-0928.wav,datasec:DATASEC/Music/Music-0928.wav,validation
datasec:DATASEC/Music/Music-0929.wav,datasec:DATASEC/Music/Music-0929.wav,train
datasec:DATASEC/Music/Music-0930.wav,datasec:DATASEC/Music/Music-0930.wav,train
datasec:DATASEC/Music/Music-0931.wav,datasec:DATASEC/Music/Music-0931.wav,train
datasec:DATASEC/Music/Music-0932.wav,datasec:DATASEC/Music/Music-0932.wav,validation
datasec:DATASEC/Music/Music-0933.wav,datasec:DATASEC/Music/Music-0933.wav,test
datasec:DATASEC/Music/Music-0934.wav,datasec:DATASEC/Music/Music-0934.wav,train
datasec:DATASEC/Music/Music-0935.wav,datasec:DATASEC/Music/Music-0935.wav,test
datasec:DATASEC/Music/Music-0936.wav,datasec:DATASEC/Music/Music-0936.wav,train
datasec:DATASEC/Music/Music-0937.wav,datasec:DATASEC/Music/Music-0937.wav,train
datasec:DATASEC/Music/Music-0938.wav,datasec:DATASEC/Music/Music-0938.wav,train
datasec:DATASEC/Music/Music-0939.wav,datasec:DATASEC/Music/Music-0939.wav,train
datasec:DATASEC/Music/Music-0940.wav,datasec:DATASEC/Music/Music-0940.wav,train
datasec:DATASEC/Music/Music-0941.wav,datasec:DATASEC/Music/Music-0941.wav,train
datasec:DATASEC/Music/Music-0942.wav,datasec:DATASEC/Music/Music-0942.wav,train
datasec:DATASEC/Music/Music-0943.wav,datasec:DATASEC/Music/Music-0943.wav,train
datasec:DATASEC/Music/Music-0944.wav,datasec:DATASEC/Music/Music-0944.wav,train
datasec:DATASEC/Music/Music-0945.wav,datasec:DATASEC/Music/Music-0945.wav,validation
datasec:DATASEC/Music/Music-0946.wav,datasec:DATASEC/Music/Music-0946.wav,train
datasec:DATASEC/Music/Music-0947.wav,datasec:DATASEC/Music/Music-0947.wav,train
datasec:DATASEC/Music/Music-0948.wav,datasec:DATASEC/Music/Music-0948.wav,test
datasec:DATASEC/Music/Music-0949.wav,datasec:DATASEC/Music/Music-0949.wav,validation
datasec:DATASEC/Music/Music-0950.wav,datasec:DATASEC/Music/Music-0950.wav,train
datasec:DATASEC/Music/Music-0951.wav,datasec:DATASEC/Music/Music-0951.wav,validation
datasec:DATASEC/Music/Music-0952.wav,datasec:DATASEC/Music/Music-0952.wav,train
datasec:DATASEC/Music/Music-0953.wav,datasec:DATASEC/Music/Music-0953.wav,train
datasec:DATASEC/Music/Music-0954.wav,datasec:DATASEC/Music/Music-0954.wav,train
datasec:DATASEC/Music/Music-0955.wav,datasec:DATASEC/Music/Music-0955.wav,validation
datasec:DATASEC/Music/Music-0956.wav,datasec:DATASEC/Music/Music-0956.wav,validation
datasec:DATASEC/Music/Music-0957.wav,datasec:DATASEC/Music/Music-0957.wav,train
datasec:DATASEC/Music/Music-0958.wav,datasec:DATASEC/Music/Music-0958.wav,train
datasec:DATASEC/Music/Music-0959.wav,datasec:DATASEC/Music/Music-0959.wav,train
datasec:DATASEC/Music/Music-0960.wav,datasec:DATASEC/Music/Music-0960.wav,test
datasec:DATASEC/Music/Music-0961.wav,datasec:DATASEC/Music/Music-0961.wav,test
datasec:DATASEC/Music/Music-0962.wav,datasec:DATASEC/Music/Music-0962.wav,validation
datasec:DATASEC/Music/Music-0963.wav,datasec:DATASEC/Music/Music-0963.wav,train
datasec:DATASEC/Music/Music-0964.wav,datasec:DATASEC/Music/Music-0964.wav,test
datasec:DATASEC/Music/Music-0965.wav,datasec:DATASEC/Music/Music-0965.wav,train
datasec:DATASEC/Music/Music-0966.wav,datasec:DATASEC/Music/Music-0966.wav,train
datasec:DATASEC/Music/Music-0967.wav,datasec:DATASEC/Music/Music-0967.wav,validation
datasec:DATASEC/Music/Music-0968.wav,datasec:DATASEC/Music/Music-0968.wav,train
datasec:DATASEC/Music/Music-0969.wav,datasec:DATASEC/Music/Music-0969.wav,test
datasec:DATASEC/Music/Music-0970.wav,datasec:DATASEC/Music/Music-0970.wav,train
datasec:DATASEC/Music/Music-0971.wav,datasec:DATASEC/Music/Music-0971.wav,test
datasec:DATASEC/Music/Music-0972.wav,datasec:DATASEC/Music/Music-0972.wav,train
datasec:DATASEC/Music/Music-0973.wav,datasec:DATASEC/Music/Music-0973.wav,train
datasec:DATASEC/Music/Music-0974.wav,datasec:DATASEC/Music/Music-0974.wav,test
datasec:DATASEC/Music/Music-0975.wav,datasec:DATASEC/Music/Music-0975.wav,validation
datasec:DATASEC/Music/Music-0976.wav,datasec:DATASEC/Music/Music-0976.wav,train
datasec:DATASEC/Music/Music-0977.wav,datasec:DATASEC/Music/Music-0977.wav,train
datasec:DATASEC/Music/Music-0978.wav,datasec:DATASEC/Music/Music-0978.wav,validation
datasec:DATASEC/Music/Music-0979.wav,datasec:DATASEC/Music/Music-0979.wav,train
datasec:DATASEC/Music/Music-0980.wav,datasec:DATASEC/Music/Music-0980.wav,train
datasec:DATASEC/Music/Music-0981.wav,datasec:DATASEC/Music/Music-0981.wav,train
datasec:DATASEC/Music/Music-0982.wav,datasec:DATASEC/Music/Music-0982.wav,train
datasec:DATASEC/Music/Music-0983.wav,datasec:DATASEC/Music/Music-0983.wav,train
datasec:DATASEC/Music/Music-0984.wav,datasec:DATASEC/Music/Music-0984.wav,train
datasec:DATASEC/Music/Music-0985.wav,datasec:DATASEC/Music/Music-0985.wav,train
datasec:DATASEC/Music/Music-0986.wav,datasec:DATASEC/Music/Music-0986.wav,train
datasec:DATASEC/Music/Music-0987.wav,datasec:DATASEC/Music/Music-0987.wav,train
datasec:DATASEC/Music/Music-0988.wav,datasec:DATASEC/Music/Music-0988.wav,train
datasec:DATASEC/Music/Music-0989.wav,datasec:DATASEC/Music/Music-0989.wav,train
datasec:DATASEC/Music/Music-0990.wav,datasec:DATASEC/Music/Music-0990.wav,train
datasec:DATASEC/Music/Music-0991.wav,datasec:DATASEC/Music/Music-0991.wav,train
datasec:DATASEC/Music/Music-0992.wav,datasec:DATASEC/Music/Music-0992.wav,train
datasec:DATASEC/Music/Music-0993.wav,datasec:DATASEC/Music/Music-0993.wav,test
datasec:DATASEC/Music/Music-0994.wav,datasec:DATASEC/Music/Music-0994.wav,train
datasec:DATASEC/Music/Music-0995.wav,datasec:DATASEC/Music/Music-0995.wav,train
datasec:DATASEC/Music/Music-0996.wav,datasec:DATASEC/Music/Music-0996.wav,validation
datasec:DATASEC/Music/Music-0997.wav,datasec:DATASEC/Music/Music-0997.wav,train
datasec:DATASEC/Music/Music-0998.wav,datasec:DATASEC/Music/Music-0998.wav,train
datasec:DATASEC/Music/Music-0999.wav,datasec:DATASEC/Music/Music-0999.wav,test
datasec:DATASEC/Music/Music-1000.wav,datasec:DATASEC/Music/Music-1000.wav,train
datasec:DATASEC/Music/Music-1001.wav,datasec:DATASEC/Music/Music-1001.wav,train
datasec:DATASEC/Propeller aircrafts/Airplanes/Airplanes-0001.wav,datasec:DATASEC/Propeller aircrafts/Airplanes/Airplanes-0001.wav,train
datasec:DATASEC/Propeller aircrafts/Airplanes/Airplanes-0002.wav,datasec:DATASEC/Propeller aircrafts/Airplanes/Airplanes-0002.wav,train
datasec:DATASEC/Propeller aircrafts/Airplanes/Airplanes-0003.wav,datasec:DATASEC/Propeller aircrafts/Airplanes/Airplanes-0003.wav,test
datasec:DATASEC/Propeller aircrafts/Airplanes/Airplanes-0004.wav,datasec:DATASEC/Propeller aircrafts/Airplanes/Airplanes-0004.wav,train
datasec:DATASEC/Propeller aircrafts/Airplanes/Airplanes-0005.wav,datasec:DATASEC/Propeller aircrafts/Airplanes/Airplanes-0005.wav,train
datasec:DATASEC/Propeller aircrafts/Airplanes/Airplanes-0006.wav,datasec:DATASEC/Propeller aircrafts/Airplanes/Airplanes-0006.wav,validation
datasec:DATASEC/Propeller aircrafts/Airplanes/Airplanes-0007.wav,datasec:DATASEC/Propeller aircrafts/Airplanes/Airplanes-0007.wav,train
datasec:DATASEC/Propeller aircrafts/Airplanes/Airplanes-0008.wav,datasec:DATASEC/Propeller aircrafts/Airplanes/Airplanes-0008.wav,train
datasec:DATASEC/Propeller aircrafts/Airplanes/Airplanes-0009.wav,datasec:DATASEC/Propeller aircrafts/Airplanes/Airplanes-0009.wav,train
datasec:DATASEC/Propeller aircrafts/Airplanes/Airplanes-0010.wav,datasec:DATASEC/Propeller aircrafts/Airplanes/Airplanes-0010.wav,train
datasec:DATASEC/Propeller aircrafts/Airplanes/Airplanes-0011.wav,datasec:DATASEC/Propeller aircrafts/Airplanes/Airplanes-0011.wav,train
datasec:DATASEC/Propeller aircrafts/Airplanes/Airplanes-0012.wav,datasec:DATASEC/Propeller aircrafts/Airplanes/Airplanes-0012.wav,train
datasec:DATASEC/Propeller aircrafts/Airplanes/Airplanes-0013.wav,datasec:DATASEC/Propeller aircrafts/Airplanes/Airplanes-0013.wav,train
datasec:DATASEC/Propeller aircrafts/Airplanes/Airplanes-0014.wav,datasec:DATASEC/Propeller aircrafts/Airplanes/Airplanes-0014.wav,train
datasec:DATASEC/Propeller aircrafts/Airplanes/Airplanes-0015.wav,datasec:DATASEC/Propeller aircrafts/Airplanes/Airplanes-0015.wav,train
datasec:DATASEC/Propeller aircrafts/Airplanes/Airplanes-0016.wav,datasec:DATASEC/Propeller aircrafts/Airplanes/Airplanes-0016.wav,train
datasec:DATASEC/Propeller aircrafts/Airplanes/Airplanes-0017.wav,datasec:DATASEC/Propeller aircrafts/Airplanes/Airplanes-0017.wav,train
datasec:DATASEC/Propeller aircrafts/Airplanes/Airplanes-0018.wav,datasec:DATASEC/Propeller aircrafts/Airplanes/Airplanes-0018.wav,test
datasec:DATASEC/Propeller aircrafts/Airplanes/Airplanes-0019.wav,datasec:DATASEC/Propeller aircrafts/Airplanes/Airplanes-0019.wav,train
datasec:DATASEC/Propeller aircrafts/Airplanes/Airplanes-0020.wav,datasec:DATASEC/Propeller aircrafts/Airplanes/Airplanes-0020.wav,train
datasec:DATASEC/Propeller aircrafts/Airplanes/Airplanes-0021.wav,datasec:DATASEC/Propeller aircrafts/Airplanes/Airplanes-0021.wav,validation
datasec:DATASEC/Propeller aircrafts/Airplanes/Airplanes-0022.wav,datasec:DATASEC/Propeller aircrafts/Airplanes/Airplanes-0022.wav,train
datasec:DATASEC/Propeller aircrafts/Airplanes/Airplanes-0023.wav,datasec:DATASEC/Propeller aircrafts/Airplanes/Airplanes-0023.wav,validation
datasec:DATASEC/Propeller aircrafts/Airplanes/Airplanes-0024.wav,datasec:DATASEC/Propeller aircrafts/Airplanes/Airplanes-0024.wav,train
datasec:DATASEC/Propeller aircrafts/Airplanes/Airplanes-0025.wav,datasec:DATASEC/Propeller aircrafts/Airplanes/Airplanes-0025.wav,train
datasec:DATASEC/Propeller aircrafts/Airplanes/Airplanes-0026.wav,datasec:DATASEC/Propeller aircrafts/Airplanes/Airplanes-0026.wav,train
datasec:DATASEC/Propeller aircrafts/Airplanes/Airplanes-0027.wav,datasec:DATASEC/Propeller aircrafts/Airplanes/Airplanes-0027.wav,train
datasec:DATASEC/Propeller aircrafts/Airplanes/Airplanes-0028.wav,datasec:DATASEC/Propeller aircrafts/Airplanes/Airplanes-0028.wav,train
datasec:DATASEC/Propeller aircrafts/Airplanes/Airplanes-0029.wav,datasec:DATASEC/Propeller aircrafts/Airplanes/Airplanes-0029.wav,test
datasec:DATASEC/Propeller aircrafts/Airplanes/Airplanes-0030.wav,datasec:DATASEC/Propeller aircrafts/Airplanes/Airplanes-0030.wav,train
datasec:DATASEC/Propeller aircrafts/Airplanes/Airplanes-0031.wav,datasec:DATASEC/Propeller aircrafts/Airplanes/Airplanes-0031.wav,train
datasec:DATASEC/Propeller aircrafts/Airplanes/Airplanes-0032.wav,datasec:DATASEC/Propeller aircrafts/Airplanes/Airplanes-0032.wav,test
datasec:DATASEC/Propeller aircrafts/Airplanes/Airplanes-0033.wav,datasec:DATASEC/Propeller aircrafts/Airplanes/Airplanes-0033.wav,train
datasec:DATASEC/Propeller aircrafts/Airplanes/Airplanes-0034.wav,datasec:DATASEC/Propeller aircrafts/Airplanes/Airplanes-0034.wav,train
datasec:DATASEC/Propeller aircrafts/Airplanes/Airplanes-0035.wav,datasec:DATASEC/Propeller aircrafts/Airplanes/Airplanes-0035.wav,train
datasec:DATASEC/Propeller aircrafts/Airplanes/Airplanes-0036.wav,datasec:DATASEC/Propeller aircrafts/Airplanes/Airplanes-0036.wav,test
datasec:DATASEC/Propeller aircrafts/Airplanes/Airplanes-0037.wav,datasec:DATASEC/Propeller aircrafts/Airplanes/Airplanes-0037.wav,test
datasec:DATASEC/Propeller aircrafts/Airplanes/Airplanes-0038.wav,datasec:DATASEC/Propeller aircrafts/Airplanes/Airplanes-0038.wav,train
datasec:DATASEC/Propeller aircrafts/Airplanes/Airplanes-0039.wav,datasec:DATASEC/Propeller aircrafts/Airplanes/Airplanes-0039.wav,test
datasec:DATASEC/Propeller aircrafts/Airplanes/Airplanes-0040.wav,datasec:DATASEC/Propeller aircrafts/Airplanes/Airplanes-0040.wav,train
datasec:DATASEC/Propeller aircrafts/Airplanes/Airplanes-0041.wav,datasec:DATASEC/Propeller aircrafts/Airplanes/Airplanes-0041.wav,train
datasec:DATASEC/Propeller aircrafts/Airplanes/Airplanes-0042.wav,datasec:DATASEC/Propeller aircrafts/Airplanes/Airplanes-0042.wav,train
datasec:DATASEC/Propeller aircrafts/Airplanes/Airplanes-0043.wav,datasec:DATASEC/Propeller aircrafts/Airplanes/Airplanes-0043.wav,validation
datasec:DATASEC/Propeller aircrafts/Airplanes/Airplanes-0044.wav,datasec:DATASEC/Propeller aircrafts/Airplanes/Airplanes-0044.wav,validation
datasec:DATASEC/Propeller aircrafts/Airplanes/Airplanes-0045.wav,datasec:DATASEC/Propeller aircrafts/Airplanes/Airplanes-0045.wav,train
datasec:DATASEC/Propeller aircrafts/Airplanes/Airplanes-0046.wav,datasec:DATASEC/Propeller aircrafts/Airplanes/Airplanes-0046.wav,test
datasec:DATASEC/Propeller aircrafts/Airplanes/Airplanes-0047.wav,datasec:DATASEC/Propeller aircrafts/Airplanes/Airplanes-0047.wav,validation
datasec:DATASEC/Propeller aircrafts/Airplanes/Airplanes-0048.wav,datasec:DATASEC/Propeller aircrafts/Airplanes/Airplanes-0048.wav,validation
datasec:DATASEC/Propeller aircrafts/Airplanes/Airplanes-0049.wav,datasec:DATASEC/Propeller aircrafts/Airplanes/Airplanes-0049.wav,train
datasec:DATASEC/Propeller aircrafts/Airplanes/Airplanes-0050.wav,datasec:DATASEC/Propeller aircrafts/Airplanes/Airplanes-0050.wav,train
datasec:DATASEC/Propeller aircrafts/Helicopters/Helicopters-0001.wav,datasec:DATASEC/Propeller aircrafts/Helicopters/Helicopters-0001.wav,validation
datasec:DATASEC/Propeller aircrafts/Helicopters/Helicopters-0002.wav,datasec:DATASEC/Propeller aircrafts/Helicopters/Helicopters-0002.wav,test
datasec:DATASEC/Propeller aircrafts/Helicopters/Helicopters-0003.wav,datasec:DATASEC/Propeller aircrafts/Helicopters/Helicopters-0003.wav,train
datasec:DATASEC/Propeller aircrafts/Helicopters/Helicopters-0004.wav,datasec:DATASEC/Propeller aircrafts/Helicopters/Helicopters-0004.wav,train
datasec:DATASEC/Propeller aircrafts/Helicopters/Helicopters-0005.wav,datasec:DATASEC/Propeller aircrafts/Helicopters/Helicopters-0005.wav,train
datasec:DATASEC/Propeller aircrafts/Helicopters/Helicopters-0006.wav,datasec:DATASEC/Propeller aircrafts/Helicopters/Helicopters-0006.wav,validation
datasec:DATASEC/Propeller aircrafts/Helicopters/Helicopters-0007.wav,datasec:DATASEC/Propeller aircrafts/Helicopters/Helicopters-0007.wav,train
datasec:DATASEC/Propeller aircrafts/Helicopters/Helicopters-0008.wav,datasec:DATASEC/Propeller aircrafts/Helicopters/Helicopters-0008.wav,train
datasec:DATASEC/Propeller aircrafts/Helicopters/Helicopters-0009.wav,datasec:DATASEC/Propeller aircrafts/Helicopters/Helicopters-0009.wav,train
datasec:DATASEC/Propeller aircrafts/Helicopters/Helicopters-0010.wav,datasec:DATASEC/Propeller aircrafts/Helicopters/Helicopters-0010.wav,test
datasec:DATASEC/Propeller aircrafts/Helicopters/Helicopters-0011.wav,datasec:DATASEC/Propeller aircrafts/Helicopters/Helicopters-0011.wav,train
datasec:DATASEC/Propeller aircrafts/Helicopters/Helicopters-0012.wav,datasec:DATASEC/Propeller aircrafts/Helicopters/Helicopters-0012.wav,test
datasec:DATASEC/Propeller aircrafts/Helicopters/Helicopters-0013.wav,datasec:DATASEC/Propeller aircrafts/Helicopters/Helicopters-0013.wav,train
datasec:DATASEC/Propeller aircrafts/Helicopters/Helicopters-0014.wav,datasec:DATASEC/Propeller aircrafts/Helicopters/Helicopters-0014.wav,train
datasec:DATASEC/Propeller aircrafts/Helicopters/Helicopters-0015.wav,datasec:DATASEC/Propeller aircrafts/Helicopters/Helicopters-0015.wav,test
datasec:DATASEC/Propeller aircrafts/Helicopters/Helicopters-0016.wav,datasec:DATASEC/Propeller aircrafts/Helicopters/Helicopters-0016.wav,train
datasec:DATASEC/Propeller aircrafts/Helicopters/Helicopters-0017.wav,datasec:DATASEC/Propeller aircrafts/Helicopters/Helicopters-0017.wav,train
datasec:DATASEC/Propeller aircrafts/Helicopters/Helicopters-0018.wav,datasec:DATASEC/Propeller aircrafts/Helicopters/Helicopters-0018.wav,train
datasec:DATASEC/Propeller aircrafts/Helicopters/Helicopters-0019.wav,datasec:DATASEC/Propeller aircrafts/Helicopters/Helicopters-0019.wav,train
datasec:DATASEC/Propeller aircrafts/Helicopters/Helicopters-0020.wav,datasec:DATASEC/Propeller aircrafts/Helicopters/Helicopters-0020.wav,validation
datasec:DATASEC/Propeller aircrafts/Helicopters/Helicopters-0021.wav,datasec:DATASEC/Propeller aircrafts/Helicopters/Helicopters-0021.wav,train
datasec:DATASEC/Propeller aircrafts/Helicopters/Helicopters-0022.wav,datasec:DATASEC/Propeller aircrafts/Helicopters/Helicopters-0022.wav,train
datasec:DATASEC/Propeller aircrafts/Helicopters/Helicopters-0023.wav,datasec:DATASEC/Propeller aircrafts/Helicopters/Helicopters-0023.wav,train
datasec:DATASEC/Propeller aircrafts/Helicopters/Helicopters-0024.wav,datasec:DATASEC/Propeller aircrafts/Helicopters/Helicopters-0024.wav,test
datasec:DATASEC/Propeller aircrafts/Helicopters/Helicopters-0025.wav,datasec:DATASEC/Propeller aircrafts/Helicopters/Helicopters-0025.wav,train
datasec:DATASEC/Propeller aircrafts/Helicopters/Helicopters-0026.wav,datasec:DATASEC/Propeller aircrafts/Helicopters/Helicopters-0026.wav,train
datasec:DATASEC/Propeller aircrafts/Helicopters/Helicopters-0027.wav,datasec:DATASEC/Propeller aircrafts/Helicopters/Helicopters-0027.wav,train
datasec:DATASEC/Propeller aircrafts/Helicopters/Helicopters-0028.wav,datasec:DATASEC/Propeller aircrafts/Helicopters/Helicopters-0028.wav,train
datasec:DATASEC/Propeller aircrafts/Helicopters/Helicopters-0029.wav,datasec:DATASEC/Propeller aircrafts/Helicopters/Helicopters-0029.wav,train
datasec:DATASEC/Propeller aircrafts/Helicopters/Helicopters-0030.wav,datasec:DATASEC/Propeller aircrafts/Helicopters/Helicopters-0030.wav,test
datasec:DATASEC/Propeller aircrafts/Helicopters/Helicopters-0031.wav,datasec:DATASEC/Propeller aircrafts/Helicopters/Helicopters-0031.wav,train
datasec:DATASEC/Propeller aircrafts/Helicopters/Helicopters-0032.wav,datasec:DATASEC/Propeller aircrafts/Helicopters/Helicopters-0032.wav,train
datasec:DATASEC/Propeller aircrafts/Helicopters/Helicopters-0033.wav,datasec:DATASEC/Propeller aircrafts/Helicopters/Helicopters-0033.wav,train
datasec:DATASEC/Propeller aircrafts/Helicopters/Helicopters-0034.wav,datasec:DATASEC/Propeller aircrafts/Helicopters/Helicopters-0034.wav,train
datasec:DATASEC/Propeller aircrafts/Helicopters/Helicopters-0035.wav,datasec:DATASEC/Propeller aircrafts/Helicopters/Helicopters-0035.wav,train
datasec:DATASEC/Propeller aircrafts/Helicopters/Helicopters-0036.wav,datasec:DATASEC/Propeller aircrafts/Helicopters/Helicopters-0036.wav,train
datasec:DATASEC/Propeller aircrafts/Helicopters/Helicopters-0037.wav,datasec:DATASEC/Propeller aircrafts/Helicopters/Helicopters-0037.wav,train
datasec:DATASEC/Propeller aircrafts/Helicopters/Helicopters-0038.wav,datasec:DATASEC/Propeller aircrafts/Helicopters/Helicopters-0038.wav,train
datasec:DATASEC/Propeller aircrafts/Helicopters/Helicopters-0039.wav,datasec:DATASEC/Propeller aircrafts/Helicopters/Helicopters-0039.wav,test
datasec:DATASEC/Propeller aircrafts/Helicopters/Helicopters-0040.wav,datasec:DATASEC/Propeller aircrafts/Helicopters/Helicopters-0040.wav,train
datasec:DATASEC/Propeller aircrafts/Helicopters/Helicopters-0041.wav,datasec:DATASEC/Propeller aircrafts/Helicopters/Helicopters-0041.wav,validation
datasec:DATASEC/Propeller aircrafts/Helicopters/Helicopters-0042.wav,datasec:DATASEC/Propeller aircrafts/Helicopters/Helicopters-0042.wav,validation
datasec:DATASEC/Propeller aircrafts/Helicopters/Helicopters-0043.wav,datasec:DATASEC/Propeller aircrafts/Helicopters/Helicopters-0043.wav,train
datasec:DATASEC/Propeller aircrafts/Helicopters/Helicopters-0044.wav,datasec:DATASEC/Propeller aircrafts/Helicopters/Helicopters-0044.wav,validation
datasec:DATASEC/Propeller aircrafts/Helicopters/Helicopters-0045.wav,datasec:DATASEC/Propeller aircrafts/Helicopters/Helicopters-0045.wav,validation
datasec:DATASEC/Propeller aircrafts/Helicopters/Helicopters-0046.wav,datasec:DATASEC/Propeller aircrafts/Helicopters/Helicopters-0046.wav,train
datasec:DATASEC/Propeller aircrafts/Helicopters/Helicopters-0047.wav,datasec:DATASEC/Propeller aircrafts/Helicopters/Helicopters-0047.wav,train
datasec:DATASEC/Propeller aircrafts/Helicopters/Helicopters-0048.wav,datasec:DATASEC/Propeller aircrafts/Helicopters/Helicopters-0048.wav,validation
datasec:DATASEC/Propeller aircrafts/Helicopters/Helicopters-0049.wav,datasec:DATASEC/Propeller aircrafts/Helicopters/Helicopters-0049.wav,train
datasec:DATASEC/Propeller aircrafts/Helicopters/Helicopters-0051.wav,datasec:DATASEC/Propeller aircrafts/Helicopters/Helicopters-0051.wav,train
datasec:DATASEC/Propeller aircrafts/Helicopters/Helicopters-0052.wav,datasec:DATASEC/Propeller aircrafts/Helicopters/Helicopters-0052.wav,test
datasec:DATASEC/Propeller aircrafts/Helicopters/Helicopters-0053.wav,datasec:DATASEC/Propeller aircrafts/Helicopters/Helicopters-0053.wav,train
datasec:DATASEC/Propeller aircrafts/Helicopters/Helicopters-0054.wav,datasec:DATASEC/Propeller aircrafts/Helicopters/Helicopters-0054.wav,train
datasec:DATASEC/Propeller aircrafts/Helicopters/Helicopters-0055.wav,datasec:DATASEC/Propeller aircrafts/Helicopters/Helicopters-0055.wav,validation
datasec:DATASEC/Propeller aircrafts/Helicopters/Helicopters-0056.wav,datasec:DATASEC/Propeller aircrafts/Helicopters/Helicopters-0056.wav,train
datasec:DATASEC/Propeller aircrafts/Helicopters/Helicopters-0057.wav,datasec:DATASEC/Propeller aircrafts/Helicopters/Helicopters-0057.wav,train
datasec:DATASEC/Sirens and alarms/Alarms/Alarms-0001.wav,datasec:DATASEC/Sirens and alarms/Alarms/Alarms-0001.wav,train
datasec:DATASEC/Sirens and alarms/Alarms/Alarms-0002.wav,datasec:DATASEC/Sirens and alarms/Alarms/Alarms-0002.wav,train
datasec:DATASEC/Sirens and alarms/Alarms/Alarms-0004.wav,datasec:DATASEC/Sirens and alarms/Alarms/Alarms-0004.wav,validation
datasec:DATASEC/Sirens and alarms/Alarms/Alarms-0005.wav,datasec:DATASEC/Sirens and alarms/Alarms/Alarms-0005.wav,train
datasec:DATASEC/Sirens and alarms/Alarms/Alarms-0006.wav,datasec:DATASEC/Sirens and alarms/Alarms/Alarms-0006.wav,train
datasec:DATASEC/Sirens and alarms/Alarms/Alarms-0007.wav,datasec:DATASEC/Sirens and alarms/Alarms/Alarms-0007.wav,train
datasec:DATASEC/Sirens and alarms/Alarms/Alarms-0008.wav,datasec:DATASEC/Sirens and alarms/Alarms/Alarms-0008.wav,test
datasec:DATASEC/Sirens and alarms/Alarms/Alarms-0009.wav,datasec:DATASEC/Sirens and alarms/Alarms/Alarms-0009.wav,train
datasec:DATASEC/Sirens and alarms/Alarms/Alarms-0011.wav,datasec:DATASEC/Sirens and alarms/Alarms/Alarms-0011.wav,train
datasec:DATASEC/Sirens and alarms/Alarms/Alarms-0012.wav,datasec:DATASEC/Sirens and alarms/Alarms/Alarms-0012.wav,train
datasec:DATASEC/Sirens and alarms/Alarms/Alarms-0013.wav,datasec:DATASEC/Sirens and alarms/Alarms/Alarms-0013.wav,test
datasec:DATASEC/Sirens and alarms/Alarms/Alarms-0014.wav,datasec:DATASEC/Sirens and alarms/Alarms/Alarms-0013.wav,test
datasec:DATASEC/Sirens and alarms/Alarms/Alarms-0015.wav,datasec:DATASEC/Sirens and alarms/Alarms/Alarms-0015.wav,train
datasec:DATASEC/Sirens and alarms/Alarms/Alarms-0016.wav,datasec:DATASEC/Sirens and alarms/Alarms/Alarms-0016.wav,train
datasec:DATASEC/Sirens and alarms/Alarms/Alarms-0017.wav,datasec:DATASEC/Sirens and alarms/Alarms/Alarms-0017.wav,train
datasec:DATASEC/Sirens and alarms/Alarms/Alarms-0018.wav,datasec:DATASEC/Sirens and alarms/Alarms/Alarms-0018.wav,validation
datasec:DATASEC/Sirens and alarms/Alarms/Alarms-0019.wav,datasec:DATASEC/Sirens and alarms/Alarms/Alarms-0019.wav,test
datasec:DATASEC/Sirens and alarms/Alarms/Alarms-0020.wav,datasec:DATASEC/Sirens and alarms/Alarms/Alarms-0020.wav,train
datasec:DATASEC/Sirens and alarms/Alarms/Alarms-0021.wav,datasec:DATASEC/Sirens and alarms/Alarms/Alarms-0021.wav,train
datasec:DATASEC/Sirens and alarms/Alarms/Alarms-0022.wav,datasec:DATASEC/Sirens and alarms/Alarms/Alarms-0022.wav,train
datasec:DATASEC/Sirens and alarms/Alarms/Alarms-0023.wav,datasec:DATASEC/Sirens and alarms/Alarms/Alarms-0023.wav,train
datasec:DATASEC/Sirens and alarms/Alarms/Alarms-0024.wav,datasec:DATASEC/Sirens and alarms/Alarms/Alarms-0024.wav,train
datasec:DATASEC/Sirens and alarms/Alarms/Alarms-0025.wav,datasec:DATASEC/Sirens and alarms/Alarms/Alarms-0025.wav,train
datasec:DATASEC/Sirens and alarms/Alarms/Alarms-0026.wav,datasec:DATASEC/Sirens and alarms/Alarms/Alarms-0026.wav,train
datasec:DATASEC/Sirens and alarms/Alarms/Alarms-0027.wav,datasec:DATASEC/Sirens and alarms/Alarms/Alarms-0027.wav,train
datasec:DATASEC/Sirens and alarms/Alarms/Alarms-0028.wav,datasec:DATASEC/Sirens and alarms/Alarms/Alarms-0028.wav,validation
datasec:DATASEC/Sirens and alarms/Alarms/Alarms-0029.wav,datasec:DATASEC/Sirens and alarms/Alarms/Alarms-0029.wav,test
datasec:DATASEC/Sirens and alarms/Alarms/Alarms-0030.wav,datasec:DATASEC/Sirens and alarms/Alarms/Alarms-0030.wav,validation
datasec:DATASEC/Sirens and alarms/Alarms/Alarms-0031.wav,datasec:DATASEC/Sirens and alarms/Alarms/Alarms-0031.wav,validation
datasec:DATASEC/Sirens and alarms/Alarms/Alarms-0032.wav,datasec:DATASEC/Sirens and alarms/Alarms/Alarms-0032.wav,test
datasec:DATASEC/Sirens and alarms/Alarms/Alarms-0033.wav,datasec:DATASEC/Sirens and alarms/Alarms/Alarms-0033.wav,train
datasec:DATASEC/Sirens and alarms/Alarms/Alarms-0034.wav,datasec:DATASEC/Sirens and alarms/Alarms/Alarms-0034.wav,train
datasec:DATASEC/Sirens and alarms/Alarms/Alarms-0035.wav,datasec:DATASEC/Sirens and alarms/Alarms/Alarms-0035.wav,train
datasec:DATASEC/Sirens and alarms/Alarms/Alarms-0036.wav,datasec:DATASEC/Sirens and alarms/Alarms/Alarms-0036.wav,train
datasec:DATASEC/Sirens and alarms/Alarms/Alarms-0037.wav,datasec:DATASEC/Sirens and alarms/Alarms/Alarms-0004.wav,validation
datasec:DATASEC/Sirens and alarms/Sirens/Sirens-0001.wav,datasec:DATASEC/Sirens and alarms/Sirens/Sirens-0001.wav,train
datasec:DATASEC/Sirens and alarms/Sirens/Sirens-0002.wav,datasec:DATASEC/Sirens and alarms/Sirens/Sirens-0002.wav,test
datasec:DATASEC/Sirens and alarms/Sirens/Sirens-0004.wav,datasec:DATASEC/Sirens and alarms/Sirens/Sirens-0004.wav,train
datasec:DATASEC/Sirens and alarms/Sirens/Sirens-0005.wav,datasec:DATASEC/Sirens and alarms/Sirens/Sirens-0005.wav,validation
datasec:DATASEC/Sirens and alarms/Sirens/Sirens-0006.wav,datasec:DATASEC/Sirens and alarms/Sirens/Sirens-0006.wav,train
datasec:DATASEC/Sirens and alarms/Sirens/Sirens-0007.wav,datasec:DATASEC/Sirens and alarms/Sirens/Sirens-0007.wav,train
datasec:DATASEC/Sirens and alarms/Sirens/Sirens-0009.wav,datasec:DATASEC/Sirens and alarms/Sirens/Sirens-0009.wav,train
datasec:DATASEC/Sirens and alarms/Sirens/Sirens-0010.wav,datasec:DATASEC/Sirens and alarms/Sirens/Sirens-0010.wav,train
datasec:DATASEC/Sirens and alarms/Sirens/Sirens-0011.wav,datasec:DATASEC/Sirens and alarms/Sirens/Sirens-0011.wav,train
datasec:DATASEC/Sirens and alarms/Sirens/Sirens-0012.wav,datasec:DATASEC/Sirens and alarms/Sirens/Sirens-0012.wav,validation
datasec:DATASEC/Sirens and alarms/Sirens/Sirens-0013.wav,datasec:DATASEC/Sirens and alarms/Sirens/Sirens-0013.wav,train
datasec:DATASEC/Sirens and alarms/Sirens/Sirens-0014.wav,datasec:DATASEC/Sirens and alarms/Sirens/Sirens-0014.wav,train
datasec:DATASEC/Sirens and alarms/Sirens/Sirens-0015.wav,datasec:DATASEC/Sirens and alarms/Sirens/Sirens-0015.wav,test
datasec:DATASEC/Sirens and alarms/Sirens/Sirens-0016.wav,datasec:DATASEC/Sirens and alarms/Sirens/Sirens-0016.wav,train
datasec:DATASEC/Sirens and alarms/Sirens/Sirens-0017.wav,datasec:DATASEC/Sirens and alarms/Sirens/Sirens-0017.wav,test
datasec:DATASEC/Sirens and alarms/Sirens/Sirens-0018.wav,datasec:DATASEC/Sirens and alarms/Sirens/Sirens-0018.wav,train
datasec:DATASEC/Sirens and alarms/Sirens/Sirens-0019.wav,datasec:DATASEC/Sirens and alarms/Sirens/Sirens-0019.wav,train
datasec:DATASEC/Sirens and alarms/Sirens/Sirens-0020.wav,datasec:DATASEC/Sirens and alarms/Sirens/Sirens-0020.wav,train
datasec:DATASEC/Sirens and alarms/Sirens/Sirens-0021.wav,datasec:DATASEC/Sirens and alarms/Sirens/Sirens-0021.wav,train
datasec:DATASEC/Sirens and alarms/Sirens/Sirens-0022.wav,datasec:DATASEC/Sirens and alarms/Sirens/Sirens-0022.wav,train
datasec:DATASEC/Sirens and alarms/Sirens/Sirens-0023.wav,datasec:DATASEC/Sirens and alarms/Sirens/Sirens-0023.wav,train
datasec:DATASEC/Sirens and alarms/Sirens/Sirens-0024.wav,datasec:DATASEC/Sirens and alarms/Sirens/Sirens-0024.wav,test
datasec:DATASEC/Sirens and alarms/Sirens/Sirens-0025.wav,datasec:DATASEC/Sirens and alarms/Sirens/Sirens-0025.wav,train
datasec:DATASEC/Sirens and alarms/Sirens/Sirens-0026.wav,datasec:DATASEC/Sirens and alarms/Sirens/Sirens-0026.wav,test
datasec:DATASEC/Sirens and alarms/Sirens/Sirens-0027.wav,datasec:DATASEC/Sirens and alarms/Sirens/Sirens-0027.wav,train
datasec:DATASEC/Sirens and alarms/Sirens/Sirens-0028.wav,datasec:DATASEC/Sirens and alarms/Sirens/Sirens-0028.wav,train
datasec:DATASEC/Sirens and alarms/Sirens/Sirens-0029.wav,datasec:DATASEC/Sirens and alarms/Sirens/Sirens-0029.wav,test
datasec:DATASEC/Sirens and alarms/Sirens/Sirens-0031.wav,datasec:DATASEC/Sirens and alarms/Sirens/Sirens-0031.wav,train
datasec:DATASEC/Sirens and alarms/Sirens/Sirens-0032.wav,datasec:DATASEC/Sirens and alarms/Sirens/Sirens-0032.wav,train
datasec:DATASEC/Sirens and alarms/Sirens/Sirens-0033.wav,datasec:DATASEC/Sirens and alarms/Sirens/Sirens-0033.wav,train
datasec:DATASEC/Sirens and alarms/Sirens/Sirens-0034.wav,datasec:DATASEC/Sirens and alarms/Sirens/Sirens-0034.wav,train
datasec:DATASEC/Sirens and alarms/Sirens/Sirens-0035.wav,datasec:DATASEC/Sirens and alarms/Sirens/Sirens-0035.wav,train
datasec:DATASEC/Sirens and alarms/Sirens/Sirens-0036.wav,datasec:DATASEC/Sirens and alarms/Sirens/Sirens-0036.wav,train
datasec:DATASEC/Sirens and alarms/Sirens/Sirens-0037.wav,datasec:DATASEC/Sirens and alarms/Sirens/Sirens-0037.wav,train
datasec:DATASEC/Sirens and alarms/Sirens/Sirens-0038.wav,datasec:DATASEC/Sirens and alarms/Sirens/Sirens-0038.wav,train
datasec:DATASEC/Sirens and alarms/Sirens/Sirens-0039.wav,datasec:DATASEC/Sirens and alarms/Sirens/Sirens-0039.wav,train
datasec:DATASEC/Sirens and alarms/Sirens/Sirens-0040.wav,datasec:DATASEC/Sirens and alarms/Sirens/Sirens-0040.wav,train
datasec:DATASEC/Sirens and alarms/Sirens/Sirens-0041.wav,datasec:DATASEC/Sirens and alarms/Sirens/Sirens-0041.wav,train
datasec:DATASEC/Sirens and alarms/Sirens/Sirens-0042.wav,datasec:DATASEC/Sirens and alarms/Sirens/Sirens-0042.wav,validation
datasec:DATASEC/Sirens and alarms/Sirens/Sirens-0043.wav,datasec:DATASEC/Sirens and alarms/Sirens/Sirens-0043.wav,train
datasec:DATASEC/Sirens and alarms/Sirens/Sirens-0045.wav,datasec:DATASEC/Sirens and alarms/Sirens/Sirens-0045.wav,train
datasec:DATASEC/Sirens and alarms/Sirens/Sirens-0048.wav,datasec:DATASEC/Sirens and alarms/Sirens/Sirens-0048.wav,validation
datasec:DATASEC/Sirens and alarms/Sirens/Sirens-0049.wav,datasec:DATASEC/Sirens and alarms/Sirens/Sirens-0049.wav,train
datasec:DATASEC/Sirens and alarms/Sirens/Sirens-0050.wav,datasec:DATASEC/Sirens and alarms/Sirens/Sirens-0050.wav,validation
datasec:DATASEC/Sirens and alarms/Sirens/Sirens-0051.wav,datasec:DATASEC/Sirens and alarms/Sirens/Sirens-0051.wav,train
datasec:DATASEC/Sirens and alarms/Sirens/Sirens-0052.wav,datasec:DATASEC/Sirens and alarms/Sirens/Sirens-0052.wav,train
datasec:DATASEC/Sirens and alarms/Sirens/Sirens-0053.wav,datasec:DATASEC/Sirens and alarms/Sirens/Sirens-0053.wav,train
datasec:DATASEC/Sirens and alarms/Sirens/Sirens-0054.wav,datasec:DATASEC/Sirens and alarms/Sirens/Sirens-0054.wav,test
datasec:DATASEC/Sirens and alarms/Sirens/Sirens-0055.wav,datasec:DATASEC/Sirens and alarms/Sirens/Sirens-0055.wav,train
datasec:DATASEC/Sirens and alarms/Sirens/Sirens-0056.wav,datasec:DATASEC/Sirens and alarms/Sirens/Sirens-0056.wav,train
datasec:DATASEC/Sirens and alarms/Sirens/Sirens-0057.wav,datasec:DATASEC/Sirens and alarms/Sirens/Sirens-0057.wav,test
datasec:DATASEC/Sirens and alarms/Sirens/Sirens-0059.wav,datasec:DATASEC/Sirens and alarms/Sirens/Sirens-0059.wav,validation
datasec:DATASEC/Sirens and alarms/Sirens/Sirens-0060.wav,datasec:DATASEC/Sirens and alarms/Sirens/Sirens-0060.wav,train
datasec:DATASEC/Sirens and alarms/Sirens/Sirens-0062.wav,datasec:DATASEC/Sirens and alarms/Sirens/Sirens-0062.wav,train
datasec:DATASEC/Sirens and alarms/Sirens/Sirens-0063.wav,datasec:DATASEC/Sirens and alarms/Sirens/Sirens-0063.wav,validation
datasec:DATASEC/Sirens and alarms/Sirens/Sirens-0064.wav,datasec:DATASEC/Sirens and alarms/Sirens/Sirens-0064.wav,train
datasec:DATASEC/Sirens and alarms/Sirens/Sirens-0065.wav,datasec:DATASEC/Sirens and alarms/Sirens/Sirens-0065.wav,test
datasec:DATASEC/Sirens and alarms/Sirens/Sirens-0066.wav,datasec:DATASEC/Sirens and alarms/Sirens/Sirens-0066.wav,validation
datasec:DATASEC/Sirens and alarms/Sirens/Sirens-0067.wav,datasec:DATASEC/Sirens and alarms/Sirens/Sirens-0067.wav,train
datasec:DATASEC/Sirens and alarms/Sirens/Sirens-0068.wav,datasec:DATASEC/Sirens and alarms/Sirens/Sirens-0068.wav,validation
datasec:DATASEC/Thunder fireworks and gunshot/Fireworks/Fireworks-0001.wav,datasec:DATASEC/Thunder fireworks and gunshot/Fireworks/Fireworks-0001.wav,train
datasec:DATASEC/Thunder fireworks and gunshot/Fireworks/Fireworks-0002.wav,datasec:DATASEC/Thunder fireworks and gunshot/Fireworks/Fireworks-0002.wav,train
datasec:DATASEC/Thunder fireworks and gunshot/Fireworks/Fireworks-0003.wav,datasec:DATASEC/Thunder fireworks and gunshot/Fireworks/Fireworks-0003.wav,test
datasec:DATASEC/Thunder fireworks and gunshot/Fireworks/Fireworks-0004.wav,datasec:DATASEC/Thunder fireworks and gunshot/Fireworks/Fireworks-0004.wav,train
datasec:DATASEC/Thunder fireworks and gunshot/Fireworks/Fireworks-0005.wav,datasec:DATASEC/Thunder fireworks and gunshot/Fireworks/Fireworks-0005.wav,test
datasec:DATASEC/Thunder fireworks and gunshot/Fireworks/Fireworks-0006.wav,datasec:DATASEC/Thunder fireworks and gunshot/Fireworks/Fireworks-0006.wav,validation
datasec:DATASEC/Thunder fireworks and gunshot/Fireworks/Fireworks-0007.wav,datasec:DATASEC/Thunder fireworks and gunshot/Fireworks/Fireworks-0007.wav,train
datasec:DATASEC/Thunder fireworks and gunshot/Fireworks/Fireworks-0008.wav,datasec:DATASEC/Thunder fireworks and gunshot/Fireworks/Fireworks-0008.wav,train
datasec:DATASEC/Thunder fireworks and gunshot/Fireworks/Fireworks-0009.wav,datasec:DATASEC/Thunder fireworks and gunshot/Fireworks/Fireworks-0009.wav,test
datasec:DATASEC/Thunder fireworks and gunshot/Fireworks/Fireworks-0010.wav,datasec:DATASEC/Thunder fireworks and gunshot/Fireworks/Fireworks-0010.wav,train
datasec:DATASEC/Thunder fireworks and gunshot/Fireworks/Fireworks-0011.wav,datasec:DATASEC/Thunder fireworks and gunshot/Fireworks/Fireworks-0011.wav,train
datasec:DATASEC/Thunder fireworks and gunshot/Fireworks/Fireworks-0012.wav,datasec:DATASEC/Thunder fireworks and gunshot/Fireworks/Fireworks-0012.wav,train
datasec:DATASEC/Thunder fireworks and gunshot/Fireworks/Fireworks-0013.wav,datasec:DATASEC/Thunder fireworks and gunshot/Fireworks/Fireworks-0013.wav,train
datasec:DATASEC/Thunder fireworks and gunshot/Fireworks/Fireworks-0014.wav,datasec:DATASEC/Thunder fireworks and gunshot/Fireworks/Fireworks-0014.wav,train
datasec:DATASEC/Thunder fireworks and gunshot/Fireworks/Fireworks-0015.wav,datasec:DATASEC/Thunder fireworks and gunshot/Fireworks/Fireworks-0015.wav,train
datasec:DATASEC/Thunder fireworks and gunshot/Fireworks/Fireworks-0016.wav,datasec:DATASEC/Thunder fireworks and gunshot/Fireworks/Fireworks-0016.wav,train
datasec:DATASEC/Thunder fireworks and gunshot/Fireworks/Fireworks-0017.wav,datasec:DATASEC/Thunder fireworks and gunshot/Fireworks/Fireworks-0017.wav,train
datasec:DATASEC/Thunder fireworks and gunshot/Fireworks/Fireworks-0018.wav,datasec:DATASEC/Thunder fireworks and gunshot/Fireworks/Fireworks-0018.wav,validation
datasec:DATASEC/Thunder fireworks and gunshot/Fireworks/Fireworks-0019.wav,datasec:DATASEC/Thunder fireworks and gunshot/Fireworks/Fireworks-0019.wav,test
datasec:DATASEC/Thunder fireworks and gunshot/Fireworks/Fireworks-0020.wav,datasec:DATASEC/Thunder fireworks and gunshot/Fireworks/Fireworks-0020.wav,train
datasec:DATASEC/Thunder fireworks and gunshot/Fireworks/Fireworks-0021.wav,datasec:DATASEC/Thunder fireworks and gunshot/Fireworks/Fireworks-0021.wav,train
datasec:DATASEC/Thunder fireworks and gunshot/Fireworks/Fireworks-0022.wav,datasec:DATASEC/Thunder fireworks and gunshot/Fireworks/Fireworks-0022.wav,train
datasec:DATASEC/Thunder fireworks and gunshot/Fireworks/Fireworks-0023.wav,datasec:DATASEC/Thunder fireworks and gunshot/Fireworks/Fireworks-0023.wav,test
datasec:DATASEC/Thunder fireworks and gunshot/Fireworks/Fireworks-0024.wav,datasec:DATASEC/Thunder fireworks and gunshot/Fireworks/Fireworks-0024.wav,train
datasec:DATASEC/Thunder fireworks and gunshot/Fireworks/Fireworks-0025.wav,datasec:DATASEC/Thunder fireworks and gunshot/Fireworks/Fireworks-0025.wav,train
datasec:DATASEC/Thunder fireworks and gunshot/Fireworks/Fireworks-0026.wav,datasec:DATASEC/Thunder fireworks and gunshot/Fireworks/Fireworks-0026.wav,validation
datasec:DATASEC/Thunder fireworks and gunshot/Fireworks/Fireworks-0027.wav,datasec:DATASEC/Thunder fireworks and gunshot/Fireworks/Fireworks-0027.wav,train
datasec:DATASEC/Thunder fireworks and gunshot/Fireworks/Fireworks-0028.wav,datasec:DATASEC/Thunder fireworks and gunshot/Fireworks/Fireworks-0028.wav,train
datasec:DATASEC/Thunder fireworks and gunshot/Fireworks/Fireworks-0029.wav,datasec:DATASEC/Thunder fireworks and gunshot/Fireworks/Fireworks-0029.wav,train
datasec:DATASEC/Thunder fireworks and gunshot/Fireworks/Fireworks-0030.wav,datasec:DATASEC/Thunder fireworks and gunshot/Fireworks/Fireworks-0030.wav,train
datasec:DATASEC/Thunder fireworks and gunshot/Fireworks/Fireworks-0031.wav,datasec:DATASEC/Thunder fireworks and gunshot/Fireworks/Fireworks-0031.wav,train
datasec:DATASEC/Thunder fireworks and gunshot/Fireworks/Fireworks-0032.wav,datasec:DATASEC/Thunder fireworks and gunshot/Fireworks/Fireworks-0032.wav,train
datasec:DATASEC/Thunder fireworks and gunshot/Fireworks/Fireworks-0033.wav,datasec:DATASEC/Thunder fireworks and gunshot/Fireworks/Fireworks-0033.wav,train
datasec:DATASEC/Thunder fireworks and gunshot/Fireworks/Fireworks-0034.wav,datasec:DATASEC/Thunder fireworks and gunshot/Fireworks/Fireworks-0034.wav,train
datasec:DATASEC/Thunder fireworks and gunshot/Fireworks/Fireworks-0035.wav,datasec:DATASEC/Thunder fireworks and gunshot/Fireworks/Fireworks-0035.wav,train
datasec:DATASEC/Thunder fireworks and gunshot/Fireworks/Fireworks-0036.wav,datasec:DATASEC/Thunder fireworks and gunshot/Fireworks/Fireworks-0036.wav,train
datasec:DATASEC/Thunder fireworks and gunshot/Fireworks/Fireworks-0037.wav,datasec:DATASEC/Thunder fireworks and gunshot/Fireworks/Fireworks-0037.wav,test
datasec:DATASEC/Thunder fireworks and gunshot/Fireworks/Fireworks-0038.wav,datasec:DATASEC/Thunder fireworks and gunshot/Fireworks/Fireworks-0038.wav,train
datasec:DATASEC/Thunder fireworks and gunshot/Fireworks/Fireworks-0039.wav,datasec:DATASEC/Thunder fireworks and gunshot/Fireworks/Fireworks-0039.wav,train
datasec:DATASEC/Thunder fireworks and gunshot/Fireworks/Fireworks-0040.wav,datasec:DATASEC/Thunder fireworks and gunshot/Fireworks/Fireworks-0040.wav,test
datasec:DATASEC/Thunder fireworks and gunshot/Fireworks/Fireworks-0041.wav,datasec:DATASEC/Thunder fireworks and gunshot/Fireworks/Fireworks-0041.wav,train
datasec:DATASEC/Thunder fireworks and gunshot/Fireworks/Fireworks-0042.wav,datasec:DATASEC/Thunder fireworks and gunshot/Fireworks/Fireworks-0042.wav,train
datasec:DATASEC/Thunder fireworks and gunshot/Fireworks/Fireworks-0043.wav,datasec:DATASEC/Thunder fireworks and gunshot/Fireworks/Fireworks-0043.wav,train
datasec:DATASEC/Thunder fireworks and gunshot/Fireworks/Fireworks-0044.wav,datasec:DATASEC/Thunder fireworks and gunshot/Fireworks/Fireworks-0044.wav,train
datasec:DATASEC/Thunder fireworks and gunshot/Fireworks/Fireworks-0045.wav,datasec:DATASEC/Thunder fireworks and gunshot/Fireworks/Fireworks-0045.wav,train
datasec:DATASEC/Thunder fireworks and gunshot/Fireworks/Fireworks-0046.wav,datasec:DATASEC/Thunder fireworks and gunshot/Fireworks/Fireworks-0046.wav,test
datasec:DATASEC/Thunder fireworks and gunshot/Fireworks/Fireworks-0047.wav,datasec:DATASEC/Thunder fireworks and gunshot/Fireworks/Fireworks-0047.wav,validation
datasec:DATASEC/Thunder fireworks and gunshot/Fireworks/Fireworks-0048.wav,datasec:DATASEC/Thunder fireworks and gunshot/Fireworks/Fireworks-0048.wav,validation
datasec:DATASEC/Thunder fireworks and gunshot/Fireworks/Fireworks-0049.wav,datasec:DATASEC/Thunder fireworks and gunshot/Fireworks/Fireworks-0049.wav,train
datasec:DATASEC/Thunder fireworks and gunshot/Fireworks/Fireworks-0050.wav,datasec:DATASEC/Thunder fireworks and gunshot/Fireworks/Fireworks-0050.wav,train
datasec:DATASEC/Thunder fireworks and gunshot/Fireworks/Fireworks-0051.wav,datasec:DATASEC/Thunder fireworks and gunshot/Fireworks/Fireworks-0051.wav,validation
datasec:DATASEC/Thunder fireworks and gunshot/Fireworks/Fireworks-0052.wav,datasec:DATASEC/Thunder fireworks and gunshot/Fireworks/Fireworks-0052.wav,train
datasec:DATASEC/Thunder fireworks and gunshot/Fireworks/Fireworks-0053.wav,datasec:DATASEC/Thunder fireworks and gunshot/Fireworks/Fireworks-0053.wav,test
datasec:DATASEC/Thunder fireworks and gunshot/Fireworks/Fireworks-0054.wav,datasec:DATASEC/Thunder fireworks and gunshot/Fireworks/Fireworks-0054.wav,train
datasec:DATASEC/Thunder fireworks and gunshot/Fireworks/Fireworks-0055.wav,datasec:DATASEC/Thunder fireworks and gunshot/Fireworks/Fireworks-0055.wav,train
datasec:DATASEC/Thunder fireworks and gunshot/Fireworks/Fireworks-0056.wav,datasec:DATASEC/Thunder fireworks and gunshot/Fireworks/Fireworks-0056.wav,train
datasec:DATASEC/Thunder fireworks and gunshot/Fireworks/Fireworks-0057.wav,datasec:DATASEC/Thunder fireworks and gunshot/Fireworks/Fireworks-0057.wav,train
datasec:DATASEC/Thunder fireworks and gunshot/Fireworks/Fireworks-0058.wav,datasec:DATASEC/Thunder fireworks and gunshot/Fireworks/Fireworks-0058.wav,validation
datasec:DATASEC/Thunder fireworks and gunshot/Fireworks/Fireworks-0059.wav,datasec:DATASEC/Thunder fireworks and gunshot/Fireworks/Fireworks-0059.wav,train
datasec:DATASEC/Thunder fireworks and gunshot/Fireworks/Fireworks-0060.wav,datasec:DATASEC/Thunder fireworks and gunshot/Fireworks/Fireworks-0060.wav,validation
datasec:DATASEC/Thunder fireworks and gunshot/Fireworks/Fireworks-0061.wav,datasec:DATASEC/Thunder fireworks and gunshot/Fireworks/Fireworks-0061.wav,test
datasec:DATASEC/Thunder fireworks and gunshot/Fireworks/Fireworks-0062.wav,datasec:DATASEC/Thunder fireworks and gunshot/Fireworks/Fireworks-0062.wav,validation
datasec:DATASEC/Thunder fireworks and gunshot/Fireworks/Fireworks-0063.wav,datasec:DATASEC/Thunder fireworks and gunshot/Fireworks/Fireworks-0063.wav,validation
datasec:DATASEC/Thunder fireworks and gunshot/Fireworks/Fireworks-0064.wav,datasec:DATASEC/Thunder fireworks and gunshot/Fireworks/Fireworks-0064.wav,train
datasec:DATASEC/Thunder fireworks and gunshot/Fireworks/Fireworks-0065.wav,datasec:DATASEC/Thunder fireworks and gunshot/Fireworks/Fireworks-0065.wav,train
datasec:DATASEC/Thunder fireworks and gunshot/Fireworks/Fireworks-0066.wav,datasec:DATASEC/Thunder fireworks and gunshot/Fireworks/Fireworks-0066.wav,train
datasec:DATASEC/Thunder fireworks and gunshot/Fireworks/Fireworks-0067.wav,datasec:DATASEC/Thunder fireworks and gunshot/Fireworks/Fireworks-0067.wav,train
datasec:DATASEC/Thunder fireworks and gunshot/Fireworks/Fireworks-0068.wav,datasec:DATASEC/Thunder fireworks and gunshot/Fireworks/Fireworks-0068.wav,train
datasec:DATASEC/Thunder fireworks and gunshot/Gunshot/Gunshot-0001.wav,datasec:DATASEC/Thunder fireworks and gunshot/Gunshot/Gunshot-0001.wav,train
datasec:DATASEC/Thunder fireworks and gunshot/Gunshot/Gunshot-0002.wav,datasec:DATASEC/Thunder fireworks and gunshot/Gunshot/Gunshot-0002.wav,train
datasec:DATASEC/Thunder fireworks and gunshot/Gunshot/Gunshot-0003.wav,datasec:DATASEC/Thunder fireworks and gunshot/Gunshot/Gunshot-0003.wav,train
datasec:DATASEC/Thunder fireworks and gunshot/Gunshot/Gunshot-0004.wav,datasec:DATASEC/Thunder fireworks and gunshot/Gunshot/Gunshot-0004.wav,validation
datasec:DATASEC/Thunder fireworks and gunshot/Gunshot/Gunshot-0005.wav,datasec:DATASEC/Thunder fireworks and gunshot/Gunshot/Gunshot-0005.wav,test
datasec:DATASEC/Thunder fireworks and gunshot/Gunshot/Gunshot-0006.wav,datasec:DATASEC/Thunder fireworks and gunshot/Gunshot/Gunshot-0006.wav,train
datasec:DATASEC/Thunder fireworks and gunshot/Gunshot/Gunshot-0007.wav,datasec:DATASEC/Thunder fireworks and gunshot/Gunshot/Gunshot-0007.wav,test
datasec:DATASEC/Thunder fireworks and gunshot/Gunshot/Gunshot-0008.wav,datasec:DATASEC/Thunder fireworks and gunshot/Gunshot/Gunshot-0008.wav,train
datasec:DATASEC/Thunder fireworks and gunshot/Gunshot/Gunshot-0009.wav,datasec:DATASEC/Thunder fireworks and gunshot/Gunshot/Gunshot-0009.wav,train
datasec:DATASEC/Thunder fireworks and gunshot/Gunshot/Gunshot-0010.wav,datasec:DATASEC/Thunder fireworks and gunshot/Gunshot/Gunshot-0010.wav,validation
datasec:DATASEC/Thunder fireworks and gunshot/Gunshot/Gunshot-0011.wav,datasec:DATASEC/Thunder fireworks and gunshot/Gunshot/Gunshot-0011.wav,validation
datasec:DATASEC/Thunder fireworks and gunshot/Gunshot/Gunshot-0012.wav,datasec:DATASEC/Thunder fireworks and gunshot/Gunshot/Gunshot-0012.wav,validation
datasec:DATASEC/Thunder fireworks and gunshot/Gunshot/Gunshot-0013.wav,datasec:DATASEC/Thunder fireworks and gunshot/Gunshot/Gunshot-0013.wav,train
datasec:DATASEC/Thunder fireworks and gunshot/Gunshot/Gunshot-0014.wav,datasec:DATASEC/Thunder fireworks and gunshot/Gunshot/Gunshot-0014.wav,train
datasec:DATASEC/Thunder fireworks and gunshot/Gunshot/Gunshot-0015.wav,datasec:DATASEC/Thunder fireworks and gunshot/Gunshot/Gunshot-0015.wav,train
datasec:DATASEC/Thunder fireworks and gunshot/Gunshot/Gunshot-0016.wav,datasec:DATASEC/Thunder fireworks and gunshot/Gunshot/Gunshot-0016.wav,train
datasec:DATASEC/Thunder fireworks and gunshot/Gunshot/Gunshot-0017.wav,datasec:DATASEC/Thunder fireworks and gunshot/Gunshot/Gunshot-0017.wav,train
datasec:DATASEC/Thunder fireworks and gunshot/Gunshot/Gunshot-0018.wav,datasec:DATASEC/Thunder fireworks and gunshot/Gunshot/Gunshot-0018.wav,train
datasec:DATASEC/Thunder fireworks and gunshot/Gunshot/Gunshot-0019.wav,datasec:DATASEC/Thunder fireworks and gunshot/Gunshot/Gunshot-0019.wav,train
datasec:DATASEC/Thunder fireworks and gunshot/Gunshot/Gunshot-0020.wav,datasec:DATASEC/Thunder fireworks and gunshot/Gunshot/Gunshot-0020.wav,train
datasec:DATASEC/Thunder fireworks and gunshot/Gunshot/Gunshot-0021.wav,datasec:DATASEC/Thunder fireworks and gunshot/Gunshot/Gunshot-0021.wav,test
datasec:DATASEC/Thunder fireworks and gunshot/Gunshot/Gunshot-0022.wav,datasec:DATASEC/Thunder fireworks and gunshot/Gunshot/Gunshot-0022.wav,train
datasec:DATASEC/Thunder fireworks and gunshot/Gunshot/Gunshot-0023.wav,datasec:DATASEC/Thunder fireworks and gunshot/Gunshot/Gunshot-0023.wav,train
datasec:DATASEC/Thunder fireworks and gunshot/Gunshot/Gunshot-0024.wav,datasec:DATASEC/Thunder fireworks and gunshot/Gunshot/Gunshot-0024.wav,train
datasec:DATASEC/Thunder fireworks and gunshot/Gunshot/Gunshot-0025.wav,datasec:DATASEC/Thunder fireworks and gunshot/Gunshot/Gunshot-0025.wav,train
datasec:DATASEC/Thunder fireworks and gunshot/Gunshot/Gunshot-0026.wav,datasec:DATASEC/Thunder fireworks and gunshot/Gunshot/Gunshot-0026.wav,test
datasec:DATASEC/Thunder fireworks and gunshot/Gunshot/Gunshot-0027.wav,datasec:DATASEC/Thunder fireworks and gunshot/Gunshot/Gunshot-0027.wav,train
datasec:DATASEC/Thunder fireworks and gunshot/Gunshot/Gunshot-0028.wav,datasec:DATASEC/Thunder fireworks and gunshot/Gunshot/Gunshot-0028.wav,train
datasec:DATASEC/Thunder fireworks and gunshot/Gunshot/Gunshot-0029.wav,datasec:DATASEC/Thunder fireworks and gunshot/Gunshot/Gunshot-0029.wav,train
datasec:DATASEC/Thunder fireworks and gunshot/Gunshot/Gunshot-0030.wav,datasec:DATASEC/Thunder fireworks and gunshot/Gunshot/Gunshot-0030.wav,train
datasec:DATASEC/Thunder fireworks and gunshot/Gunshot/Gunshot-0031.wav,datasec:DATASEC/Thunder fireworks and gunshot/Gunshot/Gunshot-0031.wav,train
datasec:DATASEC/Thunder fireworks and gunshot/Gunshot/Gunshot-0032.wav,datasec:DATASEC/Thunder fireworks and gunshot/Gunshot/Gunshot-0032.wav,test
datasec:DATASEC/Thunder fireworks and gunshot/Gunshot/Gunshot-0033.wav,datasec:DATASEC/Thunder fireworks and gunshot/Gunshot/Gunshot-0033.wav,train
datasec:DATASEC/Thunder fireworks and gunshot/Gunshot/Gunshot-0034.wav,datasec:DATASEC/Thunder fireworks and gunshot/Gunshot/Gunshot-0034.wav,train
datasec:DATASEC/Thunder fireworks and gunshot/Gunshot/Gunshot-0035.wav,datasec:DATASEC/Thunder fireworks and gunshot/Gunshot/Gunshot-0035.wav,train
datasec:DATASEC/Thunder fireworks and gunshot/Gunshot/Gunshot-0036.wav,datasec:DATASEC/Thunder fireworks and gunshot/Gunshot/Gunshot-0036.wav,train
datasec:DATASEC/Thunder fireworks and gunshot/Gunshot/Gunshot-0037.wav,datasec:DATASEC/Thunder fireworks and gunshot/Gunshot/Gunshot-0037.wav,train
datasec:DATASEC/Thunder fireworks and gunshot/Gunshot/Gunshot-0038.wav,datasec:DATASEC/Thunder fireworks and gunshot/Gunshot/Gunshot-0038.wav,test
datasec:DATASEC/Thunder fireworks and gunshot/Gunshot/Gunshot-0039.wav,datasec:DATASEC/Thunder fireworks and gunshot/Gunshot/Gunshot-0039.wav,validation
datasec:DATASEC/Thunder fireworks and gunshot/Gunshot/Gunshot-0040.wav,datasec:DATASEC/Thunder fireworks and gunshot/Gunshot/Gunshot-0040.wav,test
datasec:DATASEC/Thunder fireworks and gunshot/Gunshot/Gunshot-0041.wav,datasec:DATASEC/Thunder fireworks and gunshot/Gunshot/Gunshot-0041.wav,train
datasec:DATASEC/Thunder fireworks and gunshot/Gunshot/Gunshot-0042.wav,datasec:DATASEC/Thunder fireworks and gunshot/Gunshot/Gunshot-0042.wav,train
datasec:DATASEC/Thunder fireworks and gunshot/Gunshot/Gunshot-0043.wav,datasec:DATASEC/Thunder fireworks and gunshot/Gunshot/Gunshot-0043.wav,train
datasec:DATASEC/Thunder fireworks and gunshot/Gunshot/Gunshot-0044.wav,datasec:DATASEC/Thunder fireworks and gunshot/Gunshot/Gunshot-0044.wav,train
datasec:DATASEC/Thunder fireworks and gunshot/Gunshot/Gunshot-0045.wav,datasec:DATASEC/Thunder fireworks and gunshot/Gunshot/Gunshot-0045.wav,train
datasec:DATASEC/Thunder fireworks and gunshot/Gunshot/Gunshot-0046.wav,datasec:DATASEC/Thunder fireworks and gunshot/Gunshot/Gunshot-0046.wav,train
datasec:DATASEC/Thunder fireworks and gunshot/Gunshot/Gunshot-0047.wav,datasec:DATASEC/Thunder fireworks and gunshot/Gunshot/Gunshot-0047.wav,test
datasec:DATASEC/Thunder fireworks and gunshot/Gunshot/Gunshot-0048.wav,datasec:DATASEC/Thunder fireworks and gunshot/Gunshot/Gunshot-0048.wav,train
datasec:DATASEC/Thunder fireworks and gunshot/Gunshot/Gunshot-0049.wav,datasec:DATASEC/Thunder fireworks and gunshot/Gunshot/Gunshot-0049.wav,train
datasec:DATASEC/Thunder fireworks and gunshot/Gunshot/Gunshot-0050.wav,datasec:DATASEC/Thunder fireworks and gunshot/Gunshot/Gunshot-0050.wav,validation
datasec:DATASEC/Thunder fireworks and gunshot/Gunshot/Gunshot-0051.wav,datasec:DATASEC/Thunder fireworks and gunshot/Gunshot/Gunshot-0051.wav,validation
datasec:DATASEC/Thunder fireworks and gunshot/Gunshot/Gunshot-0052.wav,datasec:DATASEC/Thunder fireworks and gunshot/Gunshot/Gunshot-0052.wav,train
datasec:DATASEC/Thunder fireworks and gunshot/Gunshot/Gunshot-0053.wav,datasec:DATASEC/Thunder fireworks and gunshot/Gunshot/Gunshot-0053.wav,test
datasec:DATASEC/Thunder fireworks and gunshot/Gunshot/Gunshot-0054.wav,datasec:DATASEC/Thunder fireworks and gunshot/Gunshot/Gunshot-0054.wav,train
datasec:DATASEC/Thunder fireworks and gunshot/Gunshot/Gunshot-0055.wav,datasec:DATASEC/Thunder fireworks and gunshot/Gunshot/Gunshot-0055.wav,train
datasec:DATASEC/Thunder fireworks and gunshot/Gunshot/Gunshot-0056.wav,datasec:DATASEC/Thunder fireworks and gunshot/Gunshot/Gunshot-0056.wav,test
datasec:DATASEC/Thunder fireworks and gunshot/Gunshot/Gunshot-0057.wav,datasec:DATASEC/Thunder fireworks and gunshot/Gunshot/Gunshot-0057.wav,test
datasec:DATASEC/Thunder fireworks and gunshot/Gunshot/Gunshot-0058.wav,datasec:DATASEC/Thunder fireworks and gunshot/Gunshot/Gunshot-0058.wav,train
datasec:DATASEC/Thunder fireworks and gunshot/Gunshot/Gunshot-0059.wav,datasec:DATASEC/Thunder fireworks and gunshot/Gunshot/Gunshot-0059.wav,train
datasec:DATASEC/Thunder fireworks and gunshot/Gunshot/Gunshot-0060.wav,datasec:DATASEC/Thunder fireworks and gunshot/Gunshot/Gunshot-0060.wav,validation
datasec:DATASEC/Thunder fireworks and gunshot/Gunshot/Gunshot-0061.wav,datasec:DATASEC/Thunder fireworks and gunshot/Gunshot/Gunshot-0061.wav,train
datasec:DATASEC/Thunder fireworks and gunshot/Gunshot/Gunshot-0062.wav,datasec:DATASEC/Thunder fireworks and gunshot/Gunshot/Gunshot-0062.wav,train
datasec:DATASEC/Thunder fireworks and gunshot/Gunshot/Gunshot-0063.wav,datasec:DATASEC/Thunder fireworks and gunshot/Gunshot/Gunshot-0063.wav,train
datasec:DATASEC/Thunder fireworks and gunshot/Gunshot/Gunshot-0064.wav,datasec:DATASEC/Thunder fireworks and gunshot/Gunshot/Gunshot-0064.wav,test
datasec:DATASEC/Thunder fireworks and gunshot/Gunshot/Gunshot-0065.wav,datasec:DATASEC/Thunder fireworks and gunshot/Gunshot/Gunshot-0065.wav,train
datasec:DATASEC/Thunder fireworks and gunshot/Gunshot/Gunshot-0066.wav,datasec:DATASEC/Thunder fireworks and gunshot/Gunshot/Gunshot-0066.wav,train
datasec:DATASEC/Thunder fireworks and gunshot/Gunshot/Gunshot-0067.wav,datasec:DATASEC/Thunder fireworks and gunshot/Gunshot/Gunshot-0067.wav,test
datasec:DATASEC/Thunder fireworks and gunshot/Gunshot/Gunshot-0068.wav,datasec:DATASEC/Thunder fireworks and gunshot/Gunshot/Gunshot-0068.wav,train
datasec:DATASEC/Thunder fireworks and gunshot/Gunshot/Gunshot-0069.wav,datasec:DATASEC/Thunder fireworks and gunshot/Gunshot/Gunshot-0069.wav,train
datasec:DATASEC/Thunder fireworks and gunshot/Gunshot/Gunshot-0070.wav,datasec:DATASEC/Thunder fireworks and gunshot/Gunshot/Gunshot-0070.wav,train
datasec:DATASEC/Thunder fireworks and gunshot/Gunshot/Gunshot-0071.wav,datasec:DATASEC/Thunder fireworks and gunshot/Gunshot/Gunshot-0071.wav,train
datasec:DATASEC/Thunder fireworks and gunshot/Gunshot/Gunshot-0072.wav,datasec:DATASEC/Thunder fireworks and gunshot/Gunshot/Gunshot-0072.wav,train
datasec:DATASEC/Thunder fireworks and gunshot/Gunshot/Gunshot-0073.wav,datasec:DATASEC/Thunder fireworks and gunshot/Gunshot/Gunshot-0073.wav,validation
datasec:DATASEC/Thunder fireworks and gunshot/Gunshot/Gunshot-0074.wav,datasec:DATASEC/Thunder fireworks and gunshot/Gunshot/Gunshot-0074.wav,train
datasec:DATASEC/Thunder fireworks and gunshot/Gunshot/Gunshot-0075.wav,datasec:DATASEC/Thunder fireworks and gunshot/Gunshot/Gunshot-0075.wav,train
datasec:DATASEC/Thunder fireworks and gunshot/Gunshot/Gunshot-0076.wav,datasec:DATASEC/Thunder fireworks and gunshot/Gunshot/Gunshot-0076.wav,train
datasec:DATASEC/Thunder fireworks and gunshot/Gunshot/Gunshot-0077.wav,datasec:DATASEC/Thunder fireworks and gunshot/Gunshot/Gunshot-0077.wav,test
datasec:DATASEC/Thunder fireworks and gunshot/Gunshot/Gunshot-0078.wav,datasec:DATASEC/Thunder fireworks and gunshot/Gunshot/Gunshot-0078.wav,train
datasec:DATASEC/Thunder fireworks and gunshot/Gunshot/Gunshot-0079.wav,datasec:DATASEC/Thunder fireworks and gunshot/Gunshot/Gunshot-0079.wav,validation
datasec:DATASEC/Thunder fireworks and gunshot/Gunshot/Gunshot-0080.wav,datasec:DATASEC/Thunder fireworks and gunshot/Gunshot/Gunshot-0080.wav,test
datasec:DATASEC/Thunder fireworks and gunshot/Gunshot/Gunshot-0081.wav,datasec:DATASEC/Thunder fireworks and gunshot/Gunshot/Gunshot-0081.wav,test
datasec:DATASEC/Thunder fireworks and gunshot/Gunshot/Gunshot-0082.wav,datasec:DATASEC/Thunder fireworks and gunshot/Gunshot/Gunshot-0082.wav,train
datasec:DATASEC/Thunder fireworks and gunshot/Gunshot/Gunshot-0083.wav,datasec:DATASEC/Thunder fireworks and gunshot/Gunshot/Gunshot-0083.wav,train
datasec:DATASEC/Thunder fireworks and gunshot/Gunshot/Gunshot-0084.wav,datasec:DATASEC/Thunder fireworks and gunshot/Gunshot/Gunshot-0084.wav,validation
datasec:DATASEC/Thunder fireworks and gunshot/Gunshot/Gunshot-0085.wav,datasec:DATASEC/Thunder fireworks and gunshot/Gunshot/Gunshot-0085.wav,test
datasec:DATASEC/Thunder fireworks and gunshot/Gunshot/Gunshot-0086.wav,datasec:DATASEC/Thunder fireworks and gunshot/Gunshot/Gunshot-0086.wav,test
datasec:DATASEC/Thunder fireworks and gunshot/Gunshot/Gunshot-0087.wav,datasec:DATASEC/Thunder fireworks and gunshot/Gunshot/Gunshot-0087.wav,validation
datasec:DATASEC/Thunder fireworks and gunshot/Gunshot/Gunshot-0088.wav,datasec:DATASEC/Thunder fireworks and gunshot/Gunshot/Gunshot-0088.wav,train
datasec:DATASEC/Thunder fireworks and gunshot/Gunshot/Gunshot-0089.wav,datasec:DATASEC/Thunder fireworks and gunshot/Gunshot/Gunshot-0089.wav,train
datasec:DATASEC/Thunder fireworks and gunshot/Gunshot/Gunshot-0090.wav,datasec:DATASEC/Thunder fireworks and gunshot/Gunshot/Gunshot-0090.wav,train
datasec:DATASEC/Thunder fireworks and gunshot/Gunshot/Gunshot-0091.wav,datasec:DATASEC/Thunder fireworks and gunshot/Gunshot/Gunshot-0091.wav,train
datasec:DATASEC/Thunder fireworks and gunshot/Gunshot/Gunshot-0092.wav,datasec:DATASEC/Thunder fireworks and gunshot/Gunshot/Gunshot-0092.wav,validation
datasec:DATASEC/Thunder fireworks and gunshot/Gunshot/Gunshot-0093.wav,datasec:DATASEC/Thunder fireworks and gunshot/Gunshot/Gunshot-0093.wav,train
datasec:DATASEC/Thunder fireworks and gunshot/Gunshot/Gunshot-0094.wav,datasec:DATASEC/Thunder fireworks and gunshot/Gunshot/Gunshot-0094.wav,train
datasec:DATASEC/Thunder fireworks and gunshot/Gunshot/Gunshot-0095.wav,datasec:DATASEC/Thunder fireworks and gunshot/Gunshot/Gunshot-0095.wav,train
datasec:DATASEC/Thunder fireworks and gunshot/Gunshot/Gunshot-0096.wav,datasec:DATASEC/Thunder fireworks and gunshot/Gunshot/Gunshot-0096.wav,train
datasec:DATASEC/Thunder fireworks and gunshot/Gunshot/Gunshot-0097.wav,datasec:DATASEC/Thunder fireworks and gunshot/Gunshot/Gunshot-0097.wav,test
datasec:DATASEC/Thunder fireworks and gunshot/Gunshot/Gunshot-0098.wav,datasec:DATASEC/Thunder fireworks and gunshot/Gunshot/Gunshot-0098.wav,train
datasec:DATASEC/Thunder fireworks and gunshot/Gunshot/Gunshot-0099.wav,datasec:DATASEC/Thunder fireworks and gunshot/Gunshot/Gunshot-0099.wav,train
datasec:DATASEC/Thunder fireworks and gunshot/Gunshot/Gunshot-0100.wav,datasec:DATASEC/Thunder fireworks and gunshot/Gunshot/Gunshot-0100.wav,train
datasec:DATASEC/Thunder fireworks and gunshot/Gunshot/Gunshot-0101.wav,datasec:DATASEC/Thunder fireworks and gunshot/Gunshot/Gunshot-0101.wav,train
datasec:DATASEC/Thunder fireworks and gunshot/Gunshot/Gunshot-0102.wav,datasec:DATASEC/Thunder fireworks and gunshot/Gunshot/Gunshot-0102.wav,train
datasec:DATASEC/Thunder fireworks and gunshot/Gunshot/Gunshot-0103.wav,datasec:DATASEC/Thunder fireworks and gunshot/Gunshot/Gunshot-0103.wav,train
datasec:DATASEC/Thunder fireworks and gunshot/Gunshot/Gunshot-0104.wav,datasec:DATASEC/Thunder fireworks and gunshot/Gunshot/Gunshot-0104.wav,train
datasec:DATASEC/Thunder fireworks and gunshot/Gunshot/Gunshot-0105.wav,datasec:DATASEC/Thunder fireworks and gunshot/Gunshot/Gunshot-0105.wav,train
datasec:DATASEC/Thunder fireworks and gunshot/Gunshot/Gunshot-0106.wav,datasec:DATASEC/Thunder fireworks and gunshot/Gunshot/Gunshot-0106.wav,validation
datasec:DATASEC/Thunder fireworks and gunshot/Gunshot/Gunshot-0107.wav,datasec:DATASEC/Thunder fireworks and gunshot/Gunshot/Gunshot-0107.wav,train
datasec:DATASEC/Thunder fireworks and gunshot/Gunshot/Gunshot-0108.wav,datasec:DATASEC/Thunder fireworks and gunshot/Gunshot/Gunshot-0108.wav,validation
datasec:DATASEC/Thunder fireworks and gunshot/Gunshot/Gunshot-0109.wav,datasec:DATASEC/Thunder fireworks and gunshot/Gunshot/Gunshot-0109.wav,train
datasec:DATASEC/Thunder fireworks and gunshot/Gunshot/Gunshot-0110.wav,datasec:DATASEC/Thunder fireworks and gunshot/Gunshot/Gunshot-0110.wav,validation
datasec:DATASEC/Thunder fireworks and gunshot/Gunshot/Gunshot-0111.wav,datasec:DATASEC/Thunder fireworks and gunshot/Gunshot/Gunshot-0111.wav,train
datasec:DATASEC/Thunder fireworks and gunshot/Gunshot/Gunshot-0112.wav,datasec:DATASEC/Thunder fireworks and gunshot/Gunshot/Gunshot-0112.wav,train
datasec:DATASEC/Thunder fireworks and gunshot/Gunshot/Gunshot-0113.wav,datasec:DATASEC/Thunder fireworks and gunshot/Gunshot/Gunshot-0113.wav,train
datasec:DATASEC/Thunder fireworks and gunshot/Gunshot/Gunshot-0114.wav,datasec:DATASEC/Thunder fireworks and gunshot/Gunshot/Gunshot-0114.wav,train
datasec:DATASEC/Thunder fireworks and gunshot/Gunshot/Gunshot-0115.wav,datasec:DATASEC/Thunder fireworks and gunshot/Gunshot/Gunshot-0115.wav,train
datasec:DATASEC/Thunder fireworks and gunshot/Gunshot/Gunshot-0116.wav,datasec:DATASEC/Thunder fireworks and gunshot/Gunshot/Gunshot-0116.wav,validation
datasec:DATASEC/Thunder fireworks and gunshot/Gunshot/Gunshot-0117.wav,datasec:DATASEC/Thunder fireworks and gunshot/Gunshot/Gunshot-0117.wav,train
datasec:DATASEC/Thunder fireworks and gunshot/Gunshot/Gunshot-0118.wav,datasec:DATASEC/Thunder fireworks and gunshot/Gunshot/Gunshot-0118.wav,train
datasec:DATASEC/Thunder fireworks and gunshot/Gunshot/Gunshot-0119.wav,datasec:DATASEC/Thunder fireworks and gunshot/Gunshot/Gunshot-0119.wav,test
datasec:DATASEC/Thunder fireworks and gunshot/Gunshot/Gunshot-0120.wav,datasec:DATASEC/Thunder fireworks and gunshot/Gunshot/Gunshot-0120.wav,train
datasec:DATASEC/Thunder fireworks and gunshot/Gunshot/Gunshot-0121.wav,datasec:DATASEC/Thunder fireworks and gunshot/Gunshot/Gunshot-0121.wav,train
datasec:DATASEC/Thunder fireworks and gunshot/Gunshot/Gunshot-0122.wav,datasec:DATASEC/Thunder fireworks and gunshot/Gunshot/Gunshot-0122.wav,validation
datasec:DATASEC/Thunder fireworks and gunshot/Gunshot/Gunshot-0123.wav,datasec:DATASEC/Thunder fireworks and gunshot/Gunshot/Gunshot-0123.wav,train
datasec:DATASEC/Thunder fireworks and gunshot/Gunshot/Gunshot-0124.wav,datasec:DATASEC/Thunder fireworks and gunshot/Gunshot/Gunshot-0124.wav,train
datasec:DATASEC/Thunder fireworks and gunshot/Gunshot/Gunshot-0125.wav,datasec:DATASEC/Thunder fireworks and gunshot/Gunshot/Gunshot-0125.wav,train
datasec:DATASEC/Thunder fireworks and gunshot/Gunshot/Gunshot-0126.wav,datasec:DATASEC/Thunder fireworks and gunshot/Gunshot/Gunshot-0126.wav,train
datasec:DATASEC/Thunder fireworks and gunshot/Gunshot/Gunshot-0127.wav,datasec:DATASEC/Thunder fireworks and gunshot/Gunshot/Gunshot-0127.wav,validation
datasec:DATASEC/Thunder fireworks and gunshot/Gunshot/Gunshot-0128.wav,datasec:DATASEC/Thunder fireworks and gunshot/Gunshot/Gunshot-0128.wav,train
datasec:DATASEC/Thunder fireworks and gunshot/Gunshot/Gunshot-0129.wav,datasec:DATASEC/Thunder fireworks and gunshot/Gunshot/Gunshot-0129.wav,validation
datasec:DATASEC/Thunder fireworks and gunshot/Gunshot/Gunshot-0130.wav,datasec:DATASEC/Thunder fireworks and gunshot/Gunshot/Gunshot-0130.wav,train
datasec:DATASEC/Thunder fireworks and gunshot/Gunshot/Gunshot-0131.wav,datasec:DATASEC/Thunder fireworks and gunshot/Gunshot/Gunshot-0131.wav,train
datasec:DATASEC/Thunder fireworks and gunshot/Gunshot/Gunshot-0132.wav,datasec:DATASEC/Thunder fireworks and gunshot/Gunshot/Gunshot-0132.wav,train
datasec:DATASEC/Thunder fireworks and gunshot/Gunshot/Gunshot-0133.wav,datasec:DATASEC/Thunder fireworks and gunshot/Gunshot/Gunshot-0133.wav,train
datasec:DATASEC/Thunder fireworks and gunshot/Gunshot/Gunshot-0134.wav,datasec:DATASEC/Thunder fireworks and gunshot/Gunshot/Gunshot-0134.wav,validation
datasec:DATASEC/Thunder fireworks and gunshot/Gunshot/Gunshot-0135.wav,datasec:DATASEC/Thunder fireworks and gunshot/Gunshot/Gunshot-0135.wav,train
datasec:DATASEC/Thunder fireworks and gunshot/Gunshot/Gunshot-0136.wav,datasec:DATASEC/Thunder fireworks and gunshot/Gunshot/Gunshot-0136.wav,test
datasec:DATASEC/Thunder fireworks and gunshot/Gunshot/Gunshot-0137.wav,datasec:DATASEC/Thunder fireworks and gunshot/Gunshot/Gunshot-0137.wav,train
datasec:DATASEC/Thunder fireworks and gunshot/Gunshot/Gunshot-0138.wav,datasec:DATASEC/Thunder fireworks and gunshot/Gunshot/Gunshot-0138.wav,train
datasec:DATASEC/Thunder fireworks and gunshot/Gunshot/Gunshot-0139.wav,datasec:DATASEC/Thunder fireworks and gunshot/Gunshot/Gunshot-0139.wav,train
datasec:DATASEC/Thunder fireworks and gunshot/Gunshot/Gunshot-0140.wav,datasec:DATASEC/Thunder fireworks and gunshot/Gunshot/Gunshot-0140.wav,train
datasec:DATASEC/Thunder fireworks and gunshot/Gunshot/Gunshot-0141.wav,datasec:DATASEC/Thunder fireworks and gunshot/Gunshot/Gunshot-0141.wav,train
datasec:DATASEC/Thunder fireworks and gunshot/Thunder/Thunder-0001.wav,datasec:DATASEC/Thunder fireworks and gunshot/Thunder/Thunder-0001.wav,validation
datasec:DATASEC/Thunder fireworks and gunshot/Thunder/Thunder-0002.wav,datasec:DATASEC/Thunder fireworks and gunshot/Thunder/Thunder-0002.wav,test
datasec:DATASEC/Thunder fireworks and gunshot/Thunder/Thunder-0003.wav,datasec:DATASEC/Thunder fireworks and gunshot/Thunder/Thunder-0003.wav,train
datasec:DATASEC/Thunder fireworks and gunshot/Thunder/Thunder-0004.wav,datasec:DATASEC/Thunder fireworks and gunshot/Thunder/Thunder-0004.wav,validation
datasec:DATASEC/Thunder fireworks and gunshot/Thunder/Thunder-0005.wav,datasec:DATASEC/Thunder fireworks and gunshot/Thunder/Thunder-0005.wav,train
datasec:DATASEC/Thunder fireworks and gunshot/Thunder/Thunder-0006.wav,datasec:DATASEC/Thunder fireworks and gunshot/Thunder/Thunder-0006.wav,train
datasec:DATASEC/Thunder fireworks and gunshot/Thunder/Thunder-0007.wav,datasec:DATASEC/Thunder fireworks and gunshot/Thunder/Thunder-0007.wav,train
datasec:DATASEC/Thunder fireworks and gunshot/Thunder/Thunder-0008.wav,datasec:DATASEC/Thunder fireworks and gunshot/Thunder/Thunder-0008.wav,train
datasec:DATASEC/Thunder fireworks and gunshot/Thunder/Thunder-0009.wav,datasec:DATASEC/Thunder fireworks and gunshot/Thunder/Thunder-0009.wav,train
datasec:DATASEC/Thunder fireworks and gunshot/Thunder/Thunder-0010.wav,datasec:DATASEC/Thunder fireworks and gunshot/Thunder/Thunder-0010.wav,train
datasec:DATASEC/Thunder fireworks and gunshot/Thunder/Thunder-0011.wav,datasec:DATASEC/Thunder fireworks and gunshot/Thunder/Thunder-0011.wav,train
datasec:DATASEC/Thunder fireworks and gunshot/Thunder/Thunder-0012.wav,datasec:DATASEC/Thunder fireworks and gunshot/Thunder/Thunder-0012.wav,train
datasec:DATASEC/Thunder fireworks and gunshot/Thunder/Thunder-0013.wav,datasec:DATASEC/Thunder fireworks and gunshot/Thunder/Thunder-0013.wav,test
datasec:DATASEC/Thunder fireworks and gunshot/Thunder/Thunder-0014.wav,datasec:DATASEC/Thunder fireworks and gunshot/Thunder/Thunder-0014.wav,train
datasec:DATASEC/Thunder fireworks and gunshot/Thunder/Thunder-0015.wav,datasec:DATASEC/Thunder fireworks and gunshot/Thunder/Thunder-0015.wav,train
datasec:DATASEC/Thunder fireworks and gunshot/Thunder/Thunder-0016.wav,datasec:DATASEC/Thunder fireworks and gunshot/Thunder/Thunder-0016.wav,train
datasec:DATASEC/Thunder fireworks and gunshot/Thunder/Thunder-0017.wav,datasec:DATASEC/Thunder fireworks and gunshot/Thunder/Thunder-0017.wav,train
datasec:DATASEC/Thunder fireworks and gunshot/Thunder/Thunder-0018.wav,datasec:DATASEC/Thunder fireworks and gunshot/Thunder/Thunder-0018.wav,validation
datasec:DATASEC/Thunder fireworks and gunshot/Thunder/Thunder-0019.wav,datasec:DATASEC/Thunder fireworks and gunshot/Thunder/Thunder-0019.wav,train
datasec:DATASEC/Thunder fireworks and gunshot/Thunder/Thunder-0020.wav,datasec:DATASEC/Thunder fireworks and gunshot/Thunder/Thunder-0020.wav,train
datasec:DATASEC/Thunder fireworks and gunshot/Thunder/Thunder-0021.wav,datasec:DATASEC/Thunder fireworks and gunshot/Thunder/Thunder-0021.wav,validation
datasec:DATASEC/Thunder fireworks and gunshot/Thunder/Thunder-0022.wav,datasec:DATASEC/Thunder fireworks and gunshot/Thunder/Thunder-0022.wav,test
datasec:DATASEC/Thunder fireworks and gunshot/Thunder/Thunder-0023.wav,datasec:DATASEC/Thunder fireworks and gunshot/Thunder/Thunder-0023.wav,train
datasec:DATASEC/Thunder fireworks and gunshot/Thunder/Thunder-0024.wav,datasec:DATASEC/Thunder fireworks and gunshot/Thunder/Thunder-0024.wav,test
datasec:DATASEC/Thunder fireworks and gunshot/Thunder/Thunder-0025.wav,datasec:DATASEC/Thunder fireworks and gunshot/Thunder/Thunder-0025.wav,train
datasec:DATASEC/Thunder fireworks and gunshot/Thunder/Thunder-0026.wav,datasec:DATASEC/Thunder fireworks and gunshot/Thunder/Thunder-0026.wav,train
datasec:DATASEC/Train/Train-0001.wav,datasec:DATASEC/Train/Train-0001.wav,train
datasec:DATASEC/Train/Train-0002.wav,datasec:DATASEC/Train/Train-0002.wav,validation
datasec:DATASEC/Train/Train-0003.wav,datasec:DATASEC/Train/Train-0003.wav,train
datasec:DATASEC/Train/Train-0004.wav,datasec:DATASEC/Train/Train-0004.wav,test
datasec:DATASEC/Train/Train-0005.wav,datasec:DATASEC/Train/Train-0005.wav,train
datasec:DATASEC/Train/Train-0006.wav,datasec:DATASEC/Train/Train-0006.wav,train
datasec:DATASEC/Train/Train-0007.wav,datasec:DATASEC/Train/Train-0007.wav,train
datasec:DATASEC/Train/Train-0008.wav,datasec:DATASEC/Train/Train-0008.wav,validation
datasec:DATASEC/Train/Train-0009.wav,datasec:DATASEC/Train/Train-0009.wav,train
datasec:DATASEC/Train/Train-0010.wav,datasec:DATASEC/Train/Train-0010.wav,train
datasec:DATASEC/Train/Train-0011.wav,datasec:DATASEC/Train/Train-0011.wav,test
datasec:DATASEC/Train/Train-0012.wav,datasec:DATASEC/Train/Train-0012.wav,train
datasec:DATASEC/Train/Train-0013.wav,datasec:DATASEC/Train/Train-0013.wav,train
datasec:DATASEC/Train/Train-0014.wav,datasec:DATASEC/Train/Train-0014.wav,train
datasec:DATASEC/Train/Train-0016.wav,datasec:DATASEC/Train/Train-0016.wav,train
datasec:DATASEC/Train/Train-0017.wav,datasec:DATASEC/Train/Train-0017.wav,train
datasec:DATASEC/Train/Train-0018.wav,datasec:DATASEC/Train/Train-0018.wav,train
datasec:DATASEC/Train/Train-0019.wav,datasec:DATASEC/Train/Train-0019.wav,train
datasec:DATASEC/Train/Train-0020.wav,datasec:DATASEC/Train/Train-0020.wav,test
datasec:DATASEC/Train/Train-0021.wav,datasec:DATASEC/Train/Train-0021.wav,validation
datasec:DATASEC/Train/Train-0022.wav,datasec:DATASEC/Train/Train-0022.wav,train
datasec:DATASEC/Train/Train-0023.wav,datasec:DATASEC/Train/Train-0023.wav,train
datasec:DATASEC/Train/Train-0024.wav,datasec:DATASEC/Train/Train-0024.wav,train
datasec:DATASEC/Train/Train-0025.wav,datasec:DATASEC/Train/Train-0025.wav,test
datasec:DATASEC/Train/Train-0026.wav,datasec:DATASEC/Train/Train-0026.wav,validation
datasec:DATASEC/Train/Train-0027.wav,datasec:DATASEC/Train/Train-0027.wav,train
datasec:DATASEC/Train/Train-0028.wav,datasec:DATASEC/Train/Train-0028.wav,train
datasec:DATASEC/Train/Train-0029.wav,datasec:DATASEC/Train/Train-0029.wav,train
datasec:DATASEC/Train/Train-0030.wav,datasec:DATASEC/Train/Train-0030.wav,train
datasec:DATASEC/Train/Train-0032.wav,datasec:DATASEC/Train/Train-0032.wav,validation
datasec:DATASEC/Train/Train-0033.wav,datasec:DATASEC/Train/Train-0033.wav,validation
datasec:DATASEC/Train/Train-0034.wav,datasec:DATASEC/Train/Train-0034.wav,train
datasec:DATASEC/Train/Train-0035.wav,datasec:DATASEC/Train/Train-0035.wav,train
datasec:DATASEC/Train/Train-0036.wav,datasec:DATASEC/Train/Train-0036.wav,train
datasec:DATASEC/Train/Train-0037.wav,datasec:DATASEC/Train/Train-0037.wav,train
datasec:DATASEC/Train/Train-0038.wav,datasec:DATASEC/Train/Train-0038.wav,train
datasec:DATASEC/Train/Train-0039.wav,datasec:DATASEC/Train/Train-0039.wav,train
datasec:DATASEC/Train/Train-0040.wav,datasec:DATASEC/Train/Train-0040.wav,test
datasec:DATASEC/Train/Train-0041.wav,datasec:DATASEC/Train/Train-0041.wav,train
datasec:DATASEC/Train/Train-0042.wav,datasec:DATASEC/Train/Train-0042.wav,train
datasec:DATASEC/Train/Train-0043.wav,datasec:DATASEC/Train/Train-0043.wav,train
datasec:DATASEC/Train/Train-0044.wav,datasec:DATASEC/Train/Train-0044.wav,train
datasec:DATASEC/Train/Train-0045.wav,datasec:DATASEC/Train/Train-0045.wav,train
datasec:DATASEC/Train/Train-0046.wav,datasec:DATASEC/Train/Train-0046.wav,train
datasec:DATASEC/Train/Train-0047.wav,datasec:DATASEC/Train/Train-0047.wav,validation
datasec:DATASEC/Train/Train-0048.wav,datasec:DATASEC/Train/Train-0048.wav,train
datasec:DATASEC/Train/Train-0049.wav,datasec:DATASEC/Train/Train-0049.wav,train
datasec:DATASEC/Train/Train-0050.wav,datasec:DATASEC/Train/Train-0050.wav,train
datasec:DATASEC/Train/Train-0051.wav,datasec:DATASEC/Train/Train-0051.wav,validation
datasec:DATASEC/Train/Train-0052.wav,datasec:DATASEC/Train/Train-0052.wav,train
datasec:DATASEC/Train/Train-0053.wav,datasec:DATASEC/Train/Train-0053.wav,test
datasec:DATASEC/Train/Train-0054.wav,datasec:DATASEC/Train/Train-0054.wav,train
datasec:DATASEC/Train/Train-0055.wav,datasec:DATASEC/Train/Train-0055.wav,test
datasec:DATASEC/Train/Train-0057.wav,datasec:DATASEC/Train/Train-0057.wav,train
datasec:DATASEC/Train/Train-0058.wav,datasec:DATASEC/Train/Train-0058.wav,train
datasec:DATASEC/Train/Train-0059.wav,datasec:DATASEC/Train/Train-0059.wav,train
datasec:DATASEC/Train/Train-0060.wav,datasec:DATASEC/Train/Train-0060.wav,train
datasec:DATASEC/Train/Train-0061.wav,datasec:DATASEC/Train/Train-0061.wav,train
datasec:DATASEC/Train/Train-0062.wav,datasec:DATASEC/Train/Train-0062.wav,train
datasec:DATASEC/Train/Train-0063.wav,datasec:DATASEC/Train/Train-0063.wav,validation
datasec:DATASEC/Train/Train-0064.wav,datasec:DATASEC/Train/Train-0064.wav,test
datasec:DATASEC/Train/Train-0065.wav,datasec:DATASEC/Train/Train-0065.wav,train
datasec:DATASEC/Train/Train-0066.wav,datasec:DATASEC/Train/Train-0066.wav,test
datasec:DATASEC/Train/Train-0067.wav,datasec:DATASEC/Train/Train-0067.wav,validation
datasec:DATASEC/Vacuum cleaner fan and hairdryer/fan/fan-0001.wav,datasec:DATASEC/Vacuum cleaner fan and hairdryer/fan/fan-0001.wav,test
datasec:DATASEC/Vacuum cleaner fan and hairdryer/fan/fan-0002.wav,datasec:DATASEC/Vacuum cleaner fan and hairdryer/fan/fan-0002.wav,train
datasec:DATASEC/Vacuum cleaner fan and hairdryer/fan/fan-0003.wav,datasec:DATASEC/Vacuum cleaner fan and hairdryer/fan/fan-0003.wav,train
datasec:DATASEC/Vacuum cleaner fan and hairdryer/fan/fan-0004.wav,datasec:DATASEC/Vacuum cleaner fan and hairdryer/fan/fan-0004.wav,train
datasec:DATASEC/Vacuum cleaner fan and hairdryer/fan/fan-0005.wav,datasec:DATASEC/Vacuum cleaner fan and hairdryer/fan/fan-0005.wav,test
datasec:DATASEC/Vacuum cleaner fan and hairdryer/fan/fan-0006.wav,datasec:DATASEC/Vacuum cleaner fan and hairdryer/fan/fan-0006.wav,train
datasec:DATASEC/Vacuum cleaner fan and hairdryer/fan/fan-0007.wav,datasec:DATASEC/Vacuum cleaner fan and hairdryer/fan/fan-0007.wav,train
datasec:DATASEC/Vacuum cleaner fan and hairdryer/fan/fan-0008.wav,datasec:DATASEC/Vacuum cleaner fan and hairdryer/fan/fan-0008.wav,train
datasec:DATASEC/Vacuum cleaner fan and hairdryer/fan/fan-0009.wav,datasec:DATASEC/Vacuum cleaner fan and hairdryer/fan/fan-0009.wav,test
datasec:DATASEC/Vacuum cleaner fan and hairdryer/fan/fan-0010.wav,datasec:DATASEC/Vacuum cleaner fan and hairdryer/fan/fan-0010.wav,test
datasec:DATASEC/Vacuum cleaner fan and hairdryer/fan/fan-0011.wav,datasec:DATASEC/Vacuum cleaner fan and hairdryer/fan/fan-0011.wav,train
datasec:DATASEC/Vacuum cleaner fan and hairdryer/fan/fan-0012.wav,datasec:DATASEC/Vacuum cleaner fan and hairdryer/fan/fan-0012.wav,train
datasec:DATASEC/Vacuum cleaner fan and hairdryer/fan/fan-0013.wav,datasec:DATASEC/Vacuum cleaner fan and hairdryer/fan/fan-0013.wav,train
datasec:DATASEC/Vacuum cleaner fan and hairdryer/fan/fan-0014.wav,datasec:DATASEC/Vacuum cleaner fan and hairdryer/fan/fan-0014.wav,train
datasec:DATASEC/Vacuum cleaner fan and hairdryer/fan/fan-0015.wav,datasec:DATASEC/Vacuum cleaner fan and hairdryer/fan/fan-0015.wav,train
datasec:DATASEC/Vacuum cleaner fan and hairdryer/fan/fan-0016.wav,datasec:DATASEC/Vacuum cleaner fan and hairdryer/fan/fan-0016.wav,train
datasec:DATASEC/Vacuum cleaner fan and hairdryer/fan/fan-0017.wav,datasec:DATASEC/Vacuum cleaner fan and hairdryer/fan/fan-0017.wav,train
datasec:DATASEC/Vacuum cleaner fan and hairdryer/fan/fan-0018.wav,datasec:DATASEC/Vacuum cleaner fan and hairdryer/fan/fan-0018.wav,train
datasec:DATASEC/Vacuum cleaner fan and hairdryer/fan/fan-0019.wav,datasec:DATASEC/Vacuum cleaner fan and hairdryer/fan/fan-0019.wav,train
datasec:DATASEC/Vacuum cleaner fan and hairdryer/fan/fan-0020.wav,datasec:DATASEC/Vacuum cleaner fan and hairdryer/fan/fan-0020.wav,train
datasec:DATASEC/Vacuum cleaner fan and hairdryer/fan/fan-0021.wav,datasec:DATASEC/Vacuum cleaner fan and hairdryer/fan/fan-0021.wav,validation
datasec:DATASEC/Vacuum cleaner fan and hairdryer/fan/fan-0022.wav,datasec:DATASEC/Vacuum cleaner fan and hairdryer/fan/fan-0022.wav,validation
datasec:DATASEC/Vacuum cleaner fan and hairdryer/fan/fan-0023.wav,datasec:DATASEC/Vacuum cleaner fan and hairdryer/fan/fan-0023.wav,validation
datasec:DATASEC/Vacuum cleaner fan and hairdryer/fan/fan-0024.wav,datasec:DATASEC/Vacuum cleaner fan and hairdryer/fan/fan-0024.wav,train
datasec:DATASEC/Vacuum cleaner fan and hairdryer/fan/fan-0025.wav,datasec:DATASEC/Vacuum cleaner fan and hairdryer/fan/fan-0025.wav,train
datasec:DATASEC/Vacuum cleaner fan and hairdryer/fan/fan-0026.wav,datasec:DATASEC/Vacuum cleaner fan and hairdryer/fan/fan-0026.wav,validation
datasec:DATASEC/Vacuum cleaner fan and hairdryer/fan/fan-0027.wav,datasec:DATASEC/Vacuum cleaner fan and hairdryer/fan/fan-0027.wav,validation
datasec:DATASEC/Vacuum cleaner fan and hairdryer/fan/fan-0028.wav,datasec:DATASEC/Vacuum cleaner fan and hairdryer/fan/fan-0028.wav,train
datasec:DATASEC/Vacuum cleaner fan and hairdryer/fan/fan-0029.wav,datasec:DATASEC/Vacuum cleaner fan and hairdryer/fan/fan-0029.wav,test
datasec:DATASEC/Vacuum cleaner fan and hairdryer/fan/fan-0030.wav,datasec:DATASEC/Vacuum cleaner fan and hairdryer/fan/fan-0030.wav,train
datasec:DATASEC/Vacuum cleaner fan and hairdryer/fan/fan-0031.wav,datasec:DATASEC/Vacuum cleaner fan and hairdryer/fan/fan-0031.wav,train
datasec:DATASEC/Vacuum cleaner fan and hairdryer/fan/fan-0032.wav,datasec:DATASEC/Vacuum cleaner fan and hairdryer/fan/fan-0032.wav,train
datasec:DATASEC/Vacuum cleaner fan and hairdryer/hairdryer/hairdryer-0001.wav,datasec:DATASEC/Vacuum cleaner fan and hairdryer/hairdryer/hairdryer-0001.wav,validation
datasec:DATASEC/Vacuum cleaner fan and hairdryer/hairdryer/hairdryer-0002.wav,datasec:DATASEC/Vacuum cleaner fan and hairdryer/hairdryer/hairdryer-0002.wav,train
datasec:DATASEC/Vacuum cleaner fan and hairdryer/hairdryer/hairdryer-0003.wav,datasec:DATASEC/Vacuum cleaner fan and hairdryer/hairdryer/hairdryer-0003.wav,train
datasec:DATASEC/Vacuum cleaner fan and hairdryer/hairdryer/hairdryer-0004.wav,datasec:DATASEC/Vacuum cleaner fan and hairdryer/hairdryer/hairdryer-0004.wav,train
datasec:DATASEC/Vacuum cleaner fan and hairdryer/hairdryer/hairdryer-0005.wav,datasec:DATASEC/Vacuum cleaner fan and hairdryer/hairdryer/hairdryer-0005.wav,test
datasec:DATASEC/Vacuum cleaner fan and hairdryer/hairdryer/hairdryer-0006.wav,datasec:DATASEC/Vacuum cleaner fan and hairdryer/hairdryer/hairdryer-0006.wav,train
datasec:DATASEC/Vacuum cleaner fan and hairdryer/hairdryer/hairdryer-0007.wav,datasec:DATASEC/Vacuum cleaner fan and hairdryer/hairdryer/hairdryer-0007.wav,train
datasec:DATASEC/Vacuum cleaner fan and hairdryer/hairdryer/hairdryer-0008.wav,datasec:DATASEC/Vacuum cleaner fan and hairdryer/hairdryer/hairdryer-0008.wav,validation
datasec:DATASEC/Vacuum cleaner fan and hairdryer/hairdryer/hairdryer-0009.wav,datasec:DATASEC/Vacuum cleaner fan and hairdryer/hairdryer/hairdryer-0009.wav,train
datasec:DATASEC/Vacuum cleaner fan and hairdryer/hairdryer/hairdryer-0010.wav,datasec:DATASEC/Vacuum cleaner fan and hairdryer/hairdryer/hairdryer-0010.wav,train
datasec:DATASEC/Vacuum cleaner fan and hairdryer/hairdryer/hairdryer-0011.wav,datasec:DATASEC/Vacuum cleaner fan and hairdryer/hairdryer/hairdryer-0011.wav,test
datasec:DATASEC/Vacuum cleaner fan and hairdryer/hairdryer/hairdryer-0012.wav,datasec:DATASEC/Vacuum cleaner fan and hairdryer/hairdryer/hairdryer-0012.wav,train
datasec:DATASEC/Vacuum cleaner fan and hairdryer/hairdryer/hairdryer-0013.wav,datasec:DATASEC/Vacuum cleaner fan and hairdryer/hairdryer/hairdryer-0013.wav,train
datasec:DATASEC/Vacuum cleaner fan and hairdryer/hairdryer/hairdryer-0014.wav,datasec:DATASEC/Vacuum cleaner fan and hairdryer/hairdryer/hairdryer-0014.wav,train
datasec:DATASEC/Vacuum cleaner fan and hairdryer/hairdryer/hairdryer-0015.wav,datasec:DATASEC/Vacuum cleaner fan and hairdryer/hairdryer/hairdryer-0015.wav,validation
datasec:DATASEC/Vacuum cleaner fan and hairdryer/hairdryer/hairdryer-0016.wav,datasec:DATASEC/Vacuum cleaner fan and hairdryer/hairdryer/hairdryer-0016.wav,test
datasec:DATASEC/Vacuum cleaner fan and hairdryer/hairdryer/hairdryer-0017.wav,datasec:DATASEC/Vacuum cleaner fan and hairdryer/hairdryer/hairdryer-0017.wav,test
datasec:DATASEC/Vacuum cleaner fan and hairdryer/hairdryer/hairdryer-0018.wav,datasec:DATASEC/Vacuum cleaner fan and hairdryer/hairdryer/hairdryer-0018.wav,train
datasec:DATASEC/Vacuum cleaner fan and hairdryer/hairdryer/hairdryer-0019.wav,datasec:DATASEC/Vacuum cleaner fan and hairdryer/hairdryer/hairdryer-0019.wav,train
datasec:DATASEC/Vacuum cleaner fan and hairdryer/hairdryer/hairdryer-0020.wav,datasec:DATASEC/Vacuum cleaner fan and hairdryer/hairdryer/hairdryer-0020.wav,train
datasec:DATASEC/Vacuum cleaner fan and hairdryer/hairdryer/hairdryer-0021.wav,datasec:DATASEC/Vacuum cleaner fan and hairdryer/hairdryer/hairdryer-0021.wav,train
datasec:DATASEC/Vacuum cleaner fan and hairdryer/hairdryer/hairdryer-0022.wav,datasec:DATASEC/Vacuum cleaner fan and hairdryer/hairdryer/hairdryer-0022.wav,test
datasec:DATASEC/Vacuum cleaner fan and hairdryer/hairdryer/hairdryer-0023.wav,datasec:DATASEC/Vacuum cleaner fan and hairdryer/hairdryer/hairdryer-0023.wav,train
datasec:DATASEC/Vacuum cleaner fan and hairdryer/hairdryer/hairdryer-0024.wav,datasec:DATASEC/Vacuum cleaner fan and hairdryer/hairdryer/hairdryer-0024.wav,train
datasec:DATASEC/Vacuum cleaner fan and hairdryer/hairdryer/hairdryer-0025.wav,datasec:DATASEC/Vacuum cleaner fan and hairdryer/hairdryer/hairdryer-0025.wav,train
datasec:DATASEC/Vacuum cleaner fan and hairdryer/hairdryer/hairdryer-0026.wav,datasec:DATASEC/Vacuum cleaner fan and hairdryer/hairdryer/hairdryer-0026.wav,train
datasec:DATASEC/Vacuum cleaner fan and hairdryer/hairdryer/hairdryer-0027.wav,datasec:DATASEC/Vacuum cleaner fan and hairdryer/hairdryer/hairdryer-0027.wav,train
datasec:DATASEC/Vacuum cleaner fan and hairdryer/hairdryer/hairdryer-0028.wav,datasec:DATASEC/Vacuum cleaner fan and hairdryer/hairdryer/hairdryer-0028.wav,train
datasec:DATASEC/Vacuum cleaner fan and hairdryer/hairdryer/hairdryer-0029.wav,datasec:DATASEC/Vacuum cleaner fan and hairdryer/hairdryer/hairdryer-0029.wav,train
datasec:DATASEC/Vacuum cleaner fan and hairdryer/hairdryer/hairdryer-0030.wav,datasec:DATASEC/Vacuum cleaner fan and hairdryer/hairdryer/hairdryer-0030.wav,train
datasec:DATASEC/Vacuum cleaner fan and hairdryer/hairdryer/hairdryer-0031.wav,datasec:DATASEC/Vacuum cleaner fan and hairdryer/hairdryer/hairdryer-0031.wav,train
datasec:DATASEC/Vacuum cleaner fan and hairdryer/hairdryer/hairdryer-0032.wav,datasec:DATASEC/Vacuum cleaner fan and hairdryer/hairdryer/hairdryer-0032.wav,validation
datasec:DATASEC/Vacuum cleaner fan and hairdryer/vacuum cleaner/vacuum cleaner-0001.wav,datasec:DATASEC/Vacuum cleaner fan and hairdryer/vacuum cleaner/vacuum cleaner-0001.wav,train
datasec:DATASEC/Vacuum cleaner fan and hairdryer/vacuum cleaner/vacuum cleaner-0002.wav,datasec:DATASEC/Vacuum cleaner fan and hairdryer/vacuum cleaner/vacuum cleaner-0002.wav,train
datasec:DATASEC/Vacuum cleaner fan and hairdryer/vacuum cleaner/vacuum cleaner-0003.wav,datasec:DATASEC/Vacuum cleaner fan and hairdryer/vacuum cleaner/vacuum cleaner-0003.wav,train
datasec:DATASEC/Vacuum cleaner fan and hairdryer/vacuum cleaner/vacuum cleaner-0004.wav,datasec:DATASEC/Vacuum cleaner fan and hairdryer/vacuum cleaner/vacuum cleaner-0004.wav,validation
datasec:DATASEC/Vacuum cleaner fan and hairdryer/vacuum cleaner/vacuum cleaner-0005.wav,datasec:DATASEC/Vacuum cleaner fan and hairdryer/vacuum cleaner/vacuum cleaner-0005.wav,train
datasec:DATASEC/Vacuum cleaner fan and hairdryer/vacuum cleaner/vacuum cleaner-0006.wav,datasec:DATASEC/Vacuum cleaner fan and hairdryer/vacuum cleaner/vacuum cleaner-0006.wav,train
datasec:DATASEC/Vacuum cleaner fan and hairdryer/vacuum cleaner/vacuum cleaner-0007.wav,datasec:DATASEC/Vacuum cleaner fan and hairdryer/vacuum cleaner/vacuum cleaner-0007.wav,train
datasec:DATASEC/Vacuum cleaner fan and hairdryer/vacuum cleaner/vacuum cleaner-0008.wav,datasec:DATASEC/Vacuum cleaner fan and hairdryer/vacuum cleaner/vacuum cleaner-0008.wav,train
datasec:DATASEC/Vacuum cleaner fan and hairdryer/vacuum cleaner/vacuum cleaner-0009.wav,datasec:DATASEC/Vacuum cleaner fan and hairdryer/vacuum cleaner/vacuum cleaner-0009.wav,train
datasec:DATASEC/Vacuum cleaner fan and hairdryer/vacuum cleaner/vacuum cleaner-0010.wav,datasec:DATASEC/Vacuum cleaner fan and hairdryer/vacuum cleaner/vacuum cleaner-0010.wav,validation
datasec:DATASEC/Vacuum cleaner fan and hairdryer/vacuum cleaner/vacuum cleaner-0011.wav,datasec:DATASEC/Vacuum cleaner fan and hairdryer/vacuum cleaner/vacuum cleaner-0011.wav,train
datasec:DATASEC/Vacuum cleaner fan and hairdryer/vacuum cleaner/vacuum cleaner-0012.wav,datasec:DATASEC/Vacuum cleaner fan and hairdryer/vacuum cleaner/vacuum cleaner-0012.wav,train
datasec:DATASEC/Vacuum cleaner fan and hairdryer/vacuum cleaner/vacuum cleaner-0013.wav,datasec:DATASEC/Vacuum cleaner fan and hairdryer/vacuum cleaner/vacuum cleaner-0013.wav,train
datasec:DATASEC/Vacuum cleaner fan and hairdryer/vacuum cleaner/vacuum cleaner-0014.wav,datasec:DATASEC/Vacuum cleaner fan and hairdryer/vacuum cleaner/vacuum cleaner-0014.wav,train
datasec:DATASEC/Vacuum cleaner fan and hairdryer/vacuum cleaner/vacuum cleaner-0015.wav,datasec:DATASEC/Vacuum cleaner fan and hairdryer/vacuum cleaner/vacuum cleaner-0015.wav,validation
datasec:DATASEC/Vacuum cleaner fan and hairdryer/vacuum cleaner/vacuum cleaner-0016.wav,datasec:DATASEC/Vacuum cleaner fan and hairdryer/vacuum cleaner/vacuum cleaner-0016.wav,train
datasec:DATASEC/Vacuum cleaner fan and hairdryer/vacuum cleaner/vacuum cleaner-0017.wav,datasec:DATASEC/Vacuum cleaner fan and hairdryer/vacuum cleaner/vacuum cleaner-0017.wav,train
datasec:DATASEC/Vacuum cleaner fan and hairdryer/vacuum cleaner/vacuum cleaner-0019.wav,datasec:DATASEC/Vacuum cleaner fan and hairdryer/vacuum cleaner/vacuum cleaner-0019.wav,train
datasec:DATASEC/Vacuum cleaner fan and hairdryer/vacuum cleaner/vacuum cleaner-0020.wav,datasec:DATASEC/Vacuum cleaner fan and hairdryer/vacuum cleaner/vacuum cleaner-0020.wav,validation
datasec:DATASEC/Vacuum cleaner fan and hairdryer/vacuum cleaner/vacuum cleaner-0021.wav,datasec:DATASEC/Vacuum cleaner fan and hairdryer/vacuum cleaner/vacuum cleaner-0021.wav,train
datasec:DATASEC/Vacuum cleaner fan and hairdryer/vacuum cleaner/vacuum cleaner-0022.wav,datasec:DATASEC/Vacuum cleaner fan and hairdryer/vacuum cleaner/vacuum cleaner-0022.wav,train
datasec:DATASEC/Vacuum cleaner fan and hairdryer/vacuum cleaner/vacuum cleaner-0023.wav,datasec:DATASEC/Vacuum cleaner fan and hairdryer/vacuum cleaner/vacuum cleaner-0023.wav,train
datasec:DATASEC/Vacuum cleaner fan and hairdryer/vacuum cleaner/vacuum cleaner-0024.wav,datasec:DATASEC/Vacuum cleaner fan and hairdryer/vacuum cleaner/vacuum cleaner-0024.wav,test
datasec:DATASEC/Vacuum cleaner fan and hairdryer/vacuum cleaner/vacuum cleaner-0025.wav,datasec:DATASEC/Vacuum cleaner fan and hairdryer/vacuum cleaner/vacuum cleaner-0025.wav,validation
datasec:DATASEC/Vacuum cleaner fan and hairdryer/vacuum cleaner/vacuum cleaner-0026.wav,datasec:DATASEC/Vacuum cleaner fan and hairdryer/vacuum cleaner/vacuum cleaner-0026.wav,train
datasec:DATASEC/Vacuum cleaner fan and hairdryer/vacuum cleaner/vacuum cleaner-0027.wav,datasec:DATASEC/Vacuum cleaner fan and hairdryer/vacuum cleaner/vacuum cleaner-0027.wav,test
datasec:DATASEC/Vacuum cleaner fan and hairdryer/vacuum cleaner/vacuum cleaner-0028.wav,datasec:DATASEC/Vacuum cleaner fan and hairdryer/vacuum cleaner/vacuum cleaner-0028.wav,test
datasec:DATASEC/Vacuum cleaner fan and hairdryer/vacuum cleaner/vacuum cleaner-0029.wav,datasec:DATASEC/Vacuum cleaner fan and hairdryer/vacuum cleaner/vacuum cleaner-0029.wav,train
datasec:DATASEC/Vacuum cleaner fan and hairdryer/vacuum cleaner/vacuum cleaner-0030.wav,datasec:DATASEC/Vacuum cleaner fan and hairdryer/vacuum cleaner/vacuum cleaner-0030.wav,test
datasec:DATASEC/Vacuum cleaner fan and hairdryer/vacuum cleaner/vacuum cleaner-0031.wav,datasec:DATASEC/Vacuum cleaner fan and hairdryer/vacuum cleaner/vacuum cleaner-0031.wav,train
datasec:DATASEC/Vehicle idling/car truck idling/car truck idling-0001.wav,datasec:DATASEC/Vehicle idling/car truck idling/car truck idling-0001.wav,train
datasec:DATASEC/Vehicle idling/car truck idling/car truck idling-0002.wav,datasec:DATASEC/Vehicle idling/car truck idling/car truck idling-0002.wav,train
datasec:DATASEC/Vehicle idling/car truck idling/car truck idling-0003.wav,datasec:DATASEC/Vehicle idling/car truck idling/car truck idling-0003.wav,train
datasec:DATASEC/Vehicle idling/car truck idling/car truck idling-0004.wav,datasec:DATASEC/Vehicle idling/car truck idling/car truck idling-0004.wav,train
datasec:DATASEC/Vehicle idling/car truck idling/car truck idling-0005.wav,datasec:DATASEC/Vehicle idling/car truck idling/car truck idling-0005.wav,train
datasec:DATASEC/Vehicle idling/car truck idling/car truck idling-0006.wav,datasec:DATASEC/Vehicle idling/car truck idling/car truck idling-0006.wav,validation
datasec:DATASEC/Vehicle idling/car truck idling/car truck idling-0007.wav,datasec:DATASEC/Vehicle idling/car truck idling/car truck idling-0007.wav,train
datasec:DATASEC/Vehicle idling/car truck idling/car truck idling-0008.wav,datasec:DATASEC/Vehicle idling/car truck idling/car truck idling-0008.wav,train
datasec:DATASEC/Vehicle idling/car truck idling/car truck idling-0009.wav,datasec:DATASEC/Vehicle idling/car truck idling/car truck idling-0009.wav,train
datasec:DATASEC/Vehicle idling/car truck idling/car truck idling-0010.wav,datasec:DATASEC/Vehicle idling/car truck idling/car truck idling-0010.wav,test
datasec:DATASEC/Vehicle idling/car truck idling/car truck idling-0011.wav,datasec:DATASEC/Vehicle idling/car truck idling/car truck idling-0011.wav,train
datasec:DATASEC/Vehicle idling/car truck idling/car truck idling-0012.wav,datasec:DATASEC/Vehicle idling/car truck idling/car truck idling-0012.wav,test
datasec:DATASEC/Vehicle idling/car truck idling/car truck idling-0013.wav,datasec:DATASEC/Vehicle idling/car truck idling/car truck idling-0013.wav,train
datasec:DATASEC/Vehicle idling/car truck idling/car truck idling-0014.wav,datasec:DATASEC/Vehicle idling/car truck idling/car truck idling-0014.wav,train
datasec:DATASEC/Vehicle idling/car truck idling/car truck idling-0015.wav,datasec:DATASEC/Vehicle idling/car truck idling/car truck idling-0015.wav,train
datasec:DATASEC/Vehicle idling/car truck idling/car truck idling-0016.wav,datasec:DATASEC/Vehicle idling/car truck idling/car truck idling-0016.wav,validation
datasec:DATASEC/Vehicle idling/car truck idling/car truck idling-0017.wav,datasec:DATASEC/Vehicle idling/car truck idling/car truck idling-0017.wav,train
datasec:DATASEC/Vehicle idling/car truck idling/car truck idling-0018.wav,datasec:DATASEC/Vehicle idling/car truck idling/car truck idling-0018.wav,train
datasec:DATASEC/Vehicle idling/car truck idling/car truck idling-0019.wav,datasec:DATASEC/Vehicle idling/car truck idling/car truck idling-0019.wav,train
datasec:DATASEC/Vehicle idling/car truck idling/car truck idling-0020.wav,datasec:DATASEC/Vehicle idling/car truck idling/car truck idling-0020.wav,train
datasec:DATASEC/Vehicle idling/car truck idling/car truck idling-0021.wav,datasec:DATASEC/Vehicle idling/car truck idling/car truck idling-0021.wav,train
datasec:DATASEC/Vehicle idling/car truck idling/car truck idling-0022.wav,datasec:DATASEC/Vehicle idling/car truck idling/car truck idling-0022.wav,train
datasec:DATASEC/Vehicle idling/car truck idling/car truck idling-0023.wav,datasec:DATASEC/Vehicle idling/car truck idling/car truck idling-0023.wav,train
datasec:DATASEC/Vehicle idling/car truck idling/car truck idling-0024.wav,datasec:DATASEC/Vehicle idling/car truck idling/car truck idling-0018.wav,train
datasec:DATASEC/Vehicle idling/car truck idling/car truck idling-0025.wav,datasec:DATASEC/Vehicle idling/car truck idling/car truck idling-0025.wav,train
datasec:DATASEC/Vehicle idling/car truck idling/car truck idling-0026.wav,datasec:DATASEC/Vehicle idling/car truck idling/car truck idling-0026.wav,train
datasec:DATASEC/Vehicle idling/car truck idling/car truck idling-0027.wav,datasec:DATASEC/Vehicle idling/car truck idling/car truck idling-0027.wav,test
datasec:DATASEC/Vehicle idling/car truck idling/car truck idling-0028.wav,datasec:DATASEC/Vehicle idling/car truck idling/car truck idling-0028.wav,validation
datasec:DATASEC/Vehicle idling/car truck idling/car truck idling-0029.wav,datasec:DATASEC/Vehicle idling/car truck idling/car truck idling-0029.wav,train
datasec:DATASEC/Vehicle idling/car truck idling/car truck idling-0030.wav,datasec:DATASEC/Vehicle idling/car truck idling/car truck idling-0030.wav,train
datasec:DATASEC/Vehicle idling/car truck idling/car truck idling-0031.wav,datasec:DATASEC/Vehicle idling/car truck idling/car truck idling-0031.wav,train
datasec:DATASEC/Vehicle idling/car truck idling/car truck idling-0032.wav,datasec:DATASEC/Vehicle idling/car truck idling/car truck idling-0032.wav,train
datasec:DATASEC/Vehicle idling/car truck idling/car truck idling-0033.wav,datasec:DATASEC/Vehicle idling/car truck idling/car truck idling-0033.wav,train
datasec:DATASEC/Vehicle idling/car truck idling/car truck idling-0034.wav,datasec:DATASEC/Vehicle idling/car truck idling/car truck idling-0034.wav,train
datasec:DATASEC/Vehicle idling/car truck idling/car truck idling-0035.wav,datasec:DATASEC/Vehicle idling/car truck idling/car truck idling-0035.wav,test
datasec:DATASEC/Vehicle idling/car truck idling/car truck idling-0036.wav,datasec:DATASEC/Vehicle idling/car truck idling/car truck idling-0036.wav,train
datasec:DATASEC/Vehicle idling/car truck idling/car truck idling-0037.wav,datasec:DATASEC/Vehicle idling/car truck idling/car truck idling-0037.wav,test
datasec:DATASEC/Vehicle idling/car truck idling/car truck idling-0038.wav,datasec:DATASEC/Vehicle idling/car truck idling/car truck idling-0038.wav,validation
datasec:DATASEC/Vehicle idling/car truck idling/car truck idling-0039.wav,datasec:DATASEC/Vehicle idling/car truck idling/car truck idling-0039.wav,train
datasec:DATASEC/Vehicle idling/car truck idling/car truck idling-0040.wav,datasec:DATASEC/Vehicle idling/car truck idling/car truck idling-0040.wav,train
datasec:DATASEC/Vehicle idling/car truck idling/car truck idling-0041.wav,datasec:DATASEC/Vehicle idling/car truck idling/car truck idling-0041.wav,test
datasec:DATASEC/Vehicle idling/car truck idling/car truck idling-0042.wav,datasec:DATASEC/Vehicle idling/car truck idling/car truck idling-0042.wav,train
datasec:DATASEC/Vehicle idling/car truck idling/car truck idling-0043.wav,datasec:DATASEC/Vehicle idling/car truck idling/car truck idling-0043.wav,validation
datasec:DATASEC/Vehicle idling/car truck idling/car truck idling-0044.wav,datasec:DATASEC/Vehicle idling/car truck idling/car truck idling-0044.wav,train
datasec:DATASEC/Vehicle idling/car truck idling/car truck idling-0045.wav,datasec:DATASEC/Vehicle idling/car truck idling/car truck idling-0045.wav,train
datasec:DATASEC/Vehicle idling/car truck idling/car truck idling-0046.wav,datasec:DATASEC/Vehicle idling/car truck idling/car truck idling-0046.wav,validation
datasec:DATASEC/Vehicle idling/car truck idling/car truck idling-0047.wav,datasec:DATASEC/Vehicle idling/car truck idling/car truck idling-0047.wav,train
datasec:DATASEC/Vehicle idling/car truck idling/car truck idling-0048.wav,datasec:DATASEC/Vehicle idling/car truck idling/car truck idling-0048.wav,train
datasec:DATASEC/Vehicle idling/car truck idling/car truck idling-0049.wav,datasec:DATASEC/Vehicle idling/car truck idling/car truck idling-0049.wav,train
datasec:DATASEC/Vehicle idling/car truck idling/car truck idling-0050.wav,datasec:DATASEC/Vehicle idling/car truck idling/car truck idling-0050.wav,train
datasec:DATASEC/Vehicle idling/car truck idling/car truck idling-0051.wav,datasec:DATASEC/Vehicle idling/car truck idling/car truck idling-0051.wav,test
datasec:DATASEC/Vehicle idling/car truck idling/car truck idling-0052.wav,datasec:DATASEC/Vehicle idling/car truck idling/car truck idling-0052.wav,train
datasec:DATASEC/Vehicle idling/car truck idling/car truck idling-0053.wav,datasec:DATASEC/Vehicle idling/car truck idling/car truck idling-0053.wav,test
datasec:DATASEC/Vehicle idling/car truck idling/car truck idling-0054.wav,datasec:DATASEC/Vehicle idling/car truck idling/car truck idling-0054.wav,train
datasec:DATASEC/Vehicle idling/car truck idling/car truck idling-0055.wav,datasec:DATASEC/Vehicle idling/car truck idling/car truck idling-0055.wav,train
datasec:DATASEC/Vehicle idling/car truck idling/car truck idling-0056.wav,datasec:DATASEC/Vehicle idling/car truck idling/car truck idling-0056.wav,train
datasec:DATASEC/Vehicle idling/car truck idling/car truck idling-0057.wav,datasec:DATASEC/Vehicle idling/car truck idling/car truck idling-0057.wav,test
datasec:DATASEC/Vehicle idling/car truck idling/car truck idling-0058.wav,datasec:DATASEC/Vehicle idling/car truck idling/car truck idling-0058.wav,train
datasec:DATASEC/Vehicle idling/car truck idling/car truck idling-0059.wav,datasec:DATASEC/Vehicle idling/car truck idling/car truck idling-0059.wav,train
datasec:DATASEC/Vehicle idling/car truck idling/car truck idling-0060.wav,datasec:DATASEC/Vehicle idling/car truck idling/car truck idling-0060.wav,validation
datasec:DATASEC/Vehicle idling/car truck idling/car truck idling-0061.wav,datasec:DATASEC/Vehicle idling/car truck idling/car truck idling-0061.wav,train
datasec:DATASEC/Vehicle idling/car truck idling/car truck idling-0062.wav,datasec:DATASEC/Vehicle idling/car truck idling/car truck idling-0062.wav,train
datasec:DATASEC/Vehicle idling/car truck idling/car truck idling-0063.wav,datasec:DATASEC/Vehicle idling/car truck idling/car truck idling-0063.wav,train
datasec:DATASEC/Vehicle idling/car truck idling/car truck idling-0064.wav,datasec:DATASEC/Vehicle idling/car truck idling/car truck idling-0064.wav,validation
datasec:DATASEC/Vehicle idling/car truck idling/car truck idling-0065.wav,datasec:DATASEC/Vehicle idling/car truck idling/car truck idling-0065.wav,train
datasec:DATASEC/Vehicle idling/car truck idling/car truck idling-0066.wav,datasec:DATASEC/Vehicle idling/car truck idling/car truck idling-0066.wav,validation
datasec:DATASEC/Vehicle idling/car truck idling/car truck idling-0067.wav,datasec:DATASEC/Vehicle idling/car truck idling/car truck idling-0067.wav,train
datasec:DATASEC/Vehicle idling/car truck idling/car truck idling-0068.wav,datasec:DATASEC/Vehicle idling/car truck idling/car truck idling-0068.wav,validation
datasec:DATASEC/Vehicle idling/car truck idling/car truck idling-0069.wav,datasec:DATASEC/Vehicle idling/car truck idling/car truck idling-0069.wav,test
datasec:DATASEC/Vehicle idling/car truck idling/car truck idling-0070.wav,datasec:DATASEC/Vehicle idling/car truck idling/car truck idling-0070.wav,train
datasec:DATASEC/Vehicle idling/car truck idling/car truck idling-0071.wav,datasec:DATASEC/Vehicle idling/car truck idling/car truck idling-0071.wav,validation
datasec:DATASEC/Vehicle idling/car truck idling/car truck idling-0072.wav,datasec:DATASEC/Vehicle idling/car truck idling/car truck idling-0072.wav,train
datasec:DATASEC/Vehicle idling/car truck idling/car truck idling-0073.wav,datasec:DATASEC/Vehicle idling/car truck idling/car truck idling-0073.wav,validation
datasec:DATASEC/Vehicle idling/car truck idling/car truck idling-0074.wav,datasec:DATASEC/Vehicle idling/car truck idling/car truck idling-0074.wav,train
datasec:DATASEC/Vehicle idling/car truck idling/car truck idling-0075.wav,datasec:DATASEC/Vehicle idling/car truck idling/car truck idling-0075.wav,test
datasec:DATASEC/Vehicle idling/car truck idling/car truck idling-0076.wav,datasec:DATASEC/Vehicle idling/car truck idling/car truck idling-0076.wav,test
datasec:DATASEC/Vehicle idling/car truck idling/car truck idling-0077.wav,datasec:DATASEC/Vehicle idling/car truck idling/car truck idling-0077.wav,train
datasec:DATASEC/Vehicle idling/car truck idling/car truck idling-0078.wav,datasec:DATASEC/Vehicle idling/car truck idling/car truck idling-0078.wav,train
datasec:DATASEC/Vehicle idling/car truck idling/car truck idling-0079.wav,datasec:DATASEC/Vehicle idling/car truck idling/car truck idling-0079.wav,train
datasec:DATASEC/Vehicle idling/car truck idling/car truck idling-0080.wav,datasec:DATASEC/Vehicle idling/car truck idling/car truck idling-0080.wav,train
datasec:DATASEC/Vehicle idling/car truck idling/car truck idling-0081.wav,datasec:DATASEC/Vehicle idling/car truck idling/car truck idling-0081.wav,train
datasec:DATASEC/Vehicle idling/motorbike idling/motorbike idling-0001.wav,datasec:DATASEC/Vehicle idling/motorbike idling/motorbike idling-0001.wav,train
datasec:DATASEC/Vehicle idling/motorbike idling/motorbike idling-0002.wav,datasec:DATASEC/Vehicle idling/motorbike idling/motorbike idling-0002.wav,train
datasec:DATASEC/Vehicle idling/motorbike idling/motorbike idling-0003.wav,datasec:DATASEC/Vehicle idling/motorbike idling/motorbike idling-0003.wav,train
datasec:DATASEC/Vehicle idling/motorbike idling/motorbike idling-0004.wav,datasec:DATASEC/Vehicle idling/motorbike idling/motorbike idling-0004.wav,test
datasec:DATASEC/Vehicle idling/motorbike idling/motorbike idling-0005.wav,datasec:DATASEC/Vehicle idling/motorbike idling/motorbike idling-0005.wav,train
datasec:DATASEC/Vehicle idling/motorbike idling/motorbike idling-0006.wav,datasec:DATASEC/Vehicle idling/motorbike idling/motorbike idling-0006.wav,test
datasec:DATASEC/Vehicle idling/motorbike idling/motorbike idling-0007.wav,datasec:DATASEC/Vehicle idling/motorbike idling/motorbike idling-0007.wav,train
datasec:DATASEC/Vehicle idling/motorbike idling/motorbike idling-0008.wav,datasec:DATASEC/Vehicle idling/motorbike idling/motorbike idling-0008.wav,train
datasec:DATASEC/Vehicle idling/motorbike idling/motorbike idling-0009.wav,datasec:DATASEC/Vehicle idling/motorbike idling/motorbike idling-0009.wav,train
datasec:DATASEC/Vehicle idling/motorbike idling/motorbike idling-0010.wav,datasec:DATASEC/Vehicle idling/motorbike idling/motorbike idling-0010.wav,validation
datasec:DATASEC/Vehicle idling/motorbike idling/motorbike idling-0011.wav,datasec:DATASEC/Vehicle idling/motorbike idling/motorbike idling-0011.wav,test
datasec:DATASEC/Vehicle idling/motorbike idling/motorbike idling-0012.wav,datasec:DATASEC/Vehicle idling/motorbike idling/motorbike idling-0012.wav,validation
datasec:DATASEC/Vehicle idling/motorbike idling/motorbike idling-0013.wav,datasec:DATASEC/Vehicle idling/motorbike idling/motorbike idling-0013.wav,validation
datasec:DATASEC/Vehicle idling/motorbike idling/motorbike idling-0014.wav,datasec:DATASEC/Vehicle idling/motorbike idling/motorbike idling-0014.wav,test
datasec:DATASEC/Vehicle idling/motorbike idling/motorbike idling-0015.wav,datasec:DATASEC/Vehicle idling/motorbike idling/motorbike idling-0015.wav,train
datasec:DATASEC/Vehicle idling/motorbike idling/motorbike idling-0016.wav,datasec:DATASEC/Vehicle idling/motorbike idling/motorbike idling-0016.wav,train
datasec:DATASEC/Vehicle idling/motorbike idling/motorbike idling-0017.wav,datasec:DATASEC/Vehicle idling/motorbike idling/motorbike idling-0017.wav,train
datasec:DATASEC/Vehicle idling/motorbike idling/motorbike idling-0018.wav,datasec:DATASEC/Vehicle idling/motorbike idling/motorbike idling-0018.wav,train
datasec:DATASEC/Vehicle idling/motorbike idling/motorbike idling-0019.wav,datasec:DATASEC/Vehicle idling/motorbike idling/motorbike idling-0019.wav,train
datasec:DATASEC/Vehicle idling/motorbike idling/motorbike idling-0020.wav,datasec:DATASEC/Vehicle idling/motorbike idling/motorbike idling-0020.wav,train
datasec:DATASEC/Vehicle idling/motorbike idling/motorbike idling-0021.wav,datasec:DATASEC/Vehicle idling/motorbike idling/motorbike idling-0021.wav,train
datasec:DATASEC/Vehicle idling/motorbike idling/motorbike idling-0022.wav,datasec:DATASEC/Vehicle idling/motorbike idling/motorbike idling-0022.wav,train
datasec:DATASEC/Vehicle idling/motorbike idling/motorbike idling-0023.wav,datasec:DATASEC/Vehicle idling/motorbike idling/motorbike idling-0023.wav,validation
datasec:DATASEC/Vehicle idling/motorbike idling/motorbike idling-0024.wav,datasec:DATASEC/Vehicle idling/motorbike idling/motorbike idling-0024.wav,train
datasec:DATASEC/Vehicle idling/motorbike idling/motorbike idling-0025.wav,datasec:DATASEC/Vehicle idling/motorbike idling/motorbike idling-0025.wav,train
datasec:DATASEC/Vehicle idling/motorbike idling/motorbike idling-0026.wav,datasec:DATASEC/Vehicle idling/motorbike idling/motorbike idling-0026.wav,train
datasec:DATASEC/Vehicle idling/motorbike idling/motorbike idling-0027.wav,datasec:DATASEC/Vehicle idling/motorbike idling/motorbike idling-0027.wav,train
datasec:DATASEC/Vehicle idling/motorbike idling/motorbike idling-0028.wav,datasec:DATASEC/Vehicle idling/motorbike idling/motorbike idling-0028.wav,train
datasec:DATASEC/Vehicle idling/motorbike idling/motorbike idling-0029.wav,datasec:DATASEC/Vehicle idling/motorbike idling/motorbike idling-0029.wav,train
datasec:DATASEC/Vehicle idling/motorbike idling/motorbike idling-0030.wav,datasec:DATASEC/Vehicle idling/motorbike idling/motorbike idling-0030.wav,validation
datasec:DATASEC/Vehicle idling/motorbike idling/motorbike idling-0031.wav,datasec:DATASEC/Vehicle idling/motorbike idling/motorbike idling-0031.wav,train
datasec:DATASEC/Vehicle pass-by/car pass-by/car pass-by-0001.wav,datasec:DATASEC/Vehicle pass-by/car pass-by/car pass-by-0001.wav,train
datasec:DATASEC/Vehicle pass-by/car pass-by/car pass-by-0002.wav,datasec:DATASEC/Vehicle pass-by/car pass-by/car pass-by-0002.wav,train
datasec:DATASEC/Vehicle pass-by/car pass-by/car pass-by-0003.wav,datasec:DATASEC/Vehicle pass-by/car pass-by/car pass-by-0003.wav,test
datasec:DATASEC/Vehicle pass-by/car pass-by/car pass-by-0004.wav,datasec:DATASEC/Vehicle pass-by/car pass-by/car pass-by-0004.wav,train
datasec:DATASEC/Vehicle pass-by/car pass-by/car pass-by-0005.wav,datasec:DATASEC/Vehicle pass-by/car pass-by/car pass-by-0005.wav,train
datasec:DATASEC/Vehicle pass-by/car pass-by/car pass-by-0006.wav,datasec:DATASEC/Vehicle pass-by/car pass-by/car pass-by-0006.wav,validation
datasec:DATASEC/Vehicle pass-by/car pass-by/car pass-by-0007.wav,datasec:DATASEC/Vehicle pass-by/car pass-by/car pass-by-0007.wav,train
datasec:DATASEC/Vehicle pass-by/car pass-by/car pass-by-0008.wav,datasec:DATASEC/Vehicle pass-by/car pass-by/car pass-by-0008.wav,train
datasec:DATASEC/Vehicle pass-by/car pass-by/car pass-by-0009.wav,datasec:DATASEC/Vehicle pass-by/car pass-by/car pass-by-0009.wav,test
datasec:DATASEC/Vehicle pass-by/car pass-by/car pass-by-0010.wav,datasec:DATASEC/Vehicle pass-by/car pass-by/car pass-by-0010.wav,validation
datasec:DATASEC/Vehicle pass-by/car pass-by/car pass-by-0011.wav,datasec:DATASEC/Vehicle pass-by/car pass-by/car pass-by-0011.wav,train
datasec:DATASEC/Vehicle pass-by/car pass-by/car pass-by-0012.wav,datasec:DATASEC/Vehicle pass-by/car pass-by/car pass-by-0012.wav,train
datasec:DATASEC/Vehicle pass-by/car pass-by/car pass-by-0013.wav,datasec:DATASEC/Vehicle pass-by/car pass-by/car pass-by-0013.wav,validation
datasec:DATASEC/Vehicle pass-by/car pass-by/car pass-by-0014.wav,datasec:DATASEC/Vehicle pass-by/car pass-by/car pass-by-0014.wav,train
datasec:DATASEC/Vehicle pass-by/car pass-by/car pass-by-0015.wav,datasec:DATASEC/Vehicle pass-by/car pass-by/car pass-by-0015.wav,train
datasec:DATASEC/Vehicle pass-by/car pass-by/car pass-by-0016.wav,datasec:DATASEC/Vehicle pass-by/car pass-by/car pass-by-0016.wav,test
datasec:DATASEC/Vehicle pass-by/car pass-by/car pass-by-0017.wav,datasec:DATASEC/Vehicle pass-by/car pass-by/car pass-by-0017.wav,validation
datasec:DATASEC/Vehicle pass-by/car pass-by/car pass-by-0018.wav,datasec:DATASEC/Vehicle pass-by/car pass-by/car pass-by-0018.wav,train
datasec:DATASEC/Vehicle pass-by/car pass-by/car pass-by-0019.wav,datasec:DATASEC/Vehicle pass-by/car pass-by/car pass-by-0019.wav,train
datasec:DATASEC/Vehicle pass-by/car pass-by/car pass-by-0020.wav,datasec:DATASEC/Vehicle pass-by/car pass-by/car pass-by-0020.wav,train
datasec:DATASEC/Vehicle pass-by/car pass-by/car pass-by-0021.wav,datasec:DATASEC/Vehicle pass-by/car pass-by/car pass-by-0021.wav,train
datasec:DATASEC/Vehicle pass-by/car pass-by/car pass-by-0022.wav,datasec:DATASEC/Vehicle pass-by/car pass-by/car pass-by-0022.wav,train
datasec:DATASEC/Vehicle pass-by/car pass-by/car pass-by-0023.wav,datasec:DATASEC/Vehicle pass-by/car pass-by/car pass-by-0023.wav,validation
datasec:DATASEC/Vehicle pass-by/car pass-by/car pass-by-0024.wav,datasec:DATASEC/Vehicle pass-by/car pass-by/car pass-by-0024.wav,train
datasec:DATASEC/Vehicle pass-by/car pass-by/car pass-by-0025.wav,datasec:DATASEC/Vehicle pass-by/car pass-by/car pass-by-0025.wav,train
datasec:DATASEC/Vehicle pass-by/car pass-by/car pass-by-0026.wav,datasec:DATASEC/Vehicle pass-by/car pass-by/car pass-by-0026.wav,train
datasec:DATASEC/Vehicle pass-by/car pass-by/car pass-by-0027.wav,datasec:DATASEC/Vehicle pass-by/car pass-by/car pass-by-0027.wav,train
datasec:DATASEC/Vehicle pass-by/car pass-by/car pass-by-0028.wav,datasec:DATASEC/Vehicle pass-by/car pass-by/car pass-by-0028.wav,train
datasec:DATASEC/Vehicle pass-by/car pass-by/car pass-by-0029.wav,datasec:DATASEC/Vehicle pass-by/car pass-by/car pass-by-0029.wav,train
datasec:DATASEC/Vehicle pass-by/car pass-by/car pass-by-0030.wav,datasec:DATASEC/Vehicle pass-by/car pass-by/car pass-by-0030.wav,test
datasec:DATASEC/Vehicle pass-by/car pass-by/car pass-by-0031.wav,datasec:DATASEC/Vehicle pass-by/car pass-by/car pass-by-0031.wav,test
datasec:DATASEC/Vehicle pass-by/car pass-by/car pass-by-0032.wav,datasec:DATASEC/Vehicle pass-by/car pass-by/car pass-by-0032.wav,validation
datasec:DATASEC/Vehicle pass-by/car pass-by/car pass-by-0033.wav,datasec:DATASEC/Vehicle pass-by/car pass-by/car pass-by-0033.wav,train
datasec:DATASEC/Vehicle pass-by/car pass-by/car pass-by-0034.wav,datasec:DATASEC/Vehicle pass-by/car pass-by/car pass-by-0034.wav,train
datasec:DATASEC/Vehicle pass-by/car pass-by/car pass-by-0035.wav,datasec:DATASEC/Vehicle pass-by/car pass-by/car pass-by-0035.wav,train
datasec:DATASEC/Vehicle pass-by/car pass-by/car pass-by-0036.wav,datasec:DATASEC/Vehicle pass-by/car pass-by/car pass-by-0036.wav,train
datasec:DATASEC/Vehicle pass-by/car pass-by/car pass-by-0037.wav,datasec:DATASEC/Vehicle pass-by/car pass-by/car pass-by-0037.wav,train
datasec:DATASEC/Vehicle pass-by/car pass-by/car pass-by-0038.wav,datasec:DATASEC/Vehicle pass-by/car pass-by/car pass-by-0038.wav,train
datasec:DATASEC/Vehicle pass-by/car pass-by/car pass-by-0039.wav,datasec:DATASEC/Vehicle pass-by/car pass-by/car pass-by-0039.wav,train
datasec:DATASEC/Vehicle pass-by/car pass-by/car pass-by-0040.wav,datasec:DATASEC/Vehicle pass-by/car pass-by/car pass-by-0040.wav,train
datasec:DATASEC/Vehicle pass-by/car pass-by/car pass-by-0041.wav,datasec:DATASEC/Vehicle pass-by/car pass-by/car pass-by-0041.wav,train
datasec:DATASEC/Vehicle pass-by/car pass-by/car pass-by-0042.wav,datasec:DATASEC/Vehicle pass-by/car pass-by/car pass-by-0042.wav,validation
datasec:DATASEC/Vehicle pass-by/car pass-by/car pass-by-0043.wav,datasec:DATASEC/Vehicle pass-by/car pass-by/car pass-by-0043.wav,train
datasec:DATASEC/Vehicle pass-by/car pass-by/car pass-by-0044.wav,datasec:DATASEC/Vehicle pass-by/car pass-by/car pass-by-0044.wav,train
datasec:DATASEC/Vehicle pass-by/car pass-by/car pass-by-0045.wav,datasec:DATASEC/Vehicle pass-by/car pass-by/car pass-by-0045.wav,validation
datasec:DATASEC/Vehicle pass-by/car pass-by/car pass-by-0046.wav,datasec:DATASEC/Vehicle pass-by/car pass-by/car pass-by-0046.wav,train
datasec:DATASEC/Vehicle pass-by/car pass-by/car pass-by-0047.wav,datasec:DATASEC/Vehicle pass-by/car pass-by/car pass-by-0047.wav,train
datasec:DATASEC/Vehicle pass-by/car pass-by/car pass-by-0048.wav,datasec:DATASEC/Vehicle pass-by/car pass-by/car pass-by-0048.wav,train
datasec:DATASEC/Vehicle pass-by/car pass-by/car pass-by-0049.wav,datasec:DATASEC/Vehicle pass-by/car pass-by/car pass-by-0049.wav,train
datasec:DATASEC/Vehicle pass-by/car pass-by/car pass-by-0050.wav,datasec:DATASEC/Vehicle pass-by/car pass-by/car pass-by-0050.wav,test
datasec:DATASEC/Vehicle pass-by/car pass-by/car pass-by-0051.wav,datasec:DATASEC/Vehicle pass-by/car pass-by/car pass-by-0051.wav,train
datasec:DATASEC/Vehicle pass-by/car pass-by/car pass-by-0052.wav,datasec:DATASEC/Vehicle pass-by/car pass-by/car pass-by-0052.wav,train
datasec:DATASEC/Vehicle pass-by/car pass-by/car pass-by-0053.wav,datasec:DATASEC/Vehicle pass-by/car pass-by/car pass-by-0053.wav,train
datasec:DATASEC/Vehicle pass-by/car pass-by/car pass-by-0054.wav,datasec:DATASEC/Vehicle pass-by/car pass-by/car pass-by-0054.wav,train
datasec:DATASEC/Vehicle pass-by/car pass-by/car pass-by-0055.wav,datasec:DATASEC/Vehicle pass-by/car pass-by/car pass-by-0055.wav,train
datasec:DATASEC/Vehicle pass-by/car pass-by/car pass-by-0056.wav,datasec:DATASEC/Vehicle pass-by/car pass-by/car pass-by-0056.wav,validation
datasec:DATASEC/Vehicle pass-by/car pass-by/car pass-by-0057.wav,datasec:DATASEC/Vehicle pass-by/car pass-by/car pass-by-0057.wav,train
datasec:DATASEC/Vehicle pass-by/car pass-by/car pass-by-0058.wav,datasec:DATASEC/Vehicle pass-by/car pass-by/car pass-by-0058.wav,train
datasec:DATASEC/Vehicle pass-by/car pass-by/car pass-by-0059.wav,datasec:DATASEC/Vehicle pass-by/car pass-by/car pass-by-0059.wav,train
datasec:DATASEC/Vehicle pass-by/car pass-by/car pass-by-0060.wav,datasec:DATASEC/Vehicle pass-by/car pass-by/car pass-by-0060.wav,train
datasec:DATASEC/Vehicle pass-by/car pass-by/car pass-by-0061.wav,datasec:DATASEC/Vehicle pass-by/car pass-by/car pass-by-0061.wav,train
datasec:DATASEC/Vehicle pass-by/car pass-by/car pass-by-0062.wav,datasec:DATASEC/Vehicle pass-by/car pass-by/car pass-by-0062.wav,train
datasec:DATASEC/Vehicle pass-by/car pass-by/car pass-by-0063.wav,datasec:DATASEC/Vehicle pass-by/car pass-by/car pass-by-0063.wav,train
datasec:DATASEC/Vehicle pass-by/car pass-by/car pass-by-0064.wav,datasec:DATASEC/Vehicle pass-by/car pass-by/car pass-by-0064.wav,train
datasec:DATASEC/Vehicle pass-by/car pass-by/car pass-by-0065.wav,datasec:DATASEC/Vehicle pass-by/car pass-by/car pass-by-0065.wav,train
datasec:DATASEC/Vehicle pass-by/car pass-by/car pass-by-0066.wav,datasec:DATASEC/Vehicle pass-by/car pass-by/car pass-by-0066.wav,test
datasec:DATASEC/Vehicle pass-by/car pass-by/car pass-by-0067.wav,datasec:DATASEC/Vehicle pass-by/car pass-by/car pass-by-0067.wav,train
datasec:DATASEC/Vehicle pass-by/car pass-by/car pass-by-0068.wav,datasec:DATASEC/Vehicle pass-by/car pass-by/car pass-by-0068.wav,validation
datasec:DATASEC/Vehicle pass-by/car pass-by/car pass-by-0069.wav,datasec:DATASEC/Vehicle pass-by/car pass-by/car pass-by-0069.wav,train
datasec:DATASEC/Vehicle pass-by/car pass-by/car pass-by-0070.wav,datasec:DATASEC/Vehicle pass-by/car pass-by/car pass-by-0070.wav,test
datasec:DATASEC/Vehicle pass-by/car pass-by/car pass-by-0071.wav,datasec:DATASEC/Vehicle pass-by/car pass-by/car pass-by-0071.wav,train
datasec:DATASEC/Vehicle pass-by/car pass-by/car pass-by-0072.wav,datasec:DATASEC/Vehicle pass-by/car pass-by/car pass-by-0072.wav,test
datasec:DATASEC/Vehicle pass-by/car pass-by/car pass-by-0073.wav,datasec:DATASEC/Vehicle pass-by/car pass-by/car pass-by-0073.wav,validation
datasec:DATASEC/Vehicle pass-by/car pass-by/car pass-by-0074.wav,datasec:DATASEC/Vehicle pass-by/car pass-by/car pass-by-0074.wav,test
datasec:DATASEC/Vehicle pass-by/car pass-by/car pass-by-0075.wav,datasec:DATASEC/Vehicle pass-by/car pass-by/car pass-by-0075.wav,train
datasec:DATASEC/Vehicle pass-by/car pass-by/car pass-by-0076.wav,datasec:DATASEC/Vehicle pass-by/car pass-by/car pass-by-0076.wav,test
datasec:DATASEC/Vehicle pass-by/car pass-by/car pass-by-0077.wav,datasec:DATASEC/Vehicle pass-by/car pass-by/car pass-by-0077.wav,train
datasec:DATASEC/Vehicle pass-by/car pass-by/car pass-by-0078.wav,datasec:DATASEC/Vehicle pass-by/car pass-by/car pass-by-0078.wav,train
datasec:DATASEC/Vehicle pass-by/car pass-by/car pass-by-0079.wav,datasec:DATASEC/Vehicle pass-by/car pass-by/car pass-by-0079.wav,train
datasec:DATASEC/Vehicle pass-by/car pass-by/car pass-by-0080.wav,datasec:DATASEC/Vehicle pass-by/car pass-by/car pass-by-0080.wav,test
datasec:DATASEC/Vehicle pass-by/car pass-by/car pass-by-0081.wav,datasec:DATASEC/Vehicle pass-by/car pass-by/car pass-by-0081.wav,train
datasec:DATASEC/Vehicle pass-by/car pass-by/car pass-by-0082.wav,datasec:DATASEC/Vehicle pass-by/car pass-by/car pass-by-0082.wav,test
datasec:DATASEC/Vehicle pass-by/car pass-by/car pass-by-0083.wav,datasec:DATASEC/Vehicle pass-by/car pass-by/car pass-by-0083.wav,train
datasec:DATASEC/Vehicle pass-by/car pass-by/car pass-by-0084.wav,datasec:DATASEC/Vehicle pass-by/car pass-by/car pass-by-0084.wav,validation
datasec:DATASEC/Vehicle pass-by/car pass-by/car pass-by-0085.wav,datasec:DATASEC/Vehicle pass-by/car pass-by/car pass-by-0085.wav,train
datasec:DATASEC/Vehicle pass-by/car pass-by/car pass-by-0086.wav,datasec:DATASEC/Vehicle pass-by/car pass-by/car pass-by-0086.wav,test
datasec:DATASEC/Vehicle pass-by/car pass-by/car pass-by-0087.wav,datasec:DATASEC/Vehicle pass-by/car pass-by/car pass-by-0087.wav,train
datasec:DATASEC/Vehicle pass-by/car pass-by/car pass-by-0088.wav,datasec:DATASEC/Vehicle pass-by/car pass-by/car pass-by-0088.wav,train
datasec:DATASEC/Vehicle pass-by/car pass-by/car pass-by-0089.wav,datasec:DATASEC/Vehicle pass-by/car pass-by/car pass-by-0089.wav,train
datasec:DATASEC/Vehicle pass-by/car pass-by/car pass-by-0090.wav,datasec:DATASEC/Vehicle pass-by/car pass-by/car pass-by-0090.wav,train
datasec:DATASEC/Vehicle pass-by/car pass-by/car pass-by-0091.wav,datasec:DATASEC/Vehicle pass-by/car pass-by/car pass-by-0091.wav,train
datasec:DATASEC/Vehicle pass-by/car pass-by/car pass-by-0092.wav,datasec:DATASEC/Vehicle pass-by/car pass-by/car pass-by-0092.wav,validation
datasec:DATASEC/Vehicle pass-by/car pass-by/car pass-by-0093.wav,datasec:DATASEC/Vehicle pass-by/car pass-by/car pass-by-0093.wav,train
datasec:DATASEC/Vehicle pass-by/car pass-by/car pass-by-0094.wav,datasec:DATASEC/Vehicle pass-by/car pass-by/car pass-by-0094.wav,test
datasec:DATASEC/Vehicle pass-by/car pass-by/car pass-by-0095.wav,datasec:DATASEC/Vehicle pass-by/car pass-by/car pass-by-0095.wav,train
datasec:DATASEC/Vehicle pass-by/car pass-by/car pass-by-0096.wav,datasec:DATASEC/Vehicle pass-by/car pass-by/car pass-by-0096.wav,validation
datasec:DATASEC/Vehicle pass-by/car pass-by/car pass-by-0097.wav,datasec:DATASEC/Vehicle pass-by/car pass-by/car pass-by-0097.wav,train
datasec:DATASEC/Vehicle pass-by/car pass-by/car pass-by-0098.wav,datasec:DATASEC/Vehicle pass-by/car pass-by/car pass-by-0098.wav,train
datasec:DATASEC/Vehicle pass-by/car pass-by/car pass-by-0099.wav,datasec:DATASEC/Vehicle pass-by/car pass-by/car pass-by-0099.wav,validation
datasec:DATASEC/Vehicle pass-by/car pass-by/car pass-by-0100.wav,datasec:DATASEC/Vehicle pass-by/car pass-by/car pass-by-0100.wav,train
datasec:DATASEC/Vehicle pass-by/car pass-by/car pass-by-0101.wav,datasec:DATASEC/Vehicle pass-by/car pass-by/car pass-by-0101.wav,validation
datasec:DATASEC/Vehicle pass-by/car pass-by/car pass-by-0102.wav,datasec:DATASEC/Vehicle pass-by/car pass-by/car pass-by-0102.wav,train
datasec:DATASEC/Vehicle pass-by/car pass-by/car pass-by-0103.wav,datasec:DATASEC/Vehicle pass-by/car pass-by/car pass-by-0103.wav,train
datasec:DATASEC/Vehicle pass-by/car pass-by/car pass-by-0104.wav,datasec:DATASEC/Vehicle pass-by/car pass-by/car pass-by-0104.wav,test
datasec:DATASEC/Vehicle pass-by/car pass-by/car pass-by-0105.wav,datasec:DATASEC/Vehicle pass-by/car pass-by/car pass-by-0105.wav,train
datasec:DATASEC/Vehicle pass-by/car pass-by/car pass-by-0106.wav,datasec:DATASEC/Vehicle pass-by/car pass-by/car pass-by-0106.wav,train
datasec:DATASEC/Vehicle pass-by/car pass-by/car pass-by-0107.wav,datasec:DATASEC/Vehicle pass-by/car pass-by/car pass-by-0107.wav,train
datasec:DATASEC/Vehicle pass-by/car pass-by/car pass-by-0108.wav,datasec:DATASEC/Vehicle pass-by/car pass-by/car pass-by-0108.wav,train
datasec:DATASEC/Vehicle pass-by/car pass-by/car pass-by-0109.wav,datasec:DATASEC/Vehicle pass-by/car pass-by/car pass-by-0109.wav,test
datasec:DATASEC/Vehicle pass-by/car pass-by/car pass-by-0110.wav,datasec:DATASEC/Vehicle pass-by/car pass-by/car pass-by-0110.wav,train
datasec:DATASEC/Vehicle pass-by/motorbike pass-by/motorbike pass-by-0001.wav,datasec:DATASEC/Vehicle pass-by/motorbike pass-by/motorbike pass-by-0001.wav,test
datasec:DATASEC/Vehicle pass-by/motorbike pass-by/motorbike pass-by-0002.wav,datasec:DATASEC/Vehicle pass-by/motorbike pass-by/motorbike pass-by-0002.wav,test
datasec:DATASEC/Vehicle pass-by/motorbike pass-by/motorbike pass-by-0003.wav,datasec:DATASEC/Vehicle pass-by/motorbike pass-by/motorbike pass-by-0003.wav,validation
datasec:DATASEC/Vehicle pass-by/motorbike pass-by/motorbike pass-by-0004.wav,datasec:DATASEC/Vehicle pass-by/motorbike pass-by/motorbike pass-by-0004.wav,train
datasec:DATASEC/Vehicle pass-by/motorbike pass-by/motorbike pass-by-0005.wav,datasec:DATASEC/Vehicle pass-by/motorbike pass-by/motorbike pass-by-0005.wav,test
datasec:DATASEC/Vehicle pass-by/motorbike pass-by/motorbike pass-by-0006.wav,datasec:DATASEC/Vehicle pass-by/motorbike pass-by/motorbike pass-by-0006.wav,train
datasec:DATASEC/Vehicle pass-by/motorbike pass-by/motorbike pass-by-0007.wav,datasec:DATASEC/Vehicle pass-by/motorbike pass-by/motorbike pass-by-0007.wav,validation
datasec:DATASEC/Vehicle pass-by/motorbike pass-by/motorbike pass-by-0008.wav,datasec:DATASEC/Vehicle pass-by/motorbike pass-by/motorbike pass-by-0008.wav,train
datasec:DATASEC/Vehicle pass-by/motorbike pass-by/motorbike pass-by-0009.wav,datasec:DATASEC/Vehicle pass-by/motorbike pass-by/motorbike pass-by-0009.wav,train
datasec:DATASEC/Vehicle pass-by/motorbike pass-by/motorbike pass-by-0010.wav,datasec:DATASEC/Vehicle pass-by/motorbike pass-by/motorbike pass-by-0010.wav,train
datasec:DATASEC/Vehicle pass-by/motorbike pass-by/motorbike pass-by-0011.wav,datasec:DATASEC/Vehicle pass-by/motorbike pass-by/motorbike pass-by-0011.wav,train
datasec:DATASEC/Vehicle pass-by/motorbike pass-by/motorbike pass-by-0012.wav,datasec:DATASEC/Vehicle pass-by/motorbike pass-by/motorbike pass-by-0012.wav,train
datasec:DATASEC/Vehicle pass-by/motorbike pass-by/motorbike pass-by-0013.wav,datasec:DATASEC/Vehicle pass-by/motorbike pass-by/motorbike pass-by-0013.wav,validation
datasec:DATASEC/Vehicle pass-by/motorbike pass-by/motorbike pass-by-0014.wav,datasec:DATASEC/Vehicle pass-by/motorbike pass-by/motorbike pass-by-0014.wav,test
datasec:DATASEC/Vehicle pass-by/motorbike pass-by/motorbike pass-by-0015.wav,datasec:DATASEC/Vehicle pass-by/motorbike pass-by/motorbike pass-by-0015.wav,train
datasec:DATASEC/Vehicle pass-by/motorbike pass-by/motorbike pass-by-0016.wav,datasec:DATASEC/Vehicle pass-by/motorbike pass-by/motorbike pass-by-0016.wav,train
datasec:DATASEC/Vehicle pass-by/motorbike pass-by/motorbike pass-by-0017.wav,datasec:DATASEC/Vehicle pass-by/motorbike pass-by/motorbike pass-by-0017.wav,train
datasec:DATASEC/Vehicle pass-by/motorbike pass-by/motorbike pass-by-0018.wav,datasec:DATASEC/Vehicle pass-by/motorbike pass-by/motorbike pass-by-0018.wav,train
datasec:DATASEC/Vehicle pass-by/motorbike pass-by/motorbike pass-by-0019.wav,datasec:DATASEC/Vehicle pass-by/motorbike pass-by/motorbike pass-by-0019.wav,train
datasec:DATASEC/Vehicle pass-by/motorbike pass-by/motorbike pass-by-0020.wav,datasec:DATASEC/Vehicle pass-by/motorbike pass-by/motorbike pass-by-0020.wav,train
datasec:DATASEC/Vehicle pass-by/motorbike pass-by/motorbike pass-by-0021.wav,datasec:DATASEC/Vehicle pass-by/motorbike pass-by/motorbike pass-by-0021.wav,train
datasec:DATASEC/Vehicle pass-by/motorbike pass-by/motorbike pass-by-0022.wav,datasec:DATASEC/Vehicle pass-by/motorbike pass-by/motorbike pass-by-0022.wav,test
datasec:DATASEC/Vehicle pass-by/motorbike pass-by/motorbike pass-by-0023.wav,datasec:DATASEC/Vehicle pass-by/motorbike pass-by/motorbike pass-by-0023.wav,validation
datasec:DATASEC/Vehicle pass-by/motorbike pass-by/motorbike pass-by-0024.wav,datasec:DATASEC/Vehicle pass-by/motorbike pass-by/motorbike pass-by-0024.wav,train
datasec:DATASEC/Vehicle pass-by/motorbike pass-by/motorbike pass-by-0025.wav,datasec:DATASEC/Vehicle pass-by/motorbike pass-by/motorbike pass-by-0025.wav,train
datasec:DATASEC/Vehicle pass-by/motorbike pass-by/motorbike pass-by-0026.wav,datasec:DATASEC/Vehicle pass-by/motorbike pass-by/motorbike pass-by-0026.wav,train
datasec:DATASEC/Vehicle pass-by/motorbike pass-by/motorbike pass-by-0027.wav,datasec:DATASEC/Vehicle pass-by/motorbike pass-by/motorbike pass-by-0027.wav,train
datasec:DATASEC/Vehicle pass-by/motorbike pass-by/motorbike pass-by-0028.wav,datasec:DATASEC/Vehicle pass-by/motorbike pass-by/motorbike pass-by-0028.wav,train
datasec:DATASEC/Vehicle pass-by/motorbike pass-by/motorbike pass-by-0029.wav,datasec:DATASEC/Vehicle pass-by/motorbike pass-by/motorbike pass-by-0029.wav,train
datasec:DATASEC/Vehicle pass-by/motorbike pass-by/motorbike pass-by-0030.wav,datasec:DATASEC/Vehicle pass-by/motorbike pass-by/motorbike pass-by-0030.wav,validation
datasec:DATASEC/Vehicle pass-by/motorbike pass-by/motorbike pass-by-0031.wav,datasec:DATASEC/Vehicle pass-by/motorbike pass-by/motorbike pass-by-0031.wav,train
datasec:DATASEC/Vehicle pass-by/motorbike pass-by/motorbike pass-by-0032.wav,datasec:DATASEC/Vehicle pass-by/motorbike pass-by/motorbike pass-by-0032.wav,validation
datasec:DATASEC/Vehicle pass-by/motorbike pass-by/motorbike pass-by-0033.wav,datasec:DATASEC/Vehicle pass-by/motorbike pass-by/motorbike pass-by-0033.wav,validation
datasec:DATASEC/Vehicle pass-by/motorbike pass-by/motorbike pass-by-0034.wav,datasec:DATASEC/Vehicle pass-by/motorbike pass-by/motorbike pass-by-0034.wav,test
datasec:DATASEC/Vehicle pass-by/motorbike pass-by/motorbike pass-by-0035.wav,datasec:DATASEC/Vehicle pass-by/motorbike pass-by/motorbike pass-by-0035.wav,train
datasec:DATASEC/Vehicle pass-by/motorbike pass-by/motorbike pass-by-0036.wav,datasec:DATASEC/Vehicle pass-by/motorbike pass-by/motorbike pass-by-0036.wav,train
datasec:DATASEC/Vehicle pass-by/motorbike pass-by/motorbike pass-by-0037.wav,datasec:DATASEC/Vehicle pass-by/motorbike pass-by/motorbike pass-by-0037.wav,train
datasec:DATASEC/Vehicle pass-by/motorbike pass-by/motorbike pass-by-0038.wav,datasec:DATASEC/Vehicle pass-by/motorbike pass-by/motorbike pass-by-0038.wav,test
datasec:DATASEC/Vehicle pass-by/motorbike pass-by/motorbike pass-by-0039.wav,datasec:DATASEC/Vehicle pass-by/motorbike pass-by/motorbike pass-by-0039.wav,train
datasec:DATASEC/Vehicle pass-by/motorbike pass-by/motorbike pass-by-0040.wav,datasec:DATASEC/Vehicle pass-by/motorbike pass-by/motorbike pass-by-0040.wav,train
datasec:DATASEC/Vehicle pass-by/motorbike pass-by/motorbike pass-by-0041.wav,datasec:DATASEC/Vehicle pass-by/motorbike pass-by/motorbike pass-by-0041.wav,test
datasec:DATASEC/Vehicle pass-by/motorbike pass-by/motorbike pass-by-0042.wav,datasec:DATASEC/Vehicle pass-by/motorbike pass-by/motorbike pass-by-0042.wav,train
datasec:DATASEC/Vehicle pass-by/motorbike pass-by/motorbike pass-by-0043.wav,datasec:DATASEC/Vehicle pass-by/motorbike pass-by/motorbike pass-by-0043.wav,train
datasec:DATASEC/Vehicle pass-by/motorbike pass-by/motorbike pass-by-0044.wav,datasec:DATASEC/Vehicle pass-by/motorbike pass-by/motorbike pass-by-0044.wav,train
datasec:DATASEC/Vehicle pass-by/motorbike pass-by/motorbike pass-by-0045.wav,datasec:DATASEC/Vehicle pass-by/motorbike pass-by/motorbike pass-by-0045.wav,train
datasec:DATASEC/Vehicle pass-by/motorbike pass-by/motorbike pass-by-0046.wav,datasec:DATASEC/Vehicle pass-by/motorbike pass-by/motorbike pass-by-0046.wav,train
datasec:DATASEC/Vehicle pass-by/motorbike pass-by/motorbike pass-by-0047.wav,datasec:DATASEC/Vehicle pass-by/motorbike pass-by/motorbike pass-by-0047.wav,train
datasec:DATASEC/Vehicle pass-by/motorbike pass-by/motorbike pass-by-0048.wav,datasec:DATASEC/Vehicle pass-by/motorbike pass-by/motorbike pass-by-0048.wav,train
datasec:DATASEC/Vehicle pass-by/motorbike pass-by/motorbike pass-by-0049.wav,datasec:DATASEC/Vehicle pass-by/motorbike pass-by/motorbike pass-by-0049.wav,train
datasec:DATASEC/Vehicle pass-by/motorbike pass-by/motorbike pass-by-0050.wav,datasec:DATASEC/Vehicle pass-by/motorbike pass-by/motorbike pass-by-0050.wav,validation
datasec:DATASEC/Vehicle pass-by/motorbike pass-by/motorbike pass-by-0051.wav,datasec:DATASEC/Vehicle pass-by/motorbike pass-by/motorbike pass-by-0051.wav,train
datasec:DATASEC/Vehicle pass-by/motorbike pass-by/motorbike pass-by-0052.wav,datasec:DATASEC/Vehicle pass-by/motorbike pass-by/motorbike pass-by-0052.wav,train
datasec:DATASEC/Vehicle pass-by/motorbike pass-by/motorbike pass-by-0053.wav,datasec:DATASEC/Vehicle pass-by/motorbike pass-by/motorbike pass-by-0053.wav,train
datasec:DATASEC/Vehicle pass-by/motorbike pass-by/motorbike pass-by-0054.wav,datasec:DATASEC/Vehicle pass-by/motorbike pass-by/motorbike pass-by-0054.wav,train
datasec:DATASEC/Vehicle pass-by/motorbike pass-by/motorbike pass-by-0055.wav,datasec:DATASEC/Vehicle pass-by/motorbike pass-by/motorbike pass-by-0055.wav,train
datasec:DATASEC/Vehicle pass-by/motorbike pass-by/motorbike pass-by-0056.wav,datasec:DATASEC/Vehicle pass-by/motorbike pass-by/motorbike pass-by-0056.wav,train
datasec:DATASEC/Vehicle pass-by/motorbike pass-by/motorbike pass-by-0057.wav,datasec:DATASEC/Vehicle pass-by/motorbike pass-by/motorbike pass-by-0057.wav,test
datasec:DATASEC/Vehicle pass-by/truck pass-by/truck pass-by-0001.wav,datasec:DATASEC/Vehicle pass-by/truck pass-by/truck pass-by-0001.wav,train
datasec:DATASEC/Vehicle pass-by/truck pass-by/truck pass-by-0002.wav,datasec:DATASEC/Vehicle pass-by/truck pass-by/truck pass-by-0002.wav,train
datasec:DATASEC/Vehicle pass-by/truck pass-by/truck pass-by-0003.wav,datasec:DATASEC/Vehicle pass-by/truck pass-by/truck pass-by-0003.wav,train
datasec:DATASEC/Vehicle pass-by/truck pass-by/truck pass-by-0004.wav,datasec:DATASEC/Vehicle pass-by/truck pass-by/truck pass-by-0004.wav,train
datasec:DATASEC/Vehicle pass-by/truck pass-by/truck pass-by-0005.wav,datasec:DATASEC/Vehicle pass-by/truck pass-by/truck pass-by-0005.wav,train
datasec:DATASEC/Vehicle pass-by/truck pass-by/truck pass-by-0006.wav,datasec:DATASEC/Vehicle pass-by/truck pass-by/truck pass-by-0006.wav,validation
datasec:DATASEC/Vehicle pass-by/truck pass-by/truck pass-by-0007.wav,datasec:DATASEC/Vehicle pass-by/truck pass-by/truck pass-by-0007.wav,train
datasec:DATASEC/Vehicle pass-by/truck pass-by/truck pass-by-0008.wav,datasec:DATASEC/Vehicle pass-by/truck pass-by/truck pass-by-0008.wav,train
datasec:DATASEC/Vehicle pass-by/truck pass-by/truck pass-by-0009.wav,datasec:DATASEC/Vehicle pass-by/truck pass-by/truck pass-by-0009.wav,train
datasec:DATASEC/Vehicle pass-by/truck pass-by/truck pass-by-0010.wav,datasec:DATASEC/Vehicle pass-by/truck pass-by/truck pass-by-0010.wav,test
datasec:DATASEC/Vehicle pass-by/truck pass-by/truck pass-by-0011.wav,datasec:DATASEC/Vehicle pass-by/truck pass-by/truck pass-by-0011.wav,train
datasec:DATASEC/Vehicle pass-by/truck pass-by/truck pass-by-0012.wav,datasec:DATASEC/Vehicle pass-by/truck pass-by/truck pass-by-0012.wav,validation
datasec:DATASEC/Vehicle pass-by/truck pass-by/truck pass-by-0013.wav,datasec:DATASEC/Vehicle pass-by/truck pass-by/truck pass-by-0013.wav,validation
datasec:DATASEC/Vehicle pass-by/truck pass-by/truck pass-by-0014.wav,datasec:DATASEC/Vehicle pass-by/truck pass-by/truck pass-by-0014.wav,train
datasec:DATASEC/Vehicle pass-by/truck pass-by/truck pass-by-0015.wav,datasec:DATASEC/Vehicle pass-by/truck pass-by/truck pass-by-0015.wav,test
datasec:DATASEC/Vehicle pass-by/truck pass-by/truck pass-by-0016.wav,datasec:DATASEC/Vehicle pass-by/truck pass-by/truck pass-by-0016.wav,train
datasec:DATASEC/Vehicle pass-by/truck pass-by/truck pass-by-0017.wav,datasec:DATASEC/Vehicle pass-by/truck pass-by/truck pass-by-0017.wav,train
datasec:DATASEC/Vehicle pass-by/truck pass-by/truck pass-by-0018.wav,datasec:DATASEC/Vehicle pass-by/truck pass-by/truck pass-by-0018.wav,test
datasec:DATASEC/Vehicle pass-by/truck pass-by/truck pass-by-0019.wav,datasec:DATASEC/Vehicle pass-by/truck pass-by/truck pass-by-0019.wav,validation
datasec:DATASEC/Vehicle pass-by/truck pass-by/truck pass-by-0020.wav,datasec:DATASEC/Vehicle pass-by/truck pass-by/truck pass-by-0020.wav,validation
datasec:DATASEC/Vehicle pass-by/truck pass-by/truck pass-by-0021.wav,datasec:DATASEC/Vehicle pass-by/truck pass-by/truck pass-by-0021.wav,train
datasec:DATASEC/Vehicle pass-by/truck pass-by/truck pass-by-0022.wav,datasec:DATASEC/Vehicle pass-by/truck pass-by/truck pass-by-0022.wav,train
datasec:DATASEC/Vehicle pass-by/truck pass-by/truck pass-by-0023.wav,datasec:DATASEC/Vehicle pass-by/truck pass-by/truck pass-by-0023.wav,train
datasec:DATASEC/Vehicle pass-by/truck pass-by/truck pass-by-0024.wav,datasec:DATASEC/Vehicle pass-by/truck pass-by/truck pass-by-0024.wav,train
datasec:DATASEC/Vehicle pass-by/truck pass-by/truck pass-by-0025.wav,datasec:DATASEC/Vehicle pass-by/truck pass-by/truck pass-by-0025.wav,validation
datasec:DATASEC/Vehicle pass-by/truck pass-by/truck pass-by-0026.wav,datasec:DATASEC/Vehicle pass-by/truck pass-by/truck pass-by-0026.wav,train
datasec:DATASEC/Vehicle pass-by/truck pass-by/truck pass-by-0027.wav,datasec:DATASEC/Vehicle pass-by/truck pass-by/truck pass-by-0027.wav,train
datasec:DATASEC/Vehicle pass-by/truck pass-by/truck pass-by-0028.wav,datasec:DATASEC/Vehicle pass-by/truck pass-by/truck pass-by-0028.wav,train
datasec:DATASEC/Vehicle pass-by/truck pass-by/truck pass-by-0029.wav,datasec:DATASEC/Vehicle pass-by/truck pass-by/truck pass-by-0029.wav,train
datasec:DATASEC/Vehicle pass-by/truck pass-by/truck pass-by-0030.wav,datasec:DATASEC/Vehicle pass-by/truck pass-by/truck pass-by-0030.wav,train
datasec:DATASEC/Vehicle pass-by/truck pass-by/truck pass-by-0031.wav,datasec:DATASEC/Vehicle pass-by/truck pass-by/truck pass-by-0031.wav,train
datasec:DATASEC/Vehicle pass-by/truck pass-by/truck pass-by-0032.wav,datasec:DATASEC/Vehicle pass-by/truck pass-by/truck pass-by-0032.wav,train
datasec:DATASEC/Vehicle pass-by/truck pass-by/truck pass-by-0033.wav,datasec:DATASEC/Vehicle pass-by/truck pass-by/truck pass-by-0033.wav,train
datasec:DATASEC/Vehicle pass-by/truck pass-by/truck pass-by-0034.wav,datasec:DATASEC/Vehicle pass-by/truck pass-by/truck pass-by-0034.wav,train
datasec:DATASEC/Vehicle pass-by/truck pass-by/truck pass-by-0035.wav,datasec:DATASEC/Vehicle pass-by/truck pass-by/truck pass-by-0035.wav,test
datasec:DATASEC/Vehicle pass-by/truck pass-by/truck pass-by-0036.wav,datasec:DATASEC/Vehicle pass-by/truck pass-by/truck pass-by-0036.wav,train
datasec:DATASEC/Vehicle pass-by/truck pass-by/truck pass-by-0037.wav,datasec:DATASEC/Vehicle pass-by/truck pass-by/truck pass-by-0037.wav,train
datasec:DATASEC/Vehicle pass-by/truck pass-by/truck pass-by-0039.wav,datasec:DATASEC/Vehicle pass-by/truck pass-by/truck pass-by-0039.wav,train
datasec:DATASEC/Vehicle pass-by/truck pass-by/truck pass-by-0040.wav,datasec:DATASEC/Vehicle pass-by/truck pass-by/truck pass-by-0040.wav,train
datasec:DATASEC/Vehicle pass-by/truck pass-by/truck pass-by-0041.wav,datasec:DATASEC/Vehicle pass-by/truck pass-by/truck pass-by-0041.wav,train
datasec:DATASEC/Vehicle pass-by/truck pass-by/truck pass-by-0042.wav,datasec:DATASEC/Vehicle pass-by/truck pass-by/truck pass-by-0042.wav,train
datasec:DATASEC/Vehicle pass-by/truck pass-by/truck pass-by-0043.wav,datasec:DATASEC/Vehicle pass-by/truck pass-by/truck pass-by-0043.wav,train
datasec:DATASEC/Vehicle pass-by/truck pass-by/truck pass-by-0044.wav,datasec:DATASEC/Vehicle pass-by/truck pass-by/truck pass-by-0044.wav,validation
datasec:DATASEC/Vehicle pass-by/truck pass-by/truck pass-by-0045.wav,datasec:DATASEC/Vehicle pass-by/truck pass-by/truck pass-by-0045.wav,train
datasec:DATASEC/Vehicle pass-by/truck pass-by/truck pass-by-0046.wav,datasec:DATASEC/Vehicle pass-by/truck pass-by/truck pass-by-0046.wav,validation
datasec:DATASEC/Vehicle pass-by/truck pass-by/truck pass-by-0047.wav,datasec:DATASEC/Vehicle pass-by/truck pass-by/truck pass-by-0047.wav,train
datasec:DATASEC/Vehicle pass-by/truck pass-by/truck pass-by-0048.wav,datasec:DATASEC/Vehicle pass-by/truck pass-by/truck pass-by-0048.wav,test
datasec:DATASEC/Vehicle pass-by/truck pass-by/truck pass-by-0049.wav,datasec:DATASEC/Vehicle pass-by/truck pass-by/truck pass-by-0049.wav,test
datasec:DATASEC/Vehicle pass-by/truck pass-by/truck pass-by-0050.wav,datasec:DATASEC/Vehicle pass-by/truck pass-by/truck pass-by-0050.wav,test
datasec:DATASEC/Voices/Voices-0001.wav,datasec:DATASEC/Voices/Voices-0001.wav,train
datasec:DATASEC/Voices/Voices-0002.wav,datasec:DATASEC/Voices/Voices-0002.wav,test
datasec:DATASEC/Voices/Voices-0003.wav,datasec:DATASEC/Voices/Voices-0003.wav,validation
datasec:DATASEC/Voices/Voices-0004.wav,datasec:DATASEC/Voices/Voices-0004.wav,train
datasec:DATASEC/Voices/Voices-0005.wav,datasec:DATASEC/Voices/Voices-0005.wav,train
datasec:DATASEC/Voices/Voices-0006.wav,datasec:DATASEC/Voices/Voices-0006.wav,train
datasec:DATASEC/Voices/Voices-0007.wav,datasec:DATASEC/Voices/Voices-0007.wav,train
datasec:DATASEC/Voices/Voices-0008.wav,datasec:DATASEC/Voices/Voices-0008.wav,validation
datasec:DATASEC/Voices/Voices-0009.wav,datasec:DATASEC/Voices/Voices-0009.wav,train
datasec:DATASEC/Voices/Voices-0010.wav,datasec:DATASEC/Voices/Voices-0010.wav,test
datasec:DATASEC/Voices/Voices-0011.wav,datasec:DATASEC/Voices/Voices-0011.wav,train
datasec:DATASEC/Voices/Voices-0012.wav,datasec:DATASEC/Voices/Voices-0012.wav,train
datasec:DATASEC/Voices/Voices-0013.wav,datasec:DATASEC/Voices/Voices-0013.wav,test
datasec:DATASEC/Voices/Voices-0014.wav,datasec:DATASEC/Voices/Voices-0014.wav,train
datasec:DATASEC/Voices/Voices-0015.wav,datasec:DATASEC/Voices/Voices-0015.wav,train
datasec:DATASEC/Voices/Voices-0016.wav,datasec:DATASEC/Voices/Voices-0016.wav,train
datasec:DATASEC/Voices/Voices-0017.wav,datasec:DATASEC/Voices/Voices-0017.wav,train
datasec:DATASEC/Voices/Voices-0018.wav,datasec:DATASEC/Voices/Voices-0018.wav,test
datasec:DATASEC/Voices/Voices-0019.wav,datasec:DATASEC/Voices/Voices-0019.wav,train
datasec:DATASEC/Voices/Voices-0020.wav,datasec:DATASEC/Voices/Voices-0020.wav,train
datasec:DATASEC/Voices/Voices-0021.wav,datasec:DATASEC/Voices/Voices-0021.wav,train
datasec:DATASEC/Voices/Voices-0022.wav,datasec:DATASEC/Voices/Voices-0022.wav,validation
datasec:DATASEC/Voices/Voices-0023.wav,datasec:DATASEC/Voices/Voices-0023.wav,train
datasec:DATASEC/Voices/Voices-0024.wav,datasec:DATASEC/Voices/Voices-0024.wav,train
datasec:DATASEC/Voices/Voices-0025.wav,datasec:DATASEC/Voices/Voices-0025.wav,train
datasec:DATASEC/Voices/Voices-0026.wav,datasec:DATASEC/Voices/Voices-0026.wav,train
datasec:DATASEC/Voices/Voices-0027.wav,datasec:DATASEC/Voices/Voices-0027.wav,train
datasec:DATASEC/Voices/Voices-0028.wav,datasec:DATASEC/Voices/Voices-0028.wav,test
datasec:DATASEC/Voices/Voices-0029.wav,datasec:DATASEC/Voices/Voices-0029.wav,validation
datasec:DATASEC/Voices/Voices-0030.wav,datasec:DATASEC/Voices/Voices-0030.wav,train
datasec:DATASEC/Voices/Voices-0031.wav,datasec:DATASEC/Voices/Voices-0031.wav,validation
datasec:DATASEC/Voices/Voices-0032.wav,datasec:DATASEC/Voices/Voices-0032.wav,train
datasec:DATASEC/Voices/Voices-0033.wav,datasec:DATASEC/Voices/Voices-0033.wav,train
datasec:DATASEC/Voices/Voices-0034.wav,datasec:DATASEC/Voices/Voices-0034.wav,validation
datasec:DATASEC/Voices/Voices-0035.wav,datasec:DATASEC/Voices/Voices-0035.wav,train
datasec:DATASEC/Voices/Voices-0036.wav,datasec:DATASEC/Voices/Voices-0036.wav,validation
datasec:DATASEC/Voices/Voices-0037.wav,datasec:DATASEC/Voices/Voices-0037.wav,train
datasec:DATASEC/Voices/Voices-0038.wav,datasec:DATASEC/Voices/Voices-0038.wav,train
datasec:DATASEC/Voices/Voices-0039.wav,datasec:DATASEC/Voices/Voices-0039.wav,train
datasec:DATASEC/Voices/Voices-0040.wav,datasec:DATASEC/Voices/Voices-0040.wav,train
datasec:DATASEC/Voices/Voices-0041.wav,datasec:DATASEC/Voices/Voices-0041.wav,test
datasec:DATASEC/Voices/Voices-0042.wav,datasec:DATASEC/Voices/Voices-0042.wav,train
datasec:DATASEC/Voices/Voices-0043.wav,datasec:DATASEC/Voices/Voices-0043.wav,train
datasec:DATASEC/Voices/Voices-0044.wav,datasec:DATASEC/Voices/Voices-0044.wav,train
datasec:DATASEC/Voices/Voices-0045.wav,datasec:DATASEC/Voices/Voices-0045.wav,train
datasec:DATASEC/Voices/Voices-0046.wav,datasec:DATASEC/Voices/Voices-0046.wav,train
datasec:DATASEC/Voices/Voices-0047.wav,datasec:DATASEC/Voices/Voices-0047.wav,train
datasec:DATASEC/Voices/Voices-0048.wav,datasec:DATASEC/Voices/Voices-0048.wav,train
datasec:DATASEC/Voices/Voices-0049.wav,datasec:DATASEC/Voices/Voices-0049.wav,train
datasec:DATASEC/Voices/Voices-0050.wav,datasec:DATASEC/Voices/Voices-0050.wav,test
datasec:DATASEC/Voices/Voices-0051.wav,datasec:DATASEC/Voices/Voices-0051.wav,train
datasec:DATASEC/Voices/Voices-0052.wav,datasec:DATASEC/Voices/Voices-0052.wav,test
datasec:DATASEC/Voices/Voices-0053.wav,datasec:DATASEC/Voices/Voices-0053.wav,train
datasec:DATASEC/Voices/Voices-0054.wav,datasec:DATASEC/Voices/Voices-0054.wav,train
datasec:DATASEC/Voices/Voices-0055.wav,datasec:DATASEC/Voices/Voices-0055.wav,train
datasec:DATASEC/Voices/Voices-0056.wav,datasec:DATASEC/Voices/Voices-0056.wav,train
datasec:DATASEC/Voices/Voices-0057.wav,datasec:DATASEC/Voices/Voices-0057.wav,validation
datasec:DATASEC/Voices/Voices-0058.wav,datasec:DATASEC/Voices/Voices-0058.wav,validation
datasec:DATASEC/Voices/Voices-0059.wav,datasec:DATASEC/Voices/Voices-0059.wav,validation
datasec:DATASEC/Voices/Voices-0060.wav,datasec:DATASEC/Voices/Voices-0060.wav,train
datasec:DATASEC/Voices/Voices-0061.wav,datasec:DATASEC/Voices/Voices-0061.wav,test
datasec:DATASEC/Voices/Voices-0062.wav,datasec:DATASEC/Voices/Voices-0062.wav,train
datasec:DATASEC/Voices/Voices-0063.wav,datasec:DATASEC/Voices/Voices-0063.wav,train
datasec:DATASEC/Voices/Voices-0064.wav,datasec:DATASEC/Voices/Voices-0064.wav,validation
datasec:DATASEC/Voices/Voices-0065.wav,datasec:DATASEC/Voices/Voices-0065.wav,train
datasec:DATASEC/Voices/Voices-0066.wav,datasec:DATASEC/Voices/Voices-0066.wav,test
datasec:DATASEC/Voices/Voices-0067.wav,datasec:DATASEC/Voices/Voices-0067.wav,validation
datasec:DATASEC/Voices/Voices-0068.wav,datasec:DATASEC/Voices/Voices-0068.wav,validation
datasec:DATASEC/Voices/Voices-0069.wav,datasec:DATASEC/Voices/Voices-0069.wav,train
datasec:DATASEC/Voices/Voices-0070.wav,datasec:DATASEC/Voices/Voices-0070.wav,test
datasec:DATASEC/Voices/Voices-0071.wav,datasec:DATASEC/Voices/Voices-0071.wav,train
datasec:DATASEC/Voices/Voices-0072.wav,datasec:DATASEC/Voices/Voices-0072.wav,train
datasec:DATASEC/Voices/Voices-0073.wav,datasec:DATASEC/Voices/Voices-0073.wav,train
datasec:DATASEC/Voices/Voices-0074.wav,datasec:DATASEC/Voices/Voices-0074.wav,train
datasec:DATASEC/Voices/Voices-0075.wav,datasec:DATASEC/Voices/Voices-0075.wav,validation
datasec:DATASEC/Voices/Voices-0076.wav,datasec:DATASEC/Voices/Voices-0076.wav,train
datasec:DATASEC/Voices/Voices-0077.wav,datasec:DATASEC/Voices/Voices-0077.wav,train
datasec:DATASEC/Voices/Voices-0078.wav,datasec:DATASEC/Voices/Voices-0078.wav,train
datasec:DATASEC/Voices/Voices-0079.wav,datasec:DATASEC/Voices/Voices-0079.wav,validation
datasec:DATASEC/Voices/Voices-0080.wav,datasec:DATASEC/Voices/Voices-0080.wav,train
datasec:DATASEC/Voices/Voices-0081.wav,datasec:DATASEC/Voices/Voices-0081.wav,train
datasec:DATASEC/Voices/Voices-0082.wav,datasec:DATASEC/Voices/Voices-0082.wav,test
datasec:DATASEC/Voices/Voices-0083.wav,datasec:DATASEC/Voices/Voices-0083.wav,train
datasec:DATASEC/Voices/Voices-0084.wav,datasec:DATASEC/Voices/Voices-0084.wav,train
datasec:DATASEC/Voices/Voices-0085.wav,datasec:DATASEC/Voices/Voices-0085.wav,train
datasec:DATASEC/Voices/Voices-0086.wav,datasec:DATASEC/Voices/Voices-0086.wav,train
datasec:DATASEC/Voices/Voices-0087.wav,datasec:DATASEC/Voices/Voices-0087.wav,train
datasec:DATASEC/Voices/Voices-0088.wav,datasec:DATASEC/Voices/Voices-0088.wav,test
datasec:DATASEC/Voices/Voices-0089.wav,datasec:DATASEC/Voices/Voices-0089.wav,train
datasec:DATASEC/Voices/Voices-0090.wav,datasec:DATASEC/Voices/Voices-0090.wav,validation
datasec:DATASEC/Voices/Voices-0091.wav,datasec:DATASEC/Voices/Voices-0091.wav,train
datasec:DATASEC/Voices/Voices-0092.wav,datasec:DATASEC/Voices/Voices-0092.wav,train
datasec:DATASEC/Voices/Voices-0093.wav,datasec:DATASEC/Voices/Voices-0093.wav,train
datasec:DATASEC/Voices/Voices-0094.wav,datasec:DATASEC/Voices/Voices-0094.wav,train
datasec:DATASEC/Voices/Voices-0095.wav,datasec:DATASEC/Voices/Voices-0095.wav,train
datasec:DATASEC/Voices/Voices-0096.wav,datasec:DATASEC/Voices/Voices-0096.wav,train
datasec:DATASEC/Voices/Voices-0097.wav,datasec:DATASEC/Voices/Voices-0097.wav,test
datasec:DATASEC/Voices/Voices-0098.wav,datasec:DATASEC/Voices/Voices-0098.wav,validation
datasec:DATASEC/Voices/Voices-0099.wav,datasec:DATASEC/Voices/Voices-0099.wav,train
datasec:DATASEC/Voices/Voices-0100.wav,datasec:DATASEC/Voices/Voices-0100.wav,train
datasec:DATASEC/Voices/Voices-0101.wav,datasec:DATASEC/Voices/Voices-0101.wav,train
datasec:DATASEC/Voices/Voices-0102.wav,datasec:DATASEC/Voices/Voices-0102.wav,train
datasec:DATASEC/Voices/Voices-0103.wav,datasec:DATASEC/Voices/Voices-0103.wav,train
datasec:DATASEC/Voices/Voices-0104.wav,datasec:DATASEC/Voices/Voices-0104.wav,train
datasec:DATASEC/Voices/Voices-0105.wav,datasec:DATASEC/Voices/Voices-0105.wav,validation
datasec:DATASEC/Voices/Voices-0106.wav,datasec:DATASEC/Voices/Voices-0106.wav,train
datasec:DATASEC/Voices/Voices-0107.wav,datasec:DATASEC/Voices/Voices-0107.wav,train
datasec:DATASEC/Voices/Voices-0108.wav,datasec:DATASEC/Voices/Voices-0108.wav,test
datasec:DATASEC/Voices/Voices-0109.wav,datasec:DATASEC/Voices/Voices-0109.wav,train
datasec:DATASEC/Voices/Voices-0110.wav,datasec:DATASEC/Voices/Voices-0110.wav,validation
datasec:DATASEC/Voices/Voices-0111.wav,datasec:DATASEC/Voices/Voices-0111.wav,train
datasec:DATASEC/Voices/Voices-0112.wav,datasec:DATASEC/Voices/Voices-0112.wav,train
datasec:DATASEC/Voices/Voices-0113.wav,datasec:DATASEC/Voices/Voices-0113.wav,train
datasec:DATASEC/Voices/Voices-0114.wav,datasec:DATASEC/Voices/Voices-0114.wav,train
datasec:DATASEC/Voices/Voices-0115.wav,datasec:DATASEC/Voices/Voices-0115.wav,train
datasec:DATASEC/Voices/Voices-0116.wav,datasec:DATASEC/Voices/Voices-0116.wav,train
datasec:DATASEC/Voices/Voices-0117.wav,datasec:DATASEC/Voices/Voices-0117.wav,train
datasec:DATASEC/Voices/Voices-0118.wav,datasec:DATASEC/Voices/Voices-0118.wav,test
datasec:DATASEC/Voices/Voices-0119.wav,datasec:DATASEC/Voices/Voices-0119.wav,test
datasec:DATASEC/Voices/Voices-0120.wav,datasec:DATASEC/Voices/Voices-0120.wav,train
datasec:DATASEC/Voices/Voices-0121.wav,datasec:DATASEC/Voices/Voices-0121.wav,validation
datasec:DATASEC/Voices/Voices-0122.wav,datasec:DATASEC/Voices/Voices-0122.wav,train
datasec:DATASEC/Voices/Voices-0123.wav,datasec:DATASEC/Voices/Voices-0123.wav,test
datasec:DATASEC/Voices/Voices-0124.wav,datasec:DATASEC/Voices/Voices-0124.wav,train
datasec:DATASEC/Voices/Voices-0125.wav,datasec:DATASEC/Voices/Voices-0125.wav,validation
datasec:DATASEC/Voices/Voices-0126.wav,datasec:DATASEC/Voices/Voices-0126.wav,train
datasec:DATASEC/Voices/Voices-0127.wav,datasec:DATASEC/Voices/Voices-0127.wav,train
datasec:DATASEC/Voices/Voices-0128.wav,datasec:DATASEC/Voices/Voices-0128.wav,train
datasec:DATASEC/Voices/Voices-0129.wav,datasec:DATASEC/Voices/Voices-0129.wav,train
datasec:DATASEC/Voices/Voices-0130.wav,datasec:DATASEC/Voices/Voices-0130.wav,test
datasec:DATASEC/Voices/Voices-0131.wav,datasec:DATASEC/Voices/Voices-0131.wav,validation
datasec:DATASEC/Voices/Voices-0132.wav,datasec:DATASEC/Voices/Voices-0132.wav,test
datasec:DATASEC/Voices/Voices-0133.wav,datasec:DATASEC/Voices/Voices-0133.wav,train
datasec:DATASEC/Voices/Voices-0134.wav,datasec:DATASEC/Voices/Voices-0134.wav,validation
datasec:DATASEC/Voices/Voices-0135.wav,datasec:DATASEC/Voices/Voices-0135.wav,test
datasec:DATASEC/Voices/Voices-0136.wav,datasec:DATASEC/Voices/Voices-0136.wav,train
datasec:DATASEC/Voices/Voices-0137.wav,datasec:DATASEC/Voices/Voices-0137.wav,train
datasec:DATASEC/Voices/Voices-0138.wav,datasec:DATASEC/Voices/Voices-0138.wav,train
datasec:DATASEC/Voices/Voices-0139.wav,datasec:DATASEC/Voices/Voices-0139.wav,validation
datasec:DATASEC/Voices/Voices-0140.wav,datasec:DATASEC/Voices/Voices-0140.wav,train
datasec:DATASEC/Voices/Voices-0141.wav,datasec:DATASEC/Voices/Voices-0141.wav,train
datasec:DATASEC/Voices/Voices-0142.wav,datasec:DATASEC/Voices/Voices-0142.wav,train
datasec:DATASEC/Voices/Voices-0143.wav,datasec:DATASEC/Voices/Voices-0143.wav,test
datasec:DATASEC/Voices/Voices-0144.wav,datasec:DATASEC/Voices/Voices-0144.wav,train
datasec:DATASEC/Voices/Voices-0145.wav,datasec:DATASEC/Voices/Voices-0145.wav,train
datasec:DATASEC/Voices/Voices-0146.wav,datasec:DATASEC/Voices/Voices-0146.wav,test
datasec:DATASEC/Voices/Voices-0147.wav,datasec:DATASEC/Voices/Voices-0147.wav,train
datasec:DATASEC/Voices/Voices-0148.wav,datasec:DATASEC/Voices/Voices-0148.wav,test
datasec:DATASEC/Voices/Voices-0149.wav,datasec:DATASEC/Voices/Voices-0149.wav,train
datasec:DATASEC/Voices/Voices-0150.wav,datasec:DATASEC/Voices/Voices-0150.wav,train
datasec:DATASEC/Voices/Voices-0151.wav,datasec:DATASEC/Voices/Voices-0151.wav,train
datasec:DATASEC/Voices/Voices-0152.wav,datasec:DATASEC/Voices/Voices-0152.wav,train
datasec:DATASEC/Voices/Voices-0153.wav,datasec:DATASEC/Voices/Voices-0153.wav,test
datasec:DATASEC/Voices/Voices-0154.wav,datasec:DATASEC/Voices/Voices-0154.wav,train
datasec:DATASEC/Voices/Voices-0155.wav,datasec:DATASEC/Voices/Voices-0155.wav,test
datasec:DATASEC/Voices/Voices-0156.wav,datasec:DATASEC/Voices/Voices-0156.wav,test
datasec:DATASEC/Voices/Voices-0157.wav,datasec:DATASEC/Voices/Voices-0157.wav,train
datasec:DATASEC/Voices/Voices-0158.wav,datasec:DATASEC/Voices/Voices-0158.wav,train
datasec:DATASEC/Voices/Voices-0159.wav,datasec:DATASEC/Voices/Voices-0159.wav,test
datasec:DATASEC/Voices/Voices-0160.wav,datasec:DATASEC/Voices/Voices-0160.wav,train
datasec:DATASEC/Voices/Voices-0161.wav,datasec:DATASEC/Voices/Voices-0161.wav,train
datasec:DATASEC/Voices/Voices-0162.wav,datasec:DATASEC/Voices/Voices-0162.wav,train
datasec:DATASEC/Voices/Voices-0163.wav,datasec:DATASEC/Voices/Voices-0163.wav,train
datasec:DATASEC/Voices/Voices-0164.wav,datasec:DATASEC/Voices/Voices-0164.wav,validation
datasec:DATASEC/Voices/Voices-0165.wav,datasec:DATASEC/Voices/Voices-0165.wav,test
datasec:DATASEC/Voices/Voices-0166.wav,datasec:DATASEC/Voices/Voices-0166.wav,train
datasec:DATASEC/Voices/Voices-0167.wav,datasec:DATASEC/Voices/Voices-0167.wav,train
datasec:DATASEC/Voices/Voices-0168.wav,datasec:DATASEC/Voices/Voices-0168.wav,validation
datasec:DATASEC/Voices/Voices-0169.wav,datasec:DATASEC/Voices/Voices-0169.wav,train
datasec:DATASEC/Voices/Voices-0170.wav,datasec:DATASEC/Voices/Voices-0170.wav,test
datasec:DATASEC/Voices/Voices-0171.wav,datasec:DATASEC/Voices/Voices-0171.wav,train
datasec:DATASEC/Voices/Voices-0172.wav,datasec:DATASEC/Voices/Voices-0172.wav,validation
datasec:DATASEC/Voices/Voices-0173.wav,datasec:DATASEC/Voices/Voices-0173.wav,train
datasec:DATASEC/Voices/Voices-0174.wav,datasec:DATASEC/Voices/Voices-0174.wav,train
datasec:DATASEC/Voices/Voices-0175.wav,datasec:DATASEC/Voices/Voices-0175.wav,validation
datasec:DATASEC/Voices/Voices-0176.wav,datasec:DATASEC/Voices/Voices-0176.wav,train
datasec:DATASEC/Voices/Voices-0177.wav,datasec:DATASEC/Voices/Voices-0177.wav,train
datasec:DATASEC/Voices/Voices-0178.wav,datasec:DATASEC/Voices/Voices-0178.wav,train
datasec:DATASEC/Voices/Voices-0179.wav,datasec:DATASEC/Voices/Voices-0179.wav,train
datasec:DATASEC/Voices/Voices-0180.wav,datasec:DATASEC/Voices/Voices-0180.wav,train
datasec:DATASEC/Voices/Voices-0181.wav,datasec:DATASEC/Voices/Voices-0181.wav,train
datasec:DATASEC/Voices/Voices-0182.wav,datasec:DATASEC/Voices/Voices-0182.wav,train
datasec:DATASEC/Voices/Voices-0183.wav,datasec:DATASEC/Voices/Voices-0183.wav,train
datasec:DATASEC/Voices/Voices-0184.wav,datasec:DATASEC/Voices/Voices-0184.wav,train
datasec:DATASEC/Voices/Voices-0185.wav,datasec:DATASEC/Voices/Voices-0185.wav,validation
datasec:DATASEC/Voices/Voices-0186.wav,datasec:DATASEC/Voices/Voices-0186.wav,train
datasec:DATASEC/Voices/Voices-0187.wav,datasec:DATASEC/Voices/Voices-0187.wav,test
datasec:DATASEC/Voices/Voices-0188.wav,datasec:DATASEC/Voices/Voices-0188.wav,train
datasec:DATASEC/Voices/Voices-0189.wav,datasec:DATASEC/Voices/Voices-0189.wav,test
datasec:DATASEC/Voices/Voices-0190.wav,datasec:DATASEC/Voices/Voices-0190.wav,train
datasec:DATASEC/Voices/Voices-0191.wav,datasec:DATASEC/Voices/Voices-0191.wav,train
datasec:DATASEC/Voices/Voices-0192.wav,datasec:DATASEC/Voices/Voices-0192.wav,train
datasec:DATASEC/Voices/Voices-0193.wav,datasec:DATASEC/Voices/Voices-0193.wav,train
datasec:DATASEC/Voices/Voices-0194.wav,datasec:DATASEC/Voices/Voices-0194.wav,train
datasec:DATASEC/Voices/Voices-0195.wav,datasec:DATASEC/Voices/Voices-0195.wav,train
datasec:DATASEC/Voices/Voices-0196.wav,datasec:DATASEC/Voices/Voices-0196.wav,validation
datasec:DATASEC/Voices/Voices-0197.wav,datasec:DATASEC/Voices/Voices-0197.wav,train
datasec:DATASEC/Voices/Voices-0198.wav,datasec:DATASEC/Voices/Voices-0198.wav,train
datasec:DATASEC/Voices/Voices-0199.wav,datasec:DATASEC/Voices/Voices-0199.wav,train
datasec:DATASEC/Voices/Voices-0200.wav,datasec:DATASEC/Voices/Voices-0200.wav,validation
datasec:DATASEC/Voices/Voices-0201.wav,datasec:DATASEC/Voices/Voices-0201.wav,test
datasec:DATASEC/Voices/Voices-0202.wav,datasec:DATASEC/Voices/Voices-0202.wav,train
datasec:DATASEC/Voices/Voices-0203.wav,datasec:DATASEC/Voices/Voices-0203.wav,train
datasec:DATASEC/Voices/Voices-0204.wav,datasec:DATASEC/Voices/Voices-0204.wav,train
datasec:DATASEC/Voices/Voices-0205.wav,datasec:DATASEC/Voices/Voices-0205.wav,validation
datasec:DATASEC/Voices/Voices-0206.wav,datasec:DATASEC/Voices/Voices-0206.wav,test
datasec:DATASEC/Voices/Voices-0207.wav,datasec:DATASEC/Voices/Voices-0207.wav,train
datasec:DATASEC/Voices/Voices-0208.wav,datasec:DATASEC/Voices/Voices-0208.wav,train
datasec:DATASEC/Voices/Voices-0209.wav,datasec:DATASEC/Voices/Voices-0209.wav,test
datasec:DATASEC/Voices/Voices-0210.wav,datasec:DATASEC/Voices/Voices-0210.wav,test
datasec:DATASEC/Voices/Voices-0211.wav,datasec:DATASEC/Voices/Voices-0211.wav,train
datasec:DATASEC/Voices/Voices-0212.wav,datasec:DATASEC/Voices/Voices-0212.wav,validation
datasec:DATASEC/Voices/Voices-0213.wav,datasec:DATASEC/Voices/Voices-0213.wav,train
datasec:DATASEC/Voices/Voices-0214.wav,datasec:DATASEC/Voices/Voices-0214.wav,train
datasec:DATASEC/Voices/Voices-0215.wav,datasec:DATASEC/Voices/Voices-0215.wav,validation
datasec:DATASEC/Voices/Voices-0216.wav,datasec:DATASEC/Voices/Voices-0216.wav,train
datasec:DATASEC/Voices/Voices-0217.wav,datasec:DATASEC/Voices/Voices-0217.wav,train
datasec:DATASEC/Voices/Voices-0218.wav,datasec:DATASEC/Voices/Voices-0218.wav,validation
datasec:DATASEC/Voices/Voices-0219.wav,datasec:DATASEC/Voices/Voices-0219.wav,validation
datasec:DATASEC/Voices/Voices-0220.wav,datasec:DATASEC/Voices/Voices-0220.wav,train
datasec:DATASEC/Voices/Voices-0221.wav,datasec:DATASEC/Voices/Voices-0221.wav,train
datasec:DATASEC/Voices/Voices-0222.wav,datasec:DATASEC/Voices/Voices-0222.wav,train
datasec:DATASEC/Voices/Voices-0223.wav,datasec:DATASEC/Voices/Voices-0223.wav,test
datasec:DATASEC/Voices/Voices-0224.wav,datasec:DATASEC/Voices/Voices-0224.wav,train
datasec:DATASEC/Voices/Voices-0225.wav,datasec:DATASEC/Voices/Voices-0225.wav,test
datasec:DATASEC/Voices/Voices-0226.wav,datasec:DATASEC/Voices/Voices-0226.wav,train
datasec:DATASEC/Voices/Voices-0227.wav,datasec:DATASEC/Voices/Voices-0227.wav,validation
datasec:DATASEC/Voices/Voices-0228.wav,datasec:DATASEC/Voices/Voices-0228.wav,train
datasec:DATASEC/Voices/Voices-0229.wav,datasec:DATASEC/Voices/Voices-0229.wav,train
datasec:DATASEC/Voices/Voices-0230.wav,datasec:DATASEC/Voices/Voices-0230.wav,train
datasec:DATASEC/Voices/Voices-0231.wav,datasec:DATASEC/Voices/Voices-0231.wav,train
datasec:DATASEC/Voices/Voices-0232.wav,datasec:DATASEC/Voices/Voices-0232.wav,train
datasec:DATASEC/Voices/Voices-0233.wav,datasec:DATASEC/Voices/Voices-0233.wav,validation
datasec:DATASEC/Voices/Voices-0234.wav,datasec:DATASEC/Voices/Voices-0234.wav,train
datasec:DATASEC/Voices/Voices-0235.wav,datasec:DATASEC/Voices/Voices-0235.wav,test
datasec:DATASEC/Voices/Voices-0236.wav,datasec:DATASEC/Voices/Voices-0236.wav,train
datasec:DATASEC/Voices/Voices-0237.wav,datasec:DATASEC/Voices/Voices-0237.wav,train
datasec:DATASEC/Voices/Voices-0238.wav,datasec:DATASEC/Voices/Voices-0238.wav,train
datasec:DATASEC/Voices/Voices-0239.wav,datasec:DATASEC/Voices/Voices-0239.wav,validation
datasec:DATASEC/Voices/Voices-0240.wav,datasec:DATASEC/Voices/Voices-0240.wav,train
datasec:DATASEC/Voices/Voices-0241.wav,datasec:DATASEC/Voices/Voices-0241.wav,train
datasec:DATASEC/Voices/Voices-0242.wav,datasec:DATASEC/Voices/Voices-0242.wav,train
datasec:DATASEC/Voices/Voices-0243.wav,datasec:DATASEC/Voices/Voices-0243.wav,validation
datasec:DATASEC/Voices/Voices-0244.wav,datasec:DATASEC/Voices/Voices-0244.wav,validation
datasec:DATASEC/Voices/Voices-0245.wav,datasec:DATASEC/Voices/Voices-0245.wav,validation
datasec:DATASEC/Voices/Voices-0246.wav,datasec:DATASEC/Voices/Voices-0246.wav,train
datasec:DATASEC/Voices/Voices-0247.wav,datasec:DATASEC/Voices/Voices-0247.wav,train
datasec:DATASEC/Voices/Voices-0248.wav,datasec:DATASEC/Voices/Voices-0248.wav,train
datasec:DATASEC/Voices/Voices-0249.wav,datasec:DATASEC/Voices/Voices-0249.wav,validation
datasec:DATASEC/Voices/Voices-0250.wav,datasec:DATASEC/Voices/Voices-0250.wav,train
datasec:DATASEC/Voices/Voices-0251.wav,datasec:DATASEC/Voices/Voices-0251.wav,train
datasec:DATASEC/Voices/Voices-0252.wav,datasec:DATASEC/Voices/Voices-0252.wav,train
datasec:DATASEC/Voices/Voices-0253.wav,datasec:DATASEC/Voices/Voices-0253.wav,train
datasec:DATASEC/Voices/Voices-0254.wav,datasec:DATASEC/Voices/Voices-0254.wav,test
datasec:DATASEC/Voices/Voices-0255.wav,datasec:DATASEC/Voices/Voices-0255.wav,train
datasec:DATASEC/Voices/Voices-0256.wav,datasec:DATASEC/Voices/Voices-0256.wav,validation
datasec:DATASEC/Voices/Voices-0257.wav,datasec:DATASEC/Voices/Voices-0257.wav,validation
datasec:DATASEC/Voices/Voices-0258.wav,datasec:DATASEC/Voices/Voices-0258.wav,validation
datasec:DATASEC/Voices/Voices-0259.wav,datasec:DATASEC/Voices/Voices-0259.wav,train
datasec:DATASEC/Voices/Voices-0260.wav,datasec:DATASEC/Voices/Voices-0260.wav,train
datasec:DATASEC/Voices/Voices-0261.wav,datasec:DATASEC/Voices/Voices-0261.wav,test
datasec:DATASEC/Voices/Voices-0262.wav,datasec:DATASEC/Voices/Voices-0262.wav,test
datasec:DATASEC/Voices/Voices-0263.wav,datasec:DATASEC/Voices/Voices-0263.wav,train
datasec:DATASEC/Voices/Voices-0264.wav,datasec:DATASEC/Voices/Voices-0264.wav,train
datasec:DATASEC/Voices/Voices-0265.wav,datasec:DATASEC/Voices/Voices-0265.wav,train
datasec:DATASEC/Voices/Voices-0266.wav,datasec:DATASEC/Voices/Voices-0266.wav,test
datasec:DATASEC/Voices/Voices-0267.wav,datasec:DATASEC/Voices/Voices-0267.wav,train
datasec:DATASEC/Voices/Voices-0268.wav,datasec:DATASEC/Voices/Voices-0268.wav,train
datasec:DATASEC/Voices/Voices-0269.wav,datasec:DATASEC/Voices/Voices-0269.wav,test
datasec:DATASEC/Voices/Voices-0270.wav,datasec:DATASEC/Voices/Voices-0270.wav,train
datasec:DATASEC/Voices/Voices-0271.wav,datasec:DATASEC/Voices/Voices-0271.wav,train
datasec:DATASEC/Voices/Voices-0272.wav,datasec:DATASEC/Voices/Voices-0272.wav,train
datasec:DATASEC/Voices/Voices-0273.wav,datasec:DATASEC/Voices/Voices-0273.wav,train
datasec:DATASEC/Voices/Voices-0274.wav,datasec:DATASEC/Voices/Voices-0274.wav,train
datasec:DATASEC/Voices/Voices-0275.wav,datasec:DATASEC/Voices/Voices-0275.wav,train
datasec:DATASEC/Voices/Voices-0276.wav,datasec:DATASEC/Voices/Voices-0276.wav,test
datasec:DATASEC/Voices/Voices-0277.wav,datasec:DATASEC/Voices/Voices-0277.wav,train
datasec:DATASEC/Voices/Voices-0278.wav,datasec:DATASEC/Voices/Voices-0278.wav,validation
datasec:DATASEC/Voices/Voices-0279.wav,datasec:DATASEC/Voices/Voices-0279.wav,validation
datasec:DATASEC/Voices/Voices-0280.wav,datasec:DATASEC/Voices/Voices-0280.wav,test
datasec:DATASEC/Voices/Voices-0281.wav,datasec:DATASEC/Voices/Voices-0281.wav,test
datasec:DATASEC/Voices/Voices-0282.wav,datasec:DATASEC/Voices/Voices-0282.wav,train
datasec:DATASEC/Voices/Voices-0283.wav,datasec:DATASEC/Voices/Voices-0283.wav,train
datasec:DATASEC/Voices/Voices-0284.wav,datasec:DATASEC/Voices/Voices-0284.wav,validation
datasec:DATASEC/Voices/Voices-0285.wav,datasec:DATASEC/Voices/Voices-0285.wav,train
datasec:DATASEC/Voices/Voices-0286.wav,datasec:DATASEC/Voices/Voices-0286.wav,train
datasec:DATASEC/Voices/Voices-0287.wav,datasec:DATASEC/Voices/Voices-0287.wav,train
datasec:DATASEC/Voices/Voices-0288.wav,datasec:DATASEC/Voices/Voices-0288.wav,validation
datasec:DATASEC/Voices/Voices-0289.wav,datasec:DATASEC/Voices/Voices-0289.wav,train
datasec:DATASEC/Voices/Voices-0290.wav,datasec:DATASEC/Voices/Voices-0290.wav,train
datasec:DATASEC/Voices/Voices-0291.wav,datasec:DATASEC/Voices/Voices-0291.wav,train
datasec:DATASEC/Voices/Voices-0292.wav,datasec:DATASEC/Voices/Voices-0292.wav,train
datasec:DATASEC/Voices/Voices-0293.wav,datasec:DATASEC/Voices/Voices-0293.wav,validation
datasec:DATASEC/Voices/Voices-0294.wav,datasec:DATASEC/Voices/Voices-0294.wav,validation
datasec:DATASEC/Voices/Voices-0295.wav,datasec:DATASEC/Voices/Voices-0295.wav,train
datasec:DATASEC/Voices/Voices-0296.wav,datasec:DATASEC/Voices/Voices-0296.wav,train
datasec:DATASEC/Voices/Voices-0297.wav,datasec:DATASEC/Voices/Voices-0297.wav,validation
datasec:DATASEC/Voices/Voices-0298.wav,datasec:DATASEC/Voices/Voices-0298.wav,validation
datasec:DATASEC/Voices/Voices-0299.wav,datasec:DATASEC/Voices/Voices-0299.wav,train
datasec:DATASEC/Voices/Voices-0300.wav,datasec:DATASEC/Voices/Voices-0300.wav,train
datasec:DATASEC/Voices/Voices-0301.wav,datasec:DATASEC/Voices/Voices-0301.wav,train
datasec:DATASEC/Voices/Voices-0302.wav,datasec:DATASEC/Voices/Voices-0302.wav,train
datasec:DATASEC/Voices/Voices-0303.wav,datasec:DATASEC/Voices/Voices-0303.wav,validation
datasec:DATASEC/Voices/Voices-0304.wav,datasec:DATASEC/Voices/Voices-0304.wav,train
datasec:DATASEC/Voices/Voices-0305.wav,datasec:DATASEC/Voices/Voices-0305.wav,validation
datasec:DATASEC/Voices/Voices-0306.wav,datasec:DATASEC/Voices/Voices-0306.wav,train
datasec:DATASEC/Voices/Voices-0307.wav,datasec:DATASEC/Voices/Voices-0307.wav,train
datasec:DATASEC/Voices/Voices-0308.wav,datasec:DATASEC/Voices/Voices-0308.wav,validation
datasec:DATASEC/Voices/Voices-0309.wav,datasec:DATASEC/Voices/Voices-0309.wav,validation
datasec:DATASEC/Voices/Voices-0310.wav,datasec:DATASEC/Voices/Voices-0310.wav,train
datasec:DATASEC/Voices/Voices-0311.wav,datasec:DATASEC/Voices/Voices-0311.wav,train
datasec:DATASEC/Voices/Voices-0312.wav,datasec:DATASEC/Voices/Voices-0312.wav,train
datasec:DATASEC/Voices/Voices-0313.wav,datasec:DATASEC/Voices/Voices-0313.wav,train
datasec:DATASEC/Voices/Voices-0314.wav,datasec:DATASEC/Voices/Voices-0314.wav,train
datasec:DATASEC/Voices/Voices-0315.wav,datasec:DATASEC/Voices/Voices-0315.wav,train
datasec:DATASEC/Voices/Voices-0316.wav,datasec:DATASEC/Voices/Voices-0316.wav,train
datasec:DATASEC/Voices/Voices-0317.wav,datasec:DATASEC/Voices/Voices-0317.wav,train
datasec:DATASEC/Voices/Voices-0318.wav,datasec:DATASEC/Voices/Voices-0318.wav,train
datasec:DATASEC/Voices/Voices-0319.wav,datasec:DATASEC/Voices/Voices-0319.wav,train
datasec:DATASEC/Voices/Voices-0320.wav,datasec:DATASEC/Voices/Voices-0320.wav,train
datasec:DATASEC/Voices/Voices-0321.wav,datasec:DATASEC/Voices/Voices-0321.wav,validation
datasec:DATASEC/Voices/Voices-0322.wav,datasec:DATASEC/Voices/Voices-0322.wav,train
datasec:DATASEC/Voices/Voices-0323.wav,datasec:DATASEC/Voices/Voices-0323.wav,validation
datasec:DATASEC/Voices/Voices-0324.wav,datasec:DATASEC/Voices/Voices-0324.wav,train
datasec:DATASEC/Voices/Voices-0325.wav,datasec:DATASEC/Voices/Voices-0325.wav,test
datasec:DATASEC/Voices/Voices-0326.wav,datasec:DATASEC/Voices/Voices-0326.wav,train
datasec:DATASEC/Voices/Voices-0327.wav,datasec:DATASEC/Voices/Voices-0327.wav,train
datasec:DATASEC/Voices/Voices-0328.wav,datasec:DATASEC/Voices/Voices-0328.wav,train
datasec:DATASEC/Voices/Voices-0329.wav,datasec:DATASEC/Voices/Voices-0329.wav,test
datasec:DATASEC/Voices/Voices-0330.wav,datasec:DATASEC/Voices/Voices-0330.wav,test
datasec:DATASEC/Voices/Voices-0331.wav,datasec:DATASEC/Voices/Voices-0331.wav,train
datasec:DATASEC/Voices/Voices-0332.wav,datasec:DATASEC/Voices/Voices-0332.wav,validation
datasec:DATASEC/Voices/Voices-0333.wav,datasec:DATASEC/Voices/Voices-0333.wav,train
datasec:DATASEC/Voices/Voices-0334.wav,datasec:DATASEC/Voices/Voices-0334.wav,validation
datasec:DATASEC/Voices/Voices-0335.wav,datasec:DATASEC/Voices/Voices-0335.wav,train
datasec:DATASEC/Voices/Voices-0336.wav,datasec:DATASEC/Voices/Voices-0336.wav,train
datasec:DATASEC/Voices/Voices-0337.wav,datasec:DATASEC/Voices/Voices-0337.wav,train
datasec:DATASEC/Voices/Voices-0338.wav,datasec:DATASEC/Voices/Voices-0338.wav,validation
datasec:DATASEC/Voices/Voices-0339.wav,datasec:DATASEC/Voices/Voices-0339.wav,train
datasec:DATASEC/Voices/Voices-0340.wav,datasec:DATASEC/Voices/Voices-0340.wav,test
datasec:DATASEC/Voices/Voices-0341.wav,datasec:DATASEC/Voices/Voices-0341.wav,train
datasec:DATASEC/Voices/Voices-0342.wav,datasec:DATASEC/Voices/Voices-0342.wav,train
datasec:DATASEC/Voices/Voices-0343.wav,datasec:DATASEC/Voices/Voices-0343.wav,train
datasec:DATASEC/Voices/Voices-0344.wav,datasec:DATASEC/Voices/Voices-0344.wav,train
datasec:DATASEC/Voices/Voices-0345.wav,datasec:DATASEC/Voices/Voices-0345.wav,train
datasec:DATASEC/Voices/Voices-0346.wav,datasec:DATASEC/Voices/Voices-0346.wav,train
datasec:DATASEC/Voices/Voices-0347.wav,datasec:DATASEC/Voices/Voices-0347.wav,validation
datasec:DATASEC/Voices/Voices-0348.wav,datasec:DATASEC/Voices/Voices-0348.wav,test
datasec:DATASEC/Voices/Voices-0349.wav,datasec:DATASEC/Voices/Voices-0349.wav,train
datasec:DATASEC/Voices/Voices-0350.wav,datasec:DATASEC/Voices/Voices-0350.wav,train
datasec:DATASEC/Voices/Voices-0351.wav,datasec:DATASEC/Voices/Voices-0351.wav,train
datasec:DATASEC/Voices/Voices-0352.wav,datasec:DATASEC/Voices/Voices-0352.wav,train
datasec:DATASEC/Voices/Voices-0353.wav,datasec:DATASEC/Voices/Voices-0353.wav,validation
datasec:DATASEC/Voices/Voices-0354.wav,datasec:DATASEC/Voices/Voices-0354.wav,train
datasec:DATASEC/Voices/Voices-0355.wav,datasec:DATASEC/Voices/Voices-0355.wav,train
datasec:DATASEC/Voices/Voices-0356.wav,datasec:DATASEC/Voices/Voices-0356.wav,test
datasec:DATASEC/Voices/Voices-0357.wav,datasec:DATASEC/Voices/Voices-0357.wav,train
datasec:DATASEC/Voices/Voices-0358.wav,datasec:DATASEC/Voices/Voices-0358.wav,train
datasec:DATASEC/Voices/Voices-0359.wav,datasec:DATASEC/Voices/Voices-0359.wav,train
datasec:DATASEC/Voices/Voices-0360.wav,datasec:DATASEC/Voices/Voices-0360.wav,train
datasec:DATASEC/Voices/Voices-0361.wav,datasec:DATASEC/Voices/Voices-0361.wav,train
datasec:DATASEC/Voices/Voices-0362.wav,datasec:DATASEC/Voices/Voices-0362.wav,train
datasec:DATASEC/Voices/Voices-0363.wav,datasec:DATASEC/Voices/Voices-0363.wav,train
datasec:DATASEC/Voices/Voices-0364.wav,datasec:DATASEC/Voices/Voices-0364.wav,train
datasec:DATASEC/Voices/Voices-0365.wav,datasec:DATASEC/Voices/Voices-0365.wav,train
datasec:DATASEC/Voices/Voices-0366.wav,datasec:DATASEC/Voices/Voices-0366.wav,train
datasec:DATASEC/Voices/Voices-0367.wav,datasec:DATASEC/Voices/Voices-0367.wav,test
datasec:DATASEC/Voices/Voices-0368.wav,datasec:DATASEC/Voices/Voices-0368.wav,train
datasec:DATASEC/Voices/Voices-0369.wav,datasec:DATASEC/Voices/Voices-0369.wav,train
datasec:DATASEC/Voices/Voices-0370.wav,datasec:DATASEC/Voices/Voices-0370.wav,train
datasec:DATASEC/Voices/Voices-0371.wav,datasec:DATASEC/Voices/Voices-0371.wav,train
datasec:DATASEC/Voices/Voices-0372.wav,datasec:DATASEC/Voices/Voices-0372.wav,validation
datasec:DATASEC/Voices/Voices-0373.wav,datasec:DATASEC/Voices/Voices-0373.wav,train
datasec:DATASEC/Voices/Voices-0374.wav,datasec:DATASEC/Voices/Voices-0374.wav,train
datasec:DATASEC/Voices/Voices-0375.wav,datasec:DATASEC/Voices/Voices-0375.wav,validation
datasec:DATASEC/Voices/Voices-0376.wav,datasec:DATASEC/Voices/Voices-0376.wav,train
datasec:DATASEC/Voices/Voices-0377.wav,datasec:DATASEC/Voices/Voices-0377.wav,train
datasec:DATASEC/Voices/Voices-0378.wav,datasec:DATASEC/Voices/Voices-0378.wav,train
datasec:DATASEC/Voices/Voices-0379.wav,datasec:DATASEC/Voices/Voices-0379.wav,test
datasec:DATASEC/Voices/Voices-0380.wav,datasec:DATASEC/Voices/Voices-0380.wav,train
datasec:DATASEC/Voices/Voices-0381.wav,datasec:DATASEC/Voices/Voices-0381.wav,test
datasec:DATASEC/Voices/Voices-0382.wav,datasec:DATASEC/Voices/Voices-0382.wav,train
datasec:DATASEC/Voices/Voices-0383.wav,datasec:DATASEC/Voices/Voices-0383.wav,train
datasec:DATASEC/Voices/Voices-0384.wav,datasec:DATASEC/Voices/Voices-0384.wav,train
datasec:DATASEC/Voices/Voices-0385.wav,datasec:DATASEC/Voices/Voices-0385.wav,test
datasec:DATASEC/Voices/Voices-0386.wav,datasec:DATASEC/Voices/Voices-0386.wav,train
datasec:DATASEC/Voices/Voices-0387.wav,datasec:DATASEC/Voices/Voices-0387.wav,train
datasec:DATASEC/Voices/Voices-0388.wav,datasec:DATASEC/Voices/Voices-0388.wav,train
datasec:DATASEC/Voices/Voices-0389.wav,datasec:DATASEC/Voices/Voices-0389.wav,validation
datasec:DATASEC/Voices/Voices-0390.wav,datasec:DATASEC/Voices/Voices-0390.wav,train
datasec:DATASEC/Voices/Voices-0391.wav,datasec:DATASEC/Voices/Voices-0391.wav,train
datasec:DATASEC/Voices/Voices-0392.wav,datasec:DATASEC/Voices/Voices-0392.wav,train
datasec:DATASEC/Voices/Voices-0393.wav,datasec:DATASEC/Voices/Voices-0393.wav,validation
datasec:DATASEC/Voices/Voices-0394.wav,datasec:DATASEC/Voices/Voices-0394.wav,train
datasec:DATASEC/Voices/Voices-0395.wav,datasec:DATASEC/Voices/Voices-0395.wav,train
datasec:DATASEC/Voices/Voices-0396.wav,datasec:DATASEC/Voices/Voices-0396.wav,train
datasec:DATASEC/Voices/Voices-0397.wav,datasec:DATASEC/Voices/Voices-0397.wav,train
datasec:DATASEC/Voices/Voices-0398.wav,datasec:DATASEC/Voices/Voices-0398.wav,train
datasec:DATASEC/Voices/Voices-0399.wav,datasec:DATASEC/Voices/Voices-0399.wav,validation
datasec:DATASEC/Voices/Voices-0400.wav,datasec:DATASEC/Voices/Voices-0400.wav,test
datasec:DATASEC/Voices/Voices-0401.wav,datasec:DATASEC/Voices/Voices-0401.wav,train
datasec:DATASEC/Voices/Voices-0402.wav,datasec:DATASEC/Voices/Voices-0402.wav,train
datasec:DATASEC/Voices/Voices-0403.wav,datasec:DATASEC/Voices/Voices-0403.wav,train
datasec:DATASEC/Voices/Voices-0404.wav,datasec:DATASEC/Voices/Voices-0404.wav,train
datasec:DATASEC/Voices/Voices-0405.wav,datasec:DATASEC/Voices/Voices-0405.wav,train
datasec:DATASEC/Voices/Voices-0406.wav,datasec:DATASEC/Voices/Voices-0406.wav,train
datasec:DATASEC/Voices/Voices-0407.wav,datasec:DATASEC/Voices/Voices-0407.wav,validation
datasec:DATASEC/Voices/Voices-0408.wav,datasec:DATASEC/Voices/Voices-0408.wav,train
datasec:DATASEC/Voices/Voices-0409.wav,datasec:DATASEC/Voices/Voices-0409.wav,train
datasec:DATASEC/Voices/Voices-0410.wav,datasec:DATASEC/Voices/Voices-0410.wav,train
datasec:DATASEC/Voices/Voices-0411.wav,datasec:DATASEC/Voices/Voices-0411.wav,train
datasec:DATASEC/Voices/Voices-0412.wav,datasec:DATASEC/Voices/Voices-0412.wav,train
datasec:DATASEC/Voices/Voices-0413.wav,datasec:DATASEC/Voices/Voices-0413.wav,train
datasec:DATASEC/Voices/Voices-0414.wav,datasec:DATASEC/Voices/Voices-0414.wav,train
datasec:DATASEC/Voices/Voices-0415.wav,datasec:DATASEC/Voices/Voices-0415.wav,train
datasec:DATASEC/Voices/Voices-0416.wav,datasec:DATASEC/Voices/Voices-0416.wav,train
datasec:DATASEC/Voices/Voices-0417.wav,datasec:DATASEC/Voices/Voices-0417.wav,train
datasec:DATASEC/Voices/Voices-0418.wav,datasec:DATASEC/Voices/Voices-0418.wav,train
datasec:DATASEC/Voices/Voices-0419.wav,datasec:DATASEC/Voices/Voices-0419.wav,validation
datasec:DATASEC/Voices/Voices-0420.wav,datasec:DATASEC/Voices/Voices-0420.wav,train
datasec:DATASEC/Voices/Voices-0421.wav,datasec:DATASEC/Voices/Voices-0421.wav,train
datasec:DATASEC/Voices/Voices-0422.wav,datasec:DATASEC/Voices/Voices-0422.wav,validation
datasec:DATASEC/Voices/Voices-0423.wav,datasec:DATASEC/Voices/Voices-0423.wav,train
datasec:DATASEC/Voices/Voices-0424.wav,datasec:DATASEC/Voices/Voices-0424.wav,train
datasec:DATASEC/Voices/Voices-0425.wav,datasec:DATASEC/Voices/Voices-0425.wav,train
datasec:DATASEC/Voices/Voices-0426.wav,datasec:DATASEC/Voices/Voices-0426.wav,train
datasec:DATASEC/Voices/Voices-0427.wav,datasec:DATASEC/Voices/Voices-0427.wav,validation
datasec:DATASEC/Voices/Voices-0428.wav,datasec:DATASEC/Voices/Voices-0428.wav,train
datasec:DATASEC/Voices/Voices-0429.wav,datasec:DATASEC/Voices/Voices-0429.wav,test
datasec:DATASEC/Voices/Voices-0430.wav,datasec:DATASEC/Voices/Voices-0430.wav,train
datasec:DATASEC/Voices/Voices-0431.wav,datasec:DATASEC/Voices/Voices-0431.wav,train
datasec:DATASEC/Voices/Voices-0432.wav,datasec:DATASEC/Voices/Voices-0432.wav,validation
datasec:DATASEC/Voices/Voices-0433.wav,datasec:DATASEC/Voices/Voices-0433.wav,validation
datasec:DATASEC/Voices/Voices-0434.wav,datasec:DATASEC/Voices/Voices-0434.wav,train
datasec:DATASEC/Voices/Voices-0435.wav,datasec:DATASEC/Voices/Voices-0435.wav,train
datasec:DATASEC/Voices/Voices-0436.wav,datasec:DATASEC/Voices/Voices-0436.wav,train
datasec:DATASEC/Voices/Voices-0437.wav,datasec:DATASEC/Voices/Voices-0437.wav,train
datasec:DATASEC/Voices/Voices-0438.wav,datasec:DATASEC/Voices/Voices-0438.wav,train
datasec:DATASEC/Voices/Voices-0439.wav,datasec:DATASEC/Voices/Voices-0439.wav,train
datasec:DATASEC/Voices/Voices-0440.wav,datasec:DATASEC/Voices/Voices-0440.wav,test
datasec:DATASEC/Voices/Voices-0441.wav,datasec:DATASEC/Voices/Voices-0441.wav,validation
datasec:DATASEC/Voices/Voices-0442.wav,datasec:DATASEC/Voices/Voices-0442.wav,train
datasec:DATASEC/Voices/Voices-0443.wav,datasec:DATASEC/Voices/Voices-0443.wav,validation
datasec:DATASEC/Voices/Voices-0444.wav,datasec:DATASEC/Voices/Voices-0444.wav,train
datasec:DATASEC/Voices/Voices-0445.wav,datasec:DATASEC/Voices/Voices-0445.wav,train
datasec:DATASEC/Voices/Voices-0446.wav,datasec:DATASEC/Voices/Voices-0446.wav,train
datasec:DATASEC/Voices/Voices-0447.wav,datasec:DATASEC/Voices/Voices-0447.wav,train
datasec:DATASEC/Voices/Voices-0448.wav,datasec:DATASEC/Voices/Voices-0448.wav,train
datasec:DATASEC/Voices/Voices-0449.wav,datasec:DATASEC/Voices/Voices-0449.wav,train
datasec:DATASEC/Voices/Voices-0450.wav,datasec:DATASEC/Voices/Voices-0450.wav,train
datasec:DATASEC/Voices/Voices-0451.wav,datasec:DATASEC/Voices/Voices-0451.wav,train
datasec:DATASEC/Voices/Voices-0452.wav,datasec:DATASEC/Voices/Voices-0452.wav,train
datasec:DATASEC/Voices/Voices-0453.wav,datasec:DATASEC/Voices/Voices-0453.wav,test
datasec:DATASEC/Voices/Voices-0454.wav,datasec:DATASEC/Voices/Voices-0454.wav,train
datasec:DATASEC/Voices/Voices-0455.wav,datasec:DATASEC/Voices/Voices-0455.wav,train
datasec:DATASEC/Voices/Voices-0456.wav,datasec:DATASEC/Voices/Voices-0456.wav,train
datasec:DATASEC/Voices/Voices-0457.wav,datasec:DATASEC/Voices/Voices-0457.wav,train
datasec:DATASEC/Voices/Voices-0458.wav,datasec:DATASEC/Voices/Voices-0458.wav,train
datasec:DATASEC/Voices/Voices-0459.wav,datasec:DATASEC/Voices/Voices-0459.wav,train
datasec:DATASEC/Voices/Voices-0460.wav,datasec:DATASEC/Voices/Voices-0460.wav,validation
datasec:DATASEC/Voices/Voices-0461.wav,datasec:DATASEC/Voices/Voices-0461.wav,test
datasec:DATASEC/Voices/Voices-0462.wav,datasec:DATASEC/Voices/Voices-0462.wav,test
datasec:DATASEC/Voices/Voices-0463.wav,datasec:DATASEC/Voices/Voices-0463.wav,test
datasec:DATASEC/Voices/Voices-0464.wav,datasec:DATASEC/Voices/Voices-0464.wav,train
datasec:DATASEC/Voices/Voices-0465.wav,datasec:DATASEC/Voices/Voices-0465.wav,train
datasec:DATASEC/Voices/Voices-0466.wav,datasec:DATASEC/Voices/Voices-0466.wav,validation
datasec:DATASEC/Voices/Voices-0467.wav,datasec:DATASEC/Voices/Voices-0467.wav,test
datasec:DATASEC/Voices/Voices-0468.wav,datasec:DATASEC/Voices/Voices-0468.wav,train
datasec:DATASEC/Voices/Voices-0469.wav,datasec:DATASEC/Voices/Voices-0469.wav,train
datasec:DATASEC/Voices/Voices-0470.wav,datasec:DATASEC/Voices/Voices-0470.wav,train
datasec:DATASEC/Voices/Voices-0471.wav,datasec:DATASEC/Voices/Voices-0471.wav,train
datasec:DATASEC/Voices/Voices-0472.wav,datasec:DATASEC/Voices/Voices-0472.wav,test
datasec:DATASEC/Voices/Voices-0473.wav,datasec:DATASEC/Voices/Voices-0473.wav,train
datasec:DATASEC/Voices/Voices-0474.wav,datasec:DATASEC/Voices/Voices-0474.wav,train
datasec:DATASEC/Voices/Voices-0475.wav,datasec:DATASEC/Voices/Voices-0475.wav,train
datasec:DATASEC/Voices/Voices-0476.wav,datasec:DATASEC/Voices/Voices-0476.wav,train
datasec:DATASEC/Voices/Voices-0477.wav,datasec:DATASEC/Voices/Voices-0477.wav,train
datasec:DATASEC/Voices/Voices-0478.wav,datasec:DATASEC/Voices/Voices-0478.wav,train
datasec:DATASEC/Voices/Voices-0479.wav,datasec:DATASEC/Voices/Voices-0479.wav,train
datasec:DATASEC/Voices/Voices-0480.wav,datasec:DATASEC/Voices/Voices-0480.wav,train
datasec:DATASEC/Voices/Voices-0481.wav,datasec:DATASEC/Voices/Voices-0481.wav,train
datasec:DATASEC/Voices/Voices-0482.wav,datasec:DATASEC/Voices/Voices-0482.wav,validation
datasec:DATASEC/Voices/Voices-0483.wav,datasec:DATASEC/Voices/Voices-0483.wav,train
datasec:DATASEC/Voices/Voices-0484.wav,datasec:DATASEC/Voices/Voices-0484.wav,validation
datasec:DATASEC/Voices/Voices-0485.wav,datasec:DATASEC/Voices/Voices-0485.wav,train
datasec:DATASEC/Voices/Voices-0486.wav,datasec:DATASEC/Voices/Voices-0486.wav,train
datasec:DATASEC/Voices/Voices-0487.wav,datasec:DATASEC/Voices/Voices-0487.wav,train
datasec:DATASEC/Voices/Voices-0488.wav,datasec:DATASEC/Voices/Voices-0488.wav,train
datasec:DATASEC/Voices/Voices-0489.wav,datasec:DATASEC/Voices/Voices-0489.wav,train
datasec:DATASEC/Voices/Voices-0490.wav,datasec:DATASEC/Voices/Voices-0490.wav,train
datasec:DATASEC/Voices/Voices-0491.wav,datasec:DATASEC/Voices/Voices-0491.wav,train
datasec:DATASEC/Voices/Voices-0492.wav,datasec:DATASEC/Voices/Voices-0492.wav,test
datasec:DATASEC/Voices/Voices-0493.wav,datasec:DATASEC/Voices/Voices-0493.wav,train
datasec:DATASEC/Voices/Voices-0494.wav,datasec:DATASEC/Voices/Voices-0494.wav,train
datasec:DATASEC/Voices/Voices-0495.wav,datasec:DATASEC/Voices/Voices-0495.wav,train
datasec:DATASEC/Voices/Voices-0496.wav,datasec:DATASEC/Voices/Voices-0496.wav,test
datasec:DATASEC/Voices/Voices-0497.wav,datasec:DATASEC/Voices/Voices-0497.wav,train
datasec:DATASEC/Voices/Voices-0498.wav,datasec:DATASEC/Voices/Voices-0498.wav,train
datasec:DATASEC/Voices/Voices-0499.wav,datasec:DATASEC/Voices/Voices-0499.wav,validation
datasec:DATASEC/Voices/Voices-0500.wav,datasec:DATASEC/Voices/Voices-0500.wav,train
datasec:DATASEC/Voices/Voices-0501.wav,datasec:DATASEC/Voices/Voices-0501.wav,test
datasec:DATASEC/Voices/Voices-0502.wav,datasec:DATASEC/Voices/Voices-0502.wav,train
datasec:DATASEC/Voices/Voices-0503.wav,datasec:DATASEC/Voices/Voices-0503.wav,train
datasec:DATASEC/Voices/Voices-0504.wav,datasec:DATASEC/Voices/Voices-0504.wav,train
datasec:DATASEC/Voices/Voices-0505.wav,datasec:DATASEC/Voices/Voices-0505.wav,train
datasec:DATASEC/Voices/Voices-0506.wav,datasec:DATASEC/Voices/Voices-0506.wav,train
datasec:DATASEC/Voices/Voices-0507.wav,datasec:DATASEC/Voices/Voices-0507.wav,test
datasec:DATASEC/Voices/Voices-0508.wav,datasec:DATASEC/Voices/Voices-0508.wav,validation
datasec:DATASEC/Voices/Voices-0509.wav,datasec:DATASEC/Voices/Voices-0509.wav,train
datasec:DATASEC/Voices/Voices-0510.wav,datasec:DATASEC/Voices/Voices-0510.wav,train
datasec:DATASEC/Voices/Voices-0511.wav,datasec:DATASEC/Voices/Voices-0511.wav,train
datasec:DATASEC/Voices/Voices-0512.wav,datasec:DATASEC/Voices/Voices-0512.wav,test
datasec:DATASEC/Voices/Voices-0513.wav,datasec:DATASEC/Voices/Voices-0513.wav,train
datasec:DATASEC/Voices/Voices-0514.wav,datasec:DATASEC/Voices/Voices-0514.wav,train
datasec:DATASEC/Voices/Voices-0515.wav,datasec:DATASEC/Voices/Voices-0515.wav,train
datasec:DATASEC/Voices/Voices-0516.wav,datasec:DATASEC/Voices/Voices-0516.wav,train
datasec:DATASEC/Voices/Voices-0517.wav,datasec:DATASEC/Voices/Voices-0517.wav,validation
datasec:DATASEC/Voices/Voices-0518.wav,datasec:DATASEC/Voices/Voices-0518.wav,train
datasec:DATASEC/Voices/Voices-0519.wav,datasec:DATASEC/Voices/Voices-0519.wav,test
datasec:DATASEC/Voices/Voices-0520.wav,datasec:DATASEC/Voices/Voices-0520.wav,test
datasec:DATASEC/Voices/Voices-0521.wav,datasec:DATASEC/Voices/Voices-0521.wav,test
datasec:DATASEC/Voices/Voices-0522.wav,datasec:DATASEC/Voices/Voices-0522.wav,test
datasec:DATASEC/Voices/Voices-0523.wav,datasec:DATASEC/Voices/Voices-0523.wav,train
datasec:DATASEC/Voices/Voices-0524.wav,datasec:DATASEC/Voices/Voices-0524.wav,test
datasec:DATASEC/Voices/Voices-0525.wav,datasec:DATASEC/Voices/Voices-0525.wav,train
datasec:DATASEC/Voices/Voices-0526.wav,datasec:DATASEC/Voices/Voices-0526.wav,train
datasec:DATASEC/Voices/Voices-0527.wav,datasec:DATASEC/Voices/Voices-0527.wav,train
datasec:DATASEC/Voices/Voices-0528.wav,datasec:DATASEC/Voices/Voices-0528.wav,train
datasec:DATASEC/Voices/Voices-0529.wav,datasec:DATASEC/Voices/Voices-0529.wav,train
datasec:DATASEC/Voices/Voices-0530.wav,datasec:DATASEC/Voices/Voices-0530.wav,validation
datasec:DATASEC/Voices/Voices-0531.wav,datasec:DATASEC/Voices/Voices-0531.wav,validation
datasec:DATASEC/Voices/Voices-0532.wav,datasec:DATASEC/Voices/Voices-0532.wav,train
datasec:DATASEC/Voices/Voices-0533.wav,datasec:DATASEC/Voices/Voices-0533.wav,validation
datasec:DATASEC/Voices/Voices-0534.wav,datasec:DATASEC/Voices/Voices-0534.wav,train
datasec:DATASEC/Voices/Voices-0535.wav,datasec:DATASEC/Voices/Voices-0535.wav,train
datasec:DATASEC/Voices/Voices-0536.wav,datasec:DATASEC/Voices/Voices-0536.wav,train
datasec:DATASEC/Voices/Voices-0537.wav,datasec:DATASEC/Voices/Voices-0537.wav,test
datasec:DATASEC/Voices/Voices-0538.wav,datasec:DATASEC/Voices/Voices-0538.wav,train
datasec:DATASEC/Voices/Voices-0539.wav,datasec:DATASEC/Voices/Voices-0539.wav,train
datasec:DATASEC/Voices/Voices-0540.wav,datasec:DATASEC/Voices/Voices-0540.wav,train
datasec:DATASEC/Voices/Voices-0541.wav,datasec:DATASEC/Voices/Voices-0541.wav,train
datasec:DATASEC/Voices/Voices-0542.wav,datasec:DATASEC/Voices/Voices-0542.wav,test
datasec:DATASEC/Voices/Voices-0543.wav,datasec:DATASEC/Voices/Voices-0543.wav,train
datasec:DATASEC/Voices/Voices-0544.wav,datasec:DATASEC/Voices/Voices-0544.wav,train
datasec:DATASEC/Voices/Voices-0545.wav,datasec:DATASEC/Voices/Voices-0545.wav,train
datasec:DATASEC/Voices/Voices-0546.wav,datasec:DATASEC/Voices/Voices-0546.wav,validation
datasec:DATASEC/Voices/Voices-0547.wav,datasec:DATASEC/Voices/Voices-0547.wav,train
datasec:DATASEC/Voices/Voices-0548.wav,datasec:DATASEC/Voices/Voices-0548.wav,train
datasec:DATASEC/Voices/Voices-0549.wav,datasec:DATASEC/Voices/Voices-0549.wav,train
datasec:DATASEC/Voices/Voices-0550.wav,datasec:DATASEC/Voices/Voices-0550.wav,train
datasec:DATASEC/Voices/Voices-0551.wav,datasec:DATASEC/Voices/Voices-0551.wav,test
datasec:DATASEC/Voices/Voices-0552.wav,datasec:DATASEC/Voices/Voices-0552.wav,train
datasec:DATASEC/Voices/Voices-0553.wav,datasec:DATASEC/Voices/Voices-0553.wav,train
datasec:DATASEC/Voices/Voices-0554.wav,datasec:DATASEC/Voices/Voices-0554.wav,validation
datasec:DATASEC/Voices/Voices-0555.wav,datasec:DATASEC/Voices/Voices-0555.wav,train
datasec:DATASEC/Voices/Voices-0556.wav,datasec:DATASEC/Voices/Voices-0556.wav,test
datasec:DATASEC/Voices/Voices-0557.wav,datasec:DATASEC/Voices/Voices-0557.wav,train
datasec:DATASEC/Voices/Voices-0558.wav,datasec:DATASEC/Voices/Voices-0558.wav,train
datasec:DATASEC/Voices/Voices-0559.wav,datasec:DATASEC/Voices/Voices-0559.wav,train
datasec:DATASEC/Voices/Voices-0560.wav,datasec:DATASEC/Voices/Voices-0560.wav,train
datasec:DATASEC/Voices/Voices-0561.wav,datasec:DATASEC/Voices/Voices-0561.wav,test
datasec:DATASEC/Voices/Voices-0562.wav,datasec:DATASEC/Voices/Voices-0562.wav,train
datasec:DATASEC/Voices/Voices-0563.wav,datasec:DATASEC/Voices/Voices-0563.wav,train
datasec:DATASEC/Voices/Voices-0564.wav,datasec:DATASEC/Voices/Voices-0564.wav,train
datasec:DATASEC/Voices/Voices-0565.wav,datasec:DATASEC/Voices/Voices-0565.wav,test
datasec:DATASEC/Voices/Voices-0566.wav,datasec:DATASEC/Voices/Voices-0566.wav,train
datasec:DATASEC/Voices/Voices-0567.wav,datasec:DATASEC/Voices/Voices-0567.wav,test
datasec:DATASEC/Voices/Voices-0568.wav,datasec:DATASEC/Voices/Voices-0568.wav,train
datasec:DATASEC/Voices/Voices-0569.wav,datasec:DATASEC/Voices/Voices-0569.wav,train
datasec:DATASEC/Voices/Voices-0570.wav,datasec:DATASEC/Voices/Voices-0570.wav,test
datasec:DATASEC/Voices/Voices-0571.wav,datasec:DATASEC/Voices/Voices-0571.wav,test
datasec:DATASEC/Voices/Voices-0572.wav,datasec:DATASEC/Voices/Voices-0572.wav,train
datasec:DATASEC/Voices/Voices-0573.wav,datasec:DATASEC/Voices/Voices-0573.wav,train
datasec:DATASEC/Voices/Voices-0574.wav,datasec:DATASEC/Voices/Voices-0574.wav,train
datasec:DATASEC/Voices/Voices-0575.wav,datasec:DATASEC/Voices/Voices-0575.wav,train
datasec:DATASEC/Voices/Voices-0576.wav,datasec:DATASEC/Voices/Voices-0576.wav,train
datasec:DATASEC/Voices/Voices-0577.wav,datasec:DATASEC/Voices/Voices-0577.wav,test
datasec:DATASEC/Voices/Voices-0578.wav,datasec:DATASEC/Voices/Voices-0578.wav,train
datasec:DATASEC/Voices/Voices-0579.wav,datasec:DATASEC/Voices/Voices-0579.wav,train
datasec:DATASEC/Voices/Voices-0580.wav,datasec:DATASEC/Voices/Voices-0580.wav,train
datasec:DATASEC/Voices/Voices-0581.wav,datasec:DATASEC/Voices/Voices-0581.wav,test
datasec:DATASEC/Voices/Voices-0582.wav,datasec:DATASEC/Voices/Voices-0582.wav,train
datasec:DATASEC/Voices/Voices-0583.wav,datasec:DATASEC/Voices/Voices-0583.wav,train
datasec:DATASEC/Voices/Voices-0584.wav,datasec:DATASEC/Voices/Voices-0584.wav,train
datasec:DATASEC/Voices/Voices-0585.wav,datasec:DATASEC/Voices/Voices-0585.wav,train
datasec:DATASEC/Voices/Voices-0586.wav,datasec:DATASEC/Voices/Voices-0586.wav,validation
datasec:DATASEC/Voices/Voices-0587.wav,datasec:DATASEC/Voices/Voices-0587.wav,train
datasec:DATASEC/Voices/Voices-0588.wav,datasec:DATASEC/Voices/Voices-0588.wav,train
datasec:DATASEC/Voices/Voices-0589.wav,datasec:DATASEC/Voices/Voices-0589.wav,train
datasec:DATASEC/Voices/Voices-0590.wav,datasec:DATASEC/Voices/Voices-0590.wav,validation
datasec:DATASEC/Voices/Voices-0591.wav,datasec:DATASEC/Voices/Voices-0591.wav,test
datasec:DATASEC/Voices/Voices-0592.wav,datasec:DATASEC/Voices/Voices-0592.wav,train
datasec:DATASEC/Voices/Voices-0593.wav,datasec:DATASEC/Voices/Voices-0593.wav,train
datasec:DATASEC/Voices/Voices-0594.wav,datasec:DATASEC/Voices/Voices-0594.wav,train
datasec:DATASEC/Voices/Voices-0595.wav,datasec:DATASEC/Voices/Voices-0595.wav,train
datasec:DATASEC/Voices/Voices-0596.wav,datasec:DATASEC/Voices/Voices-0596.wav,train
datasec:DATASEC/Voices/Voices-0597.wav,datasec:DATASEC/Voices/Voices-0597.wav,train
datasec:DATASEC/Voices/Voices-0598.wav,datasec:DATASEC/Voices/Voices-0598.wav,train
datasec:DATASEC/Voices/Voices-0599.wav,datasec:DATASEC/Voices/Voices-0599.wav,train
datasec:DATASEC/Voices/Voices-0600.wav,datasec:DATASEC/Voices/Voices-0600.wav,train
datasec:DATASEC/Voices/Voices-0601.wav,datasec:DATASEC/Voices/Voices-0601.wav,validation
datasec:DATASEC/Voices/Voices-0602.wav,datasec:DATASEC/Voices/Voices-0602.wav,validation
datasec:DATASEC/Voices/Voices-0603.wav,datasec:DATASEC/Voices/Voices-0603.wav,train
datasec:DATASEC/Voices/Voices-0604.wav,datasec:DATASEC/Voices/Voices-0604.wav,test
datasec:DATASEC/Voices/Voices-0605.wav,datasec:DATASEC/Voices/Voices-0605.wav,train
datasec:DATASEC/Voices/Voices-0606.wav,datasec:DATASEC/Voices/Voices-0606.wav,train
datasec:DATASEC/Voices/Voices-0607.wav,datasec:DATASEC/Voices/Voices-0607.wav,train
datasec:DATASEC/Voices/Voices-0608.wav,datasec:DATASEC/Voices/Voices-0608.wav,train
datasec:DATASEC/Voices/Voices-0609.wav,datasec:DATASEC/Voices/Voices-0609.wav,train
datasec:DATASEC/Voices/Voices-0610.wav,datasec:DATASEC/Voices/Voices-0610.wav,train
datasec:DATASEC/Voices/Voices-0611.wav,datasec:DATASEC/Voices/Voices-0611.wav,train
datasec:DATASEC/Voices/Voices-0612.wav,datasec:DATASEC/Voices/Voices-0612.wav,test
datasec:DATASEC/Voices/Voices-0613.wav,datasec:DATASEC/Voices/Voices-0613.wav,train
datasec:DATASEC/Voices/Voices-0614.wav,datasec:DATASEC/Voices/Voices-0614.wav,train
datasec:DATASEC/Voices/Voices-0615.wav,datasec:DATASEC/Voices/Voices-0615.wav,train
datasec:DATASEC/Voices/Voices-0616.wav,datasec:DATASEC/Voices/Voices-0616.wav,train
datasec:DATASEC/Voices/Voices-0617.wav,datasec:DATASEC/Voices/Voices-0617.wav,train
datasec:DATASEC/Voices/Voices-0618.wav,datasec:DATASEC/Voices/Voices-0618.wav,train
datasec:DATASEC/Voices/Voices-0619.wav,datasec:DATASEC/Voices/Voices-0619.wav,train
datasec:DATASEC/Voices/Voices-0620.wav,datasec:DATASEC/Voices/Voices-0620.wav,train
datasec:DATASEC/Voices/Voices-0621.wav,datasec:DATASEC/Voices/Voices-0621.wav,train
datasec:DATASEC/Voices/Voices-0622.wav,datasec:DATASEC/Voices/Voices-0622.wav,validation
datasec:DATASEC/Voices/Voices-0623.wav,datasec:DATASEC/Voices/Voices-0623.wav,train
datasec:DATASEC/Voices/Voices-0624.wav,datasec:DATASEC/Voices/Voices-0624.wav,test
datasec:DATASEC/Voices/Voices-0625.wav,datasec:DATASEC/Voices/Voices-0625.wav,validation
datasec:DATASEC/Voices/Voices-0626.wav,datasec:DATASEC/Voices/Voices-0626.wav,train
datasec:DATASEC/Voices/Voices-0627.wav,datasec:DATASEC/Voices/Voices-0627.wav,train
datasec:DATASEC/Voices/Voices-0628.wav,datasec:DATASEC/Voices/Voices-0628.wav,test
datasec:DATASEC/Voices/Voices-0629.wav,datasec:DATASEC/Voices/Voices-0629.wav,train
datasec:DATASEC/Voices/Voices-0630.wav,datasec:DATASEC/Voices/Voices-0630.wav,train
datasec:DATASEC/Voices/Voices-0631.wav,datasec:DATASEC/Voices/Voices-0631.wav,train
datasec:DATASEC/Voices/Voices-0632.wav,datasec:DATASEC/Voices/Voices-0632.wav,train
datasec:DATASEC/Voices/Voices-0633.wav,datasec:DATASEC/Voices/Voices-0633.wav,test
datasec:DATASEC/Voices/Voices-0634.wav,datasec:DATASEC/Voices/Voices-0634.wav,train
datasec:DATASEC/Voices/Voices-0635.wav,datasec:DATASEC/Voices/Voices-0635.wav,train
datasec:DATASEC/Voices/Voices-0636.wav,datasec:DATASEC/Voices/Voices-0636.wav,train
datasec:DATASEC/Voices/Voices-0637.wav,datasec:DATASEC/Voices/Voices-0637.wav,test
datasec:DATASEC/Voices/Voices-0638.wav,datasec:DATASEC/Voices/Voices-0638.wav,train
datasec:DATASEC/Voices/Voices-0639.wav,datasec:DATASEC/Voices/Voices-0639.wav,train
datasec:DATASEC/Voices/Voices-0640.wav,datasec:DATASEC/Voices/Voices-0640.wav,train
datasec:DATASEC/Voices/Voices-0641.wav,datasec:DATASEC/Voices/Voices-0641.wav,test
datasec:DATASEC/Voices/Voices-0642.wav,datasec:DATASEC/Voices/Voices-0642.wav,train
datasec:DATASEC/Voices/Voices-0643.wav,datasec:DATASEC/Voices/Voices-0643.wav,test
datasec:DATASEC/Voices/Voices-0644.wav,datasec:DATASEC/Voices/Voices-0644.wav,test
datasec:DATASEC/Voices/Voices-0645.wav,datasec:DATASEC/Voices/Voices-0645.wav,train
datasec:DATASEC/Voices/Voices-0646.wav,datasec:DATASEC/Voices/Voices-0646.wav,train
datasec:DATASEC/Voices/Voices-0647.wav,datasec:DATASEC/Voices/Voices-0647.wav,train
datasec:DATASEC/Voices/Voices-0648.wav,datasec:DATASEC/Voices/Voices-0648.wav,train
datasec:DATASEC/Voices/Voices-0649.wav,datasec:DATASEC/Voices/Voices-0649.wav,train
datasec:DATASEC/Voices/Voices-0650.wav,datasec:DATASEC/Voices/Voices-0650.wav,train
datasec:DATASEC/Voices/Voices-0651.wav,datasec:DATASEC/Voices/Voices-0651.wav,train
datasec:DATASEC/Voices/Voices-0652.wav,datasec:DATASEC/Voices/Voices-0652.wav,test
datasec:DATASEC/Voices/Voices-0653.wav,datasec:DATASEC/Voices/Voices-0653.wav,train
datasec:DATASEC/Voices/Voices-0654.wav,datasec:DATASEC/Voices/Voices-0654.wav,train
datasec:DATASEC/Voices/Voices-0655.wav,datasec:DATASEC/Voices/Voices-0655.wav,validation
datasec:DATASEC/Voices/Voices-0656.wav,datasec:DATASEC/Voices/Voices-0656.wav,train
datasec:DATASEC/Voices/Voices-0657.wav,datasec:DATASEC/Voices/Voices-0657.wav,train
datasec:DATASEC/Voices/Voices-0658.wav,datasec:DATASEC/Voices/Voices-0658.wav,validation
datasec:DATASEC/Voices/Voices-0659.wav,datasec:DATASEC/Voices/Voices-0659.wav,train
datasec:DATASEC/Voices/Voices-0660.wav,datasec:DATASEC/Voices/Voices-0660.wav,train
datasec:DATASEC/Voices/Voices-0661.wav,datasec:DATASEC/Voices/Voices-0661.wav,train
datasec:DATASEC/Voices/Voices-0662.wav,datasec:DATASEC/Voices/Voices-0662.wav,train
datasec:DATASEC/Voices/Voices-0663.wav,datasec:DATASEC/Voices/Voices-0663.wav,train
datasec:DATASEC/Voices/Voices-0664.wav,datasec:DATASEC/Voices/Voices-0664.wav,train
datasec:DATASEC/Voices/Voices-0665.wav,datasec:DATASEC/Voices/Voices-0665.wav,train
datasec:DATASEC/Voices/Voices-0666.wav,datasec:DATASEC/Voices/Voices-0666.wav,train
datasec:DATASEC/Voices/Voices-0667.wav,datasec:DATASEC/Voices/Voices-0667.wav,train
datasec:DATASEC/Voices/Voices-0668.wav,datasec:DATASEC/Voices/Voices-0668.wav,train
datasec:DATASEC/Voices/Voices-0669.wav,datasec:DATASEC/Voices/Voices-0669.wav,test
datasec:DATASEC/Voices/Voices-0670.wav,datasec:DATASEC/Voices/Voices-0670.wav,train
datasec:DATASEC/Voices/Voices-0671.wav,datasec:DATASEC/Voices/Voices-0671.wav,train
datasec:DATASEC/Voices/Voices-0672.wav,datasec:DATASEC/Voices/Voices-0672.wav,validation
datasec:DATASEC/Voices/Voices-0673.wav,datasec:DATASEC/Voices/Voices-0673.wav,train
datasec:DATASEC/Voices/Voices-0674.wav,datasec:DATASEC/Voices/Voices-0674.wav,train
datasec:DATASEC/Voices/Voices-0675.wav,datasec:DATASEC/Voices/Voices-0675.wav,train
datasec:DATASEC/Voices/Voices-0676.wav,datasec:DATASEC/Voices/Voices-0676.wav,train
datasec:DATASEC/Voices/Voices-0677.wav,datasec:DATASEC/Voices/Voices-0677.wav,test
datasec:DATASEC/Voices/Voices-0678.wav,datasec:DATASEC/Voices/Voices-0678.wav,train
datasec:DATASEC/Voices/Voices-0679.wav,datasec:DATASEC/Voices/Voices-0679.wav,validation
datasec:DATASEC/Voices/Voices-0680.wav,datasec:DATASEC/Voices/Voices-0680.wav,test
datasec:DATASEC/Voices/Voices-0681.wav,datasec:DATASEC/Voices/Voices-0681.wav,train
datasec:DATASEC/Voices/Voices-0682.wav,datasec:DATASEC/Voices/Voices-0682.wav,train
datasec:DATASEC/Voices/Voices-0683.wav,datasec:DATASEC/Voices/Voices-0683.wav,train
datasec:DATASEC/Voices/Voices-0684.wav,datasec:DATASEC/Voices/Voices-0684.wav,train
datasec:DATASEC/Voices/Voices-0685.wav,datasec:DATASEC/Voices/Voices-0685.wav,train
datasec:DATASEC/Voices/Voices-0686.wav,datasec:DATASEC/Voices/Voices-0686.wav,test
datasec:DATASEC/Voices/Voices-0687.wav,datasec:DATASEC/Voices/Voices-0687.wav,train
datasec:DATASEC/Voices/Voices-0688.wav,datasec:DATASEC/Voices/Voices-0688.wav,validation
datasec:DATASEC/Voices/Voices-0689.wav,datasec:DATASEC/Voices/Voices-0689.wav,test
datasec:DATASEC/Voices/Voices-0690.wav,datasec:DATASEC/Voices/Voices-0690.wav,validation
datasec:DATASEC/Voices/Voices-0691.wav,datasec:DATASEC/Voices/Voices-0691.wav,train
datasec:DATASEC/Voices/Voices-0692.wav,datasec:DATASEC/Voices/Voices-0692.wav,train
datasec:DATASEC/Voices/Voices-0693.wav,datasec:DATASEC/Voices/Voices-0693.wav,train
datasec:DATASEC/Voices/Voices-0694.wav,datasec:DATASEC/Voices/Voices-0694.wav,train
datasec:DATASEC/Voices/Voices-0695.wav,datasec:DATASEC/Voices/Voices-0695.wav,train
datasec:DATASEC/Voices/Voices-0696.wav,datasec:DATASEC/Voices/Voices-0696.wav,validation
datasec:DATASEC/Voices/Voices-0697.wav,datasec:DATASEC/Voices/Voices-0697.wav,train
datasec:DATASEC/Voices/Voices-0698.wav,datasec:DATASEC/Voices/Voices-0698.wav,train
datasec:DATASEC/Voices/Voices-0699.wav,datasec:DATASEC/Voices/Voices-0699.wav,train
datasec:DATASEC/Voices/Voices-0700.wav,datasec:DATASEC/Voices/Voices-0700.wav,train
datasec:DATASEC/Voices/Voices-0701.wav,datasec:DATASEC/Voices/Voices-0701.wav,train
datasec:DATASEC/Voices/Voices-0702.wav,datasec:DATASEC/Voices/Voices-0702.wav,validation
datasec:DATASEC/Voices/Voices-0703.wav,datasec:DATASEC/Voices/Voices-0703.wav,test
datasec:DATASEC/Voices/Voices-0704.wav,datasec:DATASEC/Voices/Voices-0704.wav,train
datasec:DATASEC/Voices/Voices-0705.wav,datasec:DATASEC/Voices/Voices-0705.wav,validation
datasec:DATASEC/Voices/Voices-0706.wav,datasec:DATASEC/Voices/Voices-0706.wav,test
datasec:DATASEC/Voices/Voices-0707.wav,datasec:DATASEC/Voices/Voices-0707.wav,train
datasec:DATASEC/Voices/Voices-0708.wav,datasec:DATASEC/Voices/Voices-0708.wav,validation
datasec:DATASEC/Voices/Voices-0709.wav,datasec:DATASEC/Voices/Voices-0709.wav,validation
datasec:DATASEC/Voices/Voices-0710.wav,datasec:DATASEC/Voices/Voices-0710.wav,validation
datasec:DATASEC/Voices/Voices-0711.wav,datasec:DATASEC/Voices/Voices-0711.wav,test
datasec:DATASEC/Voices/Voices-0712.wav,datasec:DATASEC/Voices/Voices-0712.wav,test
datasec:DATASEC/Voices/Voices-0713.wav,datasec:DATASEC/Voices/Voices-0713.wav,train
datasec:DATASEC/Voices/Voices-0714.wav,datasec:DATASEC/Voices/Voices-0714.wav,train
datasec:DATASEC/Voices/Voices-0715.wav,datasec:DATASEC/Voices/Voices-0715.wav,train
datasec:DATASEC/Voices/Voices-0716.wav,datasec:DATASEC/Voices/Voices-0716.wav,train
datasec:DATASEC/Voices/Voices-0717.wav,datasec:DATASEC/Voices/Voices-0717.wav,train
datasec:DATASEC/Voices/Voices-0718.wav,datasec:DATASEC/Voices/Voices-0718.wav,train
datasec:DATASEC/Voices/Voices-0719.wav,datasec:DATASEC/Voices/Voices-0719.wav,train
datasec:DATASEC/Voices/Voices-0720.wav,datasec:DATASEC/Voices/Voices-0720.wav,test
datasec:DATASEC/Voices/Voices-0721.wav,datasec:DATASEC/Voices/Voices-0721.wav,train
datasec:DATASEC/Voices/Voices-0722.wav,datasec:DATASEC/Voices/Voices-0722.wav,train
datasec:DATASEC/Voices/Voices-0723.wav,datasec:DATASEC/Voices/Voices-0723.wav,test
datasec:DATASEC/Voices/Voices-0724.wav,datasec:DATASEC/Voices/Voices-0724.wav,train
datasec:DATASEC/Voices/Voices-0725.wav,datasec:DATASEC/Voices/Voices-0725.wav,train
datasec:DATASEC/Voices/Voices-0726.wav,datasec:DATASEC/Voices/Voices-0726.wav,train
datasec:DATASEC/Voices/Voices-0727.wav,datasec:DATASEC/Voices/Voices-0727.wav,train
datasec:DATASEC/Voices/Voices-0728.wav,datasec:DATASEC/Voices/Voices-0728.wav,train
datasec:DATASEC/Voices/Voices-0729.wav,datasec:DATASEC/Voices/Voices-0729.wav,train
datasec:DATASEC/Voices/Voices-0730.wav,datasec:DATASEC/Voices/Voices-0730.wav,train
datasec:DATASEC/Voices/Voices-0731.wav,datasec:DATASEC/Voices/Voices-0731.wav,train
datasec:DATASEC/Voices/Voices-0732.wav,datasec:DATASEC/Voices/Voices-0732.wav,validation
datasec:DATASEC/Voices/Voices-0733.wav,datasec:DATASEC/Voices/Voices-0733.wav,train
datasec:DATASEC/Voices/Voices-0734.wav,datasec:DATASEC/Voices/Voices-0734.wav,train
datasec:DATASEC/Voices/Voices-0735.wav,datasec:DATASEC/Voices/Voices-0735.wav,test
datasec:DATASEC/Voices/Voices-0736.wav,datasec:DATASEC/Voices/Voices-0736.wav,train
datasec:DATASEC/Voices/Voices-0737.wav,datasec:DATASEC/Voices/Voices-0737.wav,train
datasec:DATASEC/Voices/Voices-0738.wav,datasec:DATASEC/Voices/Voices-0738.wav,test
datasec:DATASEC/Voices/Voices-0739.wav,datasec:DATASEC/Voices/Voices-0739.wav,train
datasec:DATASEC/Voices/Voices-0740.wav,datasec:DATASEC/Voices/Voices-0740.wav,train
datasec:DATASEC/Voices/Voices-0741.wav,datasec:DATASEC/Voices/Voices-0741.wav,train
datasec:DATASEC/Voices/Voices-0742.wav,datasec:DATASEC/Voices/Voices-0742.wav,validation
datasec:DATASEC/Voices/Voices-0743.wav,datasec:DATASEC/Voices/Voices-0743.wav,train
datasec:DATASEC/Voices/Voices-0744.wav,datasec:DATASEC/Voices/Voices-0744.wav,validation
datasec:DATASEC/Voices/Voices-0745.wav,datasec:DATASEC/Voices/Voices-0745.wav,train
datasec:DATASEC/Voices/Voices-0746.wav,datasec:DATASEC/Voices/Voices-0746.wav,train
datasec:DATASEC/Voices/Voices-0747.wav,datasec:DATASEC/Voices/Voices-0747.wav,train
datasec:DATASEC/Voices/Voices-0748.wav,datasec:DATASEC/Voices/Voices-0748.wav,train
datasec:DATASEC/Voices/Voices-0749.wav,datasec:DATASEC/Voices/Voices-0749.wav,train
datasec:DATASEC/Voices/Voices-0750.wav,datasec:DATASEC/Voices/Voices-0750.wav,train
datasec:DATASEC/Voices/Voices-0751.wav,datasec:DATASEC/Voices/Voices-0751.wav,validation
datasec:DATASEC/Voices/Voices-0752.wav,datasec:DATASEC/Voices/Voices-0752.wav,test
datasec:DATASEC/Voices/Voices-0753.wav,datasec:DATASEC/Voices/Voices-0753.wav,train
datasec:DATASEC/Voices/Voices-0754.wav,datasec:DATASEC/Voices/Voices-0754.wav,train
datasec:DATASEC/Voices/Voices-0755.wav,datasec:DATASEC/Voices/Voices-0755.wav,train
datasec:DATASEC/Voices/Voices-0756.wav,datasec:DATASEC/Voices/Voices-0756.wav,validation
datasec:DATASEC/Voices/Voices-0757.wav,datasec:DATASEC/Voices/Voices-0757.wav,train
datasec:DATASEC/Voices/Voices-0758.wav,datasec:DATASEC/Voices/Voices-0758.wav,train
datasec:DATASEC/Voices/Voices-0759.wav,datasec:DATASEC/Voices/Voices-0759.wav,train
datasec:DATASEC/Voices/Voices-0760.wav,datasec:DATASEC/Voices/Voices-0760.wav,test
datasec:DATASEC/Voices/Voices-0761.wav,datasec:DATASEC/Voices/Voices-0761.wav,train
datasec:DATASEC/Voices/Voices-0762.wav,datasec:DATASEC/Voices/Voices-0762.wav,train
datasec:DATASEC/Voices/Voices-0763.wav,datasec:DATASEC/Voices/Voices-0763.wav,train
datasec:DATASEC/Voices/Voices-0764.wav,datasec:DATASEC/Voices/Voices-0764.wav,train
datasec:DATASEC/Voices/Voices-0765.wav,datasec:DATASEC/Voices/Voices-0765.wav,train
datasec:DATASEC/Voices/Voices-0766.wav,datasec:DATASEC/Voices/Voices-0766.wav,train
datasec:DATASEC/Voices/Voices-0767.wav,datasec:DATASEC/Voices/Voices-0767.wav,train
datasec:DATASEC/Voices/Voices-0768.wav,datasec:DATASEC/Voices/Voices-0768.wav,train
datasec:DATASEC/Voices/Voices-0769.wav,datasec:DATASEC/Voices/Voices-0769.wav,train
datasec:DATASEC/Voices/Voices-0770.wav,datasec:DATASEC/Voices/Voices-0770.wav,train
datasec:DATASEC/Voices/Voices-0771.wav,datasec:DATASEC/Voices/Voices-0771.wav,train
datasec:DATASEC/Voices/Voices-0772.wav,datasec:DATASEC/Voices/Voices-0772.wav,train
datasec:DATASEC/Voices/Voices-0773.wav,datasec:DATASEC/Voices/Voices-0773.wav,validation
datasec:DATASEC/Voices/Voices-0774.wav,datasec:DATASEC/Voices/Voices-0774.wav,train
datasec:DATASEC/Voices/Voices-0775.wav,datasec:DATASEC/Voices/Voices-0775.wav,train
datasec:DATASEC/Voices/Voices-0776.wav,datasec:DATASEC/Voices/Voices-0776.wav,train
datasec:DATASEC/Voices/Voices-0777.wav,datasec:DATASEC/Voices/Voices-0777.wav,train
datasec:DATASEC/Voices/Voices-0778.wav,datasec:DATASEC/Voices/Voices-0778.wav,train
datasec:DATASEC/Voices/Voices-0779.wav,datasec:DATASEC/Voices/Voices-0779.wav,train
datasec:DATASEC/Voices/Voices-0780.wav,datasec:DATASEC/Voices/Voices-0780.wav,train
datasec:DATASEC/Voices/Voices-0781.wav,datasec:DATASEC/Voices/Voices-0781.wav,test
datasec:DATASEC/Voices/Voices-0782.wav,datasec:DATASEC/Voices/Voices-0782.wav,test
datasec:DATASEC/Voices/Voices-0783.wav,datasec:DATASEC/Voices/Voices-0783.wav,train
datasec:DATASEC/Voices/Voices-0784.wav,datasec:DATASEC/Voices/Voices-0784.wav,validation
datasec:DATASEC/Voices/Voices-0785.wav,datasec:DATASEC/Voices/Voices-0785.wav,train
datasec:DATASEC/Voices/Voices-0786.wav,datasec:DATASEC/Voices/Voices-0786.wav,train
datasec:DATASEC/Voices/Voices-0787.wav,datasec:DATASEC/Voices/Voices-0787.wav,train
datasec:DATASEC/Voices/Voices-0788.wav,datasec:DATASEC/Voices/Voices-0788.wav,validation
datasec:DATASEC/Voices/Voices-0789.wav,datasec:DATASEC/Voices/Voices-0789.wav,test
datasec:DATASEC/Voices/Voices-0790.wav,datasec:DATASEC/Voices/Voices-0790.wav,train
datasec:DATASEC/Voices/Voices-0791.wav,datasec:DATASEC/Voices/Voices-0791.wav,train
datasec:DATASEC/Voices/Voices-0792.wav,datasec:DATASEC/Voices/Voices-0792.wav,train
datasec:DATASEC/Voices/Voices-0793.wav,datasec:DATASEC/Voices/Voices-0793.wav,train
datasec:DATASEC/Voices/Voices-0794.wav,datasec:DATASEC/Voices/Voices-0794.wav,test
datasec:DATASEC/Voices/Voices-0795.wav,datasec:DATASEC/Voices/Voices-0795.wav,train
datasec:DATASEC/Voices/Voices-0796.wav,datasec:DATASEC/Voices/Voices-0796.wav,validation
datasec:DATASEC/Voices/Voices-0797.wav,datasec:DATASEC/Voices/Voices-0797.wav,train
datasec:DATASEC/Voices/Voices-0798.wav,datasec:DATASEC/Voices/Voices-0798.wav,train
datasec:DATASEC/Voices/Voices-0799.wav,datasec:DATASEC/Voices/Voices-0799.wav,train
datasec:DATASEC/Voices/Voices-0800.wav,datasec:DATASEC/Voices/Voices-0800.wav,validation
datasec:DATASEC/Voices/Voices-0801.wav,datasec:DATASEC/Voices/Voices-0801.wav,train
datasec:DATASEC/Voices/Voices-0802.wav,datasec:DATASEC/Voices/Voices-0802.wav,train
datasec:DATASEC/Voices/Voices-0803.wav,datasec:DATASEC/Voices/Voices-0803.wav,train
datasec:DATASEC/Voices/Voices-0804.wav,datasec:DATASEC/Voices/Voices-0804.wav,validation
datasec:DATASEC/Voices/Voices-0805.wav,datasec:DATASEC/Voices/Voices-0805.wav,validation
datasec:DATASEC/Voices/Voices-0806.wav,datasec:DATASEC/Voices/Voices-0806.wav,train
datasec:DATASEC/Voices/Voices-0807.wav,datasec:DATASEC/Voices/Voices-0807.wav,train
datasec:DATASEC/Voices/Voices-0808.wav,datasec:DATASEC/Voices/Voices-0808.wav,train
datasec:DATASEC/Voices/Voices-0809.wav,datasec:DATASEC/Voices/Voices-0809.wav,train
datasec:DATASEC/Voices/Voices-0810.wav,datasec:DATASEC/Voices/Voices-0810.wav,validation
datasec:DATASEC/Voices/Voices-0811.wav,datasec:DATASEC/Voices/Voices-0811.wav,train
datasec:DATASEC/Voices/Voices-0812.wav,datasec:DATASEC/Voices/Voices-0812.wav,validation
datasec:DATASEC/Voices/Voices-0813.wav,datasec:DATASEC/Voices/Voices-0813.wav,train
datasec:DATASEC/Voices/Voices-0814.wav,datasec:DATASEC/Voices/Voices-0814.wav,test
datasec:DATASEC/Voices/Voices-0815.wav,datasec:DATASEC/Voices/Voices-0815.wav,test
datasec:DATASEC/Voices/Voices-0816.wav,datasec:DATASEC/Voices/Voices-0816.wav,train
datasec:DATASEC/Voices/Voices-0817.wav,datasec:DATASEC/Voices/Voices-0817.wav,train
datasec:DATASEC/Voices/Voices-0818.wav,datasec:DATASEC/Voices/Voices-0818.wav,train
datasec:DATASEC/Voices/Voices-0819.wav,datasec:DATASEC/Voices/Voices-0819.wav,validation
datasec:DATASEC/Voices/Voices-0820.wav,datasec:DATASEC/Voices/Voices-0820.wav,test
datasec:DATASEC/Voices/Voices-0821.wav,datasec:DATASEC/Voices/Voices-0821.wav,validation
datasec:DATASEC/Voices/Voices-0822.wav,datasec:DATASEC/Voices/Voices-0822.wav,test
datasec:DATASEC/Voices/Voices-0823.wav,datasec:DATASEC/Voices/Voices-0823.wav,train
datasec:DATASEC/Voices/Voices-0824.wav,datasec:DATASEC/Voices/Voices-0824.wav,test
datasec:DATASEC/Voices/Voices-0825.wav,datasec:DATASEC/Voices/Voices-0825.wav,validation
datasec:DATASEC/Voices/Voices-0826.wav,datasec:DATASEC/Voices/Voices-0826.wav,train
datasec:DATASEC/Voices/Voices-0827.wav,datasec:DATASEC/Voices/Voices-0827.wav,train
datasec:DATASEC/Voices/Voices-0828.wav,datasec:DATASEC/Voices/Voices-0828.wav,train
datasec:DATASEC/Voices/Voices-0829.wav,datasec:DATASEC/Voices/Voices-0829.wav,train
datasec:DATASEC/Voices/Voices-0830.wav,datasec:DATASEC/Voices/Voices-0830.wav,train
datasec:DATASEC/Voices/Voices-0831.wav,datasec:DATASEC/Voices/Voices-0831.wav,train
datasec:DATASEC/Voices/Voices-0832.wav,datasec:DATASEC/Voices/Voices-0832.wav,train
datasec:DATASEC/Voices/Voices-0833.wav,datasec:DATASEC/Voices/Voices-0833.wav,train
datasec:DATASEC/Voices/Voices-0834.wav,datasec:DATASEC/Voices/Voices-0834.wav,validation
datasec:DATASEC/Voices/Voices-0835.wav,datasec:DATASEC/Voices/Voices-0835.wav,train
datasec:DATASEC/Voices/Voices-0836.wav,datasec:DATASEC/Voices/Voices-0836.wav,train
datasec:DATASEC/Voices/Voices-0837.wav,datasec:DATASEC/Voices/Voices-0837.wav,train
datasec:DATASEC/Voices/Voices-0838.wav,datasec:DATASEC/Voices/Voices-0838.wav,train
datasec:DATASEC/Voices/Voices-0839.wav,datasec:DATASEC/Voices/Voices-0839.wav,train
datasec:DATASEC/Voices/Voices-0840.wav,datasec:DATASEC/Voices/Voices-0840.wav,train
datasec:DATASEC/Voices/Voices-0841.wav,datasec:DATASEC/Voices/Voices-0841.wav,test
datasec:DATASEC/Voices/Voices-0842.wav,datasec:DATASEC/Voices/Voices-0842.wav,train
datasec:DATASEC/Voices/Voices-0843.wav,datasec:DATASEC/Voices/Voices-0843.wav,train
datasec:DATASEC/Voices/Voices-0844.wav,datasec:DATASEC/Voices/Voices-0844.wav,train
datasec:DATASEC/Voices/Voices-0845.wav,datasec:DATASEC/Voices/Voices-0845.wav,train
datasec:DATASEC/Voices/Voices-0846.wav,datasec:DATASEC/Voices/Voices-0846.wav,train
datasec:DATASEC/Voices/Voices-0847.wav,datasec:DATASEC/Voices/Voices-0847.wav,test
datasec:DATASEC/Voices/Voices-0848.wav,datasec:DATASEC/Voices/Voices-0848.wav,train
datasec:DATASEC/Voices/Voices-0849.wav,datasec:DATASEC/Voices/Voices-0849.wav,train
datasec:DATASEC/Voices/Voices-0850.wav,datasec:DATASEC/Voices/Voices-0850.wav,train
datasec:DATASEC/Voices/Voices-0851.wav,datasec:DATASEC/Voices/Voices-0851.wav,train
datasec:DATASEC/Voices/Voices-0852.wav,datasec:DATASEC/Voices/Voices-0852.wav,train
datasec:DATASEC/Voices/Voices-0853.wav,datasec:DATASEC/Voices/Voices-0853.wav,train
datasec:DATASEC/Voices/Voices-0854.wav,datasec:DATASEC/Voices/Voices-0854.wav,validation
datasec:DATASEC/Voices/Voices-0855.wav,datasec:DATASEC/Voices/Voices-0855.wav,train
datasec:DATASEC/Voices/Voices-0856.wav,datasec:DATASEC/Voices/Voices-0856.wav,train
datasec:DATASEC/Voices/Voices-0857.wav,datasec:DATASEC/Voices/Voices-0857.wav,train
datasec:DATASEC/Voices/Voices-0858.wav,datasec:DATASEC/Voices/Voices-0858.wav,train
datasec:DATASEC/Voices/Voices-0859.wav,datasec:DATASEC/Voices/Voices-0859.wav,train
datasec:DATASEC/Voices/Voices-0860.wav,datasec:DATASEC/Voices/Voices-0860.wav,train
datasec:DATASEC/Voices/Voices-0861.wav,datasec:DATASEC/Voices/Voices-0861.wav,validation
datasec:DATASEC/Voices/Voices-0862.wav,datasec:DATASEC/Voices/Voices-0862.wav,train
datasec:DATASEC/Voices/Voices-0863.wav,datasec:DATASEC/Voices/Voices-0863.wav,test
datasec:DATASEC/Voices/Voices-0864.wav,datasec:DATASEC/Voices/Voices-0864.wav,train
datasec:DATASEC/Voices/Voices-0865.wav,datasec:DATASEC/Voices/Voices-0865.wav,train
datasec:DATASEC/Voices/Voices-0866.wav,datasec:DATASEC/Voices/Voices-0866.wav,validation
datasec:DATASEC/Voices/Voices-0867.wav,datasec:DATASEC/Voices/Voices-0867.wav,validation
datasec:DATASEC/Voices/Voices-0868.wav,datasec:DATASEC/Voices/Voices-0868.wav,train
datasec:DATASEC/Voices/Voices-0869.wav,datasec:DATASEC/Voices/Voices-0869.wav,train
datasec:DATASEC/Voices/Voices-0870.wav,datasec:DATASEC/Voices/Voices-0870.wav,test
datasec:DATASEC/Voices/Voices-0871.wav,datasec:DATASEC/Voices/Voices-0871.wav,train
datasec:DATASEC/Voices/Voices-0872.wav,datasec:DATASEC/Voices/Voices-0872.wav,test
datasec:DATASEC/Voices/Voices-0873.wav,datasec:DATASEC/Voices/Voices-0873.wav,train
datasec:DATASEC/Voices/Voices-0874.wav,datasec:DATASEC/Voices/Voices-0874.wav,train
datasec:DATASEC/Voices/Voices-0875.wav,datasec:DATASEC/Voices/Voices-0875.wav,train
datasec:DATASEC/Voices/Voices-0876.wav,datasec:DATASEC/Voices/Voices-0876.wav,train
datasec:DATASEC/Voices/Voices-0877.wav,datasec:DATASEC/Voices/Voices-0877.wav,validation
datasec:DATASEC/Voices/Voices-0878.wav,datasec:DATASEC/Voices/Voices-0878.wav,train
datasec:DATASEC/Voices/Voices-0879.wav,datasec:DATASEC/Voices/Voices-0879.wav,train
datasec:DATASEC/Voices/Voices-0880.wav,datasec:DATASEC/Voices/Voices-0880.wav,train
datasec:DATASEC/Voices/Voices-0881.wav,datasec:DATASEC/Voices/Voices-0881.wav,test
datasec:DATASEC/Voices/Voices-0882.wav,datasec:DATASEC/Voices/Voices-0882.wav,test
datasec:DATASEC/Voices/Voices-0883.wav,datasec:DATASEC/Voices/Voices-0883.wav,test
datasec:DATASEC/Voices/Voices-0884.wav,datasec:DATASEC/Voices/Voices-0884.wav,train
datasec:DATASEC/Voices/Voices-0885.wav,datasec:DATASEC/Voices/Voices-0885.wav,test
datasec:DATASEC/Voices/Voices-0886.wav,datasec:DATASEC/Voices/Voices-0886.wav,train
datasec:DATASEC/Voices/Voices-0887.wav,datasec:DATASEC/Voices/Voices-0887.wav,train
datasec:DATASEC/Voices/Voices-0888.wav,datasec:DATASEC/Voices/Voices-0888.wav,validation
datasec:DATASEC/Voices/Voices-0889.wav,datasec:DATASEC/Voices/Voices-0889.wav,train
datasec:DATASEC/Voices/Voices-0890.wav,datasec:DATASEC/Voices/Voices-0890.wav,train
datasec:DATASEC/Voices/Voices-0891.wav,datasec:DATASEC/Voices/Voices-0891.wav,train
datasec:DATASEC/Voices/Voices-0892.wav,datasec:DATASEC/Voices/Voices-0892.wav,train
datasec:DATASEC/Voices/Voices-0893.wav,datasec:DATASEC/Voices/Voices-0893.wav,train
datasec:DATASEC/Voices/Voices-0894.wav,datasec:DATASEC/Voices/Voices-0894.wav,test
datasec:DATASEC/Voices/Voices-0895.wav,datasec:DATASEC/Voices/Voices-0895.wav,train
datasec:DATASEC/Voices/Voices-0896.wav,datasec:DATASEC/Voices/Voices-0896.wav,train
datasec:DATASEC/Voices/Voices-0897.wav,datasec:DATASEC/Voices/Voices-0897.wav,train
datasec:DATASEC/Voices/Voices-0898.wav,datasec:DATASEC/Voices/Voices-0898.wav,validation
datasec:DATASEC/Voices/Voices-0899.wav,datasec:DATASEC/Voices/Voices-0899.wav,test
datasec:DATASEC/Voices/Voices-0900.wav,datasec:DATASEC/Voices/Voices-0900.wav,train
datasec:DATASEC/Voices/Voices-0901.wav,datasec:DATASEC/Voices/Voices-0901.wav,train
datasec:DATASEC/Voices/Voices-0902.wav,datasec:DATASEC/Voices/Voices-0902.wav,train
datasec:DATASEC/Voices/Voices-0903.wav,datasec:DATASEC/Voices/Voices-0903.wav,test
datasec:DATASEC/Voices/Voices-0904.wav,datasec:DATASEC/Voices/Voices-0904.wav,train
datasec:DATASEC/Voices/Voices-0905.wav,datasec:DATASEC/Voices/Voices-0905.wav,train
datasec:DATASEC/Voices/Voices-0906.wav,datasec:DATASEC/Voices/Voices-0906.wav,test
datasec:DATASEC/Voices/Voices-0907.wav,datasec:DATASEC/Voices/Voices-0907.wav,train
datasec:DATASEC/Voices/Voices-0908.wav,datasec:DATASEC/Voices/Voices-0908.wav,validation
datasec:DATASEC/Voices/Voices-0909.wav,datasec:DATASEC/Voices/Voices-0909.wav,train
datasec:DATASEC/Voices/Voices-0910.wav,datasec:DATASEC/Voices/Voices-0910.wav,train
datasec:DATASEC/Voices/Voices-0911.wav,datasec:DATASEC/Voices/Voices-0911.wav,train
datasec:DATASEC/Voices/Voices-0912.wav,datasec:DATASEC/Voices/Voices-0912.wav,train
datasec:DATASEC/Voices/Voices-0913.wav,datasec:DATASEC/Voices/Voices-0913.wav,test
datasec:DATASEC/Voices/Voices-0914.wav,datasec:DATASEC/Voices/Voices-0914.wav,train
datasec:DATASEC/Voices/Voices-0915.wav,datasec:DATASEC/Voices/Voices-0915.wav,train
datasec:DATASEC/Voices/Voices-0916.wav,datasec:DATASEC/Voices/Voices-0916.wav,test
datasec:DATASEC/Voices/Voices-0917.wav,datasec:DATASEC/Voices/Voices-0917.wav,test
datasec:DATASEC/Voices/Voices-0918.wav,datasec:DATASEC/Voices/Voices-0918.wav,train
datasec:DATASEC/Voices/Voices-0919.wav,datasec:DATASEC/Voices/Voices-0919.wav,train
datasec:DATASEC/Voices/Voices-0920.wav,datasec:DATASEC/Voices/Voices-0920.wav,test
datasec:DATASEC/Voices/Voices-0921.wav,datasec:DATASEC/Voices/Voices-0921.wav,train
datasec:DATASEC/Voices/Voices-0922.wav,datasec:DATASEC/Voices/Voices-0922.wav,train
datasec:DATASEC/Voices/Voices-0923.wav,datasec:DATASEC/Voices/Voices-0923.wav,train
datasec:DATASEC/Voices/Voices-0924.wav,datasec:DATASEC/Voices/Voices-0924.wav,test
datasec:DATASEC/Voices/Voices-0925.wav,datasec:DATASEC/Voices/Voices-0925.wav,train
datasec:DATASEC/Voices/Voices-0926.wav,datasec:DATASEC/Voices/Voices-0926.wav,validation
datasec:DATASEC/Voices/Voices-0927.wav,datasec:DATASEC/Voices/Voices-0927.wav,train
datasec:DATASEC/Voices/Voices-0928.wav,datasec:DATASEC/Voices/Voices-0928.wav,validation
datasec:DATASEC/Voices/Voices-0929.wav,datasec:DATASEC/Voices/Voices-0929.wav,train
datasec:DATASEC/Voices/Voices-0930.wav,datasec:DATASEC/Voices/Voices-0930.wav,train
datasec:DATASEC/Voices/Voices-0931.wav,datasec:DATASEC/Voices/Voices-0931.wav,train
datasec:DATASEC/Voices/Voices-0932.wav,datasec:DATASEC/Voices/Voices-0932.wav,validation
datasec:DATASEC/Voices/Voices-0933.wav,datasec:DATASEC/Voices/Voices-0933.wav,train
datasec:DATASEC/Voices/Voices-0934.wav,datasec:DATASEC/Voices/Voices-0934.wav,train
datasec:DATASEC/Voices/Voices-0935.wav,datasec:DATASEC/Voices/Voices-0935.wav,train
datasec:DATASEC/Voices/Voices-0936.wav,datasec:DATASEC/Voices/Voices-0936.wav,test
datasec:DATASEC/Voices/Voices-0937.wav,datasec:DATASEC/Voices/Voices-0937.wav,validation
datasec:DATASEC/Voices/Voices-0938.wav,datasec:DATASEC/Voices/Voices-0938.wav,train
datasec:DATASEC/Voices/Voices-0939.wav,datasec:DATASEC/Voices/Voices-0939.wav,train
datasec:DATASEC/Voices/Voices-0940.wav,datasec:DATASEC/Voices/Voices-0940.wav,train
datasec:DATASEC/Voices/Voices-0941.wav,datasec:DATASEC/Voices/Voices-0941.wav,test
datasec:DATASEC/Voices/Voices-0942.wav,datasec:DATASEC/Voices/Voices-0942.wav,train
datasec:DATASEC/Voices/Voices-0943.wav,datasec:DATASEC/Voices/Voices-0943.wav,train
datasec:DATASEC/Voices/Voices-0944.wav,datasec:DATASEC/Voices/Voices-0944.wav,train
datasec:DATASEC/Voices/Voices-0945.wav,datasec:DATASEC/Voices/Voices-0945.wav,train
datasec:DATASEC/Voices/Voices-0946.wav,datasec:DATASEC/Voices/Voices-0946.wav,train
datasec:DATASEC/Voices/Voices-0947.wav,datasec:DATASEC/Voices/Voices-0947.wav,test
datasec:DATASEC/Voices/Voices-0948.wav,datasec:DATASEC/Voices/Voices-0948.wav,train
datasec:DATASEC/Voices/Voices-0949.wav,datasec:DATASEC/Voices/Voices-0949.wav,train
datasec:DATASEC/Voices/Voices-0950.wav,datasec:DATASEC/Voices/Voices-0950.wav,validation
datasec:DATASEC/Voices/Voices-0951.wav,datasec:DATASEC/Voices/Voices-0951.wav,validation
datasec:DATASEC/Voices/Voices-0952.wav,datasec:DATASEC/Voices/Voices-0952.wav,train
datasec:DATASEC/Voices/Voices-0953.wav,datasec:DATASEC/Voices/Voices-0953.wav,train
datasec:DATASEC/Voices/Voices-0954.wav,datasec:DATASEC/Voices/Voices-0954.wav,validation
datasec:DATASEC/Voices/Voices-0955.wav,datasec:DATASEC/Voices/Voices-0955.wav,train
datasec:DATASEC/Voices/Voices-0956.wav,datasec:DATASEC/Voices/Voices-0956.wav,validation
datasec:DATASEC/Voices/Voices-0957.wav,datasec:DATASEC/Voices/Voices-0957.wav,train
datasec:DATASEC/Voices/Voices-0958.wav,datasec:DATASEC/Voices/Voices-0958.wav,train
datasec:DATASEC/Voices/Voices-0959.wav,datasec:DATASEC/Voices/Voices-0959.wav,test
datasec:DATASEC/Voices/Voices-0960.wav,datasec:DATASEC/Voices/Voices-0960.wav,train
datasec:DATASEC/Voices/Voices-0961.wav,datasec:DATASEC/Voices/Voices-0961.wav,train
datasec:DATASEC/Voices/Voices-0962.wav,datasec:DATASEC/Voices/Voices-0962.wav,train
datasec:DATASEC/Voices/Voices-0963.wav,datasec:DATASEC/Voices/Voices-0963.wav,train
datasec:DATASEC/Voices/Voices-0964.wav,datasec:DATASEC/Voices/Voices-0964.wav,test
datasec:DATASEC/Voices/Voices-0965.wav,datasec:DATASEC/Voices/Voices-0965.wav,train
datasec:DATASEC/Voices/Voices-0966.wav,datasec:DATASEC/Voices/Voices-0966.wav,train
datasec:DATASEC/Voices/Voices-0967.wav,datasec:DATASEC/Voices/Voices-0967.wav,test
datasec:DATASEC/Voices/Voices-0968.wav,datasec:DATASEC/Voices/Voices-0968.wav,train
datasec:DATASEC/Voices/Voices-0969.wav,datasec:DATASEC/Voices/Voices-0969.wav,train
datasec:DATASEC/Voices/Voices-0970.wav,datasec:DATASEC/Voices/Voices-0970.wav,train
datasec:DATASEC/Voices/Voices-0971.wav,datasec:DATASEC/Voices/Voices-0971.wav,train
datasec:DATASEC/Voices/Voices-0972.wav,datasec:DATASEC/Voices/Voices-0972.wav,train
datasec:DATASEC/Voices/Voices-0973.wav,datasec:DATASEC/Voices/Voices-0973.wav,train
datasec:DATASEC/Voices/Voices-0974.wav,datasec:DATASEC/Voices/Voices-0974.wav,validation
datasec:DATASEC/Voices/Voices-0975.wav,datasec:DATASEC/Voices/Voices-0975.wav,train
datasec:DATASEC/Voices/Voices-0976.wav,datasec:DATASEC/Voices/Voices-0976.wav,train
datasec:DATASEC/Voices/Voices-0977.wav,datasec:DATASEC/Voices/Voices-0977.wav,train
datasec:DATASEC/Voices/Voices-0978.wav,datasec:DATASEC/Voices/Voices-0978.wav,train
datasec:DATASEC/Voices/Voices-0979.wav,datasec:DATASEC/Voices/Voices-0979.wav,train
datasec:DATASEC/Voices/Voices-0980.wav,datasec:DATASEC/Voices/Voices-0980.wav,train
datasec:DATASEC/Voices/Voices-0981.wav,datasec:DATASEC/Voices/Voices-0981.wav,train
datasec:DATASEC/Voices/Voices-0982.wav,datasec:DATASEC/Voices/Voices-0982.wav,train
datasec:DATASEC/Voices/Voices-0983.wav,datasec:DATASEC/Voices/Voices-0983.wav,train
datasec:DATASEC/Voices/Voices-0984.wav,datasec:DATASEC/Voices/Voices-0984.wav,train
datasec:DATASEC/Voices/Voices-0985.wav,datasec:DATASEC/Voices/Voices-0985.wav,train
datasec:DATASEC/Voices/Voices-0986.wav,datasec:DATASEC/Voices/Voices-0986.wav,train
datasec:DATASEC/Voices/Voices-0987.wav,datasec:DATASEC/Voices/Voices-0987.wav,train
datasec:DATASEC/Voices/Voices-0988.wav,datasec:DATASEC/Voices/Voices-0988.wav,test
datasec:DATASEC/Voices/Voices-0989.wav,datasec:DATASEC/Voices/Voices-0989.wav,train
datasec:DATASEC/Voices/Voices-0990.wav,datasec:DATASEC/Voices/Voices-0990.wav,train
datasec:DATASEC/Voices/Voices-0991.wav,datasec:DATASEC/Voices/Voices-0991.wav,test
datasec:DATASEC/Voices/Voices-0992.wav,datasec:DATASEC/Voices/Voices-0992.wav,test
datasec:DATASEC/Voices/Voices-0993.wav,datasec:DATASEC/Voices/Voices-0993.wav,test
datasec:DATASEC/Voices/Voices-0994.wav,datasec:DATASEC/Voices/Voices-0994.wav,train
datasec:DATASEC/Voices/Voices-0995.wav,datasec:DATASEC/Voices/Voices-0995.wav,train
datasec:DATASEC/Voices/Voices-0996.wav,datasec:DATASEC/Voices/Voices-0996.wav,test
datasec:DATASEC/Voices/Voices-0997.wav,datasec:DATASEC/Voices/Voices-0997.wav,train
datasec:DATASEC/Voices/Voices-0998.wav,datasec:DATASEC/Voices/Voices-0998.wav,train
datasec:DATASEC/Voices/Voices-0999.wav,datasec:DATASEC/Voices/Voices-0999.wav,validation
datasec:DATASEC/Voices/Voices-1000.wav,datasec:DATASEC/Voices/Voices-1000.wav,test
datasec:DATASEC/Voices/Voices-1001.wav,datasec:DATASEC/Voices/Voices-1001.wav,train
datasec:DATASEC/Voices/Voices-1002.wav,datasec:DATASEC/Voices/Voices-1002.wav,train
datasec:DATASEC/Voices/Voices-1003.wav,datasec:DATASEC/Voices/Voices-1003.wav,train
datasec:DATASEC/Voices/Voices-1004.wav,datasec:DATASEC/Voices/Voices-1004.wav,train
datasec:DATASEC/Voices/Voices-1005.wav,datasec:DATASEC/Voices/Voices-1005.wav,test
datasec:DATASEC/Voices/Voices-1006.wav,datasec:DATASEC/Voices/Voices-1006.wav,train
datasec:DATASEC/Voices/Voices-1007.wav,datasec:DATASEC/Voices/Voices-1007.wav,test
datasec:DATASEC/Voices/Voices-1008.wav,datasec:DATASEC/Voices/Voices-1008.wav,train
datasec:DATASEC/Voices/Voices-1009.wav,datasec:DATASEC/Voices/Voices-1009.wav,train
datasec:DATASEC/Voices/Voices-1010.wav,datasec:DATASEC/Voices/Voices-1010.wav,train
datasec:DATASEC/Voices/Voices-1011.wav,datasec:DATASEC/Voices/Voices-1011.wav,train
datasec:DATASEC/Voices/Voices-1012.wav,datasec:DATASEC/Voices/Voices-1012.wav,train
datasec:DATASEC/Voices/Voices-1013.wav,datasec:DATASEC/Voices/Voices-1013.wav,train
datasec:DATASEC/Voices/Voices-1014.wav,datasec:DATASEC/Voices/Voices-1014.wav,train
datasec:DATASEC/Voices/Voices-1015.wav,datasec:DATASEC/Voices/Voices-1015.wav,train
datasec:DATASEC/Voices/Voices-1016.wav,datasec:DATASEC/Voices/Voices-1016.wav,train
datasec:DATASEC/Voices/Voices-1017.wav,datasec:DATASEC/Voices/Voices-1017.wav,train
datasec:DATASEC/Voices/Voices-1018.wav,datasec:DATASEC/Voices/Voices-1018.wav,train
datasec:DATASEC/Voices/Voices-1019.wav,datasec:DATASEC/Voices/Voices-1019.wav,validation
datasec:DATASEC/Voices/Voices-1020.wav,datasec:DATASEC/Voices/Voices-1020.wav,validation
datasec:DATASEC/Voices/Voices-1021.wav,datasec:DATASEC/Voices/Voices-1021.wav,train
datasec:DATASEC/Voices/Voices-1022.wav,datasec:DATASEC/Voices/Voices-1022.wav,train
datasec:DATASEC/Voices/Voices-1023.wav,datasec:DATASEC/Voices/Voices-1023.wav,test
datasec:DATASEC/Voices/Voices-1024.wav,datasec:DATASEC/Voices/Voices-1024.wav,validation
datasec:DATASEC/Voices/Voices-1025.wav,datasec:DATASEC/Voices/Voices-1025.wav,train
datasec:DATASEC/Voices/Voices-1026.wav,datasec:DATASEC/Voices/Voices-1026.wav,validation
datasec:DATASEC/Voices/Voices-1027.wav,datasec:DATASEC/Voices/Voices-1027.wav,test
datasec:DATASEC/Voices/Voices-1028.wav,datasec:DATASEC/Voices/Voices-1028.wav,train
datasec:DATASEC/Voices/Voices-1029.wav,datasec:DATASEC/Voices/Voices-1029.wav,train
datasec:DATASEC/Voices/Voices-1030.wav,datasec:DATASEC/Voices/Voices-1030.wav,test
datasec:DATASEC/Voices/Voices-1031.wav,datasec:DATASEC/Voices/Voices-1031.wav,validation
datasec:DATASEC/Voices/Voices-1032.wav,datasec:DATASEC/Voices/Voices-1032.wav,train
datasec:DATASEC/Voices/Voices-1033.wav,datasec:DATASEC/Voices/Voices-1033.wav,train
datasec:DATASEC/Voices/Voices-1034.wav,datasec:DATASEC/Voices/Voices-1034.wav,test
datasec:DATASEC/Voices/Voices-1035.wav,datasec:DATASEC/Voices/Voices-1035.wav,train
datasec:DATASEC/Voices/Voices-1036.wav,datasec:DATASEC/Voices/Voices-1036.wav,train
datasec:DATASEC/Voices/Voices-1037.wav,datasec:DATASEC/Voices/Voices-1037.wav,train
datasec:DATASEC/Voices/Voices-1038.wav,datasec:DATASEC/Voices/Voices-1038.wav,train
datasec:DATASEC/Voices/Voices-1039.wav,datasec:DATASEC/Voices/Voices-1039.wav,train
datasec:DATASEC/Voices/Voices-1040.wav,datasec:DATASEC/Voices/Voices-1040.wav,train
datasec:DATASEC/Voices/Voices-1041.wav,datasec:DATASEC/Voices/Voices-1041.wav,test
datasec:DATASEC/Voices/Voices-1042.wav,datasec:DATASEC/Voices/Voices-1042.wav,train
datasec:DATASEC/Voices/Voices-1043.wav,datasec:DATASEC/Voices/Voices-1043.wav,train
datasec:DATASEC/Voices/Voices-1044.wav,datasec:DATASEC/Voices/Voices-1044.wav,train
datasec:DATASEC/Voices/Voices-1045.wav,datasec:DATASEC/Voices/Voices-1045.wav,train
datasec:DATASEC/Voices/Voices-1046.wav,datasec:DATASEC/Voices/Voices-1046.wav,test
datasec:DATASEC/Voices/Voices-1047.wav,datasec:DATASEC/Voices/Voices-1047.wav,train
datasec:DATASEC/Voices/Voices-1048.wav,datasec:DATASEC/Voices/Voices-1048.wav,test
datasec:DATASEC/Voices/Voices-1049.wav,datasec:DATASEC/Voices/Voices-1049.wav,train
datasec:DATASEC/Voices/Voices-1050.wav,datasec:DATASEC/Voices/Voices-1050.wav,train
datasec:DATASEC/Voices/Voices-1051.wav,datasec:DATASEC/Voices/Voices-1051.wav,train
datasec:DATASEC/Voices/Voices-1052.wav,datasec:DATASEC/Voices/Voices-1052.wav,train
datasec:DATASEC/Voices/Voices-1053.wav,datasec:DATASEC/Voices/Voices-1053.wav,validation
datasec:DATASEC/Voices/Voices-1054.wav,datasec:DATASEC/Voices/Voices-1054.wav,test
datasec:DATASEC/Voices/Voices-1055.wav,datasec:DATASEC/Voices/Voices-1055.wav,train
datasec:DATASEC/Voices/Voices-1056.wav,datasec:DATASEC/Voices/Voices-1056.wav,train
datasec:DATASEC/Voices/Voices-1057.wav,datasec:DATASEC/Voices/Voices-1057.wav,train
datasec:DATASEC/Voices/Voices-1058.wav,datasec:DATASEC/Voices/Voices-1058.wav,train
datasec:DATASEC/Voices/Voices-1059.wav,datasec:DATASEC/Voices/Voices-1059.wav,train
datasec:DATASEC/Voices/Voices-1060.wav,datasec:DATASEC/Voices/Voices-1060.wav,train
datasec:DATASEC/Voices/Voices-1061.wav,datasec:DATASEC/Voices/Voices-1061.wav,train
datasec:DATASEC/Voices/Voices-1062.wav,datasec:DATASEC/Voices/Voices-1062.wav,train
datasec:DATASEC/Voices/Voices-1063.wav,datasec:DATASEC/Voices/Voices-1063.wav,validation
datasec:DATASEC/Voices/Voices-1064.wav,datasec:DATASEC/Voices/Voices-1064.wav,train
datasec:DATASEC/Voices/Voices-1065.wav,datasec:DATASEC/Voices/Voices-1065.wav,test
datasec:DATASEC/Voices/Voices-1066.wav,datasec:DATASEC/Voices/Voices-1066.wav,train
datasec:DATASEC/Voices/Voices-1067.wav,datasec:DATASEC/Voices/Voices-1067.wav,train
datasec:DATASEC/Voices/Voices-1068.wav,datasec:DATASEC/Voices/Voices-1068.wav,train
datasec:DATASEC/Voices/Voices-1069.wav,datasec:DATASEC/Voices/Voices-1069.wav,validation
datasec:DATASEC/Voices/Voices-1070.wav,datasec:DATASEC/Voices/Voices-1070.wav,test
datasec:DATASEC/Voices/Voices-1071.wav,datasec:DATASEC/Voices/Voices-1071.wav,train
datasec:DATASEC/Voices/Voices-1072.wav,datasec:DATASEC/Voices/Voices-1072.wav,train
datasec:DATASEC/Voices/Voices-1073.wav,datasec:DATASEC/Voices/Voices-1073.wav,train
datasec:DATASEC/Voices/Voices-1074.wav,datasec:DATASEC/Voices/Voices-1074.wav,test
datasec:DATASEC/Voices/Voices-1075.wav,datasec:DATASEC/Voices/Voices-1075.wav,train
datasec:DATASEC/Voices/Voices-1076.wav,datasec:DATASEC/Voices/Voices-1076.wav,train
datasec:DATASEC/Voices/Voices-1077.wav,datasec:DATASEC/Voices/Voices-1077.wav,train
datasec:DATASEC/Voices/Voices-1078.wav,datasec:DATASEC/Voices/Voices-1078.wav,train
datasec:DATASEC/Voices/Voices-1079.wav,datasec:DATASEC/Voices/Voices-1079.wav,train
datasec:DATASEC/Voices/Voices-1080.wav,datasec:DATASEC/Voices/Voices-1080.wav,test
datasec:DATASEC/Voices/Voices-1081.wav,datasec:DATASEC/Voices/Voices-1081.wav,validation
datasec:DATASEC/Voices/Voices-1082.wav,datasec:DATASEC/Voices/Voices-1082.wav,train
datasec:DATASEC/Voices/Voices-1083.wav,datasec:DATASEC/Voices/Voices-1083.wav,train
datasec:DATASEC/Voices/Voices-1084.wav,datasec:DATASEC/Voices/Voices-1084.wav,train
datasec:DATASEC/Voices/Voices-1085.wav,datasec:DATASEC/Voices/Voices-1085.wav,train
datasec:DATASEC/Voices/Voices-1086.wav,datasec:DATASEC/Voices/Voices-1086.wav,train
datasec:DATASEC/Voices/Voices-1087.wav,datasec:DATASEC/Voices/Voices-1087.wav,train
datasec:DATASEC/Voices/Voices-1088.wav,datasec:DATASEC/Voices/Voices-1088.wav,train
datasec:DATASEC/Voices/Voices-1089.wav,datasec:DATASEC/Voices/Voices-1089.wav,train
datasec:DATASEC/Voices/Voices-1090.wav,datasec:DATASEC/Voices/Voices-1090.wav,validation
datasec:DATASEC/Voices/Voices-1091.wav,datasec:DATASEC/Voices/Voices-1091.wav,train
datasec:DATASEC/Voices/Voices-1092.wav,datasec:DATASEC/Voices/Voices-1092.wav,test
datasec:DATASEC/Voices/Voices-1093.wav,datasec:DATASEC/Voices/Voices-1093.wav,test
datasec:DATASEC/Voices/Voices-1094.wav,datasec:DATASEC/Voices/Voices-1094.wav,train
datasec:DATASEC/Voices/Voices-1095.wav,datasec:DATASEC/Voices/Voices-1095.wav,train
datasec:DATASEC/Voices/Voices-1096.wav,datasec:DATASEC/Voices/Voices-1096.wav,train
datasec:DATASEC/Voices/Voices-1097.wav,datasec:DATASEC/Voices/Voices-1097.wav,train
datasec:DATASEC/Voices/Voices-1098.wav,datasec:DATASEC/Voices/Voices-1098.wav,test
datasec:DATASEC/Voices/Voices-1099.wav,datasec:DATASEC/Voices/Voices-1099.wav,train
datasec:DATASEC/Voices/Voices-1100.wav,datasec:DATASEC/Voices/Voices-1100.wav,train
datasec:DATASEC/Voices/Voices-1101.wav,datasec:DATASEC/Voices/Voices-1101.wav,validation
datasec:DATASEC/Voices/Voices-1102.wav,datasec:DATASEC/Voices/Voices-1102.wav,train
datasec:DATASEC/Voices/Voices-1103.wav,datasec:DATASEC/Voices/Voices-1103.wav,train
datasec:DATASEC/Voices/Voices-1104.wav,datasec:DATASEC/Voices/Voices-1104.wav,train
datasec:DATASEC/Voices/Voices-1105.wav,datasec:DATASEC/Voices/Voices-1105.wav,train
datasec:DATASEC/Voices/Voices-1106.wav,datasec:DATASEC/Voices/Voices-1106.wav,train
datasec:DATASEC/Voices/Voices-1107.wav,datasec:DATASEC/Voices/Voices-1107.wav,train
datasec:DATASEC/Voices/Voices-1108.wav,datasec:DATASEC/Voices/Voices-1108.wav,validation
datasec:DATASEC/Voices/Voices-1109.wav,datasec:DATASEC/Voices/Voices-1109.wav,validation
datasec:DATASEC/Voices/Voices-1110.wav,datasec:DATASEC/Voices/Voices-1110.wav,train
datasec:DATASEC/Voices/Voices-1111.wav,datasec:DATASEC/Voices/Voices-1111.wav,train
datasec:DATASEC/Voices/Voices-1112.wav,datasec:DATASEC/Voices/Voices-1112.wav,test
datasec:DATASEC/Voices/Voices-1113.wav,datasec:DATASEC/Voices/Voices-1113.wav,train
datasec:DATASEC/Voices/Voices-1114.wav,datasec:DATASEC/Voices/Voices-1114.wav,train
datasec:DATASEC/Voices/Voices-1115.wav,datasec:DATASEC/Voices/Voices-1115.wav,train
datasec:DATASEC/Voices/Voices-1116.wav,datasec:DATASEC/Voices/Voices-1116.wav,validation
datasec:DATASEC/Voices/Voices-1117.wav,datasec:DATASEC/Voices/Voices-1117.wav,test
datasec:DATASEC/Voices/Voices-1118.wav,datasec:DATASEC/Voices/Voices-1118.wav,validation
datasec:DATASEC/Voices/Voices-1119.wav,datasec:DATASEC/Voices/Voices-1119.wav,train
datasec:DATASEC/Voices/Voices-1120.wav,datasec:DATASEC/Voices/Voices-1120.wav,train
datasec:DATASEC/Voices/Voices-1121.wav,datasec:DATASEC/Voices/Voices-1121.wav,validation
datasec:DATASEC/Voices/Voices-1122.wav,datasec:DATASEC/Voices/Voices-1122.wav,validation
datasec:DATASEC/Voices/Voices-1123.wav,datasec:DATASEC/Voices/Voices-1123.wav,train
datasec:DATASEC/Voices/Voices-1124.wav,datasec:DATASEC/Voices/Voices-1124.wav,train
datasec:DATASEC/Voices/Voices-1125.wav,datasec:DATASEC/Voices/Voices-1125.wav,train
datasec:DATASEC/Voices/Voices-1126.wav,datasec:DATASEC/Voices/Voices-1126.wav,test
datasec:DATASEC/Voices/Voices-1127.wav,datasec:DATASEC/Voices/Voices-1127.wav,train
datasec:DATASEC/Voices/Voices-1128.wav,datasec:DATASEC/Voices/Voices-1128.wav,train
datasec:DATASEC/Voices/Voices-1129.wav,datasec:DATASEC/Voices/Voices-1129.wav,train
datasec:DATASEC/Voices/Voices-1130.wav,datasec:DATASEC/Voices/Voices-1130.wav,train
datasec:DATASEC/Voices/Voices-1131.wav,datasec:DATASEC/Voices/Voices-1131.wav,validation
datasec:DATASEC/Voices/Voices-1132.wav,datasec:DATASEC/Voices/Voices-1132.wav,validation
datasec:DATASEC/Voices/Voices-1133.wav,datasec:DATASEC/Voices/Voices-1133.wav,train
datasec:DATASEC/Voices/Voices-1134.wav,datasec:DATASEC/Voices/Voices-1134.wav,train
datasec:DATASEC/Voices/Voices-1135.wav,datasec:DATASEC/Voices/Voices-1135.wav,train
datasec:DATASEC/Voices/Voices-1136.wav,datasec:DATASEC/Voices/Voices-1136.wav,train
datasec:DATASEC/Voices/Voices-1137.wav,datasec:DATASEC/Voices/Voices-1137.wav,train
datasec:DATASEC/Voices/Voices-1138.wav,datasec:DATASEC/Voices/Voices-1138.wav,train
datasec:DATASEC/Voices/Voices-1139.wav,datasec:DATASEC/Voices/Voices-1139.wav,train
datasec:DATASEC/Voices/Voices-1140.wav,datasec:DATASEC/Voices/Voices-1140.wav,validation
datasec:DATASEC/Voices/Voices-1141.wav,datasec:DATASEC/Voices/Voices-1141.wav,train
datasec:DATASEC/Voices/Voices-1142.wav,datasec:DATASEC/Voices/Voices-1142.wav,validation
datasec:DATASEC/Voices/Voices-1143.wav,datasec:DATASEC/Voices/Voices-1143.wav,train
datasec:DATASEC/Voices/Voices-1144.wav,datasec:DATASEC/Voices/Voices-1144.wav,train
datasec:DATASEC/Voices/Voices-1145.wav,datasec:DATASEC/Voices/Voices-1145.wav,train
datasec:DATASEC/Voices/Voices-1146.wav,datasec:DATASEC/Voices/Voices-1146.wav,train
datasec:DATASEC/Voices/Voices-1147.wav,datasec:DATASEC/Voices/Voices-1147.wav,train
datasec:DATASEC/Voices/Voices-1148.wav,datasec:DATASEC/Voices/Voices-1148.wav,validation
datasec:DATASEC/Voices/Voices-1149.wav,datasec:DATASEC/Voices/Voices-1149.wav,train
datasec:DATASEC/Voices/Voices-1150.wav,datasec:DATASEC/Voices/Voices-1150.wav,train
datasec:DATASEC/Voices/Voices-1151.wav,datasec:DATASEC/Voices/Voices-1151.wav,train
datasec:DATASEC/Voices/Voices-1152.wav,datasec:DATASEC/Voices/Voices-1152.wav,train
datasec:DATASEC/Voices/Voices-1153.wav,datasec:DATASEC/Voices/Voices-1153.wav,train
datasec:DATASEC/Voices/Voices-1154.wav,datasec:DATASEC/Voices/Voices-1154.wav,train
datasec:DATASEC/Voices/Voices-1155.wav,datasec:DATASEC/Voices/Voices-1155.wav,validation
datasec:DATASEC/Voices/Voices-1156.wav,datasec:DATASEC/Voices/Voices-1156.wav,test
datasec:DATASEC/Voices/Voices-1157.wav,datasec:DATASEC/Voices/Voices-1157.wav,train
datasec:DATASEC/Voices/Voices-1158.wav,datasec:DATASEC/Voices/Voices-1158.wav,train
datasec:DATASEC/Voices/Voices-1159.wav,datasec:DATASEC/Voices/Voices-1159.wav,train
datasec:DATASEC/Voices/Voices-1160.wav,datasec:DATASEC/Voices/Voices-1160.wav,train
datasec:DATASEC/Voices/Voices-1161.wav,datasec:DATASEC/Voices/Voices-1161.wav,train
datasec:DATASEC/Voices/Voices-1162.wav,datasec:DATASEC/Voices/Voices-1162.wav,train
datasec:DATASEC/Voices/Voices-1163.wav,datasec:DATASEC/Voices/Voices-1163.wav,train
datasec:DATASEC/Voices/Voices-1164.wav,datasec:DATASEC/Voices/Voices-1164.wav,train
datasec:DATASEC/Voices/Voices-1165.wav,datasec:DATASEC/Voices/Voices-1165.wav,train
datasec:DATASEC/Voices/Voices-1166.wav,datasec:DATASEC/Voices/Voices-1166.wav,train
datasec:DATASEC/Voices/Voices-1167.wav,datasec:DATASEC/Voices/Voices-1167.wav,train
datasec:DATASEC/Voices/Voices-1168.wav,datasec:DATASEC/Voices/Voices-1168.wav,train
datasec:DATASEC/Voices/Voices-1169.wav,datasec:DATASEC/Voices/Voices-1169.wav,train
datasec:DATASEC/Voices/Voices-1170.wav,datasec:DATASEC/Voices/Voices-1170.wav,test
datasec:DATASEC/Voices/Voices-1171.wav,datasec:DATASEC/Voices/Voices-1171.wav,train
datasec:DATASEC/Voices/Voices-1172.wav,datasec:DATASEC/Voices/Voices-1172.wav,train
datasec:DATASEC/Voices/Voices-1173.wav,datasec:DATASEC/Voices/Voices-1173.wav,train
datasec:DATASEC/Voices/Voices-1174.wav,datasec:DATASEC/Voices/Voices-1174.wav,train
datasec:DATASEC/Voices/Voices-1175.wav,datasec:DATASEC/Voices/Voices-1175.wav,train
datasec:DATASEC/Voices/Voices-1176.wav,datasec:DATASEC/Voices/Voices-1176.wav,train
datasec:DATASEC/Voices/Voices-1177.wav,datasec:DATASEC/Voices/Voices-1177.wav,train
datasec:DATASEC/Voices/Voices-1178.wav,datasec:DATASEC/Voices/Voices-1178.wav,train
datasec:DATASEC/Voices/Voices-1179.wav,datasec:DATASEC/Voices/Voices-1179.wav,train
datasec:DATASEC/Voices/Voices-1180.wav,datasec:DATASEC/Voices/Voices-1180.wav,validation
datasec:DATASEC/Voices/Voices-1181.wav,datasec:DATASEC/Voices/Voices-1181.wav,train
datasec:DATASEC/Voices/Voices-1182.wav,datasec:DATASEC/Voices/Voices-1182.wav,validation
datasec:DATASEC/Voices/Voices-1183.wav,datasec:DATASEC/Voices/Voices-1183.wav,test
datasec:DATASEC/Voices/Voices-1184.wav,datasec:DATASEC/Voices/Voices-1184.wav,train
datasec:DATASEC/Voices/Voices-1185.wav,datasec:DATASEC/Voices/Voices-1185.wav,train
datasec:DATASEC/Voices/Voices-1186.wav,datasec:DATASEC/Voices/Voices-1186.wav,train
datasec:DATASEC/Voices/Voices-1187.wav,datasec:DATASEC/Voices/Voices-1187.wav,train
datasec:DATASEC/Voices/Voices-1188.wav,datasec:DATASEC/Voices/Voices-1188.wav,test
datasec:DATASEC/Voices/Voices-1189.wav,datasec:DATASEC/Voices/Voices-1189.wav,test
datasec:DATASEC/Voices/Voices-1190.wav,datasec:DATASEC/Voices/Voices-1190.wav,train
datasec:DATASEC/Voices/Voices-1191.wav,datasec:DATASEC/Voices/Voices-1191.wav,train
datasec:DATASEC/Voices/Voices-1192.wav,datasec:DATASEC/Voices/Voices-1192.wav,test
datasec:DATASEC/Voices/Voices-1193.wav,datasec:DATASEC/Voices/Voices-1193.wav,train
datasec:DATASEC/Voices/Voices-1194.wav,datasec:DATASEC/Voices/Voices-1194.wav,train
datasec:DATASEC/Voices/Voices-1195.wav,datasec:DATASEC/Voices/Voices-1195.wav,train
datasec:DATASEC/Voices/Voices-1196.wav,datasec:DATASEC/Voices/Voices-1196.wav,validation
datasec:DATASEC/Voices/Voices-1197.wav,datasec:DATASEC/Voices/Voices-1197.wav,train
datasec:DATASEC/Voices/Voices-1198.wav,datasec:DATASEC/Voices/Voices-1198.wav,train
datasec:DATASEC/Voices/Voices-1199.wav,datasec:DATASEC/Voices/Voices-1199.wav,train
datasec:DATASEC/Voices/Voices-1200.wav,datasec:DATASEC/Voices/Voices-1200.wav,train
datasec:DATASEC/Voices/Voices-1201.wav,datasec:DATASEC/Voices/Voices-1201.wav,test
datasec:DATASEC/Voices/Voices-1202.wav,datasec:DATASEC/Voices/Voices-1202.wav,train
datasec:DATASEC/Voices/Voices-1203.wav,datasec:DATASEC/Voices/Voices-1203.wav,train
datasec:DATASEC/Voices/Voices-1204.wav,datasec:DATASEC/Voices/Voices-1204.wav,test
datasec:DATASEC/Voices/Voices-1205.wav,datasec:DATASEC/Voices/Voices-1205.wav,train
datasec:DATASEC/Voices/Voices-1206.wav,datasec:DATASEC/Voices/Voices-1206.wav,train
datasec:DATASEC/Voices/Voices-1207.wav,datasec:DATASEC/Voices/Voices-1207.wav,train
datasec:DATASEC/Voices/Voices-1208.wav,datasec:DATASEC/Voices/Voices-1208.wav,train
datasec:DATASEC/Voices/Voices-1209.wav,datasec:DATASEC/Voices/Voices-1209.wav,test
datasec:DATASEC/Voices/Voices-1210.wav,datasec:DATASEC/Voices/Voices-1210.wav,train
datasec:DATASEC/Voices/Voices-1211.wav,datasec:DATASEC/Voices/Voices-1211.wav,train
datasec:DATASEC/Voices/Voices-1212.wav,datasec:DATASEC/Voices/Voices-1212.wav,train
datasec:DATASEC/Voices/Voices-1213.wav,datasec:DATASEC/Voices/Voices-1213.wav,validation
datasec:DATASEC/Voices/Voices-1214.wav,datasec:DATASEC/Voices/Voices-1214.wav,train
datasec:DATASEC/Voices/Voices-1215.wav,datasec:DATASEC/Voices/Voices-1215.wav,train
datasec:DATASEC/Voices/Voices-1216.wav,datasec:DATASEC/Voices/Voices-1216.wav,train
datasec:DATASEC/Voices/Voices-1217.wav,datasec:DATASEC/Voices/Voices-1217.wav,validation
datasec:DATASEC/Voices/Voices-1218.wav,datasec:DATASEC/Voices/Voices-1218.wav,train
datasec:DATASEC/Voices/Voices-1219.wav,datasec:DATASEC/Voices/Voices-1219.wav,train
datasec:DATASEC/Voices/Voices-1220.wav,datasec:DATASEC/Voices/Voices-1220.wav,train
datasec:DATASEC/Voices/Voices-1221.wav,datasec:DATASEC/Voices/Voices-1221.wav,train
datasec:DATASEC/Voices/Voices-1222.wav,datasec:DATASEC/Voices/Voices-1222.wav,test
datasec:DATASEC/Voices/Voices-1223.wav,datasec:DATASEC/Voices/Voices-1223.wav,train
datasec:DATASEC/Voices/Voices-1224.wav,datasec:DATASEC/Voices/Voices-1224.wav,validation
datasec:DATASEC/Voices/Voices-1225.wav,datasec:DATASEC/Voices/Voices-1225.wav,test
datasec:DATASEC/Voices/Voices-1226.wav,datasec:DATASEC/Voices/Voices-1226.wav,train
datasec:DATASEC/Voices/Voices-1227.wav,datasec:DATASEC/Voices/Voices-1227.wav,train
datasec:DATASEC/Voices/Voices-1228.wav,datasec:DATASEC/Voices/Voices-1228.wav,train
datasec:DATASEC/Voices/Voices-1229.wav,datasec:DATASEC/Voices/Voices-1229.wav,train
datasec:DATASEC/Voices/Voices-1230.wav,datasec:DATASEC/Voices/Voices-1230.wav,validation
datasec:DATASEC/Voices/Voices-1231.wav,datasec:DATASEC/Voices/Voices-1231.wav,train
datasec:DATASEC/Voices/Voices-1232.wav,datasec:DATASEC/Voices/Voices-1232.wav,train
datasec:DATASEC/Voices/Voices-1233.wav,datasec:DATASEC/Voices/Voices-1233.wav,test
datasec:DATASEC/Voices/Voices-1234.wav,datasec:DATASEC/Voices/Voices-1234.wav,validation
datasec:DATASEC/Voices/Voices-1235.wav,datasec:DATASEC/Voices/Voices-1235.wav,validation
datasec:DATASEC/Voices/Voices-1236.wav,datasec:DATASEC/Voices/Voices-1236.wav,train
datasec:DATASEC/Voices/Voices-1237.wav,datasec:DATASEC/Voices/Voices-1237.wav,test
datasec:DATASEC/Voices/Voices-1238.wav,datasec:DATASEC/Voices/Voices-1238.wav,test
datasec:DATASEC/Voices/Voices-1239.wav,datasec:DATASEC/Voices/Voices-1239.wav,train
datasec:DATASEC/Voices/Voices-1240.wav,datasec:DATASEC/Voices/Voices-1240.wav,train
datasec:DATASEC/Voices/Voices-1241.wav,datasec:DATASEC/Voices/Voices-1241.wav,train
datasec:DATASEC/Voices/Voices-1242.wav,datasec:DATASEC/Voices/Voices-1242.wav,train
datasec:DATASEC/Voices/Voices-1243.wav,datasec:DATASEC/Voices/Voices-1243.wav,test
datasec:DATASEC/Voices/Voices-1244.wav,datasec:DATASEC/Voices/Voices-1244.wav,train
datasec:DATASEC/Voices/Voices-1245.wav,datasec:DATASEC/Voices/Voices-1245.wav,train
datasec:DATASEC/Voices/Voices-1246.wav,datasec:DATASEC/Voices/Voices-1246.wav,train
datasec:DATASEC/Voices/Voices-1247.wav,datasec:DATASEC/Voices/Voices-1247.wav,train
datasec:DATASEC/Voices/Voices-1248.wav,datasec:DATASEC/Voices/Voices-1248.wav,train
datasec:DATASEC/Voices/Voices-1249.wav,datasec:DATASEC/Voices/Voices-1249.wav,validation
datasec:DATASEC/Voices/Voices-1250.wav,datasec:DATASEC/Voices/Voices-1250.wav,validation
datasec:DATASEC/Voices/Voices-1251.wav,datasec:DATASEC/Voices/Voices-1251.wav,train
datasec:DATASEC/Voices/Voices-1252.wav,datasec:DATASEC/Voices/Voices-1252.wav,validation
datasec:DATASEC/Voices/Voices-1253.wav,datasec:DATASEC/Voices/Voices-1253.wav,validation
datasec:DATASEC/Voices/Voices-1254.wav,datasec:DATASEC/Voices/Voices-1254.wav,train
datasec:DATASEC/Voices/Voices-1255.wav,datasec:DATASEC/Voices/Voices-1255.wav,train
datasec:DATASEC/Voices/Voices-1256.wav,datasec:DATASEC/Voices/Voices-1256.wav,train
datasec:DATASEC/Voices/Voices-1257.wav,datasec:DATASEC/Voices/Voices-1257.wav,train
datasec:DATASEC/Voices/Voices-1258.wav,datasec:DATASEC/Voices/Voices-1258.wav,validation
datasec:DATASEC/Voices/Voices-1259.wav,datasec:DATASEC/Voices/Voices-1259.wav,train
datasec:DATASEC/Voices/Voices-1260.wav,datasec:DATASEC/Voices/Voices-1260.wav,train
datasec:DATASEC/Voices/Voices-1261.wav,datasec:DATASEC/Voices/Voices-1261.wav,train
datasec:DATASEC/Voices/Voices-1262.wav,datasec:DATASEC/Voices/Voices-1262.wav,train
datasec:DATASEC/Voices/Voices-1263.wav,datasec:DATASEC/Voices/Voices-1263.wav,validation
datasec:DATASEC/Voices/Voices-1264.wav,datasec:DATASEC/Voices/Voices-1264.wav,train
datasec:DATASEC/Voices/Voices-1265.wav,datasec:DATASEC/Voices/Voices-1265.wav,train
datasec:DATASEC/Voices/Voices-1266.wav,datasec:DATASEC/Voices/Voices-1232.wav,train
datasec:DATASEC/Voices/Voices-1267.wav,datasec:DATASEC/Voices/Voices-1267.wav,train
datasec:DATASEC/Voices/Voices-1268.wav,datasec:DATASEC/Voices/Voices-1268.wav,train
datasec:DATASEC/Voices/Voices-1269.wav,datasec:DATASEC/Voices/Voices-1269.wav,test
datasec:DATASEC/Voices/Voices-1270.wav,datasec:DATASEC/Voices/Voices-1270.wav,train
datasec:DATASEC/Voices/Voices-1271.wav,datasec:DATASEC/Voices/Voices-1271.wav,train
datasec:DATASEC/Voices/Voices-1272.wav,datasec:DATASEC/Voices/Voices-1272.wav,test
datasec:DATASEC/Voices/Voices-1273.wav,datasec:DATASEC/Voices/Voices-1273.wav,train
datasec:DATASEC/Voices/Voices-1274.wav,datasec:DATASEC/Voices/Voices-1274.wav,validation
datasec:DATASEC/Voices/Voices-1275.wav,datasec:DATASEC/Voices/Voices-1275.wav,train
datasec:DATASEC/Voices/Voices-1276.wav,datasec:DATASEC/Voices/Voices-1276.wav,train
datasec:DATASEC/Voices/Voices-1277.wav,datasec:DATASEC/Voices/Voices-1277.wav,validation
datasec:DATASEC/Voices/Voices-1278.wav,datasec:DATASEC/Voices/Voices-1278.wav,train
datasec:DATASEC/Voices/Voices-1279.wav,datasec:DATASEC/Voices/Voices-1279.wav,test
datasec:DATASEC/Voices/Voices-1280.wav,datasec:DATASEC/Voices/Voices-1280.wav,train
datasec:DATASEC/Voices/Voices-1281.wav,datasec:DATASEC/Voices/Voices-1281.wav,test
datasec:DATASEC/Voices/Voices-1282.wav,datasec:DATASEC/Voices/Voices-1282.wav,train
datasec:DATASEC/Voices/Voices-1283.wav,datasec:DATASEC/Voices/Voices-1283.wav,train
datasec:DATASEC/Voices/Voices-1284.wav,datasec:DATASEC/Voices/Voices-1284.wav,train
datasec:DATASEC/Voices/Voices-1285.wav,datasec:DATASEC/Voices/Voices-1285.wav,train
datasec:DATASEC/Voices/Voices-1286.wav,datasec:DATASEC/Voices/Voices-1286.wav,train
datasec:DATASEC/Voices/Voices-1287.wav,datasec:DATASEC/Voices/Voices-1287.wav,train
datasec:DATASEC/Voices/Voices-1288.wav,datasec:DATASEC/Voices/Voices-1288.wav,validation
datasec:DATASEC/Voices/Voices-1289.wav,datasec:DATASEC/Voices/Voices-1289.wav,train
datasec:DATASEC/Voices/Voices-1290.wav,datasec:DATASEC/Voices/Voices-1290.wav,train
datasec:DATASEC/Voices/Voices-1291.wav,datasec:DATASEC/Voices/Voices-1291.wav,validation
datasec:DATASEC/Voices/Voices-1292.wav,datasec:DATASEC/Voices/Voices-1292.wav,test
datasec:DATASEC/Voices/Voices-1293.wav,datasec:DATASEC/Voices/Voices-1293.wav,train
datasec:DATASEC/Voices/Voices-1294.wav,datasec:DATASEC/Voices/Voices-1294.wav,test
datasec:DATASEC/Voices/Voices-1295.wav,datasec:DATASEC/Voices/Voices-1295.wav,train
datasec:DATASEC/Voices/Voices-1296.wav,datasec:DATASEC/Voices/Voices-1296.wav,train
datasec:DATASEC/Voices/Voices-1297.wav,datasec:DATASEC/Voices/Voices-1297.wav,train
datasec:DATASEC/Voices/Voices-1298.wav,datasec:DATASEC/Voices/Voices-1298.wav,train
datasec:DATASEC/Voices/Voices-1299.wav,datasec:DATASEC/Voices/Voices-1299.wav,train
datasec:DATASEC/Voices/Voices-1300.wav,datasec:DATASEC/Voices/Voices-1300.wav,train
datasec:DATASEC/Voices/Voices-1301.wav,datasec:DATASEC/Voices/Voices-1301.wav,train
datasec:DATASEC/Voices/Voices-1302.wav,datasec:DATASEC/Voices/Voices-1302.wav,train
datasec:DATASEC/Voices/Voices-1303.wav,datasec:DATASEC/Voices/Voices-1303.wav,test
datasec:DATASEC/Voices/Voices-1304.wav,datasec:DATASEC/Voices/Voices-1304.wav,train
datasec:DATASEC/Voices/Voices-1305.wav,datasec:DATASEC/Voices/Voices-1305.wav,validation
datasec:DATASEC/Voices/Voices-1306.wav,datasec:DATASEC/Voices/Voices-1306.wav,train
datasec:DATASEC/Voices/Voices-1307.wav,datasec:DATASEC/Voices/Voices-1307.wav,test
datasec:DATASEC/Voices/Voices-1308.wav,datasec:DATASEC/Voices/Voices-1308.wav,test
datasec:DATASEC/Voices/Voices-1309.wav,datasec:DATASEC/Voices/Voices-1309.wav,train
datasec:DATASEC/Voices/Voices-1310.wav,datasec:DATASEC/Voices/Voices-1310.wav,train
datasec:DATASEC/Voices/Voices-1311.wav,datasec:DATASEC/Voices/Voices-1311.wav,test
datasec:DATASEC/Voices/Voices-1312.wav,datasec:DATASEC/Voices/Voices-1312.wav,test
datasec:DATASEC/Voices/Voices-1313.wav,datasec:DATASEC/Voices/Voices-1313.wav,train
datasec:DATASEC/Voices/Voices-1314.wav,datasec:DATASEC/Voices/Voices-1314.wav,train
datasec:DATASEC/Voices/Voices-1315.wav,datasec:DATASEC/Voices/Voices-1315.wav,validation
datasec:DATASEC/Voices/Voices-1316.wav,datasec:DATASEC/Voices/Voices-1316.wav,train
datasec:DATASEC/Voices/Voices-1317.wav,datasec:DATASEC/Voices/Voices-1317.wav,train
datasec:DATASEC/Voices/Voices-1318.wav,datasec:DATASEC/Voices/Voices-1318.wav,train
datasec:DATASEC/Voices/Voices-1319.wav,datasec:DATASEC/Voices/Voices-1319.wav,test
datasec:DATASEC/Voices/Voices-1320.wav,datasec:DATASEC/Voices/Voices-1320.wav,validation
datasec:DATASEC/Voices/Voices-1321.wav,datasec:DATASEC/Voices/Voices-1321.wav,train
datasec:DATASEC/Voices/Voices-1322.wav,datasec:DATASEC/Voices/Voices-1322.wav,train
datasec:DATASEC/Voices/Voices-1323.wav,datasec:DATASEC/Voices/Voices-1323.wav,train
datasec:DATASEC/Voices/Voices-1324.wav,datasec:DATASEC/Voices/Voices-1324.wav,validation
datasec:DATASEC/Voices/Voices-1325.wav,datasec:DATASEC/Voices/Voices-1325.wav,train
datasec:DATASEC/Voices/Voices-1326.wav,datasec:DATASEC/Voices/Voices-1326.wav,validation
datasec:DATASEC/Voices/Voices-1327.wav,datasec:DATASEC/Voices/Voices-1327.wav,train
datasec:DATASEC/Voices/Voices-1328.wav,datasec:DATASEC/Voices/Voices-1328.wav,train
datasec:DATASEC/Voices/Voices-1329.wav,datasec:DATASEC/Voices/Voices-1329.wav,train
datasec:DATASEC/Voices/Voices-1330.wav,datasec:DATASEC/Voices/Voices-1330.wav,train
datasec:DATASEC/Voices/Voices-1331.wav,datasec:DATASEC/Voices/Voices-1331.wav,validation
datasec:DATASEC/Voices/Voices-1332.wav,datasec:DATASEC/Voices/Voices-1332.wav,test
datasec:DATASEC/Voices/Voices-1333.wav,datasec:DATASEC/Voices/Voices-1333.wav,test
datasec:DATASEC/Voices/Voices-1334.wav,datasec:DATASEC/Voices/Voices-1334.wav,validation
datasec:DATASEC/Voices/Voices-1335.wav,datasec:DATASEC/Voices/Voices-1335.wav,train
datasec:DATASEC/Voices/Voices-1336.wav,datasec:DATASEC/Voices/Voices-1336.wav,test
datasec:DATASEC/Voices/Voices-1337.wav,datasec:DATASEC/Voices/Voices-1337.wav,train
datasec:DATASEC/Voices/Voices-1338.wav,datasec:DATASEC/Voices/Voices-1338.wav,train
datasec:DATASEC/Voices/Voices-1339.wav,datasec:DATASEC/Voices/Voices-1339.wav,train
datasec:DATASEC/Voices/Voices-1340.wav,datasec:DATASEC/Voices/Voices-1340.wav,train
datasec:DATASEC/Voices/Voices-1341.wav,datasec:DATASEC/Voices/Voices-1341.wav,validation
datasec:DATASEC/Voices/Voices-1342.wav,datasec:DATASEC/Voices/Voices-1342.wav,train
datasec:DATASEC/Voices/Voices-1343.wav,datasec:DATASEC/Voices/Voices-1343.wav,train
datasec:DATASEC/Voices/Voices-1344.wav,datasec:DATASEC/Voices/Voices-1344.wav,train
datasec:DATASEC/Voices/Voices-1345.wav,datasec:DATASEC/Voices/Voices-1345.wav,train
datasec:DATASEC/Voices/Voices-1346.wav,datasec:DATASEC/Voices/Voices-1346.wav,train
datasec:DATASEC/Voices/Voices-1347.wav,datasec:DATASEC/Voices/Voices-1347.wav,train
datasec:DATASEC/Voices/Voices-1348.wav,datasec:DATASEC/Voices/Voices-1348.wav,train
datasec:DATASEC/Voices/Voices-1349.wav,datasec:DATASEC/Voices/Voices-1349.wav,train
datasec:DATASEC/Voices/Voices-1350.wav,datasec:DATASEC/Voices/Voices-1350.wav,train
datasec:DATASEC/Voices/Voices-1351.wav,datasec:DATASEC/Voices/Voices-1351.wav,test
datasec:DATASEC/Voices/Voices-1352.wav,datasec:DATASEC/Voices/Voices-1352.wav,train
datasec:DATASEC/Voices/Voices-1353.wav,datasec:DATASEC/Voices/Voices-1353.wav,train
datasec:DATASEC/Voices/Voices-1354.wav,datasec:DATASEC/Voices/Voices-1354.wav,validation
datasec:DATASEC/Voices/Voices-1355.wav,datasec:DATASEC/Voices/Voices-1355.wav,train
datasec:DATASEC/Voices/Voices-1356.wav,datasec:DATASEC/Voices/Voices-1356.wav,train
datasec:DATASEC/Voices/Voices-1357.wav,datasec:DATASEC/Voices/Voices-1357.wav,train
datasec:DATASEC/Voices/Voices-1358.wav,datasec:DATASEC/Voices/Voices-1358.wav,train
datasec:DATASEC/Voices/Voices-1359.wav,datasec:DATASEC/Voices/Voices-1359.wav,train
datasec:DATASEC/Voices/Voices-1360.wav,datasec:DATASEC/Voices/Voices-1360.wav,validation
datasec:DATASEC/Voices/Voices-1361.wav,datasec:DATASEC/Voices/Voices-1361.wav,test
datasec:DATASEC/Voices/Voices-1362.wav,datasec:DATASEC/Voices/Voices-1362.wav,test
datasec:DATASEC/Voices/Voices-1363.wav,datasec:DATASEC/Voices/Voices-1363.wav,validation
datasec:DATASEC/Voices/Voices-1364.wav,datasec:DATASEC/Voices/Voices-1364.wav,test
datasec:DATASEC/Voices/Voices-1365.wav,datasec:DATASEC/Voices/Voices-1365.wav,train
datasec:DATASEC/Voices/Voices-1366.wav,datasec:DATASEC/Voices/Voices-1366.wav,train
datasec:DATASEC/Voices/Voices-1367.wav,datasec:DATASEC/Voices/Voices-1367.wav,train
datasec:DATASEC/Voices/Voices-1368.wav,datasec:DATASEC/Voices/Voices-1368.wav,train
datasec:DATASEC/Voices/Voices-1369.wav,datasec:DATASEC/Voices/Voices-1369.wav,train
datasec:DATASEC/Voices/Voices-1370.wav,datasec:DATASEC/Voices/Voices-1370.wav,train
datasec:DATASEC/Voices/Voices-1371.wav,datasec:DATASEC/Voices/Voices-1371.wav,train
datasec:DATASEC/Voices/Voices-1372.wav,datasec:DATASEC/Voices/Voices-1372.wav,test
datasec:DATASEC/Voices/Voices-1373.wav,datasec:DATASEC/Voices/Voices-1373.wav,test
datasec:DATASEC/Voices/Voices-1374.wav,datasec:DATASEC/Voices/Voices-1374.wav,validation
datasec:DATASEC/Voices/Voices-1375.wav,datasec:DATASEC/Voices/Voices-1375.wav,train
datasec:DATASEC/Voices/Voices-1376.wav,datasec:DATASEC/Voices/Voices-1376.wav,test
datasec:DATASEC/Voices/Voices-1377.wav,datasec:DATASEC/Voices/Voices-1377.wav,validation
datasec:DATASEC/Voices/Voices-1378.wav,datasec:DATASEC/Voices/Voices-1378.wav,train
datasec:DATASEC/Voices/Voices-1379.wav,datasec:DATASEC/Voices/Voices-1379.wav,test
datasec:DATASEC/Voices/Voices-1380.wav,datasec:DATASEC/Voices/Voices-1380.wav,validation
datasec:DATASEC/Voices/Voices-1381.wav,datasec:DATASEC/Voices/Voices-1381.wav,test
datasec:DATASEC/Voices/Voices-1382.wav,datasec:DATASEC/Voices/Voices-1382.wav,validation
datasec:DATASEC/Voices/Voices-1383.wav,datasec:DATASEC/Voices/Voices-1383.wav,train
datasec:DATASEC/Voices/Voices-1384.wav,datasec:DATASEC/Voices/Voices-1384.wav,train
datasec:DATASEC/Voices/Voices-1385.wav,datasec:DATASEC/Voices/Voices-1385.wav,train
datasec:DATASEC/Voices/Voices-1386.wav,datasec:DATASEC/Voices/Voices-1386.wav,train
datasec:DATASEC/Voices/Voices-1387.wav,datasec:DATASEC/Voices/Voices-1387.wav,validation
datasec:DATASEC/Voices/Voices-1388.wav,datasec:DATASEC/Voices/Voices-1388.wav,train
datasec:DATASEC/Voices/Voices-1389.wav,datasec:DATASEC/Voices/Voices-1389.wav,train
datasec:DATASEC/Voices/Voices-1390.wav,datasec:DATASEC/Voices/Voices-1390.wav,train
datasec:DATASEC/Voices/Voices-1391.wav,datasec:DATASEC/Voices/Voices-1391.wav,validation
datasec:DATASEC/Voices/Voices-1392.wav,datasec:DATASEC/Voices/Voices-1392.wav,train
datasec:DATASEC/Voices/Voices-1393.wav,datasec:DATASEC/Voices/Voices-1393.wav,train
datasec:DATASEC/Voices/Voices-1394.wav,datasec:DATASEC/Voices/Voices-1394.wav,train
datasec:DATASEC/Voices/Voices-1395.wav,datasec:DATASEC/Voices/Voices-1395.wav,train
datasec:DATASEC/Voices/Voices-1396.wav,datasec:DATASEC/Voices/Voices-1396.wav,test
datasec:DATASEC/Voices/Voices-1397.wav,datasec:DATASEC/Voices/Voices-1397.wav,train
datasec:DATASEC/Voices/Voices-1398.wav,datasec:DATASEC/Voices/Voices-1398.wav,train
datasec:DATASEC/Voices/Voices-1399.wav,datasec:DATASEC/Voices/Voices-1399.wav,train
datasec:DATASEC/Voices/Voices-1400.wav,datasec:DATASEC/Voices/Voices-1400.wav,train
datasec:DATASEC/Voices/Voices-1401.wav,datasec:DATASEC/Voices/Voices-1401.wav,train
datasec:DATASEC/Voices/Voices-1402.wav,datasec:DATASEC/Voices/Voices-1402.wav,train
datasec:DATASEC/Voices/Voices-1403.wav,datasec:DATASEC/Voices/Voices-1403.wav,train
datasec:DATASEC/Voices/Voices-1404.wav,datasec:DATASEC/Voices/Voices-1404.wav,train
datasec:DATASEC/Voices/Voices-1405.wav,datasec:DATASEC/Voices/Voices-1405.wav,train
datasec:DATASEC/Voices/Voices-1406.wav,datasec:DATASEC/Voices/Voices-1406.wav,train
datasec:DATASEC/Voices/Voices-1407.wav,datasec:DATASEC/Voices/Voices-1407.wav,train
datasec:DATASEC/Voices/Voices-1408.wav,datasec:DATASEC/Voices/Voices-1408.wav,train
datasec:DATASEC/Voices/Voices-1409.wav,datasec:DATASEC/Voices/Voices-1409.wav,train
datasec:DATASEC/Voices/Voices-1410.wav,datasec:DATASEC/Voices/Voices-1410.wav,train
datasec:DATASEC/Voices/Voices-1411.wav,datasec:DATASEC/Voices/Voices-1411.wav,validation
datasec:DATASEC/Voices/Voices-1412.wav,datasec:DATASEC/Voices/Voices-1412.wav,validation
datasec:DATASEC/Voices/Voices-1413.wav,datasec:DATASEC/Voices/Voices-1413.wav,train
datasec:DATASEC/Voices/Voices-1414.wav,datasec:DATASEC/Voices/Voices-1414.wav,validation
datasec:DATASEC/Voices/Voices-1415.wav,datasec:DATASEC/Voices/Voices-1415.wav,test
datasec:DATASEC/Voices/Voices-1416.wav,datasec:DATASEC/Voices/Voices-1416.wav,train
datasec:DATASEC/Voices/Voices-1417.wav,datasec:DATASEC/Voices/Voices-1417.wav,validation
datasec:DATASEC/Voices/Voices-1418.wav,datasec:DATASEC/Voices/Voices-1418.wav,train
datasec:DATASEC/Voices/Voices-1419.wav,datasec:DATASEC/Voices/Voices-1419.wav,train
datasec:DATASEC/Voices/Voices-1420.wav,datasec:DATASEC/Voices/Voices-1420.wav,validation
datasec:DATASEC/Voices/Voices-1421.wav,datasec:DATASEC/Voices/Voices-1421.wav,train
datasec:DATASEC/Voices/Voices-1422.wav,datasec:DATASEC/Voices/Voices-1422.wav,train
datasec:DATASEC/Voices/Voices-1423.wav,datasec:DATASEC/Voices/Voices-1423.wav,train
datasec:DATASEC/Voices/Voices-1424.wav,datasec:DATASEC/Voices/Voices-1424.wav,train
datasec:DATASEC/Voices/Voices-1425.wav,datasec:DATASEC/Voices/Voices-1425.wav,test
datasec:DATASEC/Voices/Voices-1426.wav,datasec:DATASEC/Voices/Voices-1426.wav,test
datasec:DATASEC/Voices/Voices-1427.wav,datasec:DATASEC/Voices/Voices-1427.wav,train
datasec:DATASEC/Voices/Voices-1428.wav,datasec:DATASEC/Voices/Voices-1428.wav,train
datasec:DATASEC/Voices/Voices-1429.wav,datasec:DATASEC/Voices/Voices-1429.wav,test
datasec:DATASEC/Voices/Voices-1430.wav,datasec:DATASEC/Voices/Voices-1430.wav,train
datasec:DATASEC/Voices/Voices-1431.wav,datasec:DATASEC/Voices/Voices-1431.wav,validation
datasec:DATASEC/Voices/Voices-1432.wav,datasec:DATASEC/Voices/Voices-1432.wav,train
datasec:DATASEC/Voices/Voices-1433.wav,datasec:DATASEC/Voices/Voices-1433.wav,validation
datasec:DATASEC/Voices/Voices-1434.wav,datasec:DATASEC/Voices/Voices-1434.wav,train
datasec:DATASEC/Voices/Voices-1435.wav,datasec:DATASEC/Voices/Voices-1435.wav,test
datasec:DATASEC/Voices/Voices-1436.wav,datasec:DATASEC/Voices/Voices-1436.wav,test
datasec:DATASEC/Voices/Voices-1437.wav,datasec:DATASEC/Voices/Voices-1437.wav,test
datasec:DATASEC/Voices/Voices-1438.wav,datasec:DATASEC/Voices/Voices-1438.wav,train
datasec:DATASEC/Voices/Voices-1439.wav,datasec:DATASEC/Voices/Voices-1439.wav,test
datasec:DATASEC/Voices/Voices-1440.wav,datasec:DATASEC/Voices/Voices-1440.wav,train
datasec:DATASEC/Voices/Voices-1441.wav,datasec:DATASEC/Voices/Voices-1441.wav,train
datasec:DATASEC/Voices/Voices-1442.wav,datasec:DATASEC/Voices/Voices-1442.wav,train
datasec:DATASEC/Voices/Voices-1443.wav,datasec:DATASEC/Voices/Voices-1443.wav,test
datasec:DATASEC/Voices/Voices-1444.wav,datasec:DATASEC/Voices/Voices-1444.wav,train
datasec:DATASEC/Voices/Voices-1445.wav,datasec:DATASEC/Voices/Voices-1445.wav,test
datasec:DATASEC/Voices/Voices-1446.wav,datasec:DATASEC/Voices/Voices-1446.wav,train
datasec:DATASEC/Voices/Voices-1447.wav,datasec:DATASEC/Voices/Voices-1447.wav,train
datasec:DATASEC/Voices/Voices-1448.wav,datasec:DATASEC/Voices/Voices-1448.wav,train
datasec:DATASEC/Voices/Voices-1449.wav,datasec:DATASEC/Voices/Voices-1449.wav,train
datasec:DATASEC/Voices/Voices-1450.wav,datasec:DATASEC/Voices/Voices-1450.wav,train
datasec:DATASEC/Voices/Voices-1451.wav,datasec:DATASEC/Voices/Voices-1451.wav,train
datasec:DATASEC/Voices/Voices-1452.wav,datasec:DATASEC/Voices/Voices-1452.wav,train
datasec:DATASEC/Voices/Voices-1453.wav,datasec:DATASEC/Voices/Voices-1453.wav,validation
datasec:DATASEC/Voices/Voices-1454.wav,datasec:DATASEC/Voices/Voices-1454.wav,validation
datasec:DATASEC/Voices/Voices-1455.wav,datasec:DATASEC/Voices/Voices-1455.wav,train
datasec:DATASEC/Voices/Voices-1456.wav,datasec:DATASEC/Voices/Voices-1456.wav,train
datasec:DATASEC/Voices/Voices-1457.wav,datasec:DATASEC/Voices/Voices-1457.wav,train
datasec:DATASEC/Voices/Voices-1458.wav,datasec:DATASEC/Voices/Voices-1458.wav,train
datasec:DATASEC/Voices/Voices-1459.wav,datasec:DATASEC/Voices/Voices-1459.wav,train
datasec:DATASEC/Voices/Voices-1460.wav,datasec:DATASEC/Voices/Voices-1460.wav,validation
datasec:DATASEC/Voices/Voices-1461.wav,datasec:DATASEC/Voices/Voices-1461.wav,train
datasec:DATASEC/Voices/Voices-1462.wav,datasec:DATASEC/Voices/Voices-1462.wav,train
datasec:DATASEC/Voices/Voices-1463.wav,datasec:DATASEC/Voices/Voices-1463.wav,train
datasec:DATASEC/Voices/Voices-1464.wav,datasec:DATASEC/Voices/Voices-1464.wav,train
datasec:DATASEC/Voices/Voices-1465.wav,datasec:DATASEC/Voices/Voices-1465.wav,validation
datasec:DATASEC/Voices/Voices-1466.wav,datasec:DATASEC/Voices/Voices-1466.wav,train
datasec:DATASEC/Voices/Voices-1467.wav,datasec:DATASEC/Voices/Voices-1467.wav,test
datasec:DATASEC/Voices/Voices-1468.wav,datasec:DATASEC/Voices/Voices-1468.wav,train
datasec:DATASEC/Voices/Voices-1469.wav,datasec:DATASEC/Voices/Voices-1469.wav,train
datasec:DATASEC/Voices/Voices-1470.wav,datasec:DATASEC/Voices/Voices-1470.wav,train
datasec:DATASEC/Voices/Voices-1471.wav,datasec:DATASEC/Voices/Voices-1471.wav,validation
datasec:DATASEC/Voices/Voices-1472.wav,datasec:DATASEC/Voices/Voices-1472.wav,train
datasec:DATASEC/Voices/Voices-1473.wav,datasec:DATASEC/Voices/Voices-1473.wav,train
datasec:DATASEC/Voices/Voices-1474.wav,datasec:DATASEC/Voices/Voices-1474.wav,test
datasec:DATASEC/Voices/Voices-1475.wav,datasec:DATASEC/Voices/Voices-1475.wav,train
datasec:DATASEC/Voices/Voices-1476.wav,datasec:DATASEC/Voices/Voices-1476.wav,validation
datasec:DATASEC/Voices/Voices-1477.wav,datasec:DATASEC/Voices/Voices-1477.wav,train
datasec:DATASEC/Voices/Voices-1478.wav,datasec:DATASEC/Voices/Voices-1478.wav,train
datasec:DATASEC/Voices/Voices-1479.wav,datasec:DATASEC/Voices/Voices-1479.wav,test
datasec:DATASEC/Voices/Voices-1480.wav,datasec:DATASEC/Voices/Voices-1480.wav,train
datasec:DATASEC/Voices/Voices-1481.wav,datasec:DATASEC/Voices/Voices-1481.wav,train
datasec:DATASEC/Voices/Voices-1482.wav,datasec:DATASEC/Voices/Voices-1482.wav,validation
datasec:DATASEC/Voices/Voices-1483.wav,datasec:DATASEC/Voices/Voices-1483.wav,train
datasec:DATASEC/Voices/Voices-1484.wav,datasec:DATASEC/Voices/Voices-1484.wav,validation
datasec:DATASEC/Voices/Voices-1485.wav,datasec:DATASEC/Voices/Voices-1485.wav,validation
datasec:DATASEC/Voices/Voices-1486.wav,datasec:DATASEC/Voices/Voices-1486.wav,train
datasec:DATASEC/Voices/Voices-1487.wav,datasec:DATASEC/Voices/Voices-1487.wav,train
datasec:DATASEC/Voices/Voices-1488.wav,datasec:DATASEC/Voices/Voices-1488.wav,validation
datasec:DATASEC/Voices/Voices-1489.wav,datasec:DATASEC/Voices/Voices-1489.wav,train
datasec:DATASEC/Voices/Voices-1490.wav,datasec:DATASEC/Voices/Voices-1490.wav,train
datasec:DATASEC/Voices/Voices-1491.wav,datasec:DATASEC/Voices/Voices-1491.wav,train
datasec:DATASEC/Voices/Voices-1492.wav,datasec:DATASEC/Voices/Voices-1492.wav,test
datasec:DATASEC/Voices/Voices-1493.wav,datasec:DATASEC/Voices/Voices-1493.wav,train
datasec:DATASEC/Voices/Voices-1494.wav,datasec:DATASEC/Voices/Voices-1494.wav,train
datasec:DATASEC/Voices/Voices-1495.wav,datasec:DATASEC/Voices/Voices-1495.wav,validation
datasec:DATASEC/Voices/Voices-1496.wav,datasec:DATASEC/Voices/Voices-1496.wav,train
datasec:DATASEC/Voices/Voices-1497.wav,datasec:DATASEC/Voices/Voices-1497.wav,test
datasec:DATASEC/Voices/Voices-1498.wav,datasec:DATASEC/Voices/Voices-1498.wav,test
datasec:DATASEC/Voices/Voices-1499.wav,datasec:DATASEC/Voices/Voices-1499.wav,train
datasec:DATASEC/Voices/Voices-1500.wav,datasec:DATASEC/Voices/Voices-1500.wav,train
datasec:DATASEC/Voices/Voices-1501.wav,datasec:DATASEC/Voices/Voices-1501.wav,train
datasec:DATASEC/Voices/Voices-1502.wav,datasec:DATASEC/Voices/Voices-1502.wav,train
datasec:DATASEC/Voices/Voices-1503.wav,datasec:DATASEC/Voices/Voices-1503.wav,train
datasec:DATASEC/Voices/Voices-1504.wav,datasec:DATASEC/Voices/Voices-1504.wav,train
datasec:DATASEC/Voices/Voices-1505.wav,datasec:DATASEC/Voices/Voices-1505.wav,train
datasec:DATASEC/Voices/Voices-1506.wav,datasec:DATASEC/Voices/Voices-1506.wav,validation
datasec:DATASEC/Voices/Voices-1507.wav,datasec:DATASEC/Voices/Voices-1507.wav,train
datasec:DATASEC/Voices/Voices-1508.wav,datasec:DATASEC/Voices/Voices-1508.wav,train
datasec:DATASEC/Voices/Voices-1509.wav,datasec:DATASEC/Voices/Voices-1509.wav,validation
datasec:DATASEC/Voices/Voices-1510.wav,datasec:DATASEC/Voices/Voices-1510.wav,test
datasec:DATASEC/Voices/Voices-1511.wav,datasec:DATASEC/Voices/Voices-1511.wav,train
datasec:DATASEC/Voices/Voices-1512.wav,datasec:DATASEC/Voices/Voices-1512.wav,train
datasec:DATASEC/Voices/Voices-1513.wav,datasec:DATASEC/Voices/Voices-1513.wav,train
datasec:DATASEC/Voices/Voices-1514.wav,datasec:DATASEC/Voices/Voices-1514.wav,train
datasec:DATASEC/Voices/Voices-1515.wav,datasec:DATASEC/Voices/Voices-1515.wav,train
datasec:DATASEC/Voices/Voices-1516.wav,datasec:DATASEC/Voices/Voices-1516.wav,train
datasec:DATASEC/Voices/Voices-1517.wav,datasec:DATASEC/Voices/Voices-1517.wav,train
datasec:DATASEC/Voices/Voices-1518.wav,datasec:DATASEC/Voices/Voices-1518.wav,test
datasec:DATASEC/Voices/Voices-1519.wav,datasec:DATASEC/Voices/Voices-1519.wav,train
datasec:DATASEC/Voices/Voices-1520.wav,datasec:DATASEC/Voices/Voices-1520.wav,train
datasec:DATASEC/Voices/Voices-1521.wav,datasec:DATASEC/Voices/Voices-1521.wav,train
datasec:DATASEC/Voices/Voices-1522.wav,datasec:DATASEC/Voices/Voices-1522.wav,train
datasec:DATASEC/Voices/Voices-1523.wav,datasec:DATASEC/Voices/Voices-1523.wav,train
datasec:DATASEC/Voices/Voices-1524.wav,datasec:DATASEC/Voices/Voices-1524.wav,train
datasec:DATASEC/Voices/Voices-1525.wav,datasec:DATASEC/Voices/Voices-1525.wav,test
datasec:DATASEC/Voices/Voices-1526.wav,datasec:DATASEC/Voices/Voices-1526.wav,test
datasec:DATASEC/Voices/Voices-1527.wav,datasec:DATASEC/Voices/Voices-1527.wav,train
datasec:DATASEC/Voices/Voices-1528.wav,datasec:DATASEC/Voices/Voices-1528.wav,test
datasec:DATASEC/Voices/Voices-1529.wav,datasec:DATASEC/Voices/Voices-1529.wav,test
datasec:DATASEC/Voices/Voices-1530.wav,datasec:DATASEC/Voices/Voices-1530.wav,test
datasec:DATASEC/Voices/Voices-1531.wav,datasec:DATASEC/Voices/Voices-1531.wav,train
datasec:DATASEC/Voices/Voices-1532.wav,datasec:DATASEC/Voices/Voices-1532.wav,train
datasec:DATASEC/Voices/Voices-1533.wav,datasec:DATASEC/Voices/Voices-1533.wav,validation
datasec:DATASEC/Voices/Voices-1534.wav,datasec:DATASEC/Voices/Voices-1534.wav,validation
datasec:DATASEC/Voices/Voices-1535.wav,datasec:DATASEC/Voices/Voices-1535.wav,validation
datasec:DATASEC/Voices/Voices-1536.wav,datasec:DATASEC/Voices/Voices-1536.wav,validation
datasec:DATASEC/Voices/Voices-1537.wav,datasec:DATASEC/Voices/Voices-1537.wav,train
datasec:DATASEC/Voices/Voices-1538.wav,datasec:DATASEC/Voices/Voices-1538.wav,train
datasec:DATASEC/Voices/Voices-1539.wav,datasec:DATASEC/Voices/Voices-1539.wav,test
datasec:DATASEC/Voices/Voices-1540.wav,datasec:DATASEC/Voices/Voices-1540.wav,train
datasec:DATASEC/Voices/Voices-1541.wav,datasec:DATASEC/Voices/Voices-1541.wav,test
datasec:DATASEC/Voices/Voices-1542.wav,datasec:DATASEC/Voices/Voices-1542.wav,test
datasec:DATASEC/Voices/Voices-1543.wav,datasec:DATASEC/Voices/Voices-1543.wav,train
datasec:DATASEC/Voices/Voices-1544.wav,datasec:DATASEC/Voices/Voices-1544.wav,train
datasec:DATASEC/Voices/Voices-1545.wav,datasec:DATASEC/Voices/Voices-1545.wav,train
datasec:DATASEC/Voices/Voices-1546.wav,datasec:DATASEC/Voices/Voices-1546.wav,train
datasec:DATASEC/Voices/Voices-1547.wav,datasec:DATASEC/Voices/Voices-1547.wav,train
datasec:DATASEC/Voices/Voices-1548.wav,datasec:DATASEC/Voices/Voices-1548.wav,train
datasec:DATASEC/Voices/Voices-1549.wav,datasec:DATASEC/Voices/Voices-1549.wav,train
datasec:DATASEC/Voices/Voices-1550.wav,datasec:DATASEC/Voices/Voices-1550.wav,train
datasec:DATASEC/Voices/Voices-1551.wav,datasec:DATASEC/Voices/Voices-1551.wav,train
datasec:DATASEC/Voices/Voices-1552.wav,datasec:DATASEC/Voices/Voices-1552.wav,validation
datasec:DATASEC/Voices/Voices-1553.wav,datasec:DATASEC/Voices/Voices-1553.wav,test
datasec:DATASEC/Voices/Voices-1554.wav,datasec:DATASEC/Voices/Voices-1554.wav,test
datasec:DATASEC/Voices/Voices-1555.wav,datasec:DATASEC/Voices/Voices-1555.wav,validation
datasec:DATASEC/Voices/Voices-1556.wav,datasec:DATASEC/Voices/Voices-1556.wav,train
datasec:DATASEC/Voices/Voices-1557.wav,datasec:DATASEC/Voices/Voices-1557.wav,train
datasec:DATASEC/Voices/Voices-1558.wav,datasec:DATASEC/Voices/Voices-1558.wav,train
datasec:DATASEC/Voices/Voices-1559.wav,datasec:DATASEC/Voices/Voices-1559.wav,test
datasec:DATASEC/Voices/Voices-1560.wav,datasec:DATASEC/Voices/Voices-1560.wav,train
datasec:DATASEC/Voices/Voices-1561.wav,datasec:DATASEC/Voices/Voices-1561.wav,train
datasec:DATASEC/Voices/Voices-1562.wav,datasec:DATASEC/Voices/Voices-1562.wav,train
datasec:DATASEC/Voices/Voices-1563.wav,datasec:DATASEC/Voices/Voices-1563.wav,train
datasec:DATASEC/Voices/Voices-1564.wav,datasec:DATASEC/Voices/Voices-1564.wav,test
datasec:DATASEC/Voices/Voices-1565.wav,datasec:DATASEC/Voices/Voices-1565.wav,train
datasec:DATASEC/Voices/Voices-1566.wav,datasec:DATASEC/Voices/Voices-1566.wav,train
datasec:DATASEC/Voices/Voices-1567.wav,datasec:DATASEC/Voices/Voices-1567.wav,train
datasec:DATASEC/Voices/Voices-1568.wav,datasec:DATASEC/Voices/Voices-1568.wav,train
datasec:DATASEC/Voices/Voices-1569.wav,datasec:DATASEC/Voices/Voices-1569.wav,train
datasec:DATASEC/Voices/Voices-1570.wav,datasec:DATASEC/Voices/Voices-1570.wav,train
datasec:DATASEC/Voices/Voices-1571.wav,datasec:DATASEC/Voices/Voices-1571.wav,train
datasec:DATASEC/Voices/Voices-1572.wav,datasec:DATASEC/Voices/Voices-1572.wav,train
datasec:DATASEC/Voices/Voices-1573.wav,datasec:DATASEC/Voices/Voices-1573.wav,train
datasec:DATASEC/Voices/Voices-1574.wav,datasec:DATASEC/Voices/Voices-1574.wav,train
datasec:DATASEC/Voices/Voices-1575.wav,datasec:DATASEC/Voices/Voices-1575.wav,validation
datasec:DATASEC/Voices/Voices-1576.wav,datasec:DATASEC/Voices/Voices-1576.wav,test
datasec:DATASEC/Voices/Voices-1577.wav,datasec:DATASEC/Voices/Voices-1577.wav,train
datasec:DATASEC/Voices/Voices-1578.wav,datasec:DATASEC/Voices/Voices-1578.wav,train
datasec:DATASEC/Voices/Voices-1579.wav,datasec:DATASEC/Voices/Voices-1579.wav,train
datasec:DATASEC/Voices/Voices-1580.wav,datasec:DATASEC/Voices/Voices-1580.wav,train
datasec:DATASEC/Voices/Voices-1581.wav,datasec:DATASEC/Voices/Voices-1581.wav,train
datasec:DATASEC/Voices/Voices-1582.wav,datasec:DATASEC/Voices/Voices-1582.wav,validation
datasec:DATASEC/Voices/Voices-1583.wav,datasec:DATASEC/Voices/Voices-1583.wav,train
datasec:DATASEC/Voices/Voices-1584.wav,datasec:DATASEC/Voices/Voices-1584.wav,train
datasec:DATASEC/Voices/Voices-1585.wav,datasec:DATASEC/Voices/Voices-1585.wav,train
datasec:DATASEC/Voices/Voices-1586.wav,datasec:DATASEC/Voices/Voices-1586.wav,train
datasec:DATASEC/Voices/Voices-1587.wav,datasec:DATASEC/Voices/Voices-1587.wav,train
datasec:DATASEC/Voices/Voices-1588.wav,datasec:DATASEC/Voices/Voices-1588.wav,validation
datasec:DATASEC/Voices/Voices-1589.wav,datasec:DATASEC/Voices/Voices-1589.wav,validation
datasec:DATASEC/Voices/Voices-1590.wav,datasec:DATASEC/Voices/Voices-1590.wav,train
datasec:DATASEC/Voices/Voices-1591.wav,datasec:DATASEC/Voices/Voices-1591.wav,train
datasec:DATASEC/Voices/Voices-1592.wav,datasec:DATASEC/Voices/Voices-1592.wav,train
datasec:DATASEC/Voices/Voices-1593.wav,datasec:DATASEC/Voices/Voices-1593.wav,train
datasec:DATASEC/Voices/Voices-1594.wav,datasec:DATASEC/Voices/Voices-1594.wav,validation
datasec:DATASEC/Voices/Voices-1595.wav,datasec:DATASEC/Voices/Voices-1595.wav,validation
datasec:DATASEC/Voices/Voices-1596.wav,datasec:DATASEC/Voices/Voices-1596.wav,test
datasec:DATASEC/Voices/Voices-1597.wav,datasec:DATASEC/Voices/Voices-1597.wav,train
datasec:DATASEC/Voices/Voices-1598.wav,datasec:DATASEC/Voices/Voices-1598.wav,train
datasec:DATASEC/Voices/Voices-1599.wav,datasec:DATASEC/Voices/Voices-1599.wav,train
datasec:DATASEC/Voices/Voices-1600.wav,datasec:DATASEC/Voices/Voices-1600.wav,validation
datasec:DATASEC/Voices/Voices-1601.wav,datasec:DATASEC/Voices/Voices-1601.wav,train
datasec:DATASEC/Voices/Voices-1602.wav,datasec:DATASEC/Voices/Voices-1602.wav,validation
datasec:DATASEC/Voices/Voices-1603.wav,datasec:DATASEC/Voices/Voices-1603.wav,train
datasec:DATASEC/Voices/Voices-1604.wav,datasec:DATASEC/Voices/Voices-1604.wav,validation
datasec:DATASEC/Voices/Voices-1605.wav,datasec:DATASEC/Voices/Voices-1605.wav,train
datasec:DATASEC/Voices/Voices-1606.wav,datasec:DATASEC/Voices/Voices-1606.wav,train
datasec:DATASEC/Voices/Voices-1607.wav,datasec:DATASEC/Voices/Voices-1607.wav,validation
datasec:DATASEC/Voices/Voices-1608.wav,datasec:DATASEC/Voices/Voices-1608.wav,train
datasec:DATASEC/Voices/Voices-1609.wav,datasec:DATASEC/Voices/Voices-1609.wav,test
datasec:DATASEC/Voices/Voices-1610.wav,datasec:DATASEC/Voices/Voices-1610.wav,test
datasec:DATASEC/Voices/Voices-1611.wav,datasec:DATASEC/Voices/Voices-1611.wav,train
datasec:DATASEC/Voices/Voices-1612.wav,datasec:DATASEC/Voices/Voices-1612.wav,validation
datasec:DATASEC/Voices/Voices-1613.wav,datasec:DATASEC/Voices/Voices-1613.wav,train
datasec:DATASEC/Voices/Voices-1614.wav,datasec:DATASEC/Voices/Voices-1614.wav,test
datasec:DATASEC/Voices/Voices-1615.wav,datasec:DATASEC/Voices/Voices-1615.wav,train
datasec:DATASEC/Voices/Voices-1616.wav,datasec:DATASEC/Voices/Voices-1616.wav,train
datasec:DATASEC/Voices/Voices-1617.wav,datasec:DATASEC/Voices/Voices-1617.wav,train
datasec:DATASEC/Voices/Voices-1618.wav,datasec:DATASEC/Voices/Voices-1618.wav,train
datasec:DATASEC/Voices/Voices-1619.wav,datasec:DATASEC/Voices/Voices-1619.wav,train
datasec:DATASEC/Voices/Voices-1620.wav,datasec:DATASEC/Voices/Voices-1620.wav,train
datasec:DATASEC/Voices/Voices-1621.wav,datasec:DATASEC/Voices/Voices-1621.wav,train
datasec:DATASEC/Voices/Voices-1622.wav,datasec:DATASEC/Voices/Voices-1622.wav,validation
datasec:DATASEC/Voices/Voices-1623.wav,datasec:DATASEC/Voices/Voices-1623.wav,train
datasec:DATASEC/Voices/Voices-1624.wav,datasec:DATASEC/Voices/Voices-1624.wav,test
datasec:DATASEC/Voices/Voices-1625.wav,datasec:DATASEC/Voices/Voices-1625.wav,train
datasec:DATASEC/Voices/Voices-1626.wav,datasec:DATASEC/Voices/Voices-1626.wav,train
datasec:DATASEC/Voices/Voices-1627.wav,datasec:DATASEC/Voices/Voices-1627.wav,train
datasec:DATASEC/Voices/Voices-1628.wav,datasec:DATASEC/Voices/Voices-1628.wav,test
datasec:DATASEC/Voices/Voices-1629.wav,datasec:DATASEC/Voices/Voices-1629.wav,train
datasec:DATASEC/Voices/Voices-1630.wav,datasec:DATASEC/Voices/Voices-1630.wav,train
datasec:DATASEC/Voices/Voices-1631.wav,datasec:DATASEC/Voices/Voices-1631.wav,train
datasec:DATASEC/Voices/Voices-1632.wav,datasec:DATASEC/Voices/Voices-1632.wav,train
datasec:DATASEC/Voices/Voices-1633.wav,datasec:DATASEC/Voices/Voices-1633.wav,test
datasec:DATASEC/Voices/Voices-1634.wav,datasec:DATASEC/Voices/Voices-1634.wav,validation
datasec:DATASEC/Voices/Voices-1635.wav,datasec:DATASEC/Voices/Voices-1635.wav,test
datasec:DATASEC/Voices/Voices-1636.wav,datasec:DATASEC/Voices/Voices-1636.wav,train
datasec:DATASEC/Voices/Voices-1637.wav,datasec:DATASEC/Voices/Voices-1637.wav,train
datasec:DATASEC/Voices/Voices-1638.wav,datasec:DATASEC/Voices/Voices-1638.wav,validation
datasec:DATASEC/Voices/Voices-1639.wav,datasec:DATASEC/Voices/Voices-1639.wav,train
datasec:DATASEC/Voices/Voices-1640.wav,datasec:DATASEC/Voices/Voices-1640.wav,train
datasec:DATASEC/Voices/Voices-1641.wav,datasec:DATASEC/Voices/Voices-1641.wav,train
datasec:DATASEC/Voices/Voices-1642.wav,datasec:DATASEC/Voices/Voices-1642.wav,train
datasec:DATASEC/Voices/Voices-1643.wav,datasec:DATASEC/Voices/Voices-1643.wav,train
datasec:DATASEC/Voices/Voices-1644.wav,datasec:DATASEC/Voices/Voices-1644.wav,train
datasec:DATASEC/Voices/Voices-1645.wav,datasec:DATASEC/Voices/Voices-1645.wav,train
datasec:DATASEC/Voices/Voices-1646.wav,datasec:DATASEC/Voices/Voices-1646.wav,train
datasec:DATASEC/Voices/Voices-1647.wav,datasec:DATASEC/Voices/Voices-1647.wav,train
datasec:DATASEC/Voices/Voices-1648.wav,datasec:DATASEC/Voices/Voices-1648.wav,train
datasec:DATASEC/Voices/Voices-1649.wav,datasec:DATASEC/Voices/Voices-1649.wav,train
datasec:DATASEC/Voices/Voices-1650.wav,datasec:DATASEC/Voices/Voices-1650.wav,test
datasec:DATASEC/Voices/Voices-1651.wav,datasec:DATASEC/Voices/Voices-1651.wav,test
datasec:DATASEC/Voices/Voices-1652.wav,datasec:DATASEC/Voices/Voices-1652.wav,train
datasec:DATASEC/Voices/Voices-1653.wav,datasec:DATASEC/Voices/Voices-1653.wav,train
datasec:DATASEC/Voices/Voices-1654.wav,datasec:DATASEC/Voices/Voices-1654.wav,train
datasec:DATASEC/Voices/Voices-1655.wav,datasec:DATASEC/Voices/Voices-1655.wav,train
datasec:DATASEC/Voices/Voices-1656.wav,datasec:DATASEC/Voices/Voices-1656.wav,validation
datasec:DATASEC/Voices/Voices-1657.wav,datasec:DATASEC/Voices/Voices-1657.wav,train
datasec:DATASEC/Voices/Voices-1658.wav,datasec:DATASEC/Voices/Voices-1658.wav,train
datasec:DATASEC/Voices/Voices-1659.wav,datasec:DATASEC/Voices/Voices-1659.wav,validation
datasec:DATASEC/Voices/Voices-1660.wav,datasec:DATASEC/Voices/Voices-1660.wav,test
datasec:DATASEC/Voices/Voices-1661.wav,datasec:DATASEC/Voices/Voices-1661.wav,test
datasec:DATASEC/Voices/Voices-1662.wav,datasec:DATASEC/Voices/Voices-1662.wav,train
datasec:DATASEC/Voices/Voices-1663.wav,datasec:DATASEC/Voices/Voices-1663.wav,test
datasec:DATASEC/Voices/Voices-1664.wav,datasec:DATASEC/Voices/Voices-1664.wav,train
datasec:DATASEC/Voices/Voices-1665.wav,datasec:DATASEC/Voices/Voices-1665.wav,train
datasec:DATASEC/Voices/Voices-1666.wav,datasec:DATASEC/Voices/Voices-1666.wav,train
datasec:DATASEC/Voices/Voices-1667.wav,datasec:DATASEC/Voices/Voices-1667.wav,train
datasec:DATASEC/Voices/Voices-1668.wav,datasec:DATASEC/Voices/Voices-1668.wav,train
datasec:DATASEC/Voices/Voices-1669.wav,datasec:DATASEC/Voices/Voices-1669.wav,train
datasec:DATASEC/Voices/Voices-1670.wav,datasec:DATASEC/Voices/Voices-1670.wav,train
datasec:DATASEC/Voices/Voices-1671.wav,datasec:DATASEC/Voices/Voices-1671.wav,train
datasec:DATASEC/Voices/Voices-1672.wav,datasec:DATASEC/Voices/Voices-1672.wav,train
datasec:DATASEC/Voices/Voices-1673.wav,datasec:DATASEC/Voices/Voices-1673.wav,train
datasec:DATASEC/Voices/Voices-1674.wav,datasec:DATASEC/Voices/Voices-1674.wav,train
datasec:DATASEC/Voices/Voices-1675.wav,datasec:DATASEC/Voices/Voices-1675.wav,train
datasec:DATASEC/Voices/Voices-1676.wav,datasec:DATASEC/Voices/Voices-1676.wav,train
datasec:DATASEC/Voices/Voices-1677.wav,datasec:DATASEC/Voices/Voices-1677.wav,train
datasec:DATASEC/Voices/Voices-1678.wav,datasec:DATASEC/Voices/Voices-1678.wav,train
datasec:DATASEC/Voices/Voices-1679.wav,datasec:DATASEC/Voices/Voices-1679.wav,train
datasec:DATASEC/Voices/Voices-1680.wav,datasec:DATASEC/Voices/Voices-1680.wav,train
datasec:DATASEC/Voices/Voices-1681.wav,datasec:DATASEC/Voices/Voices-1681.wav,train
datasec:DATASEC/Voices/Voices-1682.wav,datasec:DATASEC/Voices/Voices-1682.wav,train
datasec:DATASEC/Voices/Voices-1683.wav,datasec:DATASEC/Voices/Voices-1683.wav,train
datasec:DATASEC/Voices/Voices-1684.wav,datasec:DATASEC/Voices/Voices-1684.wav,train
datasec:DATASEC/Voices/Voices-1685.wav,datasec:DATASEC/Voices/Voices-1685.wav,train
datasec:DATASEC/Voices/Voices-1686.wav,datasec:DATASEC/Voices/Voices-1686.wav,train
datasec:DATASEC/Voices/Voices-1687.wav,datasec:DATASEC/Voices/Voices-1687.wav,train
datasec:DATASEC/Voices/Voices-1688.wav,datasec:DATASEC/Voices/Voices-1688.wav,train
datasec:DATASEC/Voices/Voices-1689.wav,datasec:DATASEC/Voices/Voices-1689.wav,train
datasec:DATASEC/Voices/Voices-1690.wav,datasec:DATASEC/Voices/Voices-1690.wav,validation
datasec:DATASEC/Voices/Voices-1691.wav,datasec:DATASEC/Voices/Voices-1691.wav,train
datasec:DATASEC/Voices/Voices-1692.wav,datasec:DATASEC/Voices/Voices-1692.wav,validation
datasec:DATASEC/Voices/Voices-1693.wav,datasec:DATASEC/Voices/Voices-1693.wav,train
datasec:DATASEC/Voices/Voices-1694.wav,datasec:DATASEC/Voices/Voices-1694.wav,validation
datasec:DATASEC/Voices/Voices-1695.wav,datasec:DATASEC/Voices/Voices-1695.wav,train
datasec:DATASEC/Voices/Voices-1696.wav,datasec:DATASEC/Voices/Voices-1696.wav,train
datasec:DATASEC/Voices/Voices-1697.wav,datasec:DATASEC/Voices/Voices-1697.wav,train
datasec:DATASEC/Voices/Voices-1698.wav,datasec:DATASEC/Voices/Voices-1698.wav,validation
datasec:DATASEC/Voices/Voices-1699.wav,datasec:DATASEC/Voices/Voices-1699.wav,train
datasec:DATASEC/Voices/Voices-1700.wav,datasec:DATASEC/Voices/Voices-1700.wav,validation
datasec:DATASEC/Voices/Voices-1701.wav,datasec:DATASEC/Voices/Voices-1701.wav,train
datasec:DATASEC/Voices/Voices-1702.wav,datasec:DATASEC/Voices/Voices-1702.wav,train
datasec:DATASEC/Voices/Voices-1703.wav,datasec:DATASEC/Voices/Voices-1703.wav,test
datasec:DATASEC/Voices/Voices-1704.wav,datasec:DATASEC/Voices/Voices-1704.wav,validation
datasec:DATASEC/Voices/Voices-1705.wav,datasec:DATASEC/Voices/Voices-1705.wav,train
datasec:DATASEC/Voices/Voices-1706.wav,datasec:DATASEC/Voices/Voices-1706.wav,train
datasec:DATASEC/Voices/Voices-1707.wav,datasec:DATASEC/Voices/Voices-1707.wav,train
datasec:DATASEC/Voices/Voices-1708.wav,datasec:DATASEC/Voices/Voices-1708.wav,train
datasec:DATASEC/Voices/Voices-1709.wav,datasec:DATASEC/Voices/Voices-1709.wav,train
datasec:DATASEC/Voices/Voices-1710.wav,datasec:DATASEC/Voices/Voices-1710.wav,train
datasec:DATASEC/Voices/Voices-1711.wav,datasec:DATASEC/Voices/Voices-1711.wav,train
datasec:DATASEC/Voices/Voices-1712.wav,datasec:DATASEC/Voices/Voices-1712.wav,train
datasec:DATASEC/Voices/Voices-1713.wav,datasec:DATASEC/Voices/Voices-1713.wav,train
datasec:DATASEC/Voices/Voices-1714.wav,datasec:DATASEC/Voices/Voices-1714.wav,test
datasec:DATASEC/Voices/Voices-1715.wav,datasec:DATASEC/Voices/Voices-1715.wav,train
datasec:DATASEC/Voices/Voices-1716.wav,datasec:DATASEC/Voices/Voices-1716.wav,train
datasec:DATASEC/Voices/Voices-1717.wav,datasec:DATASEC/Voices/Voices-1717.wav,validation
datasec:DATASEC/Voices/Voices-1718.wav,datasec:DATASEC/Voices/Voices-1718.wav,train
datasec:DATASEC/Voices/Voices-1719.wav,datasec:DATASEC/Voices/Voices-1719.wav,validation
datasec:DATASEC/Voices/Voices-1720.wav,datasec:DATASEC/Voices/Voices-1720.wav,validation
datasec:DATASEC/Voices/Voices-1721.wav,datasec:DATASEC/Voices/Voices-1721.wav,train
datasec:DATASEC/Voices/Voices-1722.wav,datasec:DATASEC/Voices/Voices-1722.wav,train
datasec:DATASEC/Voices/Voices-1723.wav,datasec:DATASEC/Voices/Voices-1723.wav,validation
datasec:DATASEC/Voices/Voices-1724.wav,datasec:DATASEC/Voices/Voices-1724.wav,train
datasec:DATASEC/Voices/Voices-1725.wav,datasec:DATASEC/Voices/Voices-1725.wav,test
datasec:DATASEC/Voices/Voices-1726.wav,datasec:DATASEC/Voices/Voices-1726.wav,train
datasec:DATASEC/Voices/Voices-1727.wav,datasec:DATASEC/Voices/Voices-1727.wav,train
datasec:DATASEC/Voices/Voices-1728.wav,datasec:DATASEC/Voices/Voices-1728.wav,train
datasec:DATASEC/Voices/Voices-1729.wav,datasec:DATASEC/Voices/Voices-1729.wav,train
datasec:DATASEC/Voices/Voices-1730.wav,datasec:DATASEC/Voices/Voices-1730.wav,train
datasec:DATASEC/Voices/Voices-1731.wav,datasec:DATASEC/Voices/Voices-1731.wav,train
datasec:DATASEC/Voices/Voices-1732.wav,datasec:DATASEC/Voices/Voices-1732.wav,train
datasec:DATASEC/Voices/Voices-1733.wav,datasec:DATASEC/Voices/Voices-1733.wav,train
datasec:DATASEC/Voices/Voices-1734.wav,datasec:DATASEC/Voices/Voices-1734.wav,train
datasec:DATASEC/Voices/Voices-1735.wav,datasec:DATASEC/Voices/Voices-1735.wav,validation
datasec:DATASEC/Voices/Voices-1736.wav,datasec:DATASEC/Voices/Voices-1736.wav,train
datasec:DATASEC/Voices/Voices-1737.wav,datasec:DATASEC/Voices/Voices-1737.wav,train
datasec:DATASEC/Voices/Voices-1738.wav,datasec:DATASEC/Voices/Voices-1738.wav,train
datasec:DATASEC/Voices/Voices-1739.wav,datasec:DATASEC/Voices/Voices-1739.wav,train
datasec:DATASEC/Voices/Voices-1740.wav,datasec:DATASEC/Voices/Voices-1740.wav,train
datasec:DATASEC/Voices/Voices-1741.wav,datasec:DATASEC/Voices/Voices-1741.wav,test
datasec:DATASEC/Voices/Voices-1742.wav,datasec:DATASEC/Voices/Voices-1742.wav,train
datasec:DATASEC/Voices/Voices-1743.wav,datasec:DATASEC/Voices/Voices-1743.wav,train
datasec:DATASEC/Voices/Voices-1744.wav,datasec:DATASEC/Voices/Voices-1744.wav,train
datasec:DATASEC/Voices/Voices-1745.wav,datasec:DATASEC/Voices/Voices-1745.wav,train
datasec:DATASEC/Voices/Voices-1746.wav,datasec:DATASEC/Voices/Voices-1746.wav,validation
datasec:DATASEC/Voices/Voices-1747.wav,datasec:DATASEC/Voices/Voices-1747.wav,train
datasec:DATASEC/Voices/Voices-1748.wav,datasec:DATASEC/Voices/Voices-1748.wav,train
datasec:DATASEC/Voices/Voices-1749.wav,datasec:DATASEC/Voices/Voices-1749.wav,train
datasec:DATASEC/Voices/Voices-1750.wav,datasec:DATASEC/Voices/Voices-1750.wav,train
datasec:DATASEC/Voices/Voices-1751.wav,datasec:DATASEC/Voices/Voices-1751.wav,train
datasec:DATASEC/Voices/Voices-1752.wav,datasec:DATASEC/Voices/Voices-1752.wav,test
datasec:DATASEC/Voices/Voices-1753.wav,datasec:DATASEC/Voices/Voices-1753.wav,validation
datasec:DATASEC/Voices/Voices-1754.wav,datasec:DATASEC/Voices/Voices-1754.wav,train
datasec:DATASEC/Voices/Voices-1755.wav,datasec:DATASEC/Voices/Voices-1755.wav,train
datasec:DATASEC/Voices/Voices-1756.wav,datasec:DATASEC/Voices/Voices-1756.wav,train
datasec:DATASEC/Voices/Voices-1757.wav,datasec:DATASEC/Voices/Voices-1757.wav,train
datasec:DATASEC/Voices/Voices-1758.wav,datasec:DATASEC/Voices/Voices-1758.wav,train
datasec:DATASEC/Voices/Voices-1759.wav,datasec:DATASEC/Voices/Voices-1759.wav,validation
datasec:DATASEC/Voices/Voices-1760.wav,datasec:DATASEC/Voices/Voices-1760.wav,validation
datasec:DATASEC/Voices/Voices-1761.wav,datasec:DATASEC/Voices/Voices-1761.wav,train
datasec:DATASEC/Voices/Voices-1762.wav,datasec:DATASEC/Voices/Voices-1762.wav,validation
datasec:DATASEC/Voices/Voices-1763.wav,datasec:DATASEC/Voices/Voices-1763.wav,train
datasec:DATASEC/Voices/Voices-1764.wav,datasec:DATASEC/Voices/Voices-1764.wav,train
datasec:DATASEC/Voices/Voices-1765.wav,datasec:DATASEC/Voices/Voices-1765.wav,test
datasec:DATASEC/Voices/Voices-1766.wav,datasec:DATASEC/Voices/Voices-1766.wav,validation
datasec:DATASEC/Voices/Voices-1767.wav,datasec:DATASEC/Voices/Voices-1767.wav,train
datasec:DATASEC/Voices/Voices-1768.wav,datasec:DATASEC/Voices/Voices-1768.wav,train
datasec:DATASEC/Voices/Voices-1769.wav,datasec:DATASEC/Voices/Voices-1769.wav,train
datasec:DATASEC/Voices/Voices-1770.wav,datasec:DATASEC/Voices/Voices-1770.wav,validation
datasec:DATASEC/Voices/Voices-1771.wav,datasec:DATASEC/Voices/Voices-1771.wav,validation
datasec:DATASEC/Voices/Voices-1772.wav,datasec:DATASEC/Voices/Voices-1772.wav,train
datasec:DATASEC/Voices/Voices-1773.wav,datasec:DATASEC/Voices/Voices-1773.wav,validation
datasec:DATASEC/Voices/Voices-1774.wav,datasec:DATASEC/Voices/Voices-1774.wav,train
datasec:DATASEC/Voices/Voices-1775.wav,datasec:DATASEC/Voices/Voices-1775.wav,train
datasec:DATASEC/Voices/Voices-1776.wav,datasec:DATASEC/Voices/Voices-1776.wav,train
datasec:DATASEC/Voices/Voices-1777.wav,datasec:DATASEC/Voices/Voices-1777.wav,train
datasec:DATASEC/Voices/Voices-1778.wav,datasec:DATASEC/Voices/Voices-1778.wav,train
datasec:DATASEC/Voices/Voices-1779.wav,datasec:DATASEC/Voices/Voices-1779.wav,train
datasec:DATASEC/Voices/Voices-1780.wav,datasec:DATASEC/Voices/Voices-1780.wav,train
datasec:DATASEC/Voices/Voices-1781.wav,datasec:DATASEC/Voices/Voices-1781.wav,train
datasec:DATASEC/Voices/Voices-1782.wav,datasec:DATASEC/Voices/Voices-1782.wav,train
datasec:DATASEC/Voices/Voices-1783.wav,datasec:DATASEC/Voices/Voices-1783.wav,validation
datasec:DATASEC/Voices/Voices-1784.wav,datasec:DATASEC/Voices/Voices-1784.wav,validation
datasec:DATASEC/Voices/Voices-1785.wav,datasec:DATASEC/Voices/Voices-1785.wav,train
datasec:DATASEC/Voices/Voices-1786.wav,datasec:DATASEC/Voices/Voices-1786.wav,train
datasec:DATASEC/Voices/Voices-1787.wav,datasec:DATASEC/Voices/Voices-1787.wav,train
datasec:DATASEC/Voices/Voices-1788.wav,datasec:DATASEC/Voices/Voices-1788.wav,train
datasec:DATASEC/Voices/Voices-1789.wav,datasec:DATASEC/Voices/Voices-1789.wav,validation
datasec:DATASEC/Voices/Voices-1790.wav,datasec:DATASEC/Voices/Voices-1790.wav,validation
datasec:DATASEC/Voices/Voices-1791.wav,datasec:DATASEC/Voices/Voices-1791.wav,train
datasec:DATASEC/Voices/Voices-1792.wav,datasec:DATASEC/Voices/Voices-1792.wav,train
datasec:DATASEC/Voices/Voices-1793.wav,datasec:DATASEC/Voices/Voices-1793.wav,test
datasec:DATASEC/Voices/Voices-1794.wav,datasec:DATASEC/Voices/Voices-1794.wav,validation
datasec:DATASEC/Voices/Voices-1795.wav,datasec:DATASEC/Voices/Voices-1795.wav,validation
datasec:DATASEC/Voices/Voices-1796.wav,datasec:DATASEC/Voices/Voices-1796.wav,train
datasec:DATASEC/Voices/Voices-1797.wav,datasec:DATASEC/Voices/Voices-1797.wav,train
datasec:DATASEC/Voices/Voices-1798.wav,datasec:DATASEC/Voices/Voices-1798.wav,train
datasec:DATASEC/Voices/Voices-1799.wav,datasec:DATASEC/Voices/Voices-1799.wav,test
datasec:DATASEC/Voices/Voices-1800.wav,datasec:DATASEC/Voices/Voices-1800.wav,train
datasec:DATASEC/Voices/Voices-1801.wav,datasec:DATASEC/Voices/Voices-1801.wav,validation
datasec:DATASEC/Voices/Voices-1802.wav,datasec:DATASEC/Voices/Voices-1802.wav,train
datasec:DATASEC/Voices/Voices-1803.wav,datasec:DATASEC/Voices/Voices-1803.wav,train
datasec:DATASEC/Voices/Voices-1804.wav,datasec:DATASEC/Voices/Voices-1804.wav,train
datasec:DATASEC/Voices/Voices-1805.wav,datasec:DATASEC/Voices/Voices-1805.wav,train
datasec:DATASEC/Voices/Voices-1806.wav,datasec:DATASEC/Voices/Voices-1806.wav,validation
datasec:DATASEC/Voices/Voices-1807.wav,datasec:DATASEC/Voices/Voices-1807.wav,train
datasec:DATASEC/Voices/Voices-1808.wav,datasec:DATASEC/Voices/Voices-1808.wav,train
datasec:DATASEC/Voices/Voices-1809.wav,datasec:DATASEC/Voices/Voices-1809.wav,train
datasec:DATASEC/Voices/Voices-1810.wav,datasec:DATASEC/Voices/Voices-1810.wav,test
datasec:DATASEC/Voices/Voices-1811.wav,datasec:DATASEC/Voices/Voices-1811.wav,train
datasec:DATASEC/Voices/Voices-1812.wav,datasec:DATASEC/Voices/Voices-1812.wav,train
datasec:DATASEC/Voices/Voices-1813.wav,datasec:DATASEC/Voices/Voices-1813.wav,test
datasec:DATASEC/Voices/Voices-1814.wav,datasec:DATASEC/Voices/Voices-1814.wav,train
datasec:DATASEC/Voices/Voices-1815.wav,datasec:DATASEC/Voices/Voices-1815.wav,train
datasec:DATASEC/Voices/Voices-1816.wav,datasec:DATASEC/Voices/Voices-1816.wav,validation
datasec:DATASEC/Voices/Voices-1817.wav,datasec:DATASEC/Voices/Voices-1817.wav,test
datasec:DATASEC/Voices/Voices-1818.wav,datasec:DATASEC/Voices/Voices-1818.wav,train
datasec:DATASEC/Voices/Voices-1819.wav,datasec:DATASEC/Voices/Voices-1819.wav,validation
datasec:DATASEC/Voices/Voices-1820.wav,datasec:DATASEC/Voices/Voices-1820.wav,validation
datasec:DATASEC/Voices/Voices-1821.wav,datasec:DATASEC/Voices/Voices-1821.wav,test
datasec:DATASEC/Voices/Voices-1822.wav,datasec:DATASEC/Voices/Voices-1822.wav,train
datasec:DATASEC/Voices/Voices-1823.wav,datasec:DATASEC/Voices/Voices-1823.wav,train
datasec:DATASEC/Voices/Voices-1824.wav,datasec:DATASEC/Voices/Voices-1824.wav,train
datasec:DATASEC/Voices/Voices-1825.wav,datasec:DATASEC/Voices/Voices-1825.wav,train
datasec:DATASEC/Voices/Voices-1826.wav,datasec:DATASEC/Voices/Voices-1826.wav,test
datasec:DATASEC/Voices/Voices-1827.wav,datasec:DATASEC/Voices/Voices-1827.wav,train
datasec:DATASEC/Voices/Voices-1828.wav,datasec:DATASEC/Voices/Voices-1828.wav,train
datasec:DATASEC/Voices/Voices-1829.wav,datasec:DATASEC/Voices/Voices-1829.wav,test
datasec:DATASEC/Voices/Voices-1830.wav,datasec:DATASEC/Voices/Voices-1830.wav,train
datasec:DATASEC/Voices/Voices-1831.wav,datasec:DATASEC/Voices/Voices-1831.wav,train
datasec:DATASEC/Voices/Voices-1832.wav,datasec:DATASEC/Voices/Voices-1832.wav,train
datasec:DATASEC/Voices/Voices-1833.wav,datasec:DATASEC/Voices/Voices-1833.wav,train
datasec:DATASEC/Voices/Voices-1834.wav,datasec:DATASEC/Voices/Voices-1834.wav,test
datasec:DATASEC/Voices/Voices-1835.wav,datasec:DATASEC/Voices/Voices-1835.wav,train
datasec:DATASEC/Voices/Voices-1836.wav,datasec:DATASEC/Voices/Voices-1836.wav,train
datasec:DATASEC/Voices/Voices-1837.wav,datasec:DATASEC/Voices/Voices-1837.wav,train
datasec:DATASEC/Voices/Voices-1838.wav,datasec:DATASEC/Voices/Voices-1838.wav,validation
datasec:DATASEC/Voices/Voices-1839.wav,datasec:DATASEC/Voices/Voices-1839.wav,validation
datasec:DATASEC/Voices/Voices-1840.wav,datasec:DATASEC/Voices/Voices-1840.wav,train
datasec:DATASEC/Voices/Voices-1841.wav,datasec:DATASEC/Voices/Voices-1841.wav,train
datasec:DATASEC/Voices/Voices-1842.wav,datasec:DATASEC/Voices/Voices-1842.wav,validation
datasec:DATASEC/Voices/Voices-1843.wav,datasec:DATASEC/Voices/Voices-1843.wav,train
datasec:DATASEC/Voices/Voices-1844.wav,datasec:DATASEC/Voices/Voices-1844.wav,train
datasec:DATASEC/Voices/Voices-1845.wav,datasec:DATASEC/Voices/Voices-1845.wav,test
datasec:DATASEC/Voices/Voices-1846.wav,datasec:DATASEC/Voices/Voices-1846.wav,train
datasec:DATASEC/Voices/Voices-1847.wav,datasec:DATASEC/Voices/Voices-1847.wav,train
datasec:DATASEC/Voices/Voices-1848.wav,datasec:DATASEC/Voices/Voices-1848.wav,test
datasec:DATASEC/Voices/Voices-1849.wav,datasec:DATASEC/Voices/Voices-1849.wav,train
datasec:DATASEC/Voices/Voices-1850.wav,datasec:DATASEC/Voices/Voices-1850.wav,train
datasec:DATASEC/Voices/Voices-1851.wav,datasec:DATASEC/Voices/Voices-1851.wav,train
datasec:DATASEC/Voices/Voices-1852.wav,datasec:DATASEC/Voices/Voices-1852.wav,test
datasec:DATASEC/Voices/Voices-1853.wav,datasec:DATASEC/Voices/Voices-1853.wav,test
datasec:DATASEC/Voices/Voices-1854.wav,datasec:DATASEC/Voices/Voices-1854.wav,train
datasec:DATASEC/Voices/Voices-1855.wav,datasec:DATASEC/Voices/Voices-1855.wav,train
datasec:DATASEC/Voices/Voices-1856.wav,datasec:DATASEC/Voices/Voices-1856.wav,train
datasec:DATASEC/Voices/Voices-1857.wav,datasec:DATASEC/Voices/Voices-1857.wav,test
datasec:DATASEC/Voices/Voices-1858.wav,datasec:DATASEC/Voices/Voices-1858.wav,train
datasec:DATASEC/Voices/Voices-1859.wav,datasec:DATASEC/Voices/Voices-1859.wav,train
datasec:DATASEC/Voices/Voices-1860.wav,datasec:DATASEC/Voices/Voices-1860.wav,train
datasec:DATASEC/Voices/Voices-1861.wav,datasec:DATASEC/Voices/Voices-1861.wav,test
datasec:DATASEC/Voices/Voices-1862.wav,datasec:DATASEC/Voices/Voices-1862.wav,train
datasec:DATASEC/Voices/Voices-1863.wav,datasec:DATASEC/Voices/Voices-1863.wav,train
datasec:DATASEC/Voices/Voices-1864.wav,datasec:DATASEC/Voices/Voices-1864.wav,validation
datasec:DATASEC/Voices/Voices-1865.wav,datasec:DATASEC/Voices/Voices-1865.wav,train
datasec:DATASEC/Voices/Voices-1866.wav,datasec:DATASEC/Voices/Voices-1866.wav,train
datasec:DATASEC/Voices/Voices-1867.wav,datasec:DATASEC/Voices/Voices-1867.wav,test
datasec:DATASEC/Voices/Voices-1868.wav,datasec:DATASEC/Voices/Voices-1868.wav,train
datasec:DATASEC/Voices/Voices-1869.wav,datasec:DATASEC/Voices/Voices-1869.wav,validation
datasec:DATASEC/Voices/Voices-1870.wav,datasec:DATASEC/Voices/Voices-1870.wav,train
datasec:DATASEC/Voices/Voices-1871.wav,datasec:DATASEC/Voices/Voices-1871.wav,train
datasec:DATASEC/Voices/Voices-1872.wav,datasec:DATASEC/Voices/Voices-1872.wav,train
datasec:DATASEC/Voices/Voices-1873.wav,datasec:DATASEC/Voices/Voices-1873.wav,train
datasec:DATASEC/Voices/Voices-1874.wav,datasec:DATASEC/Voices/Voices-1874.wav,validation
datasec:DATASEC/Voices/Voices-1875.wav,datasec:DATASEC/Voices/Voices-1875.wav,train
datasec:DATASEC/Voices/Voices-1876.wav,datasec:DATASEC/Voices/Voices-1876.wav,train
datasec:DATASEC/Voices/Voices-1877.wav,datasec:DATASEC/Voices/Voices-1877.wav,train
datasec:DATASEC/Voices/Voices-1878.wav,datasec:DATASEC/Voices/Voices-1878.wav,train
datasec:DATASEC/Voices/Voices-1879.wav,datasec:DATASEC/Voices/Voices-1879.wav,validation
datasec:DATASEC/Voices/Voices-1880.wav,datasec:DATASEC/Voices/Voices-1880.wav,train
datasec:DATASEC/Voices/Voices-1881.wav,datasec:DATASEC/Voices/Voices-1881.wav,test
datasec:DATASEC/Voices/Voices-1882.wav,datasec:DATASEC/Voices/Voices-1882.wav,validation
datasec:DATASEC/Voices/Voices-1883.wav,datasec:DATASEC/Voices/Voices-1883.wav,test
datasec:DATASEC/Voices/Voices-1884.wav,datasec:DATASEC/Voices/Voices-1884.wav,test
datasec:DATASEC/Voices/Voices-1885.wav,datasec:DATASEC/Voices/Voices-1885.wav,train
datasec:DATASEC/Voices/Voices-1886.wav,datasec:DATASEC/Voices/Voices-1886.wav,train
datasec:DATASEC/Voices/Voices-1887.wav,datasec:DATASEC/Voices/Voices-1887.wav,test
datasec:DATASEC/Voices/Voices-1888.wav,datasec:DATASEC/Voices/Voices-1888.wav,train
datasec:DATASEC/Voices/Voices-1889.wav,datasec:DATASEC/Voices/Voices-1889.wav,train
datasec:DATASEC/Voices/Voices-1890.wav,datasec:DATASEC/Voices/Voices-1890.wav,train
datasec:DATASEC/Voices/Voices-1891.wav,datasec:DATASEC/Voices/Voices-1891.wav,train
datasec:DATASEC/Voices/Voices-1892.wav,datasec:DATASEC/Voices/Voices-1892.wav,validation
datasec:DATASEC/Voices/Voices-1893.wav,datasec:DATASEC/Voices/Voices-1893.wav,train
datasec:DATASEC/Voices/Voices-1894.wav,datasec:DATASEC/Voices/Voices-1894.wav,train
datasec:DATASEC/Voices/Voices-1895.wav,datasec:DATASEC/Voices/Voices-1895.wav,train
datasec:DATASEC/Voices/Voices-1896.wav,datasec:DATASEC/Voices/Voices-1896.wav,train
datasec:DATASEC/Voices/Voices-1897.wav,datasec:DATASEC/Voices/Voices-1897.wav,test
datasec:DATASEC/Voices/Voices-1898.wav,datasec:DATASEC/Voices/Voices-1898.wav,test
datasec:DATASEC/Voices/Voices-1899.wav,datasec:DATASEC/Voices/Voices-1899.wav,train
datasec:DATASEC/Voices/Voices-1900.wav,datasec:DATASEC/Voices/Voices-1900.wav,test
datasec:DATASEC/Wind turbine/Wind turbine-0001.wav,datasec:DATASEC/Wind turbine/Wind turbine-0001.wav,train
datasec:DATASEC/Wind turbine/Wind turbine-0002.wav,datasec:DATASEC/Wind turbine/Wind turbine-0002.wav,train
datasec:DATASEC/Wind turbine/Wind turbine-0003.wav,datasec:DATASEC/Wind turbine/Wind turbine-0003.wav,train
datasec:DATASEC/Wind turbine/Wind turbine-0004.wav,datasec:DATASEC/Wind turbine/Wind turbine-0004.wav,train
datasec:DATASEC/Wind turbine/Wind turbine-0005.wav,datasec:DATASEC/Wind turbine/Wind turbine-0005.wav,test
datasec:DATASEC/Wind turbine/Wind turbine-0006.wav,datasec:DATASEC/Wind turbine/Wind turbine-0006.wav,validation
datasec:DATASEC/Wind turbine/Wind turbine-0008.wav,datasec:DATASEC/Wind turbine/Wind turbine-0008.wav,train
datasec:DATASEC/Wind turbine/Wind turbine-0009.wav,datasec:DATASEC/Wind turbine/Wind turbine-0009.wav,train
datasec:DATASEC/Wind turbine/Wind turbine-0010.wav,datasec:DATASEC/Wind turbine/Wind turbine-0010.wav,train
datasec:DATASEC/Wind turbine/Wind turbine-0011.wav,datasec:DATASEC/Wind turbine/Wind turbine-0011.wav,train
datasec:DATASEC/Wind turbine/Wind turbine-0012.wav,datasec:DATASEC/Wind turbine/Wind turbine-0012.wav,validation
datasec:DATASEC/Wind turbine/Wind turbine-0013.wav,datasec:DATASEC/Wind turbine/Wind turbine-0013.wav,validation
datasec:DATASEC/Wind turbine/Wind turbine-0014.wav,datasec:DATASEC/Wind turbine/Wind turbine-0014.wav,train
datasec:DATASEC/Wind turbine/Wind turbine-0015.wav,datasec:DATASEC/Wind turbine/Wind turbine-0015.wav,train
datasec:DATASEC/Wind turbine/Wind turbine-0016.wav,datasec:DATASEC/Wind turbine/Wind turbine-0016.wav,train
datasec:DATASEC/Wind turbine/Wind turbine-0017.wav,datasec:DATASEC/Wind turbine/Wind turbine-0017.wav,test
datasec:DATASEC/Wind turbine/Wind turbine-0018.wav,datasec:DATASEC/Wind turbine/Wind turbine-0018.wav,train
datasec:DATASEC/Wind turbine/Wind turbine-0019.wav,datasec:DATASEC/Wind turbine/Wind turbine-0019.wav,train
datasec:DATASEC/Wind turbine/Wind turbine-0020.wav,datasec:DATASEC/Wind turbine/Wind turbine-0020.wav,train
datasec:DATASEC/Wind turbine/Wind turbine-0021.wav,datasec:DATASEC/Wind turbine/Wind turbine-0021.wav,validation
datasec:DATASEC/Wind turbine/Wind turbine-0022.wav,datasec:DATASEC/Wind turbine/Wind turbine-0022.wav,train
datasec:DATASEC/Wind turbine/Wind turbine-0023.wav,datasec:DATASEC/Wind turbine/Wind turbine-0023.wav,train
datasec:DATASEC/Wind turbine/Wind turbine-0024.wav,datasec:DATASEC/Wind turbine/Wind turbine-0024.wav,train
datasec:DATASEC/Wind turbine/Wind turbine-0025.wav,datasec:DATASEC/Wind turbine/Wind turbine-0025.wav,train
datasec:DATASEC/Wind turbine/Wind turbine-0026.wav,datasec:DATASEC/Wind turbine/Wind turbine-0026.wav,train
datasec:DATASEC/Wind turbine/Wind turbine-0027.wav,datasec:DATASEC/Wind turbine/Wind turbine-0027.wav,train
datasec:DATASEC/Wind turbine/Wind turbine-0028.wav,datasec:DATASEC/Wind turbine/Wind turbine-0028.wav,train
datasec:DATASEC/Wind turbine/Wind turbine-0029.wav,datasec:DATASEC/Wind turbine/Wind turbine-0029.wav,validation
datasec:DATASEC/Wind turbine/Wind turbine-0030.wav,datasec:DATASEC/Wind turbine/Wind turbine-0030.wav,train
datasec:DATASEC/Wind turbine/Wind turbine-0031.wav,datasec:DATASEC/Wind turbine/Wind turbine-0031.wav,train
datasec:DATASEC/Wind turbine/Wind turbine-0032.wav,datasec:DATASEC/Wind turbine/Wind turbine-0032.wav,train
datasec:DATASEC/Wind turbine/Wind turbine-0033.wav,datasec:DATASEC/Wind turbine/Wind turbine-0033.wav,train
datasec:DATASEC/Wind turbine/Wind turbine-0034.wav,datasec:DATASEC/Wind turbine/Wind turbine-0034.wav,test
datasec:DATASEC/Wind turbine/Wind turbine-0035.wav,datasec:DATASEC/Wind turbine/Wind turbine-0035.wav,train
datasec:DATASEC/Wind turbine/Wind turbine-0036.wav,datasec:DATASEC/Wind turbine/Wind turbine-0036.wav,train
datasec:DATASEC/Wind turbine/Wind turbine-0037.wav,datasec:DATASEC/Wind turbine/Wind turbine-0037.wav,test
datasec:DATASEC/Wind turbine/Wind turbine-0038.wav,datasec:DATASEC/Wind turbine/Wind turbine-0038.wav,train
datasec:DATASEC/Wind turbine/Wind turbine-0039.wav,datasec:DATASEC/Wind turbine/Wind turbine-0039.wav,train
datasec:DATASEC/Wind turbine/Wind turbine-0040.wav,datasec:DATASEC/Wind turbine/Wind turbine-0040.wav,train
datasec:DATASEC/Wind turbine/Wind turbine-0041.wav,datasec:DATASEC/Wind turbine/Wind turbine-0041.wav,train
datasec:DATASEC/Wind turbine/Wind turbine-0042.wav,datasec:DATASEC/Wind turbine/Wind turbine-0042.wav,train
datasec:DATASEC/Wind turbine/Wind turbine-0043.wav,datasec:DATASEC/Wind turbine/Wind turbine-0043.wav,train
datasec:DATASEC/Wind turbine/Wind turbine-0044.wav,datasec:DATASEC/Wind turbine/Wind turbine-0044.wav,train
datasec:DATASEC/Wind turbine/Wind turbine-0045.wav,datasec:DATASEC/Wind turbine/Wind turbine-0045.wav,train
datasec:DATASEC/Wind turbine/Wind turbine-0046.wav,datasec:DATASEC/Wind turbine/Wind turbine-0046.wav,train
datasec:DATASEC/Wind turbine/Wind turbine-0047.wav,datasec:DATASEC/Wind turbine/Wind turbine-0047.wav,train
datasec:DATASEC/Wind turbine/Wind turbine-0048.wav,datasec:DATASEC/Wind turbine/Wind turbine-0048.wav,train
datasec:DATASEC/Wind turbine/Wind turbine-0049.wav,datasec:DATASEC/Wind turbine/Wind turbine-0049.wav,test
datasec:DATASEC/Wind turbine/Wind turbine-0050.wav,datasec:DATASEC/Wind turbine/Wind turbine-0050.wav,train
datasec:DATASEC/Wind turbine/Wind turbine-0051.wav,datasec:DATASEC/Wind turbine/Wind turbine-0051.wav,train
datasec:DATASEC/Wind turbine/Wind turbine-0052.wav,datasec:DATASEC/Wind turbine/Wind turbine-0052.wav,train
datasec:DATASEC/Wind turbine/Wind turbine-0053.wav,datasec:DATASEC/Wind turbine/Wind turbine-0053.wav,train
datasec:DATASEC/Wind turbine/Wind turbine-0054.wav,datasec:DATASEC/Wind turbine/Wind turbine-0054.wav,train
datasec:DATASEC/Wind turbine/Wind turbine-0055.wav,datasec:DATASEC/Wind turbine/Wind turbine-0055.wav,validation
datasec:DATASEC/Wind turbine/Wind turbine-0056.wav,datasec:DATASEC/Wind turbine/Wind turbine-0056.wav,train
datasec:DATASEC/Wind turbine/Wind turbine-0057.wav,datasec:DATASEC/Wind turbine/Wind turbine-0057.wav,train
datasec:DATASEC/Wind turbine/Wind turbine-0058.wav,datasec:DATASEC/Wind turbine/Wind turbine-0058.wav,train
datasec:DATASEC/Wind turbine/Wind turbine-0059.wav,datasec:DATASEC/Wind turbine/Wind turbine-0059.wav,train
datasec:DATASEC/Wind turbine/Wind turbine-0060.wav,datasec:DATASEC/Wind turbine/Wind turbine-0060.wav,test
datasec:DATASEC/Wind turbine/Wind turbine-0061.wav,datasec:DATASEC/Wind turbine/Wind turbine-0061.wav,train
datasec:DATASEC/Wind turbine/Wind turbine-0062.wav,datasec:DATASEC/Wind turbine/Wind turbine-0062.wav,validation
datasec:DATASEC/Wind turbine/Wind turbine-0063.wav,datasec:DATASEC/Wind turbine/Wind turbine-0063.wav,validation
datasec:DATASEC/Wind turbine/Wind turbine-0064.wav,datasec:DATASEC/Wind turbine/Wind turbine-0064.wav,train
datasec:DATASEC/Wind turbine/Wind turbine-0065.wav,datasec:DATASEC/Wind turbine/Wind turbine-0065.wav,train
datasec:DATASEC/Wind turbine/Wind turbine-0066.wav,datasec:DATASEC/Wind turbine/Wind turbine-0066.wav,train
datasec:DATASEC/Wind turbine/Wind turbine-0067.wav,datasec:DATASEC/Wind turbine/Wind turbine-0067.wav,train
datasec:DATASEC/Wind turbine/Wind turbine-0068.wav,datasec:DATASEC/Wind turbine/Wind turbine-0068.wav,test
datasec:DATASEC/Wind turbine/Wind turbine-0069.wav,datasec:DATASEC/Wind turbine/Wind turbine-0069.wav,validation
datasec:DATASEC/Wind turbine/Wind turbine-0070.wav,datasec:DATASEC/Wind turbine/Wind turbine-0070.wav,train
datasec:DATASEC/Wind turbine/Wind turbine-0071.wav,datasec:DATASEC/Wind turbine/Wind turbine-0071.wav,train
datasec:DATASEC/Wind turbine/Wind turbine-0072.wav,datasec:DATASEC/Wind turbine/Wind turbine-0072.wav,validation
datasec:DATASEC/Wind turbine/Wind turbine-0073.wav,datasec:DATASEC/Wind turbine/Wind turbine-0073.wav,train
datasec:DATASEC/Wind turbine/Wind turbine-0074.wav,datasec:DATASEC/Wind turbine/Wind turbine-0074.wav,test
datasec:DATASEC/Wind turbine/Wind turbine-0075.wav,datasec:DATASEC/Wind turbine/Wind turbine-0075.wav,train
datasec:DATASEC/Wind turbine/Wind turbine-0076.wav,datasec:DATASEC/Wind turbine/Wind turbine-0076.wav,train
datasec:DATASEC/Wind turbine/Wind turbine-0077.wav,datasec:DATASEC/Wind turbine/Wind turbine-0077.wav,test
datasec:DATASEC/Wind turbine/Wind turbine-0078.wav,datasec:DATASEC/Wind turbine/Wind turbine-0078.wav,train
datasec:DATASEC/Wind turbine/Wind turbine-0079.wav,datasec:DATASEC/Wind turbine/Wind turbine-0079.wav,test
datasec:DATASEC/Wind turbine/Wind turbine-0080.wav,datasec:DATASEC/Wind turbine/Wind turbine-0080.wav,test
datasec:DATASEC/Wind turbine/Wind turbine-0081.wav,datasec:DATASEC/Wind turbine/Wind turbine-0081.wav,test
datasec:DATASEC/Wind turbine/Wind turbine-0082.wav,datasec:DATASEC/Wind turbine/Wind turbine-0082.wav,validation
datasec:DATASEC/Wind turbine/Wind turbine-0083.wav,datasec:DATASEC/Wind turbine/Wind turbine-0083.wav,test
datasec:DATASEC/Wind turbine/Wind turbine-0084.wav,datasec:DATASEC/Wind turbine/Wind turbine-0084.wav,train
datasec:DATASEC/Wind turbine/Wind turbine-0085.wav,datasec:DATASEC/Wind turbine/Wind turbine-0085.wav,train
datasec:DATASEC/Wind turbine/Wind turbine-0086.wav,datasec:DATASEC/Wind turbine/Wind turbine-0086.wav,train
datasec:DATASEC/Wind turbine/Wind turbine-0087.wav,datasec:DATASEC/Wind turbine/Wind turbine-0087.wav,validation
datasec:DATASEC/Wind turbine/Wind turbine-0088.wav,datasec:DATASEC/Wind turbine/Wind turbine-0088.wav,train
datasec:DATASEC/Wind turbine/Wind turbine-0089.wav,datasec:DATASEC/Wind turbine/Wind turbine-0089.wav,train
datasec:DATASEC/Wind turbine/Wind turbine-0090.wav,datasec:DATASEC/Wind turbine/Wind turbine-0090.wav,train
datasec:DATASEC/Wind turbine/Wind turbine-0091.wav,datasec:DATASEC/Wind turbine/Wind turbine-0091.wav,train
datasec:DATASEC/Wind turbine/Wind turbine-0092.wav,datasec:DATASEC/Wind turbine/Wind turbine-0092.wav,train
datasec:DATASEC/Wind turbine/Wind turbine-0093.wav,datasec:DATASEC/Wind turbine/Wind turbine-0093.wav,test
datasec:DATASEC/Wind turbine/Wind turbine-0094.wav,datasec:DATASEC/Wind turbine/Wind turbine-0094.wav,train
datasec:DATASEC/Wind turbine/Wind turbine-0095.wav,datasec:DATASEC/Wind turbine/Wind turbine-0095.wav,train
datasec:DATASEC/Wind turbine/Wind turbine-0096.wav,datasec:DATASEC/Wind turbine/Wind turbine-0096.wav,train
datasec:DATASEC/Wind turbine/Wind turbine-0097.wav,datasec:DATASEC/Wind turbine/Wind turbine-0097.wav,validation
datasec:DATASEC/Wind turbine/Wind turbine-0098.wav,datasec:DATASEC/Wind turbine/Wind turbine-0098.wav,validation
datasec:DATASEC/Wind turbine/Wind turbine-0099.wav,datasec:DATASEC/Wind turbine/Wind turbine-0099.wav,test
datasec:DATASEC/Wind turbine/Wind turbine-0100.wav,datasec:DATASEC/Wind turbine/Wind turbine-0100.wav,validation
datasec:DATASEC/Workshop/air compressor/air compressor-0001.wav,datasec:DATASEC/Workshop/air compressor/air compressor-0001.wav,train
datasec:DATASEC/Workshop/air compressor/air compressor-0002.wav,datasec:DATASEC/Workshop/air compressor/air compressor-0002.wav,train
datasec:DATASEC/Workshop/air compressor/air compressor-0003.wav,datasec:DATASEC/Workshop/air compressor/air compressor-0003.wav,test
datasec:DATASEC/Workshop/air compressor/air compressor-0004.wav,datasec:DATASEC/Workshop/air compressor/air compressor-0004.wav,train
datasec:DATASEC/Workshop/air compressor/air compressor-0005.wav,datasec:DATASEC/Workshop/air compressor/air compressor-0005.wav,train
datasec:DATASEC/Workshop/air compressor/air compressor-0006.wav,datasec:DATASEC/Workshop/air compressor/air compressor-0006.wav,train
datasec:DATASEC/Workshop/air compressor/air compressor-0007.wav,datasec:DATASEC/Workshop/air compressor/air compressor-0007.wav,train
datasec:DATASEC/Workshop/air compressor/air compressor-0008.wav,datasec:DATASEC/Workshop/air compressor/air compressor-0008.wav,validation
datasec:DATASEC/Workshop/air compressor/air compressor-0009.wav,datasec:DATASEC/Workshop/air compressor/air compressor-0009.wav,train
datasec:DATASEC/Workshop/air compressor/air compressor-0010.wav,datasec:DATASEC/Workshop/air compressor/air compressor-0010.wav,train
datasec:DATASEC/Workshop/air compressor/air compressor-0011.wav,datasec:DATASEC/Workshop/air compressor/air compressor-0011.wav,test
datasec:DATASEC/Workshop/air compressor/air compressor-0012.wav,datasec:DATASEC/Workshop/air compressor/air compressor-0012.wav,validation
datasec:DATASEC/Workshop/air compressor/air compressor-0013.wav,datasec:DATASEC/Workshop/air compressor/air compressor-0013.wav,train
datasec:DATASEC/Workshop/air compressor/air compressor-0014.wav,datasec:DATASEC/Workshop/air compressor/air compressor-0014.wav,train
datasec:DATASEC/Workshop/air compressor/air compressor-0015.wav,datasec:DATASEC/Workshop/air compressor/air compressor-0015.wav,test
datasec:DATASEC/Workshop/air compressor/air compressor-0016.wav,datasec:DATASEC/Workshop/air compressor/air compressor-0016.wav,test
datasec:DATASEC/Workshop/air compressor/air compressor-0017.wav,datasec:DATASEC/Workshop/air compressor/air compressor-0017.wav,train
datasec:DATASEC/Workshop/air compressor/air compressor-0018.wav,datasec:DATASEC/Workshop/air compressor/air compressor-0018.wav,validation
datasec:DATASEC/Workshop/air compressor/air compressor-0019.wav,datasec:DATASEC/Workshop/air compressor/air compressor-0019.wav,train
datasec:DATASEC/Workshop/air compressor/air compressor-0020.wav,datasec:DATASEC/Workshop/air compressor/air compressor-0020.wav,train
datasec:DATASEC/Workshop/air compressor/air compressor-0021.wav,datasec:DATASEC/Workshop/air compressor/air compressor-0021.wav,test
datasec:DATASEC/Workshop/air compressor/air compressor-0022.wav,datasec:DATASEC/Workshop/air compressor/air compressor-0022.wav,train
datasec:DATASEC/Workshop/air compressor/air compressor-0023.wav,datasec:DATASEC/Workshop/air compressor/air compressor-0023.wav,train
datasec:DATASEC/Workshop/air compressor/air compressor-0024.wav,datasec:DATASEC/Workshop/air compressor/air compressor-0024.wav,validation
datasec:DATASEC/Workshop/air compressor/air compressor-0025.wav,datasec:DATASEC/Workshop/air compressor/air compressor-0025.wav,train
datasec:DATASEC/Workshop/air compressor/air compressor-0026.wav,datasec:DATASEC/Workshop/air compressor/air compressor-0026.wav,train
datasec:DATASEC/Workshop/air compressor/air compressor-0027.wav,datasec:DATASEC/Workshop/air compressor/air compressor-0027.wav,train
datasec:DATASEC/Workshop/air compressor/air compressor-0028.wav,datasec:DATASEC/Workshop/air compressor/air compressor-0028.wav,train
datasec:DATASEC/Workshop/air compressor/air compressor-0029.wav,datasec:DATASEC/Workshop/air compressor/air compressor-0029.wav,train
datasec:DATASEC/Workshop/air compressor/air compressor-0030.wav,datasec:DATASEC/Workshop/air compressor/air compressor-0030.wav,train
datasec:DATASEC/Workshop/drill/drill-0001.wav,datasec:DATASEC/Workshop/drill/drill-0001.wav,train
datasec:DATASEC/Workshop/drill/drill-0002.wav,datasec:DATASEC/Workshop/drill/drill-0002.wav,validation
datasec:DATASEC/Workshop/drill/drill-0003.wav,datasec:DATASEC/Workshop/drill/drill-0003.wav,train
datasec:DATASEC/Workshop/drill/drill-0004.wav,datasec:DATASEC/Workshop/drill/drill-0004.wav,test
datasec:DATASEC/Workshop/drill/drill-0005.wav,datasec:DATASEC/Workshop/drill/drill-0005.wav,train
datasec:DATASEC/Workshop/drill/drill-0006.wav,datasec:DATASEC/Workshop/drill/drill-0006.wav,test
datasec:DATASEC/Workshop/drill/drill-0007.wav,datasec:DATASEC/Workshop/drill/drill-0007.wav,train
datasec:DATASEC/Workshop/drill/drill-0008.wav,datasec:DATASEC/Workshop/drill/drill-0008.wav,train
datasec:DATASEC/Workshop/drill/drill-0009.wav,datasec:DATASEC/Workshop/drill/drill-0009.wav,validation
datasec:DATASEC/Workshop/drill/drill-0010.wav,datasec:DATASEC/Workshop/drill/drill-0010.wav,train
datasec:DATASEC/Workshop/drill/drill-0011.wav,datasec:DATASEC/Workshop/drill/drill-0011.wav,train
datasec:DATASEC/Workshop/drill/drill-0012.wav,datasec:DATASEC/Workshop/drill/drill-0012.wav,train
datasec:DATASEC/Workshop/drill/drill-0013.wav,datasec:DATASEC/Workshop/drill/drill-0013.wav,validation
datasec:DATASEC/Workshop/drill/drill-0014.wav,datasec:DATASEC/Workshop/drill/drill-0014.wav,test
datasec:DATASEC/Workshop/drill/drill-0015.wav,datasec:DATASEC/Workshop/drill/drill-0015.wav,train
datasec:DATASEC/Workshop/drill/drill-0016.wav,datasec:DATASEC/Workshop/drill/drill-0016.wav,test
datasec:DATASEC/Workshop/drill/drill-0017.wav,datasec:DATASEC/Workshop/drill/drill-0017.wav,train
datasec:DATASEC/Workshop/drill/drill-0018.wav,datasec:DATASEC/Workshop/drill/drill-0018.wav,test
datasec:DATASEC/Workshop/drill/drill-0019.wav,datasec:DATASEC/Workshop/drill/drill-0019.wav,train
datasec:DATASEC/Workshop/drill/drill-0020.wav,datasec:DATASEC/Workshop/drill/drill-0020.wav,train
datasec:DATASEC/Workshop/drill/drill-0021.wav,datasec:DATASEC/Workshop/drill/drill-0021.wav,train
datasec:DATASEC/Workshop/drill/drill-0022.wav,datasec:DATASEC/Workshop/drill/drill-0022.wav,train
datasec:DATASEC/Workshop/drill/drill-0023.wav,datasec:DATASEC/Workshop/drill/drill-0023.wav,train
datasec:DATASEC/Workshop/drill/drill-0024.wav,datasec:DATASEC/Workshop/drill/drill-0024.wav,train
datasec:DATASEC/Workshop/drill/drill-0025.wav,datasec:DATASEC/Workshop/drill/drill-0025.wav,train
datasec:DATASEC/Workshop/drill/drill-0026.wav,datasec:DATASEC/Workshop/drill/drill-0026.wav,validation
datasec:DATASEC/Workshop/drill/drill-0027.wav,datasec:DATASEC/Workshop/drill/drill-0027.wav,train
datasec:DATASEC/Workshop/drill/drill-0028.wav,datasec:DATASEC/Workshop/drill/drill-0028.wav,train
datasec:DATASEC/Workshop/drill/drill-0029.wav,datasec:DATASEC/Workshop/drill/drill-0029.wav,train
datasec:DATASEC/Workshop/drill/drill-0030.wav,datasec:DATASEC/Workshop/drill/drill-0030.wav,validation
datasec:DATASEC/Workshop/drill/drill-0031.wav,datasec:DATASEC/Workshop/drill/drill-0031.wav,train
datasec:DATASEC/Workshop/drill/drill-0032.wav,datasec:DATASEC/Workshop/drill/drill-0032.wav,train
datasec:DATASEC/Workshop/drill/drill-0033.wav,datasec:DATASEC/Workshop/drill/drill-0033.wav,train
datasec:DATASEC/Workshop/drill/drill-0034.wav,datasec:DATASEC/Workshop/drill/drill-0034.wav,validation
datasec:DATASEC/Workshop/drill/drill-0035.wav,datasec:DATASEC/Workshop/drill/drill-0035.wav,train
datasec:DATASEC/Workshop/drill/drill-0036.wav,datasec:DATASEC/Workshop/drill/drill-0036.wav,train
datasec:DATASEC/Workshop/drill/drill-0037.wav,datasec:DATASEC/Workshop/drill/drill-0037.wav,train
datasec:DATASEC/Workshop/drill/drill-0038.wav,datasec:DATASEC/Workshop/drill/drill-0038.wav,test
datasec:DATASEC/Workshop/drill/drill-0039.wav,datasec:DATASEC/Workshop/drill/drill-0039.wav,validation
datasec:DATASEC/Workshop/drill/drill-0040.wav,datasec:DATASEC/Workshop/drill/drill-0040.wav,train
datasec:DATASEC/Workshop/drill/drill-0041.wav,datasec:DATASEC/Workshop/drill/drill-0041.wav,train
datasec:DATASEC/Workshop/drill/drill-0042.wav,datasec:DATASEC/Workshop/drill/drill-0042.wav,train
datasec:DATASEC/Workshop/drill/drill-0043.wav,datasec:DATASEC/Workshop/drill/drill-0043.wav,train
datasec:DATASEC/Workshop/drill/drill-0044.wav,datasec:DATASEC/Workshop/drill/drill-0044.wav,test
datasec:DATASEC/Workshop/drill/drill-0045.wav,datasec:DATASEC/Workshop/drill/drill-0045.wav,train
datasec:DATASEC/Workshop/grinder/grinder-0001.wav,datasec:DATASEC/Workshop/grinder/grinder-0001.wav,train
datasec:DATASEC/Workshop/grinder/grinder-0002.wav,datasec:DATASEC/Workshop/grinder/grinder-0002.wav,train
datasec:DATASEC/Workshop/grinder/grinder-0003.wav,datasec:DATASEC/Workshop/grinder/grinder-0003.wav,train
datasec:DATASEC/Workshop/grinder/grinder-0004.wav,datasec:DATASEC/Workshop/grinder/grinder-0004.wav,train
datasec:DATASEC/Workshop/grinder/grinder-0005.wav,datasec:DATASEC/Workshop/grinder/grinder-0005.wav,train
datasec:DATASEC/Workshop/grinder/grinder-0006.wav,datasec:DATASEC/Workshop/grinder/grinder-0006.wav,train
datasec:DATASEC/Workshop/grinder/grinder-0007.wav,datasec:DATASEC/Workshop/grinder/grinder-0007.wav,test
datasec:DATASEC/Workshop/grinder/grinder-0008.wav,datasec:DATASEC/Workshop/grinder/grinder-0008.wav,train
datasec:DATASEC/Workshop/grinder/grinder-0009.wav,datasec:DATASEC/Workshop/grinder/grinder-0009.wav,train
datasec:DATASEC/Workshop/grinder/grinder-0010.wav,datasec:DATASEC/Workshop/grinder/grinder-0010.wav,train
datasec:DATASEC/Workshop/grinder/grinder-0011.wav,datasec:DATASEC/Workshop/grinder/grinder-0011.wav,test
datasec:DATASEC/Workshop/grinder/grinder-0012.wav,datasec:DATASEC/Workshop/grinder/grinder-0012.wav,train
datasec:DATASEC/Workshop/grinder/grinder-0013.wav,datasec:DATASEC/Workshop/grinder/grinder-0013.wav,train
datasec:DATASEC/Workshop/grinder/grinder-0014.wav,datasec:DATASEC/Workshop/grinder/grinder-0014.wav,train
datasec:DATASEC/Workshop/grinder/grinder-0015.wav,datasec:DATASEC/Workshop/grinder/grinder-0015.wav,train
datasec:DATASEC/Workshop/grinder/grinder-0016.wav,datasec:DATASEC/Workshop/grinder/grinder-0016.wav,train
datasec:DATASEC/Workshop/grinder/grinder-0017.wav,datasec:DATASEC/Workshop/grinder/grinder-0017.wav,train
datasec:DATASEC/Workshop/grinder/grinder-0018.wav,datasec:DATASEC/Workshop/grinder/grinder-0018.wav,train
datasec:DATASEC/Workshop/grinder/grinder-0019.wav,datasec:DATASEC/Workshop/grinder/grinder-0019.wav,train
datasec:DATASEC/Workshop/grinder/grinder-0020.wav,datasec:DATASEC/Workshop/grinder/grinder-0020.wav,test
datasec:DATASEC/Workshop/grinder/grinder-0023.wav,datasec:DATASEC/Workshop/grinder/grinder-0023.wav,test
datasec:DATASEC/Workshop/grinder/grinder-0024.wav,datasec:DATASEC/Workshop/grinder/grinder-0024.wav,train
datasec:DATASEC/Workshop/grinder/grinder-0025.wav,datasec:DATASEC/Workshop/grinder/grinder-0025.wav,train
datasec:DATASEC/Workshop/grinder/grinder-0026.wav,datasec:DATASEC/Workshop/grinder/grinder-0026.wav,train
datasec:DATASEC/Workshop/grinder/grinder-0027.wav,datasec:DATASEC/Workshop/grinder/grinder-0027.wav,validation
datasec:DATASEC/Workshop/grinder/grinder-0028.wav,datasec:DATASEC/Workshop/grinder/grinder-0028.wav,train
datasec:DATASEC/Workshop/grinder/grinder-0029.wav,datasec:DATASEC/Workshop/grinder/grinder-0029.wav,train
datasec:DATASEC/Workshop/grinder/grinder-0030.wav,datasec:DATASEC/Workshop/grinder/grinder-0030.wav,validation
datasec:DATASEC/Workshop/grinder/grinder-0031.wav,datasec:DATASEC/Workshop/grinder/grinder-0029.wav,train
datasec:DATASEC/Workshop/grinder/grinder-0033.wav,datasec:DATASEC/Workshop/grinder/grinder-0033.wav,test
datasec:DATASEC/Workshop/grinder/grinder-0034.wav,datasec:DATASEC/Workshop/grinder/grinder-0034.wav,validation
datasec:DATASEC/Workshop/grinder/grinder-0035.wav,datasec:DATASEC/Workshop/grinder/grinder-0035.wav,validation
datasec:DATASEC/Workshop/grinder/grinder-0036.wav,datasec:DATASEC/Workshop/grinder/grinder-0036.wav,validation
datasec:DATASEC/Workshop/grinder/grinder-0037.wav,datasec:DATASEC/Workshop/grinder/grinder-0037.wav,train
datasec:DATASEC/Workshop/grinder/grinder-0038.wav,datasec:DATASEC/Workshop/grinder/grinder-0038.wav,train
datasec:DATASEC/Workshop/jackhammer/jackhammer-0001.wav,datasec:DATASEC/Workshop/jackhammer/jackhammer-0001.wav,validation
datasec:DATASEC/Workshop/jackhammer/jackhammer-0002.wav,datasec:DATASEC/Workshop/jackhammer/jackhammer-0002.wav,validation
datasec:DATASEC/Workshop/jackhammer/jackhammer-0003.wav,datasec:DATASEC/Workshop/jackhammer/jackhammer-0003.wav,train
datasec:DATASEC/Workshop/jackhammer/jackhammer-0004.wav,datasec:DATASEC/Workshop/jackhammer/jackhammer-0004.wav,train
datasec:DATASEC/Workshop/jackhammer/jackhammer-0005.wav,datasec:DATASEC/Workshop/jackhammer/jackhammer-0005.wav,train
datasec:DATASEC/Workshop/jackhammer/jackhammer-0006.wav,datasec:DATASEC/Workshop/jackhammer/jackhammer-0006.wav,train
datasec:DATASEC/Workshop/jackhammer/jackhammer-0007.wav,datasec:DATASEC/Workshop/jackhammer/jackhammer-0007.wav,train
datasec:DATASEC/Workshop/jackhammer/jackhammer-0008.wav,datasec:DATASEC/Workshop/jackhammer/jackhammer-0008.wav,train
datasec:DATASEC/Workshop/jackhammer/jackhammer-0009.wav,datasec:DATASEC/Workshop/jackhammer/jackhammer-0009.wav,train
datasec:DATASEC/Workshop/jackhammer/jackhammer-0010.wav,datasec:DATASEC/Workshop/jackhammer/jackhammer-0010.wav,validation
datasec:DATASEC/Workshop/jackhammer/jackhammer-0011.wav,datasec:DATASEC/Workshop/jackhammer/jackhammer-0011.wav,test
datasec:DATASEC/Workshop/jackhammer/jackhammer-0012.wav,datasec:DATASEC/Workshop/jackhammer/jackhammer-0012.wav,train
datasec:DATASEC/Workshop/jackhammer/jackhammer-0013.wav,datasec:DATASEC/Workshop/jackhammer/jackhammer-0013.wav,test
datasec:DATASEC/Workshop/jackhammer/jackhammer-0014.wav,datasec:DATASEC/Workshop/jackhammer/jackhammer-0014.wav,train
datasec:DATASEC/Workshop/jackhammer/jackhammer-0015.wav,datasec:DATASEC/Workshop/jackhammer/jackhammer-0015.wav,validation
datasec:DATASEC/Workshop/jackhammer/jackhammer-0016.wav,datasec:DATASEC/Workshop/jackhammer/jackhammer-0016.wav,train
datasec:DATASEC/Workshop/jackhammer/jackhammer-0017.wav,datasec:DATASEC/Workshop/jackhammer/jackhammer-0017.wav,train
datasec:DATASEC/Workshop/jackhammer/jackhammer-0018.wav,datasec:DATASEC/Workshop/jackhammer/jackhammer-0018.wav,test
datasec:DATASEC/Workshop/jackhammer/jackhammer-0019.wav,datasec:DATASEC/Workshop/jackhammer/jackhammer-0019.wav,train
datasec:DATASEC/Workshop/jackhammer/jackhammer-0020.wav,datasec:DATASEC/Workshop/jackhammer/jackhammer-0020.wav,validation
datasec:DATASEC/Workshop/jackhammer/jackhammer-0021.wav,datasec:DATASEC/Workshop/jackhammer/jackhammer-0021.wav,train
datasec:DATASEC/Workshop/jackhammer/jackhammer-0022.wav,datasec:DATASEC/Workshop/jackhammer/jackhammer-0022.wav,validation
datasec:DATASEC/Workshop/jackhammer/jackhammer-0023.wav,datasec:DATASEC/Workshop/jackhammer/jackhammer-0023.wav,validation
datasec:DATASEC/Workshop/jackhammer/jackhammer-0024.wav,datasec:DATASEC/Workshop/jackhammer/jackhammer-0024.wav,train
datasec:DATASEC/Workshop/jackhammer/jackhammer-0025.wav,datasec:DATASEC/Workshop/jackhammer/jackhammer-0025.wav,train
datasec:DATASEC/Workshop/jackhammer/jackhammer-0026.wav,datasec:DATASEC/Workshop/jackhammer/jackhammer-0026.wav,train
datasec:DATASEC/Workshop/jackhammer/jackhammer-0027.wav,datasec:DATASEC/Workshop/jackhammer/jackhammer-0027.wav,test
datasec:DATASEC/Workshop/jackhammer/jackhammer-0028.wav,datasec:DATASEC/Workshop/jackhammer/jackhammer-0028.wav,test
datasec:DATASEC/Workshop/jackhammer/jackhammer-0029.wav,datasec:DATASEC/Workshop/jackhammer/jackhammer-0029.wav,train
datasec:DATASEC/Workshop/jackhammer/jackhammer-0030.wav,datasec:DATASEC/Workshop/jackhammer/jackhammer-0030.wav,train
datasec:DATASEC/Workshop/jackhammer/jackhammer-0031.wav,datasec:DATASEC/Workshop/jackhammer/jackhammer-0031.wav,train
datasec:DATASEC/Workshop/jackhammer/jackhammer-0032.wav,datasec:DATASEC/Workshop/jackhammer/jackhammer-0032.wav,train
datasec:DATASEC/Workshop/jackhammer/jackhammer-0033.wav,datasec:DATASEC/Workshop/jackhammer/jackhammer-0033.wav,train
datasec:DATASEC/Workshop/jackhammer/jackhammer-0034.wav,datasec:DATASEC/Workshop/jackhammer/jackhammer-0034.wav,train
datasec:DATASEC/Workshop/jackhammer/jackhammer-0035.wav,datasec:DATASEC/Workshop/jackhammer/jackhammer-0035.wav,test
datasec:DATASEC/Workshop/jackhammer/jackhammer-0036.wav,datasec:DATASEC/Workshop/jackhammer/jackhammer-0036.wav,train
datasec:DATASEC/Workshop/jackhammer/jackhammer-0037.wav,datasec:DATASEC/Workshop/jackhammer/jackhammer-0037.wav,train
datasec:DATASEC/Workshop/jackhammer/jackhammer-0038.wav,datasec:DATASEC/Workshop/jackhammer/jackhammer-0038.wav,train
datasec:DATASEC/Workshop/jackhammer/jackhammer-0039.wav,datasec:DATASEC/Workshop/jackhammer/jackhammer-0039.wav,train
datasec:DATASEC/Workshop/jackhammer/jackhammer-0040.wav,datasec:DATASEC/Workshop/jackhammer/jackhammer-0040.wav,train
datasec:DATASEC/Workshop/jackhammer/jackhammer-0041.wav,datasec:DATASEC/Workshop/jackhammer/jackhammer-0041.wav,train
datasec:DATASEC/Workshop/jackhammer/jackhammer-0042.wav,datasec:DATASEC/Workshop/jackhammer/jackhammer-0042.wav,train
datasec:DATASEC/Workshop/jackhammer/jackhammer-0043.wav,datasec:DATASEC/Workshop/jackhammer/jackhammer-0043.wav,train
datasec:DATASEC/Workshop/jackhammer/jackhammer-0044.wav,datasec:DATASEC/Workshop/jackhammer/jackhammer-0044.wav,test
datasec:DATASEC/Workshop/jackhammer/jackhammer-0045.wav,datasec:DATASEC/Workshop/jackhammer/jackhammer-0045.wav,train
datasec:DATASEC/Workshop/jackhammer/jackhammer-0046.wav,datasec:DATASEC/Workshop/jackhammer/jackhammer-0046.wav,train
datasec:DATASEC/Workshop/jackhammer/jackhammer-0047.wav,datasec:DATASEC/Workshop/jackhammer/jackhammer-0047.wav,train
datasec:DATASEC/Workshop/jackhammer/jackhammer-0048.wav,datasec:DATASEC/Workshop/jackhammer/jackhammer-0048.wav,test
datasec:DATASEC/Workshop/jackhammer/jackhammer-0049.wav,datasec:DATASEC/Workshop/jackhammer/jackhammer-0049.wav,train
datasec:DATASEC/Workshop/jackhammer/jackhammer-0050.wav,datasec:DATASEC/Workshop/jackhammer/jackhammer-0050.wav,test
datasec:DATASEC/Workshop/jackhammer/jackhammer-0051.wav,datasec:DATASEC/Workshop/jackhammer/jackhammer-0051.wav,train
datasec:DATASEC/Workshop/jackhammer/jackhammer-0052.wav,datasec:DATASEC/Workshop/jackhammer/jackhammer-0052.wav,train
datasec:DATASEC/Workshop/jackhammer/jackhammer-0053.wav,datasec:DATASEC/Workshop/jackhammer/jackhammer-0053.wav,train
datasec:DATASEC/Workshop/jackhammer/jackhammer-0054.wav,datasec:DATASEC/Workshop/jackhammer/jackhammer-0054.wav,validation
datasec:DATASEC/Workshop/jackhammer/jackhammer-0055.wav,datasec:DATASEC/Workshop/jackhammer/jackhammer-0055.wav,train
datasec:DATASEC/Workshop/jackhammer/jackhammer-0056.wav,datasec:DATASEC/Workshop/jackhammer/jackhammer-0013.wav,test
datasec:DATASEC/Workshop/jackhammer/jackhammer-0058.wav,datasec:DATASEC/Workshop/jackhammer/jackhammer-0058.wav,train
datasec:DATASEC/Workshop/jackhammer/jackhammer-0059.wav,datasec:DATASEC/Workshop/jackhammer/jackhammer-0059.wav,train
datasec:DATASEC/Workshop/jackhammer/jackhammer-0060.wav,datasec:DATASEC/Workshop/jackhammer/jackhammer-0060.wav,train
datasec:DATASEC/Workshop/jackhammer/jackhammer-0061.wav,datasec:DATASEC/Workshop/jackhammer/jackhammer-0061.wav,train
datasec:DATASEC/Workshop/jackhammer/jackhammer-0062.wav,datasec:DATASEC/Workshop/jackhammer/jackhammer-0062.wav,train
datasec:DATASEC/Workshop/jackhammer/jackhammer-0063.wav,datasec:DATASEC/Workshop/jackhammer/jackhammer-0063.wav,validation
datasec:DATASEC/Workshop/saw/saw-0001.wav,datasec:DATASEC/Workshop/saw/saw-0001.wav,train
datasec:DATASEC/Workshop/saw/saw-0002.wav,datasec:DATASEC/Workshop/saw/saw-0002.wav,validation
datasec:DATASEC/Workshop/saw/saw-0003.wav,datasec:DATASEC/Workshop/saw/saw-0003.wav,train
datasec:DATASEC/Workshop/saw/saw-0004.wav,datasec:DATASEC/Workshop/saw/saw-0004.wav,validation
datasec:DATASEC/Workshop/saw/saw-0005.wav,datasec:DATASEC/Workshop/saw/saw-0005.wav,train
datasec:DATASEC/Workshop/saw/saw-0006.wav,datasec:DATASEC/Workshop/saw/saw-0006.wav,train
datasec:DATASEC/Workshop/saw/saw-0007.wav,datasec:DATASEC/Workshop/saw/saw-0007.wav,train
datasec:DATASEC/Workshop/saw/saw-0008.wav,datasec:DATASEC/Workshop/saw/saw-0008.wav,train
datasec:DATASEC/Workshop/saw/saw-0009.wav,datasec:DATASEC/Workshop/saw/saw-0009.wav,test
datasec:DATASEC/Workshop/saw/saw-0010.wav,datasec:DATASEC/Workshop/saw/saw-0010.wav,validation
datasec:DATASEC/Workshop/saw/saw-0011.wav,datasec:DATASEC/Workshop/saw/saw-0011.wav,train
datasec:DATASEC/Workshop/saw/saw-0012.wav,datasec:DATASEC/Workshop/saw/saw-0012.wav,train
datasec:DATASEC/Workshop/saw/saw-0013.wav,datasec:DATASEC/Workshop/saw/saw-0013.wav,train
datasec:DATASEC/Workshop/saw/saw-0014.wav,datasec:DATASEC/Workshop/saw/saw-0014.wav,test
datasec:DATASEC/Workshop/saw/saw-0015.wav,datasec:DATASEC/Workshop/saw/saw-0015.wav,train
datasec:DATASEC/Workshop/saw/saw-0016.wav,datasec:DATASEC/Workshop/saw/saw-0016.wav,test
datasec:DATASEC/Workshop/saw/saw-0017.wav,datasec:DATASEC/Workshop/saw/saw-0017.wav,train
datasec:DATASEC/Workshop/saw/saw-0018.wav,datasec:DATASEC/Workshop/saw/saw-0018.wav,train
datasec:DATASEC/Workshop/saw/saw-0019.wav,datasec:DATASEC/Workshop/saw/saw-0019.wav,train
datasec:DATASEC/Workshop/saw/saw-0020.wav,datasec:DATASEC/Workshop/saw/saw-0020.wav,train
datasec:DATASEC/Workshop/saw/saw-0021.wav,datasec:DATASEC/Workshop/saw/saw-0021.wav,train
datasec:DATASEC/Workshop/saw/saw-0022.wav,datasec:DATASEC/Workshop/saw/saw-0022.wav,validation
datasec:DATASEC/Workshop/saw/saw-0023.wav,datasec:DATASEC/Workshop/saw/saw-0023.wav,test
datasec:DATASEC/Workshop/saw/saw-0024.wav,datasec:DATASEC/Workshop/saw/saw-0024.wav,train
datasec:DATASEC/Workshop/saw/saw-0025.wav,datasec:DATASEC/Workshop/saw/saw-0025.wav,validation
datasec:DATASEC/Workshop/saw/saw-0026.wav,datasec:DATASEC/Workshop/saw/saw-0026.wav,train
datasec:DATASEC/Workshop/saw/saw-0027.wav,datasec:DATASEC/Workshop/saw/saw-0027.wav,train
datasec:DATASEC/Workshop/saw/saw-0028.wav,datasec:DATASEC/Workshop/saw/saw-0028.wav,train
datasec:DATASEC/Workshop/saw/saw-0029.wav,datasec:DATASEC/Workshop/saw/saw-0029.wav,train
datasec:DATASEC/Workshop/saw/saw-0030.wav,datasec:DATASEC/Workshop/saw/saw-0030.wav,validation
datasec:DATASEC/Workshop/saw/saw-0031.wav,datasec:DATASEC/Workshop/saw/saw-0031.wav,train
datasec:DATASEC/Workshop/saw/saw-0032.wav,datasec:DATASEC/Workshop/saw/saw-0032.wav,validation
datasec:DATASEC/Workshop/saw/saw-0033.wav,datasec:DATASEC/Workshop/saw/saw-0033.wav,train
datasec:DATASEC/Workshop/saw/saw-0034.wav,datasec:DATASEC/Workshop/saw/saw-0034.wav,test
datasec:DATASEC/Workshop/saw/saw-0035.wav,datasec:DATASEC/Workshop/saw/saw-0035.wav,train
datasec:DATASEC/Workshop/saw/saw-0036.wav,datasec:DATASEC/Workshop/saw/saw-0036.wav,train
datasec:DATASEC/Workshop/saw/saw-0037.wav,datasec:DATASEC/Workshop/saw/saw-0037.wav,train
datasec:DATASEC/Workshop/saw/saw-0038.wav,datasec:DATASEC/Workshop/saw/saw-0038.wav,train
datasec:DATASEC/Workshop/saw/saw-0039.wav,datasec:DATASEC/Workshop/saw/saw-0039.wav,train
datasec:DATASEC/Workshop/saw/saw-0040.wav,datasec:DATASEC/Workshop/saw/saw-0040.wav,train
datasec:DATASEC/Workshop/saw/saw-0041.wav,datasec:DATASEC/Workshop/saw/saw-0041.wav,test
datasec:DATASEC/Workshop/saw/saw-0042.wav,datasec:DATASEC/Workshop/saw/saw-0042.wav,train
