event_id,recording_id,audio_relative_path,label_mode,raw_class_label,class_id,onset_s,offset_s,source_start_fraction,source_end_fraction,source_event_length_s,source_row
datased:monophonic:000001,S-0001,DataSED - DataSED - Dataset for Sound Event Detection of environmental noise/SED_wav/S-0001.wav,monophonic,Birds,birds,0.0,17.6,0.0,0.3,17.6,2
datased:monophonic:000002,S-0001,DataSED - DataSED - Dataset for Sound Event Detection of environmental noise/SED_wav/S-0001.wav,monophonic,Lawn mower brush cutter and olive shaker,lawn_mower_brush_cutter_olive_shaker,21.17,34.83,0.36,0.59,13.66,3
datased:monophonic:000003,S-0001,DataSED - DataSED - Dataset for Sound Event Detection of environmental noise/SED_wav/S-0001.wav,monophonic,Bells,bells,34.93,50.65,0.59,0.85,15.72,4
datased:monophonic:000004,S-0001,DataSED - DataSED - Dataset for Sound Event Detection of environmental noise/SED_wav/S-0001.wav,monophonic,Lawn mower brush cutter and olive shaker,lawn_mower_brush_cutter_olive_shaker,53.23,58.05,0.9,0.98,4.82,5
datased:monophonic:000005,S-0002,DataSED - DataSED - Dataset for Sound Event Detection of environmental noise/SED_wav/S-0002.wav,monophonic,Bells,bells,0.0,10.31,0.0,0.08,10.31,6
datased:monophonic:000006,S-0002,DataSED - DataSED - Dataset for Sound Event Detection of environmental noise/SED_wav/S-0002.wav,monophonic,Bells,bells,13.16,22.52,0.11,0.18,9.36,7
datased:monophonic:000007,S-0002,DataSED - DataSED - Dataset for Sound Event Detection of environmental noise/SED_wav/S-0002.wav,monophonic,Bells,bells,25.22,35.06,0.2,0.28,9.84,8
datased:monophonic:000008,S-0002,DataSED - DataSED - Dataset for Sound Event Detection of environmental noise/SED_wav/S-0002.wav,monophonic,Bells,bells,35.61,123.98,0.29,1.0,88.37,9
datased:monophonic:000009,S-0003,DataSED - DataSED - Dataset for Sound Event Detection of environmental noise/SED_wav/S-0003.wav,monophonic,Train,train,5.52,23.71,0.06,0.25,18.19,10
datased:monophonic:000010,S-0003,DataSED - DataSED - Dataset for Sound Event Detection of environmental noise/SED_wav/S-0003.wav,monophonic,Voices,voices,27.88,47.82,0.29,0.5,19.93,11
datased:monophonic:000011,S-0003,DataSED - DataSED - Dataset for Sound Event Detection of environmental noise/SED_wav/S-0003.wav,monophonic,Vehicle pass-by,vehicle_pass_by,62.88,68.38,0.66,0.71,5.5,12
datased:monophonic:000012,S-0003,DataSED - DataSED - Dataset for Sound Event Detection of environmental noise/SED_wav/S-0003.wav,monophonic,Voices,voices,68.62,95.62,0.72,1.0,27.0,13
datased:monophonic:000013,S-0004,DataSED - DataSED - Dataset for Sound Event Detection of environmental noise/SED_wav/S-0004.wav,monophonic,Train,train,0.0,24.49,0.0,0.23,24.49,14
datased:monophonic:000014,S-0004,DataSED - DataSED - Dataset for Sound Event Detection of environmental noise/SED_wav/S-0004.wav,monophonic,Voices,voices,28.3,34.78,0.26,0.33,6.47,15
datased:monophonic:000015,S-0004,DataSED - DataSED - Dataset for Sound Event Detection of environmental noise/SED_wav/S-0004.wav,monophonic,Sirens and alarms,sirens_and_alarms,46.63,51.22,0.44,0.48,4.6,16
datased:monophonic:000016,S-0004,DataSED - DataSED - Dataset for Sound Event Detection of environmental noise/SED_wav/S-0004.wav,monophonic,Train,train,56.34,85.47,0.53,0.8,29.13,17
datased:monophonic:000017,S-0004,DataSED - DataSED - Dataset for Sound Event Detection of environmental noise/SED_wav/S-0004.wav,monophonic,Sirens and alarms,sirens_and_alarms,87.28,90.39,0.82,0.85,3.11,18
datased:monophonic:000018,S-0004,DataSED - DataSED - Dataset for Sound Event Detection of environmental noise/SED_wav/S-0004.wav,monophonic,Train,train,90.58,106.96,0.85,1.0,16.38,19
datased:monophonic:000019,S-0005,DataSED - DataSED - Dataset for Sound Event Detection of environmental noise/SED_wav/S-0005.wav,monophonic,Train,train,59.2,128.96,0.25,0.55,69.76,20
datased:monophonic:000020,S-0005,DataSED - DataSED - Dataset for Sound Event Detection of environmental noise/SED_wav/S-0005.wav,monophonic,Jet aircrafts,jet_aircrafts,132.91,230.91,0.57,0.99,98.0,21
datased:monophonic:000021,S-0006,DataSED - DataSED - Dataset for Sound Event Detection of environmental noise/SED_wav/S-0006.wav,monophonic,Vehicle pass-by,vehicle_pass_by,0.38,7.31,0.0,0.07,6.93,22
datased:monophonic:000022,S-0006,DataSED - DataSED - Dataset for Sound Event Detection of environmental noise/SED_wav/S-0006.wav,monophonic,Vehicle pass-by,vehicle_pass_by,12.97,16.08,0.13,0.16,3.11,23
datased:monophonic:000023,S-0006,DataSED - DataSED - Dataset for Sound Event Detection of environmental noise/SED_wav/S-0006.wav,monophonic,Horn,horn,16.37,17.16,0.16,0.17,0.79,24
datased:monophonic:000024,S-0006,DataSED - DataSED - Dataset for Sound Event Detection of environmental noise/SED_wav/S-0006.wav,monophonic,Vehicle pass-by,vehicle_pass_by,19.05,21.78,0.19,0.22,2.74,25
datased:monophonic:000025,S-0006,DataSED - DataSED - Dataset for Sound Event Detection of environmental noise/SED_wav/S-0006.wav,monophonic,Vehicle pass-by,vehicle_pass_by,21.9,30.47,0.22,0.3,8.56,26
datased:monophonic:000026,S-0006,DataSED - DataSED - Dataset for Sound Event Detection of environmental noise/SED_wav/S-0006.wav,monophonic,Vehicle pass-by,vehicle_pass_by,30.57,34.16,0.3,0.34,3.59,27
datased:monophonic:000027,S-0006,DataSED - DataSED - Dataset for Sound Event Detection of environmental noise/SED_wav/S-0006.wav,monophonic,Crows seagulls and magpies,crows_seagulls_magpies,34.16,35.66,0.34,0.35,1.5,28
datased:monophonic:000028,S-0006,DataSED - DataSED - Dataset for Sound Event Detection of environmental noise/SED_wav/S-0006.wav,monophonic,Voices,voices,36.41,39.62,0.36,0.39,3.21,29
datased:monophonic:000029,S-0006,DataSED - DataSED - Dataset for Sound Event Detection of environmental noise/SED_wav/S-0006.wav,monophonic,Vehicle pass-by,vehicle_pass_by,39.73,45.67,0.4,0.45,5.94,30
datased:monophonic:000030,S-0006,DataSED - DataSED - Dataset for Sound Event Detection of environmental noise/SED_wav/S-0006.wav,monophonic,Horn,horn,46.58,47.11,0.46,0.47,0.54,31
datased:monophonic:000031,S-0006,DataSED - DataSED - Dataset for Sound Event Detection of environmental noise/SED_wav/S-0006.wav,monophonic,Vehicle pass-by,vehicle_pass_by,47.38,55.73,0.47,0.55,8.35,32
datased:monophonic:000032,S-0006,DataSED - DataSED - Dataset for Sound Event Detection of environmental noise/SED_wav/S-0006.wav,monophonic,Voices,voices,56.16,56.87,0.56,0.57,0.71,33
datased:monophonic:000033,S-0006,DataSED - DataSED - Dataset for Sound Event Detection of environmental noise/SED_wav/S-0006.wav,monophonic,Horn,horn,56.96,57.61,0.57,0.57,0.64,34
datased:monophonic:000034,S-0006,DataSED - DataSED - Dataset for Sound Event Detection of environmental noise/SED_wav/S-0006.wav,monophonic,Horn,horn,58.14,58.84,0.58,0.59,0.7,35
datased:monophonic:000035,S-0006,DataSED - DataSED - Dataset for Sound Event Detection of environmental noise/SED_wav/S-0006.wav,monophonic,Vehicle pass-by,vehicle_pass_by,59.28,65.9,0.59,0.66,6.62,36
datased:monophonic:000036,S-0006,DataSED - DataSED - Dataset for Sound Event Detection of environmental noise/SED_wav/S-0006.wav,monophonic,Horn,horn,66.01,66.82,0.66,0.67,0.81,37
datased:monophonic:000037,S-0006,DataSED - DataSED - Dataset for Sound Event Detection of environmental noise/SED_wav/S-0006.wav,monophonic,Horn,horn,66.87,68.53,0.67,0.68,1.66,38
datased:monophonic:000038,S-0006,DataSED - DataSED - Dataset for Sound Event Detection of environmental noise/SED_wav/S-0006.wav,monophonic,Vehicle pass-by,vehicle_pass_by,68.53,72.75,0.68,0.72,4.23,39
datased:monophonic:000039,S-0006,DataSED - DataSED - Dataset for Sound Event Detection of environmental noise/SED_wav/S-0006.wav,monophonic,Horn,horn,72.86,73.72,0.73,0.73,0.86,40
datased:monophonic:000040,S-0006,DataSED - DataSED - Dataset for Sound Event Detection of environmental noise/SED_wav/S-0006.wav,monophonic,Vehicle pass-by,vehicle_pass_by,73.82,77.41,0.73,0.77,3.59,41
datased:monophonic:000041,S-0006,DataSED - DataSED - Dataset for Sound Event Detection of environmental noise/SED_wav/S-0006.wav,monophonic,Vehicle pass-by,vehicle_pass_by,77.57,84.58,0.77,0.84,7.01,42
datased:monophonic:000042,S-0006,DataSED - DataSED - Dataset for Sound Event Detection of environmental noise/SED_wav/S-0006.wav,monophonic,Vehicle pass-by,vehicle_pass_by,88.17,90.43,0.88,0.9,2.26,43
datased:monophonic:000043,S-0006,DataSED - DataSED - Dataset for Sound Event Detection of environmental noise/SED_wav/S-0006.wav,monophonic,Horn,horn,91.01,91.76,0.91,0.91,0.75,44
datased:monophonic:000044,S-0006,DataSED - DataSED - Dataset for Sound Event Detection of environmental noise/SED_wav/S-0006.wav,monophonic,Vehicle pass-by,vehicle_pass_by,91.94,93.52,0.92,0.93,1.58,45
datased:monophonic:000045,S-0006,DataSED - DataSED - Dataset for Sound Event Detection of environmental noise/SED_wav/S-0006.wav,monophonic,Voices,voices,94.27,99.89,0.94,0.99,5.62,46
datased:monophonic:000046,S-0007,DataSED - DataSED - Dataset for Sound Event Detection of environmental noise/SED_wav/S-0007.wav,monophonic,Voices,voices,0.0,4.83,0.0,0.29,4.83,47
datased:monophonic:000047,S-0007,DataSED - DataSED - Dataset for Sound Event Detection of environmental noise/SED_wav/S-0007.wav,monophonic,Vehicle pass-by,vehicle_pass_by,4.85,8.79,0.29,0.52,3.94,48
datased:monophonic:000048,S-0007,DataSED - DataSED - Dataset for Sound Event Detection of environmental noise/SED_wav/S-0007.wav,monophonic,Vehicle pass-by,vehicle_pass_by,9.09,11.72,0.54,0.7,2.62,49
datased:monophonic:000049,S-0007,DataSED - DataSED - Dataset for Sound Event Detection of environmental noise/SED_wav/S-0007.wav,monophonic,Vehicle pass-by,vehicle_pass_by,12.83,16.78,0.76,1.0,3.95,50
datased:monophonic:000050,S-0008,DataSED - DataSED - Dataset for Sound Event Detection of environmental noise/SED_wav/S-0008.wav,monophonic,Voices,voices,0.77,2.9,0.02,0.06,2.13,51
datased:monophonic:000051,S-0008,DataSED - DataSED - Dataset for Sound Event Detection of environmental noise/SED_wav/S-0008.wav,monophonic,Vehicle pass-by,vehicle_pass_by,5.14,9.96,0.11,0.21,4.82,52
datased:monophonic:000052,S-0008,DataSED - DataSED - Dataset for Sound Event Detection of environmental noise/SED_wav/S-0008.wav,monophonic,Vehicle pass-by,vehicle_pass_by,10.02,14.07,0.21,0.3,4.06,53
datased:monophonic:000053,S-0008,DataSED - DataSED - Dataset for Sound Event Detection of environmental noise/SED_wav/S-0008.wav,monophonic,Vehicle pass-by,vehicle_pass_by,18.27,21.87,0.39,0.47,3.6,54
datased:monophonic:000054,S-0008,DataSED - DataSED - Dataset for Sound Event Detection of environmental noise/SED_wav/S-0008.wav,monophonic,Voices,voices,22.01,23.86,0.47,0.51,1.84,55
datased:monophonic:000055,S-0008,DataSED - DataSED - Dataset for Sound Event Detection of environmental noise/SED_wav/S-0008.wav,monophonic,Workshop,workshop,23.94,29.13,0.51,0.62,5.19,56
datased:monophonic:000056,S-0008,DataSED - DataSED - Dataset for Sound Event Detection of environmental noise/SED_wav/S-0008.wav,monophonic,Workshop,workshop,30.75,38.35,0.66,0.82,7.6,57
datased:monophonic:000057,S-0008,DataSED - DataSED - Dataset for Sound Event Detection of environmental noise/SED_wav/S-0008.wav,monophonic,Vehicle pass-by,vehicle_pass_by,39.25,44.33,0.84,0.95,5.08,58
datased:monophonic:000058,S-0008,DataSED - DataSED - Dataset for Sound Event Detection of environmental noise/SED_wav/S-0008.wav,monophonic,Horn,horn,45.78,46.32,0.98,0.99,0.54,59
datased:monophonic:000059,S-0009,DataSED - DataSED - Dataset for Sound Event Detection of environmental noise/SED_wav/S-0009.wav,monophonic,Thunder fireworks and gunshot,thunder_fireworks_gunshot,0.85,10.72,0.01,0.09,9.87,60
datased:monophonic:000060,S-0009,DataSED - DataSED - Dataset for Sound Event Detection of environmental noise/SED_wav/S-0009.wav,monophonic,Birds,birds,10.79,22.58,0.09,0.18,11.79,61
datased:monophonic:000061,S-0009,DataSED - DataSED - Dataset for Sound Event Detection of environmental noise/SED_wav/S-0009.wav,monophonic,Thunder fireworks and gunshot,thunder_fireworks_gunshot,23.55,35.24,0.19,0.28,11.69,62
datased:monophonic:000062,S-0009,DataSED - DataSED - Dataset for Sound Event Detection of environmental noise/SED_wav/S-0009.wav,monophonic,Vehicle pass-by,vehicle_pass_by,37.98,61.89,0.3,0.49,23.92,63
datased:monophonic:000063,S-0009,DataSED - DataSED - Dataset for Sound Event Detection of environmental noise/SED_wav/S-0009.wav,monophonic,Birds,birds,62.22,72.25,0.5,0.58,10.04,64
datased:monophonic:000064,S-0009,DataSED - DataSED - Dataset for Sound Event Detection of environmental noise/SED_wav/S-0009.wav,monophonic,Thunder fireworks and gunshot,thunder_fireworks_gunshot,74.8,100.46,0.6,0.8,25.66,65
datased:monophonic:000065,S-0009,DataSED - DataSED - Dataset for Sound Event Detection of environmental noise/SED_wav/S-0009.wav,monophonic,Birds,birds,100.48,106.63,0.8,0.85,6.15,66
datased:monophonic:000066,S-0009,DataSED - DataSED - Dataset for Sound Event Detection of environmental noise/SED_wav/S-0009.wav,monophonic,Thunder fireworks and gunshot,thunder_fireworks_gunshot,107.68,122.4,0.86,0.98,14.73,67
datased:monophonic:000067,S-0010,DataSED - DataSED - Dataset for Sound Event Detection of environmental noise/SED_wav/S-0010.wav,monophonic,Thunder fireworks and gunshot,thunder_fireworks_gunshot,0.0,20.51,0.0,0.24,20.51,68
datased:monophonic:000068,S-0010,DataSED - DataSED - Dataset for Sound Event Detection of environmental noise/SED_wav/S-0010.wav,monophonic,Birds,birds,22.07,32.1,0.26,0.38,10.03,69
datased:monophonic:000069,S-0010,DataSED - DataSED - Dataset for Sound Event Detection of environmental noise/SED_wav/S-0010.wav,monophonic,Thunder fireworks and gunshot,thunder_fireworks_gunshot,32.5,43.92,0.39,0.52,11.42,70
datased:monophonic:000070,S-0010,DataSED - DataSED - Dataset for Sound Event Detection of environmental noise/SED_wav/S-0010.wav,monophonic,Thunder fireworks and gunshot,thunder_fireworks_gunshot,44.99,49.63,0.53,0.59,4.64,71
datased:monophonic:000071,S-0010,DataSED - DataSED - Dataset for Sound Event Detection of environmental noise/SED_wav/S-0010.wav,monophonic,Thunder fireworks and gunshot,thunder_fireworks_gunshot,55.24,63.56,0.66,0.75,8.31,72
datased:monophonic:000072,S-0010,DataSED - DataSED - Dataset for Sound Event Detection of environmental noise/SED_wav/S-0010.wav,monophonic,Birds,birds,64.2,67.21,0.76,0.8,3.01,73
datased:monophonic:000073,S-0010,DataSED - DataSED - Dataset for Sound Event Detection of environmental noise/SED_wav/S-0010.wav,monophonic,Vehicle pass-by,vehicle_pass_by,68.21,84.26,0.81,1.0,16.05,74
datased:monophonic:000074,S-0011,DataSED - DataSED - Dataset for Sound Event Detection of environmental noise/SED_wav/S-0011.wav,monophonic,Voices,voices,0.0,11.99,0.0,0.14,11.99,75
datased:monophonic:000075,S-0011,DataSED - DataSED - Dataset for Sound Event Detection of environmental noise/SED_wav/S-0011.wav,monophonic,Horn,horn,12.47,13.11,0.14,0.15,0.64,76
datased:monophonic:000076,S-0011,DataSED - DataSED - Dataset for Sound Event Detection of environmental noise/SED_wav/S-0011.wav,monophonic,Voices,voices,13.2,20.24,0.15,0.23,7.04,77
datased:monophonic:000077,S-0011,DataSED - DataSED - Dataset for Sound Event Detection of environmental noise/SED_wav/S-0011.wav,monophonic,Horn,horn,20.3,29.41,0.23,0.33,9.11,78
datased:monophonic:000078,S-0011,DataSED - DataSED - Dataset for Sound Event Detection of environmental noise/SED_wav/S-0011.wav,monophonic,Voices,voices,29.57,35.2,0.34,0.4,5.63,79
datased:monophonic:000079,S-0011,DataSED - DataSED - Dataset for Sound Event Detection of environmental noise/SED_wav/S-0011.wav,monophonic,Horn,horn,36.07,38.95,0.41,0.44,2.88,80
datased:monophonic:000080,S-0011,DataSED - DataSED - Dataset for Sound Event Detection of environmental noise/SED_wav/S-0011.wav,monophonic,Voices,voices,39.6,48.4,0.45,0.55,8.8,81
datased:monophonic:000081,S-0011,DataSED - DataSED - Dataset for Sound Event Detection of environmental noise/SED_wav/S-0011.wav,monophonic,Horn,horn,48.48,49.38,0.55,0.56,0.91,82
datased:monophonic:000082,S-0011,DataSED - DataSED - Dataset for Sound Event Detection of environmental noise/SED_wav/S-0011.wav,monophonic,Horn,horn,50.77,52.47,0.58,0.6,1.7,83
datased:monophonic:000083,S-0011,DataSED - DataSED - Dataset for Sound Event Detection of environmental noise/SED_wav/S-0011.wav,monophonic,Voices,voices,52.8,56.32,0.6,0.64,3.52,84
datased:monophonic:000084,S-0011,DataSED - DataSED - Dataset for Sound Event Detection of environmental noise/SED_wav/S-0011.wav,monophonic,Horn,horn,57.11,57.8,0.65,0.66,0.69,85
datased:monophonic:000085,S-0011,DataSED - DataSED - Dataset for Sound Event Detection of environmental noise/SED_wav/S-0011.wav,monophonic,Horn,horn,59.93,64.4,0.68,0.73,4.47,86
datased:monophonic:000086,S-0011,DataSED - DataSED - Dataset for Sound Event Detection of environmental noise/SED_wav/S-0011.wav,monophonic,Horn,horn,64.94,65.9,0.74,0.75,0.96,87
datased:monophonic:000087,S-0011,DataSED - DataSED - Dataset for Sound Event Detection of environmental noise/SED_wav/S-0011.wav,monophonic,Voices,voices,66.0,73.04,0.75,0.83,7.04,88
datased:monophonic:000088,S-0011,DataSED - DataSED - Dataset for Sound Event Detection of environmental noise/SED_wav/S-0011.wav,monophonic,Horn,horn,73.67,76.97,0.84,0.87,3.3,89
datased:monophonic:000089,S-0011,DataSED - DataSED - Dataset for Sound Event Detection of environmental noise/SED_wav/S-0011.wav,monophonic,Horn,horn,79.11,88.0,0.9,1.0,8.89,90
datased:monophonic:000090,S-0012,DataSED - DataSED - Dataset for Sound Event Detection of environmental noise/SED_wav/S-0012.wav,monophonic,Crows seagulls and magpies,crows_seagulls_magpies,0.0,0.84,0.0,0.01,0.84,91
datased:monophonic:000091,S-0012,DataSED - DataSED - Dataset for Sound Event Detection of environmental noise/SED_wav/S-0012.wav,monophonic,Birds,birds,0.92,1.62,0.01,0.02,0.7,92
datased:monophonic:000092,S-0012,DataSED - DataSED - Dataset for Sound Event Detection of environmental noise/SED_wav/S-0012.wav,monophonic,Crows seagulls and magpies,crows_seagulls_magpies,1.84,2.79,0.02,0.03,0.94,93
datased:monophonic:000093,S-0012,DataSED - DataSED - Dataset for Sound Event Detection of environmental noise/SED_wav/S-0012.wav,monophonic,Birds,birds,3.07,3.87,0.03,0.04,0.81,94
datased:monophonic:000094,S-0012,DataSED - DataSED - Dataset for Sound Event Detection of environmental noise/SED_wav/S-0012.wav,monophonic,Crows seagulls and magpies,crows_seagulls_magpies,3.9,4.9,0.04,0.05,1.0,95
datased:monophonic:000095,S-0012,DataSED - DataSED - Dataset for Sound Event Detection of environmental noise/SED_wav/S-0012.wav,monophonic,Crows seagulls and magpies,crows_seagulls_magpies,6.17,6.79,0.07,0.07,0.61,96
datased:monophonic:000096,S-0012,DataSED - DataSED - Dataset for Sound Event Detection of environmental noise/SED_wav/S-0012.wav,monophonic,Thunder fireworks and gunshot,thunder_fireworks_gunshot,6.8,8.9,0.07,0.1,2.1,97
datased:monophonic:000097,S-0012,DataSED - DataSED - Dataset for Sound Event Detection of environmental noise/SED_wav/S-0012.wav,monophonic,Crows seagulls and magpies,crows_seagulls_magpies,9.01,9.45,0.1,0.1,0.44,98
datased:monophonic:000098,S-0012,DataSED - DataSED - Dataset for Sound Event Detection of environmental noise/SED_wav/S-0012.wav,monophonic,Crows seagulls and magpies,crows_seagulls_magpies,11.39,12.12,0.12,0.13,0.72,99
datased:monophonic:000099,S-0012,DataSED - DataSED - Dataset for Sound Event Detection of environmental noise/SED_wav/S-0012.wav,monophonic,Thunder fireworks and gunshot,thunder_fireworks_gunshot,12.2,23.0,0.13,0.25,10.8,100
datased:monophonic:000100,S-0012,DataSED - DataSED - Dataset for Sound Event Detection of environmental noise/SED_wav/S-0012.wav,monophonic,Birds,birds,23.09,27.0,0.25,0.29,3.91,101
datased:monophonic:000101,S-0012,DataSED - DataSED - Dataset for Sound Event Detection of environmental noise/SED_wav/S-0012.wav,monophonic,Vehicle pass-by,vehicle_pass_by,29.88,41.21,0.33,0.45,11.33,102
datased:monophonic:000102,S-0012,DataSED - DataSED - Dataset for Sound Event Detection of environmental noise/SED_wav/S-0012.wav,monophonic,Birds,birds,42.15,45.87,0.46,0.5,3.71,103
datased:monophonic:000103,S-0012,DataSED - DataSED - Dataset for Sound Event Detection of environmental noise/SED_wav/S-0012.wav,monophonic,Crows seagulls and magpies,crows_seagulls_magpies,46.32,47.93,0.5,0.52,1.61,104
datased:monophonic:000104,S-0012,DataSED - DataSED - Dataset for Sound Event Detection of environmental noise/SED_wav/S-0012.wav,monophonic,Crows seagulls and magpies,crows_seagulls_magpies,52.04,53.04,0.57,0.58,1.0,105
datased:monophonic:000105,S-0012,DataSED - DataSED - Dataset for Sound Event Detection of environmental noise/SED_wav/S-0012.wav,monophonic,Crows seagulls and magpies,crows_seagulls_magpies,55.92,56.64,0.61,0.62,0.72,106
datased:monophonic:000106,S-0012,DataSED - DataSED - Dataset for Sound Event Detection of environmental noise/SED_wav/S-0012.wav,monophonic,Crows seagulls and magpies,crows_seagulls_magpies,57.37,58.37,0.63,0.64,1.0,107
datased:monophonic:000107,S-0012,DataSED - DataSED - Dataset for Sound Event Detection of environmental noise/SED_wav/S-0012.wav,monophonic,Thunder fireworks and gunshot,thunder_fireworks_gunshot,60.53,78.63,0.66,0.86,18.1,108
datased:monophonic:000108,S-0012,DataSED - DataSED - Dataset for Sound Event Detection of environmental noise/SED_wav/S-0012.wav,monophonic,Crows seagulls and magpies,crows_seagulls_magpies,78.69,79.3,0.86,0.86,0.61,109
datased:monophonic:000109,S-0012,DataSED - DataSED - Dataset for Sound Event Detection of environmental noise/SED_wav/S-0012.wav,monophonic,Birds,birds,85.46,86.79,0.93,0.95,1.33,110
datased:monophonic:000110,S-0013,DataSED - DataSED - Dataset for Sound Event Detection of environmental noise/SED_wav/S-0013.wav,monophonic,Birds,birds,0.0,6.58,0.0,0.04,6.58,111
datased:monophonic:000111,S-0013,DataSED - DataSED - Dataset for Sound Event Detection of environmental noise/SED_wav/S-0013.wav,monophonic,Propeller aircrafts,propeller_aircrafts,12.2,104.81,0.08,0.68,92.61,112
datased:monophonic:000112,S-0013,DataSED - DataSED - Dataset for Sound Event Detection of environmental noise/SED_wav/S-0013.wav,monophonic,Vehicle pass-by,vehicle_pass_by,127.4,137.43,0.82,0.89,10.03,113
datased:monophonic:000113,S-0013,DataSED - DataSED - Dataset for Sound Event Detection of environmental noise/SED_wav/S-0013.wav,monophonic,Jet aircrafts,jet_aircrafts,137.43,141.18,0.89,0.91,3.75,114
datased:monophonic:000114,S-0013,DataSED - DataSED - Dataset for Sound Event Detection of environmental noise/SED_wav/S-0013.wav,monophonic,Birds,birds,141.24,150.18,0.91,0.97,8.94,115
datased:monophonic:000115,S-0014,DataSED - DataSED - Dataset for Sound Event Detection of environmental noise/SED_wav/S-0014.wav,monophonic,Crows seagulls and magpies,crows_seagulls_magpies,0.0,3.42,0.0,0.05,3.42,116
datased:monophonic:000116,S-0014,DataSED - DataSED - Dataset for Sound Event Detection of environmental noise/SED_wav/S-0014.wav,monophonic,Vehicle pass-by,vehicle_pass_by,3.98,10.59,0.06,0.16,6.62,117
datased:monophonic:000117,S-0014,DataSED - DataSED - Dataset for Sound Event Detection of environmental noise/SED_wav/S-0014.wav,monophonic,Crows seagulls and magpies,crows_seagulls_magpies,10.82,11.35,0.16,0.17,0.53,118
datased:monophonic:000118,S-0014,DataSED - DataSED - Dataset for Sound Event Detection of environmental noise/SED_wav/S-0014.wav,monophonic,Crows seagulls and magpies,crows_seagulls_magpies,12.59,13.24,0.19,0.2,0.66,119
datased:monophonic:000119,S-0014,DataSED - DataSED - Dataset for Sound Event Detection of environmental noise/SED_wav/S-0014.wav,monophonic,Crows seagulls and magpies,crows_seagulls_magpies,13.57,45.55,0.2,0.67,31.98,120
datased:monophonic:000120,S-0014,DataSED - DataSED - Dataset for Sound Event Detection of environmental noise/SED_wav/S-0014.wav,monophonic,Vehicle pass-by,vehicle_pass_by,46.18,52.29,0.68,0.77,6.11,121
datased:monophonic:000121,S-0014,DataSED - DataSED - Dataset for Sound Event Detection of environmental noise/SED_wav/S-0014.wav,monophonic,Crows seagulls and magpies,crows_seagulls_magpies,52.36,67.92,0.77,1.0,15.55,122
datased:monophonic:000122,S-0015,DataSED - DataSED - Dataset for Sound Event Detection of environmental noise/SED_wav/S-0015.wav,monophonic,Crows seagulls and magpies,crows_seagulls_magpies,0.0,5.92,0.0,0.07,5.92,123
datased:monophonic:000123,S-0015,DataSED - DataSED - Dataset for Sound Event Detection of environmental noise/SED_wav/S-0015.wav,monophonic,Crows seagulls and magpies,crows_seagulls_magpies,6.27,15.28,0.08,0.18,9.01,124
datased:monophonic:000124,S-0015,DataSED - DataSED - Dataset for Sound Event Detection of environmental noise/SED_wav/S-0015.wav,monophonic,Crows seagulls and magpies,crows_seagulls_magpies,16.09,19.59,0.19,0.24,3.51,125
datased:monophonic:000125,S-0015,DataSED - DataSED - Dataset for Sound Event Detection of environmental noise/SED_wav/S-0015.wav,monophonic,Crows seagulls and magpies,crows_seagulls_magpies,21.49,22.65,0.26,0.27,1.15,126
datased:monophonic:000126,S-0015,DataSED - DataSED - Dataset for Sound Event Detection of environmental noise/SED_wav/S-0015.wav,monophonic,Vehicle idling,vehicle_idling,23.1,46.34,0.28,0.56,23.24,127
datased:monophonic:000127,S-0015,DataSED - DataSED - Dataset for Sound Event Detection of environmental noise/SED_wav/S-0015.wav,monophonic,Crows seagulls and magpies,crows_seagulls_magpies,46.58,58.85,0.56,0.71,12.27,128
datased:monophonic:000128,S-0015,DataSED - DataSED - Dataset for Sound Event Detection of environmental noise/SED_wav/S-0015.wav,monophonic,Crows seagulls and magpies,crows_seagulls_magpies,60.11,61.11,0.73,0.74,1.0,129
datased:monophonic:000129,S-0015,DataSED - DataSED - Dataset for Sound Event Detection of environmental noise/SED_wav/S-0015.wav,monophonic,Vehicle idling,vehicle_idling,61.23,72.57,0.74,0.88,11.34,130
datased:monophonic:000130,S-0015,DataSED - DataSED - Dataset for Sound Event Detection of environmental noise/SED_wav/S-0015.wav,monophonic,Vehicle pass-by,vehicle_pass_by,72.58,82.74,0.88,1.0,10.17,131
datased:monophonic:000131,S-0016,DataSED - DataSED - Dataset for Sound Event Detection of environmental noise/SED_wav/S-0016.wav,monophonic,Birds,birds,0.04,12.77,0.0,0.21,12.73,132
datased:monophonic:000132,S-0016,DataSED - DataSED - Dataset for Sound Event Detection of environmental noise/SED_wav/S-0016.wav,monophonic,Workshop,workshop,13.37,14.29,0.22,0.23,0.92,133
datased:monophonic:000133,S-0016,DataSED - DataSED - Dataset for Sound Event Detection of environmental noise/SED_wav/S-0016.wav,monophonic,Workshop,workshop,16.68,18.27,0.27,0.3,1.58,134
datased:monophonic:000134,S-0016,DataSED - DataSED - Dataset for Sound Event Detection of environmental noise/SED_wav/S-0016.wav,monophonic,Birds,birds,18.55,23.72,0.31,0.39,5.17,135
datased:monophonic:000135,S-0016,DataSED - DataSED - Dataset for Sound Event Detection of environmental noise/SED_wav/S-0016.wav,monophonic,Vehicle idling,vehicle_idling,23.75,60.83,0.39,1.0,37.07,136
datased:monophonic:000136,S-0017,DataSED - DataSED - Dataset for Sound Event Detection of environmental noise/SED_wav/S-0017.wav,monophonic,Vehicle pass-by,vehicle_pass_by,0.0,5.31,0.0,0.05,5.31,137
datased:monophonic:000137,S-0017,DataSED - DataSED - Dataset for Sound Event Detection of environmental noise/SED_wav/S-0017.wav,monophonic,Train,train,17.07,67.8,0.17,0.67,50.73,138
datased:monophonic:000138,S-0017,DataSED - DataSED - Dataset for Sound Event Detection of environmental noise/SED_wav/S-0017.wav,monophonic,Vehicle pass-by,vehicle_pass_by,90.83,101.73,0.89,1.0,10.9,139
datased:monophonic:000139,S-0018,DataSED - DataSED - Dataset for Sound Event Detection of environmental noise/SED_wav/S-0018.wav,monophonic,Workshop,workshop,0.0,26.21,0.0,0.25,26.21,140
datased:monophonic:000140,S-0018,DataSED - DataSED - Dataset for Sound Event Detection of environmental noise/SED_wav/S-0018.wav,monophonic,Horn,horn,26.43,27.66,0.25,0.26,1.23,141
datased:monophonic:000141,S-0018,DataSED - DataSED - Dataset for Sound Event Detection of environmental noise/SED_wav/S-0018.wav,monophonic,Workshop,workshop,27.82,54.73,0.26,0.51,26.92,142
datased:monophonic:000142,S-0018,DataSED - DataSED - Dataset for Sound Event Detection of environmental noise/SED_wav/S-0018.wav,monophonic,Voices,voices,57.39,59.01,0.54,0.55,1.62,143
datased:monophonic:000143,S-0018,DataSED - DataSED - Dataset for Sound Event Detection of environmental noise/SED_wav/S-0018.wav,monophonic,Horn,horn,60.37,61.53,0.56,0.58,1.17,144
datased:monophonic:000144,S-0018,DataSED - DataSED - Dataset for Sound Event Detection of environmental noise/SED_wav/S-0018.wav,monophonic,Workshop,workshop,74.94,78.5,0.7,0.73,3.56,145
datased:monophonic:000145,S-0018,DataSED - DataSED - Dataset for Sound Event Detection of environmental noise/SED_wav/S-0018.wav,monophonic,Horn,horn,80.64,81.74,0.75,0.76,1.1,146
datased:monophonic:000146,S-0018,DataSED - DataSED - Dataset for Sound Event Detection of environmental noise/SED_wav/S-0018.wav,monophonic,Vehicle idling,vehicle_idling,84.72,91.0,0.79,0.85,6.28,147
datased:monophonic:000147,S-0018,DataSED - DataSED - Dataset for Sound Event Detection of environmental noise/SED_wav/S-0018.wav,monophonic,Voices,voices,92.1,95.47,0.86,0.89,3.37,148
datased:monophonic:000148,S-0018,DataSED - DataSED - Dataset for Sound Event Detection of environmental noise/SED_wav/S-0018.wav,monophonic,Voices,voices,101.62,105.44,0.95,0.99,3.82,149
datased:monophonic:000149,S-0019,DataSED - DataSED - Dataset for Sound Event Detection of environmental noise/SED_wav/S-0019.wav,monophonic,Crows seagulls and magpies,crows_seagulls_magpies,6.34,7.76,0.08,0.1,1.42,150
datased:monophonic:000150,S-0019,DataSED - DataSED - Dataset for Sound Event Detection of environmental noise/SED_wav/S-0019.wav,monophonic,Crows seagulls and magpies,crows_seagulls_magpies,11.83,46.98,0.15,0.58,35.16,151
datased:monophonic:000151,S-0019,DataSED - DataSED - Dataset for Sound Event Detection of environmental noise/SED_wav/S-0019.wav,monophonic,Train,train,47.87,64.24,0.59,0.79,16.38,152
datased:monophonic:000152,S-0019,DataSED - DataSED - Dataset for Sound Event Detection of environmental noise/SED_wav/S-0019.wav,monophonic,Crows seagulls and magpies,crows_seagulls_magpies,64.29,69.49,0.79,0.86,5.2,153
datased:monophonic:000153,S-0019,DataSED - DataSED - Dataset for Sound Event Detection of environmental noise/SED_wav/S-0019.wav,monophonic,Crows seagulls and magpies,crows_seagulls_magpies,71.89,81.01,0.89,1.0,9.12,154
datased:monophonic:000154,S-0020,DataSED - DataSED - Dataset for Sound Event Detection of environmental noise/SED_wav/S-0020.wav,monophonic,Vehicle pass-by,vehicle_pass_by,0.0,29.1,0.0,0.24,29.1,155
datased:monophonic:000155,S-0020,DataSED - DataSED - Dataset for Sound Event Detection of environmental noise/SED_wav/S-0020.wav,monophonic,Voices,voices,29.54,31.29,0.25,0.26,1.75,156
datased:monophonic:000156,S-0020,DataSED - DataSED - Dataset for Sound Event Detection of environmental noise/SED_wav/S-0020.wav,monophonic,Vehicle idling,vehicle_idling,31.8,73.11,0.26,0.61,41.31,157
datased:monophonic:000157,S-0020,DataSED - DataSED - Dataset for Sound Event Detection of environmental noise/SED_wav/S-0020.wav,monophonic,Vehicle pass-by,vehicle_pass_by,73.28,101.17,0.61,0.84,27.89,158
datased:monophonic:000158,S-0020,DataSED - DataSED - Dataset for Sound Event Detection of environmental noise/SED_wav/S-0020.wav,monophonic,Voices,voices,102.0,103.02,0.85,0.86,1.02,159
datased:monophonic:000159,S-0020,DataSED - DataSED - Dataset for Sound Event Detection of environmental noise/SED_wav/S-0020.wav,monophonic,Vehicle pass-by,vehicle_pass_by,103.58,120.44,0.86,1.0,16.86,160
datased:monophonic:000160,S-0021,DataSED - DataSED - Dataset for Sound Event Detection of environmental noise/SED_wav/S-0021.wav,monophonic,Vehicle pass-by,vehicle_pass_by,0.0,1.9,0.0,0.02,1.9,161
datased:monophonic:000161,S-0021,DataSED - DataSED - Dataset for Sound Event Detection of environmental noise/SED_wav/S-0021.wav,monophonic,Horn,horn,2.47,3.39,0.02,0.03,0.92,162
datased:monophonic:000162,S-0021,DataSED - DataSED - Dataset for Sound Event Detection of environmental noise/SED_wav/S-0021.wav,monophonic,Vehicle pass-by,vehicle_pass_by,3.55,10.37,0.03,0.08,6.82,163
datased:monophonic:000163,S-0021,DataSED - DataSED - Dataset for Sound Event Detection of environmental noise/SED_wav/S-0021.wav,monophonic,Vehicle pass-by,vehicle_pass_by,13.97,32.07,0.11,0.25,18.1,164
datased:monophonic:000164,S-0021,DataSED - DataSED - Dataset for Sound Event Detection of environmental noise/SED_wav/S-0021.wav,monophonic,Vehicle pass-by,vehicle_pass_by,35.59,44.18,0.28,0.35,8.59,165
datased:monophonic:000165,S-0021,DataSED - DataSED - Dataset for Sound Event Detection of environmental noise/SED_wav/S-0021.wav,monophonic,Vehicle pass-by,vehicle_pass_by,45.41,55.99,0.36,0.44,10.58,166
datased:monophonic:000166,S-0021,DataSED - DataSED - Dataset for Sound Event Detection of environmental noise/SED_wav/S-0021.wav,monophonic,Vehicle idling,vehicle_idling,64.19,89.18,0.51,0.7,24.99,167
datased:monophonic:000167,S-0021,DataSED - DataSED - Dataset for Sound Event Detection of environmental noise/SED_wav/S-0021.wav,monophonic,Vehicle pass-by,vehicle_pass_by,89.42,91.34,0.71,0.72,1.92,168
datased:monophonic:000168,S-0021,DataSED - DataSED - Dataset for Sound Event Detection of environmental noise/SED_wav/S-0021.wav,monophonic,Horn,horn,91.79,93.25,0.72,0.74,1.46,169
datased:monophonic:000169,S-0021,DataSED - DataSED - Dataset for Sound Event Detection of environmental noise/SED_wav/S-0021.wav,monophonic,Vehicle pass-by,vehicle_pass_by,93.36,125.91,0.74,0.99,32.55,170
datased:monophonic:000170,S-0022,DataSED - DataSED - Dataset for Sound Event Detection of environmental noise/SED_wav/S-0022.wav,monophonic,Birds,birds,0.0,2.24,0.0,0.07,2.24,171
datased:monophonic:000171,S-0022,DataSED - DataSED - Dataset for Sound Event Detection of environmental noise/SED_wav/S-0022.wav,monophonic,Vehicle pass-by,vehicle_pass_by,2.25,8.08,0.07,0.25,5.83,172
datased:monophonic:000172,S-0022,DataSED - DataSED - Dataset for Sound Event Detection of environmental noise/SED_wav/S-0022.wav,monophonic,Bells,bells,8.47,24.55,0.26,0.77,16.08,173
datased:monophonic:000173,S-0022,DataSED - DataSED - Dataset for Sound Event Detection of environmental noise/SED_wav/S-0022.wav,monophonic,Birds,birds,24.65,32.01,0.77,1.0,7.36,174
datased:monophonic:000174,S-0023,DataSED - DataSED - Dataset for Sound Event Detection of environmental noise/SED_wav/S-0023.wav,monophonic,Voices,voices,1.92,13.12,0.02,0.13,11.2,175
datased:monophonic:000175,S-0023,DataSED - DataSED - Dataset for Sound Event Detection of environmental noise/SED_wav/S-0023.wav,monophonic,Vehicle pass-by,vehicle_pass_by,13.32,22.1,0.14,0.22,8.79,176
datased:monophonic:000176,S-0023,DataSED - DataSED - Dataset for Sound Event Detection of environmental noise/SED_wav/S-0023.wav,monophonic,Vehicle pass-by,vehicle_pass_by,38.23,50.64,0.39,0.51,12.42,177
datased:monophonic:000177,S-0023,DataSED - DataSED - Dataset for Sound Event Detection of environmental noise/SED_wav/S-0023.wav,monophonic,Workshop,workshop,88.74,95.78,0.9,0.97,7.05,178
datased:monophonic:000178,S-0024,DataSED - DataSED - Dataset for Sound Event Detection of environmental noise/SED_wav/S-0024.wav,monophonic,Voices,voices,11.77,23.48,0.15,0.31,11.71,179
datased:monophonic:000179,S-0024,DataSED - DataSED - Dataset for Sound Event Detection of environmental noise/SED_wav/S-0024.wav,monophonic,Voices,voices,29.2,34.5,0.38,0.45,5.3,180
datased:monophonic:000180,S-0024,DataSED - DataSED - Dataset for Sound Event Detection of environmental noise/SED_wav/S-0024.wav,monophonic,Workshop,workshop,35.9,40.92,0.47,0.53,5.02,181
datased:monophonic:000181,S-0025,DataSED - DataSED - Dataset for Sound Event Detection of environmental noise/SED_wav/S-0025.wav,monophonic,Music,music,5.92,10.23,0.06,0.11,4.31,182
datased:monophonic:000182,S-0025,DataSED - DataSED - Dataset for Sound Event Detection of environmental noise/SED_wav/S-0025.wav,monophonic,Voices,voices,10.43,22.98,0.11,0.25,12.55,183
datased:monophonic:000183,S-0025,DataSED - DataSED - Dataset for Sound Event Detection of environmental noise/SED_wav/S-0025.wav,monophonic,Music,music,23.25,27.93,0.25,0.3,4.68,184
datased:monophonic:000184,S-0025,DataSED - DataSED - Dataset for Sound Event Detection of environmental noise/SED_wav/S-0025.wav,monophonic,Workshop,workshop,28.37,32.83,0.31,0.35,4.46,185
datased:monophonic:000185,S-0025,DataSED - DataSED - Dataset for Sound Event Detection of environmental noise/SED_wav/S-0025.wav,monophonic,Vehicle pass-by,vehicle_pass_by,33.31,42.4,0.36,0.46,9.08,186
datased:monophonic:000186,S-0025,DataSED - DataSED - Dataset for Sound Event Detection of environmental noise/SED_wav/S-0025.wav,monophonic,Vehicle pass-by,vehicle_pass_by,48.76,62.44,0.52,0.67,13.68,187
datased:monophonic:000187,S-0025,DataSED - DataSED - Dataset for Sound Event Detection of environmental noise/SED_wav/S-0025.wav,monophonic,Vehicle idling,vehicle_idling,68.46,75.84,0.74,0.82,7.37,188
datased:monophonic:000188,S-0025,DataSED - DataSED - Dataset for Sound Event Detection of environmental noise/SED_wav/S-0025.wav,monophonic,Voices,voices,76.24,82.22,0.82,0.88,5.98,189
datased:monophonic:000189,S-0025,DataSED - DataSED - Dataset for Sound Event Detection of environmental noise/SED_wav/S-0025.wav,monophonic,Vehicle pass-by,vehicle_pass_by,82.75,87.42,0.89,0.94,4.67,190
datased:monophonic:000190,S-0025,DataSED - DataSED - Dataset for Sound Event Detection of environmental noise/SED_wav/S-0025.wav,monophonic,Workshop,workshop,88.0,90.08,0.95,0.97,2.08,191
datased:monophonic:000191,S-0025,DataSED - DataSED - Dataset for Sound Event Detection of environmental noise/SED_wav/S-0025.wav,monophonic,Voices,voices,91.09,92.84,0.98,1.0,1.75,192
datased:monophonic:000192,S-0026,DataSED - DataSED - Dataset for Sound Event Detection of environmental noise/SED_wav/S-0026.wav,monophonic,Glass breaking,glass_breaking,2.16,3.23,0.05,0.08,1.07,193
datased:monophonic:000193,S-0026,DataSED - DataSED - Dataset for Sound Event Detection of environmental noise/SED_wav/S-0026.wav,monophonic,Workshop,workshop,7.44,11.01,0.18,0.27,3.57,194
datased:monophonic:000194,S-0026,DataSED - DataSED - Dataset for Sound Event Detection of environmental noise/SED_wav/S-0026.wav,monophonic,Workshop,workshop,13.41,17.01,0.33,0.42,3.59,195
datased:monophonic:000195,S-0026,DataSED - DataSED - Dataset for Sound Event Detection of environmental noise/SED_wav/S-0026.wav,monophonic,Workshop,workshop,21.89,26.7,0.53,0.65,4.81,196
datased:monophonic:000196,S-0026,DataSED - DataSED - Dataset for Sound Event Detection of environmental noise/SED_wav/S-0026.wav,monophonic,Workshop,workshop,37.36,40.8,0.91,1.0,3.45,197
datased:monophonic:000197,S-0027,DataSED - DataSED - Dataset for Sound Event Detection of environmental noise/SED_wav/S-0027.wav,monophonic,Voices,voices,0.0,1.62,0.0,0.03,1.62,198
datased:monophonic:000198,S-0027,DataSED - DataSED - Dataset for Sound Event Detection of environmental noise/SED_wav/S-0027.wav,monophonic,Vehicle pass-by,vehicle_pass_by,1.65,7.16,0.03,0.15,5.51,199
datased:monophonic:000199,S-0027,DataSED - DataSED - Dataset for Sound Event Detection of environmental noise/SED_wav/S-0027.wav,monophonic,Workshop,workshop,7.23,8.76,0.15,0.18,1.53,200
datased:monophonic:000200,S-0027,DataSED - DataSED - Dataset for Sound Event Detection of environmental noise/SED_wav/S-0027.wav,monophonic,Voices,voices,9.16,22.37,0.19,0.47,13.2,201
datased:monophonic:000201,S-0027,DataSED - DataSED - Dataset for Sound Event Detection of environmental noise/SED_wav/S-0027.wav,monophonic,Voices,voices,24.65,37.47,0.52,0.79,12.82,202
datased:monophonic:000202,S-0027,DataSED - DataSED - Dataset for Sound Event Detection of environmental noise/SED_wav/S-0027.wav,monophonic,Crows seagulls and magpies,crows_seagulls_magpies,37.65,38.11,0.79,0.8,0.46,203
datased:monophonic:000203,S-0027,DataSED - DataSED - Dataset for Sound Event Detection of environmental noise/SED_wav/S-0027.wav,monophonic,Voices,voices,38.19,38.84,0.8,0.81,0.65,204
datased:monophonic:000204,S-0027,DataSED - DataSED - Dataset for Sound Event Detection of environmental noise/SED_wav/S-0027.wav,monophonic,Crows seagulls and magpies,crows_seagulls_magpies,42.02,44.27,0.88,0.93,2.25,205
datased:monophonic:000205,S-0027,DataSED - DataSED - Dataset for Sound Event Detection of environmental noise/SED_wav/S-0027.wav,monophonic,Vehicle pass-by,vehicle_pass_by,45.94,47.48,0.96,0.99,1.53,206
datased:monophonic:000206,S-0028,DataSED - DataSED - Dataset for Sound Event Detection of environmental noise/SED_wav/S-0028.wav,monophonic,Vehicle idling,vehicle_idling,0.2,36.63,0.0,0.47,36.43,207
datased:monophonic:000207,S-0028,DataSED - DataSED - Dataset for Sound Event Detection of environmental noise/SED_wav/S-0028.wav,monophonic,Vehicle pass-by,vehicle_pass_by,36.72,46.48,0.47,0.59,9.76,208
datased:monophonic:000208,S-0028,DataSED - DataSED - Dataset for Sound Event Detection of environmental noise/SED_wav/S-0028.wav,monophonic,Dog barkings and howlings,dog_barkings_and_howlings,46.64,49.93,0.59,0.63,3.29,209
datased:monophonic:000209,S-0028,DataSED - DataSED - Dataset for Sound Event Detection of environmental noise/SED_wav/S-0028.wav,monophonic,Voices,voices,50.74,52.03,0.64,0.66,1.29,210
datased:monophonic:000210,S-0028,DataSED - DataSED - Dataset for Sound Event Detection of environmental noise/SED_wav/S-0028.wav,monophonic,Workshop,workshop,56.75,61.95,0.72,0.79,5.2,211
datased:monophonic:000211,S-0028,DataSED - DataSED - Dataset for Sound Event Detection of environmental noise/SED_wav/S-0028.wav,monophonic,Birds,birds,63.04,67.57,0.8,0.86,4.53,212
datased:monophonic:000212,S-0028,DataSED - DataSED - Dataset for Sound Event Detection of environmental noise/SED_wav/S-0028.wav,monophonic,Birds,birds,73.44,74.3,0.93,0.94,0.86,213
datased:monophonic:000213,S-0029,DataSED - DataSED - Dataset for Sound Event Detection of environmental noise/SED_wav/S-0029.wav,monophonic,Voices,voices,0.67,4.12,0.0,0.03,3.46,214
datased:monophonic:000214,S-0029,DataSED - DataSED - Dataset for Sound Event Detection of environmental noise/SED_wav/S-0029.wav,monophonic,Birds,birds,8.52,9.91,0.06,0.06,1.39,215
datased:monophonic:000215,S-0029,DataSED - DataSED - Dataset for Sound Event Detection of environmental noise/SED_wav/S-0029.wav,monophonic,Jet aircrafts,jet_aircrafts,31.17,49.29,0.2,0.32,18.12,216
datased:monophonic:000216,S-0029,DataSED - DataSED - Dataset for Sound Event Detection of environmental noise/SED_wav/S-0029.wav,monophonic,Birds,birds,62.98,66.12,0.41,0.43,3.14,217
datased:monophonic:000217,S-0029,DataSED - DataSED - Dataset for Sound Event Detection of environmental noise/SED_wav/S-0029.wav,monophonic,Vehicle pass-by,vehicle_pass_by,66.4,110.96,0.43,0.73,44.56,218
datased:monophonic:000218,S-0029,DataSED - DataSED - Dataset for Sound Event Detection of environmental noise/SED_wav/S-0029.wav,monophonic,Birds,birds,111.88,113.73,0.73,0.74,1.85,219
datased:monophonic:000219,S-0029,DataSED - DataSED - Dataset for Sound Event Detection of environmental noise/SED_wav/S-0029.wav,monophonic,Vehicle idling,vehicle_idling,120.57,144.04,0.79,0.94,23.47,220
datased:monophonic:000220,S-0029,DataSED - DataSED - Dataset for Sound Event Detection of environmental noise/SED_wav/S-0029.wav,monophonic,Birds,birds,144.24,146.64,0.94,0.96,2.4,221
datased:monophonic:000221,S-0030,DataSED - DataSED - Dataset for Sound Event Detection of environmental noise/SED_wav/S-0030.wav,monophonic,Birds,birds,0.0,2.76,0.0,0.02,2.76,222
datased:monophonic:000222,S-0030,DataSED - DataSED - Dataset for Sound Event Detection of environmental noise/SED_wav/S-0030.wav,monophonic,Birds,birds,10.05,11.25,0.07,0.08,1.2,223
datased:monophonic:000223,S-0030,DataSED - DataSED - Dataset for Sound Event Detection of environmental noise/SED_wav/S-0030.wav,monophonic,Birds,birds,14.25,19.22,0.1,0.14,4.97,224
datased:monophonic:000224,S-0030,DataSED - DataSED - Dataset for Sound Event Detection of environmental noise/SED_wav/S-0030.wav,monophonic,Birds,birds,19.73,22.39,0.14,0.16,2.66,225
datased:monophonic:000225,S-0030,DataSED - DataSED - Dataset for Sound Event Detection of environmental noise/SED_wav/S-0030.wav,monophonic,Birds,birds,23.51,26.76,0.17,0.19,3.26,226
datased:monophonic:000226,S-0030,DataSED - DataSED - Dataset for Sound Event Detection of environmental noise/SED_wav/S-0030.wav,monophonic,Birds,birds,29.25,31.65,0.21,0.22,2.4,227
datased:monophonic:000227,S-0030,DataSED - DataSED - Dataset for Sound Event Detection of environmental noise/SED_wav/S-0030.wav,monophonic,Birds,birds,33.54,36.02,0.24,0.25,2.49,228
datased:monophonic:000228,S-0030,DataSED - DataSED - Dataset for Sound Event Detection of environmental noise/SED_wav/S-0030.wav,monophonic,Birds,birds,40.14,42.37,0.28,0.3,2.23,229
datased:monophonic:000229,S-0030,DataSED - DataSED - Dataset for Sound Event Detection of environmental noise/SED_wav/S-0030.wav,monophonic,Birds,birds,44.85,48.11,0.32,0.34,3.26,230
datased:monophonic:000230,S-0030,DataSED - DataSED - Dataset for Sound Event Detection of environmental noise/SED_wav/S-0030.wav,monophonic,Birds,birds,54.02,58.4,0.38,0.41,4.37,231
datased:monophonic:000231,S-0030,DataSED - DataSED - Dataset for Sound Event Detection of environmental noise/SED_wav/S-0030.wav,monophonic,Birds,birds,59.77,62.77,0.42,0.44,3.0,232
datased:monophonic:000232,S-0030,DataSED - DataSED - Dataset for Sound Event Detection of environmental noise/SED_wav/S-0030.wav,monophonic,Birds,birds,64.31,65.43,0.45,0.46,1.11,233
datased:monophonic:000233,S-0030,DataSED - DataSED - Dataset for Sound Event Detection of environmental noise/SED_wav/S-0030.wav,monophonic,Birds,birds,67.48,68.68,0.48,0.48,1.2,234
datased:monophonic:000234,S-0030,DataSED - DataSED - Dataset for Sound Event Detection of environmental noise/SED_wav/S-0030.wav,monophonic,Birds,birds,73.48,74.86,0.52,0.53,1.37,235
datased:monophonic:000235,S-0030,DataSED - DataSED - Dataset for Sound Event Detection of environmental noise/SED_wav/S-0030.wav,monophonic,Birds,birds,77.09,80.26,0.54,0.57,3.17,236
datased:monophonic:000236,S-0030,DataSED - DataSED - Dataset for Sound Event Detection of environmental noise/SED_wav/S-0030.wav,monophonic,Birds,birds,80.51,85.14,0.57,0.6,4.63,237
datased:monophonic:000237,S-0030,DataSED - DataSED - Dataset for Sound Event Detection of environmental noise/SED_wav/S-0030.wav,monophonic,Birds,birds,87.72,90.97,0.62,0.64,3.26,238
datased:monophonic:000238,S-0030,DataSED - DataSED - Dataset for Sound Event Detection of environmental noise/SED_wav/S-0030.wav,monophonic,Vehicle pass-by,vehicle_pass_by,94.83,128.89,0.67,0.91,34.06,239
datased:monophonic:000239,S-0030,DataSED - DataSED - Dataset for Sound Event Detection of environmental noise/SED_wav/S-0030.wav,monophonic,Birds,birds,133.49,134.95,0.94,0.95,1.46,240
datased:monophonic:000240,S-0030,DataSED - DataSED - Dataset for Sound Event Detection of environmental noise/SED_wav/S-0030.wav,monophonic,Birds,birds,137.18,138.04,0.97,0.97,0.86,241
datased:monophonic:000241,S-0030,DataSED - DataSED - Dataset for Sound Event Detection of environmental noise/SED_wav/S-0030.wav,monophonic,Birds,birds,139.58,141.21,0.99,1.0,1.63,242
datased:monophonic:000242,S-0031,DataSED - DataSED - Dataset for Sound Event Detection of environmental noise/SED_wav/S-0031.wav,monophonic,Vehicle pass-by,vehicle_pass_by,1.82,8.12,0.01,0.06,6.31,243
datased:monophonic:000243,S-0031,DataSED - DataSED - Dataset for Sound Event Detection of environmental noise/SED_wav/S-0031.wav,monophonic,Birds,birds,8.28,9.43,0.06,0.07,1.15,244
datased:monophonic:000244,S-0031,DataSED - DataSED - Dataset for Sound Event Detection of environmental noise/SED_wav/S-0031.wav,monophonic,Birds,birds,10.74,12.05,0.08,0.09,1.31,245
datased:monophonic:000245,S-0031,DataSED - DataSED - Dataset for Sound Event Detection of environmental noise/SED_wav/S-0031.wav,monophonic,Birds,birds,19.83,20.73,0.15,0.15,0.9,246
datased:monophonic:000246,S-0031,DataSED - DataSED - Dataset for Sound Event Detection of environmental noise/SED_wav/S-0031.wav,monophonic,Vehicle pass-by,vehicle_pass_by,20.73,28.41,0.15,0.21,7.68,247
datased:monophonic:000247,S-0031,DataSED - DataSED - Dataset for Sound Event Detection of environmental noise/SED_wav/S-0031.wav,monophonic,Birds,birds,32.61,34.49,0.24,0.25,1.88,248
datased:monophonic:000248,S-0031,DataSED - DataSED - Dataset for Sound Event Detection of environmental noise/SED_wav/S-0031.wav,monophonic,Birds,birds,40.39,41.04,0.3,0.3,0.66,249
datased:monophonic:000249,S-0031,DataSED - DataSED - Dataset for Sound Event Detection of environmental noise/SED_wav/S-0031.wav,monophonic,Vehicle pass-by,vehicle_pass_by,46.77,64.3,0.35,0.48,17.52,250
datased:monophonic:000250,S-0031,DataSED - DataSED - Dataset for Sound Event Detection of environmental noise/SED_wav/S-0031.wav,monophonic,Train,train,64.94,65.89,0.48,0.49,0.95,251
datased:monophonic:000251,S-0031,DataSED - DataSED - Dataset for Sound Event Detection of environmental noise/SED_wav/S-0031.wav,monophonic,Horn,horn,66.02,67.91,0.49,0.5,1.89,252
datased:monophonic:000252,S-0031,DataSED - DataSED - Dataset for Sound Event Detection of environmental noise/SED_wav/S-0031.wav,monophonic,Train,train,68.32,73.06,0.51,0.54,4.74,253
datased:monophonic:000253,S-0031,DataSED - DataSED - Dataset for Sound Event Detection of environmental noise/SED_wav/S-0031.wav,monophonic,Horn,horn,73.6,75.49,0.54,0.56,1.89,254
datased:monophonic:000254,S-0031,DataSED - DataSED - Dataset for Sound Event Detection of environmental noise/SED_wav/S-0031.wav,monophonic,Train,train,75.76,77.11,0.56,0.57,1.35,255
datased:monophonic:000255,S-0031,DataSED - DataSED - Dataset for Sound Event Detection of environmental noise/SED_wav/S-0031.wav,monophonic,Horn,horn,77.38,79.82,0.57,0.59,2.44,256
datased:monophonic:000256,S-0031,DataSED - DataSED - Dataset for Sound Event Detection of environmental noise/SED_wav/S-0031.wav,monophonic,Train,train,79.82,91.64,0.59,0.68,11.82,257
datased:monophonic:000257,S-0031,DataSED - DataSED - Dataset for Sound Event Detection of environmental noise/SED_wav/S-0031.wav,monophonic,Sirens and alarms,sirens_and_alarms,92.14,96.05,0.68,0.71,3.92,258
datased:monophonic:000258,S-0031,DataSED - DataSED - Dataset for Sound Event Detection of environmental noise/SED_wav/S-0031.wav,monophonic,Crows seagulls and magpies,crows_seagulls_magpies,96.56,97.13,0.71,0.72,0.57,259
datased:monophonic:000259,S-0031,DataSED - DataSED - Dataset for Sound Event Detection of environmental noise/SED_wav/S-0031.wav,monophonic,Sirens and alarms,sirens_and_alarms,97.41,104.17,0.72,0.77,6.76,260
datased:monophonic:000260,S-0031,DataSED - DataSED - Dataset for Sound Event Detection of environmental noise/SED_wav/S-0031.wav,monophonic,Crows seagulls and magpies,crows_seagulls_magpies,104.5,107.2,0.77,0.79,2.7,261
datased:monophonic:000261,S-0031,DataSED - DataSED - Dataset for Sound Event Detection of environmental noise/SED_wav/S-0031.wav,monophonic,Sirens and alarms,sirens_and_alarms,107.42,109.05,0.79,0.81,1.63,262
datased:monophonic:000262,S-0031,DataSED - DataSED - Dataset for Sound Event Detection of environmental noise/SED_wav/S-0031.wav,monophonic,Jet aircrafts,jet_aircrafts,110.64,117.52,0.82,0.87,6.88,263
datased:monophonic:000263,S-0031,DataSED - DataSED - Dataset for Sound Event Detection of environmental noise/SED_wav/S-0031.wav,monophonic,Train,train,120.14,124.32,0.89,0.92,4.18,264
datased:monophonic:000264,S-0032,DataSED - DataSED - Dataset for Sound Event Detection of environmental noise/SED_wav/S-0032.wav,monophonic,Vehicle pass-by,vehicle_pass_by,14.8,31.11,0.16,0.35,16.31,265
datased:monophonic:000265,S-0032,DataSED - DataSED - Dataset for Sound Event Detection of environmental noise/SED_wav/S-0032.wav,monophonic,Vehicle pass-by,vehicle_pass_by,35.13,58.57,0.39,0.65,23.43,266
datased:monophonic:000266,S-0032,DataSED - DataSED - Dataset for Sound Event Detection of environmental noise/SED_wav/S-0032.wav,monophonic,Vehicle pass-by,vehicle_pass_by,75.8,88.36,0.84,0.98,12.56,267
datased:monophonic:000267,S-0033,DataSED - DataSED - Dataset for Sound Event Detection of environmental noise/SED_wav/S-0033.wav,monophonic,Crows seagulls and magpies,crows_seagulls_magpies,6.62,11.92,0.04,0.08,5.3,268
datased:monophonic:000268,S-0033,DataSED - DataSED - Dataset for Sound Event Detection of environmental noise/SED_wav/S-0033.wav,monophonic,Train,train,12.01,33.21,0.08,0.22,21.2,269
datased:monophonic:000269,S-0033,DataSED - DataSED - Dataset for Sound Event Detection of environmental noise/SED_wav/S-0033.wav,monophonic,Vehicle pass-by,vehicle_pass_by,33.33,45.11,0.22,0.29,11.78,270
datased:monophonic:000270,S-0033,DataSED - DataSED - Dataset for Sound Event Detection of environmental noise/SED_wav/S-0033.wav,monophonic,Birds,birds,45.29,46.78,0.29,0.3,1.49,271
datased:monophonic:000271,S-0033,DataSED - DataSED - Dataset for Sound Event Detection of environmental noise/SED_wav/S-0033.wav,monophonic,Crows seagulls and magpies,crows_seagulls_magpies,51.8,53.91,0.34,0.35,2.11,272
datased:monophonic:000272,S-0033,DataSED - DataSED - Dataset for Sound Event Detection of environmental noise/SED_wav/S-0033.wav,monophonic,Horn,horn,54.03,55.98,0.35,0.36,1.95,273
datased:monophonic:000273,S-0033,DataSED - DataSED - Dataset for Sound Event Detection of environmental noise/SED_wav/S-0033.wav,monophonic,Vehicle pass-by,vehicle_pass_by,56.35,61.44,0.37,0.4,5.08,274
datased:monophonic:000274,S-0033,DataSED - DataSED - Dataset for Sound Event Detection of environmental noise/SED_wav/S-0033.wav,monophonic,Sirens and alarms,sirens_and_alarms,61.75,64.07,0.4,0.42,2.32,275
datased:monophonic:000275,S-0033,DataSED - DataSED - Dataset for Sound Event Detection of environmental noise/SED_wav/S-0033.wav,monophonic,Vehicle pass-by,vehicle_pass_by,64.51,69.74,0.42,0.45,5.23,276
datased:monophonic:000276,S-0033,DataSED - DataSED - Dataset for Sound Event Detection of environmental noise/SED_wav/S-0033.wav,monophonic,Workshop,workshop,71.32,75.04,0.46,0.49,3.72,277
datased:monophonic:000277,S-0033,DataSED - DataSED - Dataset for Sound Event Detection of environmental noise/SED_wav/S-0033.wav,monophonic,Sirens and alarms,sirens_and_alarms,82.1,88.01,0.53,0.57,5.9,278
datased:monophonic:000278,S-0033,DataSED - DataSED - Dataset for Sound Event Detection of environmental noise/SED_wav/S-0033.wav,monophonic,Train,train,88.33,111.66,0.58,0.73,23.33,279
datased:monophonic:000279,S-0033,DataSED - DataSED - Dataset for Sound Event Detection of environmental noise/SED_wav/S-0033.wav,monophonic,Vehicle pass-by,vehicle_pass_by,111.67,121.71,0.73,0.79,10.04,280
datased:monophonic:000280,S-0033,DataSED - DataSED - Dataset for Sound Event Detection of environmental noise/SED_wav/S-0033.wav,monophonic,Vehicle pass-by,vehicle_pass_by,123.19,130.44,0.8,0.85,7.25,281
datased:monophonic:000281,S-0033,DataSED - DataSED - Dataset for Sound Event Detection of environmental noise/SED_wav/S-0033.wav,monophonic,Train,train,135.19,151.45,0.88,0.99,16.27,282
datased:monophonic:000282,S-0034,DataSED - DataSED - Dataset for Sound Event Detection of environmental noise/SED_wav/S-0034.wav,monophonic,Propeller aircrafts,propeller_aircrafts,0.38,13.25,0.01,0.32,12.87,283
datased:monophonic:000283,S-0034,DataSED - DataSED - Dataset for Sound Event Detection of environmental noise/SED_wav/S-0034.wav,monophonic,Horn,horn,13.32,21.87,0.32,0.53,8.55,284
datased:monophonic:000284,S-0034,DataSED - DataSED - Dataset for Sound Event Detection of environmental noise/SED_wav/S-0034.wav,monophonic,Train,train,23.53,30.4,0.57,0.73,6.87,285
datased:monophonic:000285,S-0034,DataSED - DataSED - Dataset for Sound Event Detection of environmental noise/SED_wav/S-0034.wav,monophonic,Birds,birds,37.52,38.28,0.91,0.92,0.75,286
datased:monophonic:000286,S-0035,DataSED - DataSED - Dataset for Sound Event Detection of environmental noise/SED_wav/S-0035.wav,monophonic,Vehicle idling,vehicle_idling,0.09,2.95,0.0,0.03,2.87,287
datased:monophonic:000287,S-0035,DataSED - DataSED - Dataset for Sound Event Detection of environmental noise/SED_wav/S-0035.wav,monophonic,Horn,horn,3.3,4.66,0.03,0.04,1.36,288
datased:monophonic:000288,S-0035,DataSED - DataSED - Dataset for Sound Event Detection of environmental noise/SED_wav/S-0035.wav,monophonic,Vehicle idling,vehicle_idling,4.73,6.5,0.04,0.06,1.77,289
datased:monophonic:000289,S-0035,DataSED - DataSED - Dataset for Sound Event Detection of environmental noise/SED_wav/S-0035.wav,monophonic,Horn,horn,6.88,8.16,0.06,0.07,1.28,290
datased:monophonic:000290,S-0035,DataSED - DataSED - Dataset for Sound Event Detection of environmental noise/SED_wav/S-0035.wav,monophonic,Train,train,8.17,16.54,0.07,0.14,8.37,291
datased:monophonic:000291,S-0035,DataSED - DataSED - Dataset for Sound Event Detection of environmental noise/SED_wav/S-0035.wav,monophonic,Horn,horn,16.75,18.82,0.14,0.16,2.07,292
datased:monophonic:000292,S-0035,DataSED - DataSED - Dataset for Sound Event Detection of environmental noise/SED_wav/S-0035.wav,monophonic,Train,train,19.02,26.54,0.16,0.22,7.52,293
datased:monophonic:000293,S-0035,DataSED - DataSED - Dataset for Sound Event Detection of environmental noise/SED_wav/S-0035.wav,monophonic,Vehicle idling,vehicle_idling,28.76,31.31,0.24,0.27,2.55,294
datased:monophonic:000294,S-0035,DataSED - DataSED - Dataset for Sound Event Detection of environmental noise/SED_wav/S-0035.wav,monophonic,Horn,horn,31.76,33.34,0.27,0.28,1.57,295
datased:monophonic:000295,S-0035,DataSED - DataSED - Dataset for Sound Event Detection of environmental noise/SED_wav/S-0035.wav,monophonic,Vehicle idling,vehicle_idling,33.43,35.44,0.28,0.3,2.01,296
datased:monophonic:000296,S-0035,DataSED - DataSED - Dataset for Sound Event Detection of environmental noise/SED_wav/S-0035.wav,monophonic,Chicken coop,chicken_coop,36.55,38.91,0.31,0.33,2.36,297
datased:monophonic:000297,S-0035,DataSED - DataSED - Dataset for Sound Event Detection of environmental noise/SED_wav/S-0035.wav,monophonic,Vehicle idling,vehicle_idling,38.99,43.78,0.33,0.37,4.79,298
datased:monophonic:000298,S-0035,DataSED - DataSED - Dataset for Sound Event Detection of environmental noise/SED_wav/S-0035.wav,monophonic,Vehicle pass-by,vehicle_pass_by,43.85,44.89,0.37,0.38,1.05,299
datased:monophonic:000299,S-0035,DataSED - DataSED - Dataset for Sound Event Detection of environmental noise/SED_wav/S-0035.wav,monophonic,Chicken coop,chicken_coop,45.35,46.21,0.38,0.39,0.86,300
datased:monophonic:000300,S-0035,DataSED - DataSED - Dataset for Sound Event Detection of environmental noise/SED_wav/S-0035.wav,monophonic,Vehicle pass-by,vehicle_pass_by,46.43,61.43,0.39,0.52,15.0,301
datased:monophonic:000301,S-0035,DataSED - DataSED - Dataset for Sound Event Detection of environmental noise/SED_wav/S-0035.wav,monophonic,Chicken coop,chicken_coop,61.94,63.22,0.52,0.54,1.29,302
datased:monophonic:000302,S-0035,DataSED - DataSED - Dataset for Sound Event Detection of environmental noise/SED_wav/S-0035.wav,monophonic,Train,train,63.8,64.98,0.54,0.55,1.18,303
datased:monophonic:000303,S-0035,DataSED - DataSED - Dataset for Sound Event Detection of environmental noise/SED_wav/S-0035.wav,monophonic,Horn,horn,66.23,68.09,0.56,0.58,1.86,304
datased:monophonic:000304,S-0035,DataSED - DataSED - Dataset for Sound Event Detection of environmental noise/SED_wav/S-0035.wav,monophonic,Train,train,68.52,74.43,0.58,0.63,5.91,305
datased:monophonic:000305,S-0035,DataSED - DataSED - Dataset for Sound Event Detection of environmental noise/SED_wav/S-0035.wav,monophonic,Horn,horn,74.95,76.17,0.63,0.64,1.22,306
datased:monophonic:000306,S-0035,DataSED - DataSED - Dataset for Sound Event Detection of environmental noise/SED_wav/S-0035.wav,monophonic,Train,train,76.2,80.34,0.65,0.68,4.13,307
datased:monophonic:000307,S-0035,DataSED - DataSED - Dataset for Sound Event Detection of environmental noise/SED_wav/S-0035.wav,monophonic,Chicken coop,chicken_coop,80.96,81.82,0.69,0.69,0.86,308
datased:monophonic:000308,S-0035,DataSED - DataSED - Dataset for Sound Event Detection of environmental noise/SED_wav/S-0035.wav,monophonic,Train,train,82.7,86.32,0.7,0.73,3.62,309
datased:monophonic:000309,S-0035,DataSED - DataSED - Dataset for Sound Event Detection of environmental noise/SED_wav/S-0035.wav,monophonic,Horn,horn,86.82,88.54,0.73,0.75,1.72,310
datased:monophonic:000310,S-0035,DataSED - DataSED - Dataset for Sound Event Detection of environmental noise/SED_wav/S-0035.wav,monophonic,Chicken coop,chicken_coop,89.75,91.25,0.76,0.77,1.5,311
datased:monophonic:000311,S-0035,DataSED - DataSED - Dataset for Sound Event Detection of environmental noise/SED_wav/S-0035.wav,monophonic,Dog barkings and howlings,dog_barkings_and_howlings,93.54,94.51,0.79,0.8,0.97,312
datased:monophonic:000312,S-0035,DataSED - DataSED - Dataset for Sound Event Detection of environmental noise/SED_wav/S-0035.wav,monophonic,Chicken coop,chicken_coop,95.04,95.9,0.8,0.81,0.86,313
datased:monophonic:000313,S-0035,DataSED - DataSED - Dataset for Sound Event Detection of environmental noise/SED_wav/S-0035.wav,monophonic,Dog barkings and howlings,dog_barkings_and_howlings,97.69,100.48,0.83,0.85,2.79,314
datased:monophonic:000314,S-0035,DataSED - DataSED - Dataset for Sound Event Detection of environmental noise/SED_wav/S-0035.wav,monophonic,Dog barkings and howlings,dog_barkings_and_howlings,102.05,103.77,0.86,0.88,1.72,315
datased:monophonic:000315,S-0035,DataSED - DataSED - Dataset for Sound Event Detection of environmental noise/SED_wav/S-0035.wav,monophonic,Dog barkings and howlings,dog_barkings_and_howlings,104.34,105.14,0.88,0.89,0.8,316
datased:monophonic:000316,S-0035,DataSED - DataSED - Dataset for Sound Event Detection of environmental noise/SED_wav/S-0035.wav,monophonic,Chicken coop,chicken_coop,105.27,106.48,0.89,0.9,1.22,317
datased:monophonic:000317,S-0035,DataSED - DataSED - Dataset for Sound Event Detection of environmental noise/SED_wav/S-0035.wav,monophonic,Horn,horn,109.27,110.42,0.92,0.93,1.14,318
datased:monophonic:000318,S-0035,DataSED - DataSED - Dataset for Sound Event Detection of environmental noise/SED_wav/S-0035.wav,monophonic,Horn,horn,116.57,118.07,0.99,1.0,1.5,319
datased:monophonic:000319,S-0036,DataSED - DataSED - Dataset for Sound Event Detection of environmental noise/SED_wav/S-0036.wav,monophonic,Horn,horn,5.08,6.27,0.06,0.07,1.2,320
datased:monophonic:000320,S-0036,DataSED - DataSED - Dataset for Sound Event Detection of environmental noise/SED_wav/S-0036.wav,monophonic,Chicken coop,chicken_coop,8.18,9.32,0.09,0.1,1.14,321
datased:monophonic:000321,S-0036,DataSED - DataSED - Dataset for Sound Event Detection of environmental noise/SED_wav/S-0036.wav,monophonic,Dog barkings and howlings,dog_barkings_and_howlings,10.9,11.77,0.12,0.13,0.87,322
datased:monophonic:000322,S-0036,DataSED - DataSED - Dataset for Sound Event Detection of environmental noise/SED_wav/S-0036.wav,monophonic,Dog barkings and howlings,dog_barkings_and_howlings,13.3,14.17,0.15,0.16,0.87,323
datased:monophonic:000323,S-0036,DataSED - DataSED - Dataset for Sound Event Detection of environmental noise/SED_wav/S-0036.wav,monophonic,Horn,horn,14.72,16.57,0.16,0.18,1.85,324
datased:monophonic:000324,S-0036,DataSED - DataSED - Dataset for Sound Event Detection of environmental noise/SED_wav/S-0036.wav,monophonic,Horn,horn,18.96,19.78,0.21,0.22,0.82,325
datased:monophonic:000325,S-0036,DataSED - DataSED - Dataset for Sound Event Detection of environmental noise/SED_wav/S-0036.wav,monophonic,Chicken coop,chicken_coop,27.35,31.92,0.3,0.35,4.57,326
datased:monophonic:000326,S-0036,DataSED - DataSED - Dataset for Sound Event Detection of environmental noise/SED_wav/S-0036.wav,monophonic,Dog barkings and howlings,dog_barkings_and_howlings,32.03,32.63,0.36,0.36,0.6,327
datased:monophonic:000327,S-0036,DataSED - DataSED - Dataset for Sound Event Detection of environmental noise/SED_wav/S-0036.wav,monophonic,Vehicle pass-by,vehicle_pass_by,32.66,33.74,0.36,0.38,1.08,328
datased:monophonic:000328,S-0036,DataSED - DataSED - Dataset for Sound Event Detection of environmental noise/SED_wav/S-0036.wav,monophonic,Horn,horn,33.99,34.59,0.38,0.38,0.6,329
datased:monophonic:000329,S-0036,DataSED - DataSED - Dataset for Sound Event Detection of environmental noise/SED_wav/S-0036.wav,monophonic,Vehicle pass-by,vehicle_pass_by,36.34,38.9,0.4,0.43,2.56,330
datased:monophonic:000330,S-0036,DataSED - DataSED - Dataset for Sound Event Detection of environmental noise/SED_wav/S-0036.wav,monophonic,Vehicle pass-by,vehicle_pass_by,43.69,47.88,0.49,0.53,4.19,331
datased:monophonic:000331,S-0036,DataSED - DataSED - Dataset for Sound Event Detection of environmental noise/SED_wav/S-0036.wav,monophonic,Vehicle pass-by,vehicle_pass_by,58.88,59.97,0.65,0.67,1.09,332
datased:monophonic:000332,S-0036,DataSED - DataSED - Dataset for Sound Event Detection of environmental noise/SED_wav/S-0036.wav,monophonic,Horn,horn,61.17,62.09,0.68,0.69,0.92,333
datased:monophonic:000333,S-0036,DataSED - DataSED - Dataset for Sound Event Detection of environmental noise/SED_wav/S-0036.wav,monophonic,Dog barkings and howlings,dog_barkings_and_howlings,62.1,65.42,0.69,0.73,3.32,334
datased:monophonic:000334,S-0036,DataSED - DataSED - Dataset for Sound Event Detection of environmental noise/SED_wav/S-0036.wav,monophonic,Horn,horn,65.8,66.72,0.73,0.74,0.93,335
datased:monophonic:000335,S-0036,DataSED - DataSED - Dataset for Sound Event Detection of environmental noise/SED_wav/S-0036.wav,monophonic,Dog barkings and howlings,dog_barkings_and_howlings,68.74,75.22,0.76,0.84,6.48,336
datased:monophonic:000336,S-0036,DataSED - DataSED - Dataset for Sound Event Detection of environmental noise/SED_wav/S-0036.wav,monophonic,Dog barkings and howlings,dog_barkings_and_howlings,76.36,79.14,0.85,0.88,2.78,337
datased:monophonic:000337,S-0036,DataSED - DataSED - Dataset for Sound Event Detection of environmental noise/SED_wav/S-0036.wav,monophonic,Chicken coop,chicken_coop,81.27,82.52,0.9,0.92,1.25,338
datased:monophonic:000338,S-0037,DataSED - DataSED - Dataset for Sound Event Detection of environmental noise/SED_wav/S-0037.wav,monophonic,Lawn mower brush cutter and olive shaker,lawn_mower_brush_cutter_olive_shaker,1.97,6.36,0.05,0.15,4.4,339
datased:monophonic:000339,S-0037,DataSED - DataSED - Dataset for Sound Event Detection of environmental noise/SED_wav/S-0037.wav,monophonic,Lawn mower brush cutter and olive shaker,lawn_mower_brush_cutter_olive_shaker,8.48,18.69,0.2,0.43,10.21,340
datased:monophonic:000340,S-0037,DataSED - DataSED - Dataset for Sound Event Detection of environmental noise/SED_wav/S-0037.wav,monophonic,Lawn mower brush cutter and olive shaker,lawn_mower_brush_cutter_olive_shaker,20.94,41.06,0.48,0.95,20.12,341
datased:monophonic:000341,S-0038,DataSED - DataSED - Dataset for Sound Event Detection of environmental noise/SED_wav/S-0038.wav,monophonic,Jet aircrafts,jet_aircrafts,1.34,4.52,0.01,0.04,3.18,342
datased:monophonic:000342,S-0038,DataSED - DataSED - Dataset for Sound Event Detection of environmental noise/SED_wav/S-0038.wav,monophonic,Vehicle pass-by,vehicle_pass_by,5.61,27.03,0.04,0.21,21.43,343
datased:monophonic:000343,S-0038,DataSED - DataSED - Dataset for Sound Event Detection of environmental noise/SED_wav/S-0038.wav,monophonic,Sirens and alarms,sirens_and_alarms,53.97,69.19,0.42,0.54,15.22,344
datased:monophonic:000344,S-0038,DataSED - DataSED - Dataset for Sound Event Detection of environmental noise/SED_wav/S-0038.wav,monophonic,Train,train,70.58,80.67,0.55,0.63,10.09,345
datased:monophonic:000345,S-0038,DataSED - DataSED - Dataset for Sound Event Detection of environmental noise/SED_wav/S-0038.wav,monophonic,Jet aircrafts,jet_aircrafts,83.94,117.01,0.65,0.91,33.07,346
datased:monophonic:000346,S-0038,DataSED - DataSED - Dataset for Sound Event Detection of environmental noise/SED_wav/S-0038.wav,monophonic,Vehicle pass-by,vehicle_pass_by,119.49,123.53,0.93,0.96,4.04,347
datased:monophonic:000347,S-0039,DataSED - DataSED - Dataset for Sound Event Detection of environmental noise/SED_wav/S-0039.wav,monophonic,Vehicle pass-by,vehicle_pass_by,0.0,15.14,0.0,0.1,15.14,348
datased:monophonic:000348,S-0039,DataSED - DataSED - Dataset for Sound Event Detection of environmental noise/SED_wav/S-0039.wav,monophonic,Train,train,28.53,103.26,0.18,0.65,74.73,349
datased:monophonic:000349,S-0039,DataSED - DataSED - Dataset for Sound Event Detection of environmental noise/SED_wav/S-0039.wav,monophonic,Jet aircrafts,jet_aircrafts,146.59,154.49,0.92,0.97,7.9,350
datased:monophonic:000350,S-0040,DataSED - DataSED - Dataset for Sound Event Detection of environmental noise/SED_wav/S-0040.wav,monophonic,Vehicle idling,vehicle_idling,0.01,17.77,0.0,0.19,17.75,351
datased:monophonic:000351,S-0040,DataSED - DataSED - Dataset for Sound Event Detection of environmental noise/SED_wav/S-0040.wav,monophonic,Voices,voices,17.89,19.99,0.19,0.21,2.09,352
datased:monophonic:000352,S-0040,DataSED - DataSED - Dataset for Sound Event Detection of environmental noise/SED_wav/S-0040.wav,monophonic,Vehicle idling,vehicle_idling,20.1,30.86,0.22,0.33,10.75,353
datased:monophonic:000353,S-0040,DataSED - DataSED - Dataset for Sound Event Detection of environmental noise/SED_wav/S-0040.wav,monophonic,Voices,voices,31.53,34.14,0.34,0.37,2.6,354
datased:monophonic:000354,S-0040,DataSED - DataSED - Dataset for Sound Event Detection of environmental noise/SED_wav/S-0040.wav,monophonic,Vehicle idling,vehicle_idling,34.41,43.81,0.37,0.47,9.41,355
datased:monophonic:000355,S-0040,DataSED - DataSED - Dataset for Sound Event Detection of environmental noise/SED_wav/S-0040.wav,monophonic,Voices,voices,52.81,56.1,0.56,0.6,3.29,356
datased:monophonic:000356,S-0040,DataSED - DataSED - Dataset for Sound Event Detection of environmental noise/SED_wav/S-0040.wav,monophonic,Vehicle pass-by,vehicle_pass_by,56.66,70.41,0.61,0.75,13.75,357
datased:monophonic:000357,S-0040,DataSED - DataSED - Dataset for Sound Event Detection of environmental noise/SED_wav/S-0040.wav,monophonic,Voices,voices,70.5,72.56,0.75,0.78,2.06,358
datased:monophonic:000358,S-0040,DataSED - DataSED - Dataset for Sound Event Detection of environmental noise/SED_wav/S-0040.wav,monophonic,Birds,birds,72.7,78.67,0.78,0.84,5.97,359
datased:monophonic:000359,S-0040,DataSED - DataSED - Dataset for Sound Event Detection of environmental noise/SED_wav/S-0040.wav,monophonic,Voices,voices,78.73,82.69,0.84,0.88,3.96,360
datased:monophonic:000360,S-0041,DataSED - DataSED - Dataset for Sound Event Detection of environmental noise/SED_wav/S-0041.wav,monophonic,Birds,birds,0.0,5.17,0.0,0.04,5.17,361
datased:monophonic:000361,S-0041,DataSED - DataSED - Dataset for Sound Event Detection of environmental noise/SED_wav/S-0041.wav,monophonic,Train,train,5.31,36.67,0.04,0.31,31.36,362
datased:monophonic:000362,S-0041,DataSED - DataSED - Dataset for Sound Event Detection of environmental noise/SED_wav/S-0041.wav,monophonic,Birds,birds,36.82,59.39,0.31,0.5,22.58,363
datased:monophonic:000363,S-0041,DataSED - DataSED - Dataset for Sound Event Detection of environmental noise/SED_wav/S-0041.wav,monophonic,Birds,birds,63.53,64.84,0.53,0.54,1.31,364
datased:monophonic:000364,S-0041,DataSED - DataSED - Dataset for Sound Event Detection of environmental noise/SED_wav/S-0041.wav,monophonic,Birds,birds,65.56,66.58,0.55,0.56,1.02,365
datased:monophonic:000365,S-0041,DataSED - DataSED - Dataset for Sound Event Detection of environmental noise/SED_wav/S-0041.wav,monophonic,Birds,birds,67.96,69.7,0.57,0.58,1.74,366
datased:monophonic:000366,S-0041,DataSED - DataSED - Dataset for Sound Event Detection of environmental noise/SED_wav/S-0041.wav,monophonic,Birds,birds,70.93,72.08,0.59,0.6,1.14,367
datased:monophonic:000367,S-0041,DataSED - DataSED - Dataset for Sound Event Detection of environmental noise/SED_wav/S-0041.wav,monophonic,Birds,birds,72.2,74.64,0.6,0.62,2.44,368
datased:monophonic:000368,S-0041,DataSED - DataSED - Dataset for Sound Event Detection of environmental noise/SED_wav/S-0041.wav,monophonic,Birds,birds,80.73,84.51,0.67,0.7,3.77,369
datased:monophonic:000369,S-0041,DataSED - DataSED - Dataset for Sound Event Detection of environmental noise/SED_wav/S-0041.wav,monophonic,Sirens and alarms,sirens_and_alarms,86.25,116.01,0.72,0.97,29.76,370
datased:monophonic:000370,S-0041,DataSED - DataSED - Dataset for Sound Event Detection of environmental noise/SED_wav/S-0041.wav,monophonic,Birds,birds,117.15,119.21,0.98,0.99,2.05,371
datased:monophonic:000371,S-0042,DataSED - DataSED - Dataset for Sound Event Detection of environmental noise/SED_wav/S-0042.wav,monophonic,Sirens and alarms,sirens_and_alarms,13.06,62.79,0.05,0.26,49.74,372
datased:monophonic:000372,S-0042,DataSED - DataSED - Dataset for Sound Event Detection of environmental noise/SED_wav/S-0042.wav,monophonic,Crows seagulls and magpies,crows_seagulls_magpies,66.79,70.49,0.27,0.29,3.7,373
datased:monophonic:000373,S-0042,DataSED - DataSED - Dataset for Sound Event Detection of environmental noise/SED_wav/S-0042.wav,monophonic,Jet aircrafts,jet_aircrafts,72.56,97.88,0.3,0.4,25.31,374
datased:monophonic:000374,S-0042,DataSED - DataSED - Dataset for Sound Event Detection of environmental noise/SED_wav/S-0042.wav,monophonic,Birds,birds,97.88,100.98,0.4,0.41,3.11,375
datased:monophonic:000375,S-0042,DataSED - DataSED - Dataset for Sound Event Detection of environmental noise/SED_wav/S-0042.wav,monophonic,Birds,birds,115.19,125.11,0.47,0.51,9.92,376
datased:monophonic:000376,S-0042,DataSED - DataSED - Dataset for Sound Event Detection of environmental noise/SED_wav/S-0042.wav,monophonic,Train,train,127.78,167.74,0.52,0.69,39.97,377
datased:monophonic:000377,S-0042,DataSED - DataSED - Dataset for Sound Event Detection of environmental noise/SED_wav/S-0042.wav,monophonic,Sirens and alarms,sirens_and_alarms,173.07,179.44,0.71,0.73,6.37,378
datased:monophonic:000378,S-0042,DataSED - DataSED - Dataset for Sound Event Detection of environmental noise/SED_wav/S-0042.wav,monophonic,Train,train,208.3,232.14,0.85,0.95,23.83,379
datased:monophonic:000379,S-0043,DataSED - DataSED - Dataset for Sound Event Detection of environmental noise/SED_wav/S-0043.wav,monophonic,Thunder fireworks and gunshot,thunder_fireworks_gunshot,0.0,4.04,0.0,0.03,4.04,380
datased:monophonic:000380,S-0043,DataSED - DataSED - Dataset for Sound Event Detection of environmental noise/SED_wav/S-0043.wav,monophonic,Thunder fireworks and gunshot,thunder_fireworks_gunshot,4.04,4.71,0.03,0.04,0.67,381
datased:monophonic:000381,S-0043,DataSED - DataSED - Dataset for Sound Event Detection of environmental noise/SED_wav/S-0043.wav,monophonic,Thunder fireworks and gunshot,thunder_fireworks_gunshot,5.46,6.2,0.04,0.05,0.75,382
datased:monophonic:000382,S-0043,DataSED - DataSED - Dataset for Sound Event Detection of environmental noise/SED_wav/S-0043.wav,monophonic,Thunder fireworks and gunshot,thunder_fireworks_gunshot,7.7,19.4,0.06,0.16,11.71,383
datased:monophonic:000383,S-0043,DataSED - DataSED - Dataset for Sound Event Detection of environmental noise/SED_wav/S-0043.wav,monophonic,Thunder fireworks and gunshot,thunder_fireworks_gunshot,24.85,25.89,0.2,0.21,1.04,384
datased:monophonic:000384,S-0043,DataSED - DataSED - Dataset for Sound Event Detection of environmental noise/SED_wav/S-0043.wav,monophonic,Thunder fireworks and gunshot,thunder_fireworks_gunshot,25.89,64.51,0.21,0.52,38.62,385
datased:monophonic:000385,S-0043,DataSED - DataSED - Dataset for Sound Event Detection of environmental noise/SED_wav/S-0043.wav,monophonic,Thunder fireworks and gunshot,thunder_fireworks_gunshot,66.53,67.65,0.54,0.55,1.12,386
datased:monophonic:000386,S-0043,DataSED - DataSED - Dataset for Sound Event Detection of environmental noise/SED_wav/S-0043.wav,monophonic,Thunder fireworks and gunshot,thunder_fireworks_gunshot,69.96,71.08,0.57,0.58,1.12,387
datased:monophonic:000387,S-0043,DataSED - DataSED - Dataset for Sound Event Detection of environmental noise/SED_wav/S-0043.wav,monophonic,Thunder fireworks and gunshot,thunder_fireworks_gunshot,73.09,74.51,0.59,0.6,1.42,388
datased:monophonic:000388,S-0043,DataSED - DataSED - Dataset for Sound Event Detection of environmental noise/SED_wav/S-0043.wav,monophonic,Thunder fireworks and gunshot,thunder_fireworks_gunshot,76.37,78.01,0.62,0.63,1.64,389
datased:monophonic:000389,S-0043,DataSED - DataSED - Dataset for Sound Event Detection of environmental noise/SED_wav/S-0043.wav,monophonic,Thunder fireworks and gunshot,thunder_fireworks_gunshot,79.35,81.66,0.64,0.66,2.31,390
datased:monophonic:000390,S-0043,DataSED - DataSED - Dataset for Sound Event Detection of environmental noise/SED_wav/S-0043.wav,monophonic,Thunder fireworks and gunshot,thunder_fireworks_gunshot,82.93,84.95,0.67,0.69,2.01,391
datased:monophonic:000391,S-0043,DataSED - DataSED - Dataset for Sound Event Detection of environmental noise/SED_wav/S-0043.wav,monophonic,Thunder fireworks and gunshot,thunder_fireworks_gunshot,86.51,88.82,0.7,0.72,2.31,392
datased:monophonic:000392,S-0043,DataSED - DataSED - Dataset for Sound Event Detection of environmental noise/SED_wav/S-0043.wav,monophonic,Thunder fireworks and gunshot,thunder_fireworks_gunshot,89.49,91.58,0.73,0.74,2.09,393
datased:monophonic:000393,S-0043,DataSED - DataSED - Dataset for Sound Event Detection of environmental noise/SED_wav/S-0043.wav,monophonic,Thunder fireworks and gunshot,thunder_fireworks_gunshot,93.0,96.35,0.75,0.78,3.36,394
datased:monophonic:000394,S-0043,DataSED - DataSED - Dataset for Sound Event Detection of environmental noise/SED_wav/S-0043.wav,monophonic,Thunder fireworks and gunshot,thunder_fireworks_gunshot,99.86,121.63,0.81,0.99,21.77,395
datased:monophonic:000395,S-0044,DataSED - DataSED - Dataset for Sound Event Detection of environmental noise/SED_wav/S-0044.wav,monophonic,Thunder fireworks and gunshot,thunder_fireworks_gunshot,1.69,4.45,0.02,0.04,2.76,396
datased:monophonic:000396,S-0044,DataSED - DataSED - Dataset for Sound Event Detection of environmental noise/SED_wav/S-0044.wav,monophonic,Voices,voices,8.64,10.68,0.09,0.11,2.04,397
datased:monophonic:000397,S-0044,DataSED - DataSED - Dataset for Sound Event Detection of environmental noise/SED_wav/S-0044.wav,monophonic,Voices,voices,15.05,19.12,0.15,0.19,4.07,398
datased:monophonic:000398,S-0044,DataSED - DataSED - Dataset for Sound Event Detection of environmental noise/SED_wav/S-0044.wav,monophonic,Voices,voices,20.8,23.26,0.21,0.23,2.46,399
datased:monophonic:000399,S-0044,DataSED - DataSED - Dataset for Sound Event Detection of environmental noise/SED_wav/S-0044.wav,monophonic,Thunder fireworks and gunshot,thunder_fireworks_gunshot,35.84,37.64,0.36,0.38,1.8,400
datased:monophonic:000400,S-0044,DataSED - DataSED - Dataset for Sound Event Detection of environmental noise/SED_wav/S-0044.wav,monophonic,Thunder fireworks and gunshot,thunder_fireworks_gunshot,44.23,92.63,0.45,0.94,48.41,401
datased:monophonic:000401,S-0044,DataSED - DataSED - Dataset for Sound Event Detection of environmental noise/SED_wav/S-0044.wav,monophonic,Thunder fireworks and gunshot,thunder_fireworks_gunshot,93.35,97.37,0.94,0.98,4.01,402
datased:monophonic:000402,S-0045,DataSED - DataSED - Dataset for Sound Event Detection of environmental noise/SED_wav/S-0045.wav,monophonic,Jet aircrafts,jet_aircrafts,0.79,5.17,0.01,0.06,4.37,403
datased:monophonic:000403,S-0045,DataSED - DataSED - Dataset for Sound Event Detection of environmental noise/SED_wav/S-0045.wav,monophonic,Thunder fireworks and gunshot,thunder_fireworks_gunshot,5.29,7.58,0.07,0.09,2.3,404
datased:monophonic:000404,S-0045,DataSED - DataSED - Dataset for Sound Event Detection of environmental noise/SED_wav/S-0045.wav,monophonic,Thunder fireworks and gunshot,thunder_fireworks_gunshot,7.78,13.2,0.1,0.16,5.42,405
datased:monophonic:000405,S-0045,DataSED - DataSED - Dataset for Sound Event Detection of environmental noise/SED_wav/S-0045.wav,monophonic,Jet aircrafts,jet_aircrafts,13.24,13.72,0.16,0.17,0.48,406
datased:monophonic:000406,S-0045,DataSED - DataSED - Dataset for Sound Event Detection of environmental noise/SED_wav/S-0045.wav,monophonic,Thunder fireworks and gunshot,thunder_fireworks_gunshot,13.79,16.33,0.17,0.2,2.54,407
datased:monophonic:000407,S-0045,DataSED - DataSED - Dataset for Sound Event Detection of environmental noise/SED_wav/S-0045.wav,monophonic,Jet aircrafts,jet_aircrafts,16.55,18.57,0.21,0.23,2.02,408
datased:monophonic:000408,S-0045,DataSED - DataSED - Dataset for Sound Event Detection of environmental noise/SED_wav/S-0045.wav,monophonic,Thunder fireworks and gunshot,thunder_fireworks_gunshot,18.82,24.54,0.23,0.3,5.72,409
datased:monophonic:000409,S-0045,DataSED - DataSED - Dataset for Sound Event Detection of environmental noise/SED_wav/S-0045.wav,monophonic,Jet aircrafts,jet_aircrafts,24.62,25.83,0.31,0.32,1.21,410
datased:monophonic:000410,S-0045,DataSED - DataSED - Dataset for Sound Event Detection of environmental noise/SED_wav/S-0045.wav,monophonic,Thunder fireworks and gunshot,thunder_fireworks_gunshot,26.39,31.48,0.33,0.39,5.08,411
datased:monophonic:000411,S-0045,DataSED - DataSED - Dataset for Sound Event Detection of environmental noise/SED_wav/S-0045.wav,monophonic,Jet aircrafts,jet_aircrafts,31.48,33.9,0.39,0.42,2.42,412
datased:monophonic:000412,S-0045,DataSED - DataSED - Dataset for Sound Event Detection of environmental noise/SED_wav/S-0045.wav,monophonic,Thunder fireworks and gunshot,thunder_fireworks_gunshot,34.26,39.54,0.42,0.49,5.28,413
datased:monophonic:000413,S-0045,DataSED - DataSED - Dataset for Sound Event Detection of environmental noise/SED_wav/S-0045.wav,monophonic,Jet aircrafts,jet_aircrafts,39.56,41.98,0.49,0.52,2.42,414
datased:monophonic:000414,S-0045,DataSED - DataSED - Dataset for Sound Event Detection of environmental noise/SED_wav/S-0045.wav,monophonic,Thunder fireworks and gunshot,thunder_fireworks_gunshot,42.13,47.99,0.52,0.59,5.86,415
datased:monophonic:000415,S-0045,DataSED - DataSED - Dataset for Sound Event Detection of environmental noise/SED_wav/S-0045.wav,monophonic,Jet aircrafts,jet_aircrafts,48.44,50.78,0.6,0.63,2.34,416
datased:monophonic:000416,S-0045,DataSED - DataSED - Dataset for Sound Event Detection of environmental noise/SED_wav/S-0045.wav,monophonic,Thunder fireworks and gunshot,thunder_fireworks_gunshot,50.86,57.61,0.63,0.71,6.76,417
datased:monophonic:000417,S-0045,DataSED - DataSED - Dataset for Sound Event Detection of environmental noise/SED_wav/S-0045.wav,monophonic,Thunder fireworks and gunshot,thunder_fireworks_gunshot,58.59,65.04,0.73,0.81,6.45,418
datased:monophonic:000418,S-0045,DataSED - DataSED - Dataset for Sound Event Detection of environmental noise/SED_wav/S-0045.wav,monophonic,Thunder fireworks and gunshot,thunder_fireworks_gunshot,70.07,75.55,0.87,0.94,5.47,419
datased:monophonic:000419,S-0045,DataSED - DataSED - Dataset for Sound Event Detection of environmental noise/SED_wav/S-0045.wav,monophonic,Thunder fireworks and gunshot,thunder_fireworks_gunshot,76.33,80.19,0.95,0.99,3.86,420
datased:monophonic:000420,S-0046,DataSED - DataSED - Dataset for Sound Event Detection of environmental noise/SED_wav/S-0046.wav,monophonic,Vehicle idling,vehicle_idling,24.57,43.19,0.16,0.28,18.62,421
datased:monophonic:000421,S-0046,DataSED - DataSED - Dataset for Sound Event Detection of environmental noise/SED_wav/S-0046.wav,monophonic,Thunder fireworks and gunshot,thunder_fireworks_gunshot,147.32,150.33,0.95,0.97,3.01,422
datased:monophonic:000422,S-0047,DataSED - DataSED - Dataset for Sound Event Detection of environmental noise/SED_wav/S-0047.wav,monophonic,Dog barkings and howlings,dog_barkings_and_howlings,1.57,2.7,0.02,0.03,1.12,423
datased:monophonic:000423,S-0047,DataSED - DataSED - Dataset for Sound Event Detection of environmental noise/SED_wav/S-0047.wav,monophonic,Dog barkings and howlings,dog_barkings_and_howlings,3.76,10.19,0.04,0.1,6.43,424
datased:monophonic:000424,S-0047,DataSED - DataSED - Dataset for Sound Event Detection of environmental noise/SED_wav/S-0047.wav,monophonic,Dog barkings and howlings,dog_barkings_and_howlings,10.38,12.07,0.1,0.12,1.69,425
datased:monophonic:000425,S-0047,DataSED - DataSED - Dataset for Sound Event Detection of environmental noise/SED_wav/S-0047.wav,monophonic,Thunder fireworks and gunshot,thunder_fireworks_gunshot,12.18,14.5,0.12,0.14,2.33,426
datased:monophonic:000426,S-0047,DataSED - DataSED - Dataset for Sound Event Detection of environmental noise/SED_wav/S-0047.wav,monophonic,Dog barkings and howlings,dog_barkings_and_howlings,14.55,21.06,0.14,0.2,6.51,427
datased:monophonic:000427,S-0047,DataSED - DataSED - Dataset for Sound Event Detection of environmental noise/SED_wav/S-0047.wav,monophonic,Thunder fireworks and gunshot,thunder_fireworks_gunshot,22.06,25.12,0.21,0.24,3.06,428
datased:monophonic:000428,S-0047,DataSED - DataSED - Dataset for Sound Event Detection of environmental noise/SED_wav/S-0047.wav,monophonic,Thunder fireworks and gunshot,thunder_fireworks_gunshot,25.56,103.19,0.25,1.0,77.63,429
datased:monophonic:000429,S-0048,DataSED - DataSED - Dataset for Sound Event Detection of environmental noise/SED_wav/S-0048.wav,monophonic,Thunder fireworks and gunshot,thunder_fireworks_gunshot,2.49,5.6,0.02,0.05,3.11,430
datased:monophonic:000430,S-0048,DataSED - DataSED - Dataset for Sound Event Detection of environmental noise/SED_wav/S-0048.wav,monophonic,Thunder fireworks and gunshot,thunder_fireworks_gunshot,7.58,10.9,0.06,0.09,3.32,431
datased:monophonic:000431,S-0048,DataSED - DataSED - Dataset for Sound Event Detection of environmental noise/SED_wav/S-0048.wav,monophonic,Thunder fireworks and gunshot,thunder_fireworks_gunshot,13.87,16.56,0.12,0.14,2.69,432
datased:monophonic:000432,S-0048,DataSED - DataSED - Dataset for Sound Event Detection of environmental noise/SED_wav/S-0048.wav,monophonic,Thunder fireworks and gunshot,thunder_fireworks_gunshot,29.42,56.0,0.25,0.48,26.58,433
datased:monophonic:000433,S-0048,DataSED - DataSED - Dataset for Sound Event Detection of environmental noise/SED_wav/S-0048.wav,monophonic,Thunder fireworks and gunshot,thunder_fireworks_gunshot,56.42,66.11,0.48,0.57,9.68,434
datased:monophonic:000434,S-0048,DataSED - DataSED - Dataset for Sound Event Detection of environmental noise/SED_wav/S-0048.wav,monophonic,Thunder fireworks and gunshot,thunder_fireworks_gunshot,71.41,102.87,0.61,0.88,31.46,435
datased:monophonic:000435,S-0049,DataSED - DataSED - Dataset for Sound Event Detection of environmental noise/SED_wav/S-0049.wav,monophonic,Vehicle pass-by,vehicle_pass_by,0.0,3.04,0.0,0.02,3.04,436
datased:monophonic:000436,S-0049,DataSED - DataSED - Dataset for Sound Event Detection of environmental noise/SED_wav/S-0049.wav,monophonic,Vehicle idling,vehicle_idling,3.17,27.52,0.02,0.19,24.34,437
datased:monophonic:000437,S-0049,DataSED - DataSED - Dataset for Sound Event Detection of environmental noise/SED_wav/S-0049.wav,monophonic,Voices,voices,36.01,63.66,0.25,0.44,27.65,438
datased:monophonic:000438,S-0049,DataSED - DataSED - Dataset for Sound Event Detection of environmental noise/SED_wav/S-0049.wav,monophonic,Vehicle idling,vehicle_idling,63.73,75.07,0.44,0.52,11.33,439
datased:monophonic:000439,S-0049,DataSED - DataSED - Dataset for Sound Event Detection of environmental noise/SED_wav/S-0049.wav,monophonic,Vehicle idling,vehicle_idling,75.85,101.57,0.52,0.7,25.71,440
datased:monophonic:000440,S-0049,DataSED - DataSED - Dataset for Sound Event Detection of environmental noise/SED_wav/S-0049.wav,monophonic,Horn,horn,102.04,103.0,0.71,0.71,0.96,441
datased:monophonic:000441,S-0049,DataSED - DataSED - Dataset for Sound Event Detection of environmental noise/SED_wav/S-0049.wav,monophonic,Vehicle idling,vehicle_idling,103.45,109.83,0.72,0.76,6.38,442
datased:monophonic:000442,S-0049,DataSED - DataSED - Dataset for Sound Event Detection of environmental noise/SED_wav/S-0049.wav,monophonic,Jet aircrafts,jet_aircrafts,112.11,118.33,0.77,0.82,6.22,443
datased:monophonic:000443,S-0049,DataSED - DataSED - Dataset for Sound Event Detection of environmental noise/SED_wav/S-0049.wav,monophonic,Vehicle idling,vehicle_idling,118.68,120.38,0.82,0.83,1.7,444
datased:monophonic:000444,S-0049,DataSED - DataSED - Dataset for Sound Event Detection of environmental noise/SED_wav/S-0049.wav,monophonic,Jet aircrafts,jet_aircrafts,120.87,127.26,0.84,0.88,6.39,445
datased:monophonic:000445,S-0049,DataSED - DataSED - Dataset for Sound Event Detection of environmental noise/SED_wav/S-0049.wav,monophonic,Vehicle pass-by,vehicle_pass_by,127.61,140.57,0.88,0.97,12.96,446
datased:monophonic:000446,S-0050,DataSED - DataSED - Dataset for Sound Event Detection of environmental noise/SED_wav/S-0050.wav,monophonic,Voices,voices,1.1,3.0,0.01,0.02,1.91,447
datased:monophonic:000447,S-0050,DataSED - DataSED - Dataset for Sound Event Detection of environmental noise/SED_wav/S-0050.wav,monophonic,Vehicle idling,vehicle_idling,3.58,13.7,0.03,0.1,10.12,448
datased:monophonic:000448,S-0050,DataSED - DataSED - Dataset for Sound Event Detection of environmental noise/SED_wav/S-0050.wav,monophonic,Voices,voices,13.75,39.06,0.1,0.29,25.31,449
datased:monophonic:000449,S-0050,DataSED - DataSED - Dataset for Sound Event Detection of environmental noise/SED_wav/S-0050.wav,monophonic,Vehicle idling,vehicle_idling,39.25,43.31,0.29,0.32,4.06,450
datased:monophonic:000450,S-0050,DataSED - DataSED - Dataset for Sound Event Detection of environmental noise/SED_wav/S-0050.wav,monophonic,Voices,voices,43.89,48.79,0.32,0.36,4.89,451
datased:monophonic:000451,S-0050,DataSED - DataSED - Dataset for Sound Event Detection of environmental noise/SED_wav/S-0050.wav,monophonic,Voices,voices,51.86,54.51,0.38,0.4,2.65,452
datased:monophonic:000452,S-0050,DataSED - DataSED - Dataset for Sound Event Detection of environmental noise/SED_wav/S-0050.wav,monophonic,Voices,voices,55.01,61.67,0.4,0.45,6.66,453
datased:monophonic:000453,S-0050,DataSED - DataSED - Dataset for Sound Event Detection of environmental noise/SED_wav/S-0050.wav,monophonic,Vehicle pass-by,vehicle_pass_by,61.73,73.01,0.45,0.53,11.28,454
datased:monophonic:000454,S-0050,DataSED - DataSED - Dataset for Sound Event Detection of environmental noise/SED_wav/S-0050.wav,monophonic,Vehicle pass-by,vehicle_pass_by,77.48,80.97,0.57,0.59,3.48,455
datased:monophonic:000455,S-0050,DataSED - DataSED - Dataset for Sound Event Detection of environmental noise/SED_wav/S-0050.wav,monophonic,Voices,voices,83.37,88.76,0.61,0.65,5.39,456
datased:monophonic:000456,S-0050,DataSED - DataSED - Dataset for Sound Event Detection of environmental noise/SED_wav/S-0050.wav,monophonic,Vehicle pass-by,vehicle_pass_by,94.07,102.78,0.69,0.75,8.7,457
datased:monophonic:000457,S-0050,DataSED - DataSED - Dataset for Sound Event Detection of environmental noise/SED_wav/S-0050.wav,monophonic,Voices,voices,102.91,118.71,0.75,0.87,15.79,458
datased:monophonic:000458,S-0050,DataSED - DataSED - Dataset for Sound Event Detection of environmental noise/SED_wav/S-0050.wav,monophonic,Vehicle pass-by,vehicle_pass_by,119.03,126.03,0.87,0.92,7.0,459
datased:monophonic:000459,S-0050,DataSED - DataSED - Dataset for Sound Event Detection of environmental noise/SED_wav/S-0050.wav,monophonic,Vehicle pass-by,vehicle_pass_by,131.97,132.92,0.96,0.97,0.96,460
datased:monophonic:000460,S-0051,DataSED - DataSED - Dataset for Sound Event Detection of environmental noise/SED_wav/S-0051.wav,monophonic,Vehicle idling,vehicle_idling,6.31,15.67,0.06,0.14,9.35,461
datased:monophonic:000461,S-0051,DataSED - DataSED - Dataset for Sound Event Detection of environmental noise/SED_wav/S-0051.wav,monophonic,Voices,voices,16.07,25.74,0.14,0.23,9.67,462
datased:monophonic:000462,S-0051,DataSED - DataSED - Dataset for Sound Event Detection of environmental noise/SED_wav/S-0051.wav,monophonic,Vehicle pass-by,vehicle_pass_by,26.63,48.44,0.24,0.43,21.81,463
datased:monophonic:000463,S-0051,DataSED - DataSED - Dataset for Sound Event Detection of environmental noise/SED_wav/S-0051.wav,monophonic,Vehicle pass-by,vehicle_pass_by,54.13,69.85,0.48,0.62,15.71,464
datased:monophonic:000464,S-0051,DataSED - DataSED - Dataset for Sound Event Detection of environmental noise/SED_wav/S-0051.wav,monophonic,Thunder fireworks and gunshot,thunder_fireworks_gunshot,76.08,78.52,0.68,0.7,2.44,465
datased:monophonic:000465,S-0051,DataSED - DataSED - Dataset for Sound Event Detection of environmental noise/SED_wav/S-0051.wav,monophonic,Thunder fireworks and gunshot,thunder_fireworks_gunshot,79.4,82.31,0.71,0.74,2.91,466
datased:monophonic:000466,S-0051,DataSED - DataSED - Dataset for Sound Event Detection of environmental noise/SED_wav/S-0051.wav,monophonic,Thunder fireworks and gunshot,thunder_fireworks_gunshot,98.84,102.02,0.88,0.91,3.18,467
datased:monophonic:000467,S-0051,DataSED - DataSED - Dataset for Sound Event Detection of environmental noise/SED_wav/S-0051.wav,monophonic,Thunder fireworks and gunshot,thunder_fireworks_gunshot,109.61,111.91,0.98,1.0,2.3,468
datased:monophonic:000468,S-0052,DataSED - DataSED - Dataset for Sound Event Detection of environmental noise/SED_wav/S-0052.wav,monophonic,Thunder fireworks and gunshot,thunder_fireworks_gunshot,0.74,46.23,0.01,0.35,45.48,469
datased:monophonic:000469,S-0052,DataSED - DataSED - Dataset for Sound Event Detection of environmental noise/SED_wav/S-0052.wav,monophonic,Thunder fireworks and gunshot,thunder_fireworks_gunshot,46.23,79.35,0.35,0.59,33.12,470
datased:monophonic:000470,S-0052,DataSED - DataSED - Dataset for Sound Event Detection of environmental noise/SED_wav/S-0052.wav,monophonic,Thunder fireworks and gunshot,thunder_fireworks_gunshot,84.76,111.02,0.64,0.83,26.26,471
datased:monophonic:000471,S-0052,DataSED - DataSED - Dataset for Sound Event Detection of environmental noise/SED_wav/S-0052.wav,monophonic,Thunder fireworks and gunshot,thunder_fireworks_gunshot,116.51,124.13,0.87,0.93,7.62,472
datased:monophonic:000472,S-0052,DataSED - DataSED - Dataset for Sound Event Detection of environmental noise/SED_wav/S-0052.wav,monophonic,Voices,voices,124.83,129.76,0.94,0.97,4.93,473
datased:monophonic:000473,S-0052,DataSED - DataSED - Dataset for Sound Event Detection of environmental noise/SED_wav/S-0052.wav,monophonic,Thunder fireworks and gunshot,thunder_fireworks_gunshot,129.87,133.31,0.97,1.0,3.44,474
datased:monophonic:000474,S-0053,DataSED - DataSED - Dataset for Sound Event Detection of environmental noise/SED_wav/S-0053.wav,monophonic,Thunder fireworks and gunshot,thunder_fireworks_gunshot,1.06,3.92,0.01,0.02,2.87,475
datased:monophonic:000475,S-0053,DataSED - DataSED - Dataset for Sound Event Detection of environmental noise/SED_wav/S-0053.wav,monophonic,Thunder fireworks and gunshot,thunder_fireworks_gunshot,4.61,7.47,0.02,0.04,2.87,476
datased:monophonic:000476,S-0053,DataSED - DataSED - Dataset for Sound Event Detection of environmental noise/SED_wav/S-0053.wav,monophonic,Voices,voices,7.5,7.93,0.04,0.04,0.43,477
datased:monophonic:000477,S-0053,DataSED - DataSED - Dataset for Sound Event Detection of environmental noise/SED_wav/S-0053.wav,monophonic,Thunder fireworks and gunshot,thunder_fireworks_gunshot,8.05,11.14,0.04,0.06,3.1,478
datased:monophonic:000478,S-0053,DataSED - DataSED - Dataset for Sound Event Detection of environmental noise/SED_wav/S-0053.wav,monophonic,Thunder fireworks and gunshot,thunder_fireworks_gunshot,11.49,14.24,0.06,0.08,2.75,479
datased:monophonic:000479,S-0053,DataSED - DataSED - Dataset for Sound Event Detection of environmental noise/SED_wav/S-0053.wav,monophonic,Thunder fireworks and gunshot,thunder_fireworks_gunshot,14.7,17.61,0.08,0.09,2.92,480
datased:monophonic:000480,S-0053,DataSED - DataSED - Dataset for Sound Event Detection of environmental noise/SED_wav/S-0053.wav,monophonic,Thunder fireworks and gunshot,thunder_fireworks_gunshot,18.14,24.67,0.1,0.13,6.53,481
datased:monophonic:000481,S-0053,DataSED - DataSED - Dataset for Sound Event Detection of environmental noise/SED_wav/S-0053.wav,monophonic,Thunder fireworks and gunshot,thunder_fireworks_gunshot,24.9,29.03,0.13,0.15,4.13,482
datased:monophonic:000482,S-0053,DataSED - DataSED - Dataset for Sound Event Detection of environmental noise/SED_wav/S-0053.wav,monophonic,Dog barkings and howlings,dog_barkings_and_howlings,34.19,35.99,0.18,0.19,1.8,483
datased:monophonic:000483,S-0053,DataSED - DataSED - Dataset for Sound Event Detection of environmental noise/SED_wav/S-0053.wav,monophonic,Thunder fireworks and gunshot,thunder_fireworks_gunshot,36.13,38.62,0.19,0.2,2.49,484
datased:monophonic:000484,S-0053,DataSED - DataSED - Dataset for Sound Event Detection of environmental noise/SED_wav/S-0053.wav,monophonic,Voices,voices,39.0,40.83,0.21,0.22,1.84,485
datased:monophonic:000485,S-0053,DataSED - DataSED - Dataset for Sound Event Detection of environmental noise/SED_wav/S-0053.wav,monophonic,Dog barkings and howlings,dog_barkings_and_howlings,45.76,50.35,0.24,0.27,4.59,486
datased:monophonic:000486,S-0053,DataSED - DataSED - Dataset for Sound Event Detection of environmental noise/SED_wav/S-0053.wav,monophonic,Thunder fireworks and gunshot,thunder_fireworks_gunshot,51.27,74.81,0.27,0.4,23.55,487
datased:monophonic:000487,S-0053,DataSED - DataSED - Dataset for Sound Event Detection of environmental noise/SED_wav/S-0053.wav,monophonic,Horn,horn,75.34,79.24,0.4,0.42,3.9,488
datased:monophonic:000488,S-0053,DataSED - DataSED - Dataset for Sound Event Detection of environmental noise/SED_wav/S-0053.wav,monophonic,Thunder fireworks and gunshot,thunder_fireworks_gunshot,79.55,94.71,0.42,0.5,15.16,489
datased:monophonic:000489,S-0053,DataSED - DataSED - Dataset for Sound Event Detection of environmental noise/SED_wav/S-0053.wav,monophonic,Thunder fireworks and gunshot,thunder_fireworks_gunshot,97.35,113.64,0.51,0.6,16.29,490
datased:monophonic:000490,S-0053,DataSED - DataSED - Dataset for Sound Event Detection of environmental noise/SED_wav/S-0053.wav,monophonic,Vehicle pass-by,vehicle_pass_by,114.43,123.11,0.6,0.65,8.68,491
datased:monophonic:000491,S-0053,DataSED - DataSED - Dataset for Sound Event Detection of environmental noise/SED_wav/S-0053.wav,monophonic,Thunder fireworks and gunshot,thunder_fireworks_gunshot,123.26,124.75,0.65,0.66,1.49,492
datased:monophonic:000492,S-0053,DataSED - DataSED - Dataset for Sound Event Detection of environmental noise/SED_wav/S-0053.wav,monophonic,Thunder fireworks and gunshot,thunder_fireworks_gunshot,125.09,126.52,0.66,0.67,1.43,493
datased:monophonic:000493,S-0053,DataSED - DataSED - Dataset for Sound Event Detection of environmental noise/SED_wav/S-0053.wav,monophonic,Jet aircrafts,jet_aircrafts,127.04,132.58,0.67,0.7,5.54,494
datased:monophonic:000494,S-0053,DataSED - DataSED - Dataset for Sound Event Detection of environmental noise/SED_wav/S-0053.wav,monophonic,Thunder fireworks and gunshot,thunder_fireworks_gunshot,134.1,189.4,0.71,1.0,55.31,495
datased:monophonic:000495,S-0054,DataSED - DataSED - Dataset for Sound Event Detection of environmental noise/SED_wav/S-0054.wav,monophonic,Voices,voices,0.0,12.29,0.0,0.1,12.29,496
datased:monophonic:000496,S-0054,DataSED - DataSED - Dataset for Sound Event Detection of environmental noise/SED_wav/S-0054.wav,monophonic,Thunder fireworks and gunshot,thunder_fireworks_gunshot,12.41,17.56,0.1,0.15,5.15,497
datased:monophonic:000497,S-0054,DataSED - DataSED - Dataset for Sound Event Detection of environmental noise/SED_wav/S-0054.wav,monophonic,Voices,voices,17.84,22.62,0.15,0.19,4.78,498
datased:monophonic:000498,S-0054,DataSED - DataSED - Dataset for Sound Event Detection of environmental noise/SED_wav/S-0054.wav,monophonic,Thunder fireworks and gunshot,thunder_fireworks_gunshot,23.48,62.11,0.2,0.52,38.63,499
datased:monophonic:000499,S-0054,DataSED - DataSED - Dataset for Sound Event Detection of environmental noise/SED_wav/S-0054.wav,monophonic,Thunder fireworks and gunshot,thunder_fireworks_gunshot,63.41,65.29,0.53,0.55,1.88,500
datased:monophonic:000500,S-0054,DataSED - DataSED - Dataset for Sound Event Detection of environmental noise/SED_wav/S-0054.wav,monophonic,Thunder fireworks and gunshot,thunder_fireworks_gunshot,67.24,69.12,0.56,0.58,1.88,501
datased:monophonic:000501,S-0054,DataSED - DataSED - Dataset for Sound Event Detection of environmental noise/SED_wav/S-0054.wav,monophonic,Thunder fireworks and gunshot,thunder_fireworks_gunshot,70.49,72.94,0.59,0.61,2.46,502
datased:monophonic:000502,S-0054,DataSED - DataSED - Dataset for Sound Event Detection of environmental noise/SED_wav/S-0054.wav,monophonic,Thunder fireworks and gunshot,thunder_fireworks_gunshot,73.81,75.98,0.62,0.64,2.17,503
datased:monophonic:000503,S-0054,DataSED - DataSED - Dataset for Sound Event Detection of environmental noise/SED_wav/S-0054.wav,monophonic,Thunder fireworks and gunshot,thunder_fireworks_gunshot,76.77,79.44,0.64,0.67,2.67,504
datased:monophonic:000504,S-0054,DataSED - DataSED - Dataset for Sound Event Detection of environmental noise/SED_wav/S-0054.wav,monophonic,Thunder fireworks and gunshot,thunder_fireworks_gunshot,80.89,83.2,0.68,0.7,2.31,505
datased:monophonic:000505,S-0054,DataSED - DataSED - Dataset for Sound Event Detection of environmental noise/SED_wav/S-0054.wav,monophonic,Thunder fireworks and gunshot,thunder_fireworks_gunshot,89.91,91.93,0.75,0.77,2.02,506
datased:monophonic:000506,S-0054,DataSED - DataSED - Dataset for Sound Event Detection of environmental noise/SED_wav/S-0054.wav,monophonic,Voices,voices,93.96,94.68,0.79,0.79,0.72,507
datased:monophonic:000507,S-0054,DataSED - DataSED - Dataset for Sound Event Detection of environmental noise/SED_wav/S-0054.wav,monophonic,Thunder fireworks and gunshot,thunder_fireworks_gunshot,97.42,119.08,0.82,1.0,21.66,508
datased:monophonic:000508,S-0055,DataSED - DataSED - Dataset for Sound Event Detection of environmental noise/SED_wav/S-0055.wav,monophonic,Thunder fireworks and gunshot,thunder_fireworks_gunshot,2.24,97.5,0.02,0.72,95.26,509
datased:monophonic:000509,S-0055,DataSED - DataSED - Dataset for Sound Event Detection of environmental noise/SED_wav/S-0055.wav,monophonic,Thunder fireworks and gunshot,thunder_fireworks_gunshot,104.59,135.74,0.77,1.0,31.15,510
datased:monophonic:000510,S-0056,DataSED - DataSED - Dataset for Sound Event Detection of environmental noise/SED_wav/S-0056.wav,monophonic,Thunder fireworks and gunshot,thunder_fireworks_gunshot,0.84,7.7,0.01,0.06,6.85,511
datased:monophonic:000511,S-0056,DataSED - DataSED - Dataset for Sound Event Detection of environmental noise/SED_wav/S-0056.wav,monophonic,Thunder fireworks and gunshot,thunder_fireworks_gunshot,13.39,16.36,0.1,0.12,2.97,512
datased:monophonic:000512,S-0056,DataSED - DataSED - Dataset for Sound Event Detection of environmental noise/SED_wav/S-0056.wav,monophonic,Thunder fireworks and gunshot,thunder_fireworks_gunshot,22.89,28.91,0.17,0.21,6.03,513
datased:monophonic:000513,S-0056,DataSED - DataSED - Dataset for Sound Event Detection of environmental noise/SED_wav/S-0056.wav,monophonic,Thunder fireworks and gunshot,thunder_fireworks_gunshot,30.65,36.35,0.22,0.27,5.7,514
datased:monophonic:000514,S-0056,DataSED - DataSED - Dataset for Sound Event Detection of environmental noise/SED_wav/S-0056.wav,monophonic,Thunder fireworks and gunshot,thunder_fireworks_gunshot,43.45,59.22,0.32,0.43,15.77,515
datased:monophonic:000515,S-0056,DataSED - DataSED - Dataset for Sound Event Detection of environmental noise/SED_wav/S-0056.wav,monophonic,Thunder fireworks and gunshot,thunder_fireworks_gunshot,65.49,136.0,0.48,1.0,70.51,516
datased:monophonic:000516,S-0057,DataSED - DataSED - Dataset for Sound Event Detection of environmental noise/SED_wav/S-0057.wav,monophonic,Thunder fireworks and gunshot,thunder_fireworks_gunshot,0.0,5.8,0.0,0.05,5.8,517
datased:monophonic:000517,S-0057,DataSED - DataSED - Dataset for Sound Event Detection of environmental noise/SED_wav/S-0057.wav,monophonic,Voices,voices,6.29,7.84,0.05,0.07,1.55,518
datased:monophonic:000518,S-0057,DataSED - DataSED - Dataset for Sound Event Detection of environmental noise/SED_wav/S-0057.wav,monophonic,Thunder fireworks and gunshot,thunder_fireworks_gunshot,8.55,10.87,0.07,0.09,2.33,519
datased:monophonic:000519,S-0057,DataSED - DataSED - Dataset for Sound Event Detection of environmental noise/SED_wav/S-0057.wav,monophonic,Dog barkings and howlings,dog_barkings_and_howlings,11.37,13.55,0.1,0.12,2.19,520
datased:monophonic:000520,S-0057,DataSED - DataSED - Dataset for Sound Event Detection of environmental noise/SED_wav/S-0057.wav,monophonic,Thunder fireworks and gunshot,thunder_fireworks_gunshot,14.82,17.22,0.13,0.15,2.4,521
datased:monophonic:000521,S-0057,DataSED - DataSED - Dataset for Sound Event Detection of environmental noise/SED_wav/S-0057.wav,monophonic,Thunder fireworks and gunshot,thunder_fireworks_gunshot,20.25,22.86,0.17,0.2,2.61,522
datased:monophonic:000522,S-0057,DataSED - DataSED - Dataset for Sound Event Detection of environmental noise/SED_wav/S-0057.wav,monophonic,Voices,voices,23.63,28.64,0.2,0.25,5.01,523
datased:monophonic:000523,S-0057,DataSED - DataSED - Dataset for Sound Event Detection of environmental noise/SED_wav/S-0057.wav,monophonic,Vehicle pass-by,vehicle_pass_by,31.39,37.17,0.27,0.32,5.78,524
datased:monophonic:000524,S-0057,DataSED - DataSED - Dataset for Sound Event Detection of environmental noise/SED_wav/S-0057.wav,monophonic,Thunder fireworks and gunshot,thunder_fireworks_gunshot,37.45,71.86,0.32,0.62,34.41,525
datased:monophonic:000525,S-0057,DataSED - DataSED - Dataset for Sound Event Detection of environmental noise/SED_wav/S-0057.wav,monophonic,Vehicle pass-by,vehicle_pass_by,75.45,78.51,0.65,0.67,3.06,526
datased:monophonic:000526,S-0057,DataSED - DataSED - Dataset for Sound Event Detection of environmental noise/SED_wav/S-0057.wav,monophonic,Thunder fireworks and gunshot,thunder_fireworks_gunshot,78.55,110.07,0.67,0.94,31.51,527
datased:monophonic:000527,S-0058,DataSED - DataSED - Dataset for Sound Event Detection of environmental noise/SED_wav/S-0058.wav,monophonic,Voices,voices,22.69,24.73,0.17,0.18,2.04,528
datased:monophonic:000528,S-0058,DataSED - DataSED - Dataset for Sound Event Detection of environmental noise/SED_wav/S-0058.wav,monophonic,Voices,voices,26.11,28.07,0.19,0.21,1.96,529
datased:monophonic:000529,S-0058,DataSED - DataSED - Dataset for Sound Event Detection of environmental noise/SED_wav/S-0058.wav,monophonic,Voices,voices,29.78,42.1,0.22,0.31,12.31,530
datased:monophonic:000530,S-0058,DataSED - DataSED - Dataset for Sound Event Detection of environmental noise/SED_wav/S-0058.wav,monophonic,Voices,voices,42.59,58.9,0.32,0.44,16.31,531
datased:monophonic:000531,S-0058,DataSED - DataSED - Dataset for Sound Event Detection of environmental noise/SED_wav/S-0058.wav,monophonic,Voices,voices,60.61,62.4,0.45,0.46,1.79,532
datased:monophonic:000532,S-0058,DataSED - DataSED - Dataset for Sound Event Detection of environmental noise/SED_wav/S-0058.wav,monophonic,Voices,voices,66.32,70.8,0.49,0.53,4.49,533
datased:monophonic:000533,S-0058,DataSED - DataSED - Dataset for Sound Event Detection of environmental noise/SED_wav/S-0058.wav,monophonic,Voices,voices,78.39,82.06,0.58,0.61,3.67,534
datased:monophonic:000534,S-0058,DataSED - DataSED - Dataset for Sound Event Detection of environmental noise/SED_wav/S-0058.wav,monophonic,Voices,voices,92.74,95.19,0.69,0.71,2.45,535
datased:monophonic:000535,S-0058,DataSED - DataSED - Dataset for Sound Event Detection of environmental noise/SED_wav/S-0058.wav,monophonic,Voices,voices,96.74,100.49,0.72,0.75,3.75,536
datased:monophonic:000536,S-0058,DataSED - DataSED - Dataset for Sound Event Detection of environmental noise/SED_wav/S-0058.wav,monophonic,Voices,voices,101.47,105.06,0.75,0.78,3.59,537
datased:monophonic:000537,S-0058,DataSED - DataSED - Dataset for Sound Event Detection of environmental noise/SED_wav/S-0058.wav,monophonic,Voices,voices,112.48,118.19,0.83,0.88,5.71,538
datased:monophonic:000538,S-0058,DataSED - DataSED - Dataset for Sound Event Detection of environmental noise/SED_wav/S-0058.wav,monophonic,Voices,voices,122.18,127.65,0.91,0.95,5.46,539
datased:monophonic:000539,S-0059,DataSED - DataSED - Dataset for Sound Event Detection of environmental noise/SED_wav/S-0059.wav,monophonic,Voices,voices,1.11,2.31,0.01,0.03,1.21,540
datased:monophonic:000540,S-0059,DataSED - DataSED - Dataset for Sound Event Detection of environmental noise/SED_wav/S-0059.wav,monophonic,Voices,voices,8.72,9.76,0.1,0.11,1.04,541
datased:monophonic:000541,S-0059,DataSED - DataSED - Dataset for Sound Event Detection of environmental noise/SED_wav/S-0059.wav,monophonic,Voices,voices,15.08,46.96,0.17,0.52,31.88,542
datased:monophonic:000542,S-0059,DataSED - DataSED - Dataset for Sound Event Detection of environmental noise/SED_wav/S-0059.wav,monophonic,Voices,voices,49.15,79.12,0.54,0.87,29.97,543
datased:monophonic:000543,S-0059,DataSED - DataSED - Dataset for Sound Event Detection of environmental noise/SED_wav/S-0059.wav,monophonic,Voices,voices,84.54,86.41,0.93,0.95,1.86,544
datased:monophonic:000544,S-0060,DataSED - DataSED - Dataset for Sound Event Detection of environmental noise/SED_wav/S-0060.wav,monophonic,Chicken coop,chicken_coop,1.18,3.08,0.01,0.03,1.89,545
datased:monophonic:000545,S-0060,DataSED - DataSED - Dataset for Sound Event Detection of environmental noise/SED_wav/S-0060.wav,monophonic,Lawn mower brush cutter and olive shaker,lawn_mower_brush_cutter_olive_shaker,3.88,16.01,0.03,0.13,12.14,546
datased:monophonic:000546,S-0060,DataSED - DataSED - Dataset for Sound Event Detection of environmental noise/SED_wav/S-0060.wav,monophonic,Chicken coop,chicken_coop,16.49,18.23,0.14,0.15,1.75,547
datased:monophonic:000547,S-0060,DataSED - DataSED - Dataset for Sound Event Detection of environmental noise/SED_wav/S-0060.wav,monophonic,Lawn mower brush cutter and olive shaker,lawn_mower_brush_cutter_olive_shaker,18.3,31.31,0.15,0.26,13.0,548
datased:monophonic:000548,S-0060,DataSED - DataSED - Dataset for Sound Event Detection of environmental noise/SED_wav/S-0060.wav,monophonic,Horn,horn,31.43,32.3,0.26,0.27,0.87,549
datased:monophonic:000549,S-0060,DataSED - DataSED - Dataset for Sound Event Detection of environmental noise/SED_wav/S-0060.wav,monophonic,Chicken coop,chicken_coop,32.66,34.41,0.27,0.29,1.75,550
datased:monophonic:000550,S-0060,DataSED - DataSED - Dataset for Sound Event Detection of environmental noise/SED_wav/S-0060.wav,monophonic,Lawn mower brush cutter and olive shaker,lawn_mower_brush_cutter_olive_shaker,34.92,55.39,0.29,0.46,20.47,551
datased:monophonic:000551,S-0060,DataSED - DataSED - Dataset for Sound Event Detection of environmental noise/SED_wav/S-0060.wav,monophonic,Bells,bells,55.62,61.89,0.46,0.51,6.27,552
datased:monophonic:000552,S-0060,DataSED - DataSED - Dataset for Sound Event Detection of environmental noise/SED_wav/S-0060.wav,monophonic,Chicken coop,chicken_coop,62.33,63.86,0.52,0.53,1.53,553
datased:monophonic:000553,S-0060,DataSED - DataSED - Dataset for Sound Event Detection of environmental noise/SED_wav/S-0060.wav,monophonic,Bells,bells,63.94,82.73,0.53,0.69,18.79,554
datased:monophonic:000554,S-0060,DataSED - DataSED - Dataset for Sound Event Detection of environmental noise/SED_wav/S-0060.wav,monophonic,Lawn mower brush cutter and olive shaker,lawn_mower_brush_cutter_olive_shaker,83.08,92.96,0.69,0.77,9.87,555
datased:monophonic:000555,S-0060,DataSED - DataSED - Dataset for Sound Event Detection of environmental noise/SED_wav/S-0060.wav,monophonic,Chicken coop,chicken_coop,93.23,95.56,0.77,0.79,2.33,556
datased:monophonic:000556,S-0060,DataSED - DataSED - Dataset for Sound Event Detection of environmental noise/SED_wav/S-0060.wav,monophonic,Lawn mower brush cutter and olive shaker,lawn_mower_brush_cutter_olive_shaker,96.33,100.54,0.8,0.84,4.21,557
datased:monophonic:000557,S-0060,DataSED - DataSED - Dataset for Sound Event Detection of environmental noise/SED_wav/S-0060.wav,monophonic,Crows seagulls and magpies,crows_seagulls_magpies,100.81,102.34,0.84,0.85,1.53,558
datased:monophonic:000558,S-0060,DataSED - DataSED - Dataset for Sound Event Detection of environmental noise/SED_wav/S-0060.wav,monophonic,Bells,bells,102.99,120.41,0.86,1.0,17.42,559
datased:monophonic:000559,S-0061,DataSED - DataSED - Dataset for Sound Event Detection of environmental noise/SED_wav/S-0061.wav,monophonic,Bells,bells,0.0,7.4,0.0,0.04,7.4,560
datased:monophonic:000560,S-0061,DataSED - DataSED - Dataset for Sound Event Detection of environmental noise/SED_wav/S-0061.wav,monophonic,Horn,horn,7.77,9.08,0.04,0.05,1.31,561
datased:monophonic:000561,S-0061,DataSED - DataSED - Dataset for Sound Event Detection of environmental noise/SED_wav/S-0061.wav,monophonic,Bells,bells,9.13,15.15,0.05,0.08,6.03,562
datased:monophonic:000562,S-0061,DataSED - DataSED - Dataset for Sound Event Detection of environmental noise/SED_wav/S-0061.wav,monophonic,Vacuum cleaner fan and hairdryer,vacuum_cleaner_fan_hairdryer,15.31,28.96,0.08,0.16,13.65,563
datased:monophonic:000563,S-0061,DataSED - DataSED - Dataset for Sound Event Detection of environmental noise/SED_wav/S-0061.wav,monophonic,Bells,bells,29.04,69.03,0.16,0.38,39.98,564
datased:monophonic:000564,S-0061,DataSED - DataSED - Dataset for Sound Event Detection of environmental noise/SED_wav/S-0061.wav,monophonic,Lawn mower brush cutter and olive shaker,lawn_mower_brush_cutter_olive_shaker,79.4,101.02,0.44,0.56,21.62,565
datased:monophonic:000565,S-0061,DataSED - DataSED - Dataset for Sound Event Detection of environmental noise/SED_wav/S-0061.wav,monophonic,Vehicle pass-by,vehicle_pass_by,102.44,115.32,0.57,0.64,12.88,566
datased:monophonic:000566,S-0061,DataSED - DataSED - Dataset for Sound Event Detection of environmental noise/SED_wav/S-0061.wav,monophonic,Lawn mower brush cutter and olive shaker,lawn_mower_brush_cutter_olive_shaker,115.46,125.38,0.64,0.7,9.92,567
datased:monophonic:000567,S-0061,DataSED - DataSED - Dataset for Sound Event Detection of environmental noise/SED_wav/S-0061.wav,monophonic,Vacuum cleaner fan and hairdryer,vacuum_cleaner_fan_hairdryer,127.77,134.32,0.71,0.74,6.55,568
datased:monophonic:000568,S-0061,DataSED - DataSED - Dataset for Sound Event Detection of environmental noise/SED_wav/S-0061.wav,monophonic,Horn,horn,140.55,142.18,0.78,0.79,1.64,569
datased:monophonic:000569,S-0061,DataSED - DataSED - Dataset for Sound Event Detection of environmental noise/SED_wav/S-0061.wav,monophonic,Crows seagulls and magpies,crows_seagulls_magpies,147.64,149.28,0.82,0.83,1.64,570
datased:monophonic:000570,S-0061,DataSED - DataSED - Dataset for Sound Event Detection of environmental noise/SED_wav/S-0061.wav,monophonic,Vacuum cleaner fan and hairdryer,vacuum_cleaner_fan_hairdryer,149.37,152.08,0.83,0.84,2.71,571
datased:monophonic:000571,S-0061,DataSED - DataSED - Dataset for Sound Event Detection of environmental noise/SED_wav/S-0061.wav,monophonic,Crows seagulls and magpies,crows_seagulls_magpies,152.12,153.98,0.84,0.85,1.86,572
datased:monophonic:000572,S-0061,DataSED - DataSED - Dataset for Sound Event Detection of environmental noise/SED_wav/S-0061.wav,monophonic,Vacuum cleaner fan and hairdryer,vacuum_cleaner_fan_hairdryer,169.7,173.19,0.94,0.96,3.49,573
datased:monophonic:000573,S-0062,DataSED - DataSED - Dataset for Sound Event Detection of environmental noise/SED_wav/S-0062.wav,monophonic,Dog barkings and howlings,dog_barkings_and_howlings,0.7,23.03,0.01,0.2,22.32,574
datased:monophonic:000574,S-0062,DataSED - DataSED - Dataset for Sound Event Detection of environmental noise/SED_wav/S-0062.wav,monophonic,Lawn mower brush cutter and olive shaker,lawn_mower_brush_cutter_olive_shaker,25.1,59.77,0.22,0.53,34.67,575
datased:monophonic:000575,S-0062,DataSED - DataSED - Dataset for Sound Event Detection of environmental noise/SED_wav/S-0062.wav,monophonic,Dog barkings and howlings,dog_barkings_and_howlings,60.1,62.92,0.53,0.55,2.83,576
datased:monophonic:000576,S-0062,DataSED - DataSED - Dataset for Sound Event Detection of environmental noise/SED_wav/S-0062.wav,monophonic,Lawn mower brush cutter and olive shaker,lawn_mower_brush_cutter_olive_shaker,63.61,65.06,0.56,0.57,1.45,577
datased:monophonic:000577,S-0062,DataSED - DataSED - Dataset for Sound Event Detection of environmental noise/SED_wav/S-0062.wav,monophonic,Vacuum cleaner fan and hairdryer,vacuum_cleaner_fan_hairdryer,70.16,95.86,0.62,0.84,25.7,578
datased:monophonic:000578,S-0062,DataSED - DataSED - Dataset for Sound Event Detection of environmental noise/SED_wav/S-0062.wav,monophonic,Chicken coop,chicken_coop,96.0,97.72,0.84,0.86,1.72,579
datased:monophonic:000579,S-0062,DataSED - DataSED - Dataset for Sound Event Detection of environmental noise/SED_wav/S-0062.wav,monophonic,Birds,birds,97.91,113.84,0.86,1.0,15.94,580
datased:monophonic:000580,S-0063,DataSED - DataSED - Dataset for Sound Event Detection of environmental noise/SED_wav/S-0063.wav,monophonic,Vehicle pass-by,vehicle_pass_by,2.75,12.55,0.02,0.07,9.81,581
datased:monophonic:000581,S-0063,DataSED - DataSED - Dataset for Sound Event Detection of environmental noise/SED_wav/S-0063.wav,monophonic,Dog barkings and howlings,dog_barkings_and_howlings,13.31,45.68,0.07,0.25,32.37,582
datased:monophonic:000582,S-0063,DataSED - DataSED - Dataset for Sound Event Detection of environmental noise/SED_wav/S-0063.wav,monophonic,Crows seagulls and magpies,crows_seagulls_magpies,47.52,48.33,0.26,0.27,0.81,583
datased:monophonic:000583,S-0063,DataSED - DataSED - Dataset for Sound Event Detection of environmental noise/SED_wav/S-0063.wav,monophonic,Dog barkings and howlings,dog_barkings_and_howlings,48.41,56.13,0.27,0.31,7.72,584
datased:monophonic:000584,S-0063,DataSED - DataSED - Dataset for Sound Event Detection of environmental noise/SED_wav/S-0063.wav,monophonic,Crows seagulls and magpies,crows_seagulls_magpies,56.35,57.46,0.31,0.32,1.12,585
datased:monophonic:000585,S-0063,DataSED - DataSED - Dataset for Sound Event Detection of environmental noise/SED_wav/S-0063.wav,monophonic,Dog barkings and howlings,dog_barkings_and_howlings,58.42,61.79,0.32,0.34,3.38,586
datased:monophonic:000586,S-0063,DataSED - DataSED - Dataset for Sound Event Detection of environmental noise/SED_wav/S-0063.wav,monophonic,Dog barkings and howlings,dog_barkings_and_howlings,62.56,63.86,0.35,0.35,1.31,587
datased:monophonic:000587,S-0063,DataSED - DataSED - Dataset for Sound Event Detection of environmental noise/SED_wav/S-0063.wav,monophonic,Dog barkings and howlings,dog_barkings_and_howlings,65.54,70.62,0.36,0.39,5.08,588
datased:monophonic:000588,S-0063,DataSED - DataSED - Dataset for Sound Event Detection of environmental noise/SED_wav/S-0063.wav,monophonic,Dog barkings and howlings,dog_barkings_and_howlings,72.04,74.32,0.4,0.41,2.29,589
datased:monophonic:000589,S-0063,DataSED - DataSED - Dataset for Sound Event Detection of environmental noise/SED_wav/S-0063.wav,monophonic,Crows seagulls and magpies,crows_seagulls_magpies,74.87,76.28,0.42,0.42,1.42,590
datased:monophonic:000590,S-0063,DataSED - DataSED - Dataset for Sound Event Detection of environmental noise/SED_wav/S-0063.wav,monophonic,Dog barkings and howlings,dog_barkings_and_howlings,77.05,78.57,0.43,0.44,1.53,591
datased:monophonic:000591,S-0063,DataSED - DataSED - Dataset for Sound Event Detection of environmental noise/SED_wav/S-0063.wav,monophonic,Dog barkings and howlings,dog_barkings_and_howlings,80.64,82.38,0.45,0.46,1.74,592
datased:monophonic:000592,S-0063,DataSED - DataSED - Dataset for Sound Event Detection of environmental noise/SED_wav/S-0063.wav,monophonic,Dog barkings and howlings,dog_barkings_and_howlings,87.51,91.86,0.49,0.51,4.36,593
datased:monophonic:000593,S-0063,DataSED - DataSED - Dataset for Sound Event Detection of environmental noise/SED_wav/S-0063.wav,monophonic,Dog barkings and howlings,dog_barkings_and_howlings,95.24,99.49,0.53,0.55,4.25,594
datased:monophonic:000594,S-0063,DataSED - DataSED - Dataset for Sound Event Detection of environmental noise/SED_wav/S-0063.wav,monophonic,Birds,birds,100.25,106.03,0.56,0.59,5.77,595
datased:monophonic:000595,S-0063,DataSED - DataSED - Dataset for Sound Event Detection of environmental noise/SED_wav/S-0063.wav,monophonic,Dog barkings and howlings,dog_barkings_and_howlings,106.24,113.21,0.59,0.63,6.97,596
datased:monophonic:000596,S-0063,DataSED - DataSED - Dataset for Sound Event Detection of environmental noise/SED_wav/S-0063.wav,monophonic,Crows seagulls and magpies,crows_seagulls_magpies,113.87,115.18,0.63,0.64,1.31,597
datased:monophonic:000597,S-0063,DataSED - DataSED - Dataset for Sound Event Detection of environmental noise/SED_wav/S-0063.wav,monophonic,Crows seagulls and magpies,crows_seagulls_magpies,118.77,119.97,0.66,0.67,1.2,598
datased:monophonic:000598,S-0063,DataSED - DataSED - Dataset for Sound Event Detection of environmental noise/SED_wav/S-0063.wav,monophonic,Dog barkings and howlings,dog_barkings_and_howlings,121.61,134.24,0.68,0.75,12.64,599
datased:monophonic:000599,S-0063,DataSED - DataSED - Dataset for Sound Event Detection of environmental noise/SED_wav/S-0063.wav,monophonic,Dog barkings and howlings,dog_barkings_and_howlings,136.31,138.71,0.76,0.77,2.4,600
datased:monophonic:000600,S-0063,DataSED - DataSED - Dataset for Sound Event Detection of environmental noise/SED_wav/S-0063.wav,monophonic,Dog barkings and howlings,dog_barkings_and_howlings,139.04,140.02,0.77,0.78,0.98,601
datased:monophonic:000601,S-0063,DataSED - DataSED - Dataset for Sound Event Detection of environmental noise/SED_wav/S-0063.wav,monophonic,Dog barkings and howlings,dog_barkings_and_howlings,144.27,145.03,0.8,0.81,0.76,602
datased:monophonic:000602,S-0063,DataSED - DataSED - Dataset for Sound Event Detection of environmental noise/SED_wav/S-0063.wav,monophonic,Birds,birds,145.9,177.6,0.81,0.99,31.7,603
datased:monophonic:000603,S-0064,DataSED - DataSED - Dataset for Sound Event Detection of environmental noise/SED_wav/S-0064.wav,monophonic,Dog barkings and howlings,dog_barkings_and_howlings,7.95,11.03,0.05,0.07,3.08,604
datased:monophonic:000604,S-0064,DataSED - DataSED - Dataset for Sound Event Detection of environmental noise/SED_wav/S-0064.wav,monophonic,Dog barkings and howlings,dog_barkings_and_howlings,12.8,49.74,0.08,0.32,36.94,605
datased:monophonic:000605,S-0064,DataSED - DataSED - Dataset for Sound Event Detection of environmental noise/SED_wav/S-0064.wav,monophonic,Voices,voices,50.11,51.14,0.33,0.33,1.03,606
datased:monophonic:000606,S-0064,DataSED - DataSED - Dataset for Sound Event Detection of environmental noise/SED_wav/S-0064.wav,monophonic,Dog barkings and howlings,dog_barkings_and_howlings,51.23,55.8,0.33,0.36,4.57,607
datased:monophonic:000607,S-0064,DataSED - DataSED - Dataset for Sound Event Detection of environmental noise/SED_wav/S-0064.wav,monophonic,Birds,birds,56.18,91.53,0.36,0.59,35.36,608
datased:monophonic:000608,S-0064,DataSED - DataSED - Dataset for Sound Event Detection of environmental noise/SED_wav/S-0064.wav,monophonic,Crows seagulls and magpies,crows_seagulls_magpies,92.56,94.98,0.6,0.62,2.43,609
datased:monophonic:000609,S-0064,DataSED - DataSED - Dataset for Sound Event Detection of environmental noise/SED_wav/S-0064.wav,monophonic,Voices,voices,97.97,99.46,0.64,0.65,1.49,610
datased:monophonic:000610,S-0064,DataSED - DataSED - Dataset for Sound Event Detection of environmental noise/SED_wav/S-0064.wav,monophonic,Birds,birds,102.73,120.64,0.67,0.78,17.91,611
datased:monophonic:000611,S-0064,DataSED - DataSED - Dataset for Sound Event Detection of environmental noise/SED_wav/S-0064.wav,monophonic,Vehicle pass-by,vehicle_pass_by,121.38,150.86,0.79,0.98,29.48,612
datased:monophonic:000612,S-0064,DataSED - DataSED - Dataset for Sound Event Detection of environmental noise/SED_wav/S-0064.wav,monophonic,Crows seagulls and magpies,crows_seagulls_magpies,151.7,153.1,0.98,0.99,1.4,613
datased:monophonic:000613,S-0065,DataSED - DataSED - Dataset for Sound Event Detection of environmental noise/SED_wav/S-0065.wav,monophonic,Vacuum cleaner fan and hairdryer,vacuum_cleaner_fan_hairdryer,0.0,30.11,0.0,0.2,30.11,614
datased:monophonic:000614,S-0065,DataSED - DataSED - Dataset for Sound Event Detection of environmental noise/SED_wav/S-0065.wav,monophonic,Birds,birds,31.19,65.51,0.21,0.44,34.32,615
datased:monophonic:000615,S-0065,DataSED - DataSED - Dataset for Sound Event Detection of environmental noise/SED_wav/S-0065.wav,monophonic,Vehicle pass-by,vehicle_pass_by,65.87,70.63,0.44,0.48,4.76,616
datased:monophonic:000616,S-0065,DataSED - DataSED - Dataset for Sound Event Detection of environmental noise/SED_wav/S-0065.wav,monophonic,Birds,birds,70.66,80.43,0.48,0.54,9.77,617
datased:monophonic:000617,S-0065,DataSED - DataSED - Dataset for Sound Event Detection of environmental noise/SED_wav/S-0065.wav,monophonic,Vehicle pass-by,vehicle_pass_by,80.78,97.76,0.54,0.66,16.98,618
datased:monophonic:000618,S-0065,DataSED - DataSED - Dataset for Sound Event Detection of environmental noise/SED_wav/S-0065.wav,monophonic,Vacuum cleaner fan and hairdryer,vacuum_cleaner_fan_hairdryer,100.64,136.35,0.68,0.92,35.71,619
datased:monophonic:000619,S-0065,DataSED - DataSED - Dataset for Sound Event Detection of environmental noise/SED_wav/S-0065.wav,monophonic,Lawn mower brush cutter and olive shaker,lawn_mower_brush_cutter_olive_shaker,136.56,148.43,0.92,1.0,11.87,620
datased:monophonic:000620,S-0066,DataSED - DataSED - Dataset for Sound Event Detection of environmental noise/SED_wav/S-0066.wav,monophonic,Voices,voices,0.0,33.55,0.0,0.16,33.55,621
datased:monophonic:000621,S-0066,DataSED - DataSED - Dataset for Sound Event Detection of environmental noise/SED_wav/S-0066.wav,monophonic,Voices,voices,42.63,72.45,0.2,0.34,29.81,622
datased:monophonic:000622,S-0066,DataSED - DataSED - Dataset for Sound Event Detection of environmental noise/SED_wav/S-0066.wav,monophonic,Dog barkings and howlings,dog_barkings_and_howlings,72.51,173.4,0.34,0.82,100.89,623
datased:monophonic:000623,S-0066,DataSED - DataSED - Dataset for Sound Event Detection of environmental noise/SED_wav/S-0066.wav,monophonic,Dog barkings and howlings,dog_barkings_and_howlings,175.45,185.81,0.83,0.88,10.36,624
datased:monophonic:000624,S-0066,DataSED - DataSED - Dataset for Sound Event Detection of environmental noise/SED_wav/S-0066.wav,monophonic,Dog barkings and howlings,dog_barkings_and_howlings,194.13,195.15,0.92,0.92,1.02,625
datased:monophonic:000625,S-0066,DataSED - DataSED - Dataset for Sound Event Detection of environmental noise/SED_wav/S-0066.wav,monophonic,Voices,voices,197.84,205.06,0.94,0.97,7.22,626
datased:monophonic:000626,S-0066,DataSED - DataSED - Dataset for Sound Event Detection of environmental noise/SED_wav/S-0066.wav,monophonic,Lawn mower brush cutter and olive shaker,lawn_mower_brush_cutter_olive_shaker,205.39,211.4,0.97,1.0,6.01,627
datased:monophonic:000627,S-0067,DataSED - DataSED - Dataset for Sound Event Detection of environmental noise/SED_wav/S-0067.wav,monophonic,Lawn mower brush cutter and olive shaker,lawn_mower_brush_cutter_olive_shaker,3.28,6.12,0.03,0.05,2.83,628
datased:monophonic:000628,S-0067,DataSED - DataSED - Dataset for Sound Event Detection of environmental noise/SED_wav/S-0067.wav,monophonic,Birds,birds,6.48,13.2,0.05,0.11,6.72,629
datased:monophonic:000629,S-0067,DataSED - DataSED - Dataset for Sound Event Detection of environmental noise/SED_wav/S-0067.wav,monophonic,Voices,voices,13.38,16.8,0.11,0.14,3.42,630
datased:monophonic:000630,S-0067,DataSED - DataSED - Dataset for Sound Event Detection of environmental noise/SED_wav/S-0067.wav,monophonic,Lawn mower brush cutter and olive shaker,lawn_mower_brush_cutter_olive_shaker,17.08,25.2,0.14,0.21,8.12,631
datased:monophonic:000631,S-0067,DataSED - DataSED - Dataset for Sound Event Detection of environmental noise/SED_wav/S-0067.wav,monophonic,Dog barkings and howlings,dog_barkings_and_howlings,26.16,58.8,0.22,0.49,32.64,632
datased:monophonic:000632,S-0067,DataSED - DataSED - Dataset for Sound Event Detection of environmental noise/SED_wav/S-0067.wav,monophonic,Lawn mower brush cutter and olive shaker,lawn_mower_brush_cutter_olive_shaker,59.08,78.96,0.49,0.66,19.88,633
datased:monophonic:000633,S-0067,DataSED - DataSED - Dataset for Sound Event Detection of environmental noise/SED_wav/S-0067.wav,monophonic,Voices,voices,79.07,89.13,0.66,0.74,10.06,634
datased:monophonic:000634,S-0067,DataSED - DataSED - Dataset for Sound Event Detection of environmental noise/SED_wav/S-0067.wav,monophonic,Voices,voices,94.07,117.53,0.78,0.98,23.46,635
datased:monophonic:000635,S-0067,DataSED - DataSED - Dataset for Sound Event Detection of environmental noise/SED_wav/S-0067.wav,monophonic,Lawn mower brush cutter and olive shaker,lawn_mower_brush_cutter_olive_shaker,117.68,120.0,0.98,1.0,2.32,636
datased:monophonic:000636,S-0068,DataSED - DataSED - Dataset for Sound Event Detection of environmental noise/SED_wav/S-0068.wav,monophonic,Birds,birds,0.0,4.44,0.0,0.05,4.44,637
datased:monophonic:000637,S-0068,DataSED - DataSED - Dataset for Sound Event Detection of environmental noise/SED_wav/S-0068.wav,monophonic,Dog barkings and howlings,dog_barkings_and_howlings,5.38,27.65,0.06,0.3,22.27,638
datased:monophonic:000638,S-0068,DataSED - DataSED - Dataset for Sound Event Detection of environmental noise/SED_wav/S-0068.wav,monophonic,Lawn mower brush cutter and olive shaker,lawn_mower_brush_cutter_olive_shaker,31.53,63.87,0.34,0.7,32.35,639
datased:monophonic:000639,S-0068,DataSED - DataSED - Dataset for Sound Event Detection of environmental noise/SED_wav/S-0068.wav,monophonic,Voices,voices,63.93,70.08,0.7,0.77,6.15,640
datased:monophonic:000640,S-0068,DataSED - DataSED - Dataset for Sound Event Detection of environmental noise/SED_wav/S-0068.wav,monophonic,Birds,birds,74.79,91.51,0.82,1.0,16.73,641
datased:monophonic:000641,S-0069,DataSED - DataSED - Dataset for Sound Event Detection of environmental noise/SED_wav/S-0069.wav,monophonic,Dog barkings and howlings,dog_barkings_and_howlings,2.11,3.38,0.01,0.02,1.27,642
datased:monophonic:000642,S-0069,DataSED - DataSED - Dataset for Sound Event Detection of environmental noise/SED_wav/S-0069.wav,monophonic,Crows seagulls and magpies,crows_seagulls_magpies,5.01,6.37,0.03,0.04,1.36,643
datased:monophonic:000643,S-0069,DataSED - DataSED - Dataset for Sound Event Detection of environmental noise/SED_wav/S-0069.wav,monophonic,Dog barkings and howlings,dog_barkings_and_howlings,6.56,7.83,0.04,0.05,1.27,644
datased:monophonic:000644,S-0069,DataSED - DataSED - Dataset for Sound Event Detection of environmental noise/SED_wav/S-0069.wav,monophonic,Dog barkings and howlings,dog_barkings_and_howlings,9.07,12.89,0.06,0.09,3.82,645
datased:monophonic:000645,S-0069,DataSED - DataSED - Dataset for Sound Event Detection of environmental noise/SED_wav/S-0069.wav,monophonic,Dog barkings and howlings,dog_barkings_and_howlings,15.0,15.82,0.1,0.11,0.82,646
datased:monophonic:000646,S-0069,DataSED - DataSED - Dataset for Sound Event Detection of environmental noise/SED_wav/S-0069.wav,monophonic,Birds,birds,22.25,25.71,0.15,0.17,3.46,647
datased:monophonic:000647,S-0069,DataSED - DataSED - Dataset for Sound Event Detection of environmental noise/SED_wav/S-0069.wav,monophonic,Voices,voices,27.16,28.8,0.18,0.19,1.63,648
datased:monophonic:000648,S-0069,DataSED - DataSED - Dataset for Sound Event Detection of environmental noise/SED_wav/S-0069.wav,monophonic,Dog barkings and howlings,dog_barkings_and_howlings,39.6,42.05,0.26,0.28,2.45,649
datased:monophonic:000649,S-0069,DataSED - DataSED - Dataset for Sound Event Detection of environmental noise/SED_wav/S-0069.wav,monophonic,Voices,voices,43.05,48.95,0.29,0.33,5.9,650
datased:monophonic:000650,S-0069,DataSED - DataSED - Dataset for Sound Event Detection of environmental noise/SED_wav/S-0069.wav,monophonic,Dog barkings and howlings,dog_barkings_and_howlings,49.59,60.66,0.33,0.4,11.08,651
datased:monophonic:000651,S-0069,DataSED - DataSED - Dataset for Sound Event Detection of environmental noise/SED_wav/S-0069.wav,monophonic,Crows seagulls and magpies,crows_seagulls_magpies,68.74,70.29,0.46,0.47,1.54,652
datased:monophonic:000652,S-0069,DataSED - DataSED - Dataset for Sound Event Detection of environmental noise/SED_wav/S-0069.wav,monophonic,Dog barkings and howlings,dog_barkings_and_howlings,78.19,86.99,0.52,0.58,8.81,653
datased:monophonic:000653,S-0069,DataSED - DataSED - Dataset for Sound Event Detection of environmental noise/SED_wav/S-0069.wav,monophonic,Crows seagulls and magpies,crows_seagulls_magpies,86.99,87.72,0.58,0.58,0.73,654
datased:monophonic:000654,S-0069,DataSED - DataSED - Dataset for Sound Event Detection of environmental noise/SED_wav/S-0069.wav,monophonic,Dog barkings and howlings,dog_barkings_and_howlings,87.81,104.06,0.59,0.69,16.25,655
datased:monophonic:000655,S-0069,DataSED - DataSED - Dataset for Sound Event Detection of environmental noise/SED_wav/S-0069.wav,monophonic,Dog barkings and howlings,dog_barkings_and_howlings,105.15,137.47,0.7,0.92,32.32,656
datased:monophonic:000656,S-0069,DataSED - DataSED - Dataset for Sound Event Detection of environmental noise/SED_wav/S-0069.wav,monophonic,Crows seagulls and magpies,crows_seagulls_magpies,146.82,148.55,0.98,0.99,1.72,657
datased:monophonic:000657,S-0070,DataSED - DataSED - Dataset for Sound Event Detection of environmental noise/SED_wav/S-0070.wav,monophonic,Vehicle pass-by,vehicle_pass_by,1.01,21.54,0.01,0.17,20.53,658
datased:monophonic:000658,S-0070,DataSED - DataSED - Dataset for Sound Event Detection of environmental noise/SED_wav/S-0070.wav,monophonic,Birds,birds,22.46,27.87,0.18,0.22,5.42,659
datased:monophonic:000659,S-0070,DataSED - DataSED - Dataset for Sound Event Detection of environmental noise/SED_wav/S-0070.wav,monophonic,Voices,voices,28.03,37.64,0.22,0.3,9.62,660
datased:monophonic:000660,S-0070,DataSED - DataSED - Dataset for Sound Event Detection of environmental noise/SED_wav/S-0070.wav,monophonic,Dog barkings and howlings,dog_barkings_and_howlings,42.68,48.63,0.34,0.39,5.95,661
datased:monophonic:000661,S-0070,DataSED - DataSED - Dataset for Sound Event Detection of environmental noise/SED_wav/S-0070.wav,monophonic,Birds,birds,50.31,68.48,0.4,0.54,18.17,662
datased:monophonic:000662,S-0070,DataSED - DataSED - Dataset for Sound Event Detection of environmental noise/SED_wav/S-0070.wav,monophonic,Voices,voices,68.86,72.07,0.55,0.57,3.21,663
datased:monophonic:000663,S-0070,DataSED - DataSED - Dataset for Sound Event Detection of environmental noise/SED_wav/S-0070.wav,monophonic,Birds,birds,72.68,88.78,0.58,0.7,16.1,664
datased:monophonic:000664,S-0070,DataSED - DataSED - Dataset for Sound Event Detection of environmental noise/SED_wav/S-0070.wav,monophonic,Crows seagulls and magpies,crows_seagulls_magpies,89.32,91.38,0.71,0.72,2.06,665
datased:monophonic:000665,S-0070,DataSED - DataSED - Dataset for Sound Event Detection of environmental noise/SED_wav/S-0070.wav,monophonic,Birds,birds,91.53,100.99,0.73,0.8,9.46,666
datased:monophonic:000666,S-0070,DataSED - DataSED - Dataset for Sound Event Detection of environmental noise/SED_wav/S-0070.wav,monophonic,Dog barkings and howlings,dog_barkings_and_howlings,101.53,103.82,0.81,0.82,2.29,667
datased:monophonic:000667,S-0070,DataSED - DataSED - Dataset for Sound Event Detection of environmental noise/SED_wav/S-0070.wav,monophonic,Birds,birds,104.28,126.1,0.83,1.0,21.83,668
datased:monophonic:000668,S-0071,DataSED - DataSED - Dataset for Sound Event Detection of environmental noise/SED_wav/S-0071.wav,monophonic,Lawn mower brush cutter and olive shaker,lawn_mower_brush_cutter_olive_shaker,10.05,148.73,0.06,0.83,138.69,669
datased:monophonic:000669,S-0071,DataSED - DataSED - Dataset for Sound Event Detection of environmental noise/SED_wav/S-0071.wav,monophonic,Voices,voices,149.28,176.62,0.83,0.98,27.35,670
datased:monophonic:000670,S-0071,DataSED - DataSED - Dataset for Sound Event Detection of environmental noise/SED_wav/S-0071.wav,monophonic,Birds,birds,176.73,180.0,0.98,1.0,3.27,671
datased:monophonic:000671,S-0072,DataSED - DataSED - Dataset for Sound Event Detection of environmental noise/SED_wav/S-0072.wav,monophonic,Birds,birds,0.0,10.44,0.0,0.07,10.44,672
datased:monophonic:000672,S-0072,DataSED - DataSED - Dataset for Sound Event Detection of environmental noise/SED_wav/S-0072.wav,monophonic,Lawn mower brush cutter and olive shaker,lawn_mower_brush_cutter_olive_shaker,10.44,48.8,0.07,0.33,38.36,673
datased:monophonic:000673,S-0072,DataSED - DataSED - Dataset for Sound Event Detection of environmental noise/SED_wav/S-0072.wav,monophonic,Birds,birds,49.34,146.37,0.33,0.99,97.03,674
datased:monophonic:000674,S-0073,DataSED - DataSED - Dataset for Sound Event Detection of environmental noise/SED_wav/S-0073.wav,monophonic,Birds,birds,0.0,13.32,0.0,0.08,13.32,675
datased:monophonic:000675,S-0073,DataSED - DataSED - Dataset for Sound Event Detection of environmental noise/SED_wav/S-0073.wav,monophonic,Voices,voices,16.36,21.34,0.1,0.13,4.97,676
datased:monophonic:000676,S-0073,DataSED - DataSED - Dataset for Sound Event Detection of environmental noise/SED_wav/S-0073.wav,monophonic,Lawn mower brush cutter and olive shaker,lawn_mower_brush_cutter_olive_shaker,21.83,54.63,0.13,0.33,32.8,677
datased:monophonic:000677,S-0073,DataSED - DataSED - Dataset for Sound Event Detection of environmental noise/SED_wav/S-0073.wav,monophonic,Lawn mower brush cutter and olive shaker,lawn_mower_brush_cutter_olive_shaker,57.37,70.46,0.34,0.42,13.09,678
datased:monophonic:000678,S-0073,DataSED - DataSED - Dataset for Sound Event Detection of environmental noise/SED_wav/S-0073.wav,monophonic,Dog barkings and howlings,dog_barkings_and_howlings,141.82,157.45,0.85,0.94,15.63,679
datased:monophonic:000679,S-0073,DataSED - DataSED - Dataset for Sound Event Detection of environmental noise/SED_wav/S-0073.wav,monophonic,Lawn mower brush cutter and olive shaker,lawn_mower_brush_cutter_olive_shaker,164.25,167.7,0.98,1.0,3.45,680
datased:monophonic:000680,S-0074,DataSED - DataSED - Dataset for Sound Event Detection of environmental noise/SED_wav/S-0074.wav,monophonic,Lawn mower brush cutter and olive shaker,lawn_mower_brush_cutter_olive_shaker,0.0,4.9,0.0,0.03,4.9,681
datased:monophonic:000681,S-0074,DataSED - DataSED - Dataset for Sound Event Detection of environmental noise/SED_wav/S-0074.wav,monophonic,Voices,voices,5.08,25.38,0.03,0.17,20.3,682
datased:monophonic:000682,S-0074,DataSED - DataSED - Dataset for Sound Event Detection of environmental noise/SED_wav/S-0074.wav,monophonic,Dog barkings and howlings,dog_barkings_and_howlings,26.32,27.37,0.18,0.18,1.06,683
datased:monophonic:000683,S-0074,DataSED - DataSED - Dataset for Sound Event Detection of environmental noise/SED_wav/S-0074.wav,monophonic,Voices,voices,27.48,29.86,0.18,0.2,2.39,684
datased:monophonic:000684,S-0074,DataSED - DataSED - Dataset for Sound Event Detection of environmental noise/SED_wav/S-0074.wav,monophonic,Music,music,31.11,33.73,0.21,0.23,2.62,685
datased:monophonic:000685,S-0074,DataSED - DataSED - Dataset for Sound Event Detection of environmental noise/SED_wav/S-0074.wav,monophonic,Voices,voices,34.34,37.33,0.23,0.25,2.99,686
datased:monophonic:000686,S-0074,DataSED - DataSED - Dataset for Sound Event Detection of environmental noise/SED_wav/S-0074.wav,monophonic,Music,music,37.61,39.33,0.25,0.26,1.72,687
datased:monophonic:000687,S-0074,DataSED - DataSED - Dataset for Sound Event Detection of environmental noise/SED_wav/S-0074.wav,monophonic,Voices,voices,40.31,107.5,0.27,0.72,67.19,688
datased:monophonic:000688,S-0074,DataSED - DataSED - Dataset for Sound Event Detection of environmental noise/SED_wav/S-0074.wav,monophonic,Dog barkings and howlings,dog_barkings_and_howlings,107.56,109.01,0.72,0.73,1.45,689
datased:monophonic:000689,S-0074,DataSED - DataSED - Dataset for Sound Event Detection of environmental noise/SED_wav/S-0074.wav,monophonic,Bells,bells,111.81,116.14,0.75,0.78,4.34,690
datased:monophonic:000690,S-0074,DataSED - DataSED - Dataset for Sound Event Detection of environmental noise/SED_wav/S-0074.wav,monophonic,Voices,voices,116.46,149.31,0.78,1.0,32.85,691
datased:monophonic:000691,S-0075,DataSED - DataSED - Dataset for Sound Event Detection of environmental noise/SED_wav/S-0075.wav,monophonic,Voices,voices,27.4,29.43,0.18,0.19,2.03,692
datased:monophonic:000692,S-0075,DataSED - DataSED - Dataset for Sound Event Detection of environmental noise/SED_wav/S-0075.wav,monophonic,Voices,voices,36.09,45.23,0.24,0.3,9.14,693
datased:monophonic:000693,S-0075,DataSED - DataSED - Dataset for Sound Event Detection of environmental noise/SED_wav/S-0075.wav,monophonic,Horn,horn,45.8,46.36,0.3,0.3,0.55,694
datased:monophonic:000694,S-0075,DataSED - DataSED - Dataset for Sound Event Detection of environmental noise/SED_wav/S-0075.wav,monophonic,Voices,voices,46.61,52.65,0.31,0.34,6.04,695
datased:monophonic:000695,S-0075,DataSED - DataSED - Dataset for Sound Event Detection of environmental noise/SED_wav/S-0075.wav,monophonic,Lawn mower brush cutter and olive shaker,lawn_mower_brush_cutter_olive_shaker,52.72,137.37,0.35,0.9,84.65,696
datased:monophonic:000696,S-0075,DataSED - DataSED - Dataset for Sound Event Detection of environmental noise/SED_wav/S-0075.wav,monophonic,Voices,voices,139.68,142.27,0.91,0.93,2.59,697
datased:monophonic:000697,S-0075,DataSED - DataSED - Dataset for Sound Event Detection of environmental noise/SED_wav/S-0075.wav,monophonic,Birds,birds,142.74,152.81,0.93,1.0,10.08,698
datased:monophonic:000698,S-0076,DataSED - DataSED - Dataset for Sound Event Detection of environmental noise/SED_wav/S-0076.wav,monophonic,Lawn mower brush cutter and olive shaker,lawn_mower_brush_cutter_olive_shaker,4.94,43.27,0.05,0.47,38.33,699
datased:monophonic:000699,S-0076,DataSED - DataSED - Dataset for Sound Event Detection of environmental noise/SED_wav/S-0076.wav,monophonic,Birds,birds,45.15,91.4,0.49,1.0,46.25,700
datased:monophonic:000700,S-0077,DataSED - DataSED - Dataset for Sound Event Detection of environmental noise/SED_wav/S-0077.wav,monophonic,Dog barkings and howlings,dog_barkings_and_howlings,18.42,20.76,0.23,0.26,2.34,701
datased:monophonic:000701,S-0077,DataSED - DataSED - Dataset for Sound Event Detection of environmental noise/SED_wav/S-0077.wav,monophonic,Dog barkings and howlings,dog_barkings_and_howlings,26.39,29.01,0.33,0.37,2.62,702
datased:monophonic:000702,S-0077,DataSED - DataSED - Dataset for Sound Event Detection of environmental noise/SED_wav/S-0077.wav,monophonic,Dog barkings and howlings,dog_barkings_and_howlings,30.16,35.17,0.38,0.45,5.01,703
datased:monophonic:000703,S-0078,DataSED - DataSED - Dataset for Sound Event Detection of environmental noise/SED_wav/S-0078.wav,monophonic,Sirens and alarms,sirens_and_alarms,10.06,11.72,0.13,0.15,1.66,704
datased:monophonic:000704,S-0078,DataSED - DataSED - Dataset for Sound Event Detection of environmental noise/SED_wav/S-0078.wav,monophonic,Bells,bells,34.73,55.9,0.46,0.73,21.17,705
datased:monophonic:000705,S-0078,DataSED - DataSED - Dataset for Sound Event Detection of environmental noise/SED_wav/S-0078.wav,monophonic,Vehicle idling,vehicle_idling,55.92,63.46,0.73,0.83,7.54,706
datased:monophonic:000706,S-0078,DataSED - DataSED - Dataset for Sound Event Detection of environmental noise/SED_wav/S-0078.wav,monophonic,Vehicle pass-by,vehicle_pass_by,63.78,74.71,0.84,0.98,10.93,707
datased:monophonic:000707,S-0079,DataSED - DataSED - Dataset for Sound Event Detection of environmental noise/SED_wav/S-0079.wav,monophonic,Bells,bells,4.44,9.87,0.03,0.06,5.43,708
datased:monophonic:000708,S-0079,DataSED - DataSED - Dataset for Sound Event Detection of environmental noise/SED_wav/S-0079.wav,monophonic,Dog barkings and howlings,dog_barkings_and_howlings,9.89,11.74,0.06,0.07,1.85,709
datased:monophonic:000709,S-0079,DataSED - DataSED - Dataset for Sound Event Detection of environmental noise/SED_wav/S-0079.wav,monophonic,Bells,bells,11.89,16.99,0.07,0.1,5.1,710
datased:monophonic:000710,S-0079,DataSED - DataSED - Dataset for Sound Event Detection of environmental noise/SED_wav/S-0079.wav,monophonic,Dog barkings and howlings,dog_barkings_and_howlings,17.71,19.97,0.1,0.12,2.26,711
datased:monophonic:000711,S-0079,DataSED - DataSED - Dataset for Sound Event Detection of environmental noise/SED_wav/S-0079.wav,monophonic,Dog barkings and howlings,dog_barkings_and_howlings,20.28,21.92,0.12,0.13,1.65,712
datased:monophonic:000712,S-0079,DataSED - DataSED - Dataset for Sound Event Detection of environmental noise/SED_wav/S-0079.wav,monophonic,Dog barkings and howlings,dog_barkings_and_howlings,23.05,24.49,0.14,0.14,1.44,713
datased:monophonic:000713,S-0079,DataSED - DataSED - Dataset for Sound Event Detection of environmental noise/SED_wav/S-0079.wav,monophonic,Bells,bells,24.63,31.77,0.15,0.19,7.14,714
datased:monophonic:000714,S-0079,DataSED - DataSED - Dataset for Sound Event Detection of environmental noise/SED_wav/S-0079.wav,monophonic,Dog barkings and howlings,dog_barkings_and_howlings,31.9,33.03,0.19,0.19,1.13,715
datased:monophonic:000715,S-0079,DataSED - DataSED - Dataset for Sound Event Detection of environmental noise/SED_wav/S-0079.wav,monophonic,Dog barkings and howlings,dog_barkings_and_howlings,33.85,35.19,0.2,0.21,1.34,716
datased:monophonic:000716,S-0079,DataSED - DataSED - Dataset for Sound Event Detection of environmental noise/SED_wav/S-0079.wav,monophonic,Dog barkings and howlings,dog_barkings_and_howlings,36.01,38.27,0.21,0.23,2.26,717
datased:monophonic:000717,S-0079,DataSED - DataSED - Dataset for Sound Event Detection of environmental noise/SED_wav/S-0079.wav,monophonic,Dog barkings and howlings,dog_barkings_and_howlings,39.81,41.15,0.23,0.24,1.34,718
datased:monophonic:000718,S-0079,DataSED - DataSED - Dataset for Sound Event Detection of environmental noise/SED_wav/S-0079.wav,monophonic,Dog barkings and howlings,dog_barkings_and_howlings,42.69,44.24,0.25,0.26,1.54,719
datased:monophonic:000719,S-0079,DataSED - DataSED - Dataset for Sound Event Detection of environmental noise/SED_wav/S-0079.wav,monophonic,Dog barkings and howlings,dog_barkings_and_howlings,45.98,47.42,0.27,0.28,1.44,720
datased:monophonic:000720,S-0079,DataSED - DataSED - Dataset for Sound Event Detection of environmental noise/SED_wav/S-0079.wav,monophonic,Dog barkings and howlings,dog_barkings_and_howlings,49.48,50.71,0.29,0.3,1.23,721
datased:monophonic:000721,S-0079,DataSED - DataSED - Dataset for Sound Event Detection of environmental noise/SED_wav/S-0079.wav,monophonic,Bells,bells,50.97,131.12,0.3,0.77,80.16,722
datased:monophonic:000722,S-0079,DataSED - DataSED - Dataset for Sound Event Detection of environmental noise/SED_wav/S-0079.wav,monophonic,Horn,horn,151.79,153.13,0.89,0.9,1.34,723
datased:monophonic:000723,S-0079,DataSED - DataSED - Dataset for Sound Event Detection of environmental noise/SED_wav/S-0079.wav,monophonic,Vehicle pass-by,vehicle_pass_by,153.34,169.17,0.9,1.0,15.84,724
datased:monophonic:000724,S-0080,DataSED - DataSED - Dataset for Sound Event Detection of environmental noise/SED_wav/S-0080.wav,monophonic,Jet aircrafts,jet_aircrafts,13.34,35.88,0.09,0.24,22.54,725
datased:monophonic:000725,S-0080,DataSED - DataSED - Dataset for Sound Event Detection of environmental noise/SED_wav/S-0080.wav,monophonic,Voices,voices,69.38,73.01,0.46,0.49,3.63,726
datased:monophonic:000726,S-0080,DataSED - DataSED - Dataset for Sound Event Detection of environmental noise/SED_wav/S-0080.wav,monophonic,Dog barkings and howlings,dog_barkings_and_howlings,83.09,95.8,0.55,0.64,12.71,727
datased:monophonic:000727,S-0080,DataSED - DataSED - Dataset for Sound Event Detection of environmental noise/SED_wav/S-0080.wav,monophonic,Vehicle pass-by,vehicle_pass_by,98.61,106.06,0.66,0.71,7.44,728
datased:monophonic:000728,S-0080,DataSED - DataSED - Dataset for Sound Event Detection of environmental noise/SED_wav/S-0080.wav,monophonic,Jet aircrafts,jet_aircrafts,108.6,140.19,0.72,0.93,31.59,729
datased:monophonic:000729,S-0081,DataSED - DataSED - Dataset for Sound Event Detection of environmental noise/SED_wav/S-0081.wav,monophonic,Dog barkings and howlings,dog_barkings_and_howlings,10.02,33.59,0.06,0.21,23.57,730
datased:monophonic:000730,S-0081,DataSED - DataSED - Dataset for Sound Event Detection of environmental noise/SED_wav/S-0081.wav,monophonic,Dog barkings and howlings,dog_barkings_and_howlings,35.04,44.37,0.22,0.28,9.33,731
datased:monophonic:000731,S-0081,DataSED - DataSED - Dataset for Sound Event Detection of environmental noise/SED_wav/S-0081.wav,monophonic,Dog barkings and howlings,dog_barkings_and_howlings,46.87,54.08,0.29,0.34,7.22,732
datased:monophonic:000732,S-0081,DataSED - DataSED - Dataset for Sound Event Detection of environmental noise/SED_wav/S-0081.wav,monophonic,Dog barkings and howlings,dog_barkings_and_howlings,54.95,57.36,0.35,0.36,2.41,733
datased:monophonic:000733,S-0081,DataSED - DataSED - Dataset for Sound Event Detection of environmental noise/SED_wav/S-0081.wav,monophonic,Dog barkings and howlings,dog_barkings_and_howlings,61.49,63.7,0.39,0.4,2.21,734
datased:monophonic:000734,S-0081,DataSED - DataSED - Dataset for Sound Event Detection of environmental noise/SED_wav/S-0081.wav,monophonic,Jet aircrafts,jet_aircrafts,106.32,136.69,0.67,0.86,30.37,735
datased:monophonic:000735,S-0081,DataSED - DataSED - Dataset for Sound Event Detection of environmental noise/SED_wav/S-0081.wav,monophonic,Sirens and alarms,sirens_and_alarms,136.82,138.65,0.86,0.87,1.83,736
datased:monophonic:000736,S-0081,DataSED - DataSED - Dataset for Sound Event Detection of environmental noise/SED_wav/S-0081.wav,monophonic,Sirens and alarms,sirens_and_alarms,139.7,142.11,0.88,0.89,2.41,737
datased:monophonic:000737,S-0081,DataSED - DataSED - Dataset for Sound Event Detection of environmental noise/SED_wav/S-0081.wav,monophonic,Jet aircrafts,jet_aircrafts,142.25,157.02,0.9,0.99,14.77,738
datased:monophonic:000738,S-0082,DataSED - DataSED - Dataset for Sound Event Detection of environmental noise/SED_wav/S-0082.wav,monophonic,Dog barkings and howlings,dog_barkings_and_howlings,6.19,8.37,0.05,0.07,2.18,739
datased:monophonic:000739,S-0082,DataSED - DataSED - Dataset for Sound Event Detection of environmental noise/SED_wav/S-0082.wav,monophonic,Jet aircrafts,jet_aircrafts,8.8,26.16,0.07,0.22,17.35,740
datased:monophonic:000740,S-0082,DataSED - DataSED - Dataset for Sound Event Detection of environmental noise/SED_wav/S-0082.wav,monophonic,Dog barkings and howlings,dog_barkings_and_howlings,28.12,31.89,0.23,0.27,3.78,741
datased:monophonic:000741,S-0082,DataSED - DataSED - Dataset for Sound Event Detection of environmental noise/SED_wav/S-0082.wav,monophonic,Vehicle pass-by,vehicle_pass_by,43.8,89.11,0.37,0.74,45.31,742
datased:monophonic:000742,S-0082,DataSED - DataSED - Dataset for Sound Event Detection of environmental noise/SED_wav/S-0082.wav,monophonic,Jet aircrafts,jet_aircrafts,94.78,119.32,0.79,0.99,24.54,743
datased:monophonic:000743,S-0083,DataSED - DataSED - Dataset for Sound Event Detection of environmental noise/SED_wav/S-0083.wav,monophonic,Dog barkings and howlings,dog_barkings_and_howlings,1.33,3.65,0.04,0.12,2.32,744
datased:monophonic:000744,S-0083,DataSED - DataSED - Dataset for Sound Event Detection of environmental noise/SED_wav/S-0083.wav,monophonic,Dog barkings and howlings,dog_barkings_and_howlings,4.98,14.58,0.17,0.49,9.61,745
datased:monophonic:000745,S-0083,DataSED - DataSED - Dataset for Sound Event Detection of environmental noise/SED_wav/S-0083.wav,monophonic,Dog barkings and howlings,dog_barkings_and_howlings,17.04,19.81,0.57,0.66,2.78,746
datased:monophonic:000746,S-0083,DataSED - DataSED - Dataset for Sound Event Detection of environmental noise/SED_wav/S-0083.wav,monophonic,Dog barkings and howlings,dog_barkings_and_howlings,21.18,23.77,0.71,0.79,2.6,747
datased:monophonic:000747,S-0083,DataSED - DataSED - Dataset for Sound Event Detection of environmental noise/SED_wav/S-0083.wav,monophonic,Dog barkings and howlings,dog_barkings_and_howlings,25.44,27.0,0.85,0.9,1.56,748
datased:monophonic:000748,S-0083,DataSED - DataSED - Dataset for Sound Event Detection of environmental noise/SED_wav/S-0083.wav,monophonic,Dog barkings and howlings,dog_barkings_and_howlings,28.57,30.0,0.95,1.0,1.43,749
datased:monophonic:000749,S-0084,DataSED - DataSED - Dataset for Sound Event Detection of environmental noise/SED_wav/S-0084.wav,monophonic,Dog barkings and howlings,dog_barkings_and_howlings,0.67,7.27,0.01,0.08,6.61,750
datased:monophonic:000750,S-0084,DataSED - DataSED - Dataset for Sound Event Detection of environmental noise/SED_wav/S-0084.wav,monophonic,Dog barkings and howlings,dog_barkings_and_howlings,9.02,12.51,0.1,0.14,3.49,751
datased:monophonic:000751,S-0084,DataSED - DataSED - Dataset for Sound Event Detection of environmental noise/SED_wav/S-0084.wav,monophonic,Dog barkings and howlings,dog_barkings_and_howlings,13.44,21.47,0.15,0.24,8.03,752
datased:monophonic:000752,S-0084,DataSED - DataSED - Dataset for Sound Event Detection of environmental noise/SED_wav/S-0084.wav,monophonic,Propeller aircrafts,propeller_aircrafts,21.65,47.81,0.24,0.53,26.16,753
datased:monophonic:000753,S-0084,DataSED - DataSED - Dataset for Sound Event Detection of environmental noise/SED_wav/S-0084.wav,monophonic,Dog barkings and howlings,dog_barkings_and_howlings,52.48,54.0,0.58,0.6,1.53,754
datased:monophonic:000754,S-0084,DataSED - DataSED - Dataset for Sound Event Detection of environmental noise/SED_wav/S-0084.wav,monophonic,Dog barkings and howlings,dog_barkings_and_howlings,58.04,60.66,0.64,0.67,2.62,755
datased:monophonic:000755,S-0084,DataSED - DataSED - Dataset for Sound Event Detection of environmental noise/SED_wav/S-0084.wav,monophonic,Dog barkings and howlings,dog_barkings_and_howlings,65.74,89.22,0.73,0.99,23.48,756
datased:monophonic:000756,S-0085,DataSED - DataSED - Dataset for Sound Event Detection of environmental noise/SED_wav/S-0085.wav,monophonic,Dog barkings and howlings,dog_barkings_and_howlings,7.2,33.94,0.05,0.26,26.74,757
datased:monophonic:000757,S-0085,DataSED - DataSED - Dataset for Sound Event Detection of environmental noise/SED_wav/S-0085.wav,monophonic,Dog barkings and howlings,dog_barkings_and_howlings,51.74,53.02,0.39,0.4,1.28,758
datased:monophonic:000758,S-0085,DataSED - DataSED - Dataset for Sound Event Detection of environmental noise/SED_wav/S-0085.wav,monophonic,Dog barkings and howlings,dog_barkings_and_howlings,64.11,95.0,0.49,0.72,30.89,759
datased:monophonic:000759,S-0085,DataSED - DataSED - Dataset for Sound Event Detection of environmental noise/SED_wav/S-0085.wav,monophonic,Dog barkings and howlings,dog_barkings_and_howlings,96.92,107.21,0.73,0.81,10.3,760
datased:monophonic:000760,S-0085,DataSED - DataSED - Dataset for Sound Event Detection of environmental noise/SED_wav/S-0085.wav,monophonic,Dog barkings and howlings,dog_barkings_and_howlings,111.36,126.53,0.84,0.96,15.17,761
datased:monophonic:000761,S-0086,DataSED - DataSED - Dataset for Sound Event Detection of environmental noise/SED_wav/S-0086.wav,monophonic,Glass breaking,glass_breaking,9.38,18.64,0.11,0.23,9.27,762
datased:monophonic:000762,S-0086,DataSED - DataSED - Dataset for Sound Event Detection of environmental noise/SED_wav/S-0086.wav,monophonic,Glass breaking,glass_breaking,24.72,36.28,0.3,0.44,11.56,763
datased:monophonic:000763,S-0086,DataSED - DataSED - Dataset for Sound Event Detection of environmental noise/SED_wav/S-0086.wav,monophonic,Glass breaking,glass_breaking,42.61,54.52,0.52,0.66,11.91,764
datased:monophonic:000764,S-0086,DataSED - DataSED - Dataset for Sound Event Detection of environmental noise/SED_wav/S-0086.wav,monophonic,Glass breaking,glass_breaking,61.09,73.0,0.74,0.89,11.91,765
datased:monophonic:000765,S-0087,DataSED - DataSED - Dataset for Sound Event Detection of environmental noise/SED_wav/S-0087.wav,monophonic,Glass breaking,glass_breaking,0.0,7.51,0.0,0.11,7.51,766
datased:monophonic:000766,S-0087,DataSED - DataSED - Dataset for Sound Event Detection of environmental noise/SED_wav/S-0087.wav,monophonic,Glass breaking,glass_breaking,9.02,14.35,0.13,0.21,5.34,767
datased:monophonic:000767,S-0087,DataSED - DataSED - Dataset for Sound Event Detection of environmental noise/SED_wav/S-0087.wav,monophonic,Glass breaking,glass_breaking,14.48,21.28,0.21,0.31,6.8,768
datased:monophonic:000768,S-0087,DataSED - DataSED - Dataset for Sound Event Detection of environmental noise/SED_wav/S-0087.wav,monophonic,Glass breaking,glass_breaking,31.12,32.91,0.45,0.48,1.79,769
datased:monophonic:000769,S-0087,DataSED - DataSED - Dataset for Sound Event Detection of environmental noise/SED_wav/S-0087.wav,monophonic,Music,music,35.75,37.76,0.52,0.55,2.01,770
datased:monophonic:000770,S-0087,DataSED - DataSED - Dataset for Sound Event Detection of environmental noise/SED_wav/S-0087.wav,monophonic,Glass breaking,glass_breaking,37.9,42.51,0.55,0.62,4.62,771
datased:monophonic:000771,S-0087,DataSED - DataSED - Dataset for Sound Event Detection of environmental noise/SED_wav/S-0087.wav,monophonic,Music,music,42.64,47.84,0.62,0.69,5.2,772
datased:monophonic:000772,S-0087,DataSED - DataSED - Dataset for Sound Event Detection of environmental noise/SED_wav/S-0087.wav,monophonic,Glass breaking,glass_breaking,48.67,52.18,0.71,0.76,3.5,773
datased:monophonic:000773,S-0087,DataSED - DataSED - Dataset for Sound Event Detection of environmental noise/SED_wav/S-0087.wav,monophonic,Workshop,workshop,52.23,55.51,0.76,0.81,3.28,774
datased:monophonic:000774,S-0087,DataSED - DataSED - Dataset for Sound Event Detection of environmental noise/SED_wav/S-0087.wav,monophonic,Voices,voices,56.31,63.73,0.82,0.93,7.43,775
datased:monophonic:000775,S-0087,DataSED - DataSED - Dataset for Sound Event Detection of environmental noise/SED_wav/S-0087.wav,monophonic,Bells,bells,63.83,64.23,0.93,0.93,0.4,776
datased:monophonic:000776,S-0087,DataSED - DataSED - Dataset for Sound Event Detection of environmental noise/SED_wav/S-0087.wav,monophonic,Voices,voices,64.28,68.9,0.93,1.0,4.62,777
datased:monophonic:000777,S-0088,DataSED - DataSED - Dataset for Sound Event Detection of environmental noise/SED_wav/S-0088.wav,monophonic,Glass breaking,glass_breaking,6.09,17.55,0.1,0.29,11.47,778
datased:monophonic:000778,S-0088,DataSED - DataSED - Dataset for Sound Event Detection of environmental noise/SED_wav/S-0088.wav,monophonic,Glass breaking,glass_breaking,22.65,32.95,0.38,0.55,10.3,779
datased:monophonic:000779,S-0088,DataSED - DataSED - Dataset for Sound Event Detection of environmental noise/SED_wav/S-0088.wav,monophonic,Glass breaking,glass_breaking,41.0,50.57,0.68,0.84,9.57,780
datased:monophonic:000780,S-0088,DataSED - DataSED - Dataset for Sound Event Detection of environmental noise/SED_wav/S-0088.wav,monophonic,Glass breaking,glass_breaking,54.5,59.78,0.91,0.99,5.28,781
datased:monophonic:000781,S-0089,DataSED - DataSED - Dataset for Sound Event Detection of environmental noise/SED_wav/S-0089.wav,monophonic,Voices,voices,0.0,5.57,0.0,0.14,5.57,782
datased:monophonic:000782,S-0089,DataSED - DataSED - Dataset for Sound Event Detection of environmental noise/SED_wav/S-0089.wav,monophonic,Vacuum cleaner fan and hairdryer,vacuum_cleaner_fan_hairdryer,5.68,17.76,0.15,0.46,12.08,783
datased:monophonic:000783,S-0089,DataSED - DataSED - Dataset for Sound Event Detection of environmental noise/SED_wav/S-0089.wav,monophonic,Voices,voices,17.82,38.63,0.46,0.99,20.81,784
datased:monophonic:000784,S-0090,DataSED - DataSED - Dataset for Sound Event Detection of environmental noise/SED_wav/S-0090.wav,monophonic,Glass breaking,glass_breaking,0.0,1.66,0.0,0.02,1.66,785
datased:monophonic:000785,S-0090,DataSED - DataSED - Dataset for Sound Event Detection of environmental noise/SED_wav/S-0090.wav,monophonic,Glass breaking,glass_breaking,2.23,3.44,0.03,0.05,1.22,786
datased:monophonic:000786,S-0090,DataSED - DataSED - Dataset for Sound Event Detection of environmental noise/SED_wav/S-0090.wav,monophonic,Glass breaking,glass_breaking,4.31,6.01,0.06,0.08,1.7,787
datased:monophonic:000787,S-0090,DataSED - DataSED - Dataset for Sound Event Detection of environmental noise/SED_wav/S-0090.wav,monophonic,Glass breaking,glass_breaking,7.1,9.53,0.1,0.13,2.44,788
datased:monophonic:000788,S-0090,DataSED - DataSED - Dataset for Sound Event Detection of environmental noise/SED_wav/S-0090.wav,monophonic,Glass breaking,glass_breaking,10.01,12.01,0.14,0.17,2.0,789
datased:monophonic:000789,S-0090,DataSED - DataSED - Dataset for Sound Event Detection of environmental noise/SED_wav/S-0090.wav,monophonic,Glass breaking,glass_breaking,13.45,15.1,0.19,0.21,1.65,790
datased:monophonic:000790,S-0090,DataSED - DataSED - Dataset for Sound Event Detection of environmental noise/SED_wav/S-0090.wav,monophonic,Glass breaking,glass_breaking,15.53,17.23,0.22,0.24,1.7,791
datased:monophonic:000791,S-0090,DataSED - DataSED - Dataset for Sound Event Detection of environmental noise/SED_wav/S-0090.wav,monophonic,Glass breaking,glass_breaking,18.71,20.1,0.26,0.28,1.39,792
datased:monophonic:000792,S-0090,DataSED - DataSED - Dataset for Sound Event Detection of environmental noise/SED_wav/S-0090.wav,monophonic,Glass breaking,glass_breaking,20.49,22.01,0.29,0.31,1.52,793
datased:monophonic:000793,S-0090,DataSED - DataSED - Dataset for Sound Event Detection of environmental noise/SED_wav/S-0090.wav,monophonic,Glass breaking,glass_breaking,22.84,24.84,0.32,0.35,2.0,794
datased:monophonic:000794,S-0090,DataSED - DataSED - Dataset for Sound Event Detection of environmental noise/SED_wav/S-0090.wav,monophonic,Glass breaking,glass_breaking,25.27,27.1,0.35,0.38,1.83,795
datased:monophonic:000795,S-0090,DataSED - DataSED - Dataset for Sound Event Detection of environmental noise/SED_wav/S-0090.wav,monophonic,Glass breaking,glass_breaking,27.88,29.27,0.39,0.41,1.39,796
datased:monophonic:000796,S-0090,DataSED - DataSED - Dataset for Sound Event Detection of environmental noise/SED_wav/S-0090.wav,monophonic,Glass breaking,glass_breaking,30.23,32.19,0.42,0.45,1.96,797
datased:monophonic:000797,S-0090,DataSED - DataSED - Dataset for Sound Event Detection of environmental noise/SED_wav/S-0090.wav,monophonic,Glass breaking,glass_breaking,32.79,34.14,0.46,0.48,1.35,798
datased:monophonic:000798,S-0090,DataSED - DataSED - Dataset for Sound Event Detection of environmental noise/SED_wav/S-0090.wav,monophonic,Glass breaking,glass_breaking,35.1,36.71,0.49,0.51,1.61,799
datased:monophonic:000799,S-0090,DataSED - DataSED - Dataset for Sound Event Detection of environmental noise/SED_wav/S-0090.wav,monophonic,Glass breaking,glass_breaking,37.97,39.75,0.53,0.55,1.78,800
datased:monophonic:000800,S-0090,DataSED - DataSED - Dataset for Sound Event Detection of environmental noise/SED_wav/S-0090.wav,monophonic,Glass breaking,glass_breaking,40.53,42.27,0.56,0.59,1.74,801
datased:monophonic:000801,S-0090,DataSED - DataSED - Dataset for Sound Event Detection of environmental noise/SED_wav/S-0090.wav,monophonic,Glass breaking,glass_breaking,43.71,45.88,0.61,0.64,2.17,802
datased:monophonic:000802,S-0090,DataSED - DataSED - Dataset for Sound Event Detection of environmental noise/SED_wav/S-0090.wav,monophonic,Glass breaking,glass_breaking,46.1,48.01,0.64,0.67,1.91,803
datased:monophonic:000803,S-0090,DataSED - DataSED - Dataset for Sound Event Detection of environmental noise/SED_wav/S-0090.wav,monophonic,Glass breaking,glass_breaking,48.71,50.62,0.68,0.7,1.91,804
datased:monophonic:000804,S-0090,DataSED - DataSED - Dataset for Sound Event Detection of environmental noise/SED_wav/S-0090.wav,monophonic,Glass breaking,glass_breaking,51.67,53.67,0.72,0.75,2.0,805
datased:monophonic:000805,S-0090,DataSED - DataSED - Dataset for Sound Event Detection of environmental noise/SED_wav/S-0090.wav,monophonic,Glass breaking,glass_breaking,55.32,56.97,0.77,0.79,1.65,806
datased:monophonic:000806,S-0090,DataSED - DataSED - Dataset for Sound Event Detection of environmental noise/SED_wav/S-0090.wav,monophonic,Glass breaking,glass_breaking,57.54,59.54,0.8,0.83,2.0,807
datased:monophonic:000807,S-0090,DataSED - DataSED - Dataset for Sound Event Detection of environmental noise/SED_wav/S-0090.wav,monophonic,Glass breaking,glass_breaking,60.19,62.41,0.84,0.87,2.22,808
datased:monophonic:000808,S-0090,DataSED - DataSED - Dataset for Sound Event Detection of environmental noise/SED_wav/S-0090.wav,monophonic,Glass breaking,glass_breaking,62.8,64.8,0.87,0.9,2.0,809
datased:monophonic:000809,S-0090,DataSED - DataSED - Dataset for Sound Event Detection of environmental noise/SED_wav/S-0090.wav,monophonic,Glass breaking,glass_breaking,65.28,67.36,0.91,0.94,2.09,810
datased:monophonic:000810,S-0090,DataSED - DataSED - Dataset for Sound Event Detection of environmental noise/SED_wav/S-0090.wav,monophonic,Glass breaking,glass_breaking,69.49,71.63,0.97,1.0,2.13,811
datased:monophonic:000811,S-0091,DataSED - DataSED - Dataset for Sound Event Detection of environmental noise/SED_wav/S-0091.wav,monophonic,Vehicle pass-by,vehicle_pass_by,0.95,13.72,0.0,0.06,12.77,812
datased:monophonic:000812,S-0091,DataSED - DataSED - Dataset for Sound Event Detection of environmental noise/SED_wav/S-0091.wav,monophonic,Propeller aircrafts,propeller_aircrafts,16.75,197.43,0.08,0.91,180.68,813
datased:monophonic:000813,S-0091,DataSED - DataSED - Dataset for Sound Event Detection of environmental noise/SED_wav/S-0091.wav,monophonic,Voices,voices,197.51,215.03,0.91,0.99,17.52,814
datased:monophonic:000814,S-0092,DataSED - DataSED - Dataset for Sound Event Detection of environmental noise/SED_wav/S-0092.wav,monophonic,Propeller aircrafts,propeller_aircrafts,0.38,30.2,0.01,0.98,29.82,815
datased:monophonic:000815,S-0093,DataSED - DataSED - Dataset for Sound Event Detection of environmental noise/SED_wav/S-0093.wav,monophonic,Propeller aircrafts,propeller_aircrafts,2.2,34.27,0.02,0.28,32.07,816
datased:monophonic:000816,S-0093,DataSED - DataSED - Dataset for Sound Event Detection of environmental noise/SED_wav/S-0093.wav,monophonic,Propeller aircrafts,propeller_aircrafts,44.76,111.82,0.37,0.93,67.05,817
datased:monophonic:000817,S-0094,DataSED - DataSED - Dataset for Sound Event Detection of environmental noise/SED_wav/S-0094.wav,monophonic,Propeller aircrafts,propeller_aircrafts,0.0,40.85,0.0,0.23,40.85,818
datased:monophonic:000818,S-0094,DataSED - DataSED - Dataset for Sound Event Detection of environmental noise/SED_wav/S-0094.wav,monophonic,Propeller aircrafts,propeller_aircrafts,41.16,54.95,0.23,0.31,13.78,819
datased:monophonic:000819,S-0094,DataSED - DataSED - Dataset for Sound Event Detection of environmental noise/SED_wav/S-0094.wav,monophonic,Propeller aircrafts,propeller_aircrafts,56.86,98.32,0.32,0.56,41.46,820
datased:monophonic:000820,S-0094,DataSED - DataSED - Dataset for Sound Event Detection of environmental noise/SED_wav/S-0094.wav,monophonic,Jet aircrafts,jet_aircrafts,100.12,119.42,0.57,0.68,19.3,821
datased:monophonic:000821,S-0094,DataSED - DataSED - Dataset for Sound Event Detection of environmental noise/SED_wav/S-0094.wav,monophonic,Propeller aircrafts,propeller_aircrafts,121.33,158.28,0.69,0.9,36.96,822
datased:monophonic:000822,S-0094,DataSED - DataSED - Dataset for Sound Event Detection of environmental noise/SED_wav/S-0094.wav,monophonic,Birds,birds,166.71,175.19,0.95,1.0,8.48,823
datased:monophonic:000823,S-0095,DataSED - DataSED - Dataset for Sound Event Detection of environmental noise/SED_wav/S-0095.wav,monophonic,Propeller aircrafts,propeller_aircrafts,1.14,68.1,0.0,0.3,66.96,824
datased:monophonic:000824,S-0095,DataSED - DataSED - Dataset for Sound Event Detection of environmental noise/SED_wav/S-0095.wav,monophonic,Propeller aircrafts,propeller_aircrafts,69.22,105.86,0.3,0.46,36.64,825
datased:monophonic:000825,S-0095,DataSED - DataSED - Dataset for Sound Event Detection of environmental noise/SED_wav/S-0095.wav,monophonic,Propeller aircrafts,propeller_aircrafts,121.34,214.62,0.53,0.93,93.28,826
datased:monophonic:000826,S-0096,DataSED - DataSED - Dataset for Sound Event Detection of environmental noise/SED_wav/S-0096.wav,monophonic,Vehicle pass-by,vehicle_pass_by,0.92,13.25,0.01,0.09,12.33,827
datased:monophonic:000827,S-0096,DataSED - DataSED - Dataset for Sound Event Detection of environmental noise/SED_wav/S-0096.wav,monophonic,Vehicle pass-by,vehicle_pass_by,24.14,37.38,0.16,0.25,13.23,828
datased:monophonic:000828,S-0096,DataSED - DataSED - Dataset for Sound Event Detection of environmental noise/SED_wav/S-0096.wav,monophonic,Vehicle idling,vehicle_idling,37.83,46.56,0.25,0.31,8.73,829
datased:monophonic:000829,S-0096,DataSED - DataSED - Dataset for Sound Event Detection of environmental noise/SED_wav/S-0096.wav,monophonic,Vehicle pass-by,vehicle_pass_by,47.28,78.16,0.32,0.53,30.88,830
datased:monophonic:000830,S-0096,DataSED - DataSED - Dataset for Sound Event Detection of environmental noise/SED_wav/S-0096.wav,monophonic,Vehicle idling,vehicle_idling,78.34,93.64,0.53,0.63,15.3,831
datased:monophonic:000831,S-0096,DataSED - DataSED - Dataset for Sound Event Detection of environmental noise/SED_wav/S-0096.wav,monophonic,Vehicle pass-by,vehicle_pass_by,93.91,104.45,0.63,0.7,10.53,832
datased:monophonic:000832,S-0096,DataSED - DataSED - Dataset for Sound Event Detection of environmental noise/SED_wav/S-0096.wav,monophonic,Propeller aircrafts,propeller_aircrafts,105.8,130.82,0.71,0.88,25.03,833
datased:monophonic:000833,S-0096,DataSED - DataSED - Dataset for Sound Event Detection of environmental noise/SED_wav/S-0096.wav,monophonic,Vehicle pass-by,vehicle_pass_by,130.91,146.22,0.88,0.98,15.3,834
datased:monophonic:000834,S-0097,DataSED - DataSED - Dataset for Sound Event Detection of environmental noise/SED_wav/S-0097.wav,monophonic,Propeller aircrafts,propeller_aircrafts,0.0,136.27,0.0,0.52,136.27,835
datased:monophonic:000835,S-0097,DataSED - DataSED - Dataset for Sound Event Detection of environmental noise/SED_wav/S-0097.wav,monophonic,Thunder fireworks and gunshot,thunder_fireworks_gunshot,136.54,149.9,0.52,0.57,13.36,836
datased:monophonic:000836,S-0097,DataSED - DataSED - Dataset for Sound Event Detection of environmental noise/SED_wav/S-0097.wav,monophonic,Thunder fireworks and gunshot,thunder_fireworks_gunshot,157.05,160.07,0.6,0.61,3.02,837
datased:monophonic:000837,S-0097,DataSED - DataSED - Dataset for Sound Event Detection of environmental noise/SED_wav/S-0097.wav,monophonic,Thunder fireworks and gunshot,thunder_fireworks_gunshot,162.29,171.83,0.62,0.65,9.54,838
datased:monophonic:000838,S-0097,DataSED - DataSED - Dataset for Sound Event Detection of environmental noise/SED_wav/S-0097.wav,monophonic,Thunder fireworks and gunshot,thunder_fireworks_gunshot,175.64,177.39,0.67,0.68,1.75,839
datased:monophonic:000839,S-0097,DataSED - DataSED - Dataset for Sound Event Detection of environmental noise/SED_wav/S-0097.wav,monophonic,Thunder fireworks and gunshot,thunder_fireworks_gunshot,192.17,193.44,0.73,0.74,1.27,840
datased:monophonic:000840,S-0097,DataSED - DataSED - Dataset for Sound Event Detection of environmental noise/SED_wav/S-0097.wav,monophonic,Thunder fireworks and gunshot,thunder_fireworks_gunshot,198.37,201.07,0.76,0.77,2.7,841
datased:monophonic:000841,S-0097,DataSED - DataSED - Dataset for Sound Event Detection of environmental noise/SED_wav/S-0097.wav,monophonic,Vehicle pass-by,vehicle_pass_by,203.93,219.34,0.78,0.84,15.42,842
datased:monophonic:000842,S-0097,DataSED - DataSED - Dataset for Sound Event Detection of environmental noise/SED_wav/S-0097.wav,monophonic,Thunder fireworks and gunshot,thunder_fireworks_gunshot,221.57,260.98,0.84,0.99,39.41,843
datased:monophonic:000843,S-0098,DataSED - DataSED - Dataset for Sound Event Detection of environmental noise/SED_wav/S-0098.wav,monophonic,Propeller aircrafts,propeller_aircrafts,0.34,3.51,0.0,0.02,3.17,844
datased:monophonic:000844,S-0098,DataSED - DataSED - Dataset for Sound Event Detection of environmental noise/SED_wav/S-0098.wav,monophonic,Thunder fireworks and gunshot,thunder_fireworks_gunshot,3.85,6.3,0.02,0.04,2.45,845
datased:monophonic:000845,S-0098,DataSED - DataSED - Dataset for Sound Event Detection of environmental noise/SED_wav/S-0098.wav,monophonic,Thunder fireworks and gunshot,thunder_fireworks_gunshot,7.36,11.08,0.04,0.06,3.72,846
datased:monophonic:000846,S-0098,DataSED - DataSED - Dataset for Sound Event Detection of environmental noise/SED_wav/S-0098.wav,monophonic,Thunder fireworks and gunshot,thunder_fireworks_gunshot,11.4,15.12,0.06,0.09,3.72,847
datased:monophonic:000847,S-0098,DataSED - DataSED - Dataset for Sound Event Detection of environmental noise/SED_wav/S-0098.wav,monophonic,Thunder fireworks and gunshot,thunder_fireworks_gunshot,17.03,19.06,0.1,0.11,2.02,848
datased:monophonic:000848,S-0098,DataSED - DataSED - Dataset for Sound Event Detection of environmental noise/SED_wav/S-0098.wav,monophonic,Thunder fireworks and gunshot,thunder_fireworks_gunshot,21.39,23.41,0.12,0.13,2.02,849
datased:monophonic:000849,S-0098,DataSED - DataSED - Dataset for Sound Event Detection of environmental noise/SED_wav/S-0098.wav,monophonic,Thunder fireworks and gunshot,thunder_fireworks_gunshot,29.9,34.58,0.17,0.2,4.68,850
datased:monophonic:000850,S-0098,DataSED - DataSED - Dataset for Sound Event Detection of environmental noise/SED_wav/S-0098.wav,monophonic,Thunder fireworks and gunshot,thunder_fireworks_gunshot,35.96,38.94,0.2,0.22,2.98,851
datased:monophonic:000851,S-0098,DataSED - DataSED - Dataset for Sound Event Detection of environmental noise/SED_wav/S-0098.wav,monophonic,Thunder fireworks and gunshot,thunder_fireworks_gunshot,40.32,43.41,0.23,0.25,3.08,852
datased:monophonic:000852,S-0098,DataSED - DataSED - Dataset for Sound Event Detection of environmental noise/SED_wav/S-0098.wav,monophonic,Thunder fireworks and gunshot,thunder_fireworks_gunshot,44.57,48.4,0.25,0.28,3.83,853
datased:monophonic:000853,S-0098,DataSED - DataSED - Dataset for Sound Event Detection of environmental noise/SED_wav/S-0098.wav,monophonic,Thunder fireworks and gunshot,thunder_fireworks_gunshot,57.97,61.06,0.33,0.35,3.08,854
datased:monophonic:000854,S-0098,DataSED - DataSED - Dataset for Sound Event Detection of environmental noise/SED_wav/S-0098.wav,monophonic,Thunder fireworks and gunshot,thunder_fireworks_gunshot,64.35,66.27,0.37,0.38,1.91,855
datased:monophonic:000855,S-0098,DataSED - DataSED - Dataset for Sound Event Detection of environmental noise/SED_wav/S-0098.wav,monophonic,Thunder fireworks and gunshot,thunder_fireworks_gunshot,68.39,70.94,0.39,0.4,2.55,856
datased:monophonic:000856,S-0098,DataSED - DataSED - Dataset for Sound Event Detection of environmental noise/SED_wav/S-0098.wav,monophonic,Thunder fireworks and gunshot,thunder_fireworks_gunshot,72.75,74.88,0.41,0.43,2.13,857
datased:monophonic:000857,S-0098,DataSED - DataSED - Dataset for Sound Event Detection of environmental noise/SED_wav/S-0098.wav,monophonic,Thunder fireworks and gunshot,thunder_fireworks_gunshot,78.39,81.68,0.45,0.46,3.3,858
datased:monophonic:000858,S-0098,DataSED - DataSED - Dataset for Sound Event Detection of environmental noise/SED_wav/S-0098.wav,monophonic,Thunder fireworks and gunshot,thunder_fireworks_gunshot,84.02,86.68,0.48,0.49,2.66,859
datased:monophonic:000859,S-0098,DataSED - DataSED - Dataset for Sound Event Detection of environmental noise/SED_wav/S-0098.wav,monophonic,Thunder fireworks and gunshot,thunder_fireworks_gunshot,88.38,90.94,0.5,0.52,2.55,860
datased:monophonic:000860,S-0098,DataSED - DataSED - Dataset for Sound Event Detection of environmental noise/SED_wav/S-0098.wav,monophonic,Thunder fireworks and gunshot,thunder_fireworks_gunshot,92.74,96.68,0.53,0.55,3.93,861
datased:monophonic:000861,S-0098,DataSED - DataSED - Dataset for Sound Event Detection of environmental noise/SED_wav/S-0098.wav,monophonic,Thunder fireworks and gunshot,thunder_fireworks_gunshot,100.19,103.8,0.57,0.59,3.62,862
datased:monophonic:000862,S-0098,DataSED - DataSED - Dataset for Sound Event Detection of environmental noise/SED_wav/S-0098.wav,monophonic,Thunder fireworks and gunshot,thunder_fireworks_gunshot,105.18,109.12,0.6,0.62,3.93,863
datased:monophonic:000863,S-0098,DataSED - DataSED - Dataset for Sound Event Detection of environmental noise/SED_wav/S-0098.wav,monophonic,Thunder fireworks and gunshot,thunder_fireworks_gunshot,110.61,113.05,0.63,0.64,2.45,864
datased:monophonic:000864,S-0098,DataSED - DataSED - Dataset for Sound Event Detection of environmental noise/SED_wav/S-0098.wav,monophonic,Propeller aircrafts,propeller_aircrafts,113.31,175.47,0.65,1.0,62.15,865
datased:monophonic:000865,S-0099,DataSED - DataSED - Dataset for Sound Event Detection of environmental noise/SED_wav/S-0099.wav,monophonic,Propeller aircrafts,propeller_aircrafts,1.84,228.99,0.01,0.99,227.15,866
datased:monophonic:000866,S-0100,DataSED - DataSED - Dataset for Sound Event Detection of environmental noise/SED_wav/S-0100.wav,monophonic,Propeller aircrafts,propeller_aircrafts,12.38,57.94,0.14,0.68,45.56,867
datased:monophonic:000867,S-0100,DataSED - DataSED - Dataset for Sound Event Detection of environmental noise/SED_wav/S-0100.wav,monophonic,Vehicle pass-by,vehicle_pass_by,62.9,74.03,0.74,0.87,11.13,868
datased:monophonic:000868,S-0101,DataSED - DataSED - Dataset for Sound Event Detection of environmental noise/SED_wav/S-0101.wav,monophonic,Propeller aircrafts,propeller_aircrafts,6.09,27.03,0.06,0.25,20.94,869
datased:monophonic:000869,S-0101,DataSED - DataSED - Dataset for Sound Event Detection of environmental noise/SED_wav/S-0101.wav,monophonic,Horn,horn,38.06,41.49,0.35,0.38,3.43,870
datased:monophonic:000870,S-0101,DataSED - DataSED - Dataset for Sound Event Detection of environmental noise/SED_wav/S-0101.wav,monophonic,Horn,horn,53.18,54.37,0.49,0.5,1.19,871
datased:monophonic:000871,S-0101,DataSED - DataSED - Dataset for Sound Event Detection of environmental noise/SED_wav/S-0101.wav,monophonic,Propeller aircrafts,propeller_aircrafts,56.49,68.84,0.52,0.63,12.35,872
datased:monophonic:000872,S-0101,DataSED - DataSED - Dataset for Sound Event Detection of environmental noise/SED_wav/S-0101.wav,monophonic,Horn,horn,70.89,71.68,0.65,0.66,0.79,873
datased:monophonic:000873,S-0101,DataSED - DataSED - Dataset for Sound Event Detection of environmental noise/SED_wav/S-0101.wav,monophonic,Sirens and alarms,sirens_and_alarms,78.22,84.1,0.72,0.77,5.88,874
datased:monophonic:000874,S-0101,DataSED - DataSED - Dataset for Sound Event Detection of environmental noise/SED_wav/S-0101.wav,monophonic,Vehicle pass-by,vehicle_pass_by,98.33,105.56,0.9,0.97,7.23,875
datased:monophonic:000875,S-0102,DataSED - DataSED - Dataset for Sound Event Detection of environmental noise/SED_wav/S-0102.wav,monophonic,Propeller aircrafts,propeller_aircrafts,10.67,61.82,0.04,0.2,51.15,876
datased:monophonic:000876,S-0102,DataSED - DataSED - Dataset for Sound Event Detection of environmental noise/SED_wav/S-0102.wav,monophonic,Propeller aircrafts,propeller_aircrafts,75.76,112.06,0.25,0.37,36.3,877
datased:monophonic:000877,S-0102,DataSED - DataSED - Dataset for Sound Event Detection of environmental noise/SED_wav/S-0102.wav,monophonic,Propeller aircrafts,propeller_aircrafts,116.64,122.69,0.39,0.41,6.05,878
datased:monophonic:000878,S-0102,DataSED - DataSED - Dataset for Sound Event Detection of environmental noise/SED_wav/S-0102.wav,monophonic,Propeller aircrafts,propeller_aircrafts,136.62,156.06,0.45,0.52,19.43,879
datased:monophonic:000879,S-0102,DataSED - DataSED - Dataset for Sound Event Detection of environmental noise/SED_wav/S-0102.wav,monophonic,Propeller aircrafts,propeller_aircrafts,159.91,209.04,0.53,0.69,49.13,880
datased:monophonic:000880,S-0102,DataSED - DataSED - Dataset for Sound Event Detection of environmental noise/SED_wav/S-0102.wav,monophonic,Propeller aircrafts,propeller_aircrafts,228.84,289.89,0.76,0.96,61.05,881
datased:monophonic:000881,S-0103,DataSED - DataSED - Dataset for Sound Event Detection of environmental noise/SED_wav/S-0103.wav,monophonic,Propeller aircrafts,propeller_aircrafts,11.78,103.93,0.03,0.28,92.15,882
datased:monophonic:000882,S-0103,DataSED - DataSED - Dataset for Sound Event Detection of environmental noise/SED_wav/S-0103.wav,monophonic,Crows seagulls and magpies,crows_seagulls_magpies,104.15,110.35,0.28,0.3,6.2,883
datased:monophonic:000883,S-0103,DataSED - DataSED - Dataset for Sound Event Detection of environmental noise/SED_wav/S-0103.wav,monophonic,Propeller aircrafts,propeller_aircrafts,111.62,165.51,0.31,0.45,53.89,884
datased:monophonic:000884,S-0103,DataSED - DataSED - Dataset for Sound Event Detection of environmental noise/SED_wav/S-0103.wav,monophonic,Propeller aircrafts,propeller_aircrafts,175.25,342.55,0.48,0.94,167.29,885
datased:monophonic:000885,S-0103,DataSED - DataSED - Dataset for Sound Event Detection of environmental noise/SED_wav/S-0103.wav,monophonic,Crows seagulls and magpies,crows_seagulls_magpies,343.37,348.47,0.94,0.95,5.09,886
datased:monophonic:000886,S-0103,DataSED - DataSED - Dataset for Sound Event Detection of environmental noise/SED_wav/S-0103.wav,monophonic,Crows seagulls and magpies,crows_seagulls_magpies,350.02,361.98,0.96,0.99,11.96,887
datased:monophonic:000887,S-0104,DataSED - DataSED - Dataset for Sound Event Detection of environmental noise/SED_wav/S-0104.wav,monophonic,Crows seagulls and magpies,crows_seagulls_magpies,4.91,11.65,0.04,0.09,6.74,888
datased:monophonic:000888,S-0104,DataSED - DataSED - Dataset for Sound Event Detection of environmental noise/SED_wav/S-0104.wav,monophonic,Horn,horn,11.71,13.04,0.09,0.1,1.33,889
datased:monophonic:000889,S-0104,DataSED - DataSED - Dataset for Sound Event Detection of environmental noise/SED_wav/S-0104.wav,monophonic,Sirens and alarms,sirens_and_alarms,18.84,28.77,0.14,0.21,9.93,890
datased:monophonic:000890,S-0104,DataSED - DataSED - Dataset for Sound Event Detection of environmental noise/SED_wav/S-0104.wav,monophonic,Vehicle pass-by,vehicle_pass_by,29.7,39.9,0.22,0.29,10.2,891
datased:monophonic:000891,S-0104,DataSED - DataSED - Dataset for Sound Event Detection of environmental noise/SED_wav/S-0104.wav,monophonic,Sirens and alarms,sirens_and_alarms,40.01,41.1,0.29,0.3,1.1,892
datased:monophonic:000892,S-0104,DataSED - DataSED - Dataset for Sound Event Detection of environmental noise/SED_wav/S-0104.wav,monophonic,Horn,horn,41.89,43.39,0.31,0.32,1.49,893
datased:monophonic:000893,S-0104,DataSED - DataSED - Dataset for Sound Event Detection of environmental noise/SED_wav/S-0104.wav,monophonic,Sirens and alarms,sirens_and_alarms,43.57,55.49,0.32,0.41,11.92,894
datased:monophonic:000894,S-0104,DataSED - DataSED - Dataset for Sound Event Detection of environmental noise/SED_wav/S-0104.wav,monophonic,Horn,horn,55.74,57.4,0.41,0.42,1.66,895
datased:monophonic:000895,S-0104,DataSED - DataSED - Dataset for Sound Event Detection of environmental noise/SED_wav/S-0104.wav,monophonic,Sirens and alarms,sirens_and_alarms,57.41,70.15,0.42,0.51,12.74,896
datased:monophonic:000896,S-0104,DataSED - DataSED - Dataset for Sound Event Detection of environmental noise/SED_wav/S-0104.wav,monophonic,Horn,horn,70.34,71.58,0.51,0.52,1.24,897
datased:monophonic:000897,S-0104,DataSED - DataSED - Dataset for Sound Event Detection of environmental noise/SED_wav/S-0104.wav,monophonic,Sirens and alarms,sirens_and_alarms,71.66,82.75,0.52,0.6,11.1,898
datased:monophonic:000898,S-0104,DataSED - DataSED - Dataset for Sound Event Detection of environmental noise/SED_wav/S-0104.wav,monophonic,Horn,horn,82.94,84.6,0.61,0.62,1.66,899
datased:monophonic:000899,S-0104,DataSED - DataSED - Dataset for Sound Event Detection of environmental noise/SED_wav/S-0104.wav,monophonic,Sirens and alarms,sirens_and_alarms,84.67,88.1,0.62,0.64,3.43,900
datased:monophonic:000900,S-0104,DataSED - DataSED - Dataset for Sound Event Detection of environmental noise/SED_wav/S-0104.wav,monophonic,Horn,horn,88.33,91.4,0.64,0.67,3.07,901
datased:monophonic:000901,S-0104,DataSED - DataSED - Dataset for Sound Event Detection of environmental noise/SED_wav/S-0104.wav,monophonic,Sirens and alarms,sirens_and_alarms,91.52,107.74,0.67,0.79,16.21,902
datased:monophonic:000902,S-0104,DataSED - DataSED - Dataset for Sound Event Detection of environmental noise/SED_wav/S-0104.wav,monophonic,Horn,horn,109.98,111.14,0.8,0.81,1.16,903
datased:monophonic:000903,S-0104,DataSED - DataSED - Dataset for Sound Event Detection of environmental noise/SED_wav/S-0104.wav,monophonic,Vehicle pass-by,vehicle_pass_by,112.71,118.93,0.82,0.87,6.22,904
datased:monophonic:000904,S-0104,DataSED - DataSED - Dataset for Sound Event Detection of environmental noise/SED_wav/S-0104.wav,monophonic,Sirens and alarms,sirens_and_alarms,125.9,127.72,0.92,0.93,1.82,905
datased:monophonic:000905,S-0104,DataSED - DataSED - Dataset for Sound Event Detection of environmental noise/SED_wav/S-0104.wav,monophonic,Sirens and alarms,sirens_and_alarms,128.97,133.45,0.94,0.97,4.48,906
datased:monophonic:000906,S-0105,DataSED - DataSED - Dataset for Sound Event Detection of environmental noise/SED_wav/S-0105.wav,monophonic,Voices,voices,2.96,11.61,0.04,0.15,8.65,907
datased:monophonic:000907,S-0105,DataSED - DataSED - Dataset for Sound Event Detection of environmental noise/SED_wav/S-0105.wav,monophonic,Propeller aircrafts,propeller_aircrafts,12.09,71.2,0.16,0.92,59.11,908
datased:monophonic:000908,S-0105,DataSED - DataSED - Dataset for Sound Event Detection of environmental noise/SED_wav/S-0105.wav,monophonic,Voices,voices,73.03,77.38,0.94,1.0,4.36,909
datased:monophonic:000909,S-0106,DataSED - DataSED - Dataset for Sound Event Detection of environmental noise/SED_wav/S-0106.wav,monophonic,Propeller aircrafts,propeller_aircrafts,2.14,45.04,0.02,0.42,42.9,910
datased:monophonic:000910,S-0106,DataSED - DataSED - Dataset for Sound Event Detection of environmental noise/SED_wav/S-0106.wav,monophonic,Propeller aircrafts,propeller_aircrafts,52.64,101.41,0.49,0.95,48.77,911
datased:monophonic:000911,S-0107,DataSED - DataSED - Dataset for Sound Event Detection of environmental noise/SED_wav/S-0107.wav,monophonic,Birds,birds,2.54,16.68,0.01,0.06,14.13,912
datased:monophonic:000912,S-0107,DataSED - DataSED - Dataset for Sound Event Detection of environmental noise/SED_wav/S-0107.wav,monophonic,Jet aircrafts,jet_aircrafts,23.28,108.71,0.09,0.42,85.44,913
datased:monophonic:000913,S-0107,DataSED - DataSED - Dataset for Sound Event Detection of environmental noise/SED_wav/S-0107.wav,monophonic,Birds,birds,108.98,180.64,0.42,0.7,71.66,914
datased:monophonic:000914,S-0107,DataSED - DataSED - Dataset for Sound Event Detection of environmental noise/SED_wav/S-0107.wav,monophonic,Propeller aircrafts,propeller_aircrafts,180.95,237.96,0.7,0.92,57.01,915
datased:monophonic:000915,S-0107,DataSED - DataSED - Dataset for Sound Event Detection of environmental noise/SED_wav/S-0107.wav,monophonic,Birds,birds,238.72,259.48,0.92,1.0,20.76,916
datased:monophonic:000916,S-0108,DataSED - DataSED - Dataset for Sound Event Detection of environmental noise/SED_wav/S-0108.wav,monophonic,Birds,birds,2.97,7.88,0.04,0.1,4.91,917
datased:monophonic:000917,S-0108,DataSED - DataSED - Dataset for Sound Event Detection of environmental noise/SED_wav/S-0108.wav,monophonic,Birds,birds,12.28,16.86,0.16,0.22,4.58,918
datased:monophonic:000918,S-0108,DataSED - DataSED - Dataset for Sound Event Detection of environmental noise/SED_wav/S-0108.wav,monophonic,Birds,birds,20.66,24.36,0.27,0.32,3.7,919
datased:monophonic:000919,S-0108,DataSED - DataSED - Dataset for Sound Event Detection of environmental noise/SED_wav/S-0108.wav,monophonic,Propeller aircrafts,propeller_aircrafts,24.41,76.49,0.32,1.0,52.08,920
datased:monophonic:000920,S-0109,DataSED - DataSED - Dataset for Sound Event Detection of environmental noise/SED_wav/S-0109.wav,monophonic,Voices,voices,40.43,69.22,0.23,0.39,28.79,921
datased:monophonic:000921,S-0109,DataSED - DataSED - Dataset for Sound Event Detection of environmental noise/SED_wav/S-0109.wav,monophonic,Voices,voices,73.24,81.82,0.41,0.46,8.58,922
datased:monophonic:000922,S-0109,DataSED - DataSED - Dataset for Sound Event Detection of environmental noise/SED_wav/S-0109.wav,monophonic,Voices,voices,86.93,92.91,0.48,0.52,5.97,923
datased:monophonic:000923,S-0109,DataSED - DataSED - Dataset for Sound Event Detection of environmental noise/SED_wav/S-0109.wav,monophonic,Voices,voices,95.08,113.55,0.53,0.63,18.47,924
datased:monophonic:000924,S-0109,DataSED - DataSED - Dataset for Sound Event Detection of environmental noise/SED_wav/S-0109.wav,monophonic,Vehicle pass-by,vehicle_pass_by,122.24,131.14,0.68,0.73,8.91,925
datased:monophonic:000925,S-0110,DataSED - DataSED - Dataset for Sound Event Detection of environmental noise/SED_wav/S-0110.wav,monophonic,Voices,voices,56.78,76.78,0.47,0.63,20.0,926
datased:monophonic:000926,S-0110,DataSED - DataSED - Dataset for Sound Event Detection of environmental noise/SED_wav/S-0110.wav,monophonic,Voices,voices,80.01,89.97,0.66,0.74,9.96,927
datased:monophonic:000927,S-0110,DataSED - DataSED - Dataset for Sound Event Detection of environmental noise/SED_wav/S-0110.wav,monophonic,Voices,voices,93.92,95.31,0.78,0.79,1.39,928
datased:monophonic:000928,S-0110,DataSED - DataSED - Dataset for Sound Event Detection of environmental noise/SED_wav/S-0110.wav,monophonic,Voices,voices,109.01,111.06,0.9,0.92,2.05,929
datased:monophonic:000929,S-0111,DataSED - DataSED - Dataset for Sound Event Detection of environmental noise/SED_wav/S-0111.wav,monophonic,Voices,voices,0.0,13.52,0.0,0.11,13.52,930
datased:monophonic:000930,S-0111,DataSED - DataSED - Dataset for Sound Event Detection of environmental noise/SED_wav/S-0111.wav,monophonic,Voices,voices,47.44,89.13,0.4,0.74,41.69,931
datased:monophonic:000931,S-0112,DataSED - DataSED - Dataset for Sound Event Detection of environmental noise/SED_wav/S-0112.wav,monophonic,Voices,voices,5.8,9.72,0.03,0.05,3.92,932
datased:monophonic:000932,S-0112,DataSED - DataSED - Dataset for Sound Event Detection of environmental noise/SED_wav/S-0112.wav,monophonic,Voices,voices,61.14,144.7,0.34,0.8,83.56,933
datased:monophonic:000933,S-0112,DataSED - DataSED - Dataset for Sound Event Detection of environmental noise/SED_wav/S-0112.wav,monophonic,Voices,voices,149.5,167.36,0.83,0.93,17.87,934
datased:monophonic:000934,S-0113,DataSED - DataSED - Dataset for Sound Event Detection of environmental noise/SED_wav/S-0113.wav,monophonic,Voices,voices,33.14,47.12,0.36,0.51,13.98,935
datased:monophonic:000935,S-0113,DataSED - DataSED - Dataset for Sound Event Detection of environmental noise/SED_wav/S-0113.wav,monophonic,Voices,voices,48.51,58.65,0.53,0.64,10.13,936
datased:monophonic:000936,S-0113,DataSED - DataSED - Dataset for Sound Event Detection of environmental noise/SED_wav/S-0113.wav,monophonic,Voices,voices,62.04,67.78,0.67,0.74,5.74,937
datased:monophonic:000937,S-0113,DataSED - DataSED - Dataset for Sound Event Detection of environmental noise/SED_wav/S-0113.wav,monophonic,Voices,voices,69.5,86.1,0.76,0.94,16.59,938
datased:monophonic:000938,S-0114,DataSED - DataSED - Dataset for Sound Event Detection of environmental noise/SED_wav/S-0114.wav,monophonic,Cat fight and moans,cat_fights_and_moans,2.43,12.27,0.07,0.36,9.84,939
datased:monophonic:000939,S-0114,DataSED - DataSED - Dataset for Sound Event Detection of environmental noise/SED_wav/S-0114.wav,monophonic,Cat fight and moans,cat_fights_and_moans,15.61,31.63,0.46,0.92,16.02,940
datased:monophonic:000940,S-0115,DataSED - DataSED - Dataset for Sound Event Detection of environmental noise/SED_wav/S-0115.wav,monophonic,Cat fight and moans,cat_fights_and_moans,0.8,2.43,0.13,0.39,1.63,941
datased:monophonic:000941,S-0116,DataSED - DataSED - Dataset for Sound Event Detection of environmental noise/SED_wav/S-0116.wav,monophonic,Dog barkings and howlings,dog_barkings_and_howlings,0.38,18.82,0.0,0.24,18.43,942
datased:monophonic:000942,S-0116,DataSED - DataSED - Dataset for Sound Event Detection of environmental noise/SED_wav/S-0116.wav,monophonic,Dog barkings and howlings,dog_barkings_and_howlings,20.59,27.41,0.27,0.36,6.81,943
datased:monophonic:000943,S-0116,DataSED - DataSED - Dataset for Sound Event Detection of environmental noise/SED_wav/S-0116.wav,monophonic,Dog barkings and howlings,dog_barkings_and_howlings,28.64,31.37,0.37,0.41,2.74,944
datased:monophonic:000944,S-0116,DataSED - DataSED - Dataset for Sound Event Detection of environmental noise/SED_wav/S-0116.wav,monophonic,Dog barkings and howlings,dog_barkings_and_howlings,32.87,39.68,0.43,0.51,6.81,945
datased:monophonic:000945,S-0116,DataSED - DataSED - Dataset for Sound Event Detection of environmental noise/SED_wav/S-0116.wav,monophonic,Dog barkings and howlings,dog_barkings_and_howlings,43.5,49.62,0.56,0.64,6.12,946
datased:monophonic:000946,S-0116,DataSED - DataSED - Dataset for Sound Event Detection of environmental noise/SED_wav/S-0116.wav,monophonic,Dog barkings and howlings,dog_barkings_and_howlings,50.37,56.43,0.65,0.73,6.07,947
datased:monophonic:000947,S-0116,DataSED - DataSED - Dataset for Sound Event Detection of environmental noise/SED_wav/S-0116.wav,monophonic,Dog barkings and howlings,dog_barkings_and_howlings,57.09,59.7,0.74,0.77,2.61,948
datased:monophonic:000948,S-0116,DataSED - DataSED - Dataset for Sound Event Detection of environmental noise/SED_wav/S-0116.wav,monophonic,Dog barkings and howlings,dog_barkings_and_howlings,60.31,63.85,0.78,0.83,3.55,949
datased:monophonic:000949,S-0116,DataSED - DataSED - Dataset for Sound Event Detection of environmental noise/SED_wav/S-0116.wav,monophonic,Dog barkings and howlings,dog_barkings_and_howlings,64.65,67.12,0.84,0.87,2.47,950
datased:monophonic:000950,S-0116,DataSED - DataSED - Dataset for Sound Event Detection of environmental noise/SED_wav/S-0116.wav,monophonic,Dog barkings and howlings,dog_barkings_and_howlings,68.94,71.09,0.89,0.92,2.15,951
datased:monophonic:000951,S-0117,DataSED - DataSED - Dataset for Sound Event Detection of environmental noise/SED_wav/S-0117.wav,monophonic,Dog barkings and howlings,dog_barkings_and_howlings,3.14,4.01,0.09,0.12,0.87,952
datased:monophonic:000952,S-0117,DataSED - DataSED - Dataset for Sound Event Detection of environmental noise/SED_wav/S-0117.wav,monophonic,Dog barkings and howlings,dog_barkings_and_howlings,7.32,9.69,0.22,0.29,2.37,953
datased:monophonic:000953,S-0117,DataSED - DataSED - Dataset for Sound Event Detection of environmental noise/SED_wav/S-0117.wav,monophonic,Dog barkings and howlings,dog_barkings_and_howlings,11.71,15.61,0.35,0.47,3.9,954
datased:monophonic:000954,S-0117,DataSED - DataSED - Dataset for Sound Event Detection of environmental noise/SED_wav/S-0117.wav,monophonic,Dog barkings and howlings,dog_barkings_and_howlings,16.94,18.86,0.51,0.56,1.92,955
datased:monophonic:000955,S-0117,DataSED - DataSED - Dataset for Sound Event Detection of environmental noise/SED_wav/S-0117.wav,monophonic,Dog barkings and howlings,dog_barkings_and_howlings,21.78,22.66,0.65,0.68,0.89,956
datased:monophonic:000956,S-0117,DataSED - DataSED - Dataset for Sound Event Detection of environmental noise/SED_wav/S-0117.wav,monophonic,Dog barkings and howlings,dog_barkings_and_howlings,23.96,27.31,0.72,0.82,3.36,957
datased:monophonic:000957,S-0117,DataSED - DataSED - Dataset for Sound Event Detection of environmental noise/SED_wav/S-0117.wav,monophonic,Dog barkings and howlings,dog_barkings_and_howlings,28.71,29.66,0.86,0.89,0.95,958
datased:monophonic:000958,S-0118,DataSED - DataSED - Dataset for Sound Event Detection of environmental noise/SED_wav/S-0118.wav,monophonic,Dog barkings and howlings,dog_barkings_and_howlings,0.43,1.79,0.02,0.07,1.36,959
datased:monophonic:000959,S-0118,DataSED - DataSED - Dataset for Sound Event Detection of environmental noise/SED_wav/S-0118.wav,monophonic,Dog barkings and howlings,dog_barkings_and_howlings,4.96,7.28,0.19,0.28,2.33,960
datased:monophonic:000960,S-0118,DataSED - DataSED - Dataset for Sound Event Detection of environmental noise/SED_wav/S-0118.wav,monophonic,Dog barkings and howlings,dog_barkings_and_howlings,8.06,9.91,0.31,0.38,1.85,961
datased:monophonic:000961,S-0118,DataSED - DataSED - Dataset for Sound Event Detection of environmental noise/SED_wav/S-0118.wav,monophonic,Dog barkings and howlings,dog_barkings_and_howlings,12.4,15.03,0.47,0.57,2.63,962
datased:monophonic:000962,S-0118,DataSED - DataSED - Dataset for Sound Event Detection of environmental noise/SED_wav/S-0118.wav,monophonic,Dog barkings and howlings,dog_barkings_and_howlings,17.08,18.89,0.65,0.72,1.8,963
datased:monophonic:000963,S-0118,DataSED - DataSED - Dataset for Sound Event Detection of environmental noise/SED_wav/S-0118.wav,monophonic,Dog barkings and howlings,dog_barkings_and_howlings,21.52,22.64,0.82,0.87,1.12,964
datased:monophonic:000964,S-0118,DataSED - DataSED - Dataset for Sound Event Detection of environmental noise/SED_wav/S-0118.wav,monophonic,Dog barkings and howlings,dog_barkings_and_howlings,23.16,23.95,0.89,0.92,0.79,965
datased:monophonic:000965,S-0119,DataSED - DataSED - Dataset for Sound Event Detection of environmental noise/SED_wav/S-0119.wav,monophonic,Vacuum cleaner fan and hairdryer,vacuum_cleaner_fan_hairdryer,0.56,73.31,0.01,0.89,72.75,966
datased:monophonic:000966,S-0120,DataSED - DataSED - Dataset for Sound Event Detection of environmental noise/SED_wav/S-0120.wav,monophonic,Lawn mower brush cutter and olive shaker,lawn_mower_brush_cutter_olive_shaker,0.52,11.06,0.04,0.87,10.53,967
datased:monophonic:000967,S-0121,DataSED - DataSED - Dataset for Sound Event Detection of environmental noise/SED_wav/S-0121.wav,monophonic,Lawn mower brush cutter and olive shaker,lawn_mower_brush_cutter_olive_shaker,0.61,9.92,0.05,0.84,9.31,968
datased:monophonic:000968,S-0122,DataSED - DataSED - Dataset for Sound Event Detection of environmental noise/SED_wav/S-0122.wav,monophonic,Lawn mower brush cutter and olive shaker,lawn_mower_brush_cutter_olive_shaker,0.93,25.36,0.0,0.1,24.43,969
datased:monophonic:000969,S-0122,DataSED - DataSED - Dataset for Sound Event Detection of environmental noise/SED_wav/S-0122.wav,monophonic,Lawn mower brush cutter and olive shaker,lawn_mower_brush_cutter_olive_shaker,25.81,45.74,0.1,0.18,19.93,970
datased:monophonic:000970,S-0122,DataSED - DataSED - Dataset for Sound Event Detection of environmental noise/SED_wav/S-0122.wav,monophonic,Lawn mower brush cutter and olive shaker,lawn_mower_brush_cutter_olive_shaker,49.19,81.86,0.2,0.33,32.67,971
datased:monophonic:000971,S-0122,DataSED - DataSED - Dataset for Sound Event Detection of environmental noise/SED_wav/S-0122.wav,monophonic,Lawn mower brush cutter and olive shaker,lawn_mower_brush_cutter_olive_shaker,82.91,119.78,0.33,0.48,36.87,972
datased:monophonic:000972,S-0122,DataSED - DataSED - Dataset for Sound Event Detection of environmental noise/SED_wav/S-0122.wav,monophonic,Lawn mower brush cutter and olive shaker,lawn_mower_brush_cutter_olive_shaker,120.98,164.59,0.49,0.66,43.61,973
datased:monophonic:000973,S-0122,DataSED - DataSED - Dataset for Sound Event Detection of environmental noise/SED_wav/S-0122.wav,monophonic,Lawn mower brush cutter and olive shaker,lawn_mower_brush_cutter_olive_shaker,165.49,207.0,0.67,0.84,41.51,974
datased:monophonic:000974,S-0122,DataSED - DataSED - Dataset for Sound Event Detection of environmental noise/SED_wav/S-0122.wav,monophonic,Lawn mower brush cutter and olive shaker,lawn_mower_brush_cutter_olive_shaker,207.75,245.97,0.84,0.99,38.22,975
datased:monophonic:000975,S-0123,DataSED - DataSED - Dataset for Sound Event Detection of environmental noise/SED_wav/S-0123.wav,monophonic,Lawn mower brush cutter and olive shaker,lawn_mower_brush_cutter_olive_shaker,1.98,22.55,0.01,0.13,20.57,976
datased:monophonic:000976,S-0123,DataSED - DataSED - Dataset for Sound Event Detection of environmental noise/SED_wav/S-0123.wav,monophonic,Lawn mower brush cutter and olive shaker,lawn_mower_brush_cutter_olive_shaker,22.85,23.99,0.13,0.14,1.13,977
datased:monophonic:000977,S-0123,DataSED - DataSED - Dataset for Sound Event Detection of environmental noise/SED_wav/S-0123.wav,monophonic,Lawn mower brush cutter and olive shaker,lawn_mower_brush_cutter_olive_shaker,24.19,46.72,0.14,0.27,22.52,978
datased:monophonic:000978,S-0123,DataSED - DataSED - Dataset for Sound Event Detection of environmental noise/SED_wav/S-0123.wav,monophonic,Lawn mower brush cutter and olive shaker,lawn_mower_brush_cutter_olive_shaker,47.44,59.06,0.28,0.35,11.62,979
datased:monophonic:000979,S-0123,DataSED - DataSED - Dataset for Sound Event Detection of environmental noise/SED_wav/S-0123.wav,monophonic,Lawn mower brush cutter and olive shaker,lawn_mower_brush_cutter_olive_shaker,59.26,60.4,0.35,0.36,1.13,980
datased:monophonic:000980,S-0123,DataSED - DataSED - Dataset for Sound Event Detection of environmental noise/SED_wav/S-0123.wav,monophonic,Lawn mower brush cutter and olive shaker,lawn_mower_brush_cutter_olive_shaker,60.81,72.12,0.36,0.42,11.31,981
datased:monophonic:000981,S-0123,DataSED - DataSED - Dataset for Sound Event Detection of environmental noise/SED_wav/S-0123.wav,monophonic,Lawn mower brush cutter and olive shaker,lawn_mower_brush_cutter_olive_shaker,72.43,84.77,0.43,0.5,12.34,982
datased:monophonic:000982,S-0123,DataSED - DataSED - Dataset for Sound Event Detection of environmental noise/SED_wav/S-0123.wav,monophonic,Lawn mower brush cutter and olive shaker,lawn_mower_brush_cutter_olive_shaker,84.98,86.01,0.5,0.51,1.03,983
datased:monophonic:000983,S-0123,DataSED - DataSED - Dataset for Sound Event Detection of environmental noise/SED_wav/S-0123.wav,monophonic,Lawn mower brush cutter and olive shaker,lawn_mower_brush_cutter_olive_shaker,86.42,96.39,0.51,0.57,9.98,984
datased:monophonic:000984,S-0123,DataSED - DataSED - Dataset for Sound Event Detection of environmental noise/SED_wav/S-0123.wav,monophonic,Lawn mower brush cutter and olive shaker,lawn_mower_brush_cutter_olive_shaker,96.81,111.51,0.57,0.66,14.71,985
datased:monophonic:000985,S-0123,DataSED - DataSED - Dataset for Sound Event Detection of environmental noise/SED_wav/S-0123.wav,monophonic,Lawn mower brush cutter and olive shaker,lawn_mower_brush_cutter_olive_shaker,111.92,116.86,0.66,0.69,4.94,986
datased:monophonic:000986,S-0123,DataSED - DataSED - Dataset for Sound Event Detection of environmental noise/SED_wav/S-0123.wav,monophonic,Lawn mower brush cutter and olive shaker,lawn_mower_brush_cutter_olive_shaker,117.07,136.3,0.69,0.8,19.23,987
datased:monophonic:000987,S-0123,DataSED - DataSED - Dataset for Sound Event Detection of environmental noise/SED_wav/S-0123.wav,monophonic,Lawn mower brush cutter and olive shaker,lawn_mower_brush_cutter_olive_shaker,136.92,151.73,0.81,0.89,14.81,988
datased:monophonic:000988,S-0123,DataSED - DataSED - Dataset for Sound Event Detection of environmental noise/SED_wav/S-0123.wav,monophonic,Lawn mower brush cutter and olive shaker,lawn_mower_brush_cutter_olive_shaker,152.24,152.86,0.9,0.9,0.62,989
datased:monophonic:000989,S-0123,DataSED - DataSED - Dataset for Sound Event Detection of environmental noise/SED_wav/S-0123.wav,monophonic,Lawn mower brush cutter and olive shaker,lawn_mower_brush_cutter_olive_shaker,153.17,166.02,0.9,0.98,12.86,990
datased:monophonic:000990,S-0124,DataSED - DataSED - Dataset for Sound Event Detection of environmental noise/SED_wav/S-0124.wav,monophonic,Lawn mower brush cutter and olive shaker,lawn_mower_brush_cutter_olive_shaker,0.75,10.62,0.05,0.72,9.87,991
datased:monophonic:000991,S-0125,DataSED - DataSED - Dataset for Sound Event Detection of environmental noise/SED_wav/S-0125.wav,monophonic,Lawn mower brush cutter and olive shaker,lawn_mower_brush_cutter_olive_shaker,1.23,244.03,0.0,0.98,242.8,992
datased:monophonic:000992,S-0126,DataSED - DataSED - Dataset for Sound Event Detection of environmental noise/SED_wav/S-0126.wav,monophonic,Lawn mower brush cutter and olive shaker,lawn_mower_brush_cutter_olive_shaker,0.88,56.15,0.01,0.93,55.26,993
datased:monophonic:000993,S-0127,DataSED - DataSED - Dataset for Sound Event Detection of environmental noise/SED_wav/S-0127.wav,monophonic,Lawn mower brush cutter and olive shaker,lawn_mower_brush_cutter_olive_shaker,1.5,265.59,0.01,0.99,264.09,994
datased:monophonic:000994,S-0128,DataSED - DataSED - Dataset for Sound Event Detection of environmental noise/SED_wav/S-0128.wav,monophonic,Lawn mower brush cutter and olive shaker,lawn_mower_brush_cutter_olive_shaker,0.82,56.78,0.01,0.93,55.96,995
datased:monophonic:000995,S-0129,DataSED - DataSED - Dataset for Sound Event Detection of environmental noise/SED_wav/S-0129.wav,monophonic,Lawn mower brush cutter and olive shaker,lawn_mower_brush_cutter_olive_shaker,0.92,23.38,0.0,0.13,22.46,996
datased:monophonic:000996,S-0129,DataSED - DataSED - Dataset for Sound Event Detection of environmental noise/SED_wav/S-0129.wav,monophonic,Lawn mower brush cutter and olive shaker,lawn_mower_brush_cutter_olive_shaker,23.72,24.95,0.13,0.14,1.23,997
datased:monophonic:000997,S-0129,DataSED - DataSED - Dataset for Sound Event Detection of environmental noise/SED_wav/S-0129.wav,monophonic,Lawn mower brush cutter and olive shaker,lawn_mower_brush_cutter_olive_shaker,25.39,47.86,0.14,0.26,22.46,998
datased:monophonic:000998,S-0129,DataSED - DataSED - Dataset for Sound Event Detection of environmental noise/SED_wav/S-0129.wav,monophonic,Lawn mower brush cutter and olive shaker,lawn_mower_brush_cutter_olive_shaker,48.86,60.15,0.26,0.33,11.29,999
datased:monophonic:000999,S-0129,DataSED - DataSED - Dataset for Sound Event Detection of environmental noise/SED_wav/S-0129.wav,monophonic,Lawn mower brush cutter and olive shaker,lawn_mower_brush_cutter_olive_shaker,60.71,61.83,0.33,0.33,1.12,1000
datased:monophonic:001000,S-0129,DataSED - DataSED - Dataset for Sound Event Detection of environmental noise/SED_wav/S-0129.wav,monophonic,Lawn mower brush cutter and olive shaker,lawn_mower_brush_cutter_olive_shaker,62.05,73.23,0.34,0.4,11.18,1001
datased:monophonic:001001,S-0129,DataSED - DataSED - Dataset for Sound Event Detection of environmental noise/SED_wav/S-0129.wav,monophonic,Lawn mower brush cutter and olive shaker,lawn_mower_brush_cutter_olive_shaker,73.78,86.41,0.4,0.47,12.63,1002
datased:monophonic:001002,S-0129,DataSED - DataSED - Dataset for Sound Event Detection of environmental noise/SED_wav/S-0129.wav,monophonic,Lawn mower brush cutter and olive shaker,lawn_mower_brush_cutter_olive_shaker,87.64,110.33,0.47,0.6,22.69,1003
datased:monophonic:001003,S-0129,DataSED - DataSED - Dataset for Sound Event Detection of environmental noise/SED_wav/S-0129.wav,monophonic,Lawn mower brush cutter and olive shaker,lawn_mower_brush_cutter_olive_shaker,111.0,131.45,0.6,0.71,20.45,1004
datased:monophonic:001004,S-0129,DataSED - DataSED - Dataset for Sound Event Detection of environmental noise/SED_wav/S-0129.wav,monophonic,Lawn mower brush cutter and olive shaker,lawn_mower_brush_cutter_olive_shaker,133.46,153.24,0.72,0.83,19.78,1005
datased:monophonic:001005,S-0129,DataSED - DataSED - Dataset for Sound Event Detection of environmental noise/SED_wav/S-0129.wav,monophonic,Lawn mower brush cutter and olive shaker,lawn_mower_brush_cutter_olive_shaker,153.58,168.44,0.83,0.91,14.86,1006
datased:monophonic:001006,S-0129,DataSED - DataSED - Dataset for Sound Event Detection of environmental noise/SED_wav/S-0129.wav,monophonic,Lawn mower brush cutter and olive shaker,lawn_mower_brush_cutter_olive_shaker,169.11,183.76,0.92,1.0,14.64,1007
datased:monophonic:001007,S-0130,DataSED - DataSED - Dataset for Sound Event Detection of environmental noise/SED_wav/S-0130.wav,monophonic,Lawn mower brush cutter and olive shaker,lawn_mower_brush_cutter_olive_shaker,0.75,58.7,0.01,0.96,57.95,1008
datased:monophonic:001008,S-0131,DataSED - DataSED - Dataset for Sound Event Detection of environmental noise/SED_wav/S-0131.wav,monophonic,Vacuum cleaner fan and hairdryer,vacuum_cleaner_fan_hairdryer,0.38,5.73,0.06,0.84,5.35,1009
datased:monophonic:001009,S-0132,DataSED - DataSED - Dataset for Sound Event Detection of environmental noise/SED_wav/S-0132.wav,monophonic,Cat fight and moans,cat_fights_and_moans,1.62,12.33,0.05,0.36,10.71,1010
datased:monophonic:001010,S-0132,DataSED - DataSED - Dataset for Sound Event Detection of environmental noise/SED_wav/S-0132.wav,monophonic,Cat fight and moans,cat_fights_and_moans,15.65,24.68,0.46,0.72,9.03,1011
datased:monophonic:001011,S-0132,DataSED - DataSED - Dataset for Sound Event Detection of environmental noise/SED_wav/S-0132.wav,monophonic,Cat fight and moans,cat_fights_and_moans,25.32,31.67,0.74,0.92,6.35,1012
datased:monophonic:001012,S-0133,DataSED - DataSED - Dataset for Sound Event Detection of environmental noise/SED_wav/S-0133.wav,monophonic,Cat fight and moans,cat_fights_and_moans,2.84,13.68,0.02,0.09,10.84,1013
datased:monophonic:001013,S-0133,DataSED - DataSED - Dataset for Sound Event Detection of environmental noise/SED_wav/S-0133.wav,monophonic,Cat fight and moans,cat_fights_and_moans,15.86,25.79,0.11,0.17,9.93,1014
datased:monophonic:001014,S-0133,DataSED - DataSED - Dataset for Sound Event Detection of environmental noise/SED_wav/S-0133.wav,monophonic,Cat fight and moans,cat_fights_and_moans,28.25,35.53,0.19,0.24,7.29,1015
datased:monophonic:001015,S-0133,DataSED - DataSED - Dataset for Sound Event Detection of environmental noise/SED_wav/S-0133.wav,monophonic,Cat fight and moans,cat_fights_and_moans,36.17,39.63,0.24,0.26,3.46,1016
datased:monophonic:001016,S-0133,DataSED - DataSED - Dataset for Sound Event Detection of environmental noise/SED_wav/S-0133.wav,monophonic,Cat fight and moans,cat_fights_and_moans,40.81,45.55,0.27,0.3,4.74,1017
datased:monophonic:001017,S-0133,DataSED - DataSED - Dataset for Sound Event Detection of environmental noise/SED_wav/S-0133.wav,monophonic,Vehicle pass-by,vehicle_pass_by,47.1,53.65,0.31,0.36,6.56,1018
datased:monophonic:001018,S-0133,DataSED - DataSED - Dataset for Sound Event Detection of environmental noise/SED_wav/S-0133.wav,monophonic,Cat fight and moans,cat_fights_and_moans,54.02,57.57,0.36,0.38,3.55,1019
datased:monophonic:001019,S-0133,DataSED - DataSED - Dataset for Sound Event Detection of environmental noise/SED_wav/S-0133.wav,monophonic,Cat fight and moans,cat_fights_and_moans,61.03,71.96,0.41,0.48,10.93,1020
datased:monophonic:001020,S-0133,DataSED - DataSED - Dataset for Sound Event Detection of environmental noise/SED_wav/S-0133.wav,monophonic,Cat fight and moans,cat_fights_and_moans,74.24,80.61,0.49,0.54,6.37,1021
datased:monophonic:001021,S-0133,DataSED - DataSED - Dataset for Sound Event Detection of environmental noise/SED_wav/S-0133.wav,monophonic,Cat fight and moans,cat_fights_and_moans,82.52,87.17,0.55,0.58,4.64,1022
datased:monophonic:001022,S-0133,DataSED - DataSED - Dataset for Sound Event Detection of environmental noise/SED_wav/S-0133.wav,monophonic,Cat fight and moans,cat_fights_and_moans,88.53,93.36,0.59,0.62,4.83,1023
datased:monophonic:001023,S-0133,DataSED - DataSED - Dataset for Sound Event Detection of environmental noise/SED_wav/S-0133.wav,monophonic,Cat fight and moans,cat_fights_and_moans,93.81,104.38,0.62,0.69,10.56,1024
datased:monophonic:001024,S-0133,DataSED - DataSED - Dataset for Sound Event Detection of environmental noise/SED_wav/S-0133.wav,monophonic,Cat fight and moans,cat_fights_and_moans,105.29,110.39,0.7,0.73,5.1,1025
datased:monophonic:001025,S-0133,DataSED - DataSED - Dataset for Sound Event Detection of environmental noise/SED_wav/S-0133.wav,monophonic,Cat fight and moans,cat_fights_and_moans,110.93,114.39,0.74,0.76,3.46,1026
datased:monophonic:001026,S-0133,DataSED - DataSED - Dataset for Sound Event Detection of environmental noise/SED_wav/S-0133.wav,monophonic,Cat fight and moans,cat_fights_and_moans,115.94,118.58,0.77,0.79,2.64,1027
datased:monophonic:001027,S-0133,DataSED - DataSED - Dataset for Sound Event Detection of environmental noise/SED_wav/S-0133.wav,monophonic,Cat fight and moans,cat_fights_and_moans,120.13,124.41,0.8,0.83,4.28,1028
datased:monophonic:001028,S-0133,DataSED - DataSED - Dataset for Sound Event Detection of environmental noise/SED_wav/S-0133.wav,monophonic,Cat fight and moans,cat_fights_and_moans,125.41,129.51,0.83,0.86,4.1,1029
datased:monophonic:001029,S-0133,DataSED - DataSED - Dataset for Sound Event Detection of environmental noise/SED_wav/S-0133.wav,monophonic,Cat fight and moans,cat_fights_and_moans,130.24,135.52,0.87,0.9,5.28,1030
datased:monophonic:001030,S-0133,DataSED - DataSED - Dataset for Sound Event Detection of environmental noise/SED_wav/S-0133.wav,monophonic,Cat fight and moans,cat_fights_and_moans,136.25,140.44,0.91,0.93,4.19,1031
datased:monophonic:001031,S-0133,DataSED - DataSED - Dataset for Sound Event Detection of environmental noise/SED_wav/S-0133.wav,monophonic,Cat fight and moans,cat_fights_and_moans,141.44,148.54,0.94,0.99,7.1,1032
datased:monophonic:001032,S-0134,DataSED - DataSED - Dataset for Sound Event Detection of environmental noise/SED_wav/S-0134.wav,monophonic,Cat fight and moans,cat_fights_and_moans,1.03,8.71,0.01,0.07,7.68,1033
datased:monophonic:001033,S-0134,DataSED - DataSED - Dataset for Sound Event Detection of environmental noise/SED_wav/S-0134.wav,monophonic,Cat fight and moans,cat_fights_and_moans,12.48,21.97,0.1,0.18,9.49,1034
datased:monophonic:001034,S-0134,DataSED - DataSED - Dataset for Sound Event Detection of environmental noise/SED_wav/S-0134.wav,monophonic,Cat fight and moans,cat_fights_and_moans,25.37,36.89,0.21,0.31,11.52,1035
datased:monophonic:001035,S-0134,DataSED - DataSED - Dataset for Sound Event Detection of environmental noise/SED_wav/S-0134.wav,monophonic,Cat fight and moans,cat_fights_and_moans,39.21,45.59,0.33,0.38,6.38,1036
datased:monophonic:001036,S-0134,DataSED - DataSED - Dataset for Sound Event Detection of environmental noise/SED_wav/S-0134.wav,monophonic,Cat fight and moans,cat_fights_and_moans,48.05,52.83,0.4,0.44,4.78,1037
datased:monophonic:001037,S-0134,DataSED - DataSED - Dataset for Sound Event Detection of environmental noise/SED_wav/S-0134.wav,monophonic,Cat fight and moans,cat_fights_and_moans,55.73,65.8,0.47,0.55,10.07,1038
datased:monophonic:001038,S-0134,DataSED - DataSED - Dataset for Sound Event Detection of environmental noise/SED_wav/S-0134.wav,monophonic,Cat fight and moans,cat_fights_and_moans,68.55,81.23,0.57,0.68,12.68,1039
datased:monophonic:001039,S-0134,DataSED - DataSED - Dataset for Sound Event Detection of environmental noise/SED_wav/S-0134.wav,monophonic,Cat fight and moans,cat_fights_and_moans,85.07,101.23,0.71,0.85,16.16,1040
datased:monophonic:001040,S-0134,DataSED - DataSED - Dataset for Sound Event Detection of environmental noise/SED_wav/S-0134.wav,monophonic,Cat fight and moans,cat_fights_and_moans,103.69,115.43,0.87,0.96,11.74,1041
datased:monophonic:001041,S-0134,DataSED - DataSED - Dataset for Sound Event Detection of environmental noise/SED_wav/S-0134.wav,monophonic,Vehicle pass-by,vehicle_pass_by,116.3,119.7,0.97,1.0,3.41,1042
datased:monophonic:001042,S-0135,DataSED - DataSED - Dataset for Sound Event Detection of environmental noise/SED_wav/S-0135.wav,monophonic,Bells,bells,0.33,4.09,0.02,0.21,3.76,1043
datased:monophonic:001043,S-0135,DataSED - DataSED - Dataset for Sound Event Detection of environmental noise/SED_wav/S-0135.wav,monophonic,Bells,bells,7.39,11.76,0.37,0.59,4.37,1044
datased:monophonic:001044,S-0135,DataSED - DataSED - Dataset for Sound Event Detection of environmental noise/SED_wav/S-0135.wav,monophonic,Bells,bells,13.76,19.61,0.69,0.99,5.85,1045
datased:monophonic:001045,S-0136,DataSED - DataSED - Dataset for Sound Event Detection of environmental noise/SED_wav/S-0136.wav,monophonic,Chicken coop,chicken_coop,5.81,29.37,0.17,0.84,23.55,1046
datased:monophonic:001046,S-0137,DataSED - DataSED - Dataset for Sound Event Detection of environmental noise/SED_wav/S-0137.wav,monophonic,Chicken coop,chicken_coop,4.97,19.13,0.14,0.55,14.16,1047
datased:monophonic:001047,S-0137,DataSED - DataSED - Dataset for Sound Event Detection of environmental noise/SED_wav/S-0137.wav,monophonic,Chicken coop,chicken_coop,20.06,25.76,0.57,0.74,5.7,1048
datased:monophonic:001048,S-0137,DataSED - DataSED - Dataset for Sound Event Detection of environmental noise/SED_wav/S-0137.wav,monophonic,Chicken coop,chicken_coop,26.61,33.35,0.76,0.95,6.74,1049
datased:monophonic:001049,S-0138,DataSED - DataSED - Dataset for Sound Event Detection of environmental noise/SED_wav/S-0138.wav,monophonic,Chicken coop,chicken_coop,0.33,0.82,0.01,0.03,0.48,1050
datased:monophonic:001050,S-0138,DataSED - DataSED - Dataset for Sound Event Detection of environmental noise/SED_wav/S-0138.wav,monophonic,Chicken coop,chicken_coop,1.16,15.79,0.04,0.49,14.63,1051
datased:monophonic:001051,S-0138,DataSED - DataSED - Dataset for Sound Event Detection of environmental noise/SED_wav/S-0138.wav,monophonic,Chicken coop,chicken_coop,19.74,31.83,0.62,1.0,12.09,1052
datased:monophonic:001052,S-0139,DataSED - DataSED - Dataset for Sound Event Detection of environmental noise/SED_wav/S-0139.wav,monophonic,Chicken coop,chicken_coop,0.0,5.26,0.0,0.06,5.26,1053
datased:monophonic:001053,S-0139,DataSED - DataSED - Dataset for Sound Event Detection of environmental noise/SED_wav/S-0139.wav,monophonic,Chicken coop,chicken_coop,7.58,17.57,0.08,0.19,9.99,1054
datased:monophonic:001054,S-0139,DataSED - DataSED - Dataset for Sound Event Detection of environmental noise/SED_wav/S-0139.wav,monophonic,Chicken coop,chicken_coop,22.87,30.44,0.25,0.33,7.56,1055
datased:monophonic:001055,S-0139,DataSED - DataSED - Dataset for Sound Event Detection of environmental noise/SED_wav/S-0139.wav,monophonic,Chicken coop,chicken_coop,33.26,50.48,0.36,0.54,17.22,1056
datased:monophonic:001056,S-0139,DataSED - DataSED - Dataset for Sound Event Detection of environmental noise/SED_wav/S-0139.wav,monophonic,Chicken coop,chicken_coop,55.22,67.13,0.59,0.72,11.91,1057
datased:monophonic:001057,S-0139,DataSED - DataSED - Dataset for Sound Event Detection of environmental noise/SED_wav/S-0139.wav,monophonic,Chicken coop,chicken_coop,71.59,88.52,0.77,0.95,16.93,1058
datased:monophonic:001058,S-0140,DataSED - DataSED - Dataset for Sound Event Detection of environmental noise/SED_wav/S-0140.wav,monophonic,Chicken coop,chicken_coop,0.5,19.43,0.02,0.92,18.93,1059
datased:monophonic:001059,S-0141,DataSED - DataSED - Dataset for Sound Event Detection of environmental noise/SED_wav/S-0141.wav,monophonic,Glass breaking,glass_breaking,0.6,3.74,0.11,0.69,3.15,1060
datased:monophonic:001060,S-0142,DataSED - DataSED - Dataset for Sound Event Detection of environmental noise/SED_wav/S-0142.wav,monophonic,Glass breaking,glass_breaking,0.53,3.23,0.02,0.15,2.71,1061
datased:monophonic:001061,S-0142,DataSED - DataSED - Dataset for Sound Event Detection of environmental noise/SED_wav/S-0142.wav,monophonic,Glass breaking,glass_breaking,3.69,7.88,0.17,0.37,4.19,1062
datased:monophonic:001062,S-0142,DataSED - DataSED - Dataset for Sound Event Detection of environmental noise/SED_wav/S-0142.wav,monophonic,Glass breaking,glass_breaking,8.6,13.95,0.4,0.65,5.34,1063
datased:monophonic:001063,S-0142,DataSED - DataSED - Dataset for Sound Event Detection of environmental noise/SED_wav/S-0142.wav,monophonic,Glass breaking,glass_breaking,14.95,17.88,0.69,0.83,2.93,1064
datased:monophonic:001064,S-0142,DataSED - DataSED - Dataset for Sound Event Detection of environmental noise/SED_wav/S-0142.wav,monophonic,Glass breaking,glass_breaking,18.7,19.32,0.87,0.89,0.61,1065
datased:monophonic:001065,S-0143,DataSED - DataSED - Dataset for Sound Event Detection of environmental noise/SED_wav/S-0143.wav,monophonic,Glass breaking,glass_breaking,1.0,3.76,0.18,0.69,2.75,1066
datased:monophonic:001066,S-0144,DataSED - DataSED - Dataset for Sound Event Detection of environmental noise/SED_wav/S-0144.wav,monophonic,Vehicle pass-by,vehicle_pass_by,12.31,40.8,0.06,0.21,28.49,1067
datased:monophonic:001067,S-0144,DataSED - DataSED - Dataset for Sound Event Detection of environmental noise/SED_wav/S-0144.wav,monophonic,Propeller aircrafts,propeller_aircrafts,46.08,117.87,0.24,0.62,71.79,1068
datased:monophonic:001068,S-0144,DataSED - DataSED - Dataset for Sound Event Detection of environmental noise/SED_wav/S-0144.wav,monophonic,Vehicle pass-by,vehicle_pass_by,122.58,138.66,0.65,0.73,16.08,1069
datased:monophonic:001069,S-0144,DataSED - DataSED - Dataset for Sound Event Detection of environmental noise/SED_wav/S-0144.wav,monophonic,Vehicle pass-by,vehicle_pass_by,141.77,147.16,0.75,0.78,5.4,1070
datased:monophonic:001070,S-0144,DataSED - DataSED - Dataset for Sound Event Detection of environmental noise/SED_wav/S-0144.wav,monophonic,Vehicle pass-by,vehicle_pass_by,171.63,181.62,0.9,0.96,9.99,1071
datased:monophonic:001071,S-0145,DataSED - DataSED - Dataset for Sound Event Detection of environmental noise/SED_wav/S-0145.wav,monophonic,Lawn mower brush cutter and olive shaker,lawn_mower_brush_cutter_olive_shaker,0.41,2.92,0.03,0.22,2.51,1072
datased:monophonic:001072,S-0145,DataSED - DataSED - Dataset for Sound Event Detection of environmental noise/SED_wav/S-0145.wav,monophonic,Lawn mower brush cutter and olive shaker,lawn_mower_brush_cutter_olive_shaker,3.9,12.06,0.3,0.92,8.16,1073
datased:monophonic:001073,S-0146,DataSED - DataSED - Dataset for Sound Event Detection of environmental noise/SED_wav/S-0146.wav,monophonic,Lawn mower brush cutter and olive shaker,lawn_mower_brush_cutter_olive_shaker,2.77,45.12,0.02,0.33,42.34,1074
datased:monophonic:001074,S-0146,DataSED - DataSED - Dataset for Sound Event Detection of environmental noise/SED_wav/S-0146.wav,monophonic,Lawn mower brush cutter and olive shaker,lawn_mower_brush_cutter_olive_shaker,50.88,92.97,0.37,0.67,42.09,1075
datased:monophonic:001075,S-0146,DataSED - DataSED - Dataset for Sound Event Detection of environmental noise/SED_wav/S-0146.wav,monophonic,Lawn mower brush cutter and olive shaker,lawn_mower_brush_cutter_olive_shaker,99.32,136.48,0.72,0.99,37.17,1076
datased:monophonic:001076,S-0147,DataSED - DataSED - Dataset for Sound Event Detection of environmental noise/SED_wav/S-0147.wav,monophonic,Lawn mower brush cutter and olive shaker,lawn_mower_brush_cutter_olive_shaker,1.03,24.98,0.01,0.18,23.96,1077
datased:monophonic:001077,S-0147,DataSED - DataSED - Dataset for Sound Event Detection of environmental noise/SED_wav/S-0147.wav,monophonic,Lawn mower brush cutter and olive shaker,lawn_mower_brush_cutter_olive_shaker,30.21,50.12,0.22,0.36,19.91,1078
datased:monophonic:001078,S-0147,DataSED - DataSED - Dataset for Sound Event Detection of environmental noise/SED_wav/S-0147.wav,monophonic,Lawn mower brush cutter and olive shaker,lawn_mower_brush_cutter_olive_shaker,55.52,91.71,0.4,0.66,36.19,1079
datased:monophonic:001079,S-0147,DataSED - DataSED - Dataset for Sound Event Detection of environmental noise/SED_wav/S-0147.wav,monophonic,Lawn mower brush cutter and olive shaker,lawn_mower_brush_cutter_olive_shaker,96.94,136.58,0.7,0.98,39.64,1080
datased:monophonic:001080,S-0148,DataSED - DataSED - Dataset for Sound Event Detection of environmental noise/SED_wav/S-0148.wav,monophonic,Vehicle pass-by,vehicle_pass_by,1.68,9.31,0.01,0.05,7.63,1081
datased:monophonic:001081,S-0148,DataSED - DataSED - Dataset for Sound Event Detection of environmental noise/SED_wav/S-0148.wav,monophonic,Horn,horn,9.36,10.89,0.05,0.06,1.54,1082
datased:monophonic:001082,S-0148,DataSED - DataSED - Dataset for Sound Event Detection of environmental noise/SED_wav/S-0148.wav,monophonic,Vehicle pass-by,vehicle_pass_by,10.91,19.4,0.06,0.1,8.49,1083
datased:monophonic:001083,S-0148,DataSED - DataSED - Dataset for Sound Event Detection of environmental noise/SED_wav/S-0148.wav,monophonic,Vehicle pass-by,vehicle_pass_by,22.0,39.37,0.11,0.2,17.37,1084
datased:monophonic:001084,S-0148,DataSED - DataSED - Dataset for Sound Event Detection of environmental noise/SED_wav/S-0148.wav,monophonic,Vehicle pass-by,vehicle_pass_by,41.37,54.84,0.21,0.28,13.47,1085
datased:monophonic:001085,S-0148,DataSED - DataSED - Dataset for Sound Event Detection of environmental noise/SED_wav/S-0148.wav,monophonic,Vehicle pass-by,vehicle_pass_by,55.2,65.83,0.28,0.34,10.63,1086
datased:monophonic:001086,S-0148,DataSED - DataSED - Dataset for Sound Event Detection of environmental noise/SED_wav/S-0148.wav,monophonic,Vehicle pass-by,vehicle_pass_by,68.31,78.47,0.35,0.4,10.16,1087
datased:monophonic:001087,S-0148,DataSED - DataSED - Dataset for Sound Event Detection of environmental noise/SED_wav/S-0148.wav,monophonic,Vehicle pass-by,vehicle_pass_by,79.77,97.49,0.41,0.5,17.72,1088
datased:monophonic:001088,S-0148,DataSED - DataSED - Dataset for Sound Event Detection of environmental noise/SED_wav/S-0148.wav,monophonic,Vehicle pass-by,vehicle_pass_by,101.51,131.64,0.52,0.67,30.13,1089
datased:monophonic:001089,S-0148,DataSED - DataSED - Dataset for Sound Event Detection of environmental noise/SED_wav/S-0148.wav,monophonic,Vehicle pass-by,vehicle_pass_by,134.47,162.0,0.69,0.83,27.53,1090
datased:monophonic:001090,S-0148,DataSED - DataSED - Dataset for Sound Event Detection of environmental noise/SED_wav/S-0148.wav,monophonic,Vehicle pass-by,vehicle_pass_by,165.78,192.01,0.85,0.98,26.23,1091
datased:monophonic:001091,S-0149,DataSED - DataSED - Dataset for Sound Event Detection of environmental noise/SED_wav/S-0149.wav,monophonic,Bells,bells,1.29,3.43,0.11,0.3,2.14,1092
datased:monophonic:001092,S-0149,DataSED - DataSED - Dataset for Sound Event Detection of environmental noise/SED_wav/S-0149.wav,monophonic,Bells,bells,5.15,7.51,0.45,0.66,2.36,1093
datased:monophonic:001093,S-0150,DataSED - DataSED - Dataset for Sound Event Detection of environmental noise/SED_wav/S-0150.wav,monophonic,Bells,bells,0.35,1.7,0.02,0.11,1.35,1094
datased:monophonic:001094,S-0150,DataSED - DataSED - Dataset for Sound Event Detection of environmental noise/SED_wav/S-0150.wav,monophonic,Bells,bells,4.62,6.7,0.3,0.43,2.08,1095
datased:monophonic:001095,S-0150,DataSED - DataSED - Dataset for Sound Event Detection of environmental noise/SED_wav/S-0150.wav,monophonic,Bells,bells,8.68,10.75,0.56,0.69,2.07,1096
datased:monophonic:001096,S-0151,DataSED - DataSED - Dataset for Sound Event Detection of environmental noise/SED_wav/S-0151.wav,monophonic,Bells,bells,2.8,19.24,0.04,0.24,16.44,1097
datased:monophonic:001097,S-0151,DataSED - DataSED - Dataset for Sound Event Detection of environmental noise/SED_wav/S-0151.wav,monophonic,Bells,bells,25.1,31.73,0.32,0.4,6.63,1098
datased:monophonic:001098,S-0151,DataSED - DataSED - Dataset for Sound Event Detection of environmental noise/SED_wav/S-0151.wav,monophonic,Bells,bells,36.87,45.33,0.46,0.57,8.46,1099
datased:monophonic:001099,S-0151,DataSED - DataSED - Dataset for Sound Event Detection of environmental noise/SED_wav/S-0151.wav,monophonic,Dog barkings and howlings,dog_barkings_and_howlings,50.33,70.09,0.63,0.88,19.75,1100
datased:monophonic:001100,S-0151,DataSED - DataSED - Dataset for Sound Event Detection of environmental noise/SED_wav/S-0151.wav,monophonic,Dog barkings and howlings,dog_barkings_and_howlings,75.85,76.91,0.96,0.97,1.06,1101
datased:monophonic:001101,S-0151,DataSED - DataSED - Dataset for Sound Event Detection of environmental noise/SED_wav/S-0151.wav,monophonic,Bells,bells,76.96,79.41,0.97,1.0,2.45,1102
datased:monophonic:001102,S-0152,DataSED - DataSED - Dataset for Sound Event Detection of environmental noise/SED_wav/S-0152.wav,monophonic,Bells,bells,4.98,10.79,0.07,0.16,5.81,1103
datased:monophonic:001103,S-0152,DataSED - DataSED - Dataset for Sound Event Detection of environmental noise/SED_wav/S-0152.wav,monophonic,Bells,bells,14.8,20.56,0.21,0.3,5.76,1104
datased:monophonic:001104,S-0152,DataSED - DataSED - Dataset for Sound Event Detection of environmental noise/SED_wav/S-0152.wav,monophonic,Bells,bells,25.32,33.8,0.37,0.49,8.48,1105
datased:monophonic:001105,S-0152,DataSED - DataSED - Dataset for Sound Event Detection of environmental noise/SED_wav/S-0152.wav,monophonic,Bells,bells,38.56,48.88,0.56,0.71,10.32,1106
datased:monophonic:001106,S-0152,DataSED - DataSED - Dataset for Sound Event Detection of environmental noise/SED_wav/S-0152.wav,monophonic,Bells,bells,53.18,67.89,0.77,0.98,14.7,1107
datased:monophonic:001107,S-0153,DataSED - DataSED - Dataset for Sound Event Detection of environmental noise/SED_wav/S-0153.wav,monophonic,Voices,voices,1.19,5.25,0.01,0.05,4.06,1108
datased:monophonic:001108,S-0153,DataSED - DataSED - Dataset for Sound Event Detection of environmental noise/SED_wav/S-0153.wav,monophonic,Voices,voices,7.31,20.79,0.08,0.21,13.48,1109
datased:monophonic:001109,S-0153,DataSED - DataSED - Dataset for Sound Event Detection of environmental noise/SED_wav/S-0153.wav,monophonic,Voices,voices,24.97,28.44,0.26,0.29,3.47,1110
datased:monophonic:001110,S-0153,DataSED - DataSED - Dataset for Sound Event Detection of environmental noise/SED_wav/S-0153.wav,monophonic,Voices,voices,31.62,34.62,0.33,0.36,3.0,1111
datased:monophonic:001111,S-0153,DataSED - DataSED - Dataset for Sound Event Detection of environmental noise/SED_wav/S-0153.wav,monophonic,Voices,voices,35.56,37.03,0.37,0.38,1.47,1112
datased:monophonic:001112,S-0153,DataSED - DataSED - Dataset for Sound Event Detection of environmental noise/SED_wav/S-0153.wav,monophonic,Voices,voices,37.98,40.62,0.39,0.42,2.65,1113
datased:monophonic:001113,S-0153,DataSED - DataSED - Dataset for Sound Event Detection of environmental noise/SED_wav/S-0153.wav,monophonic,Voices,voices,46.22,49.81,0.48,0.51,3.59,1114
datased:monophonic:001114,S-0153,DataSED - DataSED - Dataset for Sound Event Detection of environmental noise/SED_wav/S-0153.wav,monophonic,Voices,voices,53.1,60.69,0.55,0.62,7.59,1115
datased:monophonic:001115,S-0153,DataSED - DataSED - Dataset for Sound Event Detection of environmental noise/SED_wav/S-0153.wav,monophonic,Voices,voices,61.22,65.34,0.63,0.67,4.12,1116
datased:monophonic:001116,S-0153,DataSED - DataSED - Dataset for Sound Event Detection of environmental noise/SED_wav/S-0153.wav,monophonic,Voices,voices,67.17,70.58,0.69,0.73,3.41,1117
datased:monophonic:001117,S-0153,DataSED - DataSED - Dataset for Sound Event Detection of environmental noise/SED_wav/S-0153.wav,monophonic,Voices,voices,75.0,85.89,0.77,0.88,10.89,1118
datased:monophonic:001118,S-0153,DataSED - DataSED - Dataset for Sound Event Detection of environmental noise/SED_wav/S-0153.wav,monophonic,Voices,voices,87.89,89.12,0.9,0.92,1.24,1119
datased:monophonic:001119,S-0153,DataSED - DataSED - Dataset for Sound Event Detection of environmental noise/SED_wav/S-0153.wav,monophonic,Voices,voices,91.18,93.6,0.94,0.96,2.41,1120
datased:monophonic:001120,S-0154,DataSED - DataSED - Dataset for Sound Event Detection of environmental noise/SED_wav/S-0154.wav,monophonic,Bells,bells,0.57,4.26,0.02,0.12,3.69,1121
datased:monophonic:001121,S-0154,DataSED - DataSED - Dataset for Sound Event Detection of environmental noise/SED_wav/S-0154.wav,monophonic,Bells,bells,5.89,9.48,0.16,0.26,3.58,1122
datased:monophonic:001122,S-0154,DataSED - DataSED - Dataset for Sound Event Detection of environmental noise/SED_wav/S-0154.wav,monophonic,Bells,bells,11.26,14.26,0.31,0.4,3.0,1123
datased:monophonic:001123,S-0154,DataSED - DataSED - Dataset for Sound Event Detection of environmental noise/SED_wav/S-0154.wav,monophonic,Bells,bells,16.41,19.8,0.46,0.55,3.39,1124
datased:monophonic:001124,S-0154,DataSED - DataSED - Dataset for Sound Event Detection of environmental noise/SED_wav/S-0154.wav,monophonic,Bells,bells,22.03,26.12,0.61,0.73,4.08,1125
datased:monophonic:001125,S-0154,DataSED - DataSED - Dataset for Sound Event Detection of environmental noise/SED_wav/S-0154.wav,monophonic,Bells,bells,28.88,32.57,0.8,0.91,3.69,1126
datased:monophonic:001126,S-0155,DataSED - DataSED - Dataset for Sound Event Detection of environmental noise/SED_wav/S-0155.wav,monophonic,Bells,bells,0.94,3.89,0.02,0.1,2.95,1127
datased:monophonic:001127,S-0155,DataSED - DataSED - Dataset for Sound Event Detection of environmental noise/SED_wav/S-0155.wav,monophonic,Bells,bells,5.69,7.96,0.14,0.2,2.28,1128
datased:monophonic:001128,S-0155,DataSED - DataSED - Dataset for Sound Event Detection of environmental noise/SED_wav/S-0155.wav,monophonic,Bells,bells,10.57,13.33,0.27,0.34,2.76,1129
datased:monophonic:001129,S-0155,DataSED - DataSED - Dataset for Sound Event Detection of environmental noise/SED_wav/S-0155.wav,monophonic,Bells,bells,15.94,18.48,0.4,0.47,2.54,1130
datased:monophonic:001130,S-0155,DataSED - DataSED - Dataset for Sound Event Detection of environmental noise/SED_wav/S-0155.wav,monophonic,Bells,bells,20.64,22.49,0.52,0.57,1.85,1131
datased:monophonic:001131,S-0155,DataSED - DataSED - Dataset for Sound Event Detection of environmental noise/SED_wav/S-0155.wav,monophonic,Bells,bells,25.19,27.73,0.64,0.7,2.54,1132
datased:monophonic:001132,S-0155,DataSED - DataSED - Dataset for Sound Event Detection of environmental noise/SED_wav/S-0155.wav,monophonic,Bells,bells,30.16,32.62,0.76,0.82,2.47,1133
datased:monophonic:001133,S-0155,DataSED - DataSED - Dataset for Sound Event Detection of environmental noise/SED_wav/S-0155.wav,monophonic,Bells,bells,35.57,37.75,0.9,0.95,2.18,1134
datased:monophonic:001134,S-0156,DataSED - DataSED - Dataset for Sound Event Detection of environmental noise/SED_wav/S-0156.wav,monophonic,Bells,bells,0.75,7.93,0.01,0.15,7.17,1135
datased:monophonic:001135,S-0156,DataSED - DataSED - Dataset for Sound Event Detection of environmental noise/SED_wav/S-0156.wav,monophonic,Bells,bells,10.94,18.15,0.2,0.34,7.2,1136
datased:monophonic:001136,S-0156,DataSED - DataSED - Dataset for Sound Event Detection of environmental noise/SED_wav/S-0156.wav,monophonic,Bells,bells,21.26,27.4,0.4,0.51,6.13,1137
datased:monophonic:001137,S-0156,DataSED - DataSED - Dataset for Sound Event Detection of environmental noise/SED_wav/S-0156.wav,monophonic,Bells,bells,32.59,39.44,0.61,0.74,6.85,1138
datased:monophonic:001138,S-0156,DataSED - DataSED - Dataset for Sound Event Detection of environmental noise/SED_wav/S-0156.wav,monophonic,Bells,bells,44.6,51.09,0.83,0.95,6.49,1139
datased:monophonic:001139,S-0157,DataSED - DataSED - Dataset for Sound Event Detection of environmental noise/SED_wav/S-0157.wav,monophonic,Bells,bells,0.77,11.3,0.01,0.22,10.53,1140
datased:monophonic:001140,S-0157,DataSED - DataSED - Dataset for Sound Event Detection of environmental noise/SED_wav/S-0157.wav,monophonic,Bells,bells,12.98,21.39,0.25,0.41,8.41,1141
datased:monophonic:001141,S-0157,DataSED - DataSED - Dataset for Sound Event Detection of environmental noise/SED_wav/S-0157.wav,monophonic,Bells,bells,23.17,31.48,0.44,0.6,8.31,1142
datased:monophonic:001142,S-0157,DataSED - DataSED - Dataset for Sound Event Detection of environmental noise/SED_wav/S-0157.wav,monophonic,Bells,bells,34.12,41.32,0.65,0.79,7.2,1143
datased:monophonic:001143,S-0157,DataSED - DataSED - Dataset for Sound Event Detection of environmental noise/SED_wav/S-0157.wav,monophonic,Bells,bells,43.95,50.9,0.84,0.97,6.95,1144
datased:monophonic:001144,S-0158,DataSED - DataSED - Dataset for Sound Event Detection of environmental noise/SED_wav/S-0158.wav,monophonic,Bells,bells,0.62,9.05,0.01,0.14,8.43,1145
datased:monophonic:001145,S-0158,DataSED - DataSED - Dataset for Sound Event Detection of environmental noise/SED_wav/S-0158.wav,monophonic,Birds,birds,9.06,12.58,0.14,0.2,3.52,1146
datased:monophonic:001146,S-0158,DataSED - DataSED - Dataset for Sound Event Detection of environmental noise/SED_wav/S-0158.wav,monophonic,Bells,bells,12.69,20.52,0.2,0.33,7.82,1147
datased:monophonic:001147,S-0158,DataSED - DataSED - Dataset for Sound Event Detection of environmental noise/SED_wav/S-0158.wav,monophonic,Birds,birds,20.79,24.35,0.33,0.39,3.56,1148
datased:monophonic:001148,S-0158,DataSED - DataSED - Dataset for Sound Event Detection of environmental noise/SED_wav/S-0158.wav,monophonic,Bells,bells,24.36,32.33,0.39,0.52,7.98,1149
datased:monophonic:001149,S-0158,DataSED - DataSED - Dataset for Sound Event Detection of environmental noise/SED_wav/S-0158.wav,monophonic,Birds,birds,32.49,36.09,0.52,0.58,3.61,1150
datased:monophonic:001150,S-0158,DataSED - DataSED - Dataset for Sound Event Detection of environmental noise/SED_wav/S-0158.wav,monophonic,Bells,bells,36.13,55.24,0.58,0.88,19.11,1151
datased:monophonic:001151,S-0158,DataSED - DataSED - Dataset for Sound Event Detection of environmental noise/SED_wav/S-0158.wav,monophonic,Birds,birds,55.39,58.81,0.88,0.94,3.42,1152
datased:monophonic:001152,S-0159,DataSED - DataSED - Dataset for Sound Event Detection of environmental noise/SED_wav/S-0159.wav,monophonic,Bells,bells,2.02,3.35,0.08,0.13,1.33,1153
datased:monophonic:001153,S-0159,DataSED - DataSED - Dataset for Sound Event Detection of environmental noise/SED_wav/S-0159.wav,monophonic,Bells,bells,5.63,6.37,0.21,0.24,0.74,1154
datased:monophonic:001154,S-0159,DataSED - DataSED - Dataset for Sound Event Detection of environmental noise/SED_wav/S-0159.wav,monophonic,Bells,bells,10.21,13.73,0.39,0.52,3.51,1155
datased:monophonic:001155,S-0160,DataSED - DataSED - Dataset for Sound Event Detection of environmental noise/SED_wav/S-0160.wav,monophonic,Thunder fireworks and gunshot,thunder_fireworks_gunshot,2.54,4.31,0.02,0.04,1.78,1156
datased:monophonic:001156,S-0160,DataSED - DataSED - Dataset for Sound Event Detection of environmental noise/SED_wav/S-0160.wav,monophonic,Dog barkings and howlings,dog_barkings_and_howlings,4.46,14.17,0.04,0.12,9.71,1157
datased:monophonic:001157,S-0160,DataSED - DataSED - Dataset for Sound Event Detection of environmental noise/SED_wav/S-0160.wav,monophonic,Dog barkings and howlings,dog_barkings_and_howlings,19.44,34.26,0.16,0.28,14.83,1158
datased:monophonic:001158,S-0160,DataSED - DataSED - Dataset for Sound Event Detection of environmental noise/SED_wav/S-0160.wav,monophonic,Dog barkings and howlings,dog_barkings_and_howlings,40.42,61.54,0.33,0.5,21.13,1159
datased:monophonic:001159,S-0160,DataSED - DataSED - Dataset for Sound Event Detection of environmental noise/SED_wav/S-0160.wav,monophonic,Dog barkings and howlings,dog_barkings_and_howlings,68.74,82.52,0.56,0.67,13.79,1160
datased:monophonic:001160,S-0160,DataSED - DataSED - Dataset for Sound Event Detection of environmental noise/SED_wav/S-0160.wav,monophonic,Dog barkings and howlings,dog_barkings_and_howlings,88.97,95.05,0.73,0.78,6.08,1161
datased:monophonic:001161,S-0160,DataSED - DataSED - Dataset for Sound Event Detection of environmental noise/SED_wav/S-0160.wav,monophonic,Dog barkings and howlings,dog_barkings_and_howlings,101.58,117.59,0.83,0.96,16.01,1162
datased:monophonic:001162,S-0161,DataSED - DataSED - Dataset for Sound Event Detection of environmental noise/SED_wav/S-0161.wav,monophonic,Vehicle pass-by,vehicle_pass_by,3.26,38.34,0.03,0.32,35.08,1163
datased:monophonic:001163,S-0161,DataSED - DataSED - Dataset for Sound Event Detection of environmental noise/SED_wav/S-0161.wav,monophonic,Voices,voices,38.64,39.58,0.32,0.33,0.94,1164
datased:monophonic:001164,S-0161,DataSED - DataSED - Dataset for Sound Event Detection of environmental noise/SED_wav/S-0161.wav,monophonic,Vehicle pass-by,vehicle_pass_by,46.49,50.84,0.39,0.43,4.34,1165
datased:monophonic:001165,S-0161,DataSED - DataSED - Dataset for Sound Event Detection of environmental noise/SED_wav/S-0161.wav,monophonic,Vehicle idling,vehicle_idling,50.89,59.25,0.43,0.5,8.36,1166
datased:monophonic:001166,S-0161,DataSED - DataSED - Dataset for Sound Event Detection of environmental noise/SED_wav/S-0161.wav,monophonic,Vehicle pass-by,vehicle_pass_by,59.41,70.13,0.5,0.59,10.72,1167
datased:monophonic:001167,S-0161,DataSED - DataSED - Dataset for Sound Event Detection of environmental noise/SED_wav/S-0161.wav,monophonic,Vehicle idling,vehicle_idling,70.2,77.63,0.59,0.65,7.42,1168
datased:monophonic:001168,S-0161,DataSED - DataSED - Dataset for Sound Event Detection of environmental noise/SED_wav/S-0161.wav,monophonic,Vehicle pass-by,vehicle_pass_by,85.77,90.84,0.72,0.76,5.08,1169
datased:monophonic:001169,S-0161,DataSED - DataSED - Dataset for Sound Event Detection of environmental noise/SED_wav/S-0161.wav,monophonic,Horn,horn,90.88,92.25,0.76,0.77,1.37,1170
datased:monophonic:001170,S-0161,DataSED - DataSED - Dataset for Sound Event Detection of environmental noise/SED_wav/S-0161.wav,monophonic,Vehicle pass-by,vehicle_pass_by,92.26,95.61,0.77,0.8,3.35,1171
datased:monophonic:001171,S-0161,DataSED - DataSED - Dataset for Sound Event Detection of environmental noise/SED_wav/S-0161.wav,monophonic,Horn,horn,95.78,96.72,0.8,0.81,0.94,1172
datased:monophonic:001172,S-0161,DataSED - DataSED - Dataset for Sound Event Detection of environmental noise/SED_wav/S-0161.wav,monophonic,Vehicle pass-by,vehicle_pass_by,96.8,117.84,0.81,0.99,21.04,1173
datased:monophonic:001173,S-0162,DataSED - DataSED - Dataset for Sound Event Detection of environmental noise/SED_wav/S-0162.wav,monophonic,Voices,voices,1.41,5.38,0.01,0.04,3.96,1174
datased:monophonic:001174,S-0162,DataSED - DataSED - Dataset for Sound Event Detection of environmental noise/SED_wav/S-0162.wav,monophonic,Vehicle idling,vehicle_idling,5.77,17.26,0.04,0.13,11.49,1175
datased:monophonic:001175,S-0162,DataSED - DataSED - Dataset for Sound Event Detection of environmental noise/SED_wav/S-0162.wav,monophonic,Horn,horn,17.66,23.18,0.14,0.18,5.52,1176
datased:monophonic:001176,S-0162,DataSED - DataSED - Dataset for Sound Event Detection of environmental noise/SED_wav/S-0162.wav,monophonic,Voices,voices,24.03,28.7,0.19,0.22,4.66,1177
datased:monophonic:001177,S-0162,DataSED - DataSED - Dataset for Sound Event Detection of environmental noise/SED_wav/S-0162.wav,monophonic,Vehicle idling,vehicle_idling,36.7,77.19,0.29,0.6,40.49,1178
datased:monophonic:001178,S-0162,DataSED - DataSED - Dataset for Sound Event Detection of environmental noise/SED_wav/S-0162.wav,monophonic,Vehicle idling,vehicle_idling,83.72,108.12,0.65,0.84,24.4,1179
datased:monophonic:001179,S-0162,DataSED - DataSED - Dataset for Sound Event Detection of environmental noise/SED_wav/S-0162.wav,monophonic,Vehicle pass-by,vehicle_pass_by,108.13,125.46,0.84,0.98,17.33,1180
datased:monophonic:001180,S-0163,DataSED - DataSED - Dataset for Sound Event Detection of environmental noise/SED_wav/S-0163.wav,monophonic,Bells,bells,0.45,11.27,0.0,0.11,10.83,1181
datased:monophonic:001181,S-0163,DataSED - DataSED - Dataset for Sound Event Detection of environmental noise/SED_wav/S-0163.wav,monophonic,Bells,bells,13.87,23.89,0.14,0.23,10.02,1182
datased:monophonic:001182,S-0163,DataSED - DataSED - Dataset for Sound Event Detection of environmental noise/SED_wav/S-0163.wav,monophonic,Bells,bells,27.48,39.42,0.27,0.39,11.94,1183
datased:monophonic:001183,S-0163,DataSED - DataSED - Dataset for Sound Event Detection of environmental noise/SED_wav/S-0163.wav,monophonic,Bells,bells,41.28,47.53,0.4,0.46,6.25,1184
datased:monophonic:001184,S-0163,DataSED - DataSED - Dataset for Sound Event Detection of environmental noise/SED_wav/S-0163.wav,monophonic,Bells,bells,48.83,56.87,0.48,0.56,8.04,1185
datased:monophonic:001185,S-0163,DataSED - DataSED - Dataset for Sound Event Detection of environmental noise/SED_wav/S-0163.wav,monophonic,Bells,bells,61.51,69.18,0.6,0.68,7.67,1186
datased:monophonic:001186,S-0163,DataSED - DataSED - Dataset for Sound Event Detection of environmental noise/SED_wav/S-0163.wav,monophonic,Bells,bells,73.64,80.01,0.72,0.78,6.37,1187
datased:monophonic:001187,S-0163,DataSED - DataSED - Dataset for Sound Event Detection of environmental noise/SED_wav/S-0163.wav,monophonic,Bells,bells,84.59,95.66,0.83,0.94,11.07,1188
datased:monophonic:001188,S-0164,DataSED - DataSED - Dataset for Sound Event Detection of environmental noise/SED_wav/S-0164.wav,monophonic,Bells,bells,0.49,2.47,0.02,0.09,1.98,1189
datased:monophonic:001189,S-0164,DataSED - DataSED - Dataset for Sound Event Detection of environmental noise/SED_wav/S-0164.wav,monophonic,Bells,bells,2.95,4.91,0.1,0.17,1.96,1190
datased:monophonic:001190,S-0164,DataSED - DataSED - Dataset for Sound Event Detection of environmental noise/SED_wav/S-0164.wav,monophonic,Bells,bells,5.36,7.53,0.19,0.26,2.17,1191
datased:monophonic:001191,S-0164,DataSED - DataSED - Dataset for Sound Event Detection of environmental noise/SED_wav/S-0164.wav,monophonic,Bells,bells,7.79,10.04,0.27,0.35,2.25,1192
datased:monophonic:001192,S-0164,DataSED - DataSED - Dataset for Sound Event Detection of environmental noise/SED_wav/S-0164.wav,monophonic,Bells,bells,10.33,21.84,0.36,0.76,11.51,1193
datased:monophonic:001193,S-0165,DataSED - DataSED - Dataset for Sound Event Detection of environmental noise/SED_wav/S-0165.wav,monophonic,Propeller aircrafts,propeller_aircrafts,4.72,79.81,0.03,0.45,75.1,1194
datased:monophonic:001194,S-0165,DataSED - DataSED - Dataset for Sound Event Detection of environmental noise/SED_wav/S-0165.wav,monophonic,Propeller aircrafts,propeller_aircrafts,85.78,171.12,0.49,0.97,85.34,1195
datased:monophonic:001195,S-0166,DataSED - DataSED - Dataset for Sound Event Detection of environmental noise/SED_wav/S-0166.wav,monophonic,Cat fight and moans,cat_fights_and_moans,0.39,2.27,0.0,0.02,1.88,1196
datased:monophonic:001196,S-0166,DataSED - DataSED - Dataset for Sound Event Detection of environmental noise/SED_wav/S-0166.wav,monophonic,Cat fight and moans,cat_fights_and_moans,2.83,4.59,0.03,0.04,1.76,1197
datased:monophonic:001197,S-0166,DataSED - DataSED - Dataset for Sound Event Detection of environmental noise/SED_wav/S-0166.wav,monophonic,Cat fight and moans,cat_fights_and_moans,7.35,9.23,0.07,0.09,1.88,1198
datased:monophonic:001198,S-0166,DataSED - DataSED - Dataset for Sound Event Detection of environmental noise/SED_wav/S-0166.wav,monophonic,Cat fight and moans,cat_fights_and_moans,9.98,11.49,0.1,0.11,1.5,1199
datased:monophonic:001199,S-0166,DataSED - DataSED - Dataset for Sound Event Detection of environmental noise/SED_wav/S-0166.wav,monophonic,Cat fight and moans,cat_fights_and_moans,13.18,15.31,0.13,0.15,2.13,1200
datased:monophonic:001200,S-0166,DataSED - DataSED - Dataset for Sound Event Detection of environmental noise/SED_wav/S-0166.wav,monophonic,Cat fight and moans,cat_fights_and_moans,17.44,19.45,0.17,0.19,2.01,1201
datased:monophonic:001201,S-0166,DataSED - DataSED - Dataset for Sound Event Detection of environmental noise/SED_wav/S-0166.wav,monophonic,Cat fight and moans,cat_fights_and_moans,30.49,32.43,0.29,0.31,1.94,1202
datased:monophonic:001202,S-0166,DataSED - DataSED - Dataset for Sound Event Detection of environmental noise/SED_wav/S-0166.wav,monophonic,Cat fight and moans,cat_fights_and_moans,35.0,36.76,0.34,0.35,1.76,1203
datased:monophonic:001203,S-0166,DataSED - DataSED - Dataset for Sound Event Detection of environmental noise/SED_wav/S-0166.wav,monophonic,Cat fight and moans,cat_fights_and_moans,37.7,39.52,0.36,0.38,1.82,1204
datased:monophonic:001204,S-0166,DataSED - DataSED - Dataset for Sound Event Detection of environmental noise/SED_wav/S-0166.wav,monophonic,Cat fight and moans,cat_fights_and_moans,45.47,47.35,0.44,0.46,1.88,1205
datased:monophonic:001205,S-0166,DataSED - DataSED - Dataset for Sound Event Detection of environmental noise/SED_wav/S-0166.wav,monophonic,Cat fight and moans,cat_fights_and_moans,48.17,49.99,0.46,0.48,1.82,1206
datased:monophonic:001206,S-0166,DataSED - DataSED - Dataset for Sound Event Detection of environmental noise/SED_wav/S-0166.wav,monophonic,Cat fight and moans,cat_fights_and_moans,57.64,59.08,0.56,0.57,1.44,1207
datased:monophonic:001207,S-0166,DataSED - DataSED - Dataset for Sound Event Detection of environmental noise/SED_wav/S-0166.wav,monophonic,Cat fight and moans,cat_fights_and_moans,61.53,63.47,0.59,0.61,1.94,1208
datased:monophonic:001208,S-0166,DataSED - DataSED - Dataset for Sound Event Detection of environmental noise/SED_wav/S-0166.wav,monophonic,Cat fight and moans,cat_fights_and_moans,78.08,79.65,0.75,0.77,1.57,1209
datased:monophonic:001209,S-0166,DataSED - DataSED - Dataset for Sound Event Detection of environmental noise/SED_wav/S-0166.wav,monophonic,Cat fight and moans,cat_fights_and_moans,81.72,83.6,0.79,0.81,1.88,1210
datased:monophonic:001210,S-0166,DataSED - DataSED - Dataset for Sound Event Detection of environmental noise/SED_wav/S-0166.wav,monophonic,Cat fight and moans,cat_fights_and_moans,85.1,86.67,0.82,0.84,1.57,1211
datased:monophonic:001211,S-0166,DataSED - DataSED - Dataset for Sound Event Detection of environmental noise/SED_wav/S-0166.wav,monophonic,Cat fight and moans,cat_fights_and_moans,98.27,101.97,0.95,0.98,3.7,1212
datased:monophonic:001212,S-0167,DataSED - DataSED - Dataset for Sound Event Detection of environmental noise/SED_wav/S-0167.wav,monophonic,Jet aircrafts,jet_aircrafts,0.85,2.49,0.05,0.15,1.64,1213
datased:monophonic:001213,S-0167,DataSED - DataSED - Dataset for Sound Event Detection of environmental noise/SED_wav/S-0167.wav,monophonic,Cat fight and moans,cat_fights_and_moans,2.58,4.39,0.16,0.26,1.81,1214
datased:monophonic:001214,S-0167,DataSED - DataSED - Dataset for Sound Event Detection of environmental noise/SED_wav/S-0167.wav,monophonic,Jet aircrafts,jet_aircrafts,4.48,9.3,0.27,0.56,4.82,1215
datased:monophonic:001215,S-0167,DataSED - DataSED - Dataset for Sound Event Detection of environmental noise/SED_wav/S-0167.wav,monophonic,Cat fight and moans,cat_fights_and_moans,9.43,14.05,0.57,0.85,4.61,1216
datased:monophonic:001216,S-0167,DataSED - DataSED - Dataset for Sound Event Detection of environmental noise/SED_wav/S-0167.wav,monophonic,Jet aircrafts,jet_aircrafts,14.12,15.45,0.85,0.93,1.33,1217
datased:monophonic:001217,S-0167,DataSED - DataSED - Dataset for Sound Event Detection of environmental noise/SED_wav/S-0167.wav,monophonic,Birds,birds,15.49,16.61,0.93,1.0,1.12,1218
datased:monophonic:001218,S-0168,DataSED - DataSED - Dataset for Sound Event Detection of environmental noise/SED_wav/S-0168.wav,monophonic,Cat fight and moans,cat_fights_and_moans,0.65,4.61,0.01,0.08,3.96,1219
datased:monophonic:001219,S-0168,DataSED - DataSED - Dataset for Sound Event Detection of environmental noise/SED_wav/S-0168.wav,monophonic,Cat fight and moans,cat_fights_and_moans,6.81,19.83,0.11,0.33,13.02,1220
datased:monophonic:001220,S-0168,DataSED - DataSED - Dataset for Sound Event Detection of environmental noise/SED_wav/S-0168.wav,monophonic,Vehicle pass-by,vehicle_pass_by,19.97,25.98,0.34,0.44,6.01,1221
datased:monophonic:001221,S-0168,DataSED - DataSED - Dataset for Sound Event Detection of environmental noise/SED_wav/S-0168.wav,monophonic,Cat fight and moans,cat_fights_and_moans,26.09,43.42,0.44,0.73,17.34,1222
datased:monophonic:001222,S-0168,DataSED - DataSED - Dataset for Sound Event Detection of environmental noise/SED_wav/S-0168.wav,monophonic,Cat fight and moans,cat_fights_and_moans,46.8,54.18,0.79,0.91,7.37,1223
datased:monophonic:001223,S-0169,DataSED - DataSED - Dataset for Sound Event Detection of environmental noise/SED_wav/S-0169.wav,monophonic,Cat fight and moans,cat_fights_and_moans,1.17,5.86,0.05,0.27,4.7,1224
datased:monophonic:001224,S-0169,DataSED - DataSED - Dataset for Sound Event Detection of environmental noise/SED_wav/S-0169.wav,monophonic,Cat fight and moans,cat_fights_and_moans,9.53,14.12,0.44,0.65,4.59,1225
datased:monophonic:001225,S-0169,DataSED - DataSED - Dataset for Sound Event Detection of environmental noise/SED_wav/S-0169.wav,monophonic,Cat fight and moans,cat_fights_and_moans,15.68,17.96,0.72,0.82,2.28,1226
datased:monophonic:001226,S-0169,DataSED - DataSED - Dataset for Sound Event Detection of environmental noise/SED_wav/S-0169.wav,monophonic,Cat fight and moans,cat_fights_and_moans,19.37,21.17,0.89,0.97,1.8,1227
datased:monophonic:001227,S-0170,DataSED - DataSED - Dataset for Sound Event Detection of environmental noise/SED_wav/S-0170.wav,monophonic,Voices,voices,0.0,1.38,0.0,0.03,1.38,1228
datased:monophonic:001228,S-0170,DataSED - DataSED - Dataset for Sound Event Detection of environmental noise/SED_wav/S-0170.wav,monophonic,Cat fight and moans,cat_fights_and_moans,1.39,13.74,0.03,0.3,12.35,1229
datased:monophonic:001229,S-0170,DataSED - DataSED - Dataset for Sound Event Detection of environmental noise/SED_wav/S-0170.wav,monophonic,Cat fight and moans,cat_fights_and_moans,15.88,22.6,0.34,0.49,6.72,1230
datased:monophonic:001230,S-0170,DataSED - DataSED - Dataset for Sound Event Detection of environmental noise/SED_wav/S-0170.wav,monophonic,Cat fight and moans,cat_fights_and_moans,23.89,29.2,0.51,0.63,5.31,1231
datased:monophonic:001231,S-0170,DataSED - DataSED - Dataset for Sound Event Detection of environmental noise/SED_wav/S-0170.wav,monophonic,Cat fight and moans,cat_fights_and_moans,30.69,39.68,0.66,0.85,8.99,1232
datased:monophonic:001232,S-0170,DataSED - DataSED - Dataset for Sound Event Detection of environmental noise/SED_wav/S-0170.wav,monophonic,Cat fight and moans,cat_fights_and_moans,41.11,46.42,0.89,1.0,5.31,1233
datased:monophonic:001233,S-0171,DataSED - DataSED - Dataset for Sound Event Detection of environmental noise/SED_wav/S-0171.wav,monophonic,Cat fight and moans,cat_fights_and_moans,0.61,2.51,0.01,0.05,1.9,1234
datased:monophonic:001234,S-0171,DataSED - DataSED - Dataset for Sound Event Detection of environmental noise/SED_wav/S-0171.wav,monophonic,Cat fight and moans,cat_fights_and_moans,3.17,4.74,0.06,0.09,1.57,1235
datased:monophonic:001235,S-0171,DataSED - DataSED - Dataset for Sound Event Detection of environmental noise/SED_wav/S-0171.wav,monophonic,Cat fight and moans,cat_fights_and_moans,5.01,6.51,0.09,0.12,1.5,1236
datased:monophonic:001236,S-0171,DataSED - DataSED - Dataset for Sound Event Detection of environmental noise/SED_wav/S-0171.wav,monophonic,Cat fight and moans,cat_fights_and_moans,6.81,8.11,0.12,0.15,1.3,1237
datased:monophonic:001237,S-0171,DataSED - DataSED - Dataset for Sound Event Detection of environmental noise/SED_wav/S-0171.wav,monophonic,Cat fight and moans,cat_fights_and_moans,8.41,9.9,0.15,0.18,1.5,1238
datased:monophonic:001238,S-0171,DataSED - DataSED - Dataset for Sound Event Detection of environmental noise/SED_wav/S-0171.wav,monophonic,Cat fight and moans,cat_fights_and_moans,11.04,12.87,0.2,0.23,1.83,1239
datased:monophonic:001239,S-0171,DataSED - DataSED - Dataset for Sound Event Detection of environmental noise/SED_wav/S-0171.wav,monophonic,Cat fight and moans,cat_fights_and_moans,14.1,17.87,0.26,0.32,3.77,1240
datased:monophonic:001240,S-0171,DataSED - DataSED - Dataset for Sound Event Detection of environmental noise/SED_wav/S-0171.wav,monophonic,Cat fight and moans,cat_fights_and_moans,24.37,26.34,0.44,0.48,1.97,1241
datased:monophonic:001241,S-0171,DataSED - DataSED - Dataset for Sound Event Detection of environmental noise/SED_wav/S-0171.wav,monophonic,Cat fight and moans,cat_fights_and_moans,26.6,32.6,0.48,0.59,6.0,1242
datased:monophonic:001242,S-0171,DataSED - DataSED - Dataset for Sound Event Detection of environmental noise/SED_wav/S-0171.wav,monophonic,Cat fight and moans,cat_fights_and_moans,36.17,38.83,0.66,0.71,2.67,1243
datased:monophonic:001243,S-0171,DataSED - DataSED - Dataset for Sound Event Detection of environmental noise/SED_wav/S-0171.wav,monophonic,Cat fight and moans,cat_fights_and_moans,41.73,43.53,0.76,0.79,1.8,1244
datased:monophonic:001244,S-0171,DataSED - DataSED - Dataset for Sound Event Detection of environmental noise/SED_wav/S-0171.wav,monophonic,Cat fight and moans,cat_fights_and_moans,44.3,48.06,0.8,0.87,3.77,1245
datased:monophonic:001245,S-0171,DataSED - DataSED - Dataset for Sound Event Detection of environmental noise/SED_wav/S-0171.wav,monophonic,Cat fight and moans,cat_fights_and_moans,48.56,53.3,0.88,0.97,4.73,1246
datased:monophonic:001246,S-0172,DataSED - DataSED - Dataset for Sound Event Detection of environmental noise/SED_wav/S-0172.wav,monophonic,Cicadas and crickets,cicadas_and_crickets,0.67,32.4,0.0,0.12,31.73,1247
datased:monophonic:001247,S-0172,DataSED - DataSED - Dataset for Sound Event Detection of environmental noise/SED_wav/S-0172.wav,monophonic,Cicadas and crickets,cicadas_and_crickets,44.04,90.12,0.17,0.34,46.08,1248
datased:monophonic:001248,S-0172,DataSED - DataSED - Dataset for Sound Event Detection of environmental noise/SED_wav/S-0172.wav,monophonic,Cicadas and crickets,cicadas_and_crickets,96.66,159.48,0.37,0.61,62.82,1249
datased:monophonic:001249,S-0172,DataSED - DataSED - Dataset for Sound Event Detection of environmental noise/SED_wav/S-0172.wav,monophonic,Cicadas and crickets,cicadas_and_crickets,166.81,213.85,0.63,0.81,47.04,1250
datased:monophonic:001250,S-0172,DataSED - DataSED - Dataset for Sound Event Detection of environmental noise/SED_wav/S-0172.wav,monophonic,Cicadas and crickets,cicadas_and_crickets,225.01,259.77,0.85,0.99,34.76,1251
datased:monophonic:001251,S-0173,DataSED - DataSED - Dataset for Sound Event Detection of environmental noise/SED_wav/S-0173.wav,monophonic,Cicadas and crickets,cicadas_and_crickets,0.0,5.23,0.0,0.12,5.23,1252
datased:monophonic:001252,S-0173,DataSED - DataSED - Dataset for Sound Event Detection of environmental noise/SED_wav/S-0173.wav,monophonic,Dog barkings and howlings,dog_barkings_and_howlings,5.34,7.18,0.12,0.16,1.85,1253
datased:monophonic:001253,S-0173,DataSED - DataSED - Dataset for Sound Event Detection of environmental noise/SED_wav/S-0173.wav,monophonic,Dog barkings and howlings,dog_barkings_and_howlings,7.68,8.95,0.18,0.21,1.27,1254
datased:monophonic:001254,S-0173,DataSED - DataSED - Dataset for Sound Event Detection of environmental noise/SED_wav/S-0173.wav,monophonic,Cicadas and crickets,cicadas_and_crickets,9.16,11.77,0.21,0.27,2.62,1255
datased:monophonic:001255,S-0173,DataSED - DataSED - Dataset for Sound Event Detection of environmental noise/SED_wav/S-0173.wav,monophonic,Dog barkings and howlings,dog_barkings_and_howlings,12.01,12.78,0.28,0.29,0.77,1256
datased:monophonic:001256,S-0173,DataSED - DataSED - Dataset for Sound Event Detection of environmental noise/SED_wav/S-0173.wav,monophonic,Cicadas and crickets,cicadas_and_crickets,12.86,20.06,0.3,0.46,7.19,1257
datased:monophonic:001257,S-0173,DataSED - DataSED - Dataset for Sound Event Detection of environmental noise/SED_wav/S-0173.wav,monophonic,Dog barkings and howlings,dog_barkings_and_howlings,20.22,21.17,0.46,0.49,0.95,1258
datased:monophonic:001258,S-0173,DataSED - DataSED - Dataset for Sound Event Detection of environmental noise/SED_wav/S-0173.wav,monophonic,Cicadas and crickets,cicadas_and_crickets,21.36,30.52,0.49,0.7,9.16,1259
datased:monophonic:001259,S-0173,DataSED - DataSED - Dataset for Sound Event Detection of environmental noise/SED_wav/S-0173.wav,monophonic,Dog barkings and howlings,dog_barkings_and_howlings,30.88,31.57,0.71,0.72,0.69,1260
datased:monophonic:001260,S-0173,DataSED - DataSED - Dataset for Sound Event Detection of environmental noise/SED_wav/S-0173.wav,monophonic,Cicadas and crickets,cicadas_and_crickets,31.83,32.7,0.73,0.75,0.87,1261
datased:monophonic:001261,S-0173,DataSED - DataSED - Dataset for Sound Event Detection of environmental noise/SED_wav/S-0173.wav,monophonic,Dog barkings and howlings,dog_barkings_and_howlings,33.02,33.7,0.76,0.77,0.69,1262
datased:monophonic:001262,S-0173,DataSED - DataSED - Dataset for Sound Event Detection of environmental noise/SED_wav/S-0173.wav,monophonic,Cicadas and crickets,cicadas_and_crickets,34.01,35.32,0.78,0.81,1.31,1263
datased:monophonic:001263,S-0173,DataSED - DataSED - Dataset for Sound Event Detection of environmental noise/SED_wav/S-0173.wav,monophonic,Dog barkings and howlings,dog_barkings_and_howlings,35.68,36.85,0.82,0.85,1.16,1264
datased:monophonic:001264,S-0173,DataSED - DataSED - Dataset for Sound Event Detection of environmental noise/SED_wav/S-0173.wav,monophonic,Dog barkings and howlings,dog_barkings_and_howlings,37.48,38.51,0.86,0.88,1.03,1265
datased:monophonic:001265,S-0173,DataSED - DataSED - Dataset for Sound Event Detection of environmental noise/SED_wav/S-0173.wav,monophonic,Cicadas and crickets,cicadas_and_crickets,38.8,43.16,0.89,0.99,4.36,1266
datased:monophonic:001266,S-0174,DataSED - DataSED - Dataset for Sound Event Detection of environmental noise/SED_wav/S-0174.wav,monophonic,Cicadas and crickets,cicadas_and_crickets,0.35,8.97,0.01,0.22,8.62,1267
datased:monophonic:001267,S-0174,DataSED - DataSED - Dataset for Sound Event Detection of environmental noise/SED_wav/S-0174.wav,monophonic,Vehicle pass-by,vehicle_pass_by,9.18,29.37,0.23,0.72,20.19,1268
datased:monophonic:001268,S-0174,DataSED - DataSED - Dataset for Sound Event Detection of environmental noise/SED_wav/S-0174.wav,monophonic,Cicadas and crickets,cicadas_and_crickets,29.58,35.08,0.73,0.86,5.51,1269
datased:monophonic:001269,S-0174,DataSED - DataSED - Dataset for Sound Event Detection of environmental noise/SED_wav/S-0174.wav,monophonic,Vehicle pass-by,vehicle_pass_by,35.31,40.8,0.87,1.0,5.48,1270
datased:monophonic:001270,S-0175,DataSED - DataSED - Dataset for Sound Event Detection of environmental noise/SED_wav/S-0175.wav,monophonic,Cat fight and moans,cat_fights_and_moans,0.16,2.72,0.02,0.31,2.56,1271
datased:monophonic:001271,S-0175,DataSED - DataSED - Dataset for Sound Event Detection of environmental noise/SED_wav/S-0175.wav,monophonic,Cat fight and moans,cat_fights_and_moans,3.24,4.74,0.36,0.53,1.5,1272
datased:monophonic:001272,S-0175,DataSED - DataSED - Dataset for Sound Event Detection of environmental noise/SED_wav/S-0175.wav,monophonic,Cat fight and moans,cat_fights_and_moans,5.77,8.64,0.65,0.97,2.87,1273
datased:monophonic:001273,S-0176,DataSED - DataSED - Dataset for Sound Event Detection of environmental noise/SED_wav/S-0176.wav,monophonic,Cat fight and moans,cat_fights_and_moans,0.89,4.55,0.04,0.23,3.66,1274
datased:monophonic:001274,S-0176,DataSED - DataSED - Dataset for Sound Event Detection of environmental noise/SED_wav/S-0176.wav,monophonic,Cat fight and moans,cat_fights_and_moans,8.79,16.24,0.44,0.82,7.44,1275
datased:monophonic:001275,S-0177,DataSED - DataSED - Dataset for Sound Event Detection of environmental noise/SED_wav/S-0177.wav,monophonic,Dog barkings and howlings,dog_barkings_and_howlings,5.25,7.54,0.09,0.13,2.29,1276
datased:monophonic:001276,S-0177,DataSED - DataSED - Dataset for Sound Event Detection of environmental noise/SED_wav/S-0177.wav,monophonic,Dog barkings and howlings,dog_barkings_and_howlings,9.31,9.9,0.16,0.17,0.59,1277
datased:monophonic:001277,S-0177,DataSED - DataSED - Dataset for Sound Event Detection of environmental noise/SED_wav/S-0177.wav,monophonic,Cat fight and moans,cat_fights_and_moans,11.57,21.78,0.2,0.38,10.21,1278
datased:monophonic:001278,S-0177,DataSED - DataSED - Dataset for Sound Event Detection of environmental noise/SED_wav/S-0177.wav,monophonic,Dog barkings and howlings,dog_barkings_and_howlings,24.94,25.8,0.43,0.45,0.87,1279
datased:monophonic:001279,S-0177,DataSED - DataSED - Dataset for Sound Event Detection of environmental noise/SED_wav/S-0177.wav,monophonic,Dog barkings and howlings,dog_barkings_and_howlings,28.55,30.7,0.5,0.54,2.15,1280
datased:monophonic:001280,S-0177,DataSED - DataSED - Dataset for Sound Event Detection of environmental noise/SED_wav/S-0177.wav,monophonic,Dog barkings and howlings,dog_barkings_and_howlings,38.37,39.76,0.67,0.69,1.39,1281
datased:monophonic:001281,S-0177,DataSED - DataSED - Dataset for Sound Event Detection of environmental noise/SED_wav/S-0177.wav,monophonic,Cat fight and moans,cat_fights_and_moans,40.11,42.96,0.7,0.75,2.85,1282
datased:monophonic:001282,S-0177,DataSED - DataSED - Dataset for Sound Event Detection of environmental noise/SED_wav/S-0177.wav,monophonic,Dog barkings and howlings,dog_barkings_and_howlings,45.35,47.57,0.79,0.83,2.22,1283
datased:monophonic:001283,S-0177,DataSED - DataSED - Dataset for Sound Event Detection of environmental noise/SED_wav/S-0177.wav,monophonic,Dog barkings and howlings,dog_barkings_and_howlings,53.44,54.55,0.93,0.95,1.11,1284
datased:monophonic:001284,S-0178,DataSED - DataSED - Dataset for Sound Event Detection of environmental noise/SED_wav/S-0178.wav,monophonic,Bells,bells,1.58,4.84,0.1,0.29,3.26,1285
datased:monophonic:001285,S-0178,DataSED - DataSED - Dataset for Sound Event Detection of environmental noise/SED_wav/S-0178.wav,monophonic,Bells,bells,4.94,8.75,0.3,0.53,3.81,1286
datased:monophonic:001286,S-0178,DataSED - DataSED - Dataset for Sound Event Detection of environmental noise/SED_wav/S-0178.wav,monophonic,Bells,bells,10.31,13.47,0.63,0.82,3.16,1287
datased:monophonic:001287,S-0179,DataSED - DataSED - Dataset for Sound Event Detection of environmental noise/SED_wav/S-0179.wav,monophonic,Lawn mower brush cutter and olive shaker,lawn_mower_brush_cutter_olive_shaker,1.27,14.9,0.02,0.21,13.63,1288
datased:monophonic:001288,S-0179,DataSED - DataSED - Dataset for Sound Event Detection of environmental noise/SED_wav/S-0179.wav,monophonic,Lawn mower brush cutter and olive shaker,lawn_mower_brush_cutter_olive_shaker,19.09,35.71,0.28,0.52,16.61,1289
datased:monophonic:001289,S-0179,DataSED - DataSED - Dataset for Sound Event Detection of environmental noise/SED_wav/S-0179.wav,monophonic,Lawn mower brush cutter and olive shaker,lawn_mower_brush_cutter_olive_shaker,40.95,52.23,0.59,0.75,11.28,1290
datased:monophonic:001290,S-0179,DataSED - DataSED - Dataset for Sound Event Detection of environmental noise/SED_wav/S-0179.wav,monophonic,Lawn mower brush cutter and olive shaker,lawn_mower_brush_cutter_olive_shaker,55.17,65.03,0.8,0.94,9.86,1291
datased:monophonic:001291,S-0180,DataSED - DataSED - Dataset for Sound Event Detection of environmental noise/SED_wav/S-0180.wav,monophonic,Lawn mower brush cutter and olive shaker,lawn_mower_brush_cutter_olive_shaker,0.71,9.62,0.05,0.71,8.91,1292
datased:monophonic:001292,S-0181,DataSED - DataSED - Dataset for Sound Event Detection of environmental noise/SED_wav/S-0181.wav,monophonic,Lawn mower brush cutter and olive shaker,lawn_mower_brush_cutter_olive_shaker,0.75,10.9,0.05,0.74,10.15,1293
datased:monophonic:001293,S-0182,DataSED - DataSED - Dataset for Sound Event Detection of environmental noise/SED_wav/S-0182.wav,monophonic,Vehicle idling,vehicle_idling,4.94,9.48,0.05,0.1,4.53,1294
datased:monophonic:001294,S-0182,DataSED - DataSED - Dataset for Sound Event Detection of environmental noise/SED_wav/S-0182.wav,monophonic,Glass breaking,glass_breaking,15.31,24.1,0.16,0.26,8.78,1295
datased:monophonic:001295,S-0182,DataSED - DataSED - Dataset for Sound Event Detection of environmental noise/SED_wav/S-0182.wav,monophonic,Sirens and alarms,sirens_and_alarms,24.38,30.67,0.26,0.33,6.29,1296
datased:monophonic:001296,S-0182,DataSED - DataSED - Dataset for Sound Event Detection of environmental noise/SED_wav/S-0182.wav,monophonic,Vehicle idling,vehicle_idling,44.1,48.86,0.47,0.52,4.76,1297
datased:monophonic:001297,S-0182,DataSED - DataSED - Dataset for Sound Event Detection of environmental noise/SED_wav/S-0182.wav,monophonic,Glass breaking,glass_breaking,49.16,58.89,0.53,0.63,9.74,1298
datased:monophonic:001298,S-0182,DataSED - DataSED - Dataset for Sound Event Detection of environmental noise/SED_wav/S-0182.wav,monophonic,Sirens and alarms,sirens_and_alarms,59.69,64.45,0.64,0.69,4.76,1299
datased:monophonic:001299,S-0182,DataSED - DataSED - Dataset for Sound Event Detection of environmental noise/SED_wav/S-0182.wav,monophonic,Vehicle idling,vehicle_idling,70.96,75.61,0.76,0.81,4.65,1300
datased:monophonic:001300,S-0182,DataSED - DataSED - Dataset for Sound Event Detection of environmental noise/SED_wav/S-0182.wav,monophonic,Glass breaking,glass_breaking,76.97,86.21,0.82,0.92,9.24,1301
datased:monophonic:001301,S-0182,DataSED - DataSED - Dataset for Sound Event Detection of environmental noise/SED_wav/S-0182.wav,monophonic,Sirens and alarms,sirens_and_alarms,86.23,93.63,0.92,1.0,7.4,1302
datased:monophonic:001302,S-0183,DataSED - DataSED - Dataset for Sound Event Detection of environmental noise/SED_wav/S-0183.wav,monophonic,Propeller aircrafts,propeller_aircrafts,5.59,43.64,0.02,0.18,38.05,1303
datased:monophonic:001303,S-0183,DataSED - DataSED - Dataset for Sound Event Detection of environmental noise/SED_wav/S-0183.wav,monophonic,Propeller aircrafts,propeller_aircrafts,49.05,113.82,0.2,0.47,64.77,1304
datased:monophonic:001304,S-0183,DataSED - DataSED - Dataset for Sound Event Detection of environmental noise/SED_wav/S-0183.wav,monophonic,Propeller aircrafts,propeller_aircrafts,124.27,151.78,0.51,0.63,27.51,1305
datased:monophonic:001305,S-0183,DataSED - DataSED - Dataset for Sound Event Detection of environmental noise/SED_wav/S-0183.wav,monophonic,Propeller aircrafts,propeller_aircrafts,152.08,173.88,0.63,0.72,21.8,1306
datased:monophonic:001306,S-0183,DataSED - DataSED - Dataset for Sound Event Detection of environmental noise/SED_wav/S-0183.wav,monophonic,Propeller aircrafts,propeller_aircrafts,175.64,197.44,0.73,0.82,21.8,1307
datased:monophonic:001307,S-0183,DataSED - DataSED - Dataset for Sound Event Detection of environmental noise/SED_wav/S-0183.wav,monophonic,Propeller aircrafts,propeller_aircrafts,202.27,236.37,0.84,0.98,34.1,1308
datased:monophonic:001308,S-0184,DataSED - DataSED - Dataset for Sound Event Detection of environmental noise/SED_wav/S-0184.wav,monophonic,Propeller aircrafts,propeller_aircrafts,1.57,53.77,0.01,0.34,52.2,1309
datased:monophonic:001309,S-0184,DataSED - DataSED - Dataset for Sound Event Detection of environmental noise/SED_wav/S-0184.wav,monophonic,Propeller aircrafts,propeller_aircrafts,61.79,97.66,0.39,0.61,35.87,1310
datased:monophonic:001310,S-0184,DataSED - DataSED - Dataset for Sound Event Detection of environmental noise/SED_wav/S-0184.wav,monophonic,Propeller aircrafts,propeller_aircrafts,104.43,152.38,0.65,0.95,47.95,1311
datased:monophonic:001311,S-0185,DataSED - DataSED - Dataset for Sound Event Detection of environmental noise/SED_wav/S-0185.wav,monophonic,Vehicle pass-by,vehicle_pass_by,2.82,20.58,0.02,0.16,17.76,1312
datased:monophonic:001312,S-0185,DataSED - DataSED - Dataset for Sound Event Detection of environmental noise/SED_wav/S-0185.wav,monophonic,Vehicle idling,vehicle_idling,21.66,24.62,0.17,0.19,2.96,1313
datased:monophonic:001313,S-0185,DataSED - DataSED - Dataset for Sound Event Detection of environmental noise/SED_wav/S-0185.wav,monophonic,Vehicle pass-by,vehicle_pass_by,25.08,27.34,0.2,0.21,2.26,1314
datased:monophonic:001314,S-0185,DataSED - DataSED - Dataset for Sound Event Detection of environmental noise/SED_wav/S-0185.wav,monophonic,Vehicle pass-by,vehicle_pass_by,28.36,35.21,0.22,0.27,6.85,1315
datased:monophonic:001315,S-0185,DataSED - DataSED - Dataset for Sound Event Detection of environmental noise/SED_wav/S-0185.wav,monophonic,Vehicle pass-by,vehicle_pass_by,36.69,42.92,0.29,0.33,6.23,1316
datased:monophonic:001316,S-0185,DataSED - DataSED - Dataset for Sound Event Detection of environmental noise/SED_wav/S-0185.wav,monophonic,Vehicle pass-by,vehicle_pass_by,44.63,53.27,0.35,0.41,8.64,1317
datased:monophonic:001317,S-0185,DataSED - DataSED - Dataset for Sound Event Detection of environmental noise/SED_wav/S-0185.wav,monophonic,Vehicle pass-by,vehicle_pass_by,53.58,66.35,0.42,0.52,12.77,1318
datased:monophonic:001318,S-0185,DataSED - DataSED - Dataset for Sound Event Detection of environmental noise/SED_wav/S-0185.wav,monophonic,Vehicle pass-by,vehicle_pass_by,72.19,89.63,0.56,0.7,17.44,1319
datased:monophonic:001319,S-0185,DataSED - DataSED - Dataset for Sound Event Detection of environmental noise/SED_wav/S-0185.wav,monophonic,Vehicle idling,vehicle_idling,89.71,96.56,0.7,0.75,6.85,1320
datased:monophonic:001320,S-0185,DataSED - DataSED - Dataset for Sound Event Detection of environmental noise/SED_wav/S-0185.wav,monophonic,Vehicle pass-by,vehicle_pass_by,98.35,100.84,0.76,0.78,2.49,1321
datased:monophonic:001321,S-0185,DataSED - DataSED - Dataset for Sound Event Detection of environmental noise/SED_wav/S-0185.wav,monophonic,Vehicle pass-by,vehicle_pass_by,103.18,106.37,0.8,0.83,3.19,1322
datased:monophonic:001322,S-0185,DataSED - DataSED - Dataset for Sound Event Detection of environmental noise/SED_wav/S-0185.wav,monophonic,Vehicle pass-by,vehicle_pass_by,108.24,123.03,0.84,0.96,14.79,1323
datased:monophonic:001323,S-0186,DataSED - DataSED - Dataset for Sound Event Detection of environmental noise/SED_wav/S-0186.wav,monophonic,Voices,voices,0.92,3.76,0.01,0.03,2.84,1324
datased:monophonic:001324,S-0186,DataSED - DataSED - Dataset for Sound Event Detection of environmental noise/SED_wav/S-0186.wav,monophonic,Vehicle pass-by,vehicle_pass_by,5.35,9.24,0.05,0.08,3.88,1325
datased:monophonic:001325,S-0186,DataSED - DataSED - Dataset for Sound Event Detection of environmental noise/SED_wav/S-0186.wav,monophonic,Vehicle pass-by,vehicle_pass_by,9.51,13.12,0.08,0.11,3.61,1326
datased:monophonic:001326,S-0186,DataSED - DataSED - Dataset for Sound Event Detection of environmental noise/SED_wav/S-0186.wav,monophonic,Vehicle pass-by,vehicle_pass_by,13.19,17.9,0.12,0.16,4.71,1327
datased:monophonic:001327,S-0186,DataSED - DataSED - Dataset for Sound Event Detection of environmental noise/SED_wav/S-0186.wav,monophonic,Vehicle pass-by,vehicle_pass_by,18.32,20.33,0.16,0.18,2.01,1328
datased:monophonic:001328,S-0186,DataSED - DataSED - Dataset for Sound Event Detection of environmental noise/SED_wav/S-0186.wav,monophonic,Vehicle pass-by,vehicle_pass_by,20.95,24.07,0.18,0.21,3.12,1329
datased:monophonic:001329,S-0186,DataSED - DataSED - Dataset for Sound Event Detection of environmental noise/SED_wav/S-0186.wav,monophonic,Horn,horn,28.44,29.97,0.25,0.26,1.53,1330
datased:monophonic:001330,S-0186,DataSED - DataSED - Dataset for Sound Event Detection of environmental noise/SED_wav/S-0186.wav,monophonic,Vehicle pass-by,vehicle_pass_by,30.87,44.81,0.27,0.39,13.94,1331
datased:monophonic:001331,S-0186,DataSED - DataSED - Dataset for Sound Event Detection of environmental noise/SED_wav/S-0186.wav,monophonic,Vehicle pass-by,vehicle_pass_by,46.47,60.2,0.41,0.53,13.73,1332
datased:monophonic:001332,S-0186,DataSED - DataSED - Dataset for Sound Event Detection of environmental noise/SED_wav/S-0186.wav,monophonic,Vehicle pass-by,vehicle_pass_by,62.9,66.86,0.55,0.58,3.95,1333
datased:monophonic:001333,S-0186,DataSED - DataSED - Dataset for Sound Event Detection of environmental noise/SED_wav/S-0186.wav,monophonic,Vehicle pass-by,vehicle_pass_by,70.53,76.7,0.62,0.67,6.17,1334
datased:monophonic:001334,S-0186,DataSED - DataSED - Dataset for Sound Event Detection of environmental noise/SED_wav/S-0186.wav,monophonic,Vehicle pass-by,vehicle_pass_by,78.85,92.72,0.69,0.81,13.87,1335
datased:monophonic:001335,S-0186,DataSED - DataSED - Dataset for Sound Event Detection of environmental noise/SED_wav/S-0186.wav,monophonic,Vehicle pass-by,vehicle_pass_by,95.42,100.69,0.83,0.88,5.27,1336
datased:monophonic:001336,S-0186,DataSED - DataSED - Dataset for Sound Event Detection of environmental noise/SED_wav/S-0186.wav,monophonic,Vehicle pass-by,vehicle_pass_by,104.58,114.14,0.91,1.0,9.57,1337
datased:monophonic:001337,S-0187,DataSED - DataSED - Dataset for Sound Event Detection of environmental noise/SED_wav/S-0187.wav,monophonic,Glass breaking,glass_breaking,0.14,3.27,0.0,0.11,3.13,1338
datased:monophonic:001338,S-0187,DataSED - DataSED - Dataset for Sound Event Detection of environmental noise/SED_wav/S-0187.wav,monophonic,Glass breaking,glass_breaking,4.48,7.06,0.16,0.24,2.59,1339
datased:monophonic:001339,S-0187,DataSED - DataSED - Dataset for Sound Event Detection of environmental noise/SED_wav/S-0187.wav,monophonic,Glass breaking,glass_breaking,8.69,11.03,0.3,0.38,2.34,1340
datased:monophonic:001340,S-0187,DataSED - DataSED - Dataset for Sound Event Detection of environmental noise/SED_wav/S-0187.wav,monophonic,Glass breaking,glass_breaking,12.25,16.02,0.42,0.56,3.77,1341
datased:monophonic:001341,S-0187,DataSED - DataSED - Dataset for Sound Event Detection of environmental noise/SED_wav/S-0187.wav,monophonic,Glass breaking,glass_breaking,17.89,19.88,0.62,0.69,1.99,1342
datased:monophonic:001342,S-0187,DataSED - DataSED - Dataset for Sound Event Detection of environmental noise/SED_wav/S-0187.wav,monophonic,Glass breaking,glass_breaking,21.3,24.08,0.74,0.83,2.78,1343
datased:monophonic:001343,S-0188,DataSED - DataSED - Dataset for Sound Event Detection of environmental noise/SED_wav/S-0188.wav,monophonic,Glass breaking,glass_breaking,0.18,4.69,0.0,0.13,4.51,1344
datased:monophonic:001344,S-0188,DataSED - DataSED - Dataset for Sound Event Detection of environmental noise/SED_wav/S-0188.wav,monophonic,Glass breaking,glass_breaking,6.88,11.06,0.19,0.31,4.18,1345
datased:monophonic:001345,S-0188,DataSED - DataSED - Dataset for Sound Event Detection of environmental noise/SED_wav/S-0188.wav,monophonic,Glass breaking,glass_breaking,12.06,15.77,0.34,0.44,3.71,1346
datased:monophonic:001346,S-0188,DataSED - DataSED - Dataset for Sound Event Detection of environmental noise/SED_wav/S-0188.wav,monophonic,Glass breaking,glass_breaking,17.22,21.01,0.48,0.59,3.79,1347
datased:monophonic:001347,S-0188,DataSED - DataSED - Dataset for Sound Event Detection of environmental noise/SED_wav/S-0188.wav,monophonic,Glass breaking,glass_breaking,22.03,26.13,0.62,0.73,4.1,1348
datased:monophonic:001348,S-0188,DataSED - DataSED - Dataset for Sound Event Detection of environmental noise/SED_wav/S-0188.wav,monophonic,Glass breaking,glass_breaking,27.24,30.14,0.76,0.84,2.91,1349
datased:monophonic:001349,S-0189,DataSED - DataSED - Dataset for Sound Event Detection of environmental noise/SED_wav/S-0189.wav,monophonic,Birds,birds,0.64,3.27,0.01,0.03,2.63,1350
datased:monophonic:001350,S-0189,DataSED - DataSED - Dataset for Sound Event Detection of environmental noise/SED_wav/S-0189.wav,monophonic,Birds,birds,7.96,12.22,0.08,0.12,4.26,1351
datased:monophonic:001351,S-0189,DataSED - DataSED - Dataset for Sound Event Detection of environmental noise/SED_wav/S-0189.wav,monophonic,Birds,birds,17.61,20.67,0.17,0.2,3.07,1352
datased:monophonic:001352,S-0189,DataSED - DataSED - Dataset for Sound Event Detection of environmental noise/SED_wav/S-0189.wav,monophonic,Birds,birds,24.81,28.81,0.24,0.28,4.01,1353
datased:monophonic:001353,S-0189,DataSED - DataSED - Dataset for Sound Event Detection of environmental noise/SED_wav/S-0189.wav,monophonic,Birds,birds,33.82,38.27,0.33,0.37,4.45,1354
datased:monophonic:001354,S-0189,DataSED - DataSED - Dataset for Sound Event Detection of environmental noise/SED_wav/S-0189.wav,monophonic,Birds,birds,46.78,50.04,0.45,0.48,3.26,1355
datased:monophonic:001355,S-0189,DataSED - DataSED - Dataset for Sound Event Detection of environmental noise/SED_wav/S-0189.wav,monophonic,Birds,birds,56.92,61.68,0.55,0.6,4.76,1356
datased:monophonic:001356,S-0189,DataSED - DataSED - Dataset for Sound Event Detection of environmental noise/SED_wav/S-0189.wav,monophonic,Birds,birds,67.69,71.89,0.65,0.69,4.19,1357
datased:monophonic:001357,S-0189,DataSED - DataSED - Dataset for Sound Event Detection of environmental noise/SED_wav/S-0189.wav,monophonic,Birds,birds,77.08,82.78,0.75,0.8,5.7,1358
datased:monophonic:001358,S-0189,DataSED - DataSED - Dataset for Sound Event Detection of environmental noise/SED_wav/S-0189.wav,monophonic,Birds,birds,87.29,91.73,0.84,0.89,4.45,1359
datased:monophonic:001359,S-0189,DataSED - DataSED - Dataset for Sound Event Detection of environmental noise/SED_wav/S-0189.wav,monophonic,Birds,birds,96.37,101.88,0.93,0.98,5.51,1360
datased:monophonic:001360,S-0190,DataSED - DataSED - Dataset for Sound Event Detection of environmental noise/SED_wav/S-0190.wav,monophonic,Music,music,7.22,50.6,0.05,0.34,43.38,1361
datased:monophonic:001361,S-0190,DataSED - DataSED - Dataset for Sound Event Detection of environmental noise/SED_wav/S-0190.wav,monophonic,Music,music,59.96,82.1,0.4,0.55,22.14,1362
datased:monophonic:001362,S-0190,DataSED - DataSED - Dataset for Sound Event Detection of environmental noise/SED_wav/S-0190.wav,monophonic,Music,music,92.63,107.81,0.62,0.73,15.18,1363
datased:monophonic:001363,S-0190,DataSED - DataSED - Dataset for Sound Event Detection of environmental noise/SED_wav/S-0190.wav,monophonic,Vehicle pass-by,vehicle_pass_by,107.85,110.64,0.73,0.74,2.79,1364
datased:monophonic:001364,S-0190,DataSED - DataSED - Dataset for Sound Event Detection of environmental noise/SED_wav/S-0190.wav,monophonic,Music,music,110.64,140.7,0.74,0.95,30.06,1365
datased:monophonic:001365,S-0191,DataSED - DataSED - Dataset for Sound Event Detection of environmental noise/SED_wav/S-0191.wav,monophonic,Music,music,3.58,36.51,0.02,0.19,32.93,1366
datased:monophonic:001366,S-0191,DataSED - DataSED - Dataset for Sound Event Detection of environmental noise/SED_wav/S-0191.wav,monophonic,Music,music,45.98,72.99,0.23,0.37,27.01,1367
datased:monophonic:001367,S-0191,DataSED - DataSED - Dataset for Sound Event Detection of environmental noise/SED_wav/S-0191.wav,monophonic,Music,music,82.94,117.41,0.42,0.6,34.47,1368
datased:monophonic:001368,S-0191,DataSED - DataSED - Dataset for Sound Event Detection of environmental noise/SED_wav/S-0191.wav,monophonic,Music,music,127.12,146.67,0.65,0.75,19.54,1369
datased:monophonic:001369,S-0191,DataSED - DataSED - Dataset for Sound Event Detection of environmental noise/SED_wav/S-0191.wav,monophonic,Music,music,156.03,190.14,0.8,0.97,34.11,1370
datased:monophonic:001370,S-0192,DataSED - DataSED - Dataset for Sound Event Detection of environmental noise/SED_wav/S-0192.wav,monophonic,Music,music,4.45,43.71,0.03,0.27,39.26,1371
datased:monophonic:001371,S-0192,DataSED - DataSED - Dataset for Sound Event Detection of environmental noise/SED_wav/S-0192.wav,monophonic,Music,music,48.13,89.51,0.3,0.56,41.38,1372
datased:monophonic:001372,S-0192,DataSED - DataSED - Dataset for Sound Event Detection of environmental noise/SED_wav/S-0192.wav,monophonic,Music,music,99.04,151.58,0.62,0.95,52.54,1373
datased:monophonic:001373,S-0193,DataSED - DataSED - Dataset for Sound Event Detection of environmental noise/SED_wav/S-0193.wav,monophonic,Music,music,7.0,30.56,0.04,0.18,23.56,1374
datased:monophonic:001374,S-0193,DataSED - DataSED - Dataset for Sound Event Detection of environmental noise/SED_wav/S-0193.wav,monophonic,Music,music,40.47,70.8,0.24,0.42,30.34,1375
datased:monophonic:001375,S-0193,DataSED - DataSED - Dataset for Sound Event Detection of environmental noise/SED_wav/S-0193.wav,monophonic,Music,music,80.11,106.5,0.48,0.64,26.39,1376
datased:monophonic:001376,S-0193,DataSED - DataSED - Dataset for Sound Event Detection of environmental noise/SED_wav/S-0193.wav,monophonic,Music,music,123.79,162.52,0.74,0.97,38.73,1377
datased:monophonic:001377,S-0194,DataSED - DataSED - Dataset for Sound Event Detection of environmental noise/SED_wav/S-0194.wav,monophonic,Music,music,0.0,5.94,0.0,0.03,5.94,1378
datased:monophonic:001378,S-0194,DataSED - DataSED - Dataset for Sound Event Detection of environmental noise/SED_wav/S-0194.wav,monophonic,Dog barkings and howlings,dog_barkings_and_howlings,6.01,21.92,0.03,0.12,15.91,1379
datased:monophonic:001379,S-0194,DataSED - DataSED - Dataset for Sound Event Detection of environmental noise/SED_wav/S-0194.wav,monophonic,Music,music,23.53,32.87,0.13,0.19,9.34,1380
datased:monophonic:001380,S-0194,DataSED - DataSED - Dataset for Sound Event Detection of environmental noise/SED_wav/S-0194.wav,monophonic,Music,music,46.51,75.02,0.26,0.42,28.5,1381
datased:monophonic:001381,S-0194,DataSED - DataSED - Dataset for Sound Event Detection of environmental noise/SED_wav/S-0194.wav,monophonic,Dog barkings and howlings,dog_barkings_and_howlings,76.13,94.91,0.43,0.54,18.78,1382
datased:monophonic:001382,S-0194,DataSED - DataSED - Dataset for Sound Event Detection of environmental noise/SED_wav/S-0194.wav,monophonic,Music,music,106.05,108.18,0.6,0.61,2.13,1383
datased:monophonic:001383,S-0194,DataSED - DataSED - Dataset for Sound Event Detection of environmental noise/SED_wav/S-0194.wav,monophonic,Dog barkings and howlings,dog_barkings_and_howlings,108.2,111.21,0.61,0.63,3.01,1384
datased:monophonic:001384,S-0194,DataSED - DataSED - Dataset for Sound Event Detection of environmental noise/SED_wav/S-0194.wav,monophonic,Music,music,111.23,124.14,0.63,0.7,12.91,1385
datased:monophonic:001385,S-0194,DataSED - DataSED - Dataset for Sound Event Detection of environmental noise/SED_wav/S-0194.wav,monophonic,Music,music,138.92,171.44,0.78,0.97,32.52,1386
datased:monophonic:001386,S-0195,DataSED - DataSED - Dataset for Sound Event Detection of environmental noise/SED_wav/S-0195.wav,monophonic,Voices,voices,4.53,9.92,0.05,0.12,5.39,1387
datased:monophonic:001387,S-0195,DataSED - DataSED - Dataset for Sound Event Detection of environmental noise/SED_wav/S-0195.wav,monophonic,Music,music,10.18,25.37,0.12,0.3,15.19,1388
datased:monophonic:001388,S-0195,DataSED - DataSED - Dataset for Sound Event Detection of environmental noise/SED_wav/S-0195.wav,monophonic,Chicken coop,chicken_coop,25.48,28.05,0.3,0.33,2.57,1389
datased:monophonic:001389,S-0195,DataSED - DataSED - Dataset for Sound Event Detection of environmental noise/SED_wav/S-0195.wav,monophonic,Music,music,28.06,33.24,0.33,0.39,5.18,1390
datased:monophonic:001390,S-0195,DataSED - DataSED - Dataset for Sound Event Detection of environmental noise/SED_wav/S-0195.wav,monophonic,Music,music,43.82,51.76,0.52,0.61,7.94,1391
datased:monophonic:001391,S-0195,DataSED - DataSED - Dataset for Sound Event Detection of environmental noise/SED_wav/S-0195.wav,monophonic,Voices,voices,51.88,52.85,0.61,0.62,0.98,1392
datased:monophonic:001392,S-0195,DataSED - DataSED - Dataset for Sound Event Detection of environmental noise/SED_wav/S-0195.wav,monophonic,Music,music,52.86,59.32,0.62,0.7,6.46,1393
datased:monophonic:001393,S-0195,DataSED - DataSED - Dataset for Sound Event Detection of environmental noise/SED_wav/S-0195.wav,monophonic,Music,music,64.56,72.78,0.76,0.86,8.22,1394
datased:monophonic:001394,S-0195,DataSED - DataSED - Dataset for Sound Event Detection of environmental noise/SED_wav/S-0195.wav,monophonic,Vehicle idling,vehicle_idling,73.55,77.55,0.87,0.91,4.0,1395
datased:monophonic:001395,S-0195,DataSED - DataSED - Dataset for Sound Event Detection of environmental noise/SED_wav/S-0195.wav,monophonic,Chicken coop,chicken_coop,77.71,80.38,0.92,0.95,2.67,1396
datased:monophonic:001396,S-0196,DataSED - DataSED - Dataset for Sound Event Detection of environmental noise/SED_wav/S-0196.wav,monophonic,Voices,voices,0.0,5.11,0.0,0.03,5.11,1397
datased:monophonic:001397,S-0196,DataSED - DataSED - Dataset for Sound Event Detection of environmental noise/SED_wav/S-0196.wav,monophonic,Music,music,5.14,9.34,0.03,0.05,4.21,1398
datased:monophonic:001398,S-0196,DataSED - DataSED - Dataset for Sound Event Detection of environmental noise/SED_wav/S-0196.wav,monophonic,Chicken coop,chicken_coop,9.44,12.9,0.05,0.07,3.46,1399
datased:monophonic:001399,S-0196,DataSED - DataSED - Dataset for Sound Event Detection of environmental noise/SED_wav/S-0196.wav,monophonic,Music,music,13.08,23.36,0.07,0.13,10.28,1400
datased:monophonic:001400,S-0196,DataSED - DataSED - Dataset for Sound Event Detection of environmental noise/SED_wav/S-0196.wav,monophonic,Chicken coop,chicken_coop,23.44,24.91,0.13,0.13,1.47,1401
datased:monophonic:001401,S-0196,DataSED - DataSED - Dataset for Sound Event Detection of environmental noise/SED_wav/S-0196.wav,monophonic,Music,music,25.04,32.89,0.13,0.18,7.85,1402
datased:monophonic:001402,S-0196,DataSED - DataSED - Dataset for Sound Event Detection of environmental noise/SED_wav/S-0196.wav,monophonic,Chicken coop,chicken_coop,33.17,36.11,0.18,0.19,2.94,1403
datased:monophonic:001403,S-0196,DataSED - DataSED - Dataset for Sound Event Detection of environmental noise/SED_wav/S-0196.wav,monophonic,Music,music,36.26,41.86,0.19,0.22,5.61,1404
datased:monophonic:001404,S-0196,DataSED - DataSED - Dataset for Sound Event Detection of environmental noise/SED_wav/S-0196.wav,monophonic,Chicken coop,chicken_coop,41.88,44.48,0.22,0.24,2.6,1405
datased:monophonic:001405,S-0196,DataSED - DataSED - Dataset for Sound Event Detection of environmental noise/SED_wav/S-0196.wav,monophonic,Music,music,44.48,50.46,0.24,0.27,5.98,1406
datased:monophonic:001406,S-0196,DataSED - DataSED - Dataset for Sound Event Detection of environmental noise/SED_wav/S-0196.wav,monophonic,Chicken coop,chicken_coop,50.47,53.41,0.27,0.29,2.94,1407
datased:monophonic:001407,S-0196,DataSED - DataSED - Dataset for Sound Event Detection of environmental noise/SED_wav/S-0196.wav,monophonic,Music,music,53.45,71.74,0.29,0.38,18.29,1408
datased:monophonic:001408,S-0196,DataSED - DataSED - Dataset for Sound Event Detection of environmental noise/SED_wav/S-0196.wav,monophonic,Music,music,77.4,140.29,0.41,0.75,62.89,1409
datased:monophonic:001409,S-0196,DataSED - DataSED - Dataset for Sound Event Detection of environmental noise/SED_wav/S-0196.wav,monophonic,Music,music,148.66,182.94,0.8,0.98,34.27,1410
datased:monophonic:001410,S-0197,DataSED - DataSED - Dataset for Sound Event Detection of environmental noise/SED_wav/S-0197.wav,monophonic,Glass breaking,glass_breaking,0.6,1.78,0.14,0.42,1.18,1411
datased:monophonic:001411,S-0198,DataSED - DataSED - Dataset for Sound Event Detection of environmental noise/SED_wav/S-0198.wav,monophonic,Dog barkings and howlings,dog_barkings_and_howlings,0.0,4.56,0.0,0.04,4.56,1412
datased:monophonic:001412,S-0198,DataSED - DataSED - Dataset for Sound Event Detection of environmental noise/SED_wav/S-0198.wav,monophonic,Dog barkings and howlings,dog_barkings_and_howlings,5.25,8.83,0.05,0.08,3.58,1413
datased:monophonic:001413,S-0198,DataSED - DataSED - Dataset for Sound Event Detection of environmental noise/SED_wav/S-0198.wav,monophonic,Dog barkings and howlings,dog_barkings_and_howlings,9.73,19.17,0.09,0.17,9.44,1414
datased:monophonic:001414,S-0198,DataSED - DataSED - Dataset for Sound Event Detection of environmental noise/SED_wav/S-0198.wav,monophonic,Dog barkings and howlings,dog_barkings_and_howlings,20.96,22.68,0.18,0.2,1.72,1415
datased:monophonic:001415,S-0198,DataSED - DataSED - Dataset for Sound Event Detection of environmental noise/SED_wav/S-0198.wav,monophonic,Lawn mower brush cutter and olive shaker,lawn_mower_brush_cutter_olive_shaker,29.51,59.2,0.26,0.52,29.69,1416
datased:monophonic:001416,S-0198,DataSED - DataSED - Dataset for Sound Event Detection of environmental noise/SED_wav/S-0198.wav,monophonic,Dog barkings and howlings,dog_barkings_and_howlings,60.31,63.2,0.53,0.56,2.89,1417
datased:monophonic:001417,S-0198,DataSED - DataSED - Dataset for Sound Event Detection of environmental noise/SED_wav/S-0198.wav,monophonic,Vacuum cleaner fan and hairdryer,vacuum_cleaner_fan_hairdryer,70.3,95.63,0.62,0.84,25.33,1418
datased:monophonic:001418,S-0198,DataSED - DataSED - Dataset for Sound Event Detection of environmental noise/SED_wav/S-0198.wav,monophonic,Chicken coop,chicken_coop,95.86,97.17,0.84,0.85,1.31,1419
datased:monophonic:001419,S-0198,DataSED - DataSED - Dataset for Sound Event Detection of environmental noise/SED_wav/S-0198.wav,monophonic,Birds,birds,97.91,113.84,0.86,1.0,15.94,1420
datased:monophonic:001420,S-0199,DataSED - DataSED - Dataset for Sound Event Detection of environmental noise/SED_wav/S-0199.wav,monophonic,Cat fight and moans,cat_fights_and_moans,0.0,4.55,0.0,0.26,4.55,1421
datased:monophonic:001421,S-0199,DataSED - DataSED - Dataset for Sound Event Detection of environmental noise/SED_wav/S-0199.wav,monophonic,Cat fight and moans,cat_fights_and_moans,5.52,16.92,0.32,0.97,11.4,1422
datased:monophonic:001422,S-0200,DataSED - DataSED - Dataset for Sound Event Detection of environmental noise/SED_wav/S-0200.wav,monophonic,Cat fight and moans,cat_fights_and_moans,1.0,3.14,0.09,0.27,2.15,1423
datased:monophonic:001423,S-0200,DataSED - DataSED - Dataset for Sound Event Detection of environmental noise/SED_wav/S-0200.wav,monophonic,Dog barkings and howlings,dog_barkings_and_howlings,4.29,11.56,0.37,1.0,7.27,1424
datased:monophonic:001424,S-0201,DataSED - DataSED - Dataset for Sound Event Detection of environmental noise/SED_wav/S-0201.wav,monophonic,Vehicle idling,vehicle_idling,0.0,32.23,0.0,0.22,32.23,1425
datased:monophonic:001425,S-0201,DataSED - DataSED - Dataset for Sound Event Detection of environmental noise/SED_wav/S-0201.wav,monophonic,Glass breaking,glass_breaking,34.29,53.8,0.23,0.36,19.51,1426
datased:monophonic:001426,S-0201,DataSED - DataSED - Dataset for Sound Event Detection of environmental noise/SED_wav/S-0201.wav,monophonic,Vehicle idling,vehicle_idling,54.42,63.57,0.37,0.43,9.15,1427
datased:monophonic:001427,S-0201,DataSED - DataSED - Dataset for Sound Event Detection of environmental noise/SED_wav/S-0201.wav,monophonic,Glass breaking,glass_breaking,64.8,70.71,0.44,0.48,5.91,1428
datased:monophonic:001428,S-0201,DataSED - DataSED - Dataset for Sound Event Detection of environmental noise/SED_wav/S-0201.wav,monophonic,Vehicle idling,vehicle_idling,70.96,76.88,0.48,0.52,5.91,1429
datased:monophonic:001429,S-0201,DataSED - DataSED - Dataset for Sound Event Detection of environmental noise/SED_wav/S-0201.wav,monophonic,Glass breaking,glass_breaking,77.15,79.12,0.52,0.54,1.97,1430
datased:monophonic:001430,S-0201,DataSED - DataSED - Dataset for Sound Event Detection of environmental noise/SED_wav/S-0201.wav,monophonic,Vehicle idling,vehicle_idling,79.83,88.7,0.54,0.6,8.87,1431
datased:monophonic:001431,S-0201,DataSED - DataSED - Dataset for Sound Event Detection of environmental noise/SED_wav/S-0201.wav,monophonic,Voices,voices,89.5,126.72,0.61,0.86,37.22,1432
datased:monophonic:001432,S-0201,DataSED - DataSED - Dataset for Sound Event Detection of environmental noise/SED_wav/S-0201.wav,monophonic,Vehicle idling,vehicle_idling,127.14,136.01,0.86,0.92,8.87,1433
datased:monophonic:001433,S-0201,DataSED - DataSED - Dataset for Sound Event Detection of environmental noise/SED_wav/S-0201.wav,monophonic,Dog barkings and howlings,dog_barkings_and_howlings,136.66,142.38,0.92,0.96,5.73,1434
datased:monophonic:001434,S-0201,DataSED - DataSED - Dataset for Sound Event Detection of environmental noise/SED_wav/S-0201.wav,monophonic,Dog barkings and howlings,dog_barkings_and_howlings,144.17,147.84,0.98,1.0,3.67,1435
datased:monophonic:001435,S-0202,DataSED - DataSED - Dataset for Sound Event Detection of environmental noise/SED_wav/S-0202.wav,monophonic,Train,train,2.8,3.58,0.09,0.12,0.78,1436
datased:monophonic:001436,S-0202,DataSED - DataSED - Dataset for Sound Event Detection of environmental noise/SED_wav/S-0202.wav,monophonic,Horn,horn,3.59,5.32,0.12,0.18,1.73,1437
datased:monophonic:001437,S-0202,DataSED - DataSED - Dataset for Sound Event Detection of environmental noise/SED_wav/S-0202.wav,monophonic,Train,train,5.33,23.14,0.18,0.78,17.81,1438
datased:monophonic:001438,S-0203,DataSED - DataSED - Dataset for Sound Event Detection of environmental noise/SED_wav/S-0203.wav,monophonic,Train,train,0.44,18.46,0.02,0.97,18.03,1439
datased:monophonic:001439,S-0204,DataSED - DataSED - Dataset for Sound Event Detection of environmental noise/SED_wav/S-0204.wav,monophonic,Train,train,2.47,81.51,0.03,0.88,79.05,1440
datased:monophonic:001440,S-0205,DataSED - DataSED - Dataset for Sound Event Detection of environmental noise/SED_wav/S-0205.wav,monophonic,Voices,voices,3.53,19.23,0.02,0.1,15.7,1441
datased:monophonic:001441,S-0205,DataSED - DataSED - Dataset for Sound Event Detection of environmental noise/SED_wav/S-0205.wav,monophonic,Voices,voices,22.49,28.29,0.11,0.14,5.8,1442
datased:monophonic:001442,S-0205,DataSED - DataSED - Dataset for Sound Event Detection of environmental noise/SED_wav/S-0205.wav,monophonic,Voices,voices,31.91,45.32,0.16,0.23,13.41,1443
datased:monophonic:001443,S-0205,DataSED - DataSED - Dataset for Sound Event Detection of environmental noise/SED_wav/S-0205.wav,monophonic,Sirens and alarms,sirens_and_alarms,45.44,188.58,0.23,0.94,143.14,1444
datased:monophonic:001444,S-0206,DataSED - DataSED - Dataset for Sound Event Detection of environmental noise/SED_wav/S-0206.wav,monophonic,Chicken coop,chicken_coop,0.0,5.52,0.0,0.08,5.52,1445
datased:monophonic:001445,S-0206,DataSED - DataSED - Dataset for Sound Event Detection of environmental noise/SED_wav/S-0206.wav,monophonic,Chicken coop,chicken_coop,9.93,12.71,0.15,0.19,2.78,1446
datased:monophonic:001446,S-0206,DataSED - DataSED - Dataset for Sound Event Detection of environmental noise/SED_wav/S-0206.wav,monophonic,Chicken coop,chicken_coop,16.44,19.41,0.25,0.3,2.98,1447
datased:monophonic:001447,S-0206,DataSED - DataSED - Dataset for Sound Event Detection of environmental noise/SED_wav/S-0206.wav,monophonic,Chicken coop,chicken_coop,20.61,22.59,0.31,0.34,1.98,1448
datased:monophonic:001448,S-0206,DataSED - DataSED - Dataset for Sound Event Detection of environmental noise/SED_wav/S-0206.wav,monophonic,Vehicle pass-by,vehicle_pass_by,23.19,26.23,0.35,0.4,3.04,1449
datased:monophonic:001449,S-0206,DataSED - DataSED - Dataset for Sound Event Detection of environmental noise/SED_wav/S-0206.wav,monophonic,Chicken coop,chicken_coop,26.52,31.68,0.4,0.48,5.16,1450
datased:monophonic:001450,S-0206,DataSED - DataSED - Dataset for Sound Event Detection of environmental noise/SED_wav/S-0206.wav,monophonic,Chicken coop,chicken_coop,35.57,37.71,0.54,0.58,2.14,1451
datased:monophonic:001451,S-0206,DataSED - DataSED - Dataset for Sound Event Detection of environmental noise/SED_wav/S-0206.wav,monophonic,Vehicle pass-by,vehicle_pass_by,38.31,40.0,0.58,0.61,1.69,1452
datased:monophonic:001452,S-0206,DataSED - DataSED - Dataset for Sound Event Detection of environmental noise/SED_wav/S-0206.wav,monophonic,Chicken coop,chicken_coop,40.53,43.82,0.62,0.67,3.29,1453
datased:monophonic:001453,S-0206,DataSED - DataSED - Dataset for Sound Event Detection of environmental noise/SED_wav/S-0206.wav,monophonic,Vehicle pass-by,vehicle_pass_by,43.93,45.9,0.67,0.7,1.97,1454
datased:monophonic:001454,S-0206,DataSED - DataSED - Dataset for Sound Event Detection of environmental noise/SED_wav/S-0206.wav,monophonic,Chicken coop,chicken_coop,46.16,48.86,0.7,0.75,2.7,1455
datased:monophonic:001455,S-0206,DataSED - DataSED - Dataset for Sound Event Detection of environmental noise/SED_wav/S-0206.wav,monophonic,Vehicle pass-by,vehicle_pass_by,49.18,53.11,0.75,0.81,3.93,1456
datased:monophonic:001456,S-0206,DataSED - DataSED - Dataset for Sound Event Detection of environmental noise/SED_wav/S-0206.wav,monophonic,Chicken coop,chicken_coop,53.86,56.56,0.82,0.86,2.7,1457
datased:monophonic:001457,S-0206,DataSED - DataSED - Dataset for Sound Event Detection of environmental noise/SED_wav/S-0206.wav,monophonic,Chicken coop,chicken_coop,57.83,59.86,0.88,0.91,2.02,1458
datased:monophonic:001458,S-0207,DataSED - DataSED - Dataset for Sound Event Detection of environmental noise/SED_wav/S-0207.wav,monophonic,Sirens and alarms,sirens_and_alarms,0.51,10.85,0.03,0.57,10.33,1459
datased:monophonic:001459,S-0207,DataSED - DataSED - Dataset for Sound Event Detection of environmental noise/SED_wav/S-0207.wav,monophonic,Vehicle pass-by,vehicle_pass_by,10.88,15.22,0.57,0.79,4.35,1460
datased:monophonic:001460,S-0207,DataSED - DataSED - Dataset for Sound Event Detection of environmental noise/SED_wav/S-0207.wav,monophonic,Sirens and alarms,sirens_and_alarms,15.24,18.27,0.79,0.95,3.03,1461
datased:monophonic:001461,S-0208,DataSED - DataSED - Dataset for Sound Event Detection of environmental noise/SED_wav/S-0208.wav,monophonic,Train,train,8.79,149.41,0.02,0.42,140.62,1462
datased:monophonic:001462,S-0208,DataSED - DataSED - Dataset for Sound Event Detection of environmental noise/SED_wav/S-0208.wav,monophonic,Train,train,205.1,340.39,0.58,0.97,135.28,1463
datased:monophonic:001463,S-0209,DataSED - DataSED - Dataset for Sound Event Detection of environmental noise/SED_wav/S-0209.wav,monophonic,Train,train,29.79,57.62,0.3,0.59,27.83,1464
datased:monophonic:001464,S-0209,DataSED - DataSED - Dataset for Sound Event Detection of environmental noise/SED_wav/S-0209.wav,monophonic,Train,train,74.79,85.27,0.76,0.87,10.48,1465
datased:monophonic:001465,S-0210,DataSED - DataSED - Dataset for Sound Event Detection of environmental noise/SED_wav/S-0210.wav,monophonic,Birds,birds,1.58,5.28,0.03,0.1,3.7,1466
datased:monophonic:001466,S-0210,DataSED - DataSED - Dataset for Sound Event Detection of environmental noise/SED_wav/S-0210.wav,monophonic,Birds,birds,8.16,15.84,0.15,0.3,7.68,1467
datased:monophonic:001467,S-0210,DataSED - DataSED - Dataset for Sound Event Detection of environmental noise/SED_wav/S-0210.wav,monophonic,Train,train,16.31,26.78,0.31,0.51,10.47,1468
datased:monophonic:001468,S-0210,DataSED - DataSED - Dataset for Sound Event Detection of environmental noise/SED_wav/S-0210.wav,monophonic,Train,train,38.03,45.7,0.72,0.87,7.67,1469
datased:monophonic:001469,S-0210,DataSED - DataSED - Dataset for Sound Event Detection of environmental noise/SED_wav/S-0210.wav,monophonic,Birds,birds,50.68,52.79,0.96,1.0,2.11,1470
datased:monophonic:001470,S-0211,DataSED - DataSED - Dataset for Sound Event Detection of environmental noise/SED_wav/S-0211.wav,monophonic,Sirens and alarms,sirens_and_alarms,0.12,13.03,0.01,0.99,12.91,1471
datased:monophonic:001471,S-0212,DataSED - DataSED - Dataset for Sound Event Detection of environmental noise/SED_wav/S-0212.wav,monophonic,Train,train,0.59,22.02,0.02,0.94,21.43,1472
datased:monophonic:001472,S-0213,DataSED - DataSED - Dataset for Sound Event Detection of environmental noise/SED_wav/S-0213.wav,monophonic,Train,train,2.57,44.12,0.06,0.99,41.54,1473
datased:monophonic:001473,S-0214,DataSED - DataSED - Dataset for Sound Event Detection of environmental noise/SED_wav/S-0214.wav,monophonic,Train,train,20.83,30.26,0.27,0.39,9.43,1474
datased:monophonic:001474,S-0214,DataSED - DataSED - Dataset for Sound Event Detection of environmental noise/SED_wav/S-0214.wav,monophonic,Horn,horn,30.39,31.4,0.39,0.4,1.01,1475
datased:monophonic:001475,S-0214,DataSED - DataSED - Dataset for Sound Event Detection of environmental noise/SED_wav/S-0214.wav,monophonic,Train,train,31.43,66.81,0.4,0.86,35.38,1476
datased:monophonic:001476,S-0215,DataSED - DataSED - Dataset for Sound Event Detection of environmental noise/SED_wav/S-0215.wav,monophonic,Train,train,0.19,24.74,0.01,0.94,24.55,1477
datased:monophonic:001477,S-0216,DataSED - DataSED - Dataset for Sound Event Detection of environmental noise/SED_wav/S-0216.wav,monophonic,Train,train,3.86,15.74,0.17,0.68,11.88,1478
datased:monophonic:001478,S-0217,DataSED - DataSED - Dataset for Sound Event Detection of environmental noise/SED_wav/S-0217.wav,monophonic,Train,train,0.85,26.94,0.03,0.81,26.09,1479
datased:monophonic:001479,S-0218,DataSED - DataSED - Dataset for Sound Event Detection of environmental noise/SED_wav/S-0218.wav,monophonic,Music,music,0.0,31.86,0.0,0.96,31.86,1480
datased:monophonic:001480,S-0219,DataSED - DataSED - Dataset for Sound Event Detection of environmental noise/SED_wav/S-0219.wav,monophonic,Train,train,2.11,3.81,0.08,0.14,1.7,1481
datased:monophonic:001481,S-0219,DataSED - DataSED - Dataset for Sound Event Detection of environmental noise/SED_wav/S-0219.wav,monophonic,Horn,horn,3.86,6.92,0.14,0.26,3.06,1482
datased:monophonic:001482,S-0219,DataSED - DataSED - Dataset for Sound Event Detection of environmental noise/SED_wav/S-0219.wav,monophonic,Train,train,6.94,25.33,0.26,0.94,18.39,1483
datased:monophonic:001483,S-0220,DataSED - DataSED - Dataset for Sound Event Detection of environmental noise/SED_wav/S-0220.wav,monophonic,Train,train,2.61,13.71,0.12,0.64,11.1,1484
datased:monophonic:001484,S-0220,DataSED - DataSED - Dataset for Sound Event Detection of environmental noise/SED_wav/S-0220.wav,monophonic,Voices,voices,19.43,20.61,0.91,0.96,1.18,1485
datased:monophonic:001485,S-0221,DataSED - DataSED - Dataset for Sound Event Detection of environmental noise/SED_wav/S-0221.wav,monophonic,Train,train,5.34,42.92,0.12,0.99,37.58,1486
datased:monophonic:001486,S-0222,DataSED - DataSED - Dataset for Sound Event Detection of environmental noise/SED_wav/S-0222.wav,monophonic,Train,train,1.24,51.19,0.02,0.95,49.95,1487
datased:monophonic:001487,S-0223,DataSED - DataSED - Dataset for Sound Event Detection of environmental noise/SED_wav/S-0223.wav,monophonic,Train,train,1.76,69.55,0.02,0.98,67.79,1488
datased:monophonic:001488,S-0224,DataSED - DataSED - Dataset for Sound Event Detection of environmental noise/SED_wav/S-0224.wav,monophonic,Train,train,1.39,27.34,0.02,0.31,25.95,1489
datased:monophonic:001489,S-0224,DataSED - DataSED - Dataset for Sound Event Detection of environmental noise/SED_wav/S-0224.wav,monophonic,Horn,horn,27.43,31.94,0.31,0.36,4.51,1490
datased:monophonic:001490,S-0224,DataSED - DataSED - Dataset for Sound Event Detection of environmental noise/SED_wav/S-0224.wav,monophonic,Train,train,31.99,87.16,0.37,0.99,55.17,1491
datased:monophonic:001491,S-0225,DataSED - DataSED - Dataset for Sound Event Detection of environmental noise/SED_wav/S-0225.wav,monophonic,Train,train,1.19,64.29,0.02,0.95,63.1,1492
datased:monophonic:001492,S-0226,DataSED - DataSED - Dataset for Sound Event Detection of environmental noise/SED_wav/S-0226.wav,monophonic,Train,train,1.27,57.98,0.02,0.94,56.7,1493
datased:monophonic:001493,S-0227,DataSED - DataSED - Dataset for Sound Event Detection of environmental noise/SED_wav/S-0227.wav,monophonic,Train,train,1.23,22.26,0.01,0.21,21.03,1494
datased:monophonic:001494,S-0227,DataSED - DataSED - Dataset for Sound Event Detection of environmental noise/SED_wav/S-0227.wav,monophonic,Horn,horn,22.47,25.35,0.21,0.24,2.89,1495
datased:monophonic:001495,S-0227,DataSED - DataSED - Dataset for Sound Event Detection of environmental noise/SED_wav/S-0227.wav,monophonic,Train,train,25.44,103.87,0.24,0.98,78.43,1496
datased:monophonic:001496,S-0228,DataSED - DataSED - Dataset for Sound Event Detection of environmental noise/SED_wav/S-0228.wav,monophonic,Horn,horn,1.36,2.01,0.03,0.04,0.65,1497
datased:monophonic:001497,S-0228,DataSED - DataSED - Dataset for Sound Event Detection of environmental noise/SED_wav/S-0228.wav,monophonic,Train,train,2.01,42.2,0.05,0.94,40.18,1498
datased:monophonic:001498,S-0229,DataSED - DataSED - Dataset for Sound Event Detection of environmental noise/SED_wav/S-0229.wav,monophonic,Train,train,2.83,47.39,0.06,0.96,44.56,1499
datased:monophonic:001499,S-0230,DataSED - DataSED - Dataset for Sound Event Detection of environmental noise/SED_wav/S-0230.wav,monophonic,Train,train,1.91,44.95,0.04,0.97,43.04,1500
datased:monophonic:001500,S-0231,DataSED - DataSED - Dataset for Sound Event Detection of environmental noise/SED_wav/S-0231.wav,monophonic,Horn,horn,0.35,2.3,0.02,0.13,1.95,1501
datased:monophonic:001501,S-0231,DataSED - DataSED - Dataset for Sound Event Detection of environmental noise/SED_wav/S-0231.wav,monophonic,Horn,horn,5.48,7.37,0.31,0.41,1.89,1502
datased:monophonic:001502,S-0231,DataSED - DataSED - Dataset for Sound Event Detection of environmental noise/SED_wav/S-0231.wav,monophonic,Horn,horn,11.29,15.18,0.63,0.85,3.89,1503
datased:monophonic:001503,S-0232,DataSED - DataSED - Dataset for Sound Event Detection of environmental noise/SED_wav/S-0232.wav,monophonic,Train,train,1.05,7.46,0.03,0.25,6.41,1504
datased:monophonic:001504,S-0232,DataSED - DataSED - Dataset for Sound Event Detection of environmental noise/SED_wav/S-0232.wav,monophonic,Horn,horn,7.5,10.17,0.25,0.34,2.67,1505
datased:monophonic:001505,S-0232,DataSED - DataSED - Dataset for Sound Event Detection of environmental noise/SED_wav/S-0232.wav,monophonic,Train,train,10.18,27.77,0.34,0.92,17.59,1506
datased:monophonic:001506,S-0233,DataSED - DataSED - Dataset for Sound Event Detection of environmental noise/SED_wav/S-0233.wav,monophonic,Sirens and alarms,sirens_and_alarms,1.04,30.11,0.03,0.86,29.07,1507
datased:monophonic:001507,S-0234,DataSED - DataSED - Dataset for Sound Event Detection of environmental noise/SED_wav/S-0234.wav,monophonic,Sirens and alarms,sirens_and_alarms,0.33,15.66,0.02,0.95,15.33,1508
datased:monophonic:001508,S-0235,DataSED - DataSED - Dataset for Sound Event Detection of environmental noise/SED_wav/S-0235.wav,monophonic,Sirens and alarms,sirens_and_alarms,0.55,23.03,0.02,0.96,22.47,1509
datased:monophonic:001509,S-0236,DataSED - DataSED - Dataset for Sound Event Detection of environmental noise/SED_wav/S-0236.wav,monophonic,Train,train,4.25,21.4,0.12,0.59,17.15,1510
datased:monophonic:001510,S-0237,DataSED - DataSED - Dataset for Sound Event Detection of environmental noise/SED_wav/S-0237.wav,monophonic,Sirens and alarms,sirens_and_alarms,1.04,27.97,0.03,0.93,26.93,1511
datased:monophonic:001511,S-0238,DataSED - DataSED - Dataset for Sound Event Detection of environmental noise/SED_wav/S-0238.wav,monophonic,Horn,horn,0.88,3.88,0.01,0.06,3.0,1512
datased:monophonic:001512,S-0238,DataSED - DataSED - Dataset for Sound Event Detection of environmental noise/SED_wav/S-0238.wav,monophonic,Horn,horn,4.86,7.93,0.08,0.13,3.07,1513
datased:monophonic:001513,S-0238,DataSED - DataSED - Dataset for Sound Event Detection of environmental noise/SED_wav/S-0238.wav,monophonic,Train,train,8.2,51.88,0.13,0.83,43.68,1514
datased:monophonic:001514,S-0239,DataSED - DataSED - Dataset for Sound Event Detection of environmental noise/SED_wav/S-0239.wav,monophonic,Horn,horn,71.51,74.58,0.3,0.31,3.08,1515
datased:monophonic:001515,S-0239,DataSED - DataSED - Dataset for Sound Event Detection of environmental noise/SED_wav/S-0239.wav,monophonic,Horn,horn,76.63,85.57,0.32,0.35,8.93,1516
datased:monophonic:001516,S-0239,DataSED - DataSED - Dataset for Sound Event Detection of environmental noise/SED_wav/S-0239.wav,monophonic,Horn,horn,86.74,96.85,0.36,0.4,10.11,1517
datased:monophonic:001517,S-0239,DataSED - DataSED - Dataset for Sound Event Detection of environmental noise/SED_wav/S-0239.wav,monophonic,Train,train,98.01,204.94,0.41,0.85,106.93,1518
datased:monophonic:001518,S-0240,DataSED - DataSED - Dataset for Sound Event Detection of environmental noise/SED_wav/S-0240.wav,monophonic,Train,train,4.86,48.35,0.09,0.92,43.49,1519
datased:monophonic:001519,S-0241,DataSED - DataSED - Dataset for Sound Event Detection of environmental noise/SED_wav/S-0241.wav,monophonic,Train,train,1.9,3.89,0.08,0.16,1.99,1520
datased:monophonic:001520,S-0241,DataSED - DataSED - Dataset for Sound Event Detection of environmental noise/SED_wav/S-0241.wav,monophonic,Horn,horn,3.92,6.43,0.16,0.26,2.52,1521
datased:monophonic:001521,S-0241,DataSED - DataSED - Dataset for Sound Event Detection of environmental noise/SED_wav/S-0241.wav,monophonic,Train,train,6.44,22.87,0.27,0.94,16.43,1522
datased:monophonic:001522,S-0242,DataSED - DataSED - Dataset for Sound Event Detection of environmental noise/SED_wav/S-0242.wav,monophonic,Train,train,1.03,14.22,0.04,0.54,13.19,1523
datased:monophonic:001523,S-0242,DataSED - DataSED - Dataset for Sound Event Detection of environmental noise/SED_wav/S-0242.wav,monophonic,Birds,birds,14.32,24.93,0.54,0.94,10.61,1524
datased:monophonic:001524,S-0243,DataSED - DataSED - Dataset for Sound Event Detection of environmental noise/SED_wav/S-0243.wav,monophonic,Train,train,2.58,230.06,0.01,0.93,227.49,1525
datased:monophonic:001525,S-0244,DataSED - DataSED - Dataset for Sound Event Detection of environmental noise/SED_wav/S-0244.wav,monophonic,Horn,horn,0.38,1.84,0.0,0.01,1.46,1526
datased:monophonic:001526,S-0244,DataSED - DataSED - Dataset for Sound Event Detection of environmental noise/SED_wav/S-0244.wav,monophonic,Train,train,8.77,138.73,0.06,0.92,129.95,1527
datased:monophonic:001527,S-0245,DataSED - DataSED - Dataset for Sound Event Detection of environmental noise/SED_wav/S-0245.wav,monophonic,Train,train,4.37,41.6,0.09,0.87,37.23,1528
datased:monophonic:001528,S-0246,DataSED - DataSED - Dataset for Sound Event Detection of environmental noise/SED_wav/S-0246.wav,monophonic,Sirens and alarms,sirens_and_alarms,0.0,15.05,0.0,0.99,15.05,1529
datased:monophonic:001529,S-0247,DataSED - DataSED - Dataset for Sound Event Detection of environmental noise/SED_wav/S-0247.wav,monophonic,Sirens and alarms,sirens_and_alarms,0.0,49.35,0.0,0.92,49.35,1530
datased:monophonic:001530,S-0248,DataSED - DataSED - Dataset for Sound Event Detection of environmental noise/SED_wav/S-0248.wav,monophonic,Sirens and alarms,sirens_and_alarms,0.19,60.09,0.0,0.99,59.9,1531
datased:monophonic:001531,S-0249,DataSED - DataSED - Dataset for Sound Event Detection of environmental noise/SED_wav/S-0249.wav,monophonic,Sirens and alarms,sirens_and_alarms,1.35,11.95,0.11,0.95,10.6,1532
datased:monophonic:001532,S-0250,DataSED - DataSED - Dataset for Sound Event Detection of environmental noise/SED_wav/S-0250.wav,monophonic,Train,train,4.78,59.24,0.07,0.89,54.46,1533
datased:monophonic:001533,S-0251,DataSED - DataSED - Dataset for Sound Event Detection of environmental noise/SED_wav/S-0251.wav,monophonic,Sirens and alarms,sirens_and_alarms,0.48,14.64,0.03,0.92,14.17,1534
datased:monophonic:001534,S-0252,DataSED - DataSED - Dataset for Sound Event Detection of environmental noise/SED_wav/S-0252.wav,monophonic,Train,train,0.67,17.87,0.03,0.87,17.2,1535
datased:monophonic:001535,S-0253,DataSED - DataSED - Dataset for Sound Event Detection of environmental noise/SED_wav/S-0253.wav,monophonic,Train,train,1.21,41.48,0.03,0.92,40.27,1536
datased:monophonic:001536,S-0254,DataSED - DataSED - Dataset for Sound Event Detection of environmental noise/SED_wav/S-0254.wav,monophonic,Train,train,1.3,41.15,0.03,0.94,39.85,1537
datased:monophonic:001537,S-0255,DataSED - DataSED - Dataset for Sound Event Detection of environmental noise/SED_wav/S-0255.wav,monophonic,Train,train,2.84,39.92,0.06,0.9,37.09,1538
datased:monophonic:001538,S-0256,DataSED - DataSED - Dataset for Sound Event Detection of environmental noise/SED_wav/S-0256.wav,monophonic,Train,train,4.96,39.91,0.12,0.93,34.94,1539
datased:monophonic:001539,S-0257,DataSED - DataSED - Dataset for Sound Event Detection of environmental noise/SED_wav/S-0257.wav,monophonic,Train,train,1.79,43.37,0.04,0.92,41.57,1540
datased:monophonic:001540,S-0258,DataSED - DataSED - Dataset for Sound Event Detection of environmental noise/SED_wav/S-0258.wav,monophonic,Horn,horn,5.63,7.05,0.04,0.04,1.43,1541
datased:monophonic:001541,S-0258,DataSED - DataSED - Dataset for Sound Event Detection of environmental noise/SED_wav/S-0258.wav,monophonic,Horn,horn,15.7,19.79,0.1,0.13,4.09,1542
datased:monophonic:001542,S-0258,DataSED - DataSED - Dataset for Sound Event Detection of environmental noise/SED_wav/S-0258.wav,monophonic,Train,train,19.89,35.0,0.13,0.22,15.11,1543
datased:monophonic:001543,S-0258,DataSED - DataSED - Dataset for Sound Event Detection of environmental noise/SED_wav/S-0258.wav,monophonic,Horn,horn,36.71,44.12,0.23,0.28,7.41,1544
datased:monophonic:001544,S-0258,DataSED - DataSED - Dataset for Sound Event Detection of environmental noise/SED_wav/S-0258.wav,monophonic,Train,train,44.88,74.26,0.29,0.47,29.37,1545
datased:monophonic:001545,S-0258,DataSED - DataSED - Dataset for Sound Event Detection of environmental noise/SED_wav/S-0258.wav,monophonic,Train,train,80.63,107.34,0.51,0.68,26.71,1546
datased:monophonic:001546,S-0258,DataSED - DataSED - Dataset for Sound Event Detection of environmental noise/SED_wav/S-0258.wav,monophonic,Train,train,115.89,129.09,0.74,0.82,13.2,1547
datased:monophonic:001547,S-0258,DataSED - DataSED - Dataset for Sound Event Detection of environmental noise/SED_wav/S-0258.wav,monophonic,Horn,horn,129.39,130.91,0.82,0.83,1.52,1548
datased:monophonic:001548,S-0258,DataSED - DataSED - Dataset for Sound Event Detection of environmental noise/SED_wav/S-0258.wav,monophonic,Train,train,130.98,141.36,0.83,0.9,10.39,1549
datased:monophonic:001549,S-0259,DataSED - DataSED - Dataset for Sound Event Detection of environmental noise/SED_wav/S-0259.wav,monophonic,Train,train,1.57,31.34,0.03,0.67,29.78,1550
datased:monophonic:001550,S-0259,DataSED - DataSED - Dataset for Sound Event Detection of environmental noise/SED_wav/S-0259.wav,monophonic,Horn,horn,31.42,31.81,0.67,0.68,0.4,1551
datased:monophonic:001551,S-0259,DataSED - DataSED - Dataset for Sound Event Detection of environmental noise/SED_wav/S-0259.wav,monophonic,Train,train,31.86,45.7,0.68,0.97,13.84,1552
datased:monophonic:001552,S-0260,DataSED - DataSED - Dataset for Sound Event Detection of environmental noise/SED_wav/S-0260.wav,monophonic,Train,train,1.0,13.57,0.06,0.77,12.57,1553
datased:monophonic:001553,S-0260,DataSED - DataSED - Dataset for Sound Event Detection of environmental noise/SED_wav/S-0260.wav,monophonic,Horn,horn,13.6,14.36,0.77,0.81,0.76,1554
datased:monophonic:001554,S-0260,DataSED - DataSED - Dataset for Sound Event Detection of environmental noise/SED_wav/S-0260.wav,monophonic,Train,train,14.37,17.32,0.81,0.98,2.95,1555
datased:monophonic:001555,S-0261,DataSED - DataSED - Dataset for Sound Event Detection of environmental noise/SED_wav/S-0261.wav,monophonic,Train,train,3.03,56.63,0.05,0.97,53.6,1556
datased:monophonic:001556,S-0262,DataSED - DataSED - Dataset for Sound Event Detection of environmental noise/SED_wav/S-0262.wav,monophonic,Train,train,3.78,36.06,0.1,0.95,32.28,1557
datased:monophonic:001557,S-0263,DataSED - DataSED - Dataset for Sound Event Detection of environmental noise/SED_wav/S-0263.wav,monophonic,Horn,horn,1.28,3.32,0.07,0.18,2.04,1558
datased:monophonic:001558,S-0263,DataSED - DataSED - Dataset for Sound Event Detection of environmental noise/SED_wav/S-0263.wav,monophonic,Train,train,3.32,17.72,0.18,0.95,14.39,1559
datased:monophonic:001559,S-0264,DataSED - DataSED - Dataset for Sound Event Detection of environmental noise/SED_wav/S-0264.wav,monophonic,Horn,horn,1.11,2.36,0.04,0.1,1.25,1560
datased:monophonic:001560,S-0264,DataSED - DataSED - Dataset for Sound Event Detection of environmental noise/SED_wav/S-0264.wav,monophonic,Train,train,6.49,23.22,0.26,0.94,16.73,1561
datased:monophonic:001561,S-0265,DataSED - DataSED - Dataset for Sound Event Detection of environmental noise/SED_wav/S-0265.wav,monophonic,Train,train,20.18,25.96,0.23,0.3,5.78,1562
datased:monophonic:001562,S-0265,DataSED - DataSED - Dataset for Sound Event Detection of environmental noise/SED_wav/S-0265.wav,monophonic,Horn,horn,26.08,29.58,0.3,0.34,3.5,1563
datased:monophonic:001563,S-0265,DataSED - DataSED - Dataset for Sound Event Detection of environmental noise/SED_wav/S-0265.wav,monophonic,Train,train,29.64,54.32,0.34,0.62,24.67,1564
datased:monophonic:001564,S-0266,DataSED - DataSED - Dataset for Sound Event Detection of environmental noise/SED_wav/S-0266.wav,monophonic,Train,train,3.13,41.78,0.07,0.9,38.65,1565
datased:monophonic:001565,S-0267,DataSED - DataSED - Dataset for Sound Event Detection of environmental noise/SED_wav/S-0267.wav,monophonic,Train,train,6.15,78.36,0.07,0.93,72.21,1566
datased:monophonic:001566,S-0268,DataSED - DataSED - Dataset for Sound Event Detection of environmental noise/SED_wav/S-0268.wav,monophonic,Train,train,1.43,17.69,0.08,0.99,16.25,1567
datased:monophonic:001567,S-0269,DataSED - DataSED - Dataset for Sound Event Detection of environmental noise/SED_wav/S-0269.wav,monophonic,Sirens and alarms,sirens_and_alarms,1.86,13.8,0.04,0.26,11.94,1568
datased:monophonic:001568,S-0269,DataSED - DataSED - Dataset for Sound Event Detection of environmental noise/SED_wav/S-0269.wav,monophonic,Sirens and alarms,sirens_and_alarms,18.04,50.38,0.34,0.96,32.34,1569
datased:monophonic:001569,S-0270,DataSED - DataSED - Dataset for Sound Event Detection of environmental noise/SED_wav/S-0270.wav,monophonic,Sirens and alarms,sirens_and_alarms,0.0,29.97,0.0,0.95,29.97,1570
datased:monophonic:001570,S-0271,DataSED - DataSED - Dataset for Sound Event Detection of environmental noise/SED_wav/S-0271.wav,monophonic,Sirens and alarms,sirens_and_alarms,0.0,4.72,0.0,0.62,4.72,1571
datased:monophonic:001571,S-0272,DataSED - DataSED - Dataset for Sound Event Detection of environmental noise/SED_wav/S-0272.wav,monophonic,Sirens and alarms,sirens_and_alarms,7.0,28.1,0.14,0.55,21.11,1572
datased:monophonic:001572,S-0272,DataSED - DataSED - Dataset for Sound Event Detection of environmental noise/SED_wav/S-0272.wav,monophonic,Horn,horn,28.19,29.34,0.55,0.57,1.15,1573
datased:monophonic:001573,S-0272,DataSED - DataSED - Dataset for Sound Event Detection of environmental noise/SED_wav/S-0272.wav,monophonic,Sirens and alarms,sirens_and_alarms,29.39,33.57,0.57,0.65,4.18,1574
datased:monophonic:001574,S-0272,DataSED - DataSED - Dataset for Sound Event Detection of environmental noise/SED_wav/S-0272.wav,monophonic,Horn,horn,33.65,34.84,0.65,0.68,1.19,1575
datased:monophonic:001575,S-0272,DataSED - DataSED - Dataset for Sound Event Detection of environmental noise/SED_wav/S-0272.wav,monophonic,Sirens and alarms,sirens_and_alarms,34.86,42.18,0.68,0.82,7.32,1576
datased:monophonic:001576,S-0272,DataSED - DataSED - Dataset for Sound Event Detection of environmental noise/SED_wav/S-0272.wav,monophonic,Horn,horn,42.27,43.01,0.82,0.83,0.75,1577
datased:monophonic:001577,S-0272,DataSED - DataSED - Dataset for Sound Event Detection of environmental noise/SED_wav/S-0272.wav,monophonic,Sirens and alarms,sirens_and_alarms,43.06,48.68,0.84,0.94,5.62,1578
datased:monophonic:001578,S-0272,DataSED - DataSED - Dataset for Sound Event Detection of environmental noise/SED_wav/S-0272.wav,monophonic,Horn,horn,48.76,50.07,0.95,0.97,1.31,1579
datased:monophonic:001579,S-0273,DataSED - DataSED - Dataset for Sound Event Detection of environmental noise/SED_wav/S-0273.wav,monophonic,Train,train,1.39,28.78,0.04,0.89,27.39,1580
datased:monophonic:001580,S-0274,DataSED - DataSED - Dataset for Sound Event Detection of environmental noise/SED_wav/S-0274.wav,monophonic,Train,train,1.24,16.63,0.06,0.86,15.39,1581
datased:monophonic:001581,S-0275,DataSED - DataSED - Dataset for Sound Event Detection of environmental noise/SED_wav/S-0275.wav,monophonic,Vehicle pass-by,vehicle_pass_by,1.26,21.49,0.01,0.19,20.23,1582
datased:monophonic:001582,S-0275,DataSED - DataSED - Dataset for Sound Event Detection of environmental noise/SED_wav/S-0275.wav,monophonic,Sirens and alarms,sirens_and_alarms,26.88,41.72,0.24,0.37,14.85,1583
datased:monophonic:001583,S-0275,DataSED - DataSED - Dataset for Sound Event Detection of environmental noise/SED_wav/S-0275.wav,monophonic,Jet aircrafts,jet_aircrafts,56.34,88.75,0.49,0.78,32.41,1584
datased:monophonic:001584,S-0275,DataSED - DataSED - Dataset for Sound Event Detection of environmental noise/SED_wav/S-0275.wav,monophonic,Vehicle pass-by,vehicle_pass_by,93.03,104.29,0.82,0.91,11.26,1585
datased:monophonic:001585,S-0276,DataSED - DataSED - Dataset for Sound Event Detection of environmental noise/SED_wav/S-0276.wav,monophonic,Vehicle pass-by,vehicle_pass_by,1.31,18.48,0.06,0.87,17.18,1586
datased:monophonic:001586,S-0277,DataSED - DataSED - Dataset for Sound Event Detection of environmental noise/SED_wav/S-0277.wav,monophonic,Vehicle pass-by,vehicle_pass_by,1.45,19.62,0.06,0.88,18.17,1587
datased:monophonic:001587,S-0278,DataSED - DataSED - Dataset for Sound Event Detection of environmental noise/SED_wav/S-0278.wav,monophonic,Horn,horn,0.34,2.9,0.04,0.32,2.55,1588
datased:monophonic:001588,S-0278,DataSED - DataSED - Dataset for Sound Event Detection of environmental noise/SED_wav/S-0278.wav,monophonic,Horn,horn,5.13,6.7,0.56,0.73,1.57,1589
datased:monophonic:001589,S-0279,DataSED - DataSED - Dataset for Sound Event Detection of environmental noise/SED_wav/S-0279.wav,monophonic,Dog barkings and howlings,dog_barkings_and_howlings,0.0,2.01,0.0,0.01,2.01,1590
datased:monophonic:001590,S-0279,DataSED - DataSED - Dataset for Sound Event Detection of environmental noise/SED_wav/S-0279.wav,monophonic,Cicadas and crickets,cicadas_and_crickets,2.12,4.89,0.01,0.03,2.76,1591
datased:monophonic:001591,S-0279,DataSED - DataSED - Dataset for Sound Event Detection of environmental noise/SED_wav/S-0279.wav,monophonic,Dog barkings and howlings,dog_barkings_and_howlings,5.0,8.31,0.03,0.05,3.32,1592
datased:monophonic:001592,S-0279,DataSED - DataSED - Dataset for Sound Event Detection of environmental noise/SED_wav/S-0279.wav,monophonic,Dog barkings and howlings,dog_barkings_and_howlings,8.98,10.08,0.05,0.06,1.11,1593
datased:monophonic:001593,S-0279,DataSED - DataSED - Dataset for Sound Event Detection of environmental noise/SED_wav/S-0279.wav,monophonic,Cicadas and crickets,cicadas_and_crickets,10.3,13.15,0.06,0.07,2.85,1594
datased:monophonic:001594,S-0279,DataSED - DataSED - Dataset for Sound Event Detection of environmental noise/SED_wav/S-0279.wav,monophonic,Horn,horn,13.18,14.61,0.07,0.08,1.44,1595
datased:monophonic:001595,S-0279,DataSED - DataSED - Dataset for Sound Event Detection of environmental noise/SED_wav/S-0279.wav,monophonic,Dog barkings and howlings,dog_barkings_and_howlings,14.72,16.05,0.08,0.09,1.33,1596
datased:monophonic:001596,S-0279,DataSED - DataSED - Dataset for Sound Event Detection of environmental noise/SED_wav/S-0279.wav,monophonic,Cicadas and crickets,cicadas_and_crickets,16.38,18.26,0.09,0.1,1.88,1597
datased:monophonic:001597,S-0279,DataSED - DataSED - Dataset for Sound Event Detection of environmental noise/SED_wav/S-0279.wav,monophonic,Dog barkings and howlings,dog_barkings_and_howlings,18.37,19.81,0.1,0.11,1.44,1598
datased:monophonic:001598,S-0279,DataSED - DataSED - Dataset for Sound Event Detection of environmental noise/SED_wav/S-0279.wav,monophonic,Cicadas and crickets,cicadas_and_crickets,20.47,28.09,0.11,0.15,7.62,1599
datased:monophonic:001599,S-0279,DataSED - DataSED - Dataset for Sound Event Detection of environmental noise/SED_wav/S-0279.wav,monophonic,Dog barkings and howlings,dog_barkings_and_howlings,28.1,29.86,0.15,0.16,1.77,1600
datased:monophonic:001600,S-0279,DataSED - DataSED - Dataset for Sound Event Detection of environmental noise/SED_wav/S-0279.wav,monophonic,Dog barkings and howlings,dog_barkings_and_howlings,31.08,38.26,0.17,0.21,7.18,1601
datased:monophonic:001601,S-0279,DataSED - DataSED - Dataset for Sound Event Detection of environmental noise/SED_wav/S-0279.wav,monophonic,Cicadas and crickets,cicadas_and_crickets,38.71,42.58,0.21,0.23,3.87,1602
datased:monophonic:001602,S-0279,DataSED - DataSED - Dataset for Sound Event Detection of environmental noise/SED_wav/S-0279.wav,monophonic,Dog barkings and howlings,dog_barkings_and_howlings,42.69,46.0,0.23,0.25,3.32,1603
datased:monophonic:001603,S-0279,DataSED - DataSED - Dataset for Sound Event Detection of environmental noise/SED_wav/S-0279.wav,monophonic,Cicadas and crickets,cicadas_and_crickets,46.33,49.43,0.25,0.27,3.09,1604
datased:monophonic:001604,S-0279,DataSED - DataSED - Dataset for Sound Event Detection of environmental noise/SED_wav/S-0279.wav,monophonic,Voices,voices,49.54,52.08,0.27,0.29,2.54,1605
datased:monophonic:001605,S-0279,DataSED - DataSED - Dataset for Sound Event Detection of environmental noise/SED_wav/S-0279.wav,monophonic,Cicadas and crickets,cicadas_and_crickets,52.63,56.79,0.29,0.31,4.16,1606
datased:monophonic:001606,S-0279,DataSED - DataSED - Dataset for Sound Event Detection of environmental noise/SED_wav/S-0279.wav,monophonic,Dog barkings and howlings,dog_barkings_and_howlings,56.83,57.83,0.31,0.32,0.99,1607
datased:monophonic:001607,S-0279,DataSED - DataSED - Dataset for Sound Event Detection of environmental noise/SED_wav/S-0279.wav,monophonic,Cicadas and crickets,cicadas_and_crickets,58.16,60.15,0.32,0.33,1.99,1608
datased:monophonic:001608,S-0279,DataSED - DataSED - Dataset for Sound Event Detection of environmental noise/SED_wav/S-0279.wav,monophonic,Dog barkings and howlings,dog_barkings_and_howlings,60.26,61.36,0.33,0.34,1.1,1609
datased:monophonic:001609,S-0279,DataSED - DataSED - Dataset for Sound Event Detection of environmental noise/SED_wav/S-0279.wav,monophonic,Cicadas and crickets,cicadas_and_crickets,61.37,63.37,0.34,0.35,2.0,1610
datased:monophonic:001610,S-0279,DataSED - DataSED - Dataset for Sound Event Detection of environmental noise/SED_wav/S-0279.wav,monophonic,Dog barkings and howlings,dog_barkings_and_howlings,63.47,64.83,0.35,0.36,1.36,1611
datased:monophonic:001611,S-0279,DataSED - DataSED - Dataset for Sound Event Detection of environmental noise/SED_wav/S-0279.wav,monophonic,Cicadas and crickets,cicadas_and_crickets,64.9,66.47,0.36,0.36,1.57,1612
datased:monophonic:001612,S-0279,DataSED - DataSED - Dataset for Sound Event Detection of environmental noise/SED_wav/S-0279.wav,monophonic,Dog barkings and howlings,dog_barkings_and_howlings,66.56,68.22,0.36,0.37,1.66,1613
datased:monophonic:001613,S-0279,DataSED - DataSED - Dataset for Sound Event Detection of environmental noise/SED_wav/S-0279.wav,monophonic,Cicadas and crickets,cicadas_and_crickets,68.44,69.77,0.37,0.38,1.33,1614
datased:monophonic:001614,S-0279,DataSED - DataSED - Dataset for Sound Event Detection of environmental noise/SED_wav/S-0279.wav,monophonic,Dog barkings and howlings,dog_barkings_and_howlings,69.99,71.42,0.38,0.39,1.44,1615
datased:monophonic:001615,S-0279,DataSED - DataSED - Dataset for Sound Event Detection of environmental noise/SED_wav/S-0279.wav,monophonic,Dog barkings and howlings,dog_barkings_and_howlings,74.19,75.29,0.41,0.41,1.11,1616
datased:monophonic:001616,S-0279,DataSED - DataSED - Dataset for Sound Event Detection of environmental noise/SED_wav/S-0279.wav,monophonic,Dog barkings and howlings,dog_barkings_and_howlings,78.17,79.27,0.43,0.43,1.11,1617
datased:monophonic:001617,S-0279,DataSED - DataSED - Dataset for Sound Event Detection of environmental noise/SED_wav/S-0279.wav,monophonic,Dog barkings and howlings,dog_barkings_and_howlings,81.59,83.47,0.45,0.46,1.88,1618
datased:monophonic:001618,S-0279,DataSED - DataSED - Dataset for Sound Event Detection of environmental noise/SED_wav/S-0279.wav,monophonic,Dog barkings and howlings,dog_barkings_and_howlings,84.58,85.68,0.46,0.47,1.11,1619
datased:monophonic:001619,S-0279,DataSED - DataSED - Dataset for Sound Event Detection of environmental noise/SED_wav/S-0279.wav,monophonic,Dog barkings and howlings,dog_barkings_and_howlings,87.67,89.22,0.48,0.49,1.55,1620
datased:monophonic:001620,S-0279,DataSED - DataSED - Dataset for Sound Event Detection of environmental noise/SED_wav/S-0279.wav,monophonic,Dog barkings and howlings,dog_barkings_and_howlings,90.99,92.31,0.5,0.51,1.33,1621
datased:monophonic:001621,S-0279,DataSED - DataSED - Dataset for Sound Event Detection of environmental noise/SED_wav/S-0279.wav,monophonic,Dog barkings and howlings,dog_barkings_and_howlings,93.97,95.74,0.51,0.52,1.77,1622
datased:monophonic:001622,S-0279,DataSED - DataSED - Dataset for Sound Event Detection of environmental noise/SED_wav/S-0279.wav,monophonic,Dog barkings and howlings,dog_barkings_and_howlings,98.06,98.94,0.54,0.54,0.88,1623
datased:monophonic:001623,S-0279,DataSED - DataSED - Dataset for Sound Event Detection of environmental noise/SED_wav/S-0279.wav,monophonic,Dog barkings and howlings,dog_barkings_and_howlings,104.14,107.9,0.57,0.59,3.76,1624
datased:monophonic:001624,S-0279,DataSED - DataSED - Dataset for Sound Event Detection of environmental noise/SED_wav/S-0279.wav,monophonic,Dog barkings and howlings,dog_barkings_and_howlings,109.22,111.1,0.6,0.61,1.88,1625
datased:monophonic:001625,S-0279,DataSED - DataSED - Dataset for Sound Event Detection of environmental noise/SED_wav/S-0279.wav,monophonic,Dog barkings and howlings,dog_barkings_and_howlings,112.1,118.07,0.61,0.65,5.97,1626
datased:monophonic:001626,S-0279,DataSED - DataSED - Dataset for Sound Event Detection of environmental noise/SED_wav/S-0279.wav,monophonic,Cicadas and crickets,cicadas_and_crickets,118.15,120.06,0.65,0.66,1.9,1627
datased:monophonic:001627,S-0279,DataSED - DataSED - Dataset for Sound Event Detection of environmental noise/SED_wav/S-0279.wav,monophonic,Dog barkings and howlings,dog_barkings_and_howlings,120.61,121.93,0.66,0.67,1.33,1628
datased:monophonic:001628,S-0279,DataSED - DataSED - Dataset for Sound Event Detection of environmental noise/SED_wav/S-0279.wav,monophonic,Cicadas and crickets,cicadas_and_crickets,122.04,126.8,0.67,0.69,4.75,1629
datased:monophonic:001629,S-0279,DataSED - DataSED - Dataset for Sound Event Detection of environmental noise/SED_wav/S-0279.wav,monophonic,Dog barkings and howlings,dog_barkings_and_howlings,127.13,132.88,0.7,0.73,5.75,1630
datased:monophonic:001630,S-0279,DataSED - DataSED - Dataset for Sound Event Detection of environmental noise/SED_wav/S-0279.wav,monophonic,Cicadas and crickets,cicadas_and_crickets,133.0,134.33,0.73,0.74,1.33,1631
datased:monophonic:001631,S-0279,DataSED - DataSED - Dataset for Sound Event Detection of environmental noise/SED_wav/S-0279.wav,monophonic,Dog barkings and howlings,dog_barkings_and_howlings,134.64,136.52,0.74,0.75,1.88,1632
datased:monophonic:001632,S-0279,DataSED - DataSED - Dataset for Sound Event Detection of environmental noise/SED_wav/S-0279.wav,monophonic,Dog barkings and howlings,dog_barkings_and_howlings,137.85,138.73,0.75,0.76,0.88,1633
datased:monophonic:001633,S-0279,DataSED - DataSED - Dataset for Sound Event Detection of environmental noise/SED_wav/S-0279.wav,monophonic,Cicadas and crickets,cicadas_and_crickets,138.79,140.28,0.76,0.77,1.5,1634
datased:monophonic:001634,S-0279,DataSED - DataSED - Dataset for Sound Event Detection of environmental noise/SED_wav/S-0279.wav,monophonic,Dog barkings and howlings,dog_barkings_and_howlings,140.61,142.49,0.77,0.78,1.88,1635
datased:monophonic:001635,S-0279,DataSED - DataSED - Dataset for Sound Event Detection of environmental noise/SED_wav/S-0279.wav,monophonic,Cicadas and crickets,cicadas_and_crickets,142.71,144.7,0.78,0.79,1.99,1636
datased:monophonic:001636,S-0279,DataSED - DataSED - Dataset for Sound Event Detection of environmental noise/SED_wav/S-0279.wav,monophonic,Dog barkings and howlings,dog_barkings_and_howlings,144.81,147.58,0.79,0.81,2.76,1637
datased:monophonic:001637,S-0279,DataSED - DataSED - Dataset for Sound Event Detection of environmental noise/SED_wav/S-0279.wav,monophonic,Cicadas and crickets,cicadas_and_crickets,147.8,151.33,0.81,0.83,3.54,1638
datased:monophonic:001638,S-0279,DataSED - DataSED - Dataset for Sound Event Detection of environmental noise/SED_wav/S-0279.wav,monophonic,Dog barkings and howlings,dog_barkings_and_howlings,151.78,153.99,0.83,0.84,2.21,1639
datased:monophonic:001639,S-0279,DataSED - DataSED - Dataset for Sound Event Detection of environmental noise/SED_wav/S-0279.wav,monophonic,Cicadas and crickets,cicadas_and_crickets,154.32,157.19,0.85,0.86,2.87,1640
datased:monophonic:001640,S-0279,DataSED - DataSED - Dataset for Sound Event Detection of environmental noise/SED_wav/S-0279.wav,monophonic,Dog barkings and howlings,dog_barkings_and_howlings,157.41,158.85,0.86,0.87,1.44,1641
datased:monophonic:001641,S-0279,DataSED - DataSED - Dataset for Sound Event Detection of environmental noise/SED_wav/S-0279.wav,monophonic,Cicadas and crickets,cicadas_and_crickets,158.87,160.73,0.87,0.88,1.86,1642
datased:monophonic:001642,S-0279,DataSED - DataSED - Dataset for Sound Event Detection of environmental noise/SED_wav/S-0279.wav,monophonic,Dog barkings and howlings,dog_barkings_and_howlings,161.28,163.05,0.88,0.89,1.77,1643
datased:monophonic:001643,S-0279,DataSED - DataSED - Dataset for Sound Event Detection of environmental noise/SED_wav/S-0279.wav,monophonic,Dog barkings and howlings,dog_barkings_and_howlings,164.49,171.67,0.9,0.94,7.18,1644
datased:monophonic:001644,S-0279,DataSED - DataSED - Dataset for Sound Event Detection of environmental noise/SED_wav/S-0279.wav,monophonic,Cicadas and crickets,cicadas_and_crickets,171.84,173.66,0.94,0.95,1.82,1645
datased:monophonic:001645,S-0279,DataSED - DataSED - Dataset for Sound Event Detection of environmental noise/SED_wav/S-0279.wav,monophonic,Dog barkings and howlings,dog_barkings_and_howlings,174.1,175.76,0.95,0.96,1.66,1646
datased:monophonic:001646,S-0279,DataSED - DataSED - Dataset for Sound Event Detection of environmental noise/SED_wav/S-0279.wav,monophonic,Dog barkings and howlings,dog_barkings_and_howlings,177.64,181.62,0.97,0.99,3.98,1647
datased:monophonic:001647,S-0280,DataSED - DataSED - Dataset for Sound Event Detection of environmental noise/SED_wav/S-0280.wav,monophonic,Vehicle idling,vehicle_idling,1.31,10.32,0.02,0.18,9.0,1648
datased:monophonic:001648,S-0280,DataSED - DataSED - Dataset for Sound Event Detection of environmental noise/SED_wav/S-0280.wav,monophonic,Train,train,10.34,18.65,0.18,0.32,8.31,1649
datased:monophonic:001649,S-0280,DataSED - DataSED - Dataset for Sound Event Detection of environmental noise/SED_wav/S-0280.wav,monophonic,Vehicle idling,vehicle_idling,19.09,46.08,0.33,0.79,26.99,1650
datased:monophonic:001650,S-0280,DataSED - DataSED - Dataset for Sound Event Detection of environmental noise/SED_wav/S-0280.wav,monophonic,Vehicle idling,vehicle_idling,48.38,57.76,0.83,0.99,9.38,1651
datased:monophonic:001651,S-0281,DataSED - DataSED - Dataset for Sound Event Detection of environmental noise/SED_wav/S-0281.wav,monophonic,Horn,horn,4.1,6.84,0.13,0.22,2.74,1652
datased:monophonic:001652,S-0281,DataSED - DataSED - Dataset for Sound Event Detection of environmental noise/SED_wav/S-0281.wav,monophonic,Train,train,6.86,16.84,0.22,0.54,9.98,1653
datased:monophonic:001653,S-0281,DataSED - DataSED - Dataset for Sound Event Detection of environmental noise/SED_wav/S-0281.wav,monophonic,Horn,horn,16.86,21.1,0.54,0.68,4.25,1654
datased:monophonic:001654,S-0281,DataSED - DataSED - Dataset for Sound Event Detection of environmental noise/SED_wav/S-0281.wav,monophonic,Train,train,21.11,25.69,0.68,0.82,4.58,1655
datased:monophonic:001655,S-0282,DataSED - DataSED - Dataset for Sound Event Detection of environmental noise/SED_wav/S-0282.wav,monophonic,Birds,birds,0.0,26.62,0.0,0.32,26.62,1656
datased:monophonic:001656,S-0282,DataSED - DataSED - Dataset for Sound Event Detection of environmental noise/SED_wav/S-0282.wav,monophonic,Sirens and alarms,sirens_and_alarms,26.62,76.21,0.32,0.92,49.59,1657
datased:monophonic:001657,S-0282,DataSED - DataSED - Dataset for Sound Event Detection of environmental noise/SED_wav/S-0282.wav,monophonic,Birds,birds,76.36,83.1,0.92,1.0,6.74,1658
datased:monophonic:001658,S-0283,DataSED - DataSED - Dataset for Sound Event Detection of environmental noise/SED_wav/S-0283.wav,monophonic,Train,train,0.97,16.04,0.02,0.35,15.07,1659
datased:monophonic:001659,S-0283,DataSED - DataSED - Dataset for Sound Event Detection of environmental noise/SED_wav/S-0283.wav,monophonic,Train,train,18.07,44.06,0.4,0.97,25.98,1660
datased:monophonic:001660,S-0284,DataSED - DataSED - Dataset for Sound Event Detection of environmental noise/SED_wav/S-0284.wav,monophonic,Vehicle pass-by,vehicle_pass_by,1.0,11.3,0.08,0.88,10.3,1661
datased:monophonic:001661,S-0285,DataSED - DataSED - Dataset for Sound Event Detection of environmental noise/SED_wav/S-0285.wav,monophonic,Music,music,0.47,47.24,0.0,0.44,46.77,1662
datased:monophonic:001662,S-0285,DataSED - DataSED - Dataset for Sound Event Detection of environmental noise/SED_wav/S-0285.wav,monophonic,Music,music,48.09,107.63,0.45,1.0,59.54,1663
datased:monophonic:001663,S-0286,DataSED - DataSED - Dataset for Sound Event Detection of environmental noise/SED_wav/S-0286.wav,monophonic,Jet aircrafts,jet_aircrafts,2.33,63.86,0.03,0.93,61.52,1664
datased:monophonic:001664,S-0287,DataSED - DataSED - Dataset for Sound Event Detection of environmental noise/SED_wav/S-0287.wav,monophonic,Jet aircrafts,jet_aircrafts,0.7,46.19,0.01,0.97,45.5,1665
datased:monophonic:001665,S-0288,DataSED - DataSED - Dataset for Sound Event Detection of environmental noise/SED_wav/S-0288.wav,monophonic,Jet aircrafts,jet_aircrafts,0.97,38.0,0.02,0.98,37.03,1666
datased:monophonic:001666,S-0289,DataSED - DataSED - Dataset for Sound Event Detection of environmental noise/SED_wav/S-0289.wav,monophonic,Jet aircrafts,jet_aircrafts,17.84,95.37,0.18,0.95,77.53,1667
datased:monophonic:001667,S-0290,DataSED - DataSED - Dataset for Sound Event Detection of environmental noise/SED_wav/S-0290.wav,monophonic,Jet aircrafts,jet_aircrafts,1.2,40.54,0.03,0.98,39.34,1668
datased:monophonic:001668,S-0291,DataSED - DataSED - Dataset for Sound Event Detection of environmental noise/SED_wav/S-0291.wav,monophonic,Train,train,7.64,33.64,0.2,0.88,26.0,1669
datased:monophonic:001669,S-0292,DataSED - DataSED - Dataset for Sound Event Detection of environmental noise/SED_wav/S-0292.wav,monophonic,Voices,voices,0.38,4.37,0.0,0.04,3.99,1670
datased:monophonic:001670,S-0292,DataSED - DataSED - Dataset for Sound Event Detection of environmental noise/SED_wav/S-0292.wav,monophonic,Music,music,4.4,18.45,0.04,0.15,14.04,1671
datased:monophonic:001671,S-0292,DataSED - DataSED - Dataset for Sound Event Detection of environmental noise/SED_wav/S-0292.wav,monophonic,Vehicle pass-by,vehicle_pass_by,23.88,32.77,0.2,0.27,8.89,1672
datased:monophonic:001672,S-0292,DataSED - DataSED - Dataset for Sound Event Detection of environmental noise/SED_wav/S-0292.wav,monophonic,Vehicle pass-by,vehicle_pass_by,36.96,47.38,0.3,0.39,10.43,1673
datased:monophonic:001673,S-0292,DataSED - DataSED - Dataset for Sound Event Detection of environmental noise/SED_wav/S-0292.wav,monophonic,Music,music,54.65,62.81,0.45,0.52,8.15,1674
datased:monophonic:001674,S-0292,DataSED - DataSED - Dataset for Sound Event Detection of environmental noise/SED_wav/S-0292.wav,monophonic,Vehicle pass-by,vehicle_pass_by,66.77,76.54,0.55,0.63,9.77,1675
datased:monophonic:001675,S-0292,DataSED - DataSED - Dataset for Sound Event Detection of environmental noise/SED_wav/S-0292.wav,monophonic,Music,music,76.69,79.48,0.63,0.66,2.79,1676
datased:monophonic:001676,S-0292,DataSED - DataSED - Dataset for Sound Event Detection of environmental noise/SED_wav/S-0292.wav,monophonic,Vehicle idling,vehicle_idling,79.77,96.51,0.66,0.8,16.74,1677
datased:monophonic:001677,S-0292,DataSED - DataSED - Dataset for Sound Event Detection of environmental noise/SED_wav/S-0292.wav,monophonic,Music,music,97.25,107.68,0.8,0.89,10.43,1678
datased:monophonic:001678,S-0292,DataSED - DataSED - Dataset for Sound Event Detection of environmental noise/SED_wav/S-0292.wav,monophonic,Voices,voices,114.73,119.87,0.95,0.99,5.14,1679
datased:monophonic:001679,S-0292,DataSED - DataSED - Dataset for Sound Event Detection of environmental noise/SED_wav/S-0292.wav,monophonic,Dog barkings and howlings,dog_barkings_and_howlings,120.16,121.34,0.99,1.0,1.18,1680
datased:monophonic:001680,S-0293,DataSED - DataSED - Dataset for Sound Event Detection of environmental noise/SED_wav/S-0293.wav,monophonic,Music,music,7.19,26.15,0.05,0.17,18.96,1681
datased:monophonic:001681,S-0293,DataSED - DataSED - Dataset for Sound Event Detection of environmental noise/SED_wav/S-0293.wav,monophonic,Vehicle pass-by,vehicle_pass_by,26.24,37.75,0.17,0.24,11.51,1682
datased:monophonic:001682,S-0293,DataSED - DataSED - Dataset for Sound Event Detection of environmental noise/SED_wav/S-0293.wav,monophonic,Music,music,37.88,131.66,0.24,0.83,93.78,1683
datased:monophonic:001683,S-0293,DataSED - DataSED - Dataset for Sound Event Detection of environmental noise/SED_wav/S-0293.wav,monophonic,Vehicle pass-by,vehicle_pass_by,131.85,145.99,0.83,0.92,14.15,1684
datased:monophonic:001684,S-0293,DataSED - DataSED - Dataset for Sound Event Detection of environmental noise/SED_wav/S-0293.wav,monophonic,Music,music,146.19,157.37,0.93,1.0,11.18,1685
datased:monophonic:001685,S-0294,DataSED - DataSED - Dataset for Sound Event Detection of environmental noise/SED_wav/S-0294.wav,monophonic,Music,music,0.0,19.0,0.0,0.16,19.0,1686
datased:monophonic:001686,S-0294,DataSED - DataSED - Dataset for Sound Event Detection of environmental noise/SED_wav/S-0294.wav,monophonic,Vehicle pass-by,vehicle_pass_by,19.14,29.86,0.16,0.25,10.71,1687
datased:monophonic:001687,S-0294,DataSED - DataSED - Dataset for Sound Event Detection of environmental noise/SED_wav/S-0294.wav,monophonic,Music,music,30.14,37.07,0.25,0.31,6.92,1688
datased:monophonic:001688,S-0294,DataSED - DataSED - Dataset for Sound Event Detection of environmental noise/SED_wav/S-0294.wav,monophonic,Dog barkings and howlings,dog_barkings_and_howlings,37.26,38.34,0.31,0.32,1.08,1689
datased:monophonic:001689,S-0294,DataSED - DataSED - Dataset for Sound Event Detection of environmental noise/SED_wav/S-0294.wav,monophonic,Music,music,38.37,42.41,0.32,0.36,4.04,1690
datased:monophonic:001690,S-0294,DataSED - DataSED - Dataset for Sound Event Detection of environmental noise/SED_wav/S-0294.wav,monophonic,Dog barkings and howlings,dog_barkings_and_howlings,42.58,44.31,0.36,0.37,1.73,1691
datased:monophonic:001691,S-0294,DataSED - DataSED - Dataset for Sound Event Detection of environmental noise/SED_wav/S-0294.wav,monophonic,Music,music,44.31,73.66,0.37,0.62,29.34,1692
datased:monophonic:001692,S-0294,DataSED - DataSED - Dataset for Sound Event Detection of environmental noise/SED_wav/S-0294.wav,monophonic,Dog barkings and howlings,dog_barkings_and_howlings,74.08,76.52,0.62,0.64,2.44,1693
datased:monophonic:001693,S-0294,DataSED - DataSED - Dataset for Sound Event Detection of environmental noise/SED_wav/S-0294.wav,monophonic,Dog barkings and howlings,dog_barkings_and_howlings,80.48,83.07,0.68,0.7,2.59,1694
datased:monophonic:001694,S-0294,DataSED - DataSED - Dataset for Sound Event Detection of environmental noise/SED_wav/S-0294.wav,monophonic,Dog barkings and howlings,dog_barkings_and_howlings,85.3,86.66,0.72,0.73,1.37,1695
datased:monophonic:001695,S-0294,DataSED - DataSED - Dataset for Sound Event Detection of environmental noise/SED_wav/S-0294.wav,monophonic,Dog barkings and howlings,dog_barkings_and_howlings,90.85,98.17,0.76,0.83,7.32,1696
datased:monophonic:001696,S-0294,DataSED - DataSED - Dataset for Sound Event Detection of environmental noise/SED_wav/S-0294.wav,monophonic,Vehicle pass-by,vehicle_pass_by,103.35,118.66,0.87,1.0,15.32,1697
datased:monophonic:001697,S-0295,DataSED - DataSED - Dataset for Sound Event Detection of environmental noise/SED_wav/S-0295.wav,monophonic,Music,music,1.62,52.85,0.0,0.14,51.23,1698
datased:monophonic:001698,S-0295,DataSED - DataSED - Dataset for Sound Event Detection of environmental noise/SED_wav/S-0295.wav,monophonic,Voices,voices,53.07,71.5,0.14,0.19,18.43,1699
datased:monophonic:001699,S-0295,DataSED - DataSED - Dataset for Sound Event Detection of environmental noise/SED_wav/S-0295.wav,monophonic,Music,music,71.95,114.19,0.19,0.31,42.24,1700
datased:monophonic:001700,S-0295,DataSED - DataSED - Dataset for Sound Event Detection of environmental noise/SED_wav/S-0295.wav,monophonic,Voices,voices,114.19,133.96,0.31,0.36,19.77,1701
datased:monophonic:001701,S-0295,DataSED - DataSED - Dataset for Sound Event Detection of environmental noise/SED_wav/S-0295.wav,monophonic,Music,music,134.41,167.22,0.36,0.45,32.81,1702
datased:monophonic:001702,S-0295,DataSED - DataSED - Dataset for Sound Event Detection of environmental noise/SED_wav/S-0295.wav,monophonic,Voices,voices,167.22,188.34,0.45,0.51,21.12,1703
datased:monophonic:001703,S-0295,DataSED - DataSED - Dataset for Sound Event Detection of environmental noise/SED_wav/S-0295.wav,monophonic,Music,music,188.57,219.35,0.51,0.59,30.78,1704
datased:monophonic:001704,S-0295,DataSED - DataSED - Dataset for Sound Event Detection of environmental noise/SED_wav/S-0295.wav,monophonic,Voices,voices,219.35,241.82,0.59,0.65,22.47,1705
datased:monophonic:001705,S-0295,DataSED - DataSED - Dataset for Sound Event Detection of environmental noise/SED_wav/S-0295.wav,monophonic,Music,music,243.17,344.95,0.66,0.93,101.79,1706
datased:monophonic:001706,S-0295,DataSED - DataSED - Dataset for Sound Event Detection of environmental noise/SED_wav/S-0295.wav,monophonic,Voices,voices,346.53,369.67,0.93,1.0,23.14,1707
datased:monophonic:001707,S-0296,DataSED - DataSED - Dataset for Sound Event Detection of environmental noise/SED_wav/S-0296.wav,monophonic,Music,music,2.1,43.99,0.01,0.28,41.89,1708
datased:monophonic:001708,S-0296,DataSED - DataSED - Dataset for Sound Event Detection of environmental noise/SED_wav/S-0296.wav,monophonic,Music,music,53.54,105.7,0.34,0.66,52.17,1709
datased:monophonic:001709,S-0296,DataSED - DataSED - Dataset for Sound Event Detection of environmental noise/SED_wav/S-0296.wav,monophonic,Music,music,111.97,154.88,0.7,0.97,42.91,1710
datased:monophonic:001710,S-0297,DataSED - DataSED - Dataset for Sound Event Detection of environmental noise/SED_wav/S-0297.wav,monophonic,Music,music,0.39,15.38,0.01,0.53,14.99,1711
datased:monophonic:001711,S-0297,DataSED - DataSED - Dataset for Sound Event Detection of environmental noise/SED_wav/S-0297.wav,monophonic,Music,music,21.42,28.5,0.74,0.99,7.09,1712
datased:monophonic:001712,S-0298,DataSED - DataSED - Dataset for Sound Event Detection of environmental noise/SED_wav/S-0298.wav,monophonic,Music,music,7.16,29.49,0.03,0.12,22.32,1713
datased:monophonic:001713,S-0298,DataSED - DataSED - Dataset for Sound Event Detection of environmental noise/SED_wav/S-0298.wav,monophonic,Music,music,42.2,84.06,0.16,0.33,41.86,1714
datased:monophonic:001714,S-0298,DataSED - DataSED - Dataset for Sound Event Detection of environmental noise/SED_wav/S-0298.wav,monophonic,Music,music,95.22,133.2,0.37,0.52,37.98,1715
datased:monophonic:001715,S-0298,DataSED - DataSED - Dataset for Sound Event Detection of environmental noise/SED_wav/S-0298.wav,monophonic,Music,music,143.12,163.12,0.56,0.64,20.0,1716
datased:monophonic:001716,S-0298,DataSED - DataSED - Dataset for Sound Event Detection of environmental noise/SED_wav/S-0298.wav,monophonic,Music,music,171.34,195.06,0.67,0.76,23.72,1717
datased:monophonic:001717,S-0298,DataSED - DataSED - Dataset for Sound Event Detection of environmental noise/SED_wav/S-0298.wav,monophonic,Music,music,199.4,231.49,0.78,0.9,32.09,1718
datased:monophonic:001718,S-0298,DataSED - DataSED - Dataset for Sound Event Detection of environmental noise/SED_wav/S-0298.wav,monophonic,Vehicle pass-by,vehicle_pass_by,244.2,249.74,0.95,0.98,5.53,1719
datased:monophonic:001719,S-0298,DataSED - DataSED - Dataset for Sound Event Detection of environmental noise/SED_wav/S-0298.wav,monophonic,Music,music,249.78,256.14,0.98,1.0,6.36,1720
datased:monophonic:001720,S-0299,DataSED - DataSED - Dataset for Sound Event Detection of environmental noise/SED_wav/S-0299.wav,monophonic,Music,music,1.82,20.5,0.01,0.17,18.69,1721
datased:monophonic:001721,S-0299,DataSED - DataSED - Dataset for Sound Event Detection of environmental noise/SED_wav/S-0299.wav,monophonic,Music,music,24.25,39.41,0.2,0.32,15.16,1722
datased:monophonic:001722,S-0299,DataSED - DataSED - Dataset for Sound Event Detection of environmental noise/SED_wav/S-0299.wav,monophonic,Music,music,43.47,58.62,0.35,0.47,15.16,1723
datased:monophonic:001723,S-0299,DataSED - DataSED - Dataset for Sound Event Detection of environmental noise/SED_wav/S-0299.wav,monophonic,Music,music,62.53,77.54,0.5,0.63,15.01,1724
datased:monophonic:001724,S-0299,DataSED - DataSED - Dataset for Sound Event Detection of environmental noise/SED_wav/S-0299.wav,monophonic,Music,music,81.44,99.15,0.66,0.8,17.71,1725
datased:monophonic:001725,S-0299,DataSED - DataSED - Dataset for Sound Event Detection of environmental noise/SED_wav/S-0299.wav,monophonic,Music,music,103.05,111.76,0.83,0.9,8.71,1726
datased:monophonic:001726,S-0299,DataSED - DataSED - Dataset for Sound Event Detection of environmental noise/SED_wav/S-0299.wav,monophonic,Music,music,115.88,123.16,0.93,0.99,7.28,1727
datased:monophonic:001727,S-0300,DataSED - DataSED - Dataset for Sound Event Detection of environmental noise/SED_wav/S-0300.wav,monophonic,Music,music,6.14,69.7,0.08,0.96,63.55,1728
datased:monophonic:001728,S-0301,DataSED - DataSED - Dataset for Sound Event Detection of environmental noise/SED_wav/S-0301.wav,monophonic,Music,music,1.25,56.44,0.01,0.33,55.19,1729
datased:monophonic:001729,S-0301,DataSED - DataSED - Dataset for Sound Event Detection of environmental noise/SED_wav/S-0301.wav,monophonic,Vehicle pass-by,vehicle_pass_by,57.29,88.13,0.34,0.52,30.84,1730
datased:monophonic:001730,S-0301,DataSED - DataSED - Dataset for Sound Event Detection of environmental noise/SED_wav/S-0301.wav,monophonic,Vehicle idling,vehicle_idling,88.74,109.6,0.53,0.65,20.86,1731
datased:monophonic:001731,S-0301,DataSED - DataSED - Dataset for Sound Event Detection of environmental noise/SED_wav/S-0301.wav,monophonic,Horn,horn,109.69,111.33,0.65,0.66,1.64,1732
datased:monophonic:001732,S-0301,DataSED - DataSED - Dataset for Sound Event Detection of environmental noise/SED_wav/S-0301.wav,monophonic,Vehicle idling,vehicle_idling,111.36,121.04,0.66,0.72,9.68,1733
datased:monophonic:001733,S-0301,DataSED - DataSED - Dataset for Sound Event Detection of environmental noise/SED_wav/S-0301.wav,monophonic,Vehicle idling,vehicle_idling,128.91,146.92,0.76,0.87,18.01,1734
datased:monophonic:001734,S-0301,DataSED - DataSED - Dataset for Sound Event Detection of environmental noise/SED_wav/S-0301.wav,monophonic,Voices,voices,147.21,167.85,0.87,0.99,20.65,1735
datased:monophonic:001735,S-0302,DataSED - DataSED - Dataset for Sound Event Detection of environmental noise/SED_wav/S-0302.wav,monophonic,Train,train,0.7,22.27,0.03,0.99,21.58,1736
datased:monophonic:001736,S-0303,DataSED - DataSED - Dataset for Sound Event Detection of environmental noise/SED_wav/S-0303.wav,monophonic,Music,music,0.0,30.22,0.0,0.15,30.22,1737
datased:monophonic:001737,S-0303,DataSED - DataSED - Dataset for Sound Event Detection of environmental noise/SED_wav/S-0303.wav,monophonic,Music,music,35.19,77.59,0.18,0.4,42.39,1738
datased:monophonic:001738,S-0303,DataSED - DataSED - Dataset for Sound Event Detection of environmental noise/SED_wav/S-0303.wav,monophonic,Music,music,83.98,133.71,0.43,0.68,49.73,1739
datased:monophonic:001739,S-0303,DataSED - DataSED - Dataset for Sound Event Detection of environmental noise/SED_wav/S-0303.wav,monophonic,Music,music,138.45,180.37,0.71,0.92,41.92,1740
datased:monophonic:001740,S-0304,DataSED - DataSED - Dataset for Sound Event Detection of environmental noise/SED_wav/S-0304.wav,monophonic,Propeller aircrafts,propeller_aircrafts,3.11,78.64,0.04,0.92,75.53,1741
datased:monophonic:001741,S-0305,DataSED - DataSED - Dataset for Sound Event Detection of environmental noise/SED_wav/S-0305.wav,monophonic,Voices,voices,4.4,7.95,0.02,0.03,3.56,1742
datased:monophonic:001742,S-0305,DataSED - DataSED - Dataset for Sound Event Detection of environmental noise/SED_wav/S-0305.wav,monophonic,Music,music,8.44,255.76,0.03,0.96,247.32,1743
datased:monophonic:001743,S-0306,DataSED - DataSED - Dataset for Sound Event Detection of environmental noise/SED_wav/S-0306.wav,monophonic,Vehicle pass-by,vehicle_pass_by,1.22,12.16,0.07,0.69,10.93,1744
datased:monophonic:001744,S-0307,DataSED - DataSED - Dataset for Sound Event Detection of environmental noise/SED_wav/S-0307.wav,monophonic,Propeller aircrafts,propeller_aircrafts,2.41,90.19,0.03,0.98,87.78,1745
datased:monophonic:001745,S-0308,DataSED - DataSED - Dataset for Sound Event Detection of environmental noise/SED_wav/S-0308.wav,monophonic,Jet aircrafts,jet_aircrafts,1.45,48.65,0.03,0.92,47.19,1746
datased:monophonic:001746,S-0309,DataSED - DataSED - Dataset for Sound Event Detection of environmental noise/SED_wav/S-0309.wav,monophonic,Sirens and alarms,sirens_and_alarms,3.89,7.87,0.47,0.96,3.98,1747
datased:monophonic:001747,S-0310,DataSED - DataSED - Dataset for Sound Event Detection of environmental noise/SED_wav/S-0310.wav,monophonic,Sirens and alarms,sirens_and_alarms,0.61,12.02,0.04,0.73,11.41,1748
datased:monophonic:001748,S-0311,DataSED - DataSED - Dataset for Sound Event Detection of environmental noise/SED_wav/S-0311.wav,monophonic,Sirens and alarms,sirens_and_alarms,1.32,11.46,0.06,0.49,10.14,1749
datased:monophonic:001749,S-0311,DataSED - DataSED - Dataset for Sound Event Detection of environmental noise/SED_wav/S-0311.wav,monophonic,Vehicle pass-by,vehicle_pass_by,11.56,12.78,0.49,0.55,1.22,1750
datased:monophonic:001750,S-0311,DataSED - DataSED - Dataset for Sound Event Detection of environmental noise/SED_wav/S-0311.wav,monophonic,Sirens and alarms,sirens_and_alarms,12.86,22.33,0.55,0.96,9.47,1751
datased:monophonic:001751,S-0312,DataSED - DataSED - Dataset for Sound Event Detection of environmental noise/SED_wav/S-0312.wav,monophonic,Sirens and alarms,sirens_and_alarms,5.57,25.99,0.05,0.25,20.42,1752
datased:monophonic:001752,S-0312,DataSED - DataSED - Dataset for Sound Event Detection of environmental noise/SED_wav/S-0312.wav,monophonic,Birds,birds,33.61,43.35,0.33,0.42,9.74,1753
datased:monophonic:001753,S-0312,DataSED - DataSED - Dataset for Sound Event Detection of environmental noise/SED_wav/S-0312.wav,monophonic,Jet aircrafts,jet_aircrafts,44.03,61.83,0.43,0.6,17.8,1754
datased:monophonic:001754,S-0312,DataSED - DataSED - Dataset for Sound Event Detection of environmental noise/SED_wav/S-0312.wav,monophonic,Sirens and alarms,sirens_and_alarms,62.58,81.68,0.61,0.79,19.11,1755
datased:monophonic:001755,S-0312,DataSED - DataSED - Dataset for Sound Event Detection of environmental noise/SED_wav/S-0312.wav,monophonic,Birds,birds,81.93,90.3,0.79,0.88,8.37,1756
datased:monophonic:001756,S-0312,DataSED - DataSED - Dataset for Sound Event Detection of environmental noise/SED_wav/S-0312.wav,monophonic,Vehicle pass-by,vehicle_pass_by,90.43,101.48,0.88,0.98,11.05,1757
datased:monophonic:001757,S-0313,DataSED - DataSED - Dataset for Sound Event Detection of environmental noise/SED_wav/S-0313.wav,monophonic,Sirens and alarms,sirens_and_alarms,0.0,11.69,0.0,0.52,11.69,1758
datased:monophonic:001758,S-0313,DataSED - DataSED - Dataset for Sound Event Detection of environmental noise/SED_wav/S-0313.wav,monophonic,Horn,horn,11.75,14.13,0.53,0.63,2.38,1759
datased:monophonic:001759,S-0313,DataSED - DataSED - Dataset for Sound Event Detection of environmental noise/SED_wav/S-0313.wav,monophonic,Sirens and alarms,sirens_and_alarms,14.17,22.15,0.64,0.99,7.98,1760
datased:monophonic:001760,S-0314,DataSED - DataSED - Dataset for Sound Event Detection of environmental noise/SED_wav/S-0314.wav,monophonic,Sirens and alarms,sirens_and_alarms,0.0,2.62,0.0,0.09,2.62,1761
datased:monophonic:001761,S-0314,DataSED - DataSED - Dataset for Sound Event Detection of environmental noise/SED_wav/S-0314.wav,monophonic,Dog barkings and howlings,dog_barkings_and_howlings,2.77,3.62,0.1,0.12,0.85,1762
datased:monophonic:001762,S-0314,DataSED - DataSED - Dataset for Sound Event Detection of environmental noise/SED_wav/S-0314.wav,monophonic,Sirens and alarms,sirens_and_alarms,3.65,5.83,0.13,0.2,2.19,1763
datased:monophonic:001763,S-0314,DataSED - DataSED - Dataset for Sound Event Detection of environmental noise/SED_wav/S-0314.wav,monophonic,Dog barkings and howlings,dog_barkings_and_howlings,6.0,7.72,0.21,0.26,1.71,1764
datased:monophonic:001764,S-0314,DataSED - DataSED - Dataset for Sound Event Detection of environmental noise/SED_wav/S-0314.wav,monophonic,Sirens and alarms,sirens_and_alarms,7.87,25.0,0.27,0.86,17.12,1765
datased:monophonic:001765,S-0315,DataSED - DataSED - Dataset for Sound Event Detection of environmental noise/SED_wav/S-0315.wav,monophonic,Sirens and alarms,sirens_and_alarms,0.94,18.65,0.01,0.11,17.7,1766
datased:monophonic:001766,S-0315,DataSED - DataSED - Dataset for Sound Event Detection of environmental noise/SED_wav/S-0315.wav,monophonic,Horn,horn,19.21,20.54,0.11,0.12,1.33,1767
datased:monophonic:001767,S-0315,DataSED - DataSED - Dataset for Sound Event Detection of environmental noise/SED_wav/S-0315.wav,monophonic,Sirens and alarms,sirens_and_alarms,20.85,48.15,0.12,0.28,27.29,1768
datased:monophonic:001768,S-0315,DataSED - DataSED - Dataset for Sound Event Detection of environmental noise/SED_wav/S-0315.wav,monophonic,Vehicle idling,vehicle_idling,61.79,74.42,0.36,0.44,12.62,1769
datased:monophonic:001769,S-0315,DataSED - DataSED - Dataset for Sound Event Detection of environmental noise/SED_wav/S-0315.wav,monophonic,Vehicle pass-by,vehicle_pass_by,81.39,86.01,0.48,0.51,4.62,1770
datased:monophonic:001770,S-0315,DataSED - DataSED - Dataset for Sound Event Detection of environmental noise/SED_wav/S-0315.wav,monophonic,Vehicle pass-by,vehicle_pass_by,87.55,92.89,0.52,0.55,5.34,1771
datased:monophonic:001771,S-0315,DataSED - DataSED - Dataset for Sound Event Detection of environmental noise/SED_wav/S-0315.wav,monophonic,Vehicle idling,vehicle_idling,96.38,102.12,0.57,0.6,5.75,1772
datased:monophonic:001772,S-0315,DataSED - DataSED - Dataset for Sound Event Detection of environmental noise/SED_wav/S-0315.wav,monophonic,Vehicle idling,vehicle_idling,113.72,157.53,0.67,0.93,43.81,1773
datased:monophonic:001773,S-0316,DataSED - DataSED - Dataset for Sound Event Detection of environmental noise/SED_wav/S-0316.wav,monophonic,Voices,voices,3.49,5.99,0.05,0.09,2.49,1774
datased:monophonic:001774,S-0316,DataSED - DataSED - Dataset for Sound Event Detection of environmental noise/SED_wav/S-0316.wav,monophonic,Dog barkings and howlings,dog_barkings_and_howlings,8.8,9.23,0.13,0.14,0.44,1775
datased:monophonic:001775,S-0316,DataSED - DataSED - Dataset for Sound Event Detection of environmental noise/SED_wav/S-0316.wav,monophonic,Sirens and alarms,sirens_and_alarms,13.03,40.82,0.2,0.62,27.79,1776
datased:monophonic:001776,S-0316,DataSED - DataSED - Dataset for Sound Event Detection of environmental noise/SED_wav/S-0316.wav,monophonic,Vehicle idling,vehicle_idling,43.51,51.03,0.67,0.78,7.52,1777
datased:monophonic:001777,S-0316,DataSED - DataSED - Dataset for Sound Event Detection of environmental noise/SED_wav/S-0316.wav,monophonic,Voices,voices,51.86,55.54,0.79,0.85,3.68,1778
datased:monophonic:001778,S-0316,DataSED - DataSED - Dataset for Sound Event Detection of environmental noise/SED_wav/S-0316.wav,monophonic,Vehicle pass-by,vehicle_pass_by,55.78,57.37,0.85,0.88,1.58,1779
datased:monophonic:001779,S-0316,DataSED - DataSED - Dataset for Sound Event Detection of environmental noise/SED_wav/S-0316.wav,monophonic,Voices,voices,60.49,61.52,0.92,0.94,1.03,1780
datased:monophonic:001780,S-0316,DataSED - DataSED - Dataset for Sound Event Detection of environmental noise/SED_wav/S-0316.wav,monophonic,Voices,voices,63.58,65.39,0.97,1.0,1.81,1781
datased:monophonic:001781,S-0317,DataSED - DataSED - Dataset for Sound Event Detection of environmental noise/SED_wav/S-0317.wav,monophonic,Sirens and alarms,sirens_and_alarms,0.1,13.0,0.01,0.93,12.9,1782
datased:monophonic:001782,S-0318,DataSED - DataSED - Dataset for Sound Event Detection of environmental noise/SED_wav/S-0318.wav,monophonic,Sirens and alarms,sirens_and_alarms,8.35,48.64,0.09,0.55,40.29,1783
datased:monophonic:001783,S-0318,DataSED - DataSED - Dataset for Sound Event Detection of environmental noise/SED_wav/S-0318.wav,monophonic,Sirens and alarms,sirens_and_alarms,49.98,51.58,0.57,0.58,1.6,1784
datased:monophonic:001784,S-0318,DataSED - DataSED - Dataset for Sound Event Detection of environmental noise/SED_wav/S-0318.wav,monophonic,Sirens and alarms,sirens_and_alarms,51.95,53.24,0.59,0.6,1.28,1785
datased:monophonic:001785,S-0318,DataSED - DataSED - Dataset for Sound Event Detection of environmental noise/SED_wav/S-0318.wav,monophonic,Sirens and alarms,sirens_and_alarms,54.89,86.96,0.62,0.98,32.06,1786
datased:monophonic:001786,S-0319,DataSED - DataSED - Dataset for Sound Event Detection of environmental noise/SED_wav/S-0319.wav,monophonic,Vehicle pass-by,vehicle_pass_by,4.66,9.72,0.08,0.17,5.06,1787
datased:monophonic:001787,S-0319,DataSED - DataSED - Dataset for Sound Event Detection of environmental noise/SED_wav/S-0319.wav,monophonic,Sirens and alarms,sirens_and_alarms,9.82,18.56,0.17,0.32,8.74,1788
datased:monophonic:001788,S-0319,DataSED - DataSED - Dataset for Sound Event Detection of environmental noise/SED_wav/S-0319.wav,monophonic,Sirens and alarms,sirens_and_alarms,24.71,53.24,0.42,0.91,28.54,1789
datased:monophonic:001789,S-0320,DataSED - DataSED - Dataset for Sound Event Detection of environmental noise/SED_wav/S-0320.wav,monophonic,Sirens and alarms,sirens_and_alarms,0.24,14.69,0.01,0.49,14.45,1790
datased:monophonic:001790,S-0320,DataSED - DataSED - Dataset for Sound Event Detection of environmental noise/SED_wav/S-0320.wav,monophonic,Sirens and alarms,sirens_and_alarms,17.42,27.06,0.58,0.91,9.64,1791
datased:monophonic:001791,S-0321,DataSED - DataSED - Dataset for Sound Event Detection of environmental noise/SED_wav/S-0321.wav,monophonic,Birds,birds,0.0,7.7,0.0,0.04,7.7,1792
datased:monophonic:001792,S-0321,DataSED - DataSED - Dataset for Sound Event Detection of environmental noise/SED_wav/S-0321.wav,monophonic,Vehicle pass-by,vehicle_pass_by,7.83,11.21,0.04,0.06,3.38,1793
datased:monophonic:001793,S-0321,DataSED - DataSED - Dataset for Sound Event Detection of environmental noise/SED_wav/S-0321.wav,monophonic,Sirens and alarms,sirens_and_alarms,14.36,55.95,0.07,0.29,41.6,1794
datased:monophonic:001794,S-0321,DataSED - DataSED - Dataset for Sound Event Detection of environmental noise/SED_wav/S-0321.wav,monophonic,Sirens and alarms,sirens_and_alarms,65.62,187.15,0.34,0.97,121.52,1795
datased:monophonic:001795,S-0321,DataSED - DataSED - Dataset for Sound Event Detection of environmental noise/SED_wav/S-0321.wav,monophonic,Dog barkings and howlings,dog_barkings_and_howlings,188.78,190.64,0.98,0.99,1.86,1796
datased:monophonic:001796,S-0322,DataSED - DataSED - Dataset for Sound Event Detection of environmental noise/SED_wav/S-0322.wav,monophonic,Sirens and alarms,sirens_and_alarms,7.45,95.61,0.03,0.37,88.15,1797
datased:monophonic:001797,S-0322,DataSED - DataSED - Dataset for Sound Event Detection of environmental noise/SED_wav/S-0322.wav,monophonic,Sirens and alarms,sirens_and_alarms,115.1,242.84,0.45,0.95,127.75,1798
datased:monophonic:001798,S-0322,DataSED - DataSED - Dataset for Sound Event Detection of environmental noise/SED_wav/S-0322.wav,monophonic,Birds,birds,243.15,255.52,0.95,1.0,12.37,1799
datased:monophonic:001799,S-0323,DataSED - DataSED - Dataset for Sound Event Detection of environmental noise/SED_wav/S-0323.wav,monophonic,Sirens and alarms,sirens_and_alarms,1.06,56.38,0.02,0.91,55.32,1800
datased:monophonic:001800,S-0324,DataSED - DataSED - Dataset for Sound Event Detection of environmental noise/SED_wav/S-0324.wav,monophonic,Train,train,0.37,22.72,0.01,0.9,22.36,1801
datased:monophonic:001801,S-0325,DataSED - DataSED - Dataset for Sound Event Detection of environmental noise/SED_wav/S-0325.wav,monophonic,Sirens and alarms,sirens_and_alarms,3.98,6.92,0.03,0.05,2.94,1802
datased:monophonic:001802,S-0325,DataSED - DataSED - Dataset for Sound Event Detection of environmental noise/SED_wav/S-0325.wav,monophonic,Vehicle pass-by,vehicle_pass_by,9.5,38.01,0.06,0.25,28.51,1803
datased:monophonic:001803,S-0325,DataSED - DataSED - Dataset for Sound Event Detection of environmental noise/SED_wav/S-0325.wav,monophonic,Sirens and alarms,sirens_and_alarms,38.21,57.16,0.25,0.38,18.96,1804
datased:monophonic:001804,S-0325,DataSED - DataSED - Dataset for Sound Event Detection of environmental noise/SED_wav/S-0325.wav,monophonic,Sirens and alarms,sirens_and_alarms,57.35,128.02,0.38,0.84,70.67,1805
datased:monophonic:001805,S-0326,DataSED - DataSED - Dataset for Sound Event Detection of environmental noise/SED_wav/S-0326.wav,monophonic,Train,train,1.04,17.98,0.06,0.96,16.94,1806
datased:monophonic:001806,S-0327,DataSED - DataSED - Dataset for Sound Event Detection of environmental noise/SED_wav/S-0327.wav,monophonic,Train,train,7.49,77.21,0.04,0.45,69.72,1807
datased:monophonic:001807,S-0327,DataSED - DataSED - Dataset for Sound Event Detection of environmental noise/SED_wav/S-0327.wav,monophonic,Jet aircrafts,jet_aircrafts,123.69,132.51,0.72,0.77,8.82,1808
datased:monophonic:001808,S-0328,DataSED - DataSED - Dataset for Sound Event Detection of environmental noise/SED_wav/S-0328.wav,monophonic,Voices,voices,0.46,3.51,0.01,0.09,3.06,1809
datased:monophonic:001809,S-0328,DataSED - DataSED - Dataset for Sound Event Detection of environmental noise/SED_wav/S-0328.wav,monophonic,Horn,horn,5.58,7.4,0.14,0.19,1.83,1810
datased:monophonic:001810,S-0328,DataSED - DataSED - Dataset for Sound Event Detection of environmental noise/SED_wav/S-0328.wav,monophonic,Train,train,8.42,16.45,0.21,0.42,8.03,1811
datased:monophonic:001811,S-0328,DataSED - DataSED - Dataset for Sound Event Detection of environmental noise/SED_wav/S-0328.wav,monophonic,Horn,horn,16.55,17.69,0.42,0.45,1.14,1812
datased:monophonic:001812,S-0328,DataSED - DataSED - Dataset for Sound Event Detection of environmental noise/SED_wav/S-0328.wav,monophonic,Train,train,17.71,33.55,0.45,0.86,15.85,1813
datased:monophonic:001813,S-0329,DataSED - DataSED - Dataset for Sound Event Detection of environmental noise/SED_wav/S-0329.wav,monophonic,Train,train,5.34,49.6,0.07,0.67,44.26,1814
datased:monophonic:001814,S-0329,DataSED - DataSED - Dataset for Sound Event Detection of environmental noise/SED_wav/S-0329.wav,monophonic,Horn,horn,49.83,50.55,0.67,0.68,0.72,1815
datased:monophonic:001815,S-0329,DataSED - DataSED - Dataset for Sound Event Detection of environmental noise/SED_wav/S-0329.wav,monophonic,Train,train,50.63,51.94,0.68,0.7,1.3,1816
datased:monophonic:001816,S-0329,DataSED - DataSED - Dataset for Sound Event Detection of environmental noise/SED_wav/S-0329.wav,monophonic,Horn,horn,59.87,62.33,0.81,0.84,2.46,1817
datased:monophonic:001817,S-0330,DataSED - DataSED - Dataset for Sound Event Detection of environmental noise/SED_wav/S-0330.wav,monophonic,Sirens and alarms,sirens_and_alarms,1.16,15.24,0.01,0.15,14.08,1818
datased:monophonic:001818,S-0330,DataSED - DataSED - Dataset for Sound Event Detection of environmental noise/SED_wav/S-0330.wav,monophonic,Horn,horn,15.66,18.71,0.15,0.18,3.05,1819
datased:monophonic:001819,S-0330,DataSED - DataSED - Dataset for Sound Event Detection of environmental noise/SED_wav/S-0330.wav,monophonic,Horn,horn,19.99,23.65,0.19,0.23,3.66,1820
datased:monophonic:001820,S-0330,DataSED - DataSED - Dataset for Sound Event Detection of environmental noise/SED_wav/S-0330.wav,monophonic,Train,train,23.68,93.77,0.23,0.89,70.1,1821
datased:monophonic:001821,S-0330,DataSED - DataSED - Dataset for Sound Event Detection of environmental noise/SED_wav/S-0330.wav,monophonic,Vehicle idling,vehicle_idling,93.9,103.44,0.89,0.98,9.54,1822
datased:monophonic:001822,S-0331,DataSED - DataSED - Dataset for Sound Event Detection of environmental noise/SED_wav/S-0331.wav,monophonic,Sirens and alarms,sirens_and_alarms,0.29,22.12,0.0,0.34,21.83,1823
datased:monophonic:001823,S-0331,DataSED - DataSED - Dataset for Sound Event Detection of environmental noise/SED_wav/S-0331.wav,monophonic,Train,train,32.66,49.62,0.5,0.76,16.96,1824
datased:monophonic:001824,S-0331,DataSED - DataSED - Dataset for Sound Event Detection of environmental noise/SED_wav/S-0331.wav,monophonic,Vehicle pass-by,vehicle_pass_by,53.15,61.07,0.81,0.93,7.93,1825
datased:monophonic:001825,S-0332,DataSED - DataSED - Dataset for Sound Event Detection of environmental noise/SED_wav/S-0332.wav,monophonic,Vehicle idling,vehicle_idling,0.0,24.35,0.0,0.25,24.35,1826
datased:monophonic:001826,S-0332,DataSED - DataSED - Dataset for Sound Event Detection of environmental noise/SED_wav/S-0332.wav,monophonic,Vehicle idling,vehicle_idling,27.15,31.46,0.28,0.32,4.31,1827
datased:monophonic:001827,S-0332,DataSED - DataSED - Dataset for Sound Event Detection of environmental noise/SED_wav/S-0332.wav,monophonic,Horn,horn,32.14,33.27,0.33,0.34,1.13,1828
datased:monophonic:001828,S-0332,DataSED - DataSED - Dataset for Sound Event Detection of environmental noise/SED_wav/S-0332.wav,monophonic,Vehicle idling,vehicle_idling,33.43,35.48,0.34,0.36,2.05,1829
datased:monophonic:001829,S-0332,DataSED - DataSED - Dataset for Sound Event Detection of environmental noise/SED_wav/S-0332.wav,monophonic,Vehicle idling,vehicle_idling,38.51,49.34,0.39,0.5,10.83,1830
datased:monophonic:001830,S-0332,DataSED - DataSED - Dataset for Sound Event Detection of environmental noise/SED_wav/S-0332.wav,monophonic,Train,train,51.84,91.82,0.53,0.93,39.98,1831
datased:monophonic:001831,S-0332,DataSED - DataSED - Dataset for Sound Event Detection of environmental noise/SED_wav/S-0332.wav,monophonic,Sirens and alarms,sirens_and_alarms,92.06,93.07,0.94,0.95,1.01,1832
datased:monophonic:001832,S-0333,DataSED - DataSED - Dataset for Sound Event Detection of environmental noise/SED_wav/S-0333.wav,monophonic,Train,train,0.53,11.09,0.0,0.1,10.56,1833
datased:monophonic:001833,S-0333,DataSED - DataSED - Dataset for Sound Event Detection of environmental noise/SED_wav/S-0333.wav,monophonic,Birds,birds,11.54,19.03,0.11,0.18,7.49,1834
datased:monophonic:001834,S-0333,DataSED - DataSED - Dataset for Sound Event Detection of environmental noise/SED_wav/S-0333.wav,monophonic,Vehicle pass-by,vehicle_pass_by,19.09,25.81,0.18,0.24,6.72,1835
datased:monophonic:001835,S-0333,DataSED - DataSED - Dataset for Sound Event Detection of environmental noise/SED_wav/S-0333.wav,monophonic,Train,train,35.74,42.14,0.34,0.4,6.4,1836
datased:monophonic:001836,S-0333,DataSED - DataSED - Dataset for Sound Event Detection of environmental noise/SED_wav/S-0333.wav,monophonic,Vehicle idling,vehicle_idling,48.67,58.78,0.46,0.56,10.12,1837
datased:monophonic:001837,S-0333,DataSED - DataSED - Dataset for Sound Event Detection of environmental noise/SED_wav/S-0333.wav,monophonic,Birds,birds,59.1,69.79,0.56,0.66,10.69,1838
datased:monophonic:001838,S-0333,DataSED - DataSED - Dataset for Sound Event Detection of environmental noise/SED_wav/S-0333.wav,monophonic,Train,train,79.72,97.51,0.75,0.92,17.8,1839
datased:monophonic:001839,S-0333,DataSED - DataSED - Dataset for Sound Event Detection of environmental noise/SED_wav/S-0333.wav,monophonic,Birds,birds,97.83,103.72,0.92,0.98,5.89,1840
datased:monophonic:001840,S-0333,DataSED - DataSED - Dataset for Sound Event Detection of environmental noise/SED_wav/S-0333.wav,monophonic,Crows seagulls and magpies,crows_seagulls_magpies,104.04,105.77,0.98,1.0,1.73,1841
datased:monophonic:001841,S-0334,DataSED - DataSED - Dataset for Sound Event Detection of environmental noise/SED_wav/S-0334.wav,monophonic,Train,train,7.32,26.97,0.17,0.63,19.65,1842
datased:monophonic:001842,S-0334,DataSED - DataSED - Dataset for Sound Event Detection of environmental noise/SED_wav/S-0334.wav,monophonic,Voices,voices,31.14,33.9,0.72,0.79,2.76,1843
datased:monophonic:001843,S-0334,DataSED - DataSED - Dataset for Sound Event Detection of environmental noise/SED_wav/S-0334.wav,monophonic,Voices,voices,36.27,37.83,0.84,0.88,1.56,1844
datased:monophonic:001844,S-0335,DataSED - DataSED - Dataset for Sound Event Detection of environmental noise/SED_wav/S-0335.wav,monophonic,Train,train,2.11,23.93,0.09,0.98,21.81,1845
datased:monophonic:001845,S-0336,DataSED - DataSED - Dataset for Sound Event Detection of environmental noise/SED_wav/S-0336.wav,monophonic,Train,train,0.0,112.75,0.0,0.84,112.75,1846
datased:monophonic:001846,S-0337,DataSED - DataSED - Dataset for Sound Event Detection of environmental noise/SED_wav/S-0337.wav,monophonic,Birds,birds,0.0,9.35,0.0,0.18,9.35,1847
datased:monophonic:001847,S-0337,DataSED - DataSED - Dataset for Sound Event Detection of environmental noise/SED_wav/S-0337.wav,monophonic,Train,train,9.38,38.13,0.18,0.75,28.75,1848
datased:monophonic:001848,S-0337,DataSED - DataSED - Dataset for Sound Event Detection of environmental noise/SED_wav/S-0337.wav,monophonic,Birds,birds,38.19,49.57,0.75,0.98,11.38,1849
datased:monophonic:001849,S-0338,DataSED - DataSED - Dataset for Sound Event Detection of environmental noise/SED_wav/S-0338.wav,monophonic,Train,train,10.97,28.91,0.25,0.65,17.94,1850
datased:monophonic:001850,S-0339,DataSED - DataSED - Dataset for Sound Event Detection of environmental noise/SED_wav/S-0339.wav,monophonic,Birds,birds,2.09,13.63,0.01,0.09,11.54,1851
datased:monophonic:001851,S-0339,DataSED - DataSED - Dataset for Sound Event Detection of environmental noise/SED_wav/S-0339.wav,monophonic,Train,train,13.64,41.5,0.09,0.28,27.87,1852
datased:monophonic:001852,S-0339,DataSED - DataSED - Dataset for Sound Event Detection of environmental noise/SED_wav/S-0339.wav,monophonic,Vehicle pass-by,vehicle_pass_by,46.82,63.69,0.31,0.43,16.86,1853
datased:monophonic:001853,S-0339,DataSED - DataSED - Dataset for Sound Event Detection of environmental noise/SED_wav/S-0339.wav,monophonic,Music,music,65.31,69.37,0.44,0.47,4.06,1854
datased:monophonic:001854,S-0339,DataSED - DataSED - Dataset for Sound Event Detection of environmental noise/SED_wav/S-0339.wav,monophonic,Horn,horn,87.95,89.3,0.59,0.6,1.35,1855
datased:monophonic:001855,S-0339,DataSED - DataSED - Dataset for Sound Event Detection of environmental noise/SED_wav/S-0339.wav,monophonic,Train,train,93.27,134.39,0.63,0.9,41.12,1856
datased:monophonic:001856,S-0339,DataSED - DataSED - Dataset for Sound Event Detection of environmental noise/SED_wav/S-0339.wav,monophonic,Birds,birds,134.84,143.04,0.9,0.96,8.2,1857
datased:monophonic:001857,S-0339,DataSED - DataSED - Dataset for Sound Event Detection of environmental noise/SED_wav/S-0339.wav,monophonic,Vehicle idling,vehicle_idling,143.32,147.2,0.96,0.99,3.88,1858
datased:monophonic:001858,S-0340,DataSED - DataSED - Dataset for Sound Event Detection of environmental noise/SED_wav/S-0340.wav,monophonic,Train,train,2.55,15.41,0.09,0.56,12.86,1859
datased:monophonic:001859,S-0341,DataSED - DataSED - Dataset for Sound Event Detection of environmental noise/SED_wav/S-0341.wav,monophonic,Voices,voices,0.0,14.66,0.0,0.23,14.66,1860
datased:monophonic:001860,S-0341,DataSED - DataSED - Dataset for Sound Event Detection of environmental noise/SED_wav/S-0341.wav,monophonic,Train,train,15.15,25.4,0.24,0.41,10.26,1861
datased:monophonic:001861,S-0341,DataSED - DataSED - Dataset for Sound Event Detection of environmental noise/SED_wav/S-0341.wav,monophonic,Voices,voices,25.64,62.54,0.41,1.0,36.9,1862
datased:monophonic:001862,S-0342,DataSED - DataSED - Dataset for Sound Event Detection of environmental noise/SED_wav/S-0342.wav,monophonic,Horn,horn,5.05,9.14,0.03,0.05,4.09,1863
datased:monophonic:001863,S-0342,DataSED - DataSED - Dataset for Sound Event Detection of environmental noise/SED_wav/S-0342.wav,monophonic,Horn,horn,11.36,15.79,0.06,0.08,4.44,1864
datased:monophonic:001864,S-0342,DataSED - DataSED - Dataset for Sound Event Detection of environmental noise/SED_wav/S-0342.wav,monophonic,Horn,horn,17.08,22.8,0.09,0.12,5.72,1865
datased:monophonic:001865,S-0342,DataSED - DataSED - Dataset for Sound Event Detection of environmental noise/SED_wav/S-0342.wav,monophonic,Train,train,23.04,182.38,0.12,0.94,159.35,1866
datased:monophonic:001866,S-0343,DataSED - DataSED - Dataset for Sound Event Detection of environmental noise/SED_wav/S-0343.wav,monophonic,Train,train,1.5,16.03,0.08,0.82,14.52,1867
datased:monophonic:001867,S-0344,DataSED - DataSED - Dataset for Sound Event Detection of environmental noise/SED_wav/S-0344.wav,monophonic,Train,train,0.66,10.1,0.03,0.45,9.43,1868
datased:monophonic:001868,S-0345,DataSED - DataSED - Dataset for Sound Event Detection of environmental noise/SED_wav/S-0345.wav,monophonic,Train,train,9.37,30.61,0.24,0.79,21.25,1869
datased:monophonic:001869,S-0346,DataSED - DataSED - Dataset for Sound Event Detection of environmental noise/SED_wav/S-0346.wav,monophonic,Train,train,0.82,35.5,0.02,0.84,34.67,1870
datased:monophonic:001870,S-0347,DataSED - DataSED - Dataset for Sound Event Detection of environmental noise/SED_wav/S-0347.wav,monophonic,Vehicle idling,vehicle_idling,0.0,53.35,0.0,0.3,53.35,1871
datased:monophonic:001871,S-0347,DataSED - DataSED - Dataset for Sound Event Detection of environmental noise/SED_wav/S-0347.wav,monophonic,Horn,horn,61.17,80.23,0.35,0.45,19.06,1872
datased:monophonic:001872,S-0347,DataSED - DataSED - Dataset for Sound Event Detection of environmental noise/SED_wav/S-0347.wav,monophonic,Train,train,80.23,84.92,0.45,0.48,4.7,1873
datased:monophonic:001873,S-0347,DataSED - DataSED - Dataset for Sound Event Detection of environmental noise/SED_wav/S-0347.wav,monophonic,Horn,horn,85.79,88.15,0.48,0.5,2.36,1874
datased:monophonic:001874,S-0347,DataSED - DataSED - Dataset for Sound Event Detection of environmental noise/SED_wav/S-0347.wav,monophonic,Horn,horn,90.72,96.07,0.51,0.54,5.35,1875
datased:monophonic:001875,S-0347,DataSED - DataSED - Dataset for Sound Event Detection of environmental noise/SED_wav/S-0347.wav,monophonic,Train,train,96.42,101.55,0.55,0.57,5.13,1876
datased:monophonic:001876,S-0347,DataSED - DataSED - Dataset for Sound Event Detection of environmental noise/SED_wav/S-0347.wav,monophonic,Horn,horn,101.96,106.57,0.58,0.6,4.6,1877
datased:monophonic:001877,S-0347,DataSED - DataSED - Dataset for Sound Event Detection of environmental noise/SED_wav/S-0347.wav,monophonic,Train,train,107.04,173.07,0.61,0.98,66.03,1878
datased:monophonic:001878,S-0348,DataSED - DataSED - Dataset for Sound Event Detection of environmental noise/SED_wav/S-0348.wav,monophonic,Voices,voices,0.8,4.78,0.04,0.21,3.97,1879
datased:monophonic:001879,S-0348,DataSED - DataSED - Dataset for Sound Event Detection of environmental noise/SED_wav/S-0348.wav,monophonic,Glass breaking,glass_breaking,4.97,7.86,0.22,0.35,2.89,1880
datased:monophonic:001880,S-0348,DataSED - DataSED - Dataset for Sound Event Detection of environmental noise/SED_wav/S-0348.wav,monophonic,Voices,voices,7.96,15.12,0.35,0.67,7.16,1881
datased:monophonic:001881,S-0348,DataSED - DataSED - Dataset for Sound Event Detection of environmental noise/SED_wav/S-0348.wav,monophonic,Glass breaking,glass_breaking,15.23,17.08,0.67,0.75,1.86,1882
datased:monophonic:001882,S-0348,DataSED - DataSED - Dataset for Sound Event Detection of environmental noise/SED_wav/S-0348.wav,monophonic,Voices,voices,17.12,22.67,0.75,1.0,5.55,1883
datased:monophonic:001883,S-0349,DataSED - DataSED - Dataset for Sound Event Detection of environmental noise/SED_wav/S-0349.wav,monophonic,Music,music,0.0,3.56,0.0,0.04,3.56,1884
datased:monophonic:001884,S-0349,DataSED - DataSED - Dataset for Sound Event Detection of environmental noise/SED_wav/S-0349.wav,monophonic,Voices,voices,3.77,27.99,0.04,0.32,24.22,1885
datased:monophonic:001885,S-0349,DataSED - DataSED - Dataset for Sound Event Detection of environmental noise/SED_wav/S-0349.wav,monophonic,Music,music,28.25,40.15,0.33,0.47,11.9,1886
datased:monophonic:001886,S-0349,DataSED - DataSED - Dataset for Sound Event Detection of environmental noise/SED_wav/S-0349.wav,monophonic,Voices,voices,40.41,54.29,0.47,0.63,13.88,1887
datased:monophonic:001887,S-0349,DataSED - DataSED - Dataset for Sound Event Detection of environmental noise/SED_wav/S-0349.wav,monophonic,Music,music,54.4,84.62,0.63,0.98,30.22,1888
datased:monophonic:001888,S-0350,DataSED - DataSED - Dataset for Sound Event Detection of environmental noise/SED_wav/S-0350.wav,monophonic,Workshop,workshop,1.79,167.87,0.01,0.98,166.09,1889
datased:monophonic:001889,S-0351,DataSED - DataSED - Dataset for Sound Event Detection of environmental noise/SED_wav/S-0351.wav,monophonic,Horn,horn,0.0,6.92,0.0,0.05,6.92,1890
datased:monophonic:001890,S-0351,DataSED - DataSED - Dataset for Sound Event Detection of environmental noise/SED_wav/S-0351.wav,monophonic,Horn,horn,8.12,12.01,0.06,0.09,3.89,1891
datased:monophonic:001891,S-0351,DataSED - DataSED - Dataset for Sound Event Detection of environmental noise/SED_wav/S-0351.wav,monophonic,Horn,horn,12.4,17.8,0.09,0.14,5.4,1892
datased:monophonic:001892,S-0351,DataSED - DataSED - Dataset for Sound Event Detection of environmental noise/SED_wav/S-0351.wav,monophonic,Horn,horn,18.44,27.81,0.14,0.21,9.37,1893
datased:monophonic:001893,S-0351,DataSED - DataSED - Dataset for Sound Event Detection of environmental noise/SED_wav/S-0351.wav,monophonic,Train,train,29.24,129.85,0.22,0.99,100.61,1894
datased:monophonic:001894,S-0352,DataSED - DataSED - Dataset for Sound Event Detection of environmental noise/SED_wav/S-0352.wav,monophonic,Sirens and alarms,sirens_and_alarms,0.0,10.7,0.0,0.96,10.7,1895
datased:monophonic:001895,S-0353,DataSED - DataSED - Dataset for Sound Event Detection of environmental noise/SED_wav/S-0353.wav,monophonic,Train,train,8.26,26.81,0.26,0.85,18.55,1896
datased:monophonic:001896,S-0354,DataSED - DataSED - Dataset for Sound Event Detection of environmental noise/SED_wav/S-0354.wav,monophonic,Sirens and alarms,sirens_and_alarms,0.91,17.92,0.04,0.72,17.01,1897
datased:monophonic:001897,S-0354,DataSED - DataSED - Dataset for Sound Event Detection of environmental noise/SED_wav/S-0354.wav,monophonic,Voices,voices,18.03,19.15,0.72,0.76,1.12,1898
datased:monophonic:001898,S-0354,DataSED - DataSED - Dataset for Sound Event Detection of environmental noise/SED_wav/S-0354.wav,monophonic,Sirens and alarms,sirens_and_alarms,19.2,24.9,0.77,0.99,5.7,1899
datased:monophonic:001899,S-0355,DataSED - DataSED - Dataset for Sound Event Detection of environmental noise/SED_wav/S-0355.wav,monophonic,Vehicle pass-by,vehicle_pass_by,15.05,20.94,0.14,0.2,5.89,1900
datased:monophonic:001900,S-0355,DataSED - DataSED - Dataset for Sound Event Detection of environmental noise/SED_wav/S-0355.wav,monophonic,Train,train,22.03,40.78,0.21,0.39,18.75,1901
datased:monophonic:001901,S-0355,DataSED - DataSED - Dataset for Sound Event Detection of environmental noise/SED_wav/S-0355.wav,monophonic,Vehicle pass-by,vehicle_pass_by,40.97,45.99,0.39,0.44,5.02,1902
datased:monophonic:001902,S-0355,DataSED - DataSED - Dataset for Sound Event Detection of environmental noise/SED_wav/S-0355.wav,monophonic,Vehicle pass-by,vehicle_pass_by,48.58,56.9,0.46,0.54,8.32,1903
datased:monophonic:001903,S-0355,DataSED - DataSED - Dataset for Sound Event Detection of environmental noise/SED_wav/S-0355.wav,monophonic,Jet aircrafts,jet_aircrafts,64.01,89.87,0.61,0.85,25.86,1904
datased:monophonic:001904,S-0355,DataSED - DataSED - Dataset for Sound Event Detection of environmental noise/SED_wav/S-0355.wav,monophonic,Vehicle idling,vehicle_idling,90.24,95.43,0.85,0.9,5.18,1905
datased:monophonic:001905,S-0355,DataSED - DataSED - Dataset for Sound Event Detection of environmental noise/SED_wav/S-0355.wav,monophonic,Jet aircrafts,jet_aircrafts,95.47,101.06,0.9,0.96,5.58,1906
datased:monophonic:001906,S-0356,DataSED - DataSED - Dataset for Sound Event Detection of environmental noise/SED_wav/S-0356.wav,monophonic,Music,music,1.82,11.38,0.01,0.07,9.56,1907
datased:monophonic:001907,S-0356,DataSED - DataSED - Dataset for Sound Event Detection of environmental noise/SED_wav/S-0356.wav,monophonic,Music,music,14.69,26.9,0.09,0.17,12.21,1908
datased:monophonic:001908,S-0356,DataSED - DataSED - Dataset for Sound Event Detection of environmental noise/SED_wav/S-0356.wav,monophonic,Music,music,29.93,37.03,0.19,0.24,7.1,1909
datased:monophonic:001909,S-0356,DataSED - DataSED - Dataset for Sound Event Detection of environmental noise/SED_wav/S-0356.wav,monophonic,Music,music,39.96,57.94,0.26,0.37,17.98,1910
datased:monophonic:001910,S-0356,DataSED - DataSED - Dataset for Sound Event Detection of environmental noise/SED_wav/S-0356.wav,monophonic,Music,music,59.08,69.11,0.38,0.44,10.03,1911
datased:monophonic:001911,S-0356,DataSED - DataSED - Dataset for Sound Event Detection of environmental noise/SED_wav/S-0356.wav,monophonic,Music,music,72.24,90.96,0.46,0.58,18.72,1912
datased:monophonic:001912,S-0356,DataSED - DataSED - Dataset for Sound Event Detection of environmental noise/SED_wav/S-0356.wav,monophonic,Music,music,103.19,108.11,0.66,0.69,4.92,1913
datased:monophonic:001913,S-0356,DataSED - DataSED - Dataset for Sound Event Detection of environmental noise/SED_wav/S-0356.wav,monophonic,Music,music,109.24,131.96,0.7,0.84,22.72,1914
datased:monophonic:001914,S-0356,DataSED - DataSED - Dataset for Sound Event Detection of environmental noise/SED_wav/S-0356.wav,monophonic,Music,music,134.89,156.19,0.86,1.0,21.3,1915
datased:monophonic:001915,S-0357,DataSED - DataSED - Dataset for Sound Event Detection of environmental noise/SED_wav/S-0357.wav,monophonic,Sirens and alarms,sirens_and_alarms,0.0,1.36,0.0,0.04,1.36,1916
datased:monophonic:001916,S-0357,DataSED - DataSED - Dataset for Sound Event Detection of environmental noise/SED_wav/S-0357.wav,monophonic,Sirens and alarms,sirens_and_alarms,1.78,3.22,0.05,0.09,1.44,1917
datased:monophonic:001917,S-0357,DataSED - DataSED - Dataset for Sound Event Detection of environmental noise/SED_wav/S-0357.wav,monophonic,Sirens and alarms,sirens_and_alarms,4.09,24.94,0.12,0.71,20.85,1918
datased:monophonic:001918,S-0357,DataSED - DataSED - Dataset for Sound Event Detection of environmental noise/SED_wav/S-0357.wav,monophonic,Sirens and alarms,sirens_and_alarms,30.92,31.56,0.88,0.9,0.63,1919
datased:monophonic:001919,S-0358,DataSED - DataSED - Dataset for Sound Event Detection of environmental noise/SED_wav/S-0358.wav,monophonic,Music,music,0.0,6.36,0.0,0.06,6.36,1920
datased:monophonic:001920,S-0358,DataSED - DataSED - Dataset for Sound Event Detection of environmental noise/SED_wav/S-0358.wav,monophonic,Music,music,9.43,23.14,0.08,0.21,13.71,1921
datased:monophonic:001921,S-0358,DataSED - DataSED - Dataset for Sound Event Detection of environmental noise/SED_wav/S-0358.wav,monophonic,Music,music,26.21,38.55,0.23,0.34,12.35,1922
datased:monophonic:001922,S-0358,DataSED - DataSED - Dataset for Sound Event Detection of environmental noise/SED_wav/S-0358.wav,monophonic,Music,music,41.55,56.97,0.37,0.51,15.41,1923
datased:monophonic:001923,S-0358,DataSED - DataSED - Dataset for Sound Event Detection of environmental noise/SED_wav/S-0358.wav,monophonic,Music,music,60.1,71.02,0.53,0.63,10.91,1924
datased:monophonic:001924,S-0358,DataSED - DataSED - Dataset for Sound Event Detection of environmental noise/SED_wav/S-0358.wav,monophonic,Music,music,74.22,82.48,0.66,0.73,8.25,1925
datased:monophonic:001925,S-0358,DataSED - DataSED - Dataset for Sound Event Detection of environmental noise/SED_wav/S-0358.wav,monophonic,Music,music,85.68,95.3,0.76,0.85,9.62,1926
datased:monophonic:001926,S-0358,DataSED - DataSED - Dataset for Sound Event Detection of environmental noise/SED_wav/S-0358.wav,monophonic,Music,music,98.44,103.83,0.87,0.92,5.39,1927
datased:monophonic:001927,S-0358,DataSED - DataSED - Dataset for Sound Event Detection of environmental noise/SED_wav/S-0358.wav,monophonic,Music,music,106.83,111.4,0.95,0.99,4.57,1928
datased:monophonic:001928,S-0359,DataSED - DataSED - Dataset for Sound Event Detection of environmental noise/SED_wav/S-0359.wav,monophonic,Music,music,3.71,11.64,0.03,0.11,7.92,1929
datased:monophonic:001929,S-0359,DataSED - DataSED - Dataset for Sound Event Detection of environmental noise/SED_wav/S-0359.wav,monophonic,Music,music,14.37,18.72,0.13,0.17,4.35,1930
datased:monophonic:001930,S-0359,DataSED - DataSED - Dataset for Sound Event Detection of environmental noise/SED_wav/S-0359.wav,monophonic,Music,music,21.51,29.43,0.2,0.27,7.92,1931
datased:monophonic:001931,S-0359,DataSED - DataSED - Dataset for Sound Event Detection of environmental noise/SED_wav/S-0359.wav,monophonic,Music,music,32.29,35.08,0.3,0.33,2.79,1932
datased:monophonic:001932,S-0359,DataSED - DataSED - Dataset for Sound Event Detection of environmental noise/SED_wav/S-0359.wav,monophonic,Music,music,37.81,43.72,0.35,0.41,5.91,1933
datased:monophonic:001933,S-0359,DataSED - DataSED - Dataset for Sound Event Detection of environmental noise/SED_wav/S-0359.wav,monophonic,Music,music,46.58,51.64,0.43,0.48,5.07,1934
datased:monophonic:001934,S-0359,DataSED - DataSED - Dataset for Sound Event Detection of environmental noise/SED_wav/S-0359.wav,monophonic,Music,music,54.56,62.49,0.51,0.58,7.92,1935
datased:monophonic:001935,S-0359,DataSED - DataSED - Dataset for Sound Event Detection of environmental noise/SED_wav/S-0359.wav,monophonic,Music,music,65.28,71.84,0.61,0.67,6.56,1936
datased:monophonic:001936,S-0359,DataSED - DataSED - Dataset for Sound Event Detection of environmental noise/SED_wav/S-0359.wav,monophonic,Music,music,74.57,83.01,0.69,0.77,8.44,1937
datased:monophonic:001937,S-0359,DataSED - DataSED - Dataset for Sound Event Detection of environmental noise/SED_wav/S-0359.wav,monophonic,Music,music,85.87,93.72,0.8,0.87,7.86,1938
datased:monophonic:001938,S-0359,DataSED - DataSED - Dataset for Sound Event Detection of environmental noise/SED_wav/S-0359.wav,monophonic,Music,music,96.65,104.57,0.9,0.97,7.92,1939
datased:monophonic:001939,S-0360,DataSED - DataSED - Dataset for Sound Event Detection of environmental noise/SED_wav/S-0360.wav,monophonic,Music,music,0.0,17.87,0.0,0.78,17.87,1940
datased:monophonic:001940,S-0361,DataSED - DataSED - Dataset for Sound Event Detection of environmental noise/SED_wav/S-0361.wav,monophonic,Music,music,0.71,17.0,0.01,0.25,16.29,1941
datased:monophonic:001941,S-0361,DataSED - DataSED - Dataset for Sound Event Detection of environmental noise/SED_wav/S-0361.wav,monophonic,Music,music,21.8,36.35,0.32,0.53,14.55,1942
datased:monophonic:001942,S-0361,DataSED - DataSED - Dataset for Sound Event Detection of environmental noise/SED_wav/S-0361.wav,monophonic,Music,music,41.23,51.85,0.6,0.76,10.62,1943
datased:monophonic:001943,S-0361,DataSED - DataSED - Dataset for Sound Event Detection of environmental noise/SED_wav/S-0361.wav,monophonic,Music,music,57.35,65.41,0.84,0.96,8.06,1944
datased:monophonic:001944,S-0362,DataSED - DataSED - Dataset for Sound Event Detection of environmental noise/SED_wav/S-0362.wav,monophonic,Horn,horn,1.44,12.73,0.04,0.33,11.29,1945
datased:monophonic:001945,S-0362,DataSED - DataSED - Dataset for Sound Event Detection of environmental noise/SED_wav/S-0362.wav,monophonic,Horn,horn,19.33,33.26,0.5,0.85,13.93,1946
datased:monophonic:001946,S-0363,DataSED - DataSED - Dataset for Sound Event Detection of environmental noise/SED_wav/S-0363.wav,monophonic,Music,music,0.0,8.5,0.0,0.08,8.5,1947
datased:monophonic:001947,S-0363,DataSED - DataSED - Dataset for Sound Event Detection of environmental noise/SED_wav/S-0363.wav,monophonic,Crows seagulls and magpies,crows_seagulls_magpies,8.63,11.79,0.08,0.12,3.16,1948
datased:monophonic:001948,S-0363,DataSED - DataSED - Dataset for Sound Event Detection of environmental noise/SED_wav/S-0363.wav,monophonic,Music,music,11.97,20.4,0.12,0.2,8.43,1949
datased:monophonic:001949,S-0363,DataSED - DataSED - Dataset for Sound Event Detection of environmental noise/SED_wav/S-0363.wav,monophonic,Crows seagulls and magpies,crows_seagulls_magpies,20.65,23.81,0.2,0.23,3.16,1950
datased:monophonic:001950,S-0363,DataSED - DataSED - Dataset for Sound Event Detection of environmental noise/SED_wav/S-0363.wav,monophonic,Music,music,23.87,34.28,0.23,0.33,10.41,1951
datased:monophonic:001951,S-0363,DataSED - DataSED - Dataset for Sound Event Detection of environmental noise/SED_wav/S-0363.wav,monophonic,Crows seagulls and magpies,crows_seagulls_magpies,34.34,37.37,0.34,0.37,3.03,1952
datased:monophonic:001952,S-0363,DataSED - DataSED - Dataset for Sound Event Detection of environmental noise/SED_wav/S-0363.wav,monophonic,Music,music,37.51,47.82,0.37,0.47,10.31,1953
datased:monophonic:001953,S-0363,DataSED - DataSED - Dataset for Sound Event Detection of environmental noise/SED_wav/S-0363.wav,monophonic,Crows seagulls and magpies,crows_seagulls_magpies,47.85,50.89,0.47,0.5,3.04,1954
datased:monophonic:001954,S-0363,DataSED - DataSED - Dataset for Sound Event Detection of environmental noise/SED_wav/S-0363.wav,monophonic,Music,music,51.02,59.75,0.5,0.58,8.74,1955
datased:monophonic:001955,S-0363,DataSED - DataSED - Dataset for Sound Event Detection of environmental noise/SED_wav/S-0363.wav,monophonic,Crows seagulls and magpies,crows_seagulls_magpies,60.0,62.98,0.59,0.62,2.97,1956
datased:monophonic:001956,S-0363,DataSED - DataSED - Dataset for Sound Event Detection of environmental noise/SED_wav/S-0363.wav,monophonic,Music,music,63.04,70.75,0.62,0.69,7.71,1957
datased:monophonic:001957,S-0363,DataSED - DataSED - Dataset for Sound Event Detection of environmental noise/SED_wav/S-0363.wav,monophonic,Crows seagulls and magpies,crows_seagulls_magpies,70.78,73.58,0.69,0.72,2.79,1958
datased:monophonic:001958,S-0363,DataSED - DataSED - Dataset for Sound Event Detection of environmental noise/SED_wav/S-0363.wav,monophonic,Music,music,73.7,78.65,0.72,0.77,4.96,1959
datased:monophonic:001959,S-0363,DataSED - DataSED - Dataset for Sound Event Detection of environmental noise/SED_wav/S-0363.wav,monophonic,Crows seagulls and magpies,crows_seagulls_magpies,78.72,81.71,0.77,0.8,3.0,1960
datased:monophonic:001960,S-0363,DataSED - DataSED - Dataset for Sound Event Detection of environmental noise/SED_wav/S-0363.wav,monophonic,Music,music,81.75,90.55,0.8,0.88,8.8,1961
datased:monophonic:001961,S-0363,DataSED - DataSED - Dataset for Sound Event Detection of environmental noise/SED_wav/S-0363.wav,monophonic,Crows seagulls and magpies,crows_seagulls_magpies,90.74,93.69,0.89,0.92,2.95,1962
datased:monophonic:001962,S-0363,DataSED - DataSED - Dataset for Sound Event Detection of environmental noise/SED_wav/S-0363.wav,monophonic,Music,music,93.71,101.65,0.92,0.99,7.93,1963
datased:monophonic:001963,S-0363,DataSED - DataSED - Dataset for Sound Event Detection of environmental noise/SED_wav/S-0363.wav,monophonic,Voices,voices,101.77,102.39,0.99,1.0,0.62,1964
datased:monophonic:001964,S-0364,DataSED - DataSED - Dataset for Sound Event Detection of environmental noise/SED_wav/S-0364.wav,monophonic,Music,music,6.21,45.78,0.06,0.42,39.57,1965
datased:monophonic:001965,S-0364,DataSED - DataSED - Dataset for Sound Event Detection of environmental noise/SED_wav/S-0364.wav,monophonic,Music,music,60.16,103.23,0.55,0.95,43.07,1966
datased:monophonic:001966,S-0365,DataSED - DataSED - Dataset for Sound Event Detection of environmental noise/SED_wav/S-0365.wav,monophonic,Birds,birds,0.4,3.82,0.01,0.12,3.42,1967
datased:monophonic:001967,S-0365,DataSED - DataSED - Dataset for Sound Event Detection of environmental noise/SED_wav/S-0365.wav,monophonic,Sirens and alarms,sirens_and_alarms,3.89,15.77,0.12,0.5,11.88,1968
datased:monophonic:001968,S-0365,DataSED - DataSED - Dataset for Sound Event Detection of environmental noise/SED_wav/S-0365.wav,monophonic,Vehicle idling,vehicle_idling,15.89,19.44,0.5,0.62,3.55,1969
datased:monophonic:001969,S-0365,DataSED - DataSED - Dataset for Sound Event Detection of environmental noise/SED_wav/S-0365.wav,monophonic,Sirens and alarms,sirens_and_alarms,19.49,31.2,0.62,0.99,11.7,1970
datased:monophonic:001970,S-0366,DataSED - DataSED - Dataset for Sound Event Detection of environmental noise/SED_wav/S-0366.wav,monophonic,Sirens and alarms,sirens_and_alarms,3.29,69.19,0.02,0.41,65.9,1971
datased:monophonic:001971,S-0366,DataSED - DataSED - Dataset for Sound Event Detection of environmental noise/SED_wav/S-0366.wav,monophonic,Sirens and alarms,sirens_and_alarms,76.43,84.83,0.45,0.5,8.41,1972
datased:monophonic:001972,S-0366,DataSED - DataSED - Dataset for Sound Event Detection of environmental noise/SED_wav/S-0366.wav,monophonic,Workshop,workshop,85.1,88.47,0.5,0.52,3.37,1973
datased:monophonic:001973,S-0366,DataSED - DataSED - Dataset for Sound Event Detection of environmental noise/SED_wav/S-0366.wav,monophonic,Workshop,workshop,94.49,103.36,0.56,0.61,8.88,1974
datased:monophonic:001974,S-0366,DataSED - DataSED - Dataset for Sound Event Detection of environmental noise/SED_wav/S-0366.wav,monophonic,Workshop,workshop,110.4,138.25,0.66,0.82,27.85,1975
datased:monophonic:001975,S-0366,DataSED - DataSED - Dataset for Sound Event Detection of environmental noise/SED_wav/S-0366.wav,monophonic,Workshop,workshop,144.47,159.06,0.86,0.94,14.59,1976
datased:monophonic:001976,S-0367,DataSED - DataSED - Dataset for Sound Event Detection of environmental noise/SED_wav/S-0367.wav,monophonic,Birds,birds,0.0,3.34,0.0,0.05,3.34,1977
datased:monophonic:001977,S-0367,DataSED - DataSED - Dataset for Sound Event Detection of environmental noise/SED_wav/S-0367.wav,monophonic,Sirens and alarms,sirens_and_alarms,4.36,54.99,0.06,0.78,50.63,1978
datased:monophonic:001978,S-0367,DataSED - DataSED - Dataset for Sound Event Detection of environmental noise/SED_wav/S-0367.wav,monophonic,Vehicle pass-by,vehicle_pass_by,56.57,69.87,0.8,0.99,13.31,1979
datased:monophonic:001979,S-0368,DataSED - DataSED - Dataset for Sound Event Detection of environmental noise/SED_wav/S-0368.wav,monophonic,Train,train,1.21,13.09,0.08,0.86,11.88,1980
datased:monophonic:001980,S-0369,DataSED - DataSED - Dataset for Sound Event Detection of environmental noise/SED_wav/S-0369.wav,monophonic,Train,train,10.85,26.55,0.35,0.85,15.69,1981
datased:monophonic:001981,S-0370,DataSED - DataSED - Dataset for Sound Event Detection of environmental noise/SED_wav/S-0370.wav,monophonic,Music,music,0.0,34.04,0.0,0.42,34.04,1982
datased:monophonic:001982,S-0370,DataSED - DataSED - Dataset for Sound Event Detection of environmental noise/SED_wav/S-0370.wav,monophonic,Voices,voices,34.29,39.4,0.42,0.48,5.11,1983
datased:monophonic:001983,S-0370,DataSED - DataSED - Dataset for Sound Event Detection of environmental noise/SED_wav/S-0370.wav,monophonic,Music,music,39.55,77.05,0.48,0.94,37.5,1984
datased:monophonic:001984,S-0370,DataSED - DataSED - Dataset for Sound Event Detection of environmental noise/SED_wav/S-0370.wav,monophonic,Voices,voices,77.7,81.97,0.95,1.0,4.27,1985
datased:monophonic:001985,S-0371,DataSED - DataSED - Dataset for Sound Event Detection of environmental noise/SED_wav/S-0371.wav,monophonic,Voices,voices,1.1,8.93,0.01,0.1,7.83,1986
datased:monophonic:001986,S-0371,DataSED - DataSED - Dataset for Sound Event Detection of environmental noise/SED_wav/S-0371.wav,monophonic,Propeller aircrafts,propeller_aircrafts,9.55,13.02,0.11,0.15,3.47,1987
datased:monophonic:001987,S-0371,DataSED - DataSED - Dataset for Sound Event Detection of environmental noise/SED_wav/S-0371.wav,monophonic,Vehicle idling,vehicle_idling,13.27,26.71,0.16,0.31,13.43,1988
datased:monophonic:001988,S-0371,DataSED - DataSED - Dataset for Sound Event Detection of environmental noise/SED_wav/S-0371.wav,monophonic,Propeller aircrafts,propeller_aircrafts,26.72,33.4,0.31,0.39,6.68,1989
datased:monophonic:001989,S-0371,DataSED - DataSED - Dataset for Sound Event Detection of environmental noise/SED_wav/S-0371.wav,monophonic,Voices,voices,33.44,38.89,0.39,0.45,5.44,1990
datased:monophonic:001990,S-0371,DataSED - DataSED - Dataset for Sound Event Detection of environmental noise/SED_wav/S-0371.wav,monophonic,Propeller aircrafts,propeller_aircrafts,39.4,51.17,0.46,0.6,11.78,1991
datased:monophonic:001991,S-0371,DataSED - DataSED - Dataset for Sound Event Detection of environmental noise/SED_wav/S-0371.wav,monophonic,Music,music,52.62,81.76,0.61,0.95,29.13,1992
datased:monophonic:001992,S-0371,DataSED - DataSED - Dataset for Sound Event Detection of environmental noise/SED_wav/S-0371.wav,monophonic,Dog barkings and howlings,dog_barkings_and_howlings,82.07,84.4,0.96,0.99,2.33,1993
datased:monophonic:001993,S-0372,DataSED - DataSED - Dataset for Sound Event Detection of environmental noise/SED_wav/S-0372.wav,monophonic,Chicken coop,chicken_coop,0.0,2.07,0.0,0.14,2.07,1994
datased:monophonic:001994,S-0372,DataSED - DataSED - Dataset for Sound Event Detection of environmental noise/SED_wav/S-0372.wav,monophonic,Chicken coop,chicken_coop,4.61,7.45,0.31,0.5,2.84,1995
datased:monophonic:001995,S-0373,DataSED - DataSED - Dataset for Sound Event Detection of environmental noise/SED_wav/S-0373.wav,monophonic,Chicken coop,chicken_coop,1.09,2.6,0.07,0.18,1.51,1996
datased:monophonic:001996,S-0373,DataSED - DataSED - Dataset for Sound Event Detection of environmental noise/SED_wav/S-0373.wav,monophonic,Chicken coop,chicken_coop,5.19,6.9,0.36,0.47,1.71,1997
datased:monophonic:001997,S-0373,DataSED - DataSED - Dataset for Sound Event Detection of environmental noise/SED_wav/S-0373.wav,monophonic,Chicken coop,chicken_coop,8.7,10.59,0.6,0.73,1.89,1998
datased:monophonic:001998,S-0373,DataSED - DataSED - Dataset for Sound Event Detection of environmental noise/SED_wav/S-0373.wav,monophonic,Chicken coop,chicken_coop,10.78,11.96,0.74,0.82,1.18,1999
datased:monophonic:001999,S-0373,DataSED - DataSED - Dataset for Sound Event Detection of environmental noise/SED_wav/S-0373.wav,monophonic,Chicken coop,chicken_coop,12.2,14.07,0.84,0.96,1.87,2000
datased:monophonic:002000,S-0374,DataSED - DataSED - Dataset for Sound Event Detection of environmental noise/SED_wav/S-0374.wav,monophonic,Chicken coop,chicken_coop,1.93,4.15,0.13,0.28,2.22,2001
datased:monophonic:002001,S-0374,DataSED - DataSED - Dataset for Sound Event Detection of environmental noise/SED_wav/S-0374.wav,monophonic,Chicken coop,chicken_coop,9.8,12.28,0.67,0.84,2.48,2002
datased:monophonic:002002,S-0375,DataSED - DataSED - Dataset for Sound Event Detection of environmental noise/SED_wav/S-0375.wav,monophonic,Cicadas and crickets,cicadas_and_crickets,0.0,1.17,0.0,0.08,1.17,2003
datased:monophonic:002003,S-0375,DataSED - DataSED - Dataset for Sound Event Detection of environmental noise/SED_wav/S-0375.wav,monophonic,Chicken coop,chicken_coop,1.2,3.52,0.08,0.23,2.32,2004
datased:monophonic:002004,S-0375,DataSED - DataSED - Dataset for Sound Event Detection of environmental noise/SED_wav/S-0375.wav,monophonic,Cicadas and crickets,cicadas_and_crickets,3.64,8.36,0.24,0.54,4.72,2005
datased:monophonic:002005,S-0375,DataSED - DataSED - Dataset for Sound Event Detection of environmental noise/SED_wav/S-0375.wav,monophonic,Chicken coop,chicken_coop,8.41,10.53,0.54,0.68,2.12,2006
datased:monophonic:002006,S-0375,DataSED - DataSED - Dataset for Sound Event Detection of environmental noise/SED_wav/S-0375.wav,monophonic,Cicadas and crickets,cicadas_and_crickets,10.62,12.91,0.69,0.83,2.28,2007
datased:monophonic:002007,S-0375,DataSED - DataSED - Dataset for Sound Event Detection of environmental noise/SED_wav/S-0375.wav,monophonic,Chicken coop,chicken_coop,12.96,15.35,0.84,0.99,2.39,2008
datased:monophonic:002008,S-0376,DataSED - DataSED - Dataset for Sound Event Detection of environmental noise/SED_wav/S-0376.wav,monophonic,Chicken coop,chicken_coop,1.11,2.44,0.33,0.73,1.33,2009
datased:monophonic:002009,S-0377,DataSED - DataSED - Dataset for Sound Event Detection of environmental noise/SED_wav/S-0377.wav,monophonic,Chicken coop,chicken_coop,0.08,3.04,0.01,0.4,2.96,2010
datased:monophonic:002010,S-0377,DataSED - DataSED - Dataset for Sound Event Detection of environmental noise/SED_wav/S-0377.wav,monophonic,Chicken coop,chicken_coop,4.01,6.94,0.53,0.92,2.93,2011
datased:monophonic:002011,S-0378,DataSED - DataSED - Dataset for Sound Event Detection of environmental noise/SED_wav/S-0378.wav,monophonic,Chicken coop,chicken_coop,0.52,2.22,0.23,0.97,1.7,2012
datased:monophonic:002012,S-0379,DataSED - DataSED - Dataset for Sound Event Detection of environmental noise/SED_wav/S-0379.wav,monophonic,Chicken coop,chicken_coop,1.02,3.22,0.24,0.76,2.21,2013
datased:monophonic:002013,S-0380,DataSED - DataSED - Dataset for Sound Event Detection of environmental noise/SED_wav/S-0380.wav,monophonic,Chicken coop,chicken_coop,0.33,2.89,0.01,0.12,2.56,2014
datased:monophonic:002014,S-0380,DataSED - DataSED - Dataset for Sound Event Detection of environmental noise/SED_wav/S-0380.wav,monophonic,Voices,voices,2.95,3.71,0.12,0.15,0.76,2015
datased:monophonic:002015,S-0380,DataSED - DataSED - Dataset for Sound Event Detection of environmental noise/SED_wav/S-0380.wav,monophonic,Chicken coop,chicken_coop,3.93,6.27,0.16,0.25,2.34,2016
datased:monophonic:002016,S-0380,DataSED - DataSED - Dataset for Sound Event Detection of environmental noise/SED_wav/S-0380.wav,monophonic,Voices,voices,6.33,6.98,0.26,0.28,0.65,2017
datased:monophonic:002017,S-0380,DataSED - DataSED - Dataset for Sound Event Detection of environmental noise/SED_wav/S-0380.wav,monophonic,Chicken coop,chicken_coop,7.0,9.84,0.28,0.4,2.84,2018
datased:monophonic:002018,S-0380,DataSED - DataSED - Dataset for Sound Event Detection of environmental noise/SED_wav/S-0380.wav,monophonic,Voices,voices,10.24,13.01,0.42,0.53,2.77,2019
datased:monophonic:002019,S-0380,DataSED - DataSED - Dataset for Sound Event Detection of environmental noise/SED_wav/S-0380.wav,monophonic,Chicken coop,chicken_coop,13.13,15.51,0.53,0.63,2.38,2020
datased:monophonic:002020,S-0380,DataSED - DataSED - Dataset for Sound Event Detection of environmental noise/SED_wav/S-0380.wav,monophonic,Voices,voices,15.91,17.58,0.65,0.71,1.67,2021
datased:monophonic:002021,S-0380,DataSED - DataSED - Dataset for Sound Event Detection of environmental noise/SED_wav/S-0380.wav,monophonic,Chicken coop,chicken_coop,17.8,19.75,0.72,0.8,1.95,2022
datased:monophonic:002022,S-0380,DataSED - DataSED - Dataset for Sound Event Detection of environmental noise/SED_wav/S-0380.wav,monophonic,Voices,voices,19.82,20.51,0.81,0.83,0.68,2023
datased:monophonic:002023,S-0380,DataSED - DataSED - Dataset for Sound Event Detection of environmental noise/SED_wav/S-0380.wav,monophonic,Chicken coop,chicken_coop,20.55,22.74,0.84,0.92,2.19,2024
datased:monophonic:002024,S-0380,DataSED - DataSED - Dataset for Sound Event Detection of environmental noise/SED_wav/S-0380.wav,monophonic,Voices,voices,22.76,23.89,0.93,0.97,1.13,2025
datased:monophonic:002025,S-0380,DataSED - DataSED - Dataset for Sound Event Detection of environmental noise/SED_wav/S-0380.wav,monophonic,Chicken coop,chicken_coop,23.93,24.59,0.97,1.0,0.65,2026
datased:monophonic:002026,S-0381,DataSED - DataSED - Dataset for Sound Event Detection of environmental noise/SED_wav/S-0381.wav,monophonic,Birds,birds,0.0,4.23,0.0,0.05,4.23,2027
datased:monophonic:002027,S-0381,DataSED - DataSED - Dataset for Sound Event Detection of environmental noise/SED_wav/S-0381.wav,monophonic,Crows seagulls and magpies,crows_seagulls_magpies,4.28,7.61,0.05,0.09,3.33,2028
datased:monophonic:002028,S-0381,DataSED - DataSED - Dataset for Sound Event Detection of environmental noise/SED_wav/S-0381.wav,monophonic,Crows seagulls and magpies,crows_seagulls_magpies,16.25,19.58,0.19,0.23,3.33,2029
datased:monophonic:002029,S-0381,DataSED - DataSED - Dataset for Sound Event Detection of environmental noise/SED_wav/S-0381.wav,monophonic,Birds,birds,19.84,31.56,0.23,0.37,11.71,2030
datased:monophonic:002030,S-0381,DataSED - DataSED - Dataset for Sound Event Detection of environmental noise/SED_wav/S-0381.wav,monophonic,Vehicle pass-by,vehicle_pass_by,31.87,36.09,0.37,0.42,4.22,2031
datased:monophonic:002031,S-0381,DataSED - DataSED - Dataset for Sound Event Detection of environmental noise/SED_wav/S-0381.wav,monophonic,Crows seagulls and magpies,crows_seagulls_magpies,36.09,39.42,0.42,0.46,3.33,2032
datased:monophonic:002032,S-0381,DataSED - DataSED - Dataset for Sound Event Detection of environmental noise/SED_wav/S-0381.wav,monophonic,Vehicle pass-by,vehicle_pass_by,40.35,47.8,0.47,0.56,7.44,2033
datased:monophonic:002033,S-0381,DataSED - DataSED - Dataset for Sound Event Detection of environmental noise/SED_wav/S-0381.wav,monophonic,Birds,birds,50.87,52.02,0.59,0.6,1.15,2034
datased:monophonic:002034,S-0381,DataSED - DataSED - Dataset for Sound Event Detection of environmental noise/SED_wav/S-0381.wav,monophonic,Birds,birds,56.28,57.43,0.65,0.67,1.15,2035
datased:monophonic:002035,S-0381,DataSED - DataSED - Dataset for Sound Event Detection of environmental noise/SED_wav/S-0381.wav,monophonic,Birds,birds,68.15,80.49,0.79,0.94,12.34,2036
datased:monophonic:002036,S-0381,DataSED - DataSED - Dataset for Sound Event Detection of environmental noise/SED_wav/S-0381.wav,monophonic,Chicken coop,chicken_coop,81.95,84.91,0.95,0.99,2.97,2037
datased:monophonic:002037,S-0382,DataSED - DataSED - Dataset for Sound Event Detection of environmental noise/SED_wav/S-0382.wav,monophonic,Birds,birds,0.0,6.4,0.0,0.06,6.4,2038
datased:monophonic:002038,S-0382,DataSED - DataSED - Dataset for Sound Event Detection of environmental noise/SED_wav/S-0382.wav,monophonic,Bells,bells,6.61,17.63,0.06,0.15,11.02,2039
datased:monophonic:002039,S-0382,DataSED - DataSED - Dataset for Sound Event Detection of environmental noise/SED_wav/S-0382.wav,monophonic,Vehicle idling,vehicle_idling,19.53,32.3,0.17,0.28,12.77,2040
datased:monophonic:002040,S-0382,DataSED - DataSED - Dataset for Sound Event Detection of environmental noise/SED_wav/S-0382.wav,monophonic,Birds,birds,32.65,43.95,0.28,0.38,11.3,2041
datased:monophonic:002041,S-0382,DataSED - DataSED - Dataset for Sound Event Detection of environmental noise/SED_wav/S-0382.wav,monophonic,Bells,bells,43.95,55.32,0.38,0.48,11.37,2042
datased:monophonic:002042,S-0382,DataSED - DataSED - Dataset for Sound Event Detection of environmental noise/SED_wav/S-0382.wav,monophonic,Birds,birds,55.81,68.31,0.48,0.59,12.49,2043
datased:monophonic:002043,S-0382,DataSED - DataSED - Dataset for Sound Event Detection of environmental noise/SED_wav/S-0382.wav,monophonic,Chicken coop,chicken_coop,68.38,72.03,0.59,0.62,3.65,2044
datased:monophonic:002044,S-0382,DataSED - DataSED - Dataset for Sound Event Detection of environmental noise/SED_wav/S-0382.wav,monophonic,Birds,birds,73.57,77.78,0.63,0.67,4.21,2045
datased:monophonic:002045,S-0382,DataSED - DataSED - Dataset for Sound Event Detection of environmental noise/SED_wav/S-0382.wav,monophonic,Chicken coop,chicken_coop,77.85,81.57,0.67,0.7,3.72,2046
datased:monophonic:002046,S-0382,DataSED - DataSED - Dataset for Sound Event Detection of environmental noise/SED_wav/S-0382.wav,monophonic,Birds,birds,81.64,87.89,0.7,0.76,6.25,2047
datased:monophonic:002047,S-0382,DataSED - DataSED - Dataset for Sound Event Detection of environmental noise/SED_wav/S-0382.wav,monophonic,Chicken coop,chicken_coop,88.03,90.0,0.76,0.78,1.97,2048
datased:monophonic:002048,S-0382,DataSED - DataSED - Dataset for Sound Event Detection of environmental noise/SED_wav/S-0382.wav,monophonic,Birds,birds,90.0,94.42,0.78,0.81,4.42,2049
datased:monophonic:002049,S-0382,DataSED - DataSED - Dataset for Sound Event Detection of environmental noise/SED_wav/S-0382.wav,monophonic,Chicken coop,chicken_coop,94.91,97.02,0.82,0.84,2.11,2050
datased:monophonic:002050,S-0382,DataSED - DataSED - Dataset for Sound Event Detection of environmental noise/SED_wav/S-0382.wav,monophonic,Birds,birds,97.3,99.4,0.84,0.86,2.11,2051
datased:monophonic:002051,S-0382,DataSED - DataSED - Dataset for Sound Event Detection of environmental noise/SED_wav/S-0382.wav,monophonic,Chicken coop,chicken_coop,99.47,102.49,0.86,0.88,3.02,2052
datased:monophonic:002052,S-0382,DataSED - DataSED - Dataset for Sound Event Detection of environmental noise/SED_wav/S-0382.wav,monophonic,Chicken coop,chicken_coop,102.7,104.95,0.89,0.9,2.25,2053
datased:monophonic:002053,S-0382,DataSED - DataSED - Dataset for Sound Event Detection of environmental noise/SED_wav/S-0382.wav,monophonic,Chicken coop,chicken_coop,105.23,107.4,0.91,0.93,2.18,2054
datased:monophonic:002054,S-0382,DataSED - DataSED - Dataset for Sound Event Detection of environmental noise/SED_wav/S-0382.wav,monophonic,Birds,birds,107.47,109.02,0.93,0.94,1.54,2055
datased:monophonic:002055,S-0382,DataSED - DataSED - Dataset for Sound Event Detection of environmental noise/SED_wav/S-0382.wav,monophonic,Chicken coop,chicken_coop,109.23,111.05,0.94,0.96,1.82,2056
datased:monophonic:002056,S-0382,DataSED - DataSED - Dataset for Sound Event Detection of environmental noise/SED_wav/S-0382.wav,monophonic,Birds,birds,111.19,114.91,0.96,0.99,3.72,2057
datased:monophonic:002057,S-0383,DataSED - DataSED - Dataset for Sound Event Detection of environmental noise/SED_wav/S-0383.wav,monophonic,Chicken coop,chicken_coop,1.35,3.97,0.3,0.88,2.62,2058
datased:monophonic:002058,S-0384,DataSED - DataSED - Dataset for Sound Event Detection of environmental noise/SED_wav/S-0384.wav,monophonic,Chicken coop,chicken_coop,1.78,3.22,0.02,0.03,1.44,2059
datased:monophonic:002059,S-0384,DataSED - DataSED - Dataset for Sound Event Detection of environmental noise/SED_wav/S-0384.wav,monophonic,Birds,birds,3.48,4.33,0.03,0.04,0.85,2060
datased:monophonic:002060,S-0384,DataSED - DataSED - Dataset for Sound Event Detection of environmental noise/SED_wav/S-0384.wav,monophonic,Chicken coop,chicken_coop,5.18,7.67,0.05,0.07,2.49,2061
datased:monophonic:002061,S-0384,DataSED - DataSED - Dataset for Sound Event Detection of environmental noise/SED_wav/S-0384.wav,monophonic,Birds,birds,8.11,11.07,0.08,0.1,2.96,2062
datased:monophonic:002062,S-0384,DataSED - DataSED - Dataset for Sound Event Detection of environmental noise/SED_wav/S-0384.wav,monophonic,Chicken coop,chicken_coop,11.14,12.25,0.1,0.11,1.11,2063
datased:monophonic:002063,S-0384,DataSED - DataSED - Dataset for Sound Event Detection of environmental noise/SED_wav/S-0384.wav,monophonic,Birds,birds,12.32,13.82,0.11,0.13,1.51,2064
datased:monophonic:002064,S-0384,DataSED - DataSED - Dataset for Sound Event Detection of environmental noise/SED_wav/S-0384.wav,monophonic,Birds,birds,15.33,15.92,0.14,0.15,0.59,2065
datased:monophonic:002065,S-0384,DataSED - DataSED - Dataset for Sound Event Detection of environmental noise/SED_wav/S-0384.wav,monophonic,Birds,birds,15.92,20.04,0.15,0.19,4.12,2066
datased:monophonic:002066,S-0384,DataSED - DataSED - Dataset for Sound Event Detection of environmental noise/SED_wav/S-0384.wav,monophonic,Chicken coop,chicken_coop,20.3,22.33,0.19,0.21,2.03,2067
datased:monophonic:002067,S-0384,DataSED - DataSED - Dataset for Sound Event Detection of environmental noise/SED_wav/S-0384.wav,monophonic,Chicken coop,chicken_coop,22.53,24.62,0.21,0.23,2.09,2068
datased:monophonic:002068,S-0384,DataSED - DataSED - Dataset for Sound Event Detection of environmental noise/SED_wav/S-0384.wav,monophonic,Birds,birds,25.08,29.53,0.23,0.27,4.45,2069
datased:monophonic:002069,S-0384,DataSED - DataSED - Dataset for Sound Event Detection of environmental noise/SED_wav/S-0384.wav,monophonic,Chicken coop,chicken_coop,29.99,32.28,0.28,0.3,2.29,2070
datased:monophonic:002070,S-0384,DataSED - DataSED - Dataset for Sound Event Detection of environmental noise/SED_wav/S-0384.wav,monophonic,Chicken coop,chicken_coop,34.51,36.4,0.32,0.34,1.9,2071
datased:monophonic:002071,S-0384,DataSED - DataSED - Dataset for Sound Event Detection of environmental noise/SED_wav/S-0384.wav,monophonic,Birds,birds,37.45,47.14,0.35,0.44,9.69,2072
datased:monophonic:002072,S-0384,DataSED - DataSED - Dataset for Sound Event Detection of environmental noise/SED_wav/S-0384.wav,monophonic,Chicken coop,chicken_coop,50.28,54.01,0.46,0.5,3.73,2073
datased:monophonic:002073,S-0384,DataSED - DataSED - Dataset for Sound Event Detection of environmental noise/SED_wav/S-0384.wav,monophonic,Chicken coop,chicken_coop,54.8,56.69,0.51,0.52,1.9,2074
datased:monophonic:002074,S-0384,DataSED - DataSED - Dataset for Sound Event Detection of environmental noise/SED_wav/S-0384.wav,monophonic,Chicken coop,chicken_coop,57.35,58.72,0.53,0.54,1.37,2075
datased:monophonic:002075,S-0384,DataSED - DataSED - Dataset for Sound Event Detection of environmental noise/SED_wav/S-0384.wav,monophonic,Chicken coop,chicken_coop,60.03,62.06,0.56,0.57,2.03,2076
datased:monophonic:002076,S-0384,DataSED - DataSED - Dataset for Sound Event Detection of environmental noise/SED_wav/S-0384.wav,monophonic,Birds,birds,62.52,65.14,0.58,0.6,2.62,2077
datased:monophonic:002077,S-0384,DataSED - DataSED - Dataset for Sound Event Detection of environmental noise/SED_wav/S-0384.wav,monophonic,Chicken coop,chicken_coop,65.2,68.28,0.6,0.63,3.08,2078
datased:monophonic:002078,S-0384,DataSED - DataSED - Dataset for Sound Event Detection of environmental noise/SED_wav/S-0384.wav,monophonic,Birds,birds,68.47,73.91,0.63,0.68,5.43,2079
datased:monophonic:002079,S-0384,DataSED - DataSED - Dataset for Sound Event Detection of environmental noise/SED_wav/S-0384.wav,monophonic,Chicken coop,chicken_coop,74.1,76.0,0.69,0.7,1.9,2080
datased:monophonic:002080,S-0384,DataSED - DataSED - Dataset for Sound Event Detection of environmental noise/SED_wav/S-0384.wav,monophonic,Birds,birds,76.26,79.73,0.71,0.74,3.47,2081
datased:monophonic:002081,S-0384,DataSED - DataSED - Dataset for Sound Event Detection of environmental noise/SED_wav/S-0384.wav,monophonic,Chicken coop,chicken_coop,80.06,82.09,0.74,0.76,2.03,2082
datased:monophonic:002082,S-0384,DataSED - DataSED - Dataset for Sound Event Detection of environmental noise/SED_wav/S-0384.wav,monophonic,Birds,birds,82.28,84.51,0.76,0.78,2.23,2083
datased:monophonic:002083,S-0384,DataSED - DataSED - Dataset for Sound Event Detection of environmental noise/SED_wav/S-0384.wav,monophonic,Chicken coop,chicken_coop,84.77,87.39,0.78,0.81,2.62,2084
datased:monophonic:002084,S-0384,DataSED - DataSED - Dataset for Sound Event Detection of environmental noise/SED_wav/S-0384.wav,monophonic,Chicken coop,chicken_coop,87.52,90.27,0.81,0.83,2.75,2085
datased:monophonic:002085,S-0384,DataSED - DataSED - Dataset for Sound Event Detection of environmental noise/SED_wav/S-0384.wav,monophonic,Birds,birds,90.53,94.65,0.84,0.88,4.12,2086
datased:monophonic:002086,S-0384,DataSED - DataSED - Dataset for Sound Event Detection of environmental noise/SED_wav/S-0384.wav,monophonic,Chicken coop,chicken_coop,94.92,97.27,0.88,0.9,2.36,2087
datased:monophonic:002087,S-0384,DataSED - DataSED - Dataset for Sound Event Detection of environmental noise/SED_wav/S-0384.wav,monophonic,Birds,birds,97.4,99.63,0.9,0.92,2.23,2088
datased:monophonic:002088,S-0384,DataSED - DataSED - Dataset for Sound Event Detection of environmental noise/SED_wav/S-0384.wav,monophonic,Chicken coop,chicken_coop,99.96,102.12,0.92,0.94,2.16,2089
datased:monophonic:002089,S-0384,DataSED - DataSED - Dataset for Sound Event Detection of environmental noise/SED_wav/S-0384.wav,monophonic,Birds,birds,102.31,104.93,0.95,0.97,2.62,2090
datased:monophonic:002090,S-0384,DataSED - DataSED - Dataset for Sound Event Detection of environmental noise/SED_wav/S-0384.wav,monophonic,Chicken coop,chicken_coop,105.32,107.42,0.97,0.99,2.09,2091
datased:monophonic:002091,S-0385,DataSED - DataSED - Dataset for Sound Event Detection of environmental noise/SED_wav/S-0385.wav,monophonic,Chicken coop,chicken_coop,3.46,6.2,0.03,0.06,2.74,2092
datased:monophonic:002092,S-0385,DataSED - DataSED - Dataset for Sound Event Detection of environmental noise/SED_wav/S-0385.wav,monophonic,Cicadas and crickets,cicadas_and_crickets,6.39,15.38,0.06,0.15,8.99,2093
datased:monophonic:002093,S-0385,DataSED - DataSED - Dataset for Sound Event Detection of environmental noise/SED_wav/S-0385.wav,monophonic,Chicken coop,chicken_coop,15.58,19.34,0.15,0.18,3.76,2094
datased:monophonic:002094,S-0385,DataSED - DataSED - Dataset for Sound Event Detection of environmental noise/SED_wav/S-0385.wav,monophonic,Cicadas and crickets,cicadas_and_crickets,19.85,22.89,0.19,0.22,3.04,2095
datased:monophonic:002095,S-0385,DataSED - DataSED - Dataset for Sound Event Detection of environmental noise/SED_wav/S-0385.wav,monophonic,Chicken coop,chicken_coop,23.04,25.72,0.22,0.24,2.68,2096
datased:monophonic:002096,S-0385,DataSED - DataSED - Dataset for Sound Event Detection of environmental noise/SED_wav/S-0385.wav,monophonic,Cicadas and crickets,cicadas_and_crickets,26.04,34.01,0.25,0.32,7.97,2097
datased:monophonic:002097,S-0385,DataSED - DataSED - Dataset for Sound Event Detection of environmental noise/SED_wav/S-0385.wav,monophonic,Chicken coop,chicken_coop,34.26,36.75,0.33,0.35,2.49,2098
datased:monophonic:002098,S-0385,DataSED - DataSED - Dataset for Sound Event Detection of environmental noise/SED_wav/S-0385.wav,monophonic,Cicadas and crickets,cicadas_and_crickets,36.88,51.17,0.35,0.49,14.29,2099
datased:monophonic:002099,S-0385,DataSED - DataSED - Dataset for Sound Event Detection of environmental noise/SED_wav/S-0385.wav,monophonic,Chicken coop,chicken_coop,51.29,53.46,0.49,0.51,2.17,2100
datased:monophonic:002100,S-0385,DataSED - DataSED - Dataset for Sound Event Detection of environmental noise/SED_wav/S-0385.wav,monophonic,Cicadas and crickets,cicadas_and_crickets,53.72,61.88,0.51,0.59,8.16,2101
datased:monophonic:002101,S-0385,DataSED - DataSED - Dataset for Sound Event Detection of environmental noise/SED_wav/S-0385.wav,monophonic,Chicken coop,chicken_coop,62.14,63.99,0.59,0.61,1.85,2102
datased:monophonic:002102,S-0385,DataSED - DataSED - Dataset for Sound Event Detection of environmental noise/SED_wav/S-0385.wav,monophonic,Cicadas and crickets,cicadas_and_crickets,64.24,81.46,0.61,0.77,17.22,2103
datased:monophonic:002103,S-0385,DataSED - DataSED - Dataset for Sound Event Detection of environmental noise/SED_wav/S-0385.wav,monophonic,Chicken coop,chicken_coop,81.72,84.59,0.78,0.8,2.87,2104
datased:monophonic:002104,S-0385,DataSED - DataSED - Dataset for Sound Event Detection of environmental noise/SED_wav/S-0385.wav,monophonic,Cicadas and crickets,cicadas_and_crickets,84.72,92.88,0.8,0.88,8.16,2105
datased:monophonic:002105,S-0385,DataSED - DataSED - Dataset for Sound Event Detection of environmental noise/SED_wav/S-0385.wav,monophonic,Chicken coop,chicken_coop,93.26,97.09,0.89,0.92,3.83,2106
datased:monophonic:002106,S-0385,DataSED - DataSED - Dataset for Sound Event Detection of environmental noise/SED_wav/S-0385.wav,monophonic,Cicadas and crickets,cicadas_and_crickets,97.34,105.38,0.92,1.0,8.04,2107
datased:monophonic:002107,S-0386,DataSED - DataSED - Dataset for Sound Event Detection of environmental noise/SED_wav/S-0386.wav,monophonic,Cicadas and crickets,cicadas_and_crickets,1.6,3.41,0.02,0.03,1.81,2108
datased:monophonic:002108,S-0386,DataSED - DataSED - Dataset for Sound Event Detection of environmental noise/SED_wav/S-0386.wav,monophonic,Chicken coop,chicken_coop,3.49,9.03,0.03,0.08,5.54,2109
datased:monophonic:002109,S-0386,DataSED - DataSED - Dataset for Sound Event Detection of environmental noise/SED_wav/S-0386.wav,monophonic,Cicadas and crickets,cicadas_and_crickets,9.29,14.12,0.09,0.13,4.83,2110
datased:monophonic:002110,S-0386,DataSED - DataSED - Dataset for Sound Event Detection of environmental noise/SED_wav/S-0386.wav,monophonic,Chicken coop,chicken_coop,14.25,17.6,0.13,0.17,3.35,2111
datased:monophonic:002111,S-0386,DataSED - DataSED - Dataset for Sound Event Detection of environmental noise/SED_wav/S-0386.wav,monophonic,Cicadas and crickets,cicadas_and_crickets,17.98,25.52,0.17,0.24,7.54,2112
datased:monophonic:002112,S-0386,DataSED - DataSED - Dataset for Sound Event Detection of environmental noise/SED_wav/S-0386.wav,monophonic,Chicken coop,chicken_coop,25.65,29.51,0.24,0.28,3.86,2113
datased:monophonic:002113,S-0386,DataSED - DataSED - Dataset for Sound Event Detection of environmental noise/SED_wav/S-0386.wav,monophonic,Cicadas and crickets,cicadas_and_crickets,29.9,37.72,0.28,0.35,7.83,2114
datased:monophonic:002114,S-0386,DataSED - DataSED - Dataset for Sound Event Detection of environmental noise/SED_wav/S-0386.wav,monophonic,Chicken coop,chicken_coop,37.76,40.4,0.35,0.38,2.64,2115
datased:monophonic:002115,S-0386,DataSED - DataSED - Dataset for Sound Event Detection of environmental noise/SED_wav/S-0386.wav,monophonic,Cicadas and crickets,cicadas_and_crickets,40.53,45.29,0.38,0.43,4.77,2116
datased:monophonic:002116,S-0386,DataSED - DataSED - Dataset for Sound Event Detection of environmental noise/SED_wav/S-0386.wav,monophonic,Chicken coop,chicken_coop,45.42,48.19,0.43,0.45,2.77,2117
datased:monophonic:002117,S-0386,DataSED - DataSED - Dataset for Sound Event Detection of environmental noise/SED_wav/S-0386.wav,monophonic,Cicadas and crickets,cicadas_and_crickets,48.26,55.86,0.45,0.52,7.6,2118
datased:monophonic:002118,S-0386,DataSED - DataSED - Dataset for Sound Event Detection of environmental noise/SED_wav/S-0386.wav,monophonic,Chicken coop,chicken_coop,55.98,58.17,0.53,0.55,2.19,2119
datased:monophonic:002119,S-0386,DataSED - DataSED - Dataset for Sound Event Detection of environmental noise/SED_wav/S-0386.wav,monophonic,Cicadas and crickets,cicadas_and_crickets,58.43,68.8,0.55,0.65,10.37,2120
datased:monophonic:002120,S-0386,DataSED - DataSED - Dataset for Sound Event Detection of environmental noise/SED_wav/S-0386.wav,monophonic,Chicken coop,chicken_coop,68.93,71.64,0.65,0.67,2.71,2121
datased:monophonic:002121,S-0386,DataSED - DataSED - Dataset for Sound Event Detection of environmental noise/SED_wav/S-0386.wav,monophonic,Cicadas and crickets,cicadas_and_crickets,71.83,86.45,0.67,0.81,14.62,2122
datased:monophonic:002122,S-0386,DataSED - DataSED - Dataset for Sound Event Detection of environmental noise/SED_wav/S-0386.wav,monophonic,Chicken coop,chicken_coop,86.84,89.03,0.82,0.84,2.19,2123
datased:monophonic:002123,S-0386,DataSED - DataSED - Dataset for Sound Event Detection of environmental noise/SED_wav/S-0386.wav,monophonic,Cicadas and crickets,cicadas_and_crickets,89.41,93.6,0.84,0.88,4.19,2124
datased:monophonic:002124,S-0386,DataSED - DataSED - Dataset for Sound Event Detection of environmental noise/SED_wav/S-0386.wav,monophonic,Chicken coop,chicken_coop,93.86,95.98,0.88,0.9,2.13,2125
datased:monophonic:002125,S-0386,DataSED - DataSED - Dataset for Sound Event Detection of environmental noise/SED_wav/S-0386.wav,monophonic,Cicadas and crickets,cicadas_and_crickets,96.3,100.81,0.9,0.95,4.51,2126
datased:monophonic:002126,S-0386,DataSED - DataSED - Dataset for Sound Event Detection of environmental noise/SED_wav/S-0386.wav,monophonic,Chicken coop,chicken_coop,101.01,103.55,0.95,0.97,2.54,2127
datased:monophonic:002127,S-0386,DataSED - DataSED - Dataset for Sound Event Detection of environmental noise/SED_wav/S-0386.wav,monophonic,Cicadas and crickets,cicadas_and_crickets,103.65,105.64,0.97,0.99,2.0,2128
datased:monophonic:002128,S-0387,DataSED - DataSED - Dataset for Sound Event Detection of environmental noise/SED_wav/S-0387.wav,monophonic,Chicken coop,chicken_coop,1.32,3.62,0.02,0.04,2.3,2129
datased:monophonic:002129,S-0387,DataSED - DataSED - Dataset for Sound Event Detection of environmental noise/SED_wav/S-0387.wav,monophonic,Cicadas and crickets,cicadas_and_crickets,3.83,16.23,0.04,0.19,12.4,2130
datased:monophonic:002130,S-0387,DataSED - DataSED - Dataset for Sound Event Detection of environmental noise/SED_wav/S-0387.wav,monophonic,Chicken coop,chicken_coop,16.28,18.58,0.19,0.21,2.3,2131
datased:monophonic:002131,S-0387,DataSED - DataSED - Dataset for Sound Event Detection of environmental noise/SED_wav/S-0387.wav,monophonic,Cicadas and crickets,cicadas_and_crickets,18.79,28.83,0.22,0.33,10.04,2132
datased:monophonic:002132,S-0387,DataSED - DataSED - Dataset for Sound Event Detection of environmental noise/SED_wav/S-0387.wav,monophonic,Chicken coop,chicken_coop,28.99,31.76,0.34,0.37,2.77,2133
datased:monophonic:002133,S-0387,DataSED - DataSED - Dataset for Sound Event Detection of environmental noise/SED_wav/S-0387.wav,monophonic,Cicadas and crickets,cicadas_and_crickets,31.87,40.24,0.37,0.47,8.37,2134
datased:monophonic:002134,S-0387,DataSED - DataSED - Dataset for Sound Event Detection of environmental noise/SED_wav/S-0387.wav,monophonic,Chicken coop,chicken_coop,40.34,42.75,0.47,0.49,2.41,2135
datased:monophonic:002135,S-0387,DataSED - DataSED - Dataset for Sound Event Detection of environmental noise/SED_wav/S-0387.wav,monophonic,Cicadas and crickets,cicadas_and_crickets,42.85,51.64,0.5,0.6,8.79,2136
datased:monophonic:002136,S-0387,DataSED - DataSED - Dataset for Sound Event Detection of environmental noise/SED_wav/S-0387.wav,monophonic,Chicken coop,chicken_coop,51.85,54.41,0.6,0.63,2.56,2137
datased:monophonic:002137,S-0387,DataSED - DataSED - Dataset for Sound Event Detection of environmental noise/SED_wav/S-0387.wav,monophonic,Cicadas and crickets,cicadas_and_crickets,54.46,64.14,0.63,0.74,9.68,2138
datased:monophonic:002138,S-0387,DataSED - DataSED - Dataset for Sound Event Detection of environmental noise/SED_wav/S-0387.wav,monophonic,Chicken coop,chicken_coop,64.3,66.86,0.74,0.77,2.56,2139
datased:monophonic:002139,S-0387,DataSED - DataSED - Dataset for Sound Event Detection of environmental noise/SED_wav/S-0387.wav,monophonic,Cicadas and crickets,cicadas_and_crickets,66.91,79.36,0.77,0.92,12.45,2140
datased:monophonic:002140,S-0387,DataSED - DataSED - Dataset for Sound Event Detection of environmental noise/SED_wav/S-0387.wav,monophonic,Chicken coop,chicken_coop,79.57,81.56,0.92,0.94,1.99,2141
datased:monophonic:002141,S-0387,DataSED - DataSED - Dataset for Sound Event Detection of environmental noise/SED_wav/S-0387.wav,monophonic,Cicadas and crickets,cicadas_and_crickets,81.61,84.65,0.94,0.98,3.03,2142
datased:monophonic:002142,S-0387,DataSED - DataSED - Dataset for Sound Event Detection of environmental noise/SED_wav/S-0387.wav,monophonic,Birds,birds,84.7,85.54,0.98,0.99,0.84,2143
datased:monophonic:002143,S-0388,DataSED - DataSED - Dataset for Sound Event Detection of environmental noise/SED_wav/S-0388.wav,monophonic,Cicadas and crickets,cicadas_and_crickets,0.0,3.65,0.0,0.03,3.65,2144
datased:monophonic:002144,S-0388,DataSED - DataSED - Dataset for Sound Event Detection of environmental noise/SED_wav/S-0388.wav,monophonic,Chicken coop,chicken_coop,3.73,6.38,0.03,0.06,2.64,2145
datased:monophonic:002145,S-0388,DataSED - DataSED - Dataset for Sound Event Detection of environmental noise/SED_wav/S-0388.wav,monophonic,Cicadas and crickets,cicadas_and_crickets,6.77,19.04,0.06,0.18,12.27,2146
datased:monophonic:002146,S-0388,DataSED - DataSED - Dataset for Sound Event Detection of environmental noise/SED_wav/S-0388.wav,monophonic,Chicken coop,chicken_coop,19.24,21.64,0.18,0.2,2.4,2147
datased:monophonic:002147,S-0388,DataSED - DataSED - Dataset for Sound Event Detection of environmental noise/SED_wav/S-0388.wav,monophonic,Cicadas and crickets,cicadas_and_crickets,22.03,25.32,0.21,0.24,3.29,2148
datased:monophonic:002148,S-0388,DataSED - DataSED - Dataset for Sound Event Detection of environmental noise/SED_wav/S-0388.wav,monophonic,Chicken coop,chicken_coop,25.41,26.97,0.24,0.25,1.56,2149
datased:monophonic:002149,S-0388,DataSED - DataSED - Dataset for Sound Event Detection of environmental noise/SED_wav/S-0388.wav,monophonic,Cicadas and crickets,cicadas_and_crickets,27.42,34.82,0.26,0.32,7.4,2150
datased:monophonic:002150,S-0388,DataSED - DataSED - Dataset for Sound Event Detection of environmental noise/SED_wav/S-0388.wav,monophonic,Chicken coop,chicken_coop,34.95,37.62,0.33,0.35,2.66,2151
datased:monophonic:002151,S-0388,DataSED - DataSED - Dataset for Sound Event Detection of environmental noise/SED_wav/S-0388.wav,monophonic,Cicadas and crickets,cicadas_and_crickets,37.75,49.24,0.35,0.46,11.5,2152
datased:monophonic:002152,S-0388,DataSED - DataSED - Dataset for Sound Event Detection of environmental noise/SED_wav/S-0388.wav,monophonic,Chicken coop,chicken_coop,49.37,50.73,0.46,0.47,1.36,2153
datased:monophonic:002153,S-0388,DataSED - DataSED - Dataset for Sound Event Detection of environmental noise/SED_wav/S-0388.wav,monophonic,Cicadas and crickets,cicadas_and_crickets,50.86,52.62,0.47,0.49,1.75,2154
datased:monophonic:002154,S-0388,DataSED - DataSED - Dataset for Sound Event Detection of environmental noise/SED_wav/S-0388.wav,monophonic,Chicken coop,chicken_coop,52.81,55.28,0.49,0.52,2.47,2155
datased:monophonic:002155,S-0388,DataSED - DataSED - Dataset for Sound Event Detection of environmental noise/SED_wav/S-0388.wav,monophonic,Cicadas and crickets,cicadas_and_crickets,55.41,68.53,0.52,0.64,13.12,2156
datased:monophonic:002156,S-0388,DataSED - DataSED - Dataset for Sound Event Detection of environmental noise/SED_wav/S-0388.wav,monophonic,Chicken coop,chicken_coop,68.79,71.78,0.64,0.67,2.99,2157
datased:monophonic:002157,S-0388,DataSED - DataSED - Dataset for Sound Event Detection of environmental noise/SED_wav/S-0388.wav,monophonic,Cicadas and crickets,cicadas_and_crickets,71.91,78.6,0.67,0.73,6.69,2158
datased:monophonic:002158,S-0388,DataSED - DataSED - Dataset for Sound Event Detection of environmental noise/SED_wav/S-0388.wav,monophonic,Chicken coop,chicken_coop,78.99,81.45,0.74,0.76,2.47,2159
datased:monophonic:002159,S-0388,DataSED - DataSED - Dataset for Sound Event Detection of environmental noise/SED_wav/S-0388.wav,monophonic,Cicadas and crickets,cicadas_and_crickets,81.52,83.99,0.76,0.78,2.47,2160
datased:monophonic:002160,S-0388,DataSED - DataSED - Dataset for Sound Event Detection of environmental noise/SED_wav/S-0388.wav,monophonic,Chicken coop,chicken_coop,84.44,87.36,0.79,0.81,2.92,2161
datased:monophonic:002161,S-0388,DataSED - DataSED - Dataset for Sound Event Detection of environmental noise/SED_wav/S-0388.wav,monophonic,Cicadas and crickets,cicadas_and_crickets,87.49,107.3,0.82,1.0,19.81,2162
datased:monophonic:002162,S-0389,DataSED - DataSED - Dataset for Sound Event Detection of environmental noise/SED_wav/S-0389.wav,monophonic,Cicadas and crickets,cicadas_and_crickets,0.0,1.74,0.0,0.03,1.74,2163
datased:monophonic:002163,S-0389,DataSED - DataSED - Dataset for Sound Event Detection of environmental noise/SED_wav/S-0389.wav,monophonic,Jet aircrafts,jet_aircrafts,2.14,27.2,0.04,0.47,25.06,2164
datased:monophonic:002164,S-0389,DataSED - DataSED - Dataset for Sound Event Detection of environmental noise/SED_wav/S-0389.wav,monophonic,Chicken coop,chicken_coop,27.44,28.84,0.47,0.5,1.4,2165
datased:monophonic:002165,S-0389,DataSED - DataSED - Dataset for Sound Event Detection of environmental noise/SED_wav/S-0389.wav,monophonic,Cicadas and crickets,cicadas_and_crickets,29.01,31.43,0.5,0.54,2.42,2166
datased:monophonic:002166,S-0389,DataSED - DataSED - Dataset for Sound Event Detection of environmental noise/SED_wav/S-0389.wav,monophonic,Chicken coop,chicken_coop,31.47,33.74,0.54,0.58,2.28,2167
datased:monophonic:002167,S-0389,DataSED - DataSED - Dataset for Sound Event Detection of environmental noise/SED_wav/S-0389.wav,monophonic,Jet aircrafts,jet_aircrafts,33.74,45.15,0.58,0.78,11.4,2168
datased:monophonic:002168,S-0389,DataSED - DataSED - Dataset for Sound Event Detection of environmental noise/SED_wav/S-0389.wav,monophonic,Cicadas and crickets,cicadas_and_crickets,45.32,47.46,0.78,0.82,2.14,2169
datased:monophonic:002169,S-0389,DataSED - DataSED - Dataset for Sound Event Detection of environmental noise/SED_wav/S-0389.wav,monophonic,Chicken coop,chicken_coop,47.79,49.79,0.83,0.86,2.0,2170
datased:monophonic:002170,S-0389,DataSED - DataSED - Dataset for Sound Event Detection of environmental noise/SED_wav/S-0389.wav,monophonic,Cicadas and crickets,cicadas_and_crickets,49.82,54.17,0.86,0.94,4.34,2171
datased:monophonic:002171,S-0389,DataSED - DataSED - Dataset for Sound Event Detection of environmental noise/SED_wav/S-0389.wav,monophonic,Chicken coop,chicken_coop,54.27,56.49,0.94,0.98,2.22,2172
datased:monophonic:002172,S-0389,DataSED - DataSED - Dataset for Sound Event Detection of environmental noise/SED_wav/S-0389.wav,monophonic,Cicadas and crickets,cicadas_and_crickets,56.52,57.22,0.98,0.99,0.7,2173
datased:monophonic:002173,S-0390,DataSED - DataSED - Dataset for Sound Event Detection of environmental noise/SED_wav/S-0390.wav,monophonic,Birds,birds,0.0,2.29,0.0,0.19,2.29,2174
datased:monophonic:002174,S-0390,DataSED - DataSED - Dataset for Sound Event Detection of environmental noise/SED_wav/S-0390.wav,monophonic,Chicken coop,chicken_coop,2.32,3.59,0.19,0.3,1.27,2175
datased:monophonic:002175,S-0390,DataSED - DataSED - Dataset for Sound Event Detection of environmental noise/SED_wav/S-0390.wav,monophonic,Birds,birds,3.61,5.78,0.3,0.48,2.17,2176
datased:monophonic:002176,S-0390,DataSED - DataSED - Dataset for Sound Event Detection of environmental noise/SED_wav/S-0390.wav,monophonic,Chicken coop,chicken_coop,5.78,7.83,0.48,0.65,2.05,2177
datased:monophonic:002177,S-0390,DataSED - DataSED - Dataset for Sound Event Detection of environmental noise/SED_wav/S-0390.wav,monophonic,Birds,birds,7.84,8.79,0.65,0.73,0.95,2178
datased:monophonic:002178,S-0390,DataSED - DataSED - Dataset for Sound Event Detection of environmental noise/SED_wav/S-0390.wav,monophonic,Chicken coop,chicken_coop,8.87,11.93,0.74,0.99,3.07,2179
datased:monophonic:002179,S-0391,DataSED - DataSED - Dataset for Sound Event Detection of environmental noise/SED_wav/S-0391.wav,monophonic,Chicken coop,chicken_coop,0.3,2.45,0.05,0.42,2.15,2180
datased:monophonic:002180,S-0391,DataSED - DataSED - Dataset for Sound Event Detection of environmental noise/SED_wav/S-0391.wav,monophonic,Chicken coop,chicken_coop,4.13,5.8,0.7,0.99,1.67,2181
datased:monophonic:002181,S-0392,DataSED - DataSED - Dataset for Sound Event Detection of environmental noise/SED_wav/S-0392.wav,monophonic,Chicken coop,chicken_coop,0.0,1.63,0.0,0.02,1.63,2182
datased:monophonic:002182,S-0392,DataSED - DataSED - Dataset for Sound Event Detection of environmental noise/SED_wav/S-0392.wav,monophonic,Propeller aircrafts,propeller_aircrafts,2.14,20.71,0.03,0.26,18.57,2183
datased:monophonic:002183,S-0392,DataSED - DataSED - Dataset for Sound Event Detection of environmental noise/SED_wav/S-0392.wav,monophonic,Crows seagulls and magpies,crows_seagulls_magpies,29.47,30.94,0.36,0.38,1.47,2184
datased:monophonic:002184,S-0392,DataSED - DataSED - Dataset for Sound Event Detection of environmental noise/SED_wav/S-0392.wav,monophonic,Chicken coop,chicken_coop,31.77,35.83,0.39,0.44,4.06,2185
datased:monophonic:002185,S-0392,DataSED - DataSED - Dataset for Sound Event Detection of environmental noise/SED_wav/S-0392.wav,monophonic,Birds,birds,38.92,40.48,0.48,0.5,1.57,2186
datased:monophonic:002186,S-0392,DataSED - DataSED - Dataset for Sound Event Detection of environmental noise/SED_wav/S-0392.wav,monophonic,Birds,birds,43.62,45.23,0.54,0.56,1.62,2187
datased:monophonic:002187,S-0392,DataSED - DataSED - Dataset for Sound Event Detection of environmental noise/SED_wav/S-0392.wav,monophonic,Birds,birds,48.56,49.73,0.6,0.62,1.17,2188
datased:monophonic:002188,S-0392,DataSED - DataSED - Dataset for Sound Event Detection of environmental noise/SED_wav/S-0392.wav,monophonic,Propeller aircrafts,propeller_aircrafts,49.93,55.79,0.62,0.69,5.87,2189
datased:monophonic:002189,S-0392,DataSED - DataSED - Dataset for Sound Event Detection of environmental noise/SED_wav/S-0392.wav,monophonic,Chicken coop,chicken_coop,55.9,57.61,0.69,0.71,1.71,2190
datased:monophonic:002190,S-0392,DataSED - DataSED - Dataset for Sound Event Detection of environmental noise/SED_wav/S-0392.wav,monophonic,Propeller aircrafts,propeller_aircrafts,57.82,63.88,0.72,0.79,6.06,2191
datased:monophonic:002191,S-0392,DataSED - DataSED - Dataset for Sound Event Detection of environmental noise/SED_wav/S-0392.wav,monophonic,Chicken coop,chicken_coop,63.98,67.4,0.79,0.83,3.43,2192
datased:monophonic:002192,S-0392,DataSED - DataSED - Dataset for Sound Event Detection of environmental noise/SED_wav/S-0392.wav,monophonic,Propeller aircrafts,propeller_aircrafts,67.52,78.44,0.84,0.97,10.92,2193
datased:monophonic:002193,S-0392,DataSED - DataSED - Dataset for Sound Event Detection of environmental noise/SED_wav/S-0392.wav,monophonic,Crows seagulls and magpies,crows_seagulls_magpies,78.94,80.06,0.98,0.99,1.13,2194
datased:monophonic:002194,S-0393,DataSED - DataSED - Dataset for Sound Event Detection of environmental noise/SED_wav/S-0393.wav,monophonic,Chicken coop,chicken_coop,0.1,2.01,0.0,0.04,1.91,2195
datased:monophonic:002195,S-0393,DataSED - DataSED - Dataset for Sound Event Detection of environmental noise/SED_wav/S-0393.wav,monophonic,Birds,birds,2.73,5.95,0.05,0.12,3.22,2196
datased:monophonic:002196,S-0393,DataSED - DataSED - Dataset for Sound Event Detection of environmental noise/SED_wav/S-0393.wav,monophonic,Vehicle pass-by,vehicle_pass_by,6.27,12.59,0.12,0.24,6.32,2197
datased:monophonic:002197,S-0393,DataSED - DataSED - Dataset for Sound Event Detection of environmental noise/SED_wav/S-0393.wav,monophonic,Chicken coop,chicken_coop,13.47,15.44,0.26,0.3,1.97,2198
datased:monophonic:002198,S-0393,DataSED - DataSED - Dataset for Sound Event Detection of environmental noise/SED_wav/S-0393.wav,monophonic,Chicken coop,chicken_coop,17.13,19.04,0.33,0.37,1.91,2199
datased:monophonic:002199,S-0393,DataSED - DataSED - Dataset for Sound Event Detection of environmental noise/SED_wav/S-0393.wav,monophonic,Chicken coop,chicken_coop,22.74,24.24,0.44,0.47,1.5,2200
datased:monophonic:002200,S-0393,DataSED - DataSED - Dataset for Sound Event Detection of environmental noise/SED_wav/S-0393.wav,monophonic,Chicken coop,chicken_coop,26.93,29.09,0.52,0.56,2.16,2201
datased:monophonic:002201,S-0393,DataSED - DataSED - Dataset for Sound Event Detection of environmental noise/SED_wav/S-0393.wav,monophonic,Chicken coop,chicken_coop,31.63,33.79,0.61,0.65,2.16,2202
datased:monophonic:002202,S-0393,DataSED - DataSED - Dataset for Sound Event Detection of environmental noise/SED_wav/S-0393.wav,monophonic,Chicken coop,chicken_coop,35.79,37.17,0.69,0.72,1.38,2203
datased:monophonic:002203,S-0393,DataSED - DataSED - Dataset for Sound Event Detection of environmental noise/SED_wav/S-0393.wav,monophonic,Chicken coop,chicken_coop,38.39,40.71,0.74,0.79,2.32,2204
datased:monophonic:002204,S-0393,DataSED - DataSED - Dataset for Sound Event Detection of environmental noise/SED_wav/S-0393.wav,monophonic,Chicken coop,chicken_coop,41.83,43.62,0.81,0.84,1.78,2205
datased:monophonic:002205,S-0393,DataSED - DataSED - Dataset for Sound Event Detection of environmental noise/SED_wav/S-0393.wav,monophonic,Chicken coop,chicken_coop,46.22,47.69,0.89,0.92,1.47,2206
datased:monophonic:002206,S-0393,DataSED - DataSED - Dataset for Sound Event Detection of environmental noise/SED_wav/S-0393.wav,monophonic,Chicken coop,chicken_coop,49.28,50.29,0.95,0.97,1.0,2207
datased:monophonic:002207,S-0394,DataSED - DataSED - Dataset for Sound Event Detection of environmental noise/SED_wav/S-0394.wav,monophonic,Voices,voices,0.68,5.17,0.05,0.4,4.49,2208
datased:monophonic:002208,S-0394,DataSED - DataSED - Dataset for Sound Event Detection of environmental noise/SED_wav/S-0394.wav,monophonic,Glass breaking,glass_breaking,5.49,7.13,0.42,0.55,1.64,2209
datased:monophonic:002209,S-0394,DataSED - DataSED - Dataset for Sound Event Detection of environmental noise/SED_wav/S-0394.wav,monophonic,Voices,voices,7.3,8.22,0.56,0.64,0.92,2210
datased:monophonic:002210,S-0394,DataSED - DataSED - Dataset for Sound Event Detection of environmental noise/SED_wav/S-0394.wav,monophonic,Voices,voices,8.96,10.04,0.69,0.78,1.08,2211
datased:monophonic:002211,S-0394,DataSED - DataSED - Dataset for Sound Event Detection of environmental noise/SED_wav/S-0394.wav,monophonic,Glass breaking,glass_breaking,10.74,12.04,0.83,0.93,1.31,2212
datased:monophonic:002212,S-0395,DataSED - DataSED - Dataset for Sound Event Detection of environmental noise/SED_wav/S-0395.wav,monophonic,Birds,birds,0.0,35.98,0.0,0.19,35.98,2213
datased:monophonic:002213,S-0395,DataSED - DataSED - Dataset for Sound Event Detection of environmental noise/SED_wav/S-0395.wav,monophonic,Jet aircrafts,jet_aircrafts,36.54,58.6,0.2,0.32,22.07,2214
datased:monophonic:002214,S-0395,DataSED - DataSED - Dataset for Sound Event Detection of environmental noise/SED_wav/S-0395.wav,monophonic,Birds,birds,78.65,101.28,0.43,0.55,22.63,2215
datased:monophonic:002215,S-0395,DataSED - DataSED - Dataset for Sound Event Detection of environmental noise/SED_wav/S-0395.wav,monophonic,Train,train,101.5,117.63,0.55,0.64,16.13,2216
datased:monophonic:002216,S-0395,DataSED - DataSED - Dataset for Sound Event Detection of environmental noise/SED_wav/S-0395.wav,monophonic,Jet aircrafts,jet_aircrafts,127.37,141.71,0.69,0.77,14.34,2217
datased:monophonic:002217,S-0396,DataSED - DataSED - Dataset for Sound Event Detection of environmental noise/SED_wav/S-0396.wav,monophonic,Train,train,7.27,22.65,0.03,0.11,15.38,2218
datased:monophonic:002218,S-0396,DataSED - DataSED - Dataset for Sound Event Detection of environmental noise/SED_wav/S-0396.wav,monophonic,Vehicle idling,vehicle_idling,61.81,76.93,0.29,0.37,15.13,2219
datased:monophonic:002219,S-0396,DataSED - DataSED - Dataset for Sound Event Detection of environmental noise/SED_wav/S-0396.wav,monophonic,Chicken coop,chicken_coop,131.21,133.63,0.62,0.64,2.42,2220
datased:monophonic:002220,S-0396,DataSED - DataSED - Dataset for Sound Event Detection of environmental noise/SED_wav/S-0396.wav,monophonic,Chicken coop,chicken_coop,134.01,139.09,0.64,0.66,5.08,2221
datased:monophonic:002221,S-0396,DataSED - DataSED - Dataset for Sound Event Detection of environmental noise/SED_wav/S-0396.wav,monophonic,Lawn mower brush cutter and olive shaker,lawn_mower_brush_cutter_olive_shaker,157.78,171.64,0.75,0.82,13.86,2222
datased:monophonic:002222,S-0396,DataSED - DataSED - Dataset for Sound Event Detection of environmental noise/SED_wav/S-0396.wav,monophonic,Train,train,172.78,185.75,0.82,0.88,12.97,2223
datased:monophonic:002223,S-0397,DataSED - DataSED - Dataset for Sound Event Detection of environmental noise/SED_wav/S-0397.wav,monophonic,Lawn mower brush cutter and olive shaker,lawn_mower_brush_cutter_olive_shaker,0.0,20.28,0.0,0.16,20.28,2224
datased:monophonic:002224,S-0397,DataSED - DataSED - Dataset for Sound Event Detection of environmental noise/SED_wav/S-0397.wav,monophonic,Train,train,23.9,34.75,0.19,0.28,10.85,2225
datased:monophonic:002225,S-0397,DataSED - DataSED - Dataset for Sound Event Detection of environmental noise/SED_wav/S-0397.wav,monophonic,Vehicle pass-by,vehicle_pass_by,40.7,47.1,0.33,0.38,6.4,2226
datased:monophonic:002226,S-0397,DataSED - DataSED - Dataset for Sound Event Detection of environmental noise/SED_wav/S-0397.wav,monophonic,Lawn mower brush cutter and olive shaker,lawn_mower_brush_cutter_olive_shaker,50.45,95.02,0.41,0.76,44.57,2227
datased:monophonic:002227,S-0397,DataSED - DataSED - Dataset for Sound Event Detection of environmental noise/SED_wav/S-0397.wav,monophonic,Vehicle pass-by,vehicle_pass_by,96.75,103.66,0.78,0.83,6.91,2228
datased:monophonic:002228,S-0397,DataSED - DataSED - Dataset for Sound Event Detection of environmental noise/SED_wav/S-0397.wav,monophonic,Lawn mower brush cutter and olive shaker,lawn_mower_brush_cutter_olive_shaker,103.78,123.95,0.83,1.0,20.17,2229
datased:monophonic:002229,S-0398,DataSED - DataSED - Dataset for Sound Event Detection of environmental noise/SED_wav/S-0398.wav,monophonic,Cicadas and crickets,cicadas_and_crickets,5.86,17.4,0.05,0.14,11.54,2230
datased:monophonic:002230,S-0398,DataSED - DataSED - Dataset for Sound Event Detection of environmental noise/SED_wav/S-0398.wav,monophonic,Cicadas and crickets,cicadas_and_crickets,22.19,32.13,0.18,0.26,9.95,2231
datased:monophonic:002231,S-0398,DataSED - DataSED - Dataset for Sound Event Detection of environmental noise/SED_wav/S-0398.wav,monophonic,Cicadas and crickets,cicadas_and_crickets,39.04,48.84,0.31,0.39,9.8,2232
datased:monophonic:002232,S-0398,DataSED - DataSED - Dataset for Sound Event Detection of environmental noise/SED_wav/S-0398.wav,monophonic,Cicadas and crickets,cicadas_and_crickets,55.9,65.47,0.45,0.52,9.57,2233
datased:monophonic:002233,S-0398,DataSED - DataSED - Dataset for Sound Event Detection of environmental noise/SED_wav/S-0398.wav,monophonic,Cicadas and crickets,cicadas_and_crickets,72.3,80.96,0.58,0.65,8.66,2234
datased:monophonic:002234,S-0398,DataSED - DataSED - Dataset for Sound Event Detection of environmental noise/SED_wav/S-0398.wav,monophonic,Cicadas and crickets,cicadas_and_crickets,87.87,92.35,0.7,0.74,4.48,2235
datased:monophonic:002235,S-0398,DataSED - DataSED - Dataset for Sound Event Detection of environmental noise/SED_wav/S-0398.wav,monophonic,Cicadas and crickets,cicadas_and_crickets,100.47,105.71,0.8,0.84,5.24,2236
datased:monophonic:002236,S-0398,DataSED - DataSED - Dataset for Sound Event Detection of environmental noise/SED_wav/S-0398.wav,monophonic,Cicadas and crickets,cicadas_and_crickets,113.46,121.58,0.9,0.97,8.12,2237
datased:monophonic:002237,S-0399,DataSED - DataSED - Dataset for Sound Event Detection of environmental noise/SED_wav/S-0399.wav,monophonic,Cicadas and crickets,cicadas_and_crickets,3.72,13.34,0.02,0.07,9.61,2238
datased:monophonic:002238,S-0399,DataSED - DataSED - Dataset for Sound Event Detection of environmental noise/SED_wav/S-0399.wav,monophonic,Cicadas and crickets,cicadas_and_crickets,19.25,33.43,0.09,0.16,14.18,2239
datased:monophonic:002239,S-0399,DataSED - DataSED - Dataset for Sound Event Detection of environmental noise/SED_wav/S-0399.wav,monophonic,Cicadas and crickets,cicadas_and_crickets,39.35,46.37,0.19,0.23,7.03,2240
datased:monophonic:002240,S-0399,DataSED - DataSED - Dataset for Sound Event Detection of environmental noise/SED_wav/S-0399.wav,monophonic,Cicadas and crickets,cicadas_and_crickets,52.41,60.3,0.26,0.3,7.89,2241
datased:monophonic:002241,S-0399,DataSED - DataSED - Dataset for Sound Event Detection of environmental noise/SED_wav/S-0399.wav,monophonic,Cicadas and crickets,cicadas_and_crickets,67.21,76.33,0.33,0.37,9.12,2242
datased:monophonic:002242,S-0399,DataSED - DataSED - Dataset for Sound Event Detection of environmental noise/SED_wav/S-0399.wav,monophonic,Cicadas and crickets,cicadas_and_crickets,83.85,89.27,0.41,0.44,5.42,2243
datased:monophonic:002243,S-0399,DataSED - DataSED - Dataset for Sound Event Detection of environmental noise/SED_wav/S-0399.wav,monophonic,Cicadas and crickets,cicadas_and_crickets,94.69,100.24,0.46,0.49,5.55,2244
datased:monophonic:002244,S-0399,DataSED - DataSED - Dataset for Sound Event Detection of environmental noise/SED_wav/S-0399.wav,monophonic,Cicadas and crickets,cicadas_and_crickets,105.91,110.97,0.52,0.54,5.05,2245
datased:monophonic:002245,S-0399,DataSED - DataSED - Dataset for Sound Event Detection of environmental noise/SED_wav/S-0399.wav,monophonic,Cicadas and crickets,cicadas_and_crickets,116.51,124.16,0.57,0.61,7.64,2246
datased:monophonic:002246,S-0399,DataSED - DataSED - Dataset for Sound Event Detection of environmental noise/SED_wav/S-0399.wav,monophonic,Cicadas and crickets,cicadas_and_crickets,129.21,135.37,0.63,0.66,6.16,2247
datased:monophonic:002247,S-0399,DataSED - DataSED - Dataset for Sound Event Detection of environmental noise/SED_wav/S-0399.wav,monophonic,Cicadas and crickets,cicadas_and_crickets,139.81,146.1,0.69,0.72,6.29,2248
datased:monophonic:002248,S-0399,DataSED - DataSED - Dataset for Sound Event Detection of environmental noise/SED_wav/S-0399.wav,monophonic,Cicadas and crickets,cicadas_and_crickets,150.9,156.45,0.74,0.77,5.55,2249
datased:monophonic:002249,S-0399,DataSED - DataSED - Dataset for Sound Event Detection of environmental noise/SED_wav/S-0399.wav,monophonic,Cicadas and crickets,cicadas_and_crickets,161.14,166.68,0.79,0.82,5.55,2250
datased:monophonic:002250,S-0399,DataSED - DataSED - Dataset for Sound Event Detection of environmental noise/SED_wav/S-0399.wav,monophonic,Cicadas and crickets,cicadas_and_crickets,171.12,177.16,0.84,0.87,6.04,2251
datased:monophonic:002251,S-0399,DataSED - DataSED - Dataset for Sound Event Detection of environmental noise/SED_wav/S-0399.wav,monophonic,Cicadas and crickets,cicadas_and_crickets,182.71,196.51,0.9,0.96,13.81,2252
datased:monophonic:002252,S-0400,DataSED - DataSED - Dataset for Sound Event Detection of environmental noise/SED_wav/S-0400.wav,monophonic,Cicadas and crickets,cicadas_and_crickets,5.05,19.18,0.04,0.16,14.13,2253
datased:monophonic:002253,S-0400,DataSED - DataSED - Dataset for Sound Event Detection of environmental noise/SED_wav/S-0400.wav,monophonic,Cicadas and crickets,cicadas_and_crickets,26.95,36.72,0.22,0.3,9.77,2254
datased:monophonic:002254,S-0400,DataSED - DataSED - Dataset for Sound Event Detection of environmental noise/SED_wav/S-0400.wav,monophonic,Cicadas and crickets,cicadas_and_crickets,44.93,52.48,0.37,0.43,7.55,2255
datased:monophonic:002255,S-0400,DataSED - DataSED - Dataset for Sound Event Detection of environmental noise/SED_wav/S-0400.wav,monophonic,Cicadas and crickets,cicadas_and_crickets,62.54,72.23,0.51,0.59,9.69,2256
datased:monophonic:002256,S-0400,DataSED - DataSED - Dataset for Sound Event Detection of environmental noise/SED_wav/S-0400.wav,monophonic,Cicadas and crickets,cicadas_and_crickets,82.0,87.92,0.67,0.72,5.92,2257
datased:monophonic:002257,S-0400,DataSED - DataSED - Dataset for Sound Event Detection of environmental noise/SED_wav/S-0400.wav,monophonic,Cicadas and crickets,cicadas_and_crickets,93.62,100.43,0.77,0.82,6.81,2258
datased:monophonic:002258,S-0400,DataSED - DataSED - Dataset for Sound Event Detection of environmental noise/SED_wav/S-0400.wav,monophonic,Cicadas and crickets,cicadas_and_crickets,106.57,114.26,0.87,0.93,7.7,2259
datased:monophonic:002259,S-0401,DataSED - DataSED - Dataset for Sound Event Detection of environmental noise/SED_wav/S-0401.wav,monophonic,Cicadas and crickets,cicadas_and_crickets,0.0,3.14,0.0,0.07,3.14,2260
datased:monophonic:002260,S-0401,DataSED - DataSED - Dataset for Sound Event Detection of environmental noise/SED_wav/S-0401.wav,monophonic,Cicadas and crickets,cicadas_and_crickets,6.04,9.14,0.13,0.19,3.1,2261
datased:monophonic:002261,S-0401,DataSED - DataSED - Dataset for Sound Event Detection of environmental noise/SED_wav/S-0401.wav,monophonic,Cicadas and crickets,cicadas_and_crickets,12.01,15.09,0.25,0.32,3.07,2262
datased:monophonic:002262,S-0401,DataSED - DataSED - Dataset for Sound Event Detection of environmental noise/SED_wav/S-0401.wav,monophonic,Cicadas and crickets,cicadas_and_crickets,17.87,21.03,0.38,0.44,3.16,2263
datased:monophonic:002263,S-0401,DataSED - DataSED - Dataset for Sound Event Detection of environmental noise/SED_wav/S-0401.wav,monophonic,Cicadas and crickets,cicadas_and_crickets,23.93,27.04,0.5,0.57,3.1,2264
datased:monophonic:002264,S-0401,DataSED - DataSED - Dataset for Sound Event Detection of environmental noise/SED_wav/S-0401.wav,monophonic,Cicadas and crickets,cicadas_and_crickets,29.85,32.98,0.63,0.69,3.13,2265
datased:monophonic:002265,S-0401,DataSED - DataSED - Dataset for Sound Event Detection of environmental noise/SED_wav/S-0401.wav,monophonic,Cicadas and crickets,cicadas_and_crickets,35.82,39.07,0.75,0.82,3.25,2266
datased:monophonic:002266,S-0401,DataSED - DataSED - Dataset for Sound Event Detection of environmental noise/SED_wav/S-0401.wav,monophonic,Cicadas and crickets,cicadas_and_crickets,41.91,44.56,0.88,0.94,2.64,2267
datased:monophonic:002267,S-0402,DataSED - DataSED - Dataset for Sound Event Detection of environmental noise/SED_wav/S-0402.wav,monophonic,Cicadas and crickets,cicadas_and_crickets,3.42,10.29,0.03,0.1,6.87,2268
datased:monophonic:002268,S-0402,DataSED - DataSED - Dataset for Sound Event Detection of environmental noise/SED_wav/S-0402.wav,monophonic,Cicadas and crickets,cicadas_and_crickets,12.79,17.23,0.12,0.16,4.43,2269
datased:monophonic:002269,S-0402,DataSED - DataSED - Dataset for Sound Event Detection of environmental noise/SED_wav/S-0402.wav,monophonic,Cicadas and crickets,cicadas_and_crickets,19.99,23.2,0.19,0.22,3.21,2270
datased:monophonic:002270,S-0402,DataSED - DataSED - Dataset for Sound Event Detection of environmental noise/SED_wav/S-0402.wav,monophonic,Cicadas and crickets,cicadas_and_crickets,25.96,30.39,0.24,0.29,4.43,2271
datased:monophonic:002271,S-0402,DataSED - DataSED - Dataset for Sound Event Detection of environmental noise/SED_wav/S-0402.wav,monophonic,Cicadas and crickets,cicadas_and_crickets,33.15,36.94,0.31,0.35,3.79,2272
datased:monophonic:002272,S-0402,DataSED - DataSED - Dataset for Sound Event Detection of environmental noise/SED_wav/S-0402.wav,monophonic,Cicadas and crickets,cicadas_and_crickets,39.9,44.84,0.38,0.42,4.95,2273
datased:monophonic:002273,S-0402,DataSED - DataSED - Dataset for Sound Event Detection of environmental noise/SED_wav/S-0402.wav,monophonic,Cicadas and crickets,cicadas_and_crickets,47.67,52.81,0.45,0.5,5.14,2274
datased:monophonic:002274,S-0402,DataSED - DataSED - Dataset for Sound Event Detection of environmental noise/SED_wav/S-0402.wav,monophonic,Cicadas and crickets,cicadas_and_crickets,55.7,60.32,0.52,0.57,4.62,2275
datased:monophonic:002275,S-0402,DataSED - DataSED - Dataset for Sound Event Detection of environmental noise/SED_wav/S-0402.wav,monophonic,Cicadas and crickets,cicadas_and_crickets,63.15,67.83,0.6,0.64,4.69,2276
datased:monophonic:002276,S-0402,DataSED - DataSED - Dataset for Sound Event Detection of environmental noise/SED_wav/S-0402.wav,monophonic,Cicadas and crickets,cicadas_and_crickets,70.72,75.35,0.67,0.71,4.62,2277
datased:monophonic:002277,S-0402,DataSED - DataSED - Dataset for Sound Event Detection of environmental noise/SED_wav/S-0402.wav,monophonic,Cicadas and crickets,cicadas_and_crickets,77.98,81.19,0.73,0.77,3.21,2278
datased:monophonic:002278,S-0402,DataSED - DataSED - Dataset for Sound Event Detection of environmental noise/SED_wav/S-0402.wav,monophonic,Cicadas and crickets,cicadas_and_crickets,83.89,86.84,0.79,0.82,2.95,2279
datased:monophonic:002279,S-0402,DataSED - DataSED - Dataset for Sound Event Detection of environmental noise/SED_wav/S-0402.wav,monophonic,Cicadas and crickets,cicadas_and_crickets,89.73,92.88,0.85,0.88,3.15,2280
datased:monophonic:002280,S-0402,DataSED - DataSED - Dataset for Sound Event Detection of environmental noise/SED_wav/S-0402.wav,monophonic,Cicadas and crickets,cicadas_and_crickets,95.71,97.89,0.9,0.92,2.18,2281
datased:monophonic:002281,S-0402,DataSED - DataSED - Dataset for Sound Event Detection of environmental noise/SED_wav/S-0402.wav,monophonic,Cicadas and crickets,cicadas_and_crickets,100.72,103.41,0.95,0.97,2.7,2282
datased:monophonic:002282,S-0403,DataSED - DataSED - Dataset for Sound Event Detection of environmental noise/SED_wav/S-0403.wav,monophonic,Cicadas and crickets,cicadas_and_crickets,2.6,5.7,0.03,0.07,3.1,2283
datased:monophonic:002283,S-0403,DataSED - DataSED - Dataset for Sound Event Detection of environmental noise/SED_wav/S-0403.wav,monophonic,Cicadas and crickets,cicadas_and_crickets,8.65,11.86,0.1,0.14,3.21,2284
datased:monophonic:002284,S-0403,DataSED - DataSED - Dataset for Sound Event Detection of environmental noise/SED_wav/S-0403.wav,monophonic,Cicadas and crickets,cicadas_and_crickets,14.86,18.11,0.17,0.21,3.26,2285
datased:monophonic:002285,S-0403,DataSED - DataSED - Dataset for Sound Event Detection of environmental noise/SED_wav/S-0403.wav,monophonic,Cicadas and crickets,cicadas_and_crickets,21.06,24.58,0.25,0.29,3.52,2286
datased:monophonic:002286,S-0403,DataSED - DataSED - Dataset for Sound Event Detection of environmental noise/SED_wav/S-0403.wav,monophonic,Cicadas and crickets,cicadas_and_crickets,27.32,31.51,0.32,0.37,4.19,2287
datased:monophonic:002287,S-0403,DataSED - DataSED - Dataset for Sound Event Detection of environmental noise/SED_wav/S-0403.wav,monophonic,Cicadas and crickets,cicadas_and_crickets,34.3,38.29,0.4,0.45,3.98,2288
datased:monophonic:002288,S-0403,DataSED - DataSED - Dataset for Sound Event Detection of environmental noise/SED_wav/S-0403.wav,monophonic,Cicadas and crickets,cicadas_and_crickets,40.92,45.06,0.48,0.53,4.14,2289
datased:monophonic:002289,S-0403,DataSED - DataSED - Dataset for Sound Event Detection of environmental noise/SED_wav/S-0403.wav,monophonic,Cicadas and crickets,cicadas_and_crickets,47.85,51.99,0.56,0.61,4.14,2290
datased:monophonic:002290,S-0403,DataSED - DataSED - Dataset for Sound Event Detection of environmental noise/SED_wav/S-0403.wav,monophonic,Cicadas and crickets,cicadas_and_crickets,54.84,60.42,0.64,0.71,5.59,2291
datased:monophonic:002291,S-0403,DataSED - DataSED - Dataset for Sound Event Detection of environmental noise/SED_wav/S-0403.wav,monophonic,Cicadas and crickets,cicadas_and_crickets,63.01,65.7,0.74,0.77,2.69,2292
datased:monophonic:002292,S-0403,DataSED - DataSED - Dataset for Sound Event Detection of environmental noise/SED_wav/S-0403.wav,monophonic,Cicadas and crickets,cicadas_and_crickets,68.28,71.13,0.8,0.83,2.84,2293
datased:monophonic:002293,S-0403,DataSED - DataSED - Dataset for Sound Event Detection of environmental noise/SED_wav/S-0403.wav,monophonic,Cicadas and crickets,cicadas_and_crickets,73.82,76.3,0.86,0.89,2.48,2294
datased:monophonic:002294,S-0403,DataSED - DataSED - Dataset for Sound Event Detection of environmental noise/SED_wav/S-0403.wav,monophonic,Cicadas and crickets,cicadas_and_crickets,78.99,82.46,0.92,0.96,3.47,2295
datased:monophonic:002295,S-0404,DataSED - DataSED - Dataset for Sound Event Detection of environmental noise/SED_wav/S-0404.wav,monophonic,Cicadas and crickets,cicadas_and_crickets,3.08,5.72,0.05,0.09,2.63,2296
datased:monophonic:002296,S-0404,DataSED - DataSED - Dataset for Sound Event Detection of environmental noise/SED_wav/S-0404.wav,monophonic,Cicadas and crickets,cicadas_and_crickets,7.54,10.05,0.11,0.15,2.51,2297
datased:monophonic:002297,S-0404,DataSED - DataSED - Dataset for Sound Event Detection of environmental noise/SED_wav/S-0404.wav,monophonic,Cicadas and crickets,cicadas_and_crickets,12.96,15.39,0.19,0.23,2.43,2298
datased:monophonic:002298,S-0404,DataSED - DataSED - Dataset for Sound Event Detection of environmental noise/SED_wav/S-0404.wav,monophonic,Cicadas and crickets,cicadas_and_crickets,17.25,20.12,0.26,0.3,2.87,2299
datased:monophonic:002299,S-0404,DataSED - DataSED - Dataset for Sound Event Detection of environmental noise/SED_wav/S-0404.wav,monophonic,Cicadas and crickets,cicadas_and_crickets,22.92,26.24,0.34,0.39,3.32,2300
datased:monophonic:002300,S-0404,DataSED - DataSED - Dataset for Sound Event Detection of environmental noise/SED_wav/S-0404.wav,monophonic,Cicadas and crickets,cicadas_and_crickets,28.87,32.27,0.43,0.48,3.4,2301
datased:monophonic:002301,S-0404,DataSED - DataSED - Dataset for Sound Event Detection of environmental noise/SED_wav/S-0404.wav,monophonic,Cicadas and crickets,cicadas_and_crickets,35.06,38.18,0.52,0.57,3.12,2302
datased:monophonic:002302,S-0404,DataSED - DataSED - Dataset for Sound Event Detection of environmental noise/SED_wav/S-0404.wav,monophonic,Cicadas and crickets,cicadas_and_crickets,41.13,43.96,0.62,0.66,2.83,2303
datased:monophonic:002303,S-0404,DataSED - DataSED - Dataset for Sound Event Detection of environmental noise/SED_wav/S-0404.wav,monophonic,Cicadas and crickets,cicadas_and_crickets,46.88,49.1,0.7,0.73,2.23,2304
datased:monophonic:002304,S-0404,DataSED - DataSED - Dataset for Sound Event Detection of environmental noise/SED_wav/S-0404.wav,monophonic,Cicadas and crickets,cicadas_and_crickets,50.97,53.15,0.76,0.79,2.19,2305
datased:monophonic:002305,S-0404,DataSED - DataSED - Dataset for Sound Event Detection of environmental noise/SED_wav/S-0404.wav,monophonic,Cicadas and crickets,cicadas_and_crickets,54.97,57.28,0.82,0.86,2.31,2306
datased:monophonic:002306,S-0404,DataSED - DataSED - Dataset for Sound Event Detection of environmental noise/SED_wav/S-0404.wav,monophonic,Cicadas and crickets,cicadas_and_crickets,58.94,61.0,0.88,0.91,2.06,2307
datased:monophonic:002307,S-0404,DataSED - DataSED - Dataset for Sound Event Detection of environmental noise/SED_wav/S-0404.wav,monophonic,Cicadas and crickets,cicadas_and_crickets,62.87,65.13,0.94,0.97,2.27,2308
datased:monophonic:002308,S-0405,DataSED - DataSED - Dataset for Sound Event Detection of environmental noise/SED_wav/S-0405.wav,monophonic,Cicadas and crickets,cicadas_and_crickets,1.67,2.74,0.15,0.24,1.07,2309
datased:monophonic:002309,S-0405,DataSED - DataSED - Dataset for Sound Event Detection of environmental noise/SED_wav/S-0405.wav,monophonic,Cicadas and crickets,cicadas_and_crickets,4.07,5.37,0.35,0.47,1.3,2310
datased:monophonic:002310,S-0405,DataSED - DataSED - Dataset for Sound Event Detection of environmental noise/SED_wav/S-0405.wav,monophonic,Cicadas and crickets,cicadas_and_crickets,6.54,7.85,0.57,0.68,1.31,2311
datased:monophonic:002311,S-0405,DataSED - DataSED - Dataset for Sound Event Detection of environmental noise/SED_wav/S-0405.wav,monophonic,Cicadas and crickets,cicadas_and_crickets,9.11,10.38,0.79,0.9,1.26,2312
datased:monophonic:002312,S-0406,DataSED - DataSED - Dataset for Sound Event Detection of environmental noise/SED_wav/S-0406.wav,monophonic,Vehicle idling,vehicle_idling,0.0,11.43,0.0,0.09,11.43,2313
datased:monophonic:002313,S-0406,DataSED - DataSED - Dataset for Sound Event Detection of environmental noise/SED_wav/S-0406.wav,monophonic,Glass breaking,glass_breaking,11.82,12.77,0.09,0.1,0.94,2314
datased:monophonic:002314,S-0406,DataSED - DataSED - Dataset for Sound Event Detection of environmental noise/SED_wav/S-0406.wav,monophonic,Glass breaking,glass_breaking,14.5,18.35,0.11,0.14,3.86,2315
datased:monophonic:002315,S-0406,DataSED - DataSED - Dataset for Sound Event Detection of environmental noise/SED_wav/S-0406.wav,monophonic,Glass breaking,glass_breaking,20.09,22.92,0.15,0.18,2.83,2316
datased:monophonic:002316,S-0406,DataSED - DataSED - Dataset for Sound Event Detection of environmental noise/SED_wav/S-0406.wav,monophonic,Glass breaking,glass_breaking,24.26,26.7,0.19,0.21,2.44,2317
datased:monophonic:002317,S-0406,DataSED - DataSED - Dataset for Sound Event Detection of environmental noise/SED_wav/S-0406.wav,monophonic,Glass breaking,glass_breaking,28.67,29.92,0.22,0.23,1.26,2318
datased:monophonic:002318,S-0406,DataSED - DataSED - Dataset for Sound Event Detection of environmental noise/SED_wav/S-0406.wav,monophonic,Glass breaking,glass_breaking,31.26,33.07,0.24,0.25,1.81,2319
datased:monophonic:002319,S-0406,DataSED - DataSED - Dataset for Sound Event Detection of environmental noise/SED_wav/S-0406.wav,monophonic,Vehicle idling,vehicle_idling,33.47,44.33,0.26,0.34,10.86,2320
datased:monophonic:002320,S-0406,DataSED - DataSED - Dataset for Sound Event Detection of environmental noise/SED_wav/S-0406.wav,monophonic,Vehicle pass-by,vehicle_pass_by,45.04,50.94,0.35,0.39,5.9,2321
datased:monophonic:002321,S-0406,DataSED - DataSED - Dataset for Sound Event Detection of environmental noise/SED_wav/S-0406.wav,monophonic,Glass breaking,glass_breaking,53.69,54.72,0.41,0.42,1.02,2322
datased:monophonic:002322,S-0406,DataSED - DataSED - Dataset for Sound Event Detection of environmental noise/SED_wav/S-0406.wav,monophonic,Vehicle idling,vehicle_idling,62.75,74.64,0.48,0.57,11.9,2323
datased:monophonic:002323,S-0406,DataSED - DataSED - Dataset for Sound Event Detection of environmental noise/SED_wav/S-0406.wav,monophonic,Glass breaking,glass_breaking,75.02,75.89,0.58,0.58,0.87,2324
datased:monophonic:002324,S-0406,DataSED - DataSED - Dataset for Sound Event Detection of environmental noise/SED_wav/S-0406.wav,monophonic,Glass breaking,glass_breaking,77.78,78.96,0.6,0.61,1.18,2325
datased:monophonic:002325,S-0406,DataSED - DataSED - Dataset for Sound Event Detection of environmental noise/SED_wav/S-0406.wav,monophonic,Glass breaking,glass_breaking,83.13,86.2,0.64,0.66,3.07,2326
datased:monophonic:002326,S-0406,DataSED - DataSED - Dataset for Sound Event Detection of environmental noise/SED_wav/S-0406.wav,monophonic,Glass breaking,glass_breaking,88.17,89.35,0.68,0.69,1.18,2327
datased:monophonic:002327,S-0406,DataSED - DataSED - Dataset for Sound Event Detection of environmental noise/SED_wav/S-0406.wav,monophonic,Vehicle pass-by,vehicle_pass_by,89.66,99.03,0.69,0.76,9.37,2328
datased:monophonic:002328,S-0406,DataSED - DataSED - Dataset for Sound Event Detection of environmental noise/SED_wav/S-0406.wav,monophonic,Vehicle idling,vehicle_idling,99.19,107.14,0.76,0.82,7.95,2329
datased:monophonic:002329,S-0406,DataSED - DataSED - Dataset for Sound Event Detection of environmental noise/SED_wav/S-0406.wav,monophonic,Glass breaking,glass_breaking,109.65,111.15,0.84,0.85,1.5,2330
datased:monophonic:002330,S-0406,DataSED - DataSED - Dataset for Sound Event Detection of environmental noise/SED_wav/S-0406.wav,monophonic,Vehicle idling,vehicle_idling,111.46,119.49,0.86,0.92,8.03,2331
datased:monophonic:002331,S-0406,DataSED - DataSED - Dataset for Sound Event Detection of environmental noise/SED_wav/S-0406.wav,monophonic,Voices,voices,120.83,127.05,0.93,0.98,6.22,2332
datased:monophonic:002332,S-0407,DataSED - DataSED - Dataset for Sound Event Detection of environmental noise/SED_wav/S-0407.wav,monophonic,Glass breaking,glass_breaking,2.02,3.3,0.02,0.02,1.28,2333
datased:monophonic:002333,S-0407,DataSED - DataSED - Dataset for Sound Event Detection of environmental noise/SED_wav/S-0407.wav,monophonic,Glass breaking,glass_breaking,3.78,4.74,0.03,0.04,0.96,2334
datased:monophonic:002334,S-0407,DataSED - DataSED - Dataset for Sound Event Detection of environmental noise/SED_wav/S-0407.wav,monophonic,Glass breaking,glass_breaking,5.94,7.62,0.04,0.06,1.68,2335
datased:monophonic:002335,S-0407,DataSED - DataSED - Dataset for Sound Event Detection of environmental noise/SED_wav/S-0407.wav,monophonic,Glass breaking,glass_breaking,8.26,9.46,0.06,0.07,1.2,2336
datased:monophonic:002336,S-0407,DataSED - DataSED - Dataset for Sound Event Detection of environmental noise/SED_wav/S-0407.wav,monophonic,Glass breaking,glass_breaking,10.1,12.1,0.08,0.09,2.0,2337
datased:monophonic:002337,S-0407,DataSED - DataSED - Dataset for Sound Event Detection of environmental noise/SED_wav/S-0407.wav,monophonic,Glass breaking,glass_breaking,19.7,20.5,0.15,0.16,0.8,2338
datased:monophonic:002338,S-0407,DataSED - DataSED - Dataset for Sound Event Detection of environmental noise/SED_wav/S-0407.wav,monophonic,Glass breaking,glass_breaking,21.38,21.94,0.16,0.17,0.56,2339
datased:monophonic:002339,S-0407,DataSED - DataSED - Dataset for Sound Event Detection of environmental noise/SED_wav/S-0407.wav,monophonic,Glass breaking,glass_breaking,23.06,26.18,0.17,0.2,3.12,2340
datased:monophonic:002340,S-0407,DataSED - DataSED - Dataset for Sound Event Detection of environmental noise/SED_wav/S-0407.wav,monophonic,Glass breaking,glass_breaking,26.58,28.74,0.2,0.22,2.16,2341
datased:monophonic:002341,S-0407,DataSED - DataSED - Dataset for Sound Event Detection of environmental noise/SED_wav/S-0407.wav,monophonic,Glass breaking,glass_breaking,34.02,35.62,0.26,0.27,1.6,2342
datased:monophonic:002342,S-0407,DataSED - DataSED - Dataset for Sound Event Detection of environmental noise/SED_wav/S-0407.wav,monophonic,Glass breaking,glass_breaking,36.34,38.02,0.27,0.29,1.68,2343
datased:monophonic:002343,S-0407,DataSED - DataSED - Dataset for Sound Event Detection of environmental noise/SED_wav/S-0407.wav,monophonic,Glass breaking,glass_breaking,39.3,40.74,0.3,0.31,1.44,2344
datased:monophonic:002344,S-0407,DataSED - DataSED - Dataset for Sound Event Detection of environmental noise/SED_wav/S-0407.wav,monophonic,Voices,voices,43.62,49.06,0.33,0.37,5.44,2345
datased:monophonic:002345,S-0407,DataSED - DataSED - Dataset for Sound Event Detection of environmental noise/SED_wav/S-0407.wav,monophonic,Glass breaking,glass_breaking,51.38,52.82,0.39,0.4,1.44,2346
datased:monophonic:002346,S-0407,DataSED - DataSED - Dataset for Sound Event Detection of environmental noise/SED_wav/S-0407.wav,monophonic,Glass breaking,glass_breaking,53.94,54.74,0.41,0.41,0.8,2347
datased:monophonic:002347,S-0407,DataSED - DataSED - Dataset for Sound Event Detection of environmental noise/SED_wav/S-0407.wav,monophonic,Vehicle idling,vehicle_idling,54.99,60.98,0.42,0.46,5.99,2348
datased:monophonic:002348,S-0407,DataSED - DataSED - Dataset for Sound Event Detection of environmental noise/SED_wav/S-0407.wav,monophonic,Vehicle idling,vehicle_idling,63.46,86.82,0.48,0.66,23.36,2349
datased:monophonic:002349,S-0407,DataSED - DataSED - Dataset for Sound Event Detection of environmental noise/SED_wav/S-0407.wav,monophonic,Glass breaking,glass_breaking,92.9,95.86,0.7,0.73,2.96,2350
datased:monophonic:002350,S-0407,DataSED - DataSED - Dataset for Sound Event Detection of environmental noise/SED_wav/S-0407.wav,monophonic,Glass breaking,glass_breaking,98.98,100.82,0.75,0.76,1.84,2351
datased:monophonic:002351,S-0407,DataSED - DataSED - Dataset for Sound Event Detection of environmental noise/SED_wav/S-0407.wav,monophonic,Glass breaking,glass_breaking,101.22,102.5,0.77,0.78,1.28,2352
datased:monophonic:002352,S-0407,DataSED - DataSED - Dataset for Sound Event Detection of environmental noise/SED_wav/S-0407.wav,monophonic,Glass breaking,glass_breaking,103.94,107.14,0.79,0.81,3.2,2353
datased:monophonic:002353,S-0407,DataSED - DataSED - Dataset for Sound Event Detection of environmental noise/SED_wav/S-0407.wav,monophonic,Glass breaking,glass_breaking,111.94,114.02,0.85,0.86,2.08,2354
datased:monophonic:002354,S-0407,DataSED - DataSED - Dataset for Sound Event Detection of environmental noise/SED_wav/S-0407.wav,monophonic,Glass breaking,glass_breaking,115.3,122.18,0.87,0.92,6.88,2355
datased:monophonic:002355,S-0407,DataSED - DataSED - Dataset for Sound Event Detection of environmental noise/SED_wav/S-0407.wav,monophonic,Glass breaking,glass_breaking,123.3,126.02,0.93,0.95,2.72,2356
datased:monophonic:002356,S-0407,DataSED - DataSED - Dataset for Sound Event Detection of environmental noise/SED_wav/S-0407.wav,monophonic,Glass breaking,glass_breaking,126.9,128.66,0.96,0.97,1.76,2357
datased:monophonic:002357,S-0408,DataSED - DataSED - Dataset for Sound Event Detection of environmental noise/SED_wav/S-0408.wav,monophonic,Voices,voices,2.22,8.93,0.02,0.06,6.7,2358
datased:monophonic:002358,S-0408,DataSED - DataSED - Dataset for Sound Event Detection of environmental noise/SED_wav/S-0408.wav,monophonic,Glass breaking,glass_breaking,9.52,10.71,0.07,0.08,1.19,2359
datased:monophonic:002359,S-0408,DataSED - DataSED - Dataset for Sound Event Detection of environmental noise/SED_wav/S-0408.wav,monophonic,Voices,voices,10.71,12.07,0.08,0.09,1.36,2360
datased:monophonic:002360,S-0408,DataSED - DataSED - Dataset for Sound Event Detection of environmental noise/SED_wav/S-0408.wav,monophonic,Glass breaking,glass_breaking,12.83,14.78,0.09,0.11,1.95,2361
datased:monophonic:002361,S-0408,DataSED - DataSED - Dataset for Sound Event Detection of environmental noise/SED_wav/S-0408.wav,monophonic,Glass breaking,glass_breaking,17.92,23.52,0.13,0.17,5.6,2362
datased:monophonic:002362,S-0408,DataSED - DataSED - Dataset for Sound Event Detection of environmental noise/SED_wav/S-0408.wav,monophonic,Voices,voices,23.95,25.48,0.17,0.18,1.53,2363
datased:monophonic:002363,S-0408,DataSED - DataSED - Dataset for Sound Event Detection of environmental noise/SED_wav/S-0408.wav,monophonic,Glass breaking,glass_breaking,26.75,28.87,0.19,0.21,2.12,2364
datased:monophonic:002364,S-0408,DataSED - DataSED - Dataset for Sound Event Detection of environmental noise/SED_wav/S-0408.wav,monophonic,Glass breaking,glass_breaking,30.48,35.15,0.22,0.25,4.67,2365
datased:monophonic:002365,S-0408,DataSED - DataSED - Dataset for Sound Event Detection of environmental noise/SED_wav/S-0408.wav,monophonic,Glass breaking,glass_breaking,37.7,41.6,0.27,0.3,3.9,2366
datased:monophonic:002366,S-0408,DataSED - DataSED - Dataset for Sound Event Detection of environmental noise/SED_wav/S-0408.wav,monophonic,Glass breaking,glass_breaking,43.89,45.59,0.31,0.33,1.7,2367
datased:monophonic:002367,S-0408,DataSED - DataSED - Dataset for Sound Event Detection of environmental noise/SED_wav/S-0408.wav,monophonic,Glass breaking,glass_breaking,46.78,49.92,0.33,0.36,3.14,2368
datased:monophonic:002368,S-0408,DataSED - DataSED - Dataset for Sound Event Detection of environmental noise/SED_wav/S-0408.wav,monophonic,Vehicle pass-by,vehicle_pass_by,51.53,62.56,0.37,0.45,11.03,2369
datased:monophonic:002369,S-0408,DataSED - DataSED - Dataset for Sound Event Detection of environmental noise/SED_wav/S-0408.wav,monophonic,Glass breaking,glass_breaking,64.34,69.43,0.46,0.5,5.09,2370
datased:monophonic:002370,S-0408,DataSED - DataSED - Dataset for Sound Event Detection of environmental noise/SED_wav/S-0408.wav,monophonic,Glass breaking,glass_breaking,71.98,78.51,0.51,0.56,6.53,2371
datased:monophonic:002371,S-0408,DataSED - DataSED - Dataset for Sound Event Detection of environmental noise/SED_wav/S-0408.wav,monophonic,Glass breaking,glass_breaking,83.52,86.58,0.6,0.62,3.06,2372
datased:monophonic:002372,S-0408,DataSED - DataSED - Dataset for Sound Event Detection of environmental noise/SED_wav/S-0408.wav,monophonic,Glass breaking,glass_breaking,91.33,92.26,0.65,0.66,0.93,2373
datased:monophonic:002373,S-0408,DataSED - DataSED - Dataset for Sound Event Detection of environmental noise/SED_wav/S-0408.wav,monophonic,Vehicle pass-by,vehicle_pass_by,93.2,103.04,0.66,0.73,9.84,2374
datased:monophonic:002374,S-0408,DataSED - DataSED - Dataset for Sound Event Detection of environmental noise/SED_wav/S-0408.wav,monophonic,Vehicle idling,vehicle_idling,104.14,114.5,0.74,0.82,10.35,2375
datased:monophonic:002375,S-0408,DataSED - DataSED - Dataset for Sound Event Detection of environmental noise/SED_wav/S-0408.wav,monophonic,Glass breaking,glass_breaking,115.01,117.04,0.82,0.83,2.04,2376
datased:monophonic:002376,S-0408,DataSED - DataSED - Dataset for Sound Event Detection of environmental noise/SED_wav/S-0408.wav,monophonic,Glass breaking,glass_breaking,117.47,118.06,0.84,0.84,0.59,2377
datased:monophonic:002377,S-0408,DataSED - DataSED - Dataset for Sound Event Detection of environmental noise/SED_wav/S-0408.wav,monophonic,Glass breaking,glass_breaking,119.08,119.84,0.85,0.85,0.76,2378
datased:monophonic:002378,S-0408,DataSED - DataSED - Dataset for Sound Event Detection of environmental noise/SED_wav/S-0408.wav,monophonic,Vehicle pass-by,vehicle_pass_by,122.22,131.13,0.87,0.94,8.91,2379
datased:monophonic:002379,S-0408,DataSED - DataSED - Dataset for Sound Event Detection of environmental noise/SED_wav/S-0408.wav,monophonic,Voices,voices,131.55,139.87,0.94,1.0,8.32,2380
datased:monophonic:002380,S-0409,DataSED - DataSED - Dataset for Sound Event Detection of environmental noise/SED_wav/S-0409.wav,monophonic,Vehicle idling,vehicle_idling,0.0,24.19,0.0,0.14,24.19,2381
datased:monophonic:002381,S-0409,DataSED - DataSED - Dataset for Sound Event Detection of environmental noise/SED_wav/S-0409.wav,monophonic,Train,train,24.32,38.46,0.14,0.22,14.15,2382
datased:monophonic:002382,S-0409,DataSED - DataSED - Dataset for Sound Event Detection of environmental noise/SED_wav/S-0409.wav,monophonic,Jet aircrafts,jet_aircrafts,38.58,85.77,0.22,0.49,47.19,2383
datased:monophonic:002383,S-0409,DataSED - DataSED - Dataset for Sound Event Detection of environmental noise/SED_wav/S-0409.wav,monophonic,Vehicle idling,vehicle_idling,96.83,104.43,0.56,0.6,7.6,2384
datased:monophonic:002384,S-0409,DataSED - DataSED - Dataset for Sound Event Detection of environmental noise/SED_wav/S-0409.wav,monophonic,Vehicle pass-by,vehicle_pass_by,106.1,111.68,0.61,0.64,5.58,2385
datased:monophonic:002385,S-0409,DataSED - DataSED - Dataset for Sound Event Detection of environmental noise/SED_wav/S-0409.wav,monophonic,Vehicle idling,vehicle_idling,113.13,156.64,0.65,0.9,43.51,2386
datased:monophonic:002386,S-0409,DataSED - DataSED - Dataset for Sound Event Detection of environmental noise/SED_wav/S-0409.wav,monophonic,Dog barkings and howlings,dog_barkings_and_howlings,157.4,170.15,0.9,0.98,12.75,2387
datased:monophonic:002387,S-0409,DataSED - DataSED - Dataset for Sound Event Detection of environmental noise/SED_wav/S-0409.wav,monophonic,Vehicle idling,vehicle_idling,170.56,174.04,0.98,1.0,3.48,2388
datased:monophonic:002388,S-0410,DataSED - DataSED - Dataset for Sound Event Detection of environmental noise/SED_wav/S-0410.wav,monophonic,Vehicle idling,vehicle_idling,0.0,39.96,0.0,0.24,39.96,2389
datased:monophonic:002389,S-0410,DataSED - DataSED - Dataset for Sound Event Detection of environmental noise/SED_wav/S-0410.wav,monophonic,Jet aircrafts,jet_aircrafts,40.1,80.19,0.24,0.48,40.1,2390
datased:monophonic:002390,S-0410,DataSED - DataSED - Dataset for Sound Event Detection of environmental noise/SED_wav/S-0410.wav,monophonic,Vehicle idling,vehicle_idling,80.37,85.77,0.48,0.51,5.39,2391
datased:monophonic:002391,S-0410,DataSED - DataSED - Dataset for Sound Event Detection of environmental noise/SED_wav/S-0410.wav,monophonic,Jet aircrafts,jet_aircrafts,86.04,105.25,0.52,0.63,19.21,2392
datased:monophonic:002392,S-0410,DataSED - DataSED - Dataset for Sound Event Detection of environmental noise/SED_wav/S-0410.wav,monophonic,Vehicle idling,vehicle_idling,106.19,167.07,0.64,1.0,60.87,2393
datased:monophonic:002393,S-0411,DataSED - DataSED - Dataset for Sound Event Detection of environmental noise/SED_wav/S-0411.wav,monophonic,Vehicle idling,vehicle_idling,0.0,10.39,0.0,0.06,10.39,2394
datased:monophonic:002394,S-0411,DataSED - DataSED - Dataset for Sound Event Detection of environmental noise/SED_wav/S-0411.wav,monophonic,Vehicle pass-by,vehicle_pass_by,10.39,16.33,0.06,0.09,5.94,2395
datased:monophonic:002395,S-0411,DataSED - DataSED - Dataset for Sound Event Detection of environmental noise/SED_wav/S-0411.wav,monophonic,Vehicle idling,vehicle_idling,16.87,75.13,0.09,0.42,58.26,2396
datased:monophonic:002396,S-0411,DataSED - DataSED - Dataset for Sound Event Detection of environmental noise/SED_wav/S-0411.wav,monophonic,Train,train,75.19,92.37,0.42,0.52,17.17,2397
datased:monophonic:002397,S-0411,DataSED - DataSED - Dataset for Sound Event Detection of environmental noise/SED_wav/S-0411.wav,monophonic,Vehicle idling,vehicle_idling,92.48,125.74,0.52,0.7,33.27,2398
datased:monophonic:002398,S-0411,DataSED - DataSED - Dataset for Sound Event Detection of environmental noise/SED_wav/S-0411.wav,monophonic,Vehicle pass-by,vehicle_pass_by,126.07,133.95,0.71,0.75,7.88,2399
datased:monophonic:002399,S-0411,DataSED - DataSED - Dataset for Sound Event Detection of environmental noise/SED_wav/S-0411.wav,monophonic,Vehicle idling,vehicle_idling,134.38,151.34,0.75,0.85,16.96,2400
datased:monophonic:002400,S-0411,DataSED - DataSED - Dataset for Sound Event Detection of environmental noise/SED_wav/S-0411.wav,monophonic,Vehicle pass-by,vehicle_pass_by,151.66,161.49,0.85,0.9,9.83,2401
datased:monophonic:002401,S-0411,DataSED - DataSED - Dataset for Sound Event Detection of environmental noise/SED_wav/S-0411.wav,monophonic,Vehicle idling,vehicle_idling,162.14,178.45,0.91,1.0,16.31,2402
datased:monophonic:002402,S-0412,DataSED - DataSED - Dataset for Sound Event Detection of environmental noise/SED_wav/S-0412.wav,monophonic,Vehicle idling,vehicle_idling,0.84,15.62,0.01,0.1,14.77,2403
datased:monophonic:002403,S-0412,DataSED - DataSED - Dataset for Sound Event Detection of environmental noise/SED_wav/S-0412.wav,monophonic,Train,train,15.71,35.82,0.1,0.24,20.11,2404
datased:monophonic:002404,S-0412,DataSED - DataSED - Dataset for Sound Event Detection of environmental noise/SED_wav/S-0412.wav,monophonic,Vehicle idling,vehicle_idling,36.09,53.83,0.24,0.36,17.74,2405
datased:monophonic:002405,S-0412,DataSED - DataSED - Dataset for Sound Event Detection of environmental noise/SED_wav/S-0412.wav,monophonic,Horn,horn,54.54,55.55,0.36,0.37,1.01,2406
datased:monophonic:002406,S-0412,DataSED - DataSED - Dataset for Sound Event Detection of environmental noise/SED_wav/S-0412.wav,monophonic,Vehicle idling,vehicle_idling,55.81,90.88,0.37,0.6,35.08,2407
datased:monophonic:002407,S-0412,DataSED - DataSED - Dataset for Sound Event Detection of environmental noise/SED_wav/S-0412.wav,monophonic,Train,train,91.07,142.56,0.6,0.94,51.49,2408
datased:monophonic:002408,S-0412,DataSED - DataSED - Dataset for Sound Event Detection of environmental noise/SED_wav/S-0412.wav,monophonic,Vehicle idling,vehicle_idling,142.65,151.65,0.94,1.0,8.99,2409
datased:monophonic:002409,S-0413,DataSED - DataSED - Dataset for Sound Event Detection of environmental noise/SED_wav/S-0413.wav,monophonic,Birds,birds,0.0,1.53,0.0,0.01,1.53,2410
datased:monophonic:002410,S-0413,DataSED - DataSED - Dataset for Sound Event Detection of environmental noise/SED_wav/S-0413.wav,monophonic,Birds,birds,5.43,7.02,0.05,0.06,1.59,2411
datased:monophonic:002411,S-0413,DataSED - DataSED - Dataset for Sound Event Detection of environmental noise/SED_wav/S-0413.wav,monophonic,Vehicle idling,vehicle_idling,11.5,21.75,0.1,0.18,10.26,2412
datased:monophonic:002412,S-0413,DataSED - DataSED - Dataset for Sound Event Detection of environmental noise/SED_wav/S-0413.wav,monophonic,Vehicle idling,vehicle_idling,22.84,63.7,0.19,0.53,40.86,2413
datased:monophonic:002413,S-0413,DataSED - DataSED - Dataset for Sound Event Detection of environmental noise/SED_wav/S-0413.wav,monophonic,Vehicle idling,vehicle_idling,76.07,106.37,0.64,0.89,30.3,2414
datased:monophonic:002414,S-0413,DataSED - DataSED - Dataset for Sound Event Detection of environmental noise/SED_wav/S-0413.wav,monophonic,Voices,voices,107.49,108.79,0.9,0.91,1.3,2415
datased:monophonic:002415,S-0414,DataSED - DataSED - Dataset for Sound Event Detection of environmental noise/SED_wav/S-0414.wav,monophonic,Birds,birds,2.95,4.12,0.02,0.02,1.17,2416
datased:monophonic:002416,S-0414,DataSED - DataSED - Dataset for Sound Event Detection of environmental noise/SED_wav/S-0414.wav,monophonic,Jet aircrafts,jet_aircrafts,19.55,35.73,0.1,0.19,16.18,2417
datased:monophonic:002417,S-0414,DataSED - DataSED - Dataset for Sound Event Detection of environmental noise/SED_wav/S-0414.wav,monophonic,Sirens and alarms,sirens_and_alarms,36.61,147.43,0.19,0.76,110.82,2418
datased:monophonic:002418,S-0414,DataSED - DataSED - Dataset for Sound Event Detection of environmental noise/SED_wav/S-0414.wav,monophonic,Dog barkings and howlings,dog_barkings_and_howlings,149.53,151.4,0.77,0.78,1.87,2419
datased:monophonic:002419,S-0414,DataSED - DataSED - Dataset for Sound Event Detection of environmental noise/SED_wav/S-0414.wav,monophonic,Dog barkings and howlings,dog_barkings_and_howlings,154.44,162.51,0.8,0.84,8.07,2420
datased:monophonic:002420,S-0414,DataSED - DataSED - Dataset for Sound Event Detection of environmental noise/SED_wav/S-0414.wav,monophonic,Dog barkings and howlings,dog_barkings_and_howlings,163.21,164.38,0.85,0.85,1.17,2421
datased:monophonic:002421,S-0414,DataSED - DataSED - Dataset for Sound Event Detection of environmental noise/SED_wav/S-0414.wav,monophonic,Train,train,165.84,179.62,0.86,0.93,13.77,2422
datased:monophonic:002422,S-0414,DataSED - DataSED - Dataset for Sound Event Detection of environmental noise/SED_wav/S-0414.wav,monophonic,Dog barkings and howlings,dog_barkings_and_howlings,180.04,182.03,0.93,0.94,1.99,2423
datased:monophonic:002423,S-0414,DataSED - DataSED - Dataset for Sound Event Detection of environmental noise/SED_wav/S-0414.wav,monophonic,Dog barkings and howlings,dog_barkings_and_howlings,182.5,184.84,0.94,0.96,2.34,2424
datased:monophonic:002424,S-0415,DataSED - DataSED - Dataset for Sound Event Detection of environmental noise/SED_wav/S-0415.wav,monophonic,Propeller aircrafts,propeller_aircrafts,3.69,16.37,0.02,0.1,12.69,2425
datased:monophonic:002425,S-0415,DataSED - DataSED - Dataset for Sound Event Detection of environmental noise/SED_wav/S-0415.wav,monophonic,Dog barkings and howlings,dog_barkings_and_howlings,17.26,20.63,0.11,0.13,3.37,2426
datased:monophonic:002426,S-0415,DataSED - DataSED - Dataset for Sound Event Detection of environmental noise/SED_wav/S-0415.wav,monophonic,Propeller aircrafts,propeller_aircrafts,21.29,38.28,0.13,0.23,16.99,2427
datased:monophonic:002427,S-0415,DataSED - DataSED - Dataset for Sound Event Detection of environmental noise/SED_wav/S-0415.wav,monophonic,Vehicle pass-by,vehicle_pass_by,95.66,100.91,0.58,0.62,5.25,2428
datased:monophonic:002428,S-0415,DataSED - DataSED - Dataset for Sound Event Detection of environmental noise/SED_wav/S-0415.wav,monophonic,Propeller aircrafts,propeller_aircrafts,107.95,114.62,0.66,0.7,6.67,2429
datased:monophonic:002429,S-0415,DataSED - DataSED - Dataset for Sound Event Detection of environmental noise/SED_wav/S-0415.wav,monophonic,Vehicle idling,vehicle_idling,115.28,137.97,0.7,0.84,22.7,2430
datased:monophonic:002430,S-0415,DataSED - DataSED - Dataset for Sound Event Detection of environmental noise/SED_wav/S-0415.wav,monophonic,Dog barkings and howlings,dog_barkings_and_howlings,139.56,141.25,0.85,0.86,1.68,2431
datased:monophonic:002431,S-0415,DataSED - DataSED - Dataset for Sound Event Detection of environmental noise/SED_wav/S-0415.wav,monophonic,Dog barkings and howlings,dog_barkings_and_howlings,144.62,145.9,0.88,0.89,1.29,2432
datased:monophonic:002432,S-0415,DataSED - DataSED - Dataset for Sound Event Detection of environmental noise/SED_wav/S-0415.wav,monophonic,Dog barkings and howlings,dog_barkings_and_howlings,147.39,147.98,0.9,0.9,0.59,2433
datased:monophonic:002433,S-0415,DataSED - DataSED - Dataset for Sound Event Detection of environmental noise/SED_wav/S-0415.wav,monophonic,Dog barkings and howlings,dog_barkings_and_howlings,149.07,156.11,0.91,0.95,7.04,2434
datased:monophonic:002434,S-0415,DataSED - DataSED - Dataset for Sound Event Detection of environmental noise/SED_wav/S-0415.wav,monophonic,Dog barkings and howlings,dog_barkings_and_howlings,157.2,163.54,0.96,1.0,6.34,2435
datased:monophonic:002435,S-0416,DataSED - DataSED - Dataset for Sound Event Detection of environmental noise/SED_wav/S-0416.wav,monophonic,Vehicle idling,vehicle_idling,7.74,23.64,0.09,0.27,15.89,2436
datased:monophonic:002436,S-0416,DataSED - DataSED - Dataset for Sound Event Detection of environmental noise/SED_wav/S-0416.wav,monophonic,Vehicle idling,vehicle_idling,43.53,52.76,0.49,0.6,9.23,2437
datased:monophonic:002437,S-0416,DataSED - DataSED - Dataset for Sound Event Detection of environmental noise/SED_wav/S-0416.wav,monophonic,Train,train,54.15,87.86,0.61,1.0,33.71,2438
datased:monophonic:002438,S-0417,DataSED - DataSED - Dataset for Sound Event Detection of environmental noise/SED_wav/S-0417.wav,monophonic,Vehicle idling,vehicle_idling,0.0,10.43,0.0,0.13,10.43,2439
datased:monophonic:002439,S-0417,DataSED - DataSED - Dataset for Sound Event Detection of environmental noise/SED_wav/S-0417.wav,monophonic,Vehicle pass-by,vehicle_pass_by,10.47,22.72,0.13,0.29,12.24,2440
datased:monophonic:002440,S-0417,DataSED - DataSED - Dataset for Sound Event Detection of environmental noise/SED_wav/S-0417.wav,monophonic,Vehicle idling,vehicle_idling,23.05,28.33,0.29,0.36,5.28,2441
datased:monophonic:002441,S-0417,DataSED - DataSED - Dataset for Sound Event Detection of environmental noise/SED_wav/S-0417.wav,monophonic,Vehicle pass-by,vehicle_pass_by,28.48,32.46,0.36,0.41,3.98,2442
datased:monophonic:002442,S-0417,DataSED - DataSED - Dataset for Sound Event Detection of environmental noise/SED_wav/S-0417.wav,monophonic,Vehicle idling,vehicle_idling,32.6,34.19,0.41,0.43,1.58,2443
datased:monophonic:002443,S-0417,DataSED - DataSED - Dataset for Sound Event Detection of environmental noise/SED_wav/S-0417.wav,monophonic,Vehicle pass-by,vehicle_pass_by,34.28,37.79,0.43,0.48,3.5,2444
datased:monophonic:002444,S-0417,DataSED - DataSED - Dataset for Sound Event Detection of environmental noise/SED_wav/S-0417.wav,monophonic,Vehicle idling,vehicle_idling,37.88,40.52,0.48,0.51,2.64,2445
datased:monophonic:002445,S-0417,DataSED - DataSED - Dataset for Sound Event Detection of environmental noise/SED_wav/S-0417.wav,monophonic,Vehicle pass-by,vehicle_pass_by,40.56,45.71,0.51,0.58,5.15,2446
datased:monophonic:002446,S-0417,DataSED - DataSED - Dataset for Sound Event Detection of environmental noise/SED_wav/S-0417.wav,monophonic,Vehicle idling,vehicle_idling,45.8,64.81,0.58,0.82,19.01,2447
datased:monophonic:002447,S-0417,DataSED - DataSED - Dataset for Sound Event Detection of environmental noise/SED_wav/S-0417.wav,monophonic,Jet aircrafts,jet_aircrafts,65.15,71.82,0.82,0.91,6.67,2448
datased:monophonic:002448,S-0417,DataSED - DataSED - Dataset for Sound Event Detection of environmental noise/SED_wav/S-0417.wav,monophonic,Vehicle pass-by,vehicle_pass_by,71.95,78.21,0.91,0.99,6.26,2449
datased:monophonic:002449,S-0418,DataSED - DataSED - Dataset for Sound Event Detection of environmental noise/SED_wav/S-0418.wav,monophonic,Jet aircrafts,jet_aircrafts,0.99,47.54,0.01,0.4,46.55,2450
datased:monophonic:002450,S-0418,DataSED - DataSED - Dataset for Sound Event Detection of environmental noise/SED_wav/S-0418.wav,monophonic,Vehicle idling,vehicle_idling,47.83,49.91,0.4,0.42,2.09,2451
datased:monophonic:002451,S-0418,DataSED - DataSED - Dataset for Sound Event Detection of environmental noise/SED_wav/S-0418.wav,monophonic,Vehicle pass-by,vehicle_pass_by,49.99,52.35,0.42,0.44,2.36,2452
datased:monophonic:002452,S-0418,DataSED - DataSED - Dataset for Sound Event Detection of environmental noise/SED_wav/S-0418.wav,monophonic,Birds,birds,52.51,54.72,0.44,0.46,2.22,2453
datased:monophonic:002453,S-0418,DataSED - DataSED - Dataset for Sound Event Detection of environmental noise/SED_wav/S-0418.wav,monophonic,Vehicle pass-by,vehicle_pass_by,55.46,59.06,0.47,0.5,3.6,2454
datased:monophonic:002454,S-0418,DataSED - DataSED - Dataset for Sound Event Detection of environmental noise/SED_wav/S-0418.wav,monophonic,Vehicle idling,vehicle_idling,59.35,61.15,0.5,0.51,1.8,2455
datased:monophonic:002455,S-0418,DataSED - DataSED - Dataset for Sound Event Detection of environmental noise/SED_wav/S-0418.wav,monophonic,Vehicle pass-by,vehicle_pass_by,61.51,76.12,0.52,0.64,14.62,2456
datased:monophonic:002456,S-0418,DataSED - DataSED - Dataset for Sound Event Detection of environmental noise/SED_wav/S-0418.wav,monophonic,Birds,birds,76.63,102.12,0.64,0.86,25.49,2457
datased:monophonic:002457,S-0418,DataSED - DataSED - Dataset for Sound Event Detection of environmental noise/SED_wav/S-0418.wav,monophonic,Vehicle pass-by,vehicle_pass_by,102.69,110.52,0.86,0.93,7.83,2458
datased:monophonic:002458,S-0418,DataSED - DataSED - Dataset for Sound Event Detection of environmental noise/SED_wav/S-0418.wav,monophonic,Vehicle idling,vehicle_idling,110.61,114.57,0.93,0.96,3.96,2459
datased:monophonic:002459,S-0418,DataSED - DataSED - Dataset for Sound Event Detection of environmental noise/SED_wav/S-0418.wav,monophonic,Birds,birds,114.93,116.59,0.97,0.98,1.65,2460
datased:monophonic:002460,S-0418,DataSED - DataSED - Dataset for Sound Event Detection of environmental noise/SED_wav/S-0418.wav,monophonic,Vehicle idling,vehicle_idling,116.59,118.97,0.98,1.0,2.38,2461
datased:monophonic:002461,S-0419,DataSED - DataSED - Dataset for Sound Event Detection of environmental noise/SED_wav/S-0419.wav,monophonic,Vehicle idling,vehicle_idling,0.0,5.92,0.0,0.04,5.92,2462
datased:monophonic:002462,S-0419,DataSED - DataSED - Dataset for Sound Event Detection of environmental noise/SED_wav/S-0419.wav,monophonic,Vehicle pass-by,vehicle_pass_by,5.92,25.29,0.04,0.17,19.37,2463
datased:monophonic:002463,S-0419,DataSED - DataSED - Dataset for Sound Event Detection of environmental noise/SED_wav/S-0419.wav,monophonic,Vehicle idling,vehicle_idling,25.84,31.38,0.17,0.21,5.53,2464
datased:monophonic:002464,S-0419,DataSED - DataSED - Dataset for Sound Event Detection of environmental noise/SED_wav/S-0419.wav,monophonic,Vehicle idling,vehicle_idling,31.75,34.97,0.21,0.23,3.23,2465
datased:monophonic:002465,S-0419,DataSED - DataSED - Dataset for Sound Event Detection of environmental noise/SED_wav/S-0419.wav,monophonic,Vehicle idling,vehicle_idling,35.43,48.62,0.23,0.32,13.19,2466
datased:monophonic:002466,S-0419,DataSED - DataSED - Dataset for Sound Event Detection of environmental noise/SED_wav/S-0419.wav,monophonic,Vehicle pass-by,vehicle_pass_by,48.9,67.49,0.32,0.44,18.59,2467
datased:monophonic:002467,S-0419,DataSED - DataSED - Dataset for Sound Event Detection of environmental noise/SED_wav/S-0419.wav,monophonic,Vehicle idling,vehicle_idling,67.9,74.45,0.45,0.49,6.55,2468
datased:monophonic:002468,S-0419,DataSED - DataSED - Dataset for Sound Event Detection of environmental noise/SED_wav/S-0419.wav,monophonic,Vehicle pass-by,vehicle_pass_by,74.69,85.79,0.49,0.56,11.1,2469
datased:monophonic:002469,S-0419,DataSED - DataSED - Dataset for Sound Event Detection of environmental noise/SED_wav/S-0419.wav,monophonic,Vehicle idling,vehicle_idling,85.79,90.49,0.56,0.59,4.7,2470
datased:monophonic:002470,S-0419,DataSED - DataSED - Dataset for Sound Event Detection of environmental noise/SED_wav/S-0419.wav,monophonic,Vehicle pass-by,vehicle_pass_by,90.77,96.0,0.6,0.63,5.23,2471
datased:monophonic:002471,S-0419,DataSED - DataSED - Dataset for Sound Event Detection of environmental noise/SED_wav/S-0419.wav,monophonic,Jet aircrafts,jet_aircrafts,96.02,130.28,0.63,0.86,34.26,2472
datased:monophonic:002472,S-0419,DataSED - DataSED - Dataset for Sound Event Detection of environmental noise/SED_wav/S-0419.wav,monophonic,Vehicle pass-by,vehicle_pass_by,130.89,137.44,0.86,0.9,6.55,2473
datased:monophonic:002473,S-0419,DataSED - DataSED - Dataset for Sound Event Detection of environmental noise/SED_wav/S-0419.wav,monophonic,Vehicle idling,vehicle_idling,142.05,144.45,0.93,0.95,2.4,2474
datased:monophonic:002474,S-0419,DataSED - DataSED - Dataset for Sound Event Detection of environmental noise/SED_wav/S-0419.wav,monophonic,Vehicle pass-by,vehicle_pass_by,144.63,148.87,0.95,0.98,4.24,2475
datased:monophonic:002475,S-0419,DataSED - DataSED - Dataset for Sound Event Detection of environmental noise/SED_wav/S-0419.wav,monophonic,Vehicle idling,vehicle_idling,149.15,152.38,0.98,1.0,3.23,2476
datased:monophonic:002476,S-0420,DataSED - DataSED - Dataset for Sound Event Detection of environmental noise/SED_wav/S-0420.wav,monophonic,Jet aircrafts,jet_aircrafts,0.0,48.45,0.0,0.65,48.45,2477
datased:monophonic:002477,S-0420,DataSED - DataSED - Dataset for Sound Event Detection of environmental noise/SED_wav/S-0420.wav,monophonic,Vehicle idling,vehicle_idling,48.49,74.17,0.65,1.0,25.68,2478
datased:monophonic:002478,S-0421,DataSED - DataSED - Dataset for Sound Event Detection of environmental noise/SED_wav/S-0421.wav,monophonic,Vehicle idling,vehicle_idling,0.0,1.2,0.0,0.02,1.2,2479
datased:monophonic:002479,S-0421,DataSED - DataSED - Dataset for Sound Event Detection of environmental noise/SED_wav/S-0421.wav,monophonic,Horn,horn,1.32,1.83,0.02,0.03,0.51,2480
datased:monophonic:002480,S-0421,DataSED - DataSED - Dataset for Sound Event Detection of environmental noise/SED_wav/S-0421.wav,monophonic,Vehicle idling,vehicle_idling,1.84,10.96,0.03,0.18,9.12,2481
datased:monophonic:002481,S-0421,DataSED - DataSED - Dataset for Sound Event Detection of environmental noise/SED_wav/S-0421.wav,monophonic,Jet aircrafts,jet_aircrafts,11.01,40.04,0.18,0.67,29.03,2482
datased:monophonic:002482,S-0421,DataSED - DataSED - Dataset for Sound Event Detection of environmental noise/SED_wav/S-0421.wav,monophonic,Vehicle pass-by,vehicle_pass_by,40.32,47.17,0.67,0.78,6.85,2483
datased:monophonic:002483,S-0422,DataSED - DataSED - Dataset for Sound Event Detection of environmental noise/SED_wav/S-0422.wav,monophonic,Vehicle pass-by,vehicle_pass_by,3.97,4.84,0.03,0.04,0.86,2484
datased:monophonic:002484,S-0422,DataSED - DataSED - Dataset for Sound Event Detection of environmental noise/SED_wav/S-0422.wav,monophonic,Horn,horn,4.84,5.95,0.04,0.05,1.11,2485
datased:monophonic:002485,S-0422,DataSED - DataSED - Dataset for Sound Event Detection of environmental noise/SED_wav/S-0422.wav,monophonic,Vehicle pass-by,vehicle_pass_by,6.01,17.66,0.05,0.14,11.65,2486
datased:monophonic:002486,S-0422,DataSED - DataSED - Dataset for Sound Event Detection of environmental noise/SED_wav/S-0422.wav,monophonic,Vehicle idling,vehicle_idling,18.05,21.96,0.14,0.17,3.91,2487
datased:monophonic:002487,S-0422,DataSED - DataSED - Dataset for Sound Event Detection of environmental noise/SED_wav/S-0422.wav,monophonic,Vehicle pass-by,vehicle_pass_by,22.09,28.66,0.17,0.22,6.57,2488
datased:monophonic:002488,S-0422,DataSED - DataSED - Dataset for Sound Event Detection of environmental noise/SED_wav/S-0422.wav,monophonic,Vehicle idling,vehicle_idling,28.89,36.86,0.22,0.28,7.97,2489
datased:monophonic:002489,S-0422,DataSED - DataSED - Dataset for Sound Event Detection of environmental noise/SED_wav/S-0422.wav,monophonic,Vehicle pass-by,vehicle_pass_by,36.88,48.5,0.28,0.37,11.61,2490
datased:monophonic:002490,S-0422,DataSED - DataSED - Dataset for Sound Event Detection of environmental noise/SED_wav/S-0422.wav,monophonic,Vehicle idling,vehicle_idling,48.59,77.38,0.37,0.59,28.79,2491
datased:monophonic:002491,S-0422,DataSED - DataSED - Dataset for Sound Event Detection of environmental noise/SED_wav/S-0422.wav,monophonic,Vehicle pass-by,vehicle_pass_by,77.39,87.2,0.59,0.67,9.81,2492
datased:monophonic:002492,S-0422,DataSED - DataSED - Dataset for Sound Event Detection of environmental noise/SED_wav/S-0422.wav,monophonic,Vehicle pass-by,vehicle_pass_by,88.78,100.57,0.68,0.77,11.79,2493
datased:monophonic:002493,S-0422,DataSED - DataSED - Dataset for Sound Event Detection of environmental noise/SED_wav/S-0422.wav,monophonic,Jet aircrafts,jet_aircrafts,100.81,110.98,0.77,0.85,10.17,2494
datased:monophonic:002494,S-0422,DataSED - DataSED - Dataset for Sound Event Detection of environmental noise/SED_wav/S-0422.wav,monophonic,Voices,voices,111.11,112.44,0.85,0.86,1.33,2495
datased:monophonic:002495,S-0422,DataSED - DataSED - Dataset for Sound Event Detection of environmental noise/SED_wav/S-0422.wav,monophonic,Jet aircrafts,jet_aircrafts,112.68,115.81,0.86,0.89,3.14,2496
datased:monophonic:002496,S-0422,DataSED - DataSED - Dataset for Sound Event Detection of environmental noise/SED_wav/S-0422.wav,monophonic,Vehicle pass-by,vehicle_pass_by,115.92,121.22,0.89,0.93,5.3,2497
datased:monophonic:002497,S-0422,DataSED - DataSED - Dataset for Sound Event Detection of environmental noise/SED_wav/S-0422.wav,monophonic,Jet aircrafts,jet_aircrafts,121.57,124.18,0.93,0.95,2.61,2498
datased:monophonic:002498,S-0423,DataSED - DataSED - Dataset for Sound Event Detection of environmental noise/SED_wav/S-0423.wav,monophonic,Vacuum cleaner fan and hairdryer,vacuum_cleaner_fan_hairdryer,9.01,31.69,0.06,0.23,22.68,2499
datased:monophonic:002499,S-0423,DataSED - DataSED - Dataset for Sound Event Detection of environmental noise/SED_wav/S-0423.wav,monophonic,Vehicle pass-by,vehicle_pass_by,32.61,35.38,0.23,0.25,2.77,2500
datased:monophonic:002500,S-0423,DataSED - DataSED - Dataset for Sound Event Detection of environmental noise/SED_wav/S-0423.wav,monophonic,Vehicle pass-by,vehicle_pass_by,38.66,47.06,0.28,0.34,8.4,2501
datased:monophonic:002501,S-0423,DataSED - DataSED - Dataset for Sound Event Detection of environmental noise/SED_wav/S-0423.wav,monophonic,Vacuum cleaner fan and hairdryer,vacuum_cleaner_fan_hairdryer,72.77,91.83,0.52,0.66,19.07,2502
datased:monophonic:002502,S-0423,DataSED - DataSED - Dataset for Sound Event Detection of environmental noise/SED_wav/S-0423.wav,monophonic,Vehicle pass-by,vehicle_pass_by,91.88,98.39,0.66,0.71,6.51,2503
datased:monophonic:002503,S-0423,DataSED - DataSED - Dataset for Sound Event Detection of environmental noise/SED_wav/S-0423.wav,monophonic,Vehicle pass-by,vehicle_pass_by,115.61,129.47,0.83,0.93,13.86,2504
datased:monophonic:002504,S-0423,DataSED - DataSED - Dataset for Sound Event Detection of environmental noise/SED_wav/S-0423.wav,monophonic,Music,music,130.73,138.79,0.94,1.0,8.06,2505
datased:monophonic:002505,S-0424,DataSED - DataSED - Dataset for Sound Event Detection of environmental noise/SED_wav/S-0424.wav,monophonic,Vacuum cleaner fan and hairdryer,vacuum_cleaner_fan_hairdryer,7.41,16.33,0.06,0.13,8.92,2506
datased:monophonic:002506,S-0424,DataSED - DataSED - Dataset for Sound Event Detection of environmental noise/SED_wav/S-0424.wav,monophonic,Vehicle pass-by,vehicle_pass_by,16.37,20.06,0.13,0.16,3.69,2507
datased:monophonic:002507,S-0424,DataSED - DataSED - Dataset for Sound Event Detection of environmental noise/SED_wav/S-0424.wav,monophonic,Vehicle pass-by,vehicle_pass_by,23.57,32.37,0.19,0.26,8.8,2508
datased:monophonic:002508,S-0424,DataSED - DataSED - Dataset for Sound Event Detection of environmental noise/SED_wav/S-0424.wav,monophonic,Vacuum cleaner fan and hairdryer,vacuum_cleaner_fan_hairdryer,32.41,52.23,0.26,0.41,19.82,2509
datased:monophonic:002509,S-0424,DataSED - DataSED - Dataset for Sound Event Detection of environmental noise/SED_wav/S-0424.wav,monophonic,Vehicle pass-by,vehicle_pass_by,52.46,57.19,0.42,0.45,4.73,2510
datased:monophonic:002510,S-0424,DataSED - DataSED - Dataset for Sound Event Detection of environmental noise/SED_wav/S-0424.wav,monophonic,Vacuum cleaner fan and hairdryer,vacuum_cleaner_fan_hairdryer,61.91,81.04,0.49,0.64,19.13,2511
datased:monophonic:002511,S-0424,DataSED - DataSED - Dataset for Sound Event Detection of environmental noise/SED_wav/S-0424.wav,monophonic,Vehicle pass-by,vehicle_pass_by,103.53,114.2,0.82,0.91,10.67,2512
datased:monophonic:002512,S-0425,DataSED - DataSED - Dataset for Sound Event Detection of environmental noise/SED_wav/S-0425.wav,monophonic,Vacuum cleaner fan and hairdryer,vacuum_cleaner_fan_hairdryer,13.35,40.12,0.07,0.22,26.77,2513
datased:monophonic:002513,S-0425,DataSED - DataSED - Dataset for Sound Event Detection of environmental noise/SED_wav/S-0425.wav,monophonic,Music,music,46.51,104.3,0.25,0.56,57.8,2514
datased:monophonic:002514,S-0425,DataSED - DataSED - Dataset for Sound Event Detection of environmental noise/SED_wav/S-0425.wav,monophonic,Music,music,109.01,111.04,0.59,0.6,2.03,2515
datased:monophonic:002515,S-0425,DataSED - DataSED - Dataset for Sound Event Detection of environmental noise/SED_wav/S-0425.wav,monophonic,Vehicle pass-by,vehicle_pass_by,111.36,126.37,0.6,0.68,15.01,2516
datased:monophonic:002516,S-0425,DataSED - DataSED - Dataset for Sound Event Detection of environmental noise/SED_wav/S-0425.wav,monophonic,Music,music,127.37,162.85,0.69,0.88,35.48,2517
datased:monophonic:002517,S-0425,DataSED - DataSED - Dataset for Sound Event Detection of environmental noise/SED_wav/S-0425.wav,monophonic,Vehicle pass-by,vehicle_pass_by,162.94,168.09,0.88,0.91,5.16,2518
datased:monophonic:002518,S-0425,DataSED - DataSED - Dataset for Sound Event Detection of environmental noise/SED_wav/S-0425.wav,monophonic,Music,music,168.4,178.67,0.91,0.97,10.27,2519
datased:monophonic:002519,S-0426,DataSED - DataSED - Dataset for Sound Event Detection of environmental noise/SED_wav/S-0426.wav,monophonic,Vehicle pass-by,vehicle_pass_by,17.01,26.99,0.11,0.18,9.99,2520
datased:monophonic:002520,S-0426,DataSED - DataSED - Dataset for Sound Event Detection of environmental noise/SED_wav/S-0426.wav,monophonic,Music,music,31.75,57.33,0.21,0.37,25.57,2521
datased:monophonic:002521,S-0426,DataSED - DataSED - Dataset for Sound Event Detection of environmental noise/SED_wav/S-0426.wav,monophonic,Vehicle pass-by,vehicle_pass_by,83.74,92.52,0.54,0.6,8.77,2522
datased:monophonic:002522,S-0426,DataSED - DataSED - Dataset for Sound Event Detection of environmental noise/SED_wav/S-0426.wav,monophonic,Music,music,102.23,132.19,0.66,0.86,29.96,2523
datased:monophonic:002523,S-0426,DataSED - DataSED - Dataset for Sound Event Detection of environmental noise/SED_wav/S-0426.wav,monophonic,Vacuum cleaner fan and hairdryer,vacuum_cleaner_fan_hairdryer,133.21,153.84,0.86,1.0,20.63,2524
datased:monophonic:002524,S-0427,DataSED - DataSED - Dataset for Sound Event Detection of environmental noise/SED_wav/S-0427.wav,monophonic,Vacuum cleaner fan and hairdryer,vacuum_cleaner_fan_hairdryer,4.13,19.39,0.04,0.2,15.25,2525
datased:monophonic:002525,S-0427,DataSED - DataSED - Dataset for Sound Event Detection of environmental noise/SED_wav/S-0427.wav,monophonic,Vacuum cleaner fan and hairdryer,vacuum_cleaner_fan_hairdryer,22.34,34.88,0.23,0.36,12.54,2526
datased:monophonic:002526,S-0427,DataSED - DataSED - Dataset for Sound Event Detection of environmental noise/SED_wav/S-0427.wav,monophonic,Vehicle pass-by,vehicle_pass_by,34.99,38.99,0.37,0.41,4.0,2527
datased:monophonic:002527,S-0427,DataSED - DataSED - Dataset for Sound Event Detection of environmental noise/SED_wav/S-0427.wav,monophonic,Music,music,42.41,48.5,0.44,0.51,6.09,2528
datased:monophonic:002528,S-0427,DataSED - DataSED - Dataset for Sound Event Detection of environmental noise/SED_wav/S-0427.wav,monophonic,Vehicle pass-by,vehicle_pass_by,54.3,58.77,0.57,0.61,4.47,2529
datased:monophonic:002529,S-0427,DataSED - DataSED - Dataset for Sound Event Detection of environmental noise/SED_wav/S-0427.wav,monophonic,Vehicle pass-by,vehicle_pass_by,74.78,87.4,0.78,0.91,12.62,2530
datased:monophonic:002530,S-0427,DataSED - DataSED - Dataset for Sound Event Detection of environmental noise/SED_wav/S-0427.wav,monophonic,Vehicle idling,vehicle_idling,87.48,95.02,0.91,0.99,7.54,2531
datased:monophonic:002531,S-0428,DataSED - DataSED - Dataset for Sound Event Detection of environmental noise/SED_wav/S-0428.wav,monophonic,Vehicle pass-by,vehicle_pass_by,4.84,18.39,0.03,0.13,13.55,2532
datased:monophonic:002532,S-0428,DataSED - DataSED - Dataset for Sound Event Detection of environmental noise/SED_wav/S-0428.wav,monophonic,Vacuum cleaner fan and hairdryer,vacuum_cleaner_fan_hairdryer,23.73,55.39,0.17,0.4,31.67,2533
datased:monophonic:002533,S-0428,DataSED - DataSED - Dataset for Sound Event Detection of environmental noise/SED_wav/S-0428.wav,monophonic,Vehicle pass-by,vehicle_pass_by,101.71,104.92,0.73,0.75,3.21,2534
datased:monophonic:002534,S-0428,DataSED - DataSED - Dataset for Sound Event Detection of environmental noise/SED_wav/S-0428.wav,monophonic,Vacuum cleaner fan and hairdryer,vacuum_cleaner_fan_hairdryer,105.52,108.57,0.75,0.78,3.05,2535
datased:monophonic:002535,S-0428,DataSED - DataSED - Dataset for Sound Event Detection of environmental noise/SED_wav/S-0428.wav,monophonic,Vehicle pass-by,vehicle_pass_by,109.12,116.95,0.78,0.84,7.83,2536
datased:monophonic:002536,S-0428,DataSED - DataSED - Dataset for Sound Event Detection of environmental noise/SED_wav/S-0428.wav,monophonic,Vacuum cleaner fan and hairdryer,vacuum_cleaner_fan_hairdryer,121.18,135.58,0.87,0.97,14.39,2537
datased:monophonic:002537,S-0429,DataSED - DataSED - Dataset for Sound Event Detection of environmental noise/SED_wav/S-0429.wav,monophonic,Vehicle idling,vehicle_idling,8.02,29.27,0.15,0.55,21.26,2538
datased:monophonic:002538,S-0429,DataSED - DataSED - Dataset for Sound Event Detection of environmental noise/SED_wav/S-0429.wav,monophonic,Vehicle idling,vehicle_idling,31.77,37.94,0.59,0.71,6.16,2539
datased:monophonic:002539,S-0429,DataSED - DataSED - Dataset for Sound Event Detection of environmental noise/SED_wav/S-0429.wav,monophonic,Vehicle pass-by,vehicle_pass_by,38.88,47.05,0.73,0.88,8.18,2540
datased:monophonic:002540,S-0430,DataSED - DataSED - Dataset for Sound Event Detection of environmental noise/SED_wav/S-0430.wav,monophonic,Voices,voices,2.8,6.15,0.01,0.03,3.35,2541
datased:monophonic:002541,S-0430,DataSED - DataSED - Dataset for Sound Event Detection of environmental noise/SED_wav/S-0430.wav,monophonic,Workshop,workshop,6.5,31.36,0.03,0.16,24.86,2542
datased:monophonic:002542,S-0430,DataSED - DataSED - Dataset for Sound Event Detection of environmental noise/SED_wav/S-0430.wav,monophonic,Voices,voices,33.1,50.23,0.17,0.26,17.13,2543
datased:monophonic:002543,S-0430,DataSED - DataSED - Dataset for Sound Event Detection of environmental noise/SED_wav/S-0430.wav,monophonic,Workshop,workshop,50.33,72.88,0.26,0.38,22.55,2544
datased:monophonic:002544,S-0430,DataSED - DataSED - Dataset for Sound Event Detection of environmental noise/SED_wav/S-0430.wav,monophonic,Voices,voices,73.23,101.21,0.38,0.53,27.99,2545
datased:monophonic:002545,S-0430,DataSED - DataSED - Dataset for Sound Event Detection of environmental noise/SED_wav/S-0430.wav,monophonic,Workshop,workshop,101.68,124.11,0.53,0.65,22.44,2546
datased:monophonic:002546,S-0430,DataSED - DataSED - Dataset for Sound Event Detection of environmental noise/SED_wav/S-0430.wav,monophonic,Voices,voices,124.57,128.16,0.65,0.67,3.59,2547
datased:monophonic:002547,S-0430,DataSED - DataSED - Dataset for Sound Event Detection of environmental noise/SED_wav/S-0430.wav,monophonic,Workshop,workshop,128.27,149.32,0.67,0.78,21.05,2548
datased:monophonic:002548,S-0430,DataSED - DataSED - Dataset for Sound Event Detection of environmental noise/SED_wav/S-0430.wav,monophonic,Voices,voices,149.42,164.32,0.78,0.86,14.9,2549
datased:monophonic:002549,S-0430,DataSED - DataSED - Dataset for Sound Event Detection of environmental noise/SED_wav/S-0430.wav,monophonic,Workshop,workshop,164.7,184.48,0.86,0.97,19.78,2550
datased:monophonic:002550,S-0430,DataSED - DataSED - Dataset for Sound Event Detection of environmental noise/SED_wav/S-0430.wav,monophonic,Voices,voices,184.94,191.07,0.97,1.0,6.13,2551
datased:monophonic:002551,S-0431,DataSED - DataSED - Dataset for Sound Event Detection of environmental noise/SED_wav/S-0431.wav,monophonic,Workshop,workshop,0.0,3.53,0.0,0.07,3.53,2552
datased:monophonic:002552,S-0431,DataSED - DataSED - Dataset for Sound Event Detection of environmental noise/SED_wav/S-0431.wav,monophonic,Workshop,workshop,4.39,5.47,0.09,0.11,1.07,2553
datased:monophonic:002553,S-0431,DataSED - DataSED - Dataset for Sound Event Detection of environmental noise/SED_wav/S-0431.wav,monophonic,Workshop,workshop,5.56,7.46,0.11,0.15,1.9,2554
datased:monophonic:002554,S-0431,DataSED - DataSED - Dataset for Sound Event Detection of environmental noise/SED_wav/S-0431.wav,monophonic,Workshop,workshop,7.77,14.05,0.15,0.28,6.29,2555
datased:monophonic:002555,S-0431,DataSED - DataSED - Dataset for Sound Event Detection of environmental noise/SED_wav/S-0431.wav,monophonic,Workshop,workshop,14.08,16.35,0.28,0.32,2.27,2556
datased:monophonic:002556,S-0431,DataSED - DataSED - Dataset for Sound Event Detection of environmental noise/SED_wav/S-0431.wav,monophonic,Workshop,workshop,17.06,18.8,0.34,0.37,1.74,2557
datased:monophonic:002557,S-0431,DataSED - DataSED - Dataset for Sound Event Detection of environmental noise/SED_wav/S-0431.wav,monophonic,Workshop,workshop,18.84,20.71,0.37,0.41,1.87,2558
datased:monophonic:002558,S-0431,DataSED - DataSED - Dataset for Sound Event Detection of environmental noise/SED_wav/S-0431.wav,monophonic,Workshop,workshop,21.38,23.71,0.42,0.47,2.33,2559
datased:monophonic:002559,S-0431,DataSED - DataSED - Dataset for Sound Event Detection of environmental noise/SED_wav/S-0431.wav,monophonic,Workshop,workshop,25.09,31.93,0.5,0.63,6.84,2560
datased:monophonic:002560,S-0431,DataSED - DataSED - Dataset for Sound Event Detection of environmental noise/SED_wav/S-0431.wav,monophonic,Vehicle idling,vehicle_idling,35.77,50.55,0.71,1.0,14.78,2561
datased:monophonic:002561,S-0432,DataSED - DataSED - Dataset for Sound Event Detection of environmental noise/SED_wav/S-0432.wav,monophonic,Workshop,workshop,0.0,10.03,0.0,0.25,10.03,2562
datased:monophonic:002562,S-0432,DataSED - DataSED - Dataset for Sound Event Detection of environmental noise/SED_wav/S-0432.wav,monophonic,Workshop,workshop,14.72,25.85,0.37,0.65,11.13,2563
datased:monophonic:002563,S-0432,DataSED - DataSED - Dataset for Sound Event Detection of environmental noise/SED_wav/S-0432.wav,monophonic,Workshop,workshop,30.49,38.88,0.77,0.98,8.39,2564
datased:monophonic:002564,S-0433,DataSED - DataSED - Dataset for Sound Event Detection of environmental noise/SED_wav/S-0433.wav,monophonic,Vacuum cleaner fan and hairdryer,vacuum_cleaner_fan_hairdryer,2.67,21.77,0.01,0.11,19.11,2565
datased:monophonic:002565,S-0433,DataSED - DataSED - Dataset for Sound Event Detection of environmental noise/SED_wav/S-0433.wav,monophonic,Vacuum cleaner fan and hairdryer,vacuum_cleaner_fan_hairdryer,25.74,46.77,0.13,0.24,21.03,2566
datased:monophonic:002566,S-0433,DataSED - DataSED - Dataset for Sound Event Detection of environmental noise/SED_wav/S-0433.wav,monophonic,Vacuum cleaner fan and hairdryer,vacuum_cleaner_fan_hairdryer,51.1,62.63,0.26,0.32,11.54,2567
datased:monophonic:002567,S-0433,DataSED - DataSED - Dataset for Sound Event Detection of environmental noise/SED_wav/S-0433.wav,monophonic,Vacuum cleaner fan and hairdryer,vacuum_cleaner_fan_hairdryer,67.08,83.06,0.34,0.42,15.98,2568
datased:monophonic:002568,S-0434,DataSED - DataSED - Dataset for Sound Event Detection of environmental noise/SED_wav/S-0434.wav,monophonic,Vacuum cleaner fan and hairdryer,vacuum_cleaner_fan_hairdryer,2.22,44.17,0.02,0.39,41.96,2569
datased:monophonic:002569,S-0434,DataSED - DataSED - Dataset for Sound Event Detection of environmental noise/SED_wav/S-0434.wav,monophonic,Vacuum cleaner fan and hairdryer,vacuum_cleaner_fan_hairdryer,48.1,77.52,0.42,0.68,29.42,2570
datased:monophonic:002570,S-0434,DataSED - DataSED - Dataset for Sound Event Detection of environmental noise/SED_wav/S-0434.wav,monophonic,Vacuum cleaner fan and hairdryer,vacuum_cleaner_fan_hairdryer,82.27,111.62,0.72,0.98,29.35,2571
datased:monophonic:002571,S-0435,DataSED - DataSED - Dataset for Sound Event Detection of environmental noise/SED_wav/S-0435.wav,monophonic,Vacuum cleaner fan and hairdryer,vacuum_cleaner_fan_hairdryer,0.61,11.23,0.05,0.92,10.62,2572
datased:monophonic:002572,S-0436,DataSED - DataSED - Dataset for Sound Event Detection of environmental noise/SED_wav/S-0436.wav,monophonic,Vacuum cleaner fan and hairdryer,vacuum_cleaner_fan_hairdryer,2.62,15.21,0.03,0.19,12.58,2573
datased:monophonic:002573,S-0436,DataSED - DataSED - Dataset for Sound Event Detection of environmental noise/SED_wav/S-0436.wav,monophonic,Vacuum cleaner fan and hairdryer,vacuum_cleaner_fan_hairdryer,19.8,30.26,0.25,0.38,10.45,2574
datased:monophonic:002574,S-0436,DataSED - DataSED - Dataset for Sound Event Detection of environmental noise/SED_wav/S-0436.wav,monophonic,Vacuum cleaner fan and hairdryer,vacuum_cleaner_fan_hairdryer,35.05,60.27,0.44,0.75,25.22,2575
datased:monophonic:002575,S-0436,DataSED - DataSED - Dataset for Sound Event Detection of environmental noise/SED_wav/S-0436.wav,monophonic,Vacuum cleaner fan and hairdryer,vacuum_cleaner_fan_hairdryer,65.1,78.17,0.81,0.98,13.07,2576
datased:monophonic:002576,S-0437,DataSED - DataSED - Dataset for Sound Event Detection of environmental noise/SED_wav/S-0437.wav,monophonic,Vacuum cleaner fan and hairdryer,vacuum_cleaner_fan_hairdryer,1.14,20.52,0.01,0.17,19.38,2577
datased:monophonic:002577,S-0437,DataSED - DataSED - Dataset for Sound Event Detection of environmental noise/SED_wav/S-0437.wav,monophonic,Vacuum cleaner fan and hairdryer,vacuum_cleaner_fan_hairdryer,25.1,40.2,0.2,0.32,15.1,2578
datased:monophonic:002578,S-0437,DataSED - DataSED - Dataset for Sound Event Detection of environmental noise/SED_wav/S-0437.wav,monophonic,Vacuum cleaner fan and hairdryer,vacuum_cleaner_fan_hairdryer,44.86,65.74,0.36,0.53,20.88,2579
datased:monophonic:002579,S-0437,DataSED - DataSED - Dataset for Sound Event Detection of environmental noise/SED_wav/S-0437.wav,monophonic,Vacuum cleaner fan and hairdryer,vacuum_cleaner_fan_hairdryer,70.4,87.53,0.57,0.71,17.13,2580
datased:monophonic:002580,S-0437,DataSED - DataSED - Dataset for Sound Event Detection of environmental noise/SED_wav/S-0437.wav,monophonic,Vacuum cleaner fan and hairdryer,vacuum_cleaner_fan_hairdryer,92.18,121.78,0.74,0.98,29.6,2581
datased:monophonic:002581,S-0438,DataSED - DataSED - Dataset for Sound Event Detection of environmental noise/SED_wav/S-0438.wav,monophonic,Vacuum cleaner fan and hairdryer,vacuum_cleaner_fan_hairdryer,0.43,10.17,0.04,0.86,9.74,2582
datased:monophonic:002582,S-0439,DataSED - DataSED - Dataset for Sound Event Detection of environmental noise/SED_wav/S-0439.wav,monophonic,Vacuum cleaner fan and hairdryer,vacuum_cleaner_fan_hairdryer,2.41,23.32,0.03,0.27,20.92,2583
datased:monophonic:002583,S-0439,DataSED - DataSED - Dataset for Sound Event Detection of environmental noise/SED_wav/S-0439.wav,monophonic,Vacuum cleaner fan and hairdryer,vacuum_cleaner_fan_hairdryer,27.0,48.29,0.31,0.55,21.29,2584
datased:monophonic:002584,S-0439,DataSED - DataSED - Dataset for Sound Event Detection of environmental noise/SED_wav/S-0439.wav,monophonic,Vacuum cleaner fan and hairdryer,vacuum_cleaner_fan_hairdryer,52.17,68.99,0.59,0.78,16.82,2585
datased:monophonic:002585,S-0439,DataSED - DataSED - Dataset for Sound Event Detection of environmental noise/SED_wav/S-0439.wav,monophonic,Vacuum cleaner fan and hairdryer,vacuum_cleaner_fan_hairdryer,73.62,84.16,0.84,0.96,10.54,2586
datased:monophonic:002586,S-0440,DataSED - DataSED - Dataset for Sound Event Detection of environmental noise/SED_wav/S-0440.wav,monophonic,Vacuum cleaner fan and hairdryer,vacuum_cleaner_fan_hairdryer,1.43,20.16,0.01,0.18,18.73,2587
datased:monophonic:002587,S-0440,DataSED - DataSED - Dataset for Sound Event Detection of environmental noise/SED_wav/S-0440.wav,monophonic,Vacuum cleaner fan and hairdryer,vacuum_cleaner_fan_hairdryer,22.86,45.04,0.2,0.4,22.17,2588
datased:monophonic:002588,S-0440,DataSED - DataSED - Dataset for Sound Event Detection of environmental noise/SED_wav/S-0440.wav,monophonic,Vacuum cleaner fan and hairdryer,vacuum_cleaner_fan_hairdryer,47.88,68.36,0.43,0.61,20.48,2589
datased:monophonic:002589,S-0440,DataSED - DataSED - Dataset for Sound Event Detection of environmental noise/SED_wav/S-0440.wav,monophonic,Vacuum cleaner fan and hairdryer,vacuum_cleaner_fan_hairdryer,70.93,89.45,0.64,0.8,18.52,2590
datased:monophonic:002590,S-0440,DataSED - DataSED - Dataset for Sound Event Detection of environmental noise/SED_wav/S-0440.wav,monophonic,Vacuum cleaner fan and hairdryer,vacuum_cleaner_fan_hairdryer,92.16,110.34,0.83,0.99,18.18,2591
datased:monophonic:002591,S-0441,DataSED - DataSED - Dataset for Sound Event Detection of environmental noise/SED_wav/S-0441.wav,monophonic,Vacuum cleaner fan and hairdryer,vacuum_cleaner_fan_hairdryer,0.38,5.14,0.05,0.66,4.76,2592
datased:monophonic:002592,S-0442,DataSED - DataSED - Dataset for Sound Event Detection of environmental noise/SED_wav/S-0442.wav,monophonic,Vacuum cleaner fan and hairdryer,vacuum_cleaner_fan_hairdryer,0.42,5.92,0.06,0.87,5.5,2593
datased:monophonic:002593,S-0443,DataSED - DataSED - Dataset for Sound Event Detection of environmental noise/SED_wav/S-0443.wav,monophonic,Workshop,workshop,2.8,23.78,0.02,0.21,20.98,2594
datased:monophonic:002594,S-0443,DataSED - DataSED - Dataset for Sound Event Detection of environmental noise/SED_wav/S-0443.wav,monophonic,Workshop,workshop,28.4,42.86,0.25,0.38,14.46,2595
datased:monophonic:002595,S-0443,DataSED - DataSED - Dataset for Sound Event Detection of environmental noise/SED_wav/S-0443.wav,monophonic,Workshop,workshop,47.68,65.6,0.43,0.58,17.93,2596
datased:monophonic:002596,S-0443,DataSED - DataSED - Dataset for Sound Event Detection of environmental noise/SED_wav/S-0443.wav,monophonic,Workshop,workshop,70.29,87.4,0.63,0.78,17.11,2597
datased:monophonic:002597,S-0443,DataSED - DataSED - Dataset for Sound Event Detection of environmental noise/SED_wav/S-0443.wav,monophonic,Workshop,workshop,92.02,109.94,0.82,0.98,17.93,2598
datased:monophonic:002598,S-0444,DataSED - DataSED - Dataset for Sound Event Detection of environmental noise/SED_wav/S-0444.wav,monophonic,Workshop,workshop,1.78,15.78,0.01,0.11,14.0,2599
datased:monophonic:002599,S-0444,DataSED - DataSED - Dataset for Sound Event Detection of environmental noise/SED_wav/S-0444.wav,monophonic,Workshop,workshop,19.97,40.09,0.14,0.29,20.12,2600
datased:monophonic:002600,S-0444,DataSED - DataSED - Dataset for Sound Event Detection of environmental noise/SED_wav/S-0444.wav,monophonic,Workshop,workshop,44.79,59.54,0.32,0.43,14.76,2601
datased:monophonic:002601,S-0444,DataSED - DataSED - Dataset for Sound Event Detection of environmental noise/SED_wav/S-0444.wav,monophonic,Workshop,workshop,64.49,84.86,0.47,0.61,20.37,2602
datased:monophonic:002602,S-0444,DataSED - DataSED - Dataset for Sound Event Detection of environmental noise/SED_wav/S-0444.wav,monophonic,Workshop,workshop,89.47,102.88,0.65,0.74,13.41,2603
datased:monophonic:002603,S-0444,DataSED - DataSED - Dataset for Sound Event Detection of environmental noise/SED_wav/S-0444.wav,monophonic,Workshop,workshop,107.58,119.48,0.78,0.86,11.9,2604
datased:monophonic:002604,S-0444,DataSED - DataSED - Dataset for Sound Event Detection of environmental noise/SED_wav/S-0444.wav,monophonic,Workshop,workshop,124.09,136.5,0.9,0.99,12.41,2605
datased:monophonic:002605,S-0445,DataSED - DataSED - Dataset for Sound Event Detection of environmental noise/SED_wav/S-0445.wav,monophonic,Workshop,workshop,2.69,19.75,0.02,0.16,17.07,2606
datased:monophonic:002606,S-0445,DataSED - DataSED - Dataset for Sound Event Detection of environmental noise/SED_wav/S-0445.wav,monophonic,Workshop,workshop,24.28,38.16,0.2,0.31,13.88,2607
datased:monophonic:002607,S-0445,DataSED - DataSED - Dataset for Sound Event Detection of environmental noise/SED_wav/S-0445.wav,monophonic,Workshop,workshop,42.91,52.41,0.35,0.43,9.5,2608
datased:monophonic:002608,S-0445,DataSED - DataSED - Dataset for Sound Event Detection of environmental noise/SED_wav/S-0445.wav,monophonic,Workshop,workshop,57.01,72.0,0.46,0.59,14.99,2609
datased:monophonic:002609,S-0445,DataSED - DataSED - Dataset for Sound Event Detection of environmental noise/SED_wav/S-0445.wav,monophonic,Workshop,workshop,76.45,90.33,0.62,0.74,13.88,2610
datased:monophonic:002610,S-0445,DataSED - DataSED - Dataset for Sound Event Detection of environmental noise/SED_wav/S-0445.wav,monophonic,Workshop,workshop,94.7,106.65,0.77,0.87,11.95,2611
datased:monophonic:002611,S-0445,DataSED - DataSED - Dataset for Sound Event Detection of environmental noise/SED_wav/S-0445.wav,monophonic,Workshop,workshop,111.33,120.45,0.91,0.98,9.13,2612
datased:monophonic:002612,S-0446,DataSED - DataSED - Dataset for Sound Event Detection of environmental noise/SED_wav/S-0446.wav,monophonic,Workshop,workshop,2.56,20.39,0.03,0.25,17.84,2613
datased:monophonic:002613,S-0446,DataSED - DataSED - Dataset for Sound Event Detection of environmental noise/SED_wav/S-0446.wav,monophonic,Workshop,workshop,25.15,41.41,0.31,0.51,16.27,2614
datased:monophonic:002614,S-0446,DataSED - DataSED - Dataset for Sound Event Detection of environmental noise/SED_wav/S-0446.wav,monophonic,Workshop,workshop,46.26,58.51,0.57,0.72,12.25,2615
datased:monophonic:002615,S-0446,DataSED - DataSED - Dataset for Sound Event Detection of environmental noise/SED_wav/S-0446.wav,monophonic,Workshop,workshop,63.27,75.37,0.78,0.93,12.1,2616
datased:monophonic:002616,S-0447,DataSED - DataSED - Dataset for Sound Event Detection of environmental noise/SED_wav/S-0447.wav,monophonic,Workshop,workshop,6.3,25.4,0.05,0.21,19.09,2617
datased:monophonic:002617,S-0447,DataSED - DataSED - Dataset for Sound Event Detection of environmental noise/SED_wav/S-0447.wav,monophonic,Workshop,workshop,30.11,49.88,0.24,0.4,19.77,2618
datased:monophonic:002618,S-0447,DataSED - DataSED - Dataset for Sound Event Detection of environmental noise/SED_wav/S-0447.wav,monophonic,Workshop,workshop,56.62,84.4,0.46,0.68,27.78,2619
datased:monophonic:002619,S-0447,DataSED - DataSED - Dataset for Sound Event Detection of environmental noise/SED_wav/S-0447.wav,monophonic,Workshop,workshop,89.26,120.41,0.72,0.97,31.15,2620
datased:monophonic:002620,S-0448,DataSED - DataSED - Dataset for Sound Event Detection of environmental noise/SED_wav/S-0448.wav,monophonic,Workshop,workshop,3.37,14.46,0.04,0.16,11.09,2621
datased:monophonic:002621,S-0448,DataSED - DataSED - Dataset for Sound Event Detection of environmental noise/SED_wav/S-0448.wav,monophonic,Workshop,workshop,17.11,33.88,0.19,0.38,16.77,2622
datased:monophonic:002622,S-0448,DataSED - DataSED - Dataset for Sound Event Detection of environmental noise/SED_wav/S-0448.wav,monophonic,Workshop,workshop,35.29,58.77,0.39,0.66,23.48,2623
datased:monophonic:002623,S-0448,DataSED - DataSED - Dataset for Sound Event Detection of environmental noise/SED_wav/S-0448.wav,monophonic,Workshop,workshop,61.75,85.72,0.69,0.96,23.97,2624
datased:monophonic:002624,S-0449,DataSED - DataSED - Dataset for Sound Event Detection of environmental noise/SED_wav/S-0449.wav,monophonic,Workshop,workshop,5.81,25.25,0.06,0.25,19.44,2625
datased:monophonic:002625,S-0449,DataSED - DataSED - Dataset for Sound Event Detection of environmental noise/SED_wav/S-0449.wav,monophonic,Workshop,workshop,30.02,50.06,0.3,0.5,20.04,2626
datased:monophonic:002626,S-0449,DataSED - DataSED - Dataset for Sound Event Detection of environmental noise/SED_wav/S-0449.wav,monophonic,Workshop,workshop,54.71,75.24,0.55,0.75,20.53,2627
datased:monophonic:002627,S-0449,DataSED - DataSED - Dataset for Sound Event Detection of environmental noise/SED_wav/S-0449.wav,monophonic,Workshop,workshop,80.07,98.6,0.8,0.99,18.53,2628
datased:monophonic:002628,S-0450,DataSED - DataSED - Dataset for Sound Event Detection of environmental noise/SED_wav/S-0450.wav,monophonic,Workshop,workshop,3.93,23.96,0.03,0.2,20.02,2629
datased:monophonic:002629,S-0450,DataSED - DataSED - Dataset for Sound Event Detection of environmental noise/SED_wav/S-0450.wav,monophonic,Workshop,workshop,28.82,45.36,0.24,0.38,16.54,2630
datased:monophonic:002630,S-0450,DataSED - DataSED - Dataset for Sound Event Detection of environmental noise/SED_wav/S-0450.wav,monophonic,Workshop,workshop,50.07,70.6,0.42,0.59,20.53,2631
datased:monophonic:002631,S-0450,DataSED - DataSED - Dataset for Sound Event Detection of environmental noise/SED_wav/S-0450.wav,monophonic,Workshop,workshop,75.32,95.63,0.63,0.8,20.31,2632
datased:monophonic:002632,S-0450,DataSED - DataSED - Dataset for Sound Event Detection of environmental noise/SED_wav/S-0450.wav,monophonic,Workshop,workshop,100.28,115.8,0.84,0.97,15.53,2633
datased:monophonic:002633,S-0451,DataSED - DataSED - Dataset for Sound Event Detection of environmental noise/SED_wav/S-0451.wav,monophonic,Workshop,workshop,2.88,22.49,0.03,0.27,19.61,2634
datased:monophonic:002634,S-0451,DataSED - DataSED - Dataset for Sound Event Detection of environmental noise/SED_wav/S-0451.wav,monophonic,Workshop,workshop,27.47,47.44,0.33,0.57,19.97,2635
datased:monophonic:002635,S-0451,DataSED - DataSED - Dataset for Sound Event Detection of environmental noise/SED_wav/S-0451.wav,monophonic,Workshop,workshop,52.16,76.96,0.63,0.93,24.79,2636
datased:monophonic:002636,S-0452,DataSED - DataSED - Dataset for Sound Event Detection of environmental noise/SED_wav/S-0452.wav,monophonic,Workshop,workshop,1.13,22.57,0.01,0.18,21.44,2637
datased:monophonic:002637,S-0452,DataSED - DataSED - Dataset for Sound Event Detection of environmental noise/SED_wav/S-0452.wav,monophonic,Workshop,workshop,27.69,46.9,0.23,0.38,19.21,2638
datased:monophonic:002638,S-0452,DataSED - DataSED - Dataset for Sound Event Detection of environmental noise/SED_wav/S-0452.wav,monophonic,Workshop,workshop,51.79,70.19,0.42,0.57,18.4,2639
datased:monophonic:002639,S-0452,DataSED - DataSED - Dataset for Sound Event Detection of environmental noise/SED_wav/S-0452.wav,monophonic,Workshop,workshop,74.87,95.19,0.61,0.78,20.33,2640
datased:monophonic:002640,S-0452,DataSED - DataSED - Dataset for Sound Event Detection of environmental noise/SED_wav/S-0452.wav,monophonic,Workshop,workshop,100.09,120.41,0.82,0.98,20.33,2641
datased:monophonic:002641,S-0453,DataSED - DataSED - Dataset for Sound Event Detection of environmental noise/SED_wav/S-0453.wav,monophonic,Vacuum cleaner fan and hairdryer,vacuum_cleaner_fan_hairdryer,2.12,15.76,0.02,0.15,13.64,2642
datased:monophonic:002642,S-0453,DataSED - DataSED - Dataset for Sound Event Detection of environmental noise/SED_wav/S-0453.wav,monophonic,Vacuum cleaner fan and hairdryer,vacuum_cleaner_fan_hairdryer,18.3,28.23,0.18,0.28,9.92,2643
datased:monophonic:002643,S-0453,DataSED - DataSED - Dataset for Sound Event Detection of environmental noise/SED_wav/S-0453.wav,monophonic,Vacuum cleaner fan and hairdryer,vacuum_cleaner_fan_hairdryer,30.77,38.02,0.3,0.37,7.25,2644
datased:monophonic:002644,S-0453,DataSED - DataSED - Dataset for Sound Event Detection of environmental noise/SED_wav/S-0453.wav,monophonic,Vacuum cleaner fan and hairdryer,vacuum_cleaner_fan_hairdryer,40.69,54.08,0.4,0.53,13.39,2645
datased:monophonic:002645,S-0453,DataSED - DataSED - Dataset for Sound Event Detection of environmental noise/SED_wav/S-0453.wav,monophonic,Vacuum cleaner fan and hairdryer,vacuum_cleaner_fan_hairdryer,57.06,66.61,0.56,0.65,9.55,2646
datased:monophonic:002646,S-0453,DataSED - DataSED - Dataset for Sound Event Detection of environmental noise/SED_wav/S-0453.wav,monophonic,Vacuum cleaner fan and hairdryer,vacuum_cleaner_fan_hairdryer,69.52,80.19,0.68,0.78,10.67,2647
datased:monophonic:002647,S-0453,DataSED - DataSED - Dataset for Sound Event Detection of environmental noise/SED_wav/S-0453.wav,monophonic,Vacuum cleaner fan and hairdryer,vacuum_cleaner_fan_hairdryer,82.67,96.74,0.81,0.94,14.08,2648
datased:monophonic:002648,S-0454,DataSED - DataSED - Dataset for Sound Event Detection of environmental noise/SED_wav/S-0454.wav,monophonic,Workshop,workshop,3.06,20.32,0.03,0.17,17.26,2649
datased:monophonic:002649,S-0454,DataSED - DataSED - Dataset for Sound Event Detection of environmental noise/SED_wav/S-0454.wav,monophonic,Workshop,workshop,24.96,45.19,0.21,0.38,20.23,2650
datased:monophonic:002650,S-0454,DataSED - DataSED - Dataset for Sound Event Detection of environmental noise/SED_wav/S-0454.wav,monophonic,Workshop,workshop,49.9,70.06,0.42,0.58,20.16,2651
datased:monophonic:002651,S-0454,DataSED - DataSED - Dataset for Sound Event Detection of environmental noise/SED_wav/S-0454.wav,monophonic,Workshop,workshop,74.84,89.34,0.62,0.75,14.5,2652
datased:monophonic:002652,S-0454,DataSED - DataSED - Dataset for Sound Event Detection of environmental noise/SED_wav/S-0454.wav,monophonic,Workshop,workshop,94.13,111.75,0.79,0.93,17.62,2653
datased:monophonic:002653,S-0455,DataSED - DataSED - Dataset for Sound Event Detection of environmental noise/SED_wav/S-0455.wav,monophonic,Horn,horn,1.93,9.99,0.15,0.76,8.06,2654
datased:monophonic:002654,S-0456,DataSED - DataSED - Dataset for Sound Event Detection of environmental noise/SED_wav/S-0456.wav,monophonic,Vacuum cleaner fan and hairdryer,vacuum_cleaner_fan_hairdryer,0.81,21.35,0.0,0.11,20.54,2655
datased:monophonic:002655,S-0456,DataSED - DataSED - Dataset for Sound Event Detection of environmental noise/SED_wav/S-0456.wav,monophonic,Vacuum cleaner fan and hairdryer,vacuum_cleaner_fan_hairdryer,24.96,43.35,0.13,0.23,18.39,2656
datased:monophonic:002656,S-0456,DataSED - DataSED - Dataset for Sound Event Detection of environmental noise/SED_wav/S-0456.wav,monophonic,Vacuum cleaner fan and hairdryer,vacuum_cleaner_fan_hairdryer,47.19,64.57,0.25,0.35,17.38,2657
datased:monophonic:002657,S-0456,DataSED - DataSED - Dataset for Sound Event Detection of environmental noise/SED_wav/S-0456.wav,monophonic,Vacuum cleaner fan and hairdryer,vacuum_cleaner_fan_hairdryer,69.08,82.96,0.37,0.44,13.88,2658
datased:monophonic:002658,S-0456,DataSED - DataSED - Dataset for Sound Event Detection of environmental noise/SED_wav/S-0456.wav,monophonic,Vacuum cleaner fan and hairdryer,vacuum_cleaner_fan_hairdryer,87.25,104.52,0.47,0.56,17.27,2659
datased:monophonic:002659,S-0456,DataSED - DataSED - Dataset for Sound Event Detection of environmental noise/SED_wav/S-0456.wav,monophonic,Vacuum cleaner fan and hairdryer,vacuum_cleaner_fan_hairdryer,109.14,124.94,0.59,0.67,15.8,2660
datased:monophonic:002660,S-0456,DataSED - DataSED - Dataset for Sound Event Detection of environmental noise/SED_wav/S-0456.wav,monophonic,Vacuum cleaner fan and hairdryer,vacuum_cleaner_fan_hairdryer,129.45,144.46,0.69,0.77,15.01,2661
datased:monophonic:002661,S-0456,DataSED - DataSED - Dataset for Sound Event Detection of environmental noise/SED_wav/S-0456.wav,monophonic,Vacuum cleaner fan and hairdryer,vacuum_cleaner_fan_hairdryer,148.75,163.31,0.8,0.88,14.56,2662
datased:monophonic:002662,S-0456,DataSED - DataSED - Dataset for Sound Event Detection of environmental noise/SED_wav/S-0456.wav,monophonic,Vacuum cleaner fan and hairdryer,vacuum_cleaner_fan_hairdryer,168.05,182.49,0.9,0.98,14.44,2663
datased:monophonic:002663,S-0457,DataSED - DataSED - Dataset for Sound Event Detection of environmental noise/SED_wav/S-0457.wav,monophonic,Vacuum cleaner fan and hairdryer,vacuum_cleaner_fan_hairdryer,2.37,15.37,0.01,0.1,13.0,2664
datased:monophonic:002664,S-0457,DataSED - DataSED - Dataset for Sound Event Detection of environmental noise/SED_wav/S-0457.wav,monophonic,Vacuum cleaner fan and hairdryer,vacuum_cleaner_fan_hairdryer,19.08,44.89,0.12,0.28,25.81,2665
datased:monophonic:002665,S-0457,DataSED - DataSED - Dataset for Sound Event Detection of environmental noise/SED_wav/S-0457.wav,monophonic,Vacuum cleaner fan and hairdryer,vacuum_cleaner_fan_hairdryer,48.51,68.84,0.3,0.43,20.33,2666
datased:monophonic:002666,S-0457,DataSED - DataSED - Dataset for Sound Event Detection of environmental noise/SED_wav/S-0457.wav,monophonic,Vacuum cleaner fan and hairdryer,vacuum_cleaner_fan_hairdryer,72.65,84.67,0.45,0.52,12.02,2667
datased:monophonic:002667,S-0457,DataSED - DataSED - Dataset for Sound Event Detection of environmental noise/SED_wav/S-0457.wav,monophonic,Vacuum cleaner fan and hairdryer,vacuum_cleaner_fan_hairdryer,88.19,105.4,0.55,0.65,17.2,2668
datased:monophonic:002668,S-0457,DataSED - DataSED - Dataset for Sound Event Detection of environmental noise/SED_wav/S-0457.wav,monophonic,Vacuum cleaner fan and hairdryer,vacuum_cleaner_fan_hairdryer,109.21,125.14,0.68,0.77,15.93,2669
datased:monophonic:002669,S-0457,DataSED - DataSED - Dataset for Sound Event Detection of environmental noise/SED_wav/S-0457.wav,monophonic,Vacuum cleaner fan and hairdryer,vacuum_cleaner_fan_hairdryer,128.66,155.64,0.8,0.96,26.98,2670
datased:monophonic:002670,S-0458,DataSED - DataSED - Dataset for Sound Event Detection of environmental noise/SED_wav/S-0458.wav,monophonic,Vacuum cleaner fan and hairdryer,vacuum_cleaner_fan_hairdryer,2.22,19.29,0.01,0.1,17.07,2671
datased:monophonic:002671,S-0458,DataSED - DataSED - Dataset for Sound Event Detection of environmental noise/SED_wav/S-0458.wav,monophonic,Vacuum cleaner fan and hairdryer,vacuum_cleaner_fan_hairdryer,22.17,38.56,0.12,0.2,16.38,2672
datased:monophonic:002672,S-0458,DataSED - DataSED - Dataset for Sound Event Detection of environmental noise/SED_wav/S-0458.wav,monophonic,Vacuum cleaner fan and hairdryer,vacuum_cleaner_fan_hairdryer,41.67,63.01,0.22,0.33,21.34,2673
datased:monophonic:002673,S-0458,DataSED - DataSED - Dataset for Sound Event Detection of environmental noise/SED_wav/S-0458.wav,monophonic,Vacuum cleaner fan and hairdryer,vacuum_cleaner_fan_hairdryer,66.13,86.55,0.35,0.45,20.42,2674
datased:monophonic:002674,S-0458,DataSED - DataSED - Dataset for Sound Event Detection of environmental noise/SED_wav/S-0458.wav,monophonic,Vacuum cleaner fan and hairdryer,vacuum_cleaner_fan_hairdryer,90.24,110.08,0.47,0.58,19.84,2675
datased:monophonic:002675,S-0458,DataSED - DataSED - Dataset for Sound Event Detection of environmental noise/SED_wav/S-0458.wav,monophonic,Vacuum cleaner fan and hairdryer,vacuum_cleaner_fan_hairdryer,113.43,134.08,0.6,0.7,20.65,2676
datased:monophonic:002676,S-0458,DataSED - DataSED - Dataset for Sound Event Detection of environmental noise/SED_wav/S-0458.wav,monophonic,Vacuum cleaner fan and hairdryer,vacuum_cleaner_fan_hairdryer,138.0,158.42,0.72,0.83,20.42,2677
datased:monophonic:002677,S-0458,DataSED - DataSED - Dataset for Sound Event Detection of environmental noise/SED_wav/S-0458.wav,monophonic,Vacuum cleaner fan and hairdryer,vacuum_cleaner_fan_hairdryer,162.35,186.69,0.85,0.98,24.34,2678
datased:monophonic:002678,S-0459,DataSED - DataSED - Dataset for Sound Event Detection of environmental noise/SED_wav/S-0459.wav,monophonic,Vacuum cleaner fan and hairdryer,vacuum_cleaner_fan_hairdryer,0.19,6.71,0.02,0.64,6.53,2679
datased:monophonic:002679,S-0460,DataSED - DataSED - Dataset for Sound Event Detection of environmental noise/SED_wav/S-0460.wav,monophonic,Workshop,workshop,4.97,6.82,0.05,0.06,1.85,2680
datased:monophonic:002680,S-0460,DataSED - DataSED - Dataset for Sound Event Detection of environmental noise/SED_wav/S-0460.wav,monophonic,Workshop,workshop,10.26,12.37,0.09,0.11,2.11,2681
datased:monophonic:002681,S-0460,DataSED - DataSED - Dataset for Sound Event Detection of environmental noise/SED_wav/S-0460.wav,monophonic,Workshop,workshop,15.87,17.86,0.15,0.16,1.98,2682
datased:monophonic:002682,S-0460,DataSED - DataSED - Dataset for Sound Event Detection of environmental noise/SED_wav/S-0460.wav,monophonic,Workshop,workshop,20.43,22.68,0.19,0.21,2.25,2683
datased:monophonic:002683,S-0460,DataSED - DataSED - Dataset for Sound Event Detection of environmental noise/SED_wav/S-0460.wav,monophonic,Workshop,workshop,24.99,26.71,0.23,0.24,1.72,2684
datased:monophonic:002684,S-0460,DataSED - DataSED - Dataset for Sound Event Detection of environmental noise/SED_wav/S-0460.wav,monophonic,Workshop,workshop,29.29,32.13,0.27,0.29,2.84,2685
datased:monophonic:002685,S-0460,DataSED - DataSED - Dataset for Sound Event Detection of environmental noise/SED_wav/S-0460.wav,monophonic,Workshop,workshop,34.77,36.16,0.32,0.33,1.39,2686
datased:monophonic:002686,S-0460,DataSED - DataSED - Dataset for Sound Event Detection of environmental noise/SED_wav/S-0460.wav,monophonic,Workshop,workshop,40.85,44.82,0.37,0.41,3.97,2687
datased:monophonic:002687,S-0460,DataSED - DataSED - Dataset for Sound Event Detection of environmental noise/SED_wav/S-0460.wav,monophonic,Workshop,workshop,49.11,53.67,0.45,0.49,4.56,2688
datased:monophonic:002688,S-0460,DataSED - DataSED - Dataset for Sound Event Detection of environmental noise/SED_wav/S-0460.wav,monophonic,Workshop,workshop,58.3,63.78,0.53,0.58,5.48,2689
datased:monophonic:002689,S-0460,DataSED - DataSED - Dataset for Sound Event Detection of environmental noise/SED_wav/S-0460.wav,monophonic,Workshop,workshop,68.28,70.06,0.63,0.64,1.78,2690
datased:monophonic:002690,S-0460,DataSED - DataSED - Dataset for Sound Event Detection of environmental noise/SED_wav/S-0460.wav,monophonic,Workshop,workshop,74.62,76.61,0.68,0.7,1.98,2691
datased:monophonic:002691,S-0460,DataSED - DataSED - Dataset for Sound Event Detection of environmental noise/SED_wav/S-0460.wav,monophonic,Workshop,workshop,81.1,83.15,0.74,0.76,2.05,2692
datased:monophonic:002692,S-0460,DataSED - DataSED - Dataset for Sound Event Detection of environmental noise/SED_wav/S-0460.wav,monophonic,Workshop,workshop,85.86,88.1,0.79,0.81,2.25,2693
datased:monophonic:002693,S-0460,DataSED - DataSED - Dataset for Sound Event Detection of environmental noise/SED_wav/S-0460.wav,monophonic,Workshop,workshop,90.55,94.45,0.83,0.87,3.9,2694
datased:monophonic:002694,S-0460,DataSED - DataSED - Dataset for Sound Event Detection of environmental noise/SED_wav/S-0460.wav,monophonic,Workshop,workshop,97.16,99.67,0.89,0.91,2.51,2695
datased:monophonic:002695,S-0460,DataSED - DataSED - Dataset for Sound Event Detection of environmental noise/SED_wav/S-0460.wav,monophonic,Workshop,workshop,103.04,105.95,0.94,0.97,2.91,2696
datased:monophonic:002696,S-0461,DataSED - DataSED - Dataset for Sound Event Detection of environmental noise/SED_wav/S-0461.wav,monophonic,Workshop,workshop,2.59,5.22,0.02,0.05,2.64,2697
datased:monophonic:002697,S-0461,DataSED - DataSED - Dataset for Sound Event Detection of environmental noise/SED_wav/S-0461.wav,monophonic,Workshop,workshop,7.28,8.89,0.07,0.08,1.61,2698
datased:monophonic:002698,S-0461,DataSED - DataSED - Dataset for Sound Event Detection of environmental noise/SED_wav/S-0461.wav,monophonic,Workshop,workshop,11.85,13.45,0.11,0.13,1.61,2699
datased:monophonic:002699,S-0461,DataSED - DataSED - Dataset for Sound Event Detection of environmental noise/SED_wav/S-0461.wav,monophonic,Workshop,workshop,16.15,17.83,0.15,0.17,1.67,2700
datased:monophonic:002700,S-0461,DataSED - DataSED - Dataset for Sound Event Detection of environmental noise/SED_wav/S-0461.wav,monophonic,Workshop,workshop,20.72,22.01,0.2,0.21,1.29,2701
datased:monophonic:002701,S-0461,DataSED - DataSED - Dataset for Sound Event Detection of environmental noise/SED_wav/S-0461.wav,monophonic,Workshop,workshop,24.64,26.12,0.23,0.25,1.48,2702
datased:monophonic:002702,S-0461,DataSED - DataSED - Dataset for Sound Event Detection of environmental noise/SED_wav/S-0461.wav,monophonic,Workshop,workshop,28.7,30.24,0.27,0.28,1.54,2703
datased:monophonic:002703,S-0461,DataSED - DataSED - Dataset for Sound Event Detection of environmental noise/SED_wav/S-0461.wav,monophonic,Workshop,workshop,33.65,35.9,0.32,0.34,2.25,2704
datased:monophonic:002704,S-0461,DataSED - DataSED - Dataset for Sound Event Detection of environmental noise/SED_wav/S-0461.wav,monophonic,Workshop,workshop,38.08,40.01,0.36,0.38,1.93,2705
datased:monophonic:002705,S-0461,DataSED - DataSED - Dataset for Sound Event Detection of environmental noise/SED_wav/S-0461.wav,monophonic,Workshop,workshop,43.42,45.35,0.41,0.43,1.93,2706
datased:monophonic:002706,S-0461,DataSED - DataSED - Dataset for Sound Event Detection of environmental noise/SED_wav/S-0461.wav,monophonic,Workshop,workshop,47.8,49.4,0.45,0.46,1.61,2707
datased:monophonic:002707,S-0461,DataSED - DataSED - Dataset for Sound Event Detection of environmental noise/SED_wav/S-0461.wav,monophonic,Workshop,workshop,52.04,53.91,0.49,0.51,1.86,2708
datased:monophonic:002708,S-0461,DataSED - DataSED - Dataset for Sound Event Detection of environmental noise/SED_wav/S-0461.wav,monophonic,Workshop,workshop,56.35,57.89,0.53,0.54,1.54,2709
datased:monophonic:002709,S-0461,DataSED - DataSED - Dataset for Sound Event Detection of environmental noise/SED_wav/S-0461.wav,monophonic,Workshop,workshop,60.53,62.01,0.57,0.58,1.48,2710
datased:monophonic:002710,S-0461,DataSED - DataSED - Dataset for Sound Event Detection of environmental noise/SED_wav/S-0461.wav,monophonic,Workshop,workshop,64.26,66.38,0.6,0.62,2.12,2711
datased:monophonic:002711,S-0461,DataSED - DataSED - Dataset for Sound Event Detection of environmental noise/SED_wav/S-0461.wav,monophonic,Workshop,workshop,67.8,69.47,0.64,0.65,1.67,2712
datased:monophonic:002712,S-0461,DataSED - DataSED - Dataset for Sound Event Detection of environmental noise/SED_wav/S-0461.wav,monophonic,Workshop,workshop,71.91,73.58,0.68,0.69,1.67,2713
datased:monophonic:002713,S-0461,DataSED - DataSED - Dataset for Sound Event Detection of environmental noise/SED_wav/S-0461.wav,monophonic,Workshop,workshop,78.09,80.01,0.73,0.75,1.93,2714
datased:monophonic:002714,S-0461,DataSED - DataSED - Dataset for Sound Event Detection of environmental noise/SED_wav/S-0461.wav,monophonic,Workshop,workshop,82.52,84.9,0.78,0.8,2.38,2715
datased:monophonic:002715,S-0461,DataSED - DataSED - Dataset for Sound Event Detection of environmental noise/SED_wav/S-0461.wav,monophonic,Workshop,workshop,87.41,89.4,0.82,0.84,1.99,2716
datased:monophonic:002716,S-0461,DataSED - DataSED - Dataset for Sound Event Detection of environmental noise/SED_wav/S-0461.wav,monophonic,Workshop,workshop,91.85,93.84,0.86,0.88,1.99,2717
datased:monophonic:002717,S-0461,DataSED - DataSED - Dataset for Sound Event Detection of environmental noise/SED_wav/S-0461.wav,monophonic,Workshop,workshop,95.96,97.83,0.9,0.92,1.86,2718
datased:monophonic:002718,S-0461,DataSED - DataSED - Dataset for Sound Event Detection of environmental noise/SED_wav/S-0461.wav,monophonic,Workshop,workshop,99.95,101.56,0.94,0.96,1.61,2719
datased:monophonic:002719,S-0462,DataSED - DataSED - Dataset for Sound Event Detection of environmental noise/SED_wav/S-0462.wav,monophonic,Workshop,workshop,1.76,5.11,0.01,0.04,3.35,2720
datased:monophonic:002720,S-0462,DataSED - DataSED - Dataset for Sound Event Detection of environmental noise/SED_wav/S-0462.wav,monophonic,Workshop,workshop,9.26,15.73,0.08,0.13,6.48,2721
datased:monophonic:002721,S-0462,DataSED - DataSED - Dataset for Sound Event Detection of environmental noise/SED_wav/S-0462.wav,monophonic,Workshop,workshop,20.46,30.36,0.17,0.25,9.9,2722
datased:monophonic:002722,S-0462,DataSED - DataSED - Dataset for Sound Event Detection of environmental noise/SED_wav/S-0462.wav,monophonic,Workshop,workshop,34.8,38.8,0.29,0.32,4.0,2723
datased:monophonic:002723,S-0462,DataSED - DataSED - Dataset for Sound Event Detection of environmental noise/SED_wav/S-0462.wav,monophonic,Workshop,workshop,43.16,51.39,0.36,0.43,8.22,2724
datased:monophonic:002724,S-0462,DataSED - DataSED - Dataset for Sound Event Detection of environmental noise/SED_wav/S-0462.wav,monophonic,Workshop,workshop,55.68,59.83,0.46,0.5,4.15,2725
datased:monophonic:002725,S-0462,DataSED - DataSED - Dataset for Sound Event Detection of environmental noise/SED_wav/S-0462.wav,monophonic,Workshop,workshop,64.26,71.76,0.53,0.6,7.49,2726
datased:monophonic:002726,S-0462,DataSED - DataSED - Dataset for Sound Event Detection of environmental noise/SED_wav/S-0462.wav,monophonic,Workshop,workshop,76.05,87.77,0.63,0.73,11.71,2727
datased:monophonic:002727,S-0462,DataSED - DataSED - Dataset for Sound Event Detection of environmental noise/SED_wav/S-0462.wav,monophonic,Workshop,workshop,92.28,103.27,0.77,0.86,10.99,2728
datased:monophonic:002728,S-0462,DataSED - DataSED - Dataset for Sound Event Detection of environmental noise/SED_wav/S-0462.wav,monophonic,Workshop,workshop,107.41,118.84,0.89,0.99,11.42,2729
datased:monophonic:002729,S-0463,DataSED - DataSED - Dataset for Sound Event Detection of environmental noise/SED_wav/S-0463.wav,monophonic,Workshop,workshop,2.85,7.22,0.02,0.06,4.37,2730
datased:monophonic:002730,S-0463,DataSED - DataSED - Dataset for Sound Event Detection of environmental noise/SED_wav/S-0463.wav,monophonic,Workshop,workshop,11.37,18.57,0.09,0.15,7.2,2731
datased:monophonic:002731,S-0463,DataSED - DataSED - Dataset for Sound Event Detection of environmental noise/SED_wav/S-0463.wav,monophonic,Workshop,workshop,22.57,26.28,0.19,0.22,3.71,2732
datased:monophonic:002732,S-0463,DataSED - DataSED - Dataset for Sound Event Detection of environmental noise/SED_wav/S-0463.wav,monophonic,Workshop,workshop,30.5,37.19,0.25,0.31,6.69,2733
datased:monophonic:002733,S-0463,DataSED - DataSED - Dataset for Sound Event Detection of environmental noise/SED_wav/S-0463.wav,monophonic,Workshop,workshop,42.58,50.73,0.35,0.42,8.15,2734
datased:monophonic:002734,S-0463,DataSED - DataSED - Dataset for Sound Event Detection of environmental noise/SED_wav/S-0463.wav,monophonic,Workshop,workshop,56.11,64.62,0.47,0.54,8.51,2735
datased:monophonic:002735,S-0463,DataSED - DataSED - Dataset for Sound Event Detection of environmental noise/SED_wav/S-0463.wav,monophonic,Workshop,workshop,69.14,72.77,0.58,0.61,3.64,2736
datased:monophonic:002736,S-0463,DataSED - DataSED - Dataset for Sound Event Detection of environmental noise/SED_wav/S-0463.wav,monophonic,Workshop,workshop,78.3,83.98,0.65,0.7,5.68,2737
datased:monophonic:002737,S-0463,DataSED - DataSED - Dataset for Sound Event Detection of environmental noise/SED_wav/S-0463.wav,monophonic,Workshop,workshop,89.36,92.85,0.74,0.77,3.49,2738
datased:monophonic:002738,S-0463,DataSED - DataSED - Dataset for Sound Event Detection of environmental noise/SED_wav/S-0463.wav,monophonic,Workshop,workshop,96.2,100.57,0.8,0.84,4.37,2739
datased:monophonic:002739,S-0463,DataSED - DataSED - Dataset for Sound Event Detection of environmental noise/SED_wav/S-0463.wav,monophonic,Workshop,workshop,105.95,112.94,0.88,0.94,6.98,2740
datased:monophonic:002740,S-0464,DataSED - DataSED - Dataset for Sound Event Detection of environmental noise/SED_wav/S-0464.wav,monophonic,Workshop,workshop,2.83,15.06,0.08,0.45,12.23,2741
datased:monophonic:002741,S-0464,DataSED - DataSED - Dataset for Sound Event Detection of environmental noise/SED_wav/S-0464.wav,monophonic,Workshop,workshop,19.9,31.2,0.6,0.94,11.3,2742
datased:monophonic:002742,S-0465,DataSED - DataSED - Dataset for Sound Event Detection of environmental noise/SED_wav/S-0465.wav,monophonic,Workshop,workshop,2.13,5.47,0.05,0.12,3.34,2743
datased:monophonic:002743,S-0465,DataSED - DataSED - Dataset for Sound Event Detection of environmental noise/SED_wav/S-0465.wav,monophonic,Workshop,workshop,6.61,10.6,0.14,0.23,3.99,2744
datased:monophonic:002744,S-0465,DataSED - DataSED - Dataset for Sound Event Detection of environmental noise/SED_wav/S-0465.wav,monophonic,Workshop,workshop,11.28,15.64,0.24,0.33,4.36,2745
datased:monophonic:002745,S-0465,DataSED - DataSED - Dataset for Sound Event Detection of environmental noise/SED_wav/S-0465.wav,monophonic,Workshop,workshop,16.49,24.77,0.35,0.53,8.27,2746
datased:monophonic:002746,S-0465,DataSED - DataSED - Dataset for Sound Event Detection of environmental noise/SED_wav/S-0465.wav,monophonic,Workshop,workshop,25.59,31.31,0.55,0.67,5.72,2747
datased:monophonic:002747,S-0465,DataSED - DataSED - Dataset for Sound Event Detection of environmental noise/SED_wav/S-0465.wav,monophonic,Workshop,workshop,31.85,35.81,0.68,0.77,3.97,2748
datased:monophonic:002748,S-0465,DataSED - DataSED - Dataset for Sound Event Detection of environmental noise/SED_wav/S-0465.wav,monophonic,Workshop,workshop,37.15,38.42,0.79,0.82,1.27,2749
datased:monophonic:002749,S-0465,DataSED - DataSED - Dataset for Sound Event Detection of environmental noise/SED_wav/S-0465.wav,monophonic,Workshop,workshop,39.04,45.05,0.83,0.96,6.01,2750
datased:monophonic:002750,S-0466,DataSED - DataSED - Dataset for Sound Event Detection of environmental noise/SED_wav/S-0466.wav,monophonic,Workshop,workshop,2.87,13.78,0.09,0.43,10.91,2751
datased:monophonic:002751,S-0466,DataSED - DataSED - Dataset for Sound Event Detection of environmental noise/SED_wav/S-0466.wav,monophonic,Workshop,workshop,16.54,29.32,0.51,0.91,12.78,2752
datased:monophonic:002752,S-0467,DataSED - DataSED - Dataset for Sound Event Detection of environmental noise/SED_wav/S-0467.wav,monophonic,Workshop,workshop,1.93,8.89,0.18,0.82,6.96,2753
datased:monophonic:002753,S-0468,DataSED - DataSED - Dataset for Sound Event Detection of environmental noise/SED_wav/S-0468.wav,monophonic,Workshop,workshop,0.46,6.19,0.03,0.38,5.73,2754
datased:monophonic:002754,S-0468,DataSED - DataSED - Dataset for Sound Event Detection of environmental noise/SED_wav/S-0468.wav,monophonic,Workshop,workshop,7.12,13.74,0.43,0.83,6.61,2755
datased:monophonic:002755,S-0469,DataSED - DataSED - Dataset for Sound Event Detection of environmental noise/SED_wav/S-0469.wav,monophonic,Workshop,workshop,0.1,3.73,0.02,0.62,3.63,2756
datased:monophonic:002756,S-0470,DataSED - DataSED - Dataset for Sound Event Detection of environmental noise/SED_wav/S-0470.wav,monophonic,Workshop,workshop,0.28,11.69,0.02,0.74,11.41,2757
datased:monophonic:002757,S-0471,DataSED - DataSED - Dataset for Sound Event Detection of environmental noise/SED_wav/S-0471.wav,monophonic,Workshop,workshop,1.86,15.97,0.07,0.63,14.11,2758
datased:monophonic:002758,S-0471,DataSED - DataSED - Dataset for Sound Event Detection of environmental noise/SED_wav/S-0471.wav,monophonic,Workshop,workshop,19.25,21.23,0.76,0.84,1.98,2759
datased:monophonic:002759,S-0472,DataSED - DataSED - Dataset for Sound Event Detection of environmental noise/SED_wav/S-0472.wav,monophonic,Workshop,workshop,2.58,16.91,0.06,0.41,14.33,2760
datased:monophonic:002760,S-0472,DataSED - DataSED - Dataset for Sound Event Detection of environmental noise/SED_wav/S-0472.wav,monophonic,Workshop,workshop,21.98,37.84,0.54,0.93,15.86,2761
datased:monophonic:002761,S-0473,DataSED - DataSED - Dataset for Sound Event Detection of environmental noise/SED_wav/S-0473.wav,monophonic,Workshop,workshop,1.89,6.32,0.1,0.34,4.43,2762
datased:monophonic:002762,S-0473,DataSED - DataSED - Dataset for Sound Event Detection of environmental noise/SED_wav/S-0473.wav,monophonic,Workshop,workshop,8.11,16.74,0.43,0.89,8.64,2763
datased:monophonic:002763,S-0474,DataSED - DataSED - Dataset for Sound Event Detection of environmental noise/SED_wav/S-0474.wav,monophonic,Workshop,workshop,2.62,10.58,0.21,0.84,7.96,2764
datased:monophonic:002764,S-0475,DataSED - DataSED - Dataset for Sound Event Detection of environmental noise/SED_wav/S-0475.wav,monophonic,Workshop,workshop,5.33,18.27,0.06,0.2,12.94,2765
datased:monophonic:002765,S-0475,DataSED - DataSED - Dataset for Sound Event Detection of environmental noise/SED_wav/S-0475.wav,monophonic,Workshop,workshop,23.03,46.73,0.25,0.5,23.7,2766
datased:monophonic:002766,S-0475,DataSED - DataSED - Dataset for Sound Event Detection of environmental noise/SED_wav/S-0475.wav,monophonic,Workshop,workshop,52.39,73.17,0.57,0.79,20.78,2767
datased:monophonic:002767,S-0475,DataSED - DataSED - Dataset for Sound Event Detection of environmental noise/SED_wav/S-0475.wav,monophonic,Workshop,workshop,78.1,87.51,0.84,0.95,9.41,2768
datased:monophonic:002768,S-0476,DataSED - DataSED - Dataset for Sound Event Detection of environmental noise/SED_wav/S-0476.wav,monophonic,Workshop,workshop,3.91,16.27,0.03,0.12,12.36,2769
datased:monophonic:002769,S-0476,DataSED - DataSED - Dataset for Sound Event Detection of environmental noise/SED_wav/S-0476.wav,monophonic,Workshop,workshop,19.74,33.46,0.14,0.24,13.71,2770
datased:monophonic:002770,S-0476,DataSED - DataSED - Dataset for Sound Event Detection of environmental noise/SED_wav/S-0476.wav,monophonic,Workshop,workshop,37.18,64.44,0.27,0.46,27.26,2771
datased:monophonic:002771,S-0476,DataSED - DataSED - Dataset for Sound Event Detection of environmental noise/SED_wav/S-0476.wav,monophonic,Workshop,workshop,67.57,71.13,0.48,0.51,3.56,2772
datased:monophonic:002772,S-0476,DataSED - DataSED - Dataset for Sound Event Detection of environmental noise/SED_wav/S-0476.wav,monophonic,Workshop,workshop,74.52,98.39,0.53,0.7,23.87,2773
datased:monophonic:002773,S-0476,DataSED - DataSED - Dataset for Sound Event Detection of environmental noise/SED_wav/S-0476.wav,monophonic,Workshop,workshop,101.61,108.72,0.73,0.78,7.11,2774
datased:monophonic:002774,S-0476,DataSED - DataSED - Dataset for Sound Event Detection of environmental noise/SED_wav/S-0476.wav,monophonic,Workshop,workshop,112.02,138.35,0.8,0.99,26.33,2775
datased:monophonic:002775,S-0477,DataSED - DataSED - Dataset for Sound Event Detection of environmental noise/SED_wav/S-0477.wav,monophonic,Workshop,workshop,1.87,10.82,0.02,0.1,8.95,2776
datased:monophonic:002776,S-0477,DataSED - DataSED - Dataset for Sound Event Detection of environmental noise/SED_wav/S-0477.wav,monophonic,Workshop,workshop,14.14,32.17,0.13,0.3,18.03,2777
datased:monophonic:002777,S-0477,DataSED - DataSED - Dataset for Sound Event Detection of environmental noise/SED_wav/S-0477.wav,monophonic,Workshop,workshop,35.43,52.12,0.34,0.49,16.69,2778
datased:monophonic:002778,S-0477,DataSED - DataSED - Dataset for Sound Event Detection of environmental noise/SED_wav/S-0477.wav,monophonic,Workshop,workshop,56.28,73.67,0.53,0.7,17.39,2779
datased:monophonic:002779,S-0477,DataSED - DataSED - Dataset for Sound Event Detection of environmental noise/SED_wav/S-0477.wav,monophonic,Workshop,workshop,78.08,89.52,0.74,0.85,11.44,2780
datased:monophonic:002780,S-0477,DataSED - DataSED - Dataset for Sound Event Detection of environmental noise/SED_wav/S-0477.wav,monophonic,Workshop,workshop,93.8,102.82,0.89,0.97,9.01,2781
datased:monophonic:002781,S-0478,DataSED - DataSED - Dataset for Sound Event Detection of environmental noise/SED_wav/S-0478.wav,monophonic,Workshop,workshop,2.01,9.84,0.06,0.31,7.83,2782
datased:monophonic:002782,S-0478,DataSED - DataSED - Dataset for Sound Event Detection of environmental noise/SED_wav/S-0478.wav,monophonic,Workshop,workshop,11.62,19.88,0.37,0.64,8.27,2783
datased:monophonic:002783,S-0478,DataSED - DataSED - Dataset for Sound Event Detection of environmental noise/SED_wav/S-0478.wav,monophonic,Workshop,workshop,21.72,29.29,0.69,0.94,7.57,2784
datased:monophonic:002784,S-0479,DataSED - DataSED - Dataset for Sound Event Detection of environmental noise/SED_wav/S-0479.wav,monophonic,Workshop,workshop,3.4,15.74,0.03,0.16,12.34,2785
datased:monophonic:002785,S-0479,DataSED - DataSED - Dataset for Sound Event Detection of environmental noise/SED_wav/S-0479.wav,monophonic,Workshop,workshop,20.21,36.12,0.2,0.36,15.91,2786
datased:monophonic:002786,S-0479,DataSED - DataSED - Dataset for Sound Event Detection of environmental noise/SED_wav/S-0479.wav,monophonic,Workshop,workshop,40.53,56.44,0.41,0.56,15.91,2787
datased:monophonic:002787,S-0479,DataSED - DataSED - Dataset for Sound Event Detection of environmental noise/SED_wav/S-0479.wav,monophonic,Workshop,workshop,61.16,74.94,0.61,0.75,13.79,2788
datased:monophonic:002788,S-0479,DataSED - DataSED - Dataset for Sound Event Detection of environmental noise/SED_wav/S-0479.wav,monophonic,Workshop,workshop,79.78,96.6,0.8,0.97,16.81,2789
datased:monophonic:002789,S-0480,DataSED - DataSED - Dataset for Sound Event Detection of environmental noise/SED_wav/S-0480.wav,monophonic,Workshop,workshop,5.11,22.92,0.04,0.19,17.82,2790
datased:monophonic:002790,S-0480,DataSED - DataSED - Dataset for Sound Event Detection of environmental noise/SED_wav/S-0480.wav,monophonic,Workshop,workshop,24.64,47.25,0.2,0.38,22.61,2791
datased:monophonic:002791,S-0480,DataSED - DataSED - Dataset for Sound Event Detection of environmental noise/SED_wav/S-0480.wav,monophonic,Workshop,workshop,52.19,80.41,0.42,0.65,28.22,2792
datased:monophonic:002792,S-0480,DataSED - DataSED - Dataset for Sound Event Detection of environmental noise/SED_wav/S-0480.wav,monophonic,Workshop,workshop,84.83,118.36,0.69,0.96,33.54,2793
datased:monophonic:002793,S-0481,DataSED - DataSED - Dataset for Sound Event Detection of environmental noise/SED_wav/S-0481.wav,monophonic,Workshop,workshop,3.03,15.27,0.06,0.29,12.24,2794
datased:monophonic:002794,S-0481,DataSED - DataSED - Dataset for Sound Event Detection of environmental noise/SED_wav/S-0481.wav,monophonic,Workshop,workshop,19.05,33.25,0.37,0.64,14.2,2795
datased:monophonic:002795,S-0481,DataSED - DataSED - Dataset for Sound Event Detection of environmental noise/SED_wav/S-0481.wav,monophonic,Workshop,workshop,36.9,48.95,0.71,0.94,12.06,2796
datased:monophonic:002796,S-0482,DataSED - DataSED - Dataset for Sound Event Detection of environmental noise/SED_wav/S-0482.wav,monophonic,Workshop,workshop,1.92,19.75,0.02,0.26,17.83,2797
datased:monophonic:002797,S-0482,DataSED - DataSED - Dataset for Sound Event Detection of environmental noise/SED_wav/S-0482.wav,monophonic,Workshop,workshop,24.55,37.99,0.32,0.49,13.44,2798
datased:monophonic:002798,S-0482,DataSED - DataSED - Dataset for Sound Event Detection of environmental noise/SED_wav/S-0482.wav,monophonic,Workshop,workshop,42.57,49.8,0.55,0.65,7.23,2799
datased:monophonic:002799,S-0482,DataSED - DataSED - Dataset for Sound Event Detection of environmental noise/SED_wav/S-0482.wav,monophonic,Workshop,workshop,52.64,74.62,0.68,0.97,21.98,2800
datased:monophonic:002800,S-0483,DataSED - DataSED - Dataset for Sound Event Detection of environmental noise/SED_wav/S-0483.wav,monophonic,Workshop,workshop,2.94,13.86,0.04,0.17,10.92,2801
datased:monophonic:002801,S-0483,DataSED - DataSED - Dataset for Sound Event Detection of environmental noise/SED_wav/S-0483.wav,monophonic,Workshop,workshop,18.48,25.84,0.23,0.33,7.36,2802
datased:monophonic:002802,S-0483,DataSED - DataSED - Dataset for Sound Event Detection of environmental noise/SED_wav/S-0483.wav,monophonic,Workshop,workshop,28.49,44.27,0.36,0.56,15.78,2803
datased:monophonic:002803,S-0483,DataSED - DataSED - Dataset for Sound Event Detection of environmental noise/SED_wav/S-0483.wav,monophonic,Workshop,workshop,47.11,59.37,0.59,0.75,12.27,2804
datased:monophonic:002804,S-0483,DataSED - DataSED - Dataset for Sound Event Detection of environmental noise/SED_wav/S-0483.wav,monophonic,Workshop,workshop,61.97,76.6,0.78,0.96,14.62,2805
datased:monophonic:002805,S-0484,DataSED - DataSED - Dataset for Sound Event Detection of environmental noise/SED_wav/S-0484.wav,monophonic,Workshop,workshop,1.92,9.4,0.06,0.3,7.48,2806
datased:monophonic:002806,S-0484,DataSED - DataSED - Dataset for Sound Event Detection of environmental noise/SED_wav/S-0484.wav,monophonic,Workshop,workshop,11.57,19.34,0.37,0.62,7.77,2807
datased:monophonic:002807,S-0484,DataSED - DataSED - Dataset for Sound Event Detection of environmental noise/SED_wav/S-0484.wav,monophonic,Workshop,workshop,21.58,29.52,0.69,0.94,7.94,2808
datased:monophonic:002808,S-0485,DataSED - DataSED - Dataset for Sound Event Detection of environmental noise/SED_wav/S-0485.wav,monophonic,Workshop,workshop,2.09,17.86,0.02,0.19,15.76,2809
datased:monophonic:002809,S-0485,DataSED - DataSED - Dataset for Sound Event Detection of environmental noise/SED_wav/S-0485.wav,monophonic,Workshop,workshop,20.56,36.27,0.22,0.39,15.71,2810
datased:monophonic:002810,S-0485,DataSED - DataSED - Dataset for Sound Event Detection of environmental noise/SED_wav/S-0485.wav,monophonic,Workshop,workshop,38.97,56.48,0.42,0.61,17.51,2811
datased:monophonic:002811,S-0485,DataSED - DataSED - Dataset for Sound Event Detection of environmental noise/SED_wav/S-0485.wav,monophonic,Workshop,workshop,59.13,74.78,0.64,0.8,15.65,2812
datased:monophonic:002812,S-0485,DataSED - DataSED - Dataset for Sound Event Detection of environmental noise/SED_wav/S-0485.wav,monophonic,Workshop,workshop,78.55,88.63,0.84,0.95,10.08,2813
datased:monophonic:002813,S-0486,DataSED - DataSED - Dataset for Sound Event Detection of environmental noise/SED_wav/S-0486.wav,monophonic,Workshop,workshop,3.1,34.52,0.02,0.24,31.42,2814
datased:monophonic:002814,S-0486,DataSED - DataSED - Dataset for Sound Event Detection of environmental noise/SED_wav/S-0486.wav,monophonic,Workshop,workshop,36.74,42.48,0.26,0.3,5.74,2815
datased:monophonic:002815,S-0486,DataSED - DataSED - Dataset for Sound Event Detection of environmental noise/SED_wav/S-0486.wav,monophonic,Workshop,workshop,46.76,96.59,0.33,0.68,49.83,2816
datased:monophonic:002816,S-0486,DataSED - DataSED - Dataset for Sound Event Detection of environmental noise/SED_wav/S-0486.wav,monophonic,Workshop,workshop,101.55,116.19,0.72,0.82,14.64,2817
datased:monophonic:002817,S-0486,DataSED - DataSED - Dataset for Sound Event Detection of environmental noise/SED_wav/S-0486.wav,monophonic,Workshop,workshop,120.82,138.37,0.85,0.98,17.55,2818
datased:monophonic:002818,S-0487,DataSED - DataSED - Dataset for Sound Event Detection of environmental noise/SED_wav/S-0487.wav,monophonic,Workshop,workshop,0.21,3.47,0.0,0.07,3.26,2819
datased:monophonic:002819,S-0487,DataSED - DataSED - Dataset for Sound Event Detection of environmental noise/SED_wav/S-0487.wav,monophonic,Workshop,workshop,5.64,13.79,0.12,0.28,8.15,2820
datased:monophonic:002820,S-0487,DataSED - DataSED - Dataset for Sound Event Detection of environmental noise/SED_wav/S-0487.wav,monophonic,Workshop,workshop,16.25,24.49,0.33,0.5,8.24,2821
datased:monophonic:002821,S-0487,DataSED - DataSED - Dataset for Sound Event Detection of environmental noise/SED_wav/S-0487.wav,monophonic,Workshop,workshop,27.43,31.85,0.56,0.65,4.42,2822
datased:monophonic:002822,S-0487,DataSED - DataSED - Dataset for Sound Event Detection of environmental noise/SED_wav/S-0487.wav,monophonic,Workshop,workshop,33.63,39.38,0.69,0.8,5.75,2823
datased:monophonic:002823,S-0487,DataSED - DataSED - Dataset for Sound Event Detection of environmental noise/SED_wav/S-0487.wav,monophonic,Workshop,workshop,41.45,47.17,0.85,0.96,5.72,2824
datased:monophonic:002824,S-0488,DataSED - DataSED - Dataset for Sound Event Detection of environmental noise/SED_wav/S-0488.wav,monophonic,Jet aircrafts,jet_aircrafts,1.29,48.3,0.03,0.98,47.01,2825
datased:monophonic:002825,S-0489,DataSED - DataSED - Dataset for Sound Event Detection of environmental noise/SED_wav/S-0489.wav,monophonic,Jet aircrafts,jet_aircrafts,1.01,40.85,0.02,0.98,39.84,2826
datased:monophonic:002826,S-0490,DataSED - DataSED - Dataset for Sound Event Detection of environmental noise/SED_wav/S-0490.wav,monophonic,Bells,bells,1.37,116.49,0.01,0.99,115.12,2827
datased:monophonic:002827,S-0491,DataSED - DataSED - Dataset for Sound Event Detection of environmental noise/SED_wav/S-0491.wav,monophonic,Bells,bells,0.68,3.73,0.05,0.25,3.05,2828
datased:monophonic:002828,S-0491,DataSED - DataSED - Dataset for Sound Event Detection of environmental noise/SED_wav/S-0491.wav,monophonic,Bells,bells,6.51,12.87,0.44,0.87,6.36,2829
datased:monophonic:002829,S-0492,DataSED - DataSED - Dataset for Sound Event Detection of environmental noise/SED_wav/S-0492.wav,monophonic,Bells,bells,0.96,3.96,0.02,0.1,3.0,2830
datased:monophonic:002830,S-0492,DataSED - DataSED - Dataset for Sound Event Detection of environmental noise/SED_wav/S-0492.wav,monophonic,Bells,bells,5.71,7.94,0.14,0.2,2.23,2831
datased:monophonic:002831,S-0492,DataSED - DataSED - Dataset for Sound Event Detection of environmental noise/SED_wav/S-0492.wav,monophonic,Bells,bells,10.6,13.09,0.27,0.33,2.49,2832
datased:monophonic:002832,S-0492,DataSED - DataSED - Dataset for Sound Event Detection of environmental noise/SED_wav/S-0492.wav,monophonic,Bells,bells,16.04,18.58,0.41,0.47,2.54,2833
datased:monophonic:002833,S-0492,DataSED - DataSED - Dataset for Sound Event Detection of environmental noise/SED_wav/S-0492.wav,monophonic,Bells,bells,20.69,22.58,0.52,0.57,1.89,2834
datased:monophonic:002834,S-0492,DataSED - DataSED - Dataset for Sound Event Detection of environmental noise/SED_wav/S-0492.wav,monophonic,Bells,bells,25.27,27.64,0.64,0.7,2.37,2835
datased:monophonic:002835,S-0492,DataSED - DataSED - Dataset for Sound Event Detection of environmental noise/SED_wav/S-0492.wav,monophonic,Bells,bells,30.35,32.48,0.77,0.82,2.13,2836
datased:monophonic:002836,S-0492,DataSED - DataSED - Dataset for Sound Event Detection of environmental noise/SED_wav/S-0492.wav,monophonic,Bells,bells,35.69,37.92,0.9,0.96,2.23,2837
datased:monophonic:002837,S-0493,DataSED - DataSED - Dataset for Sound Event Detection of environmental noise/SED_wav/S-0493.wav,monophonic,Bells,bells,0.92,7.6,0.01,0.12,6.68,2838
datased:monophonic:002838,S-0493,DataSED - DataSED - Dataset for Sound Event Detection of environmental noise/SED_wav/S-0493.wav,monophonic,Workshop,workshop,8.02,12.62,0.13,0.2,4.6,2839
datased:monophonic:002839,S-0493,DataSED - DataSED - Dataset for Sound Event Detection of environmental noise/SED_wav/S-0493.wav,monophonic,Bells,bells,12.69,19.45,0.2,0.31,6.75,2840
datased:monophonic:002840,S-0493,DataSED - DataSED - Dataset for Sound Event Detection of environmental noise/SED_wav/S-0493.wav,monophonic,Workshop,workshop,19.51,24.24,0.31,0.39,4.73,2841
datased:monophonic:002841,S-0493,DataSED - DataSED - Dataset for Sound Event Detection of environmental noise/SED_wav/S-0493.wav,monophonic,Bells,bells,24.43,32.37,0.39,0.52,7.94,2842
datased:monophonic:002842,S-0493,DataSED - DataSED - Dataset for Sound Event Detection of environmental noise/SED_wav/S-0493.wav,monophonic,Workshop,workshop,32.63,36.09,0.52,0.58,3.46,2843
datased:monophonic:002843,S-0493,DataSED - DataSED - Dataset for Sound Event Detection of environmental noise/SED_wav/S-0493.wav,monophonic,Bells,bells,36.17,54.21,0.58,0.86,18.04,2844
datased:monophonic:002844,S-0493,DataSED - DataSED - Dataset for Sound Event Detection of environmental noise/SED_wav/S-0493.wav,monophonic,Workshop,workshop,54.22,56.23,0.86,0.9,2.0,2845
datased:monophonic:002845,S-0493,DataSED - DataSED - Dataset for Sound Event Detection of environmental noise/SED_wav/S-0493.wav,monophonic,Vehicle pass-by,vehicle_pass_by,56.23,58.5,0.9,0.93,2.27,2846
datased:monophonic:002846,S-0494,DataSED - DataSED - Dataset for Sound Event Detection of environmental noise/SED_wav/S-0494.wav,monophonic,Bells,bells,0.59,24.95,0.02,0.82,24.36,2847
datased:monophonic:002847,S-0495,DataSED - DataSED - Dataset for Sound Event Detection of environmental noise/SED_wav/S-0495.wav,monophonic,Vehicle pass-by,vehicle_pass_by,2.23,22.27,0.02,0.24,20.04,2848
datased:monophonic:002848,S-0495,DataSED - DataSED - Dataset for Sound Event Detection of environmental noise/SED_wav/S-0495.wav,monophonic,Sirens and alarms,sirens_and_alarms,37.03,50.9,0.4,0.56,13.87,2849
datased:monophonic:002849,S-0495,DataSED - DataSED - Dataset for Sound Event Detection of environmental noise/SED_wav/S-0495.wav,monophonic,Jet aircrafts,jet_aircrafts,50.98,87.53,0.56,0.95,36.55,2850
datased:monophonic:002850,S-0496,DataSED - DataSED - Dataset for Sound Event Detection of environmental noise/SED_wav/S-0496.wav,monophonic,Crows seagulls and magpies,crows_seagulls_magpies,0.97,6.06,0.01,0.06,5.09,2851
datased:monophonic:002851,S-0496,DataSED - DataSED - Dataset for Sound Event Detection of environmental noise/SED_wav/S-0496.wav,monophonic,Crows seagulls and magpies,crows_seagulls_magpies,8.78,16.3,0.09,0.17,7.52,2852
datased:monophonic:002852,S-0496,DataSED - DataSED - Dataset for Sound Event Detection of environmental noise/SED_wav/S-0496.wav,monophonic,Crows seagulls and magpies,crows_seagulls_magpies,18.96,26.37,0.2,0.28,7.41,2853
datased:monophonic:002853,S-0496,DataSED - DataSED - Dataset for Sound Event Detection of environmental noise/SED_wav/S-0496.wav,monophonic,Crows seagulls and magpies,crows_seagulls_magpies,28.74,33.33,0.31,0.36,4.58,2854
datased:monophonic:002854,S-0496,DataSED - DataSED - Dataset for Sound Event Detection of environmental noise/SED_wav/S-0496.wav,monophonic,Crows seagulls and magpies,crows_seagulls_magpies,33.78,39.04,0.36,0.42,5.26,2855
datased:monophonic:002855,S-0496,DataSED - DataSED - Dataset for Sound Event Detection of environmental noise/SED_wav/S-0496.wav,monophonic,Crows seagulls and magpies,crows_seagulls_magpies,41.36,48.82,0.44,0.52,7.47,2856
datased:monophonic:002856,S-0496,DataSED - DataSED - Dataset for Sound Event Detection of environmental noise/SED_wav/S-0496.wav,monophonic,Crows seagulls and magpies,crows_seagulls_magpies,50.92,58.27,0.54,0.62,7.35,2857
datased:monophonic:002857,S-0496,DataSED - DataSED - Dataset for Sound Event Detection of environmental noise/SED_wav/S-0496.wav,monophonic,Crows seagulls and magpies,crows_seagulls_magpies,60.36,65.17,0.65,0.7,4.81,2858
datased:monophonic:002858,S-0496,DataSED - DataSED - Dataset for Sound Event Detection of environmental noise/SED_wav/S-0496.wav,monophonic,Crows seagulls and magpies,crows_seagulls_magpies,68.51,81.23,0.73,0.87,12.73,2859
datased:monophonic:002859,S-0496,DataSED - DataSED - Dataset for Sound Event Detection of environmental noise/SED_wav/S-0496.wav,monophonic,Crows seagulls and magpies,crows_seagulls_magpies,83.72,89.15,0.9,0.95,5.43,2860
datased:monophonic:002860,S-0497,DataSED - DataSED - Dataset for Sound Event Detection of environmental noise/SED_wav/S-0497.wav,monophonic,Jet aircrafts,jet_aircrafts,0.0,4.97,0.0,0.06,4.97,2861
datased:monophonic:002861,S-0497,DataSED - DataSED - Dataset for Sound Event Detection of environmental noise/SED_wav/S-0497.wav,monophonic,Crows seagulls and magpies,crows_seagulls_magpies,5.04,10.08,0.06,0.13,5.04,2862
datased:monophonic:002862,S-0497,DataSED - DataSED - Dataset for Sound Event Detection of environmental noise/SED_wav/S-0497.wav,monophonic,Jet aircrafts,jet_aircrafts,10.16,19.49,0.13,0.24,9.33,2863
datased:monophonic:002863,S-0497,DataSED - DataSED - Dataset for Sound Event Detection of environmental noise/SED_wav/S-0497.wav,monophonic,Crows seagulls and magpies,crows_seagulls_magpies,19.6,33.48,0.24,0.42,13.88,2864
datased:monophonic:002864,S-0497,DataSED - DataSED - Dataset for Sound Event Detection of environmental noise/SED_wav/S-0497.wav,monophonic,Crows seagulls and magpies,crows_seagulls_magpies,39.75,44.1,0.49,0.55,4.35,2865
datased:monophonic:002865,S-0497,DataSED - DataSED - Dataset for Sound Event Detection of environmental noise/SED_wav/S-0497.wav,monophonic,Crows seagulls and magpies,crows_seagulls_magpies,47.75,54.74,0.59,0.68,6.99,2866
datased:monophonic:002866,S-0497,DataSED - DataSED - Dataset for Sound Event Detection of environmental noise/SED_wav/S-0497.wav,monophonic,Crows seagulls and magpies,crows_seagulls_magpies,60.55,65.06,0.75,0.81,4.51,2867
datased:monophonic:002867,S-0497,DataSED - DataSED - Dataset for Sound Event Detection of environmental noise/SED_wav/S-0497.wav,monophonic,Crows seagulls and magpies,crows_seagulls_magpies,67.05,68.02,0.83,0.84,0.98,2868
datased:monophonic:002868,S-0497,DataSED - DataSED - Dataset for Sound Event Detection of environmental noise/SED_wav/S-0497.wav,monophonic,Crows seagulls and magpies,crows_seagulls_magpies,69.0,71.69,0.86,0.89,2.69,2869
datased:monophonic:002869,S-0497,DataSED - DataSED - Dataset for Sound Event Detection of environmental noise/SED_wav/S-0497.wav,monophonic,Crows seagulls and magpies,crows_seagulls_magpies,73.47,80.67,0.91,1.0,7.2,2870
datased:monophonic:002870,S-0498,DataSED - DataSED - Dataset for Sound Event Detection of environmental noise/SED_wav/S-0498.wav,monophonic,Jet aircrafts,jet_aircrafts,1.31,27.64,0.05,0.96,26.32,2871
datased:monophonic:002871,S-0499,DataSED - DataSED - Dataset for Sound Event Detection of environmental noise/SED_wav/S-0499.wav,monophonic,Jet aircrafts,jet_aircrafts,11.19,45.0,0.1,0.41,33.81,2872
datased:monophonic:002872,S-0499,DataSED - DataSED - Dataset for Sound Event Detection of environmental noise/SED_wav/S-0499.wav,monophonic,Vehicle pass-by,vehicle_pass_by,60.02,70.67,0.55,0.65,10.65,2873
datased:monophonic:002873,S-0499,DataSED - DataSED - Dataset for Sound Event Detection of environmental noise/SED_wav/S-0499.wav,monophonic,Vehicle pass-by,vehicle_pass_by,74.57,84.17,0.68,0.77,9.59,2874
datased:monophonic:002874,S-0499,DataSED - DataSED - Dataset for Sound Event Detection of environmental noise/SED_wav/S-0499.wav,monophonic,Crows seagulls and magpies,crows_seagulls_magpies,84.56,87.54,0.77,0.8,2.98,2875
datased:monophonic:002875,S-0500,DataSED - DataSED - Dataset for Sound Event Detection of environmental noise/SED_wav/S-0500.wav,monophonic,Jet aircrafts,jet_aircrafts,5.43,82.65,0.05,0.82,77.23,2876
datased:monophonic:002876,S-0501,DataSED - DataSED - Dataset for Sound Event Detection of environmental noise/SED_wav/S-0501.wav,monophonic,Sirens and alarms,sirens_and_alarms,0.23,0.98,0.01,0.05,0.75,2877
datased:monophonic:002877,S-0501,DataSED - DataSED - Dataset for Sound Event Detection of environmental noise/SED_wav/S-0501.wav,monophonic,Dog barkings and howlings,dog_barkings_and_howlings,1.02,1.68,0.06,0.09,0.66,2878
datased:monophonic:002878,S-0501,DataSED - DataSED - Dataset for Sound Event Detection of environmental noise/SED_wav/S-0501.wav,monophonic,Sirens and alarms,sirens_and_alarms,1.85,3.33,0.1,0.18,1.48,2879
datased:monophonic:002879,S-0501,DataSED - DataSED - Dataset for Sound Event Detection of environmental noise/SED_wav/S-0501.wav,monophonic,Dog barkings and howlings,dog_barkings_and_howlings,3.36,4.77,0.18,0.26,1.41,2880
datased:monophonic:002880,S-0501,DataSED - DataSED - Dataset for Sound Event Detection of environmental noise/SED_wav/S-0501.wav,monophonic,Sirens and alarms,sirens_and_alarms,4.81,8.32,0.26,0.45,3.51,2881
datased:monophonic:002881,S-0501,DataSED - DataSED - Dataset for Sound Event Detection of environmental noise/SED_wav/S-0501.wav,monophonic,Dog barkings and howlings,dog_barkings_and_howlings,8.42,9.29,0.46,0.5,0.87,2882
datased:monophonic:002882,S-0501,DataSED - DataSED - Dataset for Sound Event Detection of environmental noise/SED_wav/S-0501.wav,monophonic,Sirens and alarms,sirens_and_alarms,9.43,11.21,0.51,0.61,1.79,2883
datased:monophonic:002883,S-0501,DataSED - DataSED - Dataset for Sound Event Detection of environmental noise/SED_wav/S-0501.wav,monophonic,Dog barkings and howlings,dog_barkings_and_howlings,12.76,13.5,0.69,0.73,0.74,2884
datased:monophonic:002884,S-0501,DataSED - DataSED - Dataset for Sound Event Detection of environmental noise/SED_wav/S-0501.wav,monophonic,Vehicle pass-by,vehicle_pass_by,13.53,18.49,0.73,1.0,4.96,2885
datased:monophonic:002885,S-0502,DataSED - DataSED - Dataset for Sound Event Detection of environmental noise/SED_wav/S-0502.wav,monophonic,Bells,bells,0.96,22.17,0.01,0.17,21.21,2886
datased:monophonic:002886,S-0502,DataSED - DataSED - Dataset for Sound Event Detection of environmental noise/SED_wav/S-0502.wav,monophonic,Vehicle pass-by,vehicle_pass_by,22.72,36.46,0.18,0.28,13.75,2887
datased:monophonic:002887,S-0502,DataSED - DataSED - Dataset for Sound Event Detection of environmental noise/SED_wav/S-0502.wav,monophonic,Bells,bells,37.25,48.87,0.29,0.38,11.63,2888
datased:monophonic:002888,S-0502,DataSED - DataSED - Dataset for Sound Event Detection of environmental noise/SED_wav/S-0502.wav,monophonic,Vehicle pass-by,vehicle_pass_by,48.89,63.48,0.38,0.49,14.6,2889
datased:monophonic:002889,S-0502,DataSED - DataSED - Dataset for Sound Event Detection of environmental noise/SED_wav/S-0502.wav,monophonic,Bells,bells,63.88,102.13,0.49,0.79,38.25,2890
datased:monophonic:002890,S-0502,DataSED - DataSED - Dataset for Sound Event Detection of environmental noise/SED_wav/S-0502.wav,monophonic,Vehicle pass-by,vehicle_pass_by,105.9,122.79,0.82,0.95,16.89,2891
datased:monophonic:002891,S-0503,DataSED - DataSED - Dataset for Sound Event Detection of environmental noise/SED_wav/S-0503.wav,monophonic,Bells,bells,0.32,34.32,0.0,0.27,34.01,2892
datased:monophonic:002892,S-0503,DataSED - DataSED - Dataset for Sound Event Detection of environmental noise/SED_wav/S-0503.wav,monophonic,Music,music,34.33,36.06,0.28,0.29,1.73,2893
datased:monophonic:002893,S-0503,DataSED - DataSED - Dataset for Sound Event Detection of environmental noise/SED_wav/S-0503.wav,monophonic,Voices,voices,39.16,41.43,0.31,0.33,2.27,2894
datased:monophonic:002894,S-0503,DataSED - DataSED - Dataset for Sound Event Detection of environmental noise/SED_wav/S-0503.wav,monophonic,Bells,bells,43.47,72.41,0.35,0.58,28.94,2895
datased:monophonic:002895,S-0503,DataSED - DataSED - Dataset for Sound Event Detection of environmental noise/SED_wav/S-0503.wav,monophonic,Vehicle pass-by,vehicle_pass_by,74.07,81.85,0.59,0.66,7.78,2896
datased:monophonic:002896,S-0503,DataSED - DataSED - Dataset for Sound Event Detection of environmental noise/SED_wav/S-0503.wav,monophonic,Bells,bells,82.61,114.61,0.66,0.92,32.0,2897
datased:monophonic:002897,S-0503,DataSED - DataSED - Dataset for Sound Event Detection of environmental noise/SED_wav/S-0503.wav,monophonic,Vehicle pass-by,vehicle_pass_by,114.73,118.2,0.92,0.95,3.48,2898
datased:monophonic:002898,S-0504,DataSED - DataSED - Dataset for Sound Event Detection of environmental noise/SED_wav/S-0504.wav,monophonic,Bells,bells,0.78,8.83,0.01,0.06,8.05,2899
datased:monophonic:002899,S-0504,DataSED - DataSED - Dataset for Sound Event Detection of environmental noise/SED_wav/S-0504.wav,monophonic,Vehicle pass-by,vehicle_pass_by,10.27,16.63,0.07,0.12,6.36,2900
datased:monophonic:002900,S-0504,DataSED - DataSED - Dataset for Sound Event Detection of environmental noise/SED_wav/S-0504.wav,monophonic,Bells,bells,17.31,33.93,0.12,0.24,16.62,2901
datased:monophonic:002901,S-0504,DataSED - DataSED - Dataset for Sound Event Detection of environmental noise/SED_wav/S-0504.wav,monophonic,Voices,voices,34.26,38.94,0.24,0.28,4.67,2902
datased:monophonic:002902,S-0504,DataSED - DataSED - Dataset for Sound Event Detection of environmental noise/SED_wav/S-0504.wav,monophonic,Horn,horn,39.01,42.49,0.28,0.3,3.48,2903
datased:monophonic:002903,S-0504,DataSED - DataSED - Dataset for Sound Event Detection of environmental noise/SED_wav/S-0504.wav,monophonic,Bells,bells,43.42,81.91,0.31,0.58,38.49,2904
datased:monophonic:002904,S-0504,DataSED - DataSED - Dataset for Sound Event Detection of environmental noise/SED_wav/S-0504.wav,monophonic,Bells,bells,88.52,129.21,0.63,0.92,40.69,2905
datased:monophonic:002905,S-0504,DataSED - DataSED - Dataset for Sound Event Detection of environmental noise/SED_wav/S-0504.wav,monophonic,Music,music,129.21,131.8,0.92,0.94,2.6,2906
datased:monophonic:002906,S-0504,DataSED - DataSED - Dataset for Sound Event Detection of environmental noise/SED_wav/S-0504.wav,monophonic,Vehicle idling,vehicle_idling,133.36,137.26,0.95,0.98,3.9,2907
datased:monophonic:002907,S-0505,DataSED - DataSED - Dataset for Sound Event Detection of environmental noise/SED_wav/S-0505.wav,monophonic,Cat fight and moans,cat_fights_and_moans,0.85,2.41,0.01,0.02,1.56,2908
datased:monophonic:002908,S-0505,DataSED - DataSED - Dataset for Sound Event Detection of environmental noise/SED_wav/S-0505.wav,monophonic,Cat fight and moans,cat_fights_and_moans,3.52,5.45,0.02,0.04,1.93,2909
datased:monophonic:002909,S-0505,DataSED - DataSED - Dataset for Sound Event Detection of environmental noise/SED_wav/S-0505.wav,monophonic,Cat fight and moans,cat_fights_and_moans,8.21,9.96,0.05,0.07,1.75,2910
datased:monophonic:002910,S-0505,DataSED - DataSED - Dataset for Sound Event Detection of environmental noise/SED_wav/S-0505.wav,monophonic,Cat fight and moans,cat_fights_and_moans,11.71,15.3,0.08,0.1,3.59,2911
datased:monophonic:002911,S-0505,DataSED - DataSED - Dataset for Sound Event Detection of environmental noise/SED_wav/S-0505.wav,monophonic,Cat fight and moans,cat_fights_and_moans,19.71,21.28,0.13,0.14,1.56,2912
datased:monophonic:002912,S-0505,DataSED - DataSED - Dataset for Sound Event Detection of environmental noise/SED_wav/S-0505.wav,monophonic,Cat fight and moans,cat_fights_and_moans,23.67,25.51,0.16,0.17,1.84,2913
datased:monophonic:002913,S-0505,DataSED - DataSED - Dataset for Sound Event Detection of environmental noise/SED_wav/S-0505.wav,monophonic,Cat fight and moans,cat_fights_and_moans,28.64,30.11,0.19,0.2,1.47,2914
datased:monophonic:002914,S-0505,DataSED - DataSED - Dataset for Sound Event Detection of environmental noise/SED_wav/S-0505.wav,monophonic,Cat fight and moans,cat_fights_and_moans,31.31,33.06,0.21,0.22,1.75,2915
datased:monophonic:002915,S-0505,DataSED - DataSED - Dataset for Sound Event Detection of environmental noise/SED_wav/S-0505.wav,monophonic,Cat fight and moans,cat_fights_and_moans,36.28,38.12,0.24,0.25,1.84,2916
datased:monophonic:002916,S-0505,DataSED - DataSED - Dataset for Sound Event Detection of environmental noise/SED_wav/S-0505.wav,monophonic,Cat fight and moans,cat_fights_and_moans,39.96,41.8,0.26,0.27,1.84,2917
datased:monophonic:002917,S-0505,DataSED - DataSED - Dataset for Sound Event Detection of environmental noise/SED_wav/S-0505.wav,monophonic,Cat fight and moans,cat_fights_and_moans,45.48,47.42,0.3,0.31,1.93,2918
datased:monophonic:002918,S-0505,DataSED - DataSED - Dataset for Sound Event Detection of environmental noise/SED_wav/S-0505.wav,monophonic,Cat fight and moans,cat_fights_and_moans,51.56,53.49,0.34,0.35,1.93,2919
datased:monophonic:002919,S-0505,DataSED - DataSED - Dataset for Sound Event Detection of environmental noise/SED_wav/S-0505.wav,monophonic,Cat fight and moans,cat_fights_and_moans,54.78,56.44,0.36,0.37,1.66,2920
datased:monophonic:002920,S-0505,DataSED - DataSED - Dataset for Sound Event Detection of environmental noise/SED_wav/S-0505.wav,monophonic,Cat fight and moans,cat_fights_and_moans,58.46,60.12,0.38,0.4,1.66,2921
datased:monophonic:002921,S-0505,DataSED - DataSED - Dataset for Sound Event Detection of environmental noise/SED_wav/S-0505.wav,monophonic,Cat fight and moans,cat_fights_and_moans,64.44,65.91,0.42,0.43,1.47,2922
datased:monophonic:002922,S-0505,DataSED - DataSED - Dataset for Sound Event Detection of environmental noise/SED_wav/S-0505.wav,monophonic,Cat fight and moans,cat_fights_and_moans,67.85,69.78,0.45,0.46,1.93,2923
datased:monophonic:002923,S-0505,DataSED - DataSED - Dataset for Sound Event Detection of environmental noise/SED_wav/S-0505.wav,monophonic,Cat fight and moans,cat_fights_and_moans,72.08,73.83,0.47,0.49,1.75,2924
datased:monophonic:002924,S-0505,DataSED - DataSED - Dataset for Sound Event Detection of environmental noise/SED_wav/S-0505.wav,monophonic,Cat fight and moans,cat_fights_and_moans,77.51,80.09,0.51,0.53,2.58,2925
datased:monophonic:002925,S-0505,DataSED - DataSED - Dataset for Sound Event Detection of environmental noise/SED_wav/S-0505.wav,monophonic,Cat fight and moans,cat_fights_and_moans,82.2,84.05,0.54,0.55,1.84,2926
datased:monophonic:002926,S-0505,DataSED - DataSED - Dataset for Sound Event Detection of environmental noise/SED_wav/S-0505.wav,monophonic,Cat fight and moans,cat_fights_and_moans,88.09,89.84,0.58,0.59,1.75,2927
datased:monophonic:002927,S-0505,DataSED - DataSED - Dataset for Sound Event Detection of environmental noise/SED_wav/S-0505.wav,monophonic,Cat fight and moans,cat_fights_and_moans,91.13,93.16,0.6,0.61,2.02,2928
datased:monophonic:002928,S-0505,DataSED - DataSED - Dataset for Sound Event Detection of environmental noise/SED_wav/S-0505.wav,monophonic,Cat fight and moans,cat_fights_and_moans,94.63,99.6,0.62,0.66,4.97,2929
datased:monophonic:002929,S-0505,DataSED - DataSED - Dataset for Sound Event Detection of environmental noise/SED_wav/S-0505.wav,monophonic,Cat fight and moans,cat_fights_and_moans,100.89,106.13,0.66,0.7,5.25,2930
datased:monophonic:002930,S-0505,DataSED - DataSED - Dataset for Sound Event Detection of environmental noise/SED_wav/S-0505.wav,monophonic,Cat fight and moans,cat_fights_and_moans,108.34,110.64,0.71,0.73,2.3,2931
datased:monophonic:002931,S-0505,DataSED - DataSED - Dataset for Sound Event Detection of environmental noise/SED_wav/S-0505.wav,monophonic,Cat fight and moans,cat_fights_and_moans,113.77,115.98,0.75,0.76,2.21,2932
datased:monophonic:002932,S-0505,DataSED - DataSED - Dataset for Sound Event Detection of environmental noise/SED_wav/S-0505.wav,monophonic,Cat fight and moans,cat_fights_and_moans,116.99,118.28,0.77,0.78,1.29,2933
datased:monophonic:002933,S-0505,DataSED - DataSED - Dataset for Sound Event Detection of environmental noise/SED_wav/S-0505.wav,monophonic,Cat fight and moans,cat_fights_and_moans,121.96,123.62,0.8,0.81,1.66,2934
datased:monophonic:002934,S-0505,DataSED - DataSED - Dataset for Sound Event Detection of environmental noise/SED_wav/S-0505.wav,monophonic,Cat fight and moans,cat_fights_and_moans,124.63,126.66,0.82,0.83,2.02,2935
datased:monophonic:002935,S-0505,DataSED - DataSED - Dataset for Sound Event Detection of environmental noise/SED_wav/S-0505.wav,monophonic,Cat fight and moans,cat_fights_and_moans,129.05,131.35,0.85,0.86,2.3,2936
datased:monophonic:002936,S-0505,DataSED - DataSED - Dataset for Sound Event Detection of environmental noise/SED_wav/S-0505.wav,monophonic,Cat fight and moans,cat_fights_and_moans,134.2,137.79,0.88,0.91,3.59,2937
datased:monophonic:002937,S-0505,DataSED - DataSED - Dataset for Sound Event Detection of environmental noise/SED_wav/S-0505.wav,monophonic,Cat fight and moans,cat_fights_and_moans,138.62,140.28,0.91,0.92,1.66,2938
datased:monophonic:002938,S-0505,DataSED - DataSED - Dataset for Sound Event Detection of environmental noise/SED_wav/S-0505.wav,monophonic,Cat fight and moans,cat_fights_and_moans,141.75,143.87,0.93,0.95,2.12,2939
datased:monophonic:002939,S-0505,DataSED - DataSED - Dataset for Sound Event Detection of environmental noise/SED_wav/S-0505.wav,monophonic,Cat fight and moans,cat_fights_and_moans,147.0,149.66,0.97,0.98,2.67,2940
datased:monophonic:002940,S-0506,DataSED - DataSED - Dataset for Sound Event Detection of environmental noise/SED_wav/S-0506.wav,monophonic,Crows seagulls and magpies,crows_seagulls_magpies,7.58,20.34,0.05,0.14,12.75,2941
datased:monophonic:002941,S-0506,DataSED - DataSED - Dataset for Sound Event Detection of environmental noise/SED_wav/S-0506.wav,monophonic,Crows seagulls and magpies,crows_seagulls_magpies,22.8,27.82,0.16,0.2,5.02,2942
datased:monophonic:002942,S-0506,DataSED - DataSED - Dataset for Sound Event Detection of environmental noise/SED_wav/S-0506.wav,monophonic,Crows seagulls and magpies,crows_seagulls_magpies,29.35,50.26,0.21,0.36,20.92,2943
datased:monophonic:002943,S-0506,DataSED - DataSED - Dataset for Sound Event Detection of environmental noise/SED_wav/S-0506.wav,monophonic,Crows seagulls and magpies,crows_seagulls_magpies,50.86,64.8,0.36,0.46,13.94,2944
datased:monophonic:002944,S-0506,DataSED - DataSED - Dataset for Sound Event Detection of environmental noise/SED_wav/S-0506.wav,monophonic,Crows seagulls and magpies,crows_seagulls_magpies,66.84,73.82,0.48,0.53,6.97,2945
datased:monophonic:002945,S-0506,DataSED - DataSED - Dataset for Sound Event Detection of environmental noise/SED_wav/S-0506.wav,monophonic,Crows seagulls and magpies,crows_seagulls_magpies,75.86,80.19,0.54,0.57,4.34,2946
datased:monophonic:002946,S-0506,DataSED - DataSED - Dataset for Sound Event Detection of environmental noise/SED_wav/S-0506.wav,monophonic,Propeller aircrafts,propeller_aircrafts,81.96,128.14,0.58,0.91,46.18,2947
datased:monophonic:002947,S-0506,DataSED - DataSED - Dataset for Sound Event Detection of environmental noise/SED_wav/S-0506.wav,monophonic,Crows seagulls and magpies,crows_seagulls_magpies,132.82,135.37,0.95,0.96,2.55,2948
datased:monophonic:002948,S-0506,DataSED - DataSED - Dataset for Sound Event Detection of environmental noise/SED_wav/S-0506.wav,monophonic,Birds,birds,135.63,140.47,0.97,1.0,4.85,2949
datased:monophonic:002949,S-0507,DataSED - DataSED - Dataset for Sound Event Detection of environmental noise/SED_wav/S-0507.wav,monophonic,Crows seagulls and magpies,crows_seagulls_magpies,1.18,2.39,0.03,0.05,1.2,2950
datased:monophonic:002950,S-0507,DataSED - DataSED - Dataset for Sound Event Detection of environmental noise/SED_wav/S-0507.wav,monophonic,Crows seagulls and magpies,crows_seagulls_magpies,5.18,12.08,0.11,0.27,6.9,2951
datased:monophonic:002951,S-0507,DataSED - DataSED - Dataset for Sound Event Detection of environmental noise/SED_wav/S-0507.wav,monophonic,Crows seagulls and magpies,crows_seagulls_magpies,14.71,17.48,0.33,0.39,2.77,2952
datased:monophonic:002952,S-0507,DataSED - DataSED - Dataset for Sound Event Detection of environmental noise/SED_wav/S-0507.wav,monophonic,Crows seagulls and magpies,crows_seagulls_magpies,18.71,21.23,0.41,0.47,2.52,2953
datased:monophonic:002953,S-0507,DataSED - DataSED - Dataset for Sound Event Detection of environmental noise/SED_wav/S-0507.wav,monophonic,Crows seagulls and magpies,crows_seagulls_magpies,24.27,28.24,0.54,0.62,3.97,2954
datased:monophonic:002954,S-0507,DataSED - DataSED - Dataset for Sound Event Detection of environmental noise/SED_wav/S-0507.wav,monophonic,Crows seagulls and magpies,crows_seagulls_magpies,29.74,32.32,0.66,0.71,2.57,2955
datased:monophonic:002955,S-0507,DataSED - DataSED - Dataset for Sound Event Detection of environmental noise/SED_wav/S-0507.wav,monophonic,Crows seagulls and magpies,crows_seagulls_magpies,35.41,41.38,0.78,0.91,5.97,2956
datased:monophonic:002956,S-0507,DataSED - DataSED - Dataset for Sound Event Detection of environmental noise/SED_wav/S-0507.wav,monophonic,Crows seagulls and magpies,crows_seagulls_magpies,43.43,44.94,0.96,0.99,1.51,2957
datased:monophonic:002957,S-0508,DataSED - DataSED - Dataset for Sound Event Detection of environmental noise/SED_wav/S-0508.wav,monophonic,Crows seagulls and magpies,crows_seagulls_magpies,0.36,3.74,0.01,0.11,3.37,2958
datased:monophonic:002958,S-0508,DataSED - DataSED - Dataset for Sound Event Detection of environmental noise/SED_wav/S-0508.wav,monophonic,Crows seagulls and magpies,crows_seagulls_magpies,11.0,14.55,0.33,0.44,3.55,2959
datased:monophonic:002959,S-0508,DataSED - DataSED - Dataset for Sound Event Detection of environmental noise/SED_wav/S-0508.wav,monophonic,Crows seagulls and magpies,crows_seagulls_magpies,16.99,19.22,0.52,0.58,2.24,2960
datased:monophonic:002960,S-0508,DataSED - DataSED - Dataset for Sound Event Detection of environmental noise/SED_wav/S-0508.wav,monophonic,Vehicle idling,vehicle_idling,20.36,23.87,0.62,0.72,3.51,2961
datased:monophonic:002961,S-0508,DataSED - DataSED - Dataset for Sound Event Detection of environmental noise/SED_wav/S-0508.wav,monophonic,Crows seagulls and magpies,crows_seagulls_magpies,23.92,24.74,0.73,0.75,0.82,2962
datased:monophonic:002962,S-0508,DataSED - DataSED - Dataset for Sound Event Detection of environmental noise/SED_wav/S-0508.wav,monophonic,Vehicle idling,vehicle_idling,24.77,26.38,0.75,0.8,1.62,2963
datased:monophonic:002963,S-0508,DataSED - DataSED - Dataset for Sound Event Detection of environmental noise/SED_wav/S-0508.wav,monophonic,Crows seagulls and magpies,crows_seagulls_magpies,26.67,29.02,0.81,0.88,2.36,2964
datased:monophonic:002964,S-0508,DataSED - DataSED - Dataset for Sound Event Detection of environmental noise/SED_wav/S-0508.wav,monophonic,Vehicle idling,vehicle_idling,29.05,32.98,0.88,1.0,3.92,2965
datased:monophonic:002965,S-0509,DataSED - DataSED - Dataset for Sound Event Detection of environmental noise/SED_wav/S-0509.wav,monophonic,Birds,birds,0.0,2.56,0.0,0.04,2.56,2966
datased:monophonic:002966,S-0509,DataSED - DataSED - Dataset for Sound Event Detection of environmental noise/SED_wav/S-0509.wav,monophonic,Crows seagulls and magpies,crows_seagulls_magpies,2.63,6.79,0.05,0.12,4.16,2967
datased:monophonic:002967,S-0509,DataSED - DataSED - Dataset for Sound Event Detection of environmental noise/SED_wav/S-0509.wav,monophonic,Crows seagulls and magpies,crows_seagulls_magpies,8.22,9.98,0.14,0.18,1.76,2968
datased:monophonic:002968,S-0509,DataSED - DataSED - Dataset for Sound Event Detection of environmental noise/SED_wav/S-0509.wav,monophonic,Birds,birds,10.22,11.47,0.18,0.2,1.24,2969
datased:monophonic:002969,S-0509,DataSED - DataSED - Dataset for Sound Event Detection of environmental noise/SED_wav/S-0509.wav,monophonic,Crows seagulls and magpies,crows_seagulls_magpies,11.54,13.12,0.2,0.23,1.58,2970
datased:monophonic:002970,S-0509,DataSED - DataSED - Dataset for Sound Event Detection of environmental noise/SED_wav/S-0509.wav,monophonic,Thunder fireworks and gunshot,thunder_fireworks_gunshot,13.4,14.02,0.23,0.25,0.62,2971
datased:monophonic:002971,S-0509,DataSED - DataSED - Dataset for Sound Event Detection of environmental noise/SED_wav/S-0509.wav,monophonic,Birds,birds,14.99,18.65,0.26,0.33,3.66,2972
datased:monophonic:002972,S-0509,DataSED - DataSED - Dataset for Sound Event Detection of environmental noise/SED_wav/S-0509.wav,monophonic,Crows seagulls and magpies,crows_seagulls_magpies,18.68,25.64,0.33,0.45,6.96,2973
datased:monophonic:002973,S-0509,DataSED - DataSED - Dataset for Sound Event Detection of environmental noise/SED_wav/S-0509.wav,monophonic,Thunder fireworks and gunshot,thunder_fireworks_gunshot,26.21,27.45,0.46,0.48,1.24,2974
datased:monophonic:002974,S-0509,DataSED - DataSED - Dataset for Sound Event Detection of environmental noise/SED_wav/S-0509.wav,monophonic,Crows seagulls and magpies,crows_seagulls_magpies,27.97,29.0,0.49,0.51,1.04,2975
datased:monophonic:002975,S-0509,DataSED - DataSED - Dataset for Sound Event Detection of environmental noise/SED_wav/S-0509.wav,monophonic,Birds,birds,29.55,30.83,0.52,0.54,1.28,2976
datased:monophonic:002976,S-0509,DataSED - DataSED - Dataset for Sound Event Detection of environmental noise/SED_wav/S-0509.wav,monophonic,Crows seagulls and magpies,crows_seagulls_magpies,30.93,32.65,0.54,0.57,1.72,2977
datased:monophonic:002977,S-0509,DataSED - DataSED - Dataset for Sound Event Detection of environmental noise/SED_wav/S-0509.wav,monophonic,Birds,birds,32.9,34.7,0.58,0.61,1.79,2978
datased:monophonic:002978,S-0509,DataSED - DataSED - Dataset for Sound Event Detection of environmental noise/SED_wav/S-0509.wav,monophonic,Crows seagulls and magpies,crows_seagulls_magpies,34.8,40.12,0.61,0.7,5.32,2979
datased:monophonic:002979,S-0509,DataSED - DataSED - Dataset for Sound Event Detection of environmental noise/SED_wav/S-0509.wav,monophonic,Birds,birds,40.46,41.63,0.71,0.73,1.17,2980
datased:monophonic:002980,S-0509,DataSED - DataSED - Dataset for Sound Event Detection of environmental noise/SED_wav/S-0509.wav,monophonic,Dog barkings and howlings,dog_barkings_and_howlings,41.63,42.26,0.73,0.74,0.62,2981
datased:monophonic:002981,S-0509,DataSED - DataSED - Dataset for Sound Event Detection of environmental noise/SED_wav/S-0509.wav,monophonic,Crows seagulls and magpies,crows_seagulls_magpies,42.26,44.14,0.74,0.77,1.88,2982
datased:monophonic:002982,S-0509,DataSED - DataSED - Dataset for Sound Event Detection of environmental noise/SED_wav/S-0509.wav,monophonic,Birds,birds,44.15,49.75,0.77,0.87,5.59,2983
datased:monophonic:002983,S-0509,DataSED - DataSED - Dataset for Sound Event Detection of environmental noise/SED_wav/S-0509.wav,monophonic,Crows seagulls and magpies,crows_seagulls_magpies,49.92,53.04,0.88,0.93,3.12,2984
datased:monophonic:002984,S-0509,DataSED - DataSED - Dataset for Sound Event Detection of environmental noise/SED_wav/S-0509.wav,monophonic,Thunder fireworks and gunshot,thunder_fireworks_gunshot,53.09,54.27,0.93,0.95,1.17,2985
datased:monophonic:002985,S-0509,DataSED - DataSED - Dataset for Sound Event Detection of environmental noise/SED_wav/S-0509.wav,monophonic,Birds,birds,54.44,57.03,0.95,1.0,2.59,2986
datased:monophonic:002986,S-0510,DataSED - DataSED - Dataset for Sound Event Detection of environmental noise/SED_wav/S-0510.wav,monophonic,Crows seagulls and magpies,crows_seagulls_magpies,0.7,2.15,0.08,0.25,1.45,2987
datased:monophonic:002987,S-0510,DataSED - DataSED - Dataset for Sound Event Detection of environmental noise/SED_wav/S-0510.wav,monophonic,Crows seagulls and magpies,crows_seagulls_magpies,3.01,4.44,0.35,0.51,1.42,2988
datased:monophonic:002988,S-0510,DataSED - DataSED - Dataset for Sound Event Detection of environmental noise/SED_wav/S-0510.wav,monophonic,Crows seagulls and magpies,crows_seagulls_magpies,5.04,6.3,0.58,0.73,1.26,2989
datased:monophonic:002989,S-0510,DataSED - DataSED - Dataset for Sound Event Detection of environmental noise/SED_wav/S-0510.wav,monophonic,Crows seagulls and magpies,crows_seagulls_magpies,7.21,8.02,0.83,0.92,0.81,2990
datased:monophonic:002990,S-0511,DataSED - DataSED - Dataset for Sound Event Detection of environmental noise/SED_wav/S-0511.wav,monophonic,Birds,birds,0.62,3.1,0.02,0.11,2.49,2991
datased:monophonic:002991,S-0511,DataSED - DataSED - Dataset for Sound Event Detection of environmental noise/SED_wav/S-0511.wav,monophonic,Crows seagulls and magpies,crows_seagulls_magpies,3.19,5.33,0.11,0.18,2.14,2992
datased:monophonic:002992,S-0511,DataSED - DataSED - Dataset for Sound Event Detection of environmental noise/SED_wav/S-0511.wav,monophonic,Birds,birds,5.47,12.93,0.19,0.45,7.46,2993
datased:monophonic:002993,S-0511,DataSED - DataSED - Dataset for Sound Event Detection of environmental noise/SED_wav/S-0511.wav,monophonic,Crows seagulls and magpies,crows_seagulls_magpies,13.04,15.47,0.45,0.53,2.44,2994
datased:monophonic:002994,S-0511,DataSED - DataSED - Dataset for Sound Event Detection of environmental noise/SED_wav/S-0511.wav,monophonic,Birds,birds,15.63,23.72,0.54,0.82,8.09,2995
datased:monophonic:002995,S-0511,DataSED - DataSED - Dataset for Sound Event Detection of environmental noise/SED_wav/S-0511.wav,monophonic,Crows seagulls and magpies,crows_seagulls_magpies,23.78,25.32,0.82,0.87,1.54,2996
datased:monophonic:002996,S-0511,DataSED - DataSED - Dataset for Sound Event Detection of environmental noise/SED_wav/S-0511.wav,monophonic,Birds,birds,25.46,28.1,0.88,0.97,2.65,2997
datased:monophonic:002997,S-0512,DataSED - DataSED - Dataset for Sound Event Detection of environmental noise/SED_wav/S-0512.wav,monophonic,Crows seagulls and magpies,crows_seagulls_magpies,1.14,6.87,0.07,0.41,5.73,2998
datased:monophonic:002998,S-0512,DataSED - DataSED - Dataset for Sound Event Detection of environmental noise/SED_wav/S-0512.wav,monophonic,Crows seagulls and magpies,crows_seagulls_magpies,6.88,7.87,0.41,0.47,0.99,2999
datased:monophonic:002999,S-0512,DataSED - DataSED - Dataset for Sound Event Detection of environmental noise/SED_wav/S-0512.wav,monophonic,Crows seagulls and magpies,crows_seagulls_magpies,7.88,15.64,0.47,0.94,7.76,3000
datased:monophonic:003000,S-0513,DataSED - DataSED - Dataset for Sound Event Detection of environmental noise/SED_wav/S-0513.wav,monophonic,Crows seagulls and magpies,crows_seagulls_magpies,2.04,8.72,0.05,0.21,6.68,3001
datased:monophonic:003001,S-0513,DataSED - DataSED - Dataset for Sound Event Detection of environmental noise/SED_wav/S-0513.wav,monophonic,Crows seagulls and magpies,crows_seagulls_magpies,9.66,10.49,0.23,0.25,0.83,3002
datased:monophonic:003002,S-0513,DataSED - DataSED - Dataset for Sound Event Detection of environmental noise/SED_wav/S-0513.wav,monophonic,Crows seagulls and magpies,crows_seagulls_magpies,10.95,12.51,0.26,0.3,1.57,3003
datased:monophonic:003003,S-0513,DataSED - DataSED - Dataset for Sound Event Detection of environmental noise/SED_wav/S-0513.wav,monophonic,Crows seagulls and magpies,crows_seagulls_magpies,14.18,15.32,0.34,0.37,1.14,3004
datased:monophonic:003004,S-0513,DataSED - DataSED - Dataset for Sound Event Detection of environmental noise/SED_wav/S-0513.wav,monophonic,Crows seagulls and magpies,crows_seagulls_magpies,16.88,19.41,0.4,0.46,2.53,3005
datased:monophonic:003005,S-0513,DataSED - DataSED - Dataset for Sound Event Detection of environmental noise/SED_wav/S-0513.wav,monophonic,Crows seagulls and magpies,crows_seagulls_magpies,26.82,27.62,0.64,0.66,0.81,3006
datased:monophonic:003006,S-0513,DataSED - DataSED - Dataset for Sound Event Detection of environmental noise/SED_wav/S-0513.wav,monophonic,Crows seagulls and magpies,crows_seagulls_magpies,27.9,40.54,0.67,0.97,12.63,3007
datased:monophonic:003007,S-0514,DataSED - DataSED - Dataset for Sound Event Detection of environmental noise/SED_wav/S-0514.wav,monophonic,Propeller aircrafts,propeller_aircrafts,1.44,56.41,0.02,0.93,54.96,3008
datased:monophonic:003008,S-0515,DataSED - DataSED - Dataset for Sound Event Detection of environmental noise/SED_wav/S-0515.wav,monophonic,Jet aircrafts,jet_aircrafts,4.83,91.86,0.03,0.62,87.03,3009
datased:monophonic:003009,S-0515,DataSED - DataSED - Dataset for Sound Event Detection of environmental noise/SED_wav/S-0515.wav,monophonic,Jet aircrafts,jet_aircrafts,103.72,119.32,0.7,0.81,15.6,3010
datased:monophonic:003010,S-0515,DataSED - DataSED - Dataset for Sound Event Detection of environmental noise/SED_wav/S-0515.wav,monophonic,Jet aircrafts,jet_aircrafts,123.96,131.54,0.84,0.89,7.58,3011
datased:monophonic:003011,S-0516,DataSED - DataSED - Dataset for Sound Event Detection of environmental noise/SED_wav/S-0516.wav,monophonic,Cat fight and moans,cat_fights_and_moans,0.0,5.31,0.0,0.03,5.31,3012
datased:monophonic:003012,S-0516,DataSED - DataSED - Dataset for Sound Event Detection of environmental noise/SED_wav/S-0516.wav,monophonic,Birds,birds,5.47,10.28,0.03,0.06,4.81,3013
datased:monophonic:003013,S-0516,DataSED - DataSED - Dataset for Sound Event Detection of environmental noise/SED_wav/S-0516.wav,monophonic,Cat fight and moans,cat_fights_and_moans,10.72,15.35,0.06,0.08,4.63,3014
datased:monophonic:003014,S-0516,DataSED - DataSED - Dataset for Sound Event Detection of environmental noise/SED_wav/S-0516.wav,monophonic,Birds,birds,16.01,18.4,0.09,0.1,2.39,3015
datased:monophonic:003015,S-0516,DataSED - DataSED - Dataset for Sound Event Detection of environmental noise/SED_wav/S-0516.wav,monophonic,Cat fight and moans,cat_fights_and_moans,18.44,20.64,0.1,0.11,2.21,3016
datased:monophonic:003016,S-0516,DataSED - DataSED - Dataset for Sound Event Detection of environmental noise/SED_wav/S-0516.wav,monophonic,Birds,birds,20.86,22.63,0.11,0.12,1.76,3017
datased:monophonic:003017,S-0516,DataSED - DataSED - Dataset for Sound Event Detection of environmental noise/SED_wav/S-0516.wav,monophonic,Cat fight and moans,cat_fights_and_moans,22.74,24.83,0.12,0.14,2.09,3018
datased:monophonic:003018,S-0516,DataSED - DataSED - Dataset for Sound Event Detection of environmental noise/SED_wav/S-0516.wav,monophonic,Birds,birds,24.87,40.16,0.14,0.22,15.29,3019
datased:monophonic:003019,S-0516,DataSED - DataSED - Dataset for Sound Event Detection of environmental noise/SED_wav/S-0516.wav,monophonic,Cat fight and moans,cat_fights_and_moans,40.49,42.03,0.22,0.23,1.54,3020
datased:monophonic:003020,S-0516,DataSED - DataSED - Dataset for Sound Event Detection of environmental noise/SED_wav/S-0516.wav,monophonic,Birds,birds,42.03,44.08,0.23,0.24,2.05,3021
datased:monophonic:003021,S-0516,DataSED - DataSED - Dataset for Sound Event Detection of environmental noise/SED_wav/S-0516.wav,monophonic,Cat fight and moans,cat_fights_and_moans,44.24,46.11,0.24,0.25,1.87,3022
datased:monophonic:003022,S-0516,DataSED - DataSED - Dataset for Sound Event Detection of environmental noise/SED_wav/S-0516.wav,monophonic,Cat fight and moans,cat_fights_and_moans,47.43,48.98,0.26,0.27,1.54,3023
datased:monophonic:003023,S-0516,DataSED - DataSED - Dataset for Sound Event Detection of environmental noise/SED_wav/S-0516.wav,monophonic,Birds,birds,49.31,54.6,0.27,0.3,5.29,3024
datased:monophonic:003024,S-0516,DataSED - DataSED - Dataset for Sound Event Detection of environmental noise/SED_wav/S-0516.wav,monophonic,Cat fight and moans,cat_fights_and_moans,55.04,59.34,0.3,0.33,4.3,3025
datased:monophonic:003025,S-0516,DataSED - DataSED - Dataset for Sound Event Detection of environmental noise/SED_wav/S-0516.wav,monophonic,Birds,birds,59.45,67.72,0.33,0.37,8.27,3026
datased:monophonic:003026,S-0516,DataSED - DataSED - Dataset for Sound Event Detection of environmental noise/SED_wav/S-0516.wav,monophonic,Cat fight and moans,cat_fights_and_moans,67.94,69.59,0.37,0.38,1.65,3027
datased:monophonic:003027,S-0516,DataSED - DataSED - Dataset for Sound Event Detection of environmental noise/SED_wav/S-0516.wav,monophonic,Cat fight and moans,cat_fights_and_moans,72.46,74.45,0.4,0.41,1.98,3028
datased:monophonic:003028,S-0516,DataSED - DataSED - Dataset for Sound Event Detection of environmental noise/SED_wav/S-0516.wav,monophonic,Cat fight and moans,cat_fights_and_moans,88.45,89.88,0.49,0.49,1.43,3029
datased:monophonic:003029,S-0516,DataSED - DataSED - Dataset for Sound Event Detection of environmental noise/SED_wav/S-0516.wav,monophonic,Cat fight and moans,cat_fights_and_moans,91.87,93.85,0.5,0.52,1.98,3030
datased:monophonic:003030,S-0516,DataSED - DataSED - Dataset for Sound Event Detection of environmental noise/SED_wav/S-0516.wav,monophonic,Cat fight and moans,cat_fights_and_moans,95.39,97.05,0.52,0.53,1.65,3031
datased:monophonic:003031,S-0516,DataSED - DataSED - Dataset for Sound Event Detection of environmental noise/SED_wav/S-0516.wav,monophonic,Jet aircrafts,jet_aircrafts,97.1,108.57,0.53,0.6,11.48,3032
datased:monophonic:003032,S-0516,DataSED - DataSED - Dataset for Sound Event Detection of environmental noise/SED_wav/S-0516.wav,monophonic,Cat fight and moans,cat_fights_and_moans,108.63,149.68,0.6,0.82,41.05,3033
datased:monophonic:003033,S-0516,DataSED - DataSED - Dataset for Sound Event Detection of environmental noise/SED_wav/S-0516.wav,monophonic,Birds,birds,150.41,159.78,0.83,0.88,9.37,3034
datased:monophonic:003034,S-0516,DataSED - DataSED - Dataset for Sound Event Detection of environmental noise/SED_wav/S-0516.wav,monophonic,Cat fight and moans,cat_fights_and_moans,160.12,172.35,0.88,0.95,12.24,3035
datased:monophonic:003035,S-0516,DataSED - DataSED - Dataset for Sound Event Detection of environmental noise/SED_wav/S-0516.wav,monophonic,Cat fight and moans,cat_fights_and_moans,174.56,180.07,0.96,0.99,5.51,3036
datased:monophonic:003036,S-0517,DataSED - DataSED - Dataset for Sound Event Detection of environmental noise/SED_wav/S-0517.wav,monophonic,Bells,bells,4.39,28.09,0.02,0.14,23.7,3037
datased:monophonic:003037,S-0517,DataSED - DataSED - Dataset for Sound Event Detection of environmental noise/SED_wav/S-0517.wav,monophonic,Bells,bells,33.08,59.15,0.16,0.29,26.07,3038
datased:monophonic:003038,S-0517,DataSED - DataSED - Dataset for Sound Event Detection of environmental noise/SED_wav/S-0517.wav,monophonic,Bells,bells,64.77,67.88,0.31,0.33,3.12,3039
datased:monophonic:003039,S-0517,DataSED - DataSED - Dataset for Sound Event Detection of environmental noise/SED_wav/S-0517.wav,monophonic,Bells,bells,73.25,83.73,0.36,0.41,10.48,3040
datased:monophonic:003040,S-0517,DataSED - DataSED - Dataset for Sound Event Detection of environmental noise/SED_wav/S-0517.wav,monophonic,Birds,birds,85.1,88.62,0.41,0.43,3.52,3041
datased:monophonic:003041,S-0517,DataSED - DataSED - Dataset for Sound Event Detection of environmental noise/SED_wav/S-0517.wav,monophonic,Bells,bells,89.09,90.84,0.43,0.44,1.75,3042
datased:monophonic:003042,S-0517,DataSED - DataSED - Dataset for Sound Event Detection of environmental noise/SED_wav/S-0517.wav,monophonic,Bells,bells,96.7,99.19,0.47,0.48,2.49,3043
datased:monophonic:003043,S-0517,DataSED - DataSED - Dataset for Sound Event Detection of environmental noise/SED_wav/S-0517.wav,monophonic,Bells,bells,104.18,121.52,0.51,0.59,17.34,3044
datased:monophonic:003044,S-0517,DataSED - DataSED - Dataset for Sound Event Detection of environmental noise/SED_wav/S-0517.wav,monophonic,Bells,bells,127.51,148.22,0.62,0.72,20.71,3045
datased:monophonic:003045,S-0517,DataSED - DataSED - Dataset for Sound Event Detection of environmental noise/SED_wav/S-0517.wav,monophonic,Bells,bells,153.46,164.31,0.74,0.8,10.85,3046
datased:monophonic:003046,S-0517,DataSED - DataSED - Dataset for Sound Event Detection of environmental noise/SED_wav/S-0517.wav,monophonic,Bells,bells,170.05,172.42,0.83,0.84,2.37,3047
datased:monophonic:003047,S-0517,DataSED - DataSED - Dataset for Sound Event Detection of environmental noise/SED_wav/S-0517.wav,monophonic,Bells,bells,177.9,196.24,0.86,0.95,18.34,3048
datased:monophonic:003048,S-0517,DataSED - DataSED - Dataset for Sound Event Detection of environmental noise/SED_wav/S-0517.wav,monophonic,Bells,bells,202.1,203.35,0.98,0.99,1.25,3049
datased:monophonic:003049,S-0518,DataSED - DataSED - Dataset for Sound Event Detection of environmental noise/SED_wav/S-0518.wav,monophonic,Crows seagulls and magpies,crows_seagulls_magpies,3.21,5.95,0.04,0.07,2.75,3050
datased:monophonic:003050,S-0518,DataSED - DataSED - Dataset for Sound Event Detection of environmental noise/SED_wav/S-0518.wav,monophonic,Crows seagulls and magpies,crows_seagulls_magpies,6.95,8.9,0.08,0.11,1.95,3051
datased:monophonic:003051,S-0518,DataSED - DataSED - Dataset for Sound Event Detection of environmental noise/SED_wav/S-0518.wav,monophonic,Vehicle pass-by,vehicle_pass_by,9.45,13.2,0.11,0.16,3.75,3052
datased:monophonic:003052,S-0518,DataSED - DataSED - Dataset for Sound Event Detection of environmental noise/SED_wav/S-0518.wav,monophonic,Crows seagulls and magpies,crows_seagulls_magpies,13.29,15.64,0.16,0.19,2.35,3053
datased:monophonic:003053,S-0518,DataSED - DataSED - Dataset for Sound Event Detection of environmental noise/SED_wav/S-0518.wav,monophonic,Vehicle pass-by,vehicle_pass_by,15.67,20.68,0.19,0.25,5.01,3054
datased:monophonic:003054,S-0518,DataSED - DataSED - Dataset for Sound Event Detection of environmental noise/SED_wav/S-0518.wav,monophonic,Crows seagulls and magpies,crows_seagulls_magpies,22.33,34.01,0.27,0.41,11.68,3055
datased:monophonic:003055,S-0518,DataSED - DataSED - Dataset for Sound Event Detection of environmental noise/SED_wav/S-0518.wav,monophonic,Crows seagulls and magpies,crows_seagulls_magpies,43.09,44.14,0.52,0.54,1.05,3056
datased:monophonic:003056,S-0518,DataSED - DataSED - Dataset for Sound Event Detection of environmental noise/SED_wav/S-0518.wav,monophonic,Crows seagulls and magpies,crows_seagulls_magpies,50.13,54.58,0.61,0.66,4.44,3057
datased:monophonic:003057,S-0518,DataSED - DataSED - Dataset for Sound Event Detection of environmental noise/SED_wav/S-0518.wav,monophonic,Crows seagulls and magpies,crows_seagulls_magpies,56.57,58.67,0.69,0.71,2.1,3058
datased:monophonic:003058,S-0518,DataSED - DataSED - Dataset for Sound Event Detection of environmental noise/SED_wav/S-0518.wav,monophonic,Horn,horn,60.82,61.47,0.74,0.75,0.65,3059
datased:monophonic:003059,S-0518,DataSED - DataSED - Dataset for Sound Event Detection of environmental noise/SED_wav/S-0518.wav,monophonic,Crows seagulls and magpies,crows_seagulls_magpies,68.36,69.5,0.83,0.84,1.15,3060
datased:monophonic:003060,S-0518,DataSED - DataSED - Dataset for Sound Event Detection of environmental noise/SED_wav/S-0518.wav,monophonic,Vehicle idling,vehicle_idling,73.5,82.49,0.89,1.0,8.99,3061
datased:monophonic:003061,S-0519,DataSED - DataSED - Dataset for Sound Event Detection of environmental noise/SED_wav/S-0519.wav,monophonic,Train,train,5.18,80.82,0.03,0.43,75.64,3062
datased:monophonic:003062,S-0519,DataSED - DataSED - Dataset for Sound Event Detection of environmental noise/SED_wav/S-0519.wav,monophonic,Jet aircrafts,jet_aircrafts,112.91,164.83,0.6,0.87,51.92,3063
datased:monophonic:003063,S-0520,DataSED - DataSED - Dataset for Sound Event Detection of environmental noise/SED_wav/S-0520.wav,monophonic,Crows seagulls and magpies,crows_seagulls_magpies,4.62,9.19,0.06,0.12,4.57,3064
datased:monophonic:003064,S-0520,DataSED - DataSED - Dataset for Sound Event Detection of environmental noise/SED_wav/S-0520.wav,monophonic,Crows seagulls and magpies,crows_seagulls_magpies,13.08,13.8,0.18,0.18,0.72,3065
datased:monophonic:003065,S-0520,DataSED - DataSED - Dataset for Sound Event Detection of environmental noise/SED_wav/S-0520.wav,monophonic,Crows seagulls and magpies,crows_seagulls_magpies,15.75,18.37,0.21,0.25,2.62,3066
datased:monophonic:003066,S-0520,DataSED - DataSED - Dataset for Sound Event Detection of environmental noise/SED_wav/S-0520.wav,monophonic,Crows seagulls and magpies,crows_seagulls_magpies,21.62,25.02,0.29,0.33,3.39,3067
datased:monophonic:003067,S-0520,DataSED - DataSED - Dataset for Sound Event Detection of environmental noise/SED_wav/S-0520.wav,monophonic,Crows seagulls and magpies,crows_seagulls_magpies,29.36,32.52,0.39,0.44,3.17,3068
datased:monophonic:003068,S-0520,DataSED - DataSED - Dataset for Sound Event Detection of environmental noise/SED_wav/S-0520.wav,monophonic,Vehicle pass-by,vehicle_pass_by,33.97,43.33,0.45,0.58,9.36,3069
datased:monophonic:003069,S-0520,DataSED - DataSED - Dataset for Sound Event Detection of environmental noise/SED_wav/S-0520.wav,monophonic,Crows seagulls and magpies,crows_seagulls_magpies,44.32,45.36,0.59,0.61,1.04,3070
datased:monophonic:003070,S-0520,DataSED - DataSED - Dataset for Sound Event Detection of environmental noise/SED_wav/S-0520.wav,monophonic,Vehicle pass-by,vehicle_pass_by,45.45,55.45,0.61,0.74,9.99,3071
datased:monophonic:003071,S-0520,DataSED - DataSED - Dataset for Sound Event Detection of environmental noise/SED_wav/S-0520.wav,monophonic,Crows seagulls and magpies,crows_seagulls_magpies,60.01,62.37,0.8,0.83,2.35,3072
datased:monophonic:003072,S-0520,DataSED - DataSED - Dataset for Sound Event Detection of environmental noise/SED_wav/S-0520.wav,monophonic,Propeller aircrafts,propeller_aircrafts,62.55,74.71,0.84,1.0,12.16,3073
datased:monophonic:003073,S-0521,DataSED - DataSED - Dataset for Sound Event Detection of environmental noise/SED_wav/S-0521.wav,monophonic,Crows seagulls and magpies,crows_seagulls_magpies,0.65,7.7,0.02,0.23,7.05,3074
datased:monophonic:003074,S-0521,DataSED - DataSED - Dataset for Sound Event Detection of environmental noise/SED_wav/S-0521.wav,monophonic,Crows seagulls and magpies,crows_seagulls_magpies,9.82,11.13,0.3,0.34,1.3,3075
datased:monophonic:003075,S-0521,DataSED - DataSED - Dataset for Sound Event Detection of environmental noise/SED_wav/S-0521.wav,monophonic,Crows seagulls and magpies,crows_seagulls_magpies,15.13,17.27,0.46,0.52,2.15,3076
datased:monophonic:003076,S-0521,DataSED - DataSED - Dataset for Sound Event Detection of environmental noise/SED_wav/S-0521.wav,monophonic,Crows seagulls and magpies,crows_seagulls_magpies,19.14,20.99,0.58,0.63,1.84,3077
datased:monophonic:003077,S-0521,DataSED - DataSED - Dataset for Sound Event Detection of environmental noise/SED_wav/S-0521.wav,monophonic,Crows seagulls and magpies,crows_seagulls_magpies,23.91,31.05,0.72,0.94,7.13,3078
datased:monophonic:003078,S-0522,DataSED - DataSED - Dataset for Sound Event Detection of environmental noise/SED_wav/S-0522.wav,monophonic,Workshop,workshop,5.42,16.3,0.05,0.14,10.88,3079
datased:monophonic:003079,S-0522,DataSED - DataSED - Dataset for Sound Event Detection of environmental noise/SED_wav/S-0522.wav,monophonic,Workshop,workshop,22.2,30.83,0.19,0.27,8.63,3080
datased:monophonic:003080,S-0522,DataSED - DataSED - Dataset for Sound Event Detection of environmental noise/SED_wav/S-0522.wav,monophonic,Workshop,workshop,36.73,54.21,0.32,0.47,17.48,3081
datased:monophonic:003081,S-0522,DataSED - DataSED - Dataset for Sound Event Detection of environmental noise/SED_wav/S-0522.wav,monophonic,Workshop,workshop,59.68,84.95,0.51,0.73,25.27,3082
datased:monophonic:003082,S-0522,DataSED - DataSED - Dataset for Sound Event Detection of environmental noise/SED_wav/S-0522.wav,monophonic,Workshop,workshop,92.04,113.38,0.79,0.98,21.34,3083
datased:monophonic:003083,S-0523,DataSED - DataSED - Dataset for Sound Event Detection of environmental noise/SED_wav/S-0523.wav,monophonic,Workshop,workshop,2.76,20.74,0.04,0.28,17.99,3084
datased:monophonic:003084,S-0523,DataSED - DataSED - Dataset for Sound Event Detection of environmental noise/SED_wav/S-0523.wav,monophonic,Workshop,workshop,25.88,45.51,0.35,0.62,19.63,3085
datased:monophonic:003085,S-0523,DataSED - DataSED - Dataset for Sound Event Detection of environmental noise/SED_wav/S-0523.wav,monophonic,Workshop,workshop,51.4,65.36,0.7,0.89,13.96,3086
datased:monophonic:003086,S-0524,DataSED - DataSED - Dataset for Sound Event Detection of environmental noise/SED_wav/S-0524.wav,monophonic,Workshop,workshop,4.88,9.82,0.09,0.18,4.94,3087
datased:monophonic:003087,S-0524,DataSED - DataSED - Dataset for Sound Event Detection of environmental noise/SED_wav/S-0524.wav,monophonic,Workshop,workshop,14.39,20.12,0.26,0.37,5.73,3088
datased:monophonic:003088,S-0524,DataSED - DataSED - Dataset for Sound Event Detection of environmental noise/SED_wav/S-0524.wav,monophonic,Workshop,workshop,24.86,29.31,0.46,0.54,4.44,3089
datased:monophonic:003089,S-0524,DataSED - DataSED - Dataset for Sound Event Detection of environmental noise/SED_wav/S-0524.wav,monophonic,Workshop,workshop,34.15,39.38,0.63,0.72,5.23,3090
datased:monophonic:003090,S-0524,DataSED - DataSED - Dataset for Sound Event Detection of environmental noise/SED_wav/S-0524.wav,monophonic,Workshop,workshop,43.96,49.52,0.81,0.91,5.56,3091
datased:monophonic:003091,S-0525,DataSED - DataSED - Dataset for Sound Event Detection of environmental noise/SED_wav/S-0525.wav,monophonic,Workshop,workshop,4.75,19.47,0.05,0.19,14.71,3092
datased:monophonic:003092,S-0525,DataSED - DataSED - Dataset for Sound Event Detection of environmental noise/SED_wav/S-0525.wav,monophonic,Workshop,workshop,25.24,39.47,0.25,0.39,14.23,3093
datased:monophonic:003093,S-0525,DataSED - DataSED - Dataset for Sound Event Detection of environmental noise/SED_wav/S-0525.wav,monophonic,Workshop,workshop,43.85,51.69,0.44,0.51,7.84,3094
datased:monophonic:003094,S-0525,DataSED - DataSED - Dataset for Sound Event Detection of environmental noise/SED_wav/S-0525.wav,monophonic,Workshop,workshop,56.37,64.16,0.56,0.64,7.78,3095
datased:monophonic:003095,S-0525,DataSED - DataSED - Dataset for Sound Event Detection of environmental noise/SED_wav/S-0525.wav,monophonic,Workshop,workshop,69.02,75.4,0.69,0.75,6.38,3096
datased:monophonic:003096,S-0525,DataSED - DataSED - Dataset for Sound Event Detection of environmental noise/SED_wav/S-0525.wav,monophonic,Workshop,workshop,79.9,85.68,0.8,0.85,5.78,3097
datased:monophonic:003097,S-0525,DataSED - DataSED - Dataset for Sound Event Detection of environmental noise/SED_wav/S-0525.wav,monophonic,Workshop,workshop,90.24,95.65,0.9,0.95,5.41,3098
datased:monophonic:003098,S-0526,DataSED - DataSED - Dataset for Sound Event Detection of environmental noise/SED_wav/S-0526.wav,monophonic,Workshop,workshop,4.84,19.39,0.03,0.14,14.55,3099
datased:monophonic:003099,S-0526,DataSED - DataSED - Dataset for Sound Event Detection of environmental noise/SED_wav/S-0526.wav,monophonic,Workshop,workshop,25.16,44.96,0.18,0.32,19.8,3100
datased:monophonic:003100,S-0526,DataSED - DataSED - Dataset for Sound Event Detection of environmental noise/SED_wav/S-0526.wav,monophonic,Workshop,workshop,49.0,61.83,0.34,0.43,12.83,3101
datased:monophonic:003101,S-0526,DataSED - DataSED - Dataset for Sound Event Detection of environmental noise/SED_wav/S-0526.wav,monophonic,Workshop,workshop,66.65,73.36,0.47,0.52,6.71,3102
datased:monophonic:003102,S-0526,DataSED - DataSED - Dataset for Sound Event Detection of environmental noise/SED_wav/S-0526.wav,monophonic,Workshop,workshop,77.93,99.19,0.55,0.7,21.26,3103
datased:monophonic:003103,S-0526,DataSED - DataSED - Dataset for Sound Event Detection of environmental noise/SED_wav/S-0526.wav,monophonic,Workshop,workshop,103.41,113.4,0.73,0.8,9.99,3104
datased:monophonic:003104,S-0526,DataSED - DataSED - Dataset for Sound Event Detection of environmental noise/SED_wav/S-0526.wav,monophonic,Workshop,workshop,117.61,123.64,0.83,0.87,6.03,3105
datased:monophonic:003105,S-0526,DataSED - DataSED - Dataset for Sound Event Detection of environmental noise/SED_wav/S-0526.wav,monophonic,Workshop,workshop,128.12,137.59,0.9,0.97,9.47,3106
datased:monophonic:003106,S-0527,DataSED - DataSED - Dataset for Sound Event Detection of environmental noise/SED_wav/S-0527.wav,monophonic,Workshop,workshop,4.97,25.16,0.03,0.15,20.19,3107
datased:monophonic:003107,S-0527,DataSED - DataSED - Dataset for Sound Event Detection of environmental noise/SED_wav/S-0527.wav,monophonic,Workshop,workshop,29.2,47.47,0.18,0.28,18.27,3108
datased:monophonic:003108,S-0527,DataSED - DataSED - Dataset for Sound Event Detection of environmental noise/SED_wav/S-0527.wav,monophonic,Workshop,workshop,51.71,62.51,0.31,0.37,10.8,3109
datased:monophonic:003109,S-0527,DataSED - DataSED - Dataset for Sound Event Detection of environmental noise/SED_wav/S-0527.wav,monophonic,Workshop,workshop,66.65,82.8,0.4,0.5,16.15,3110
datased:monophonic:003110,S-0527,DataSED - DataSED - Dataset for Sound Event Detection of environmental noise/SED_wav/S-0527.wav,monophonic,Workshop,workshop,86.64,100.87,0.52,0.6,14.23,3111
datased:monophonic:003111,S-0527,DataSED - DataSED - Dataset for Sound Event Detection of environmental noise/SED_wav/S-0527.wav,monophonic,Workshop,workshop,104.71,114.3,0.63,0.69,9.59,3112
datased:monophonic:003112,S-0527,DataSED - DataSED - Dataset for Sound Event Detection of environmental noise/SED_wav/S-0527.wav,monophonic,Workshop,workshop,118.84,130.45,0.71,0.78,11.61,3113
datased:monophonic:003113,S-0527,DataSED - DataSED - Dataset for Sound Event Detection of environmental noise/SED_wav/S-0527.wav,monophonic,Workshop,workshop,134.79,161.95,0.81,0.97,27.16,3114
datased:monophonic:003114,S-0528,DataSED - DataSED - Dataset for Sound Event Detection of environmental noise/SED_wav/S-0528.wav,monophonic,Workshop,workshop,4.84,13.88,0.04,0.11,9.04,3115
datased:monophonic:003115,S-0528,DataSED - DataSED - Dataset for Sound Event Detection of environmental noise/SED_wav/S-0528.wav,monophonic,Workshop,workshop,18.1,31.96,0.15,0.26,13.86,3116
datased:monophonic:003116,S-0528,DataSED - DataSED - Dataset for Sound Event Detection of environmental noise/SED_wav/S-0528.wav,monophonic,Workshop,workshop,36.33,44.77,0.29,0.36,8.44,3117
datased:monophonic:003117,S-0528,DataSED - DataSED - Dataset for Sound Event Detection of environmental noise/SED_wav/S-0528.wav,monophonic,Workshop,workshop,49.29,57.12,0.4,0.46,7.84,3118
datased:monophonic:003118,S-0528,DataSED - DataSED - Dataset for Sound Event Detection of environmental noise/SED_wav/S-0528.wav,monophonic,Workshop,workshop,61.57,80.78,0.49,0.65,19.21,3119
datased:monophonic:003119,S-0528,DataSED - DataSED - Dataset for Sound Event Detection of environmental noise/SED_wav/S-0528.wav,monophonic,Workshop,workshop,87.04,110.09,0.7,0.88,23.05,3120
datased:monophonic:003120,S-0528,DataSED - DataSED - Dataset for Sound Event Detection of environmental noise/SED_wav/S-0528.wav,monophonic,Workshop,workshop,114.61,122.3,0.92,0.98,7.68,3121
datased:monophonic:003121,S-0529,DataSED - DataSED - Dataset for Sound Event Detection of environmental noise/SED_wav/S-0529.wav,monophonic,Workshop,workshop,2.17,17.82,0.02,0.15,15.66,3122
datased:monophonic:003122,S-0529,DataSED - DataSED - Dataset for Sound Event Detection of environmental noise/SED_wav/S-0529.wav,monophonic,Workshop,workshop,22.28,38.87,0.19,0.33,16.59,3123
datased:monophonic:003123,S-0529,DataSED - DataSED - Dataset for Sound Event Detection of environmental noise/SED_wav/S-0529.wav,monophonic,Workshop,workshop,43.25,69.82,0.36,0.59,26.57,3124
datased:monophonic:003124,S-0529,DataSED - DataSED - Dataset for Sound Event Detection of environmental noise/SED_wav/S-0529.wav,monophonic,Workshop,workshop,74.77,96.89,0.63,0.82,22.12,3125
datased:monophonic:003125,S-0529,DataSED - DataSED - Dataset for Sound Event Detection of environmental noise/SED_wav/S-0529.wav,monophonic,Workshop,workshop,101.2,113.33,0.85,0.96,12.14,3126
datased:monophonic:003126,S-0530,DataSED - DataSED - Dataset for Sound Event Detection of environmental noise/SED_wav/S-0530.wav,monophonic,Workshop,workshop,4.84,13.53,0.04,0.11,8.69,3127
datased:monophonic:003127,S-0530,DataSED - DataSED - Dataset for Sound Event Detection of environmental noise/SED_wav/S-0530.wav,monophonic,Workshop,workshop,18.06,24.85,0.15,0.21,6.79,3128
datased:monophonic:003128,S-0530,DataSED - DataSED - Dataset for Sound Event Detection of environmental noise/SED_wav/S-0530.wav,monophonic,Workshop,workshop,29.31,37.56,0.24,0.31,8.25,3129
datased:monophonic:003129,S-0530,DataSED - DataSED - Dataset for Sound Event Detection of environmental noise/SED_wav/S-0530.wav,monophonic,Workshop,workshop,42.09,50.86,0.35,0.42,8.77,3130
datased:monophonic:003130,S-0530,DataSED - DataSED - Dataset for Sound Event Detection of environmental noise/SED_wav/S-0530.wav,monophonic,Workshop,workshop,53.19,62.4,0.44,0.52,9.2,3131
datased:monophonic:003131,S-0530,DataSED - DataSED - Dataset for Sound Event Detection of environmental noise/SED_wav/S-0530.wav,monophonic,Workshop,workshop,65.1,76.27,0.54,0.63,11.17,3132
datased:monophonic:003132,S-0530,DataSED - DataSED - Dataset for Sound Event Detection of environmental noise/SED_wav/S-0530.wav,monophonic,Workshop,workshop,79.12,99.43,0.66,0.82,20.31,3133
datased:monophonic:003133,S-0530,DataSED - DataSED - Dataset for Sound Event Detection of environmental noise/SED_wav/S-0530.wav,monophonic,Workshop,workshop,102.28,118.57,0.85,0.98,16.29,3134
datased:monophonic:003134,S-0531,DataSED - DataSED - Dataset for Sound Event Detection of environmental noise/SED_wav/S-0531.wav,monophonic,Workshop,workshop,2.8,11.86,0.03,0.12,9.05,3135
datased:monophonic:003135,S-0531,DataSED - DataSED - Dataset for Sound Event Detection of environmental noise/SED_wav/S-0531.wav,monophonic,Workshop,workshop,16.7,31.39,0.16,0.31,14.7,3136
datased:monophonic:003136,S-0531,DataSED - DataSED - Dataset for Sound Event Detection of environmental noise/SED_wav/S-0531.wav,monophonic,Workshop,workshop,36.17,46.84,0.35,0.46,10.67,3137
datased:monophonic:003137,S-0531,DataSED - DataSED - Dataset for Sound Event Detection of environmental noise/SED_wav/S-0531.wav,monophonic,Workshop,workshop,51.55,71.83,0.5,0.7,20.28,3138
datased:monophonic:003138,S-0531,DataSED - DataSED - Dataset for Sound Event Detection of environmental noise/SED_wav/S-0531.wav,monophonic,Workshop,workshop,76.48,97.63,0.75,0.95,21.15,3139
datased:monophonic:003139,S-0532,DataSED - DataSED - Dataset for Sound Event Detection of environmental noise/SED_wav/S-0532.wav,monophonic,Workshop,workshop,2.89,7.57,0.04,0.1,4.67,3140
datased:monophonic:003140,S-0532,DataSED - DataSED - Dataset for Sound Event Detection of environmental noise/SED_wav/S-0532.wav,monophonic,Workshop,workshop,10.27,16.87,0.14,0.23,6.6,3141
datased:monophonic:003141,S-0532,DataSED - DataSED - Dataset for Sound Event Detection of environmental noise/SED_wav/S-0532.wav,monophonic,Workshop,workshop,20.01,30.01,0.28,0.42,10.0,3142
datased:monophonic:003142,S-0532,DataSED - DataSED - Dataset for Sound Event Detection of environmental noise/SED_wav/S-0532.wav,monophonic,Workshop,workshop,33.77,39.32,0.47,0.54,5.55,3143
datased:monophonic:003143,S-0532,DataSED - DataSED - Dataset for Sound Event Detection of environmental noise/SED_wav/S-0532.wav,monophonic,Workshop,workshop,42.86,47.97,0.59,0.66,5.11,3144
datased:monophonic:003144,S-0532,DataSED - DataSED - Dataset for Sound Event Detection of environmental noise/SED_wav/S-0532.wav,monophonic,Workshop,workshop,52.77,61.03,0.73,0.85,8.25,3145
datased:monophonic:003145,S-0532,DataSED - DataSED - Dataset for Sound Event Detection of environmental noise/SED_wav/S-0532.wav,monophonic,Workshop,workshop,63.69,69.15,0.88,0.96,5.46,3146
datased:monophonic:003146,S-0533,DataSED - DataSED - Dataset for Sound Event Detection of environmental noise/SED_wav/S-0533.wav,monophonic,Workshop,workshop,4.86,12.99,0.04,0.12,8.13,3147
datased:monophonic:003147,S-0533,DataSED - DataSED - Dataset for Sound Event Detection of environmental noise/SED_wav/S-0533.wav,monophonic,Workshop,workshop,17.52,23.22,0.16,0.21,5.7,3148
datased:monophonic:003148,S-0533,DataSED - DataSED - Dataset for Sound Event Detection of environmental noise/SED_wav/S-0533.wav,monophonic,Workshop,workshop,27.55,32.53,0.25,0.3,4.98,3149
datased:monophonic:003149,S-0533,DataSED - DataSED - Dataset for Sound Event Detection of environmental noise/SED_wav/S-0533.wav,monophonic,Workshop,workshop,37.12,45.58,0.34,0.42,8.46,3150
datased:monophonic:003150,S-0533,DataSED - DataSED - Dataset for Sound Event Detection of environmental noise/SED_wav/S-0533.wav,monophonic,Workshop,workshop,49.97,54.49,0.46,0.5,4.52,3151
datased:monophonic:003151,S-0533,DataSED - DataSED - Dataset for Sound Event Detection of environmental noise/SED_wav/S-0533.wav,monophonic,Workshop,workshop,58.16,63.54,0.54,0.59,5.38,3152
datased:monophonic:003152,S-0533,DataSED - DataSED - Dataset for Sound Event Detection of environmental noise/SED_wav/S-0533.wav,monophonic,Workshop,workshop,67.61,75.54,0.62,0.7,7.93,3153
datased:monophonic:003153,S-0533,DataSED - DataSED - Dataset for Sound Event Detection of environmental noise/SED_wav/S-0533.wav,monophonic,Workshop,workshop,79.86,92.32,0.74,0.85,12.46,3154
datased:monophonic:003154,S-0533,DataSED - DataSED - Dataset for Sound Event Detection of environmental noise/SED_wav/S-0533.wav,monophonic,Workshop,workshop,96.91,105.56,0.89,0.97,8.65,3155
datased:monophonic:003155,S-0534,DataSED - DataSED - Dataset for Sound Event Detection of environmental noise/SED_wav/S-0534.wav,monophonic,Workshop,workshop,2.91,24.73,0.03,0.28,21.82,3156
datased:monophonic:003156,S-0534,DataSED - DataSED - Dataset for Sound Event Detection of environmental noise/SED_wav/S-0534.wav,monophonic,Workshop,workshop,27.79,38.7,0.32,0.44,10.91,3157
datased:monophonic:003157,S-0534,DataSED - DataSED - Dataset for Sound Event Detection of environmental noise/SED_wav/S-0534.wav,monophonic,Workshop,workshop,41.28,55.41,0.47,0.64,14.13,3158
datased:monophonic:003158,S-0534,DataSED - DataSED - Dataset for Sound Event Detection of environmental noise/SED_wav/S-0534.wav,monophonic,Workshop,workshop,57.88,70.8,0.66,0.81,12.91,3159
datased:monophonic:003159,S-0534,DataSED - DataSED - Dataset for Sound Event Detection of environmental noise/SED_wav/S-0534.wav,monophonic,Workshop,workshop,73.33,84.08,0.84,0.97,10.75,3160
datased:monophonic:003160,S-0535,DataSED - DataSED - Dataset for Sound Event Detection of environmental noise/SED_wav/S-0535.wav,monophonic,Workshop,workshop,2.43,11.55,0.17,0.8,9.13,3161
datased:monophonic:003161,S-0536,DataSED - DataSED - Dataset for Sound Event Detection of environmental noise/SED_wav/S-0536.wav,monophonic,Workshop,workshop,3.79,17.03,0.03,0.13,13.24,3162
datased:monophonic:003162,S-0536,DataSED - DataSED - Dataset for Sound Event Detection of environmental noise/SED_wav/S-0536.wav,monophonic,Workshop,workshop,19.42,33.67,0.15,0.26,14.25,3163
datased:monophonic:003163,S-0536,DataSED - DataSED - Dataset for Sound Event Detection of environmental noise/SED_wav/S-0536.wav,monophonic,Workshop,workshop,39.21,52.61,0.31,0.41,13.4,3164
datased:monophonic:003164,S-0536,DataSED - DataSED - Dataset for Sound Event Detection of environmental noise/SED_wav/S-0536.wav,monophonic,Workshop,workshop,56.54,62.54,0.44,0.49,6.01,3165
datased:monophonic:003165,S-0536,DataSED - DataSED - Dataset for Sound Event Detection of environmental noise/SED_wav/S-0536.wav,monophonic,Workshop,workshop,65.16,111.9,0.51,0.88,46.74,3166
datased:monophonic:003166,S-0536,DataSED - DataSED - Dataset for Sound Event Detection of environmental noise/SED_wav/S-0536.wav,monophonic,Workshop,workshop,113.36,118.91,0.89,0.93,5.54,3167
datased:monophonic:003167,S-0536,DataSED - DataSED - Dataset for Sound Event Detection of environmental noise/SED_wav/S-0536.wav,monophonic,Workshop,workshop,120.52,123.45,0.95,0.97,2.93,3168
datased:monophonic:003168,S-0537,DataSED - DataSED - Dataset for Sound Event Detection of environmental noise/SED_wav/S-0537.wav,monophonic,Workshop,workshop,2.87,5.67,0.05,0.1,2.8,3169
datased:monophonic:003169,S-0537,DataSED - DataSED - Dataset for Sound Event Detection of environmental noise/SED_wav/S-0537.wav,monophonic,Workshop,workshop,8.57,11.44,0.15,0.2,2.87,3170
datased:monophonic:003170,S-0537,DataSED - DataSED - Dataset for Sound Event Detection of environmental noise/SED_wav/S-0537.wav,monophonic,Workshop,workshop,18.62,22.38,0.32,0.38,3.75,3171
datased:monophonic:003171,S-0537,DataSED - DataSED - Dataset for Sound Event Detection of environmental noise/SED_wav/S-0537.wav,monophonic,Workshop,workshop,29.49,32.68,0.5,0.56,3.19,3172
datased:monophonic:003172,S-0537,DataSED - DataSED - Dataset for Sound Event Detection of environmental noise/SED_wav/S-0537.wav,monophonic,Workshop,workshop,42.2,46.59,0.72,0.8,4.39,3173
datased:monophonic:003173,S-0537,DataSED - DataSED - Dataset for Sound Event Detection of environmental noise/SED_wav/S-0537.wav,monophonic,Workshop,workshop,49.98,54.51,0.85,0.93,4.53,3174
datased:monophonic:003174,S-0538,DataSED - DataSED - Dataset for Sound Event Detection of environmental noise/SED_wav/S-0538.wav,monophonic,Workshop,workshop,4.31,9.12,0.11,0.24,4.81,3175
datased:monophonic:003175,S-0538,DataSED - DataSED - Dataset for Sound Event Detection of environmental noise/SED_wav/S-0538.wav,monophonic,Workshop,workshop,12.43,16.81,0.33,0.45,4.38,3176
datased:monophonic:003176,S-0538,DataSED - DataSED - Dataset for Sound Event Detection of environmental noise/SED_wav/S-0538.wav,monophonic,Workshop,workshop,21.43,25.24,0.57,0.67,3.81,3177
datased:monophonic:003177,S-0538,DataSED - DataSED - Dataset for Sound Event Detection of environmental noise/SED_wav/S-0538.wav,monophonic,Workshop,workshop,29.87,34.22,0.79,0.91,4.35,3178
datased:monophonic:003178,S-0539,DataSED - DataSED - Dataset for Sound Event Detection of environmental noise/SED_wav/S-0539.wav,monophonic,Workshop,workshop,4.71,17.81,0.05,0.18,13.1,3179
datased:monophonic:003179,S-0539,DataSED - DataSED - Dataset for Sound Event Detection of environmental noise/SED_wav/S-0539.wav,monophonic,Workshop,workshop,22.51,36.49,0.23,0.38,13.98,3180
datased:monophonic:003180,S-0539,DataSED - DataSED - Dataset for Sound Event Detection of environmental noise/SED_wav/S-0539.wav,monophonic,Workshop,workshop,41.13,48.58,0.42,0.5,7.46,3181
datased:monophonic:003181,S-0539,DataSED - DataSED - Dataset for Sound Event Detection of environmental noise/SED_wav/S-0539.wav,monophonic,Workshop,workshop,53.34,61.09,0.55,0.63,7.75,3182
datased:monophonic:003182,S-0539,DataSED - DataSED - Dataset for Sound Event Detection of environmental noise/SED_wav/S-0539.wav,monophonic,Workshop,workshop,65.68,72.14,0.68,0.74,6.46,3183
datased:monophonic:003183,S-0539,DataSED - DataSED - Dataset for Sound Event Detection of environmental noise/SED_wav/S-0539.wav,monophonic,Workshop,workshop,76.66,82.36,0.79,0.85,5.7,3184
datased:monophonic:003184,S-0539,DataSED - DataSED - Dataset for Sound Event Detection of environmental noise/SED_wav/S-0539.wav,monophonic,Workshop,workshop,86.88,92.28,0.9,0.95,5.4,3185
datased:monophonic:003185,S-0540,DataSED - DataSED - Dataset for Sound Event Detection of environmental noise/SED_wav/S-0540.wav,monophonic,Workshop,workshop,3.94,10.77,0.04,0.11,6.82,3186
datased:monophonic:003186,S-0540,DataSED - DataSED - Dataset for Sound Event Detection of environmental noise/SED_wav/S-0540.wav,monophonic,Workshop,workshop,11.81,16.43,0.12,0.17,4.63,3187
datased:monophonic:003187,S-0540,DataSED - DataSED - Dataset for Sound Event Detection of environmental noise/SED_wav/S-0540.wav,monophonic,Workshop,workshop,19.32,24.12,0.2,0.25,4.8,3188
datased:monophonic:003188,S-0540,DataSED - DataSED - Dataset for Sound Event Detection of environmental noise/SED_wav/S-0540.wav,monophonic,Workshop,workshop,26.61,31.93,0.28,0.33,5.32,3189
datased:monophonic:003189,S-0540,DataSED - DataSED - Dataset for Sound Event Detection of environmental noise/SED_wav/S-0540.wav,monophonic,Workshop,workshop,34.82,40.83,0.36,0.43,6.01,3190
datased:monophonic:003190,S-0540,DataSED - DataSED - Dataset for Sound Event Detection of environmental noise/SED_wav/S-0540.wav,monophonic,Workshop,workshop,45.0,51.41,0.47,0.54,6.42,3191
datased:monophonic:003191,S-0540,DataSED - DataSED - Dataset for Sound Event Detection of environmental noise/SED_wav/S-0540.wav,monophonic,Workshop,workshop,54.13,57.02,0.57,0.6,2.89,3192
datased:monophonic:003192,S-0540,DataSED - DataSED - Dataset for Sound Event Detection of environmental noise/SED_wav/S-0540.wav,monophonic,Workshop,workshop,57.66,65.12,0.6,0.68,7.46,3193
datased:monophonic:003193,S-0540,DataSED - DataSED - Dataset for Sound Event Detection of environmental noise/SED_wav/S-0540.wav,monophonic,Workshop,workshop,68.24,78.53,0.71,0.82,10.29,3194
datased:monophonic:003194,S-0540,DataSED - DataSED - Dataset for Sound Event Detection of environmental noise/SED_wav/S-0540.wav,monophonic,Workshop,workshop,82.29,92.46,0.86,0.97,10.18,3195
datased:monophonic:003195,S-0541,DataSED - DataSED - Dataset for Sound Event Detection of environmental noise/SED_wav/S-0541.wav,monophonic,Workshop,workshop,1.91,9.75,0.06,0.3,7.84,3196
datased:monophonic:003196,S-0541,DataSED - DataSED - Dataset for Sound Event Detection of environmental noise/SED_wav/S-0541.wav,monophonic,Workshop,workshop,11.63,17.44,0.36,0.54,5.81,3197
datased:monophonic:003197,S-0541,DataSED - DataSED - Dataset for Sound Event Detection of environmental noise/SED_wav/S-0541.wav,monophonic,Workshop,workshop,19.03,24.75,0.58,0.76,5.71,3198
datased:monophonic:003198,S-0541,DataSED - DataSED - Dataset for Sound Event Detection of environmental noise/SED_wav/S-0541.wav,monophonic,Workshop,workshop,26.26,30.75,0.81,0.94,4.49,3199
datased:monophonic:003199,S-0542,DataSED - DataSED - Dataset for Sound Event Detection of environmental noise/SED_wav/S-0542.wav,monophonic,Workshop,workshop,1.81,6.58,0.08,0.31,4.76,3200
datased:monophonic:003200,S-0542,DataSED - DataSED - Dataset for Sound Event Detection of environmental noise/SED_wav/S-0542.wav,monophonic,Workshop,workshop,8.37,13.54,0.39,0.63,5.17,3201
datased:monophonic:003201,S-0542,DataSED - DataSED - Dataset for Sound Event Detection of environmental noise/SED_wav/S-0542.wav,monophonic,Workshop,workshop,15.41,19.53,0.72,0.91,4.11,3202
datased:monophonic:003202,S-0543,DataSED - DataSED - Dataset for Sound Event Detection of environmental noise/SED_wav/S-0543.wav,monophonic,Workshop,workshop,2.97,6.71,0.04,0.08,3.74,3203
datased:monophonic:003203,S-0543,DataSED - DataSED - Dataset for Sound Event Detection of environmental noise/SED_wav/S-0543.wav,monophonic,Workshop,workshop,8.22,16.38,0.1,0.2,8.16,3204
datased:monophonic:003204,S-0543,DataSED - DataSED - Dataset for Sound Event Detection of environmental noise/SED_wav/S-0543.wav,monophonic,Workshop,workshop,19.15,31.35,0.24,0.39,12.19,3205
datased:monophonic:003205,S-0543,DataSED - DataSED - Dataset for Sound Event Detection of environmental noise/SED_wav/S-0543.wav,monophonic,Workshop,workshop,33.92,37.86,0.42,0.47,3.94,3206
datased:monophonic:003206,S-0543,DataSED - DataSED - Dataset for Sound Event Detection of environmental noise/SED_wav/S-0543.wav,monophonic,Workshop,workshop,41.36,44.76,0.52,0.56,3.4,3207
datased:monophonic:003207,S-0543,DataSED - DataSED - Dataset for Sound Event Detection of environmental noise/SED_wav/S-0543.wav,monophonic,Workshop,workshop,47.28,57.34,0.59,0.71,10.06,3208
datased:monophonic:003208,S-0543,DataSED - DataSED - Dataset for Sound Event Detection of environmental noise/SED_wav/S-0543.wav,monophonic,Workshop,workshop,59.96,68.22,0.75,0.85,8.26,3209
datased:monophonic:003209,S-0543,DataSED - DataSED - Dataset for Sound Event Detection of environmental noise/SED_wav/S-0543.wav,monophonic,Workshop,workshop,70.7,77.55,0.88,0.97,6.85,3210
datased:monophonic:003210,S-0544,DataSED - DataSED - Dataset for Sound Event Detection of environmental noise/SED_wav/S-0544.wav,monophonic,Voices,voices,5.53,15.68,0.05,0.13,10.16,3211
datased:monophonic:003211,S-0544,DataSED - DataSED - Dataset for Sound Event Detection of environmental noise/SED_wav/S-0544.wav,monophonic,Voices,voices,20.91,31.06,0.17,0.26,10.16,3212
datased:monophonic:003212,S-0544,DataSED - DataSED - Dataset for Sound Event Detection of environmental noise/SED_wav/S-0544.wav,monophonic,Voices,voices,35.92,52.82,0.3,0.44,16.9,3213
datased:monophonic:003213,S-0544,DataSED - DataSED - Dataset for Sound Event Detection of environmental noise/SED_wav/S-0544.wav,monophonic,Workshop,workshop,56.3,72.7,0.47,0.61,16.39,3214
datased:monophonic:003214,S-0544,DataSED - DataSED - Dataset for Sound Event Detection of environmental noise/SED_wav/S-0544.wav,monophonic,Workshop,workshop,76.03,88.51,0.63,0.74,12.48,3215
datased:monophonic:003215,S-0544,DataSED - DataSED - Dataset for Sound Event Detection of environmental noise/SED_wav/S-0544.wav,monophonic,Workshop,workshop,91.99,106.86,0.77,0.89,14.87,3216
datased:monophonic:003216,S-0544,DataSED - DataSED - Dataset for Sound Event Detection of environmental noise/SED_wav/S-0544.wav,monophonic,Workshop,workshop,110.27,116.65,0.92,0.97,6.38,3217
datased:monophonic:003217,S-0545,DataSED - DataSED - Dataset for Sound Event Detection of environmental noise/SED_wav/S-0545.wav,monophonic,Workshop,workshop,4.44,10.6,0.08,0.19,6.17,3218
datased:monophonic:003218,S-0545,DataSED - DataSED - Dataset for Sound Event Detection of environmental noise/SED_wav/S-0545.wav,monophonic,Workshop,workshop,14.07,23.24,0.26,0.42,9.17,3219
datased:monophonic:003219,S-0545,DataSED - DataSED - Dataset for Sound Event Detection of environmental noise/SED_wav/S-0545.wav,monophonic,Workshop,workshop,26.9,29.93,0.49,0.54,3.03,3220
datased:monophonic:003220,S-0545,DataSED - DataSED - Dataset for Sound Event Detection of environmental noise/SED_wav/S-0545.wav,monophonic,Workshop,workshop,33.63,37.97,0.61,0.69,4.33,3221
datased:monophonic:003221,S-0545,DataSED - DataSED - Dataset for Sound Event Detection of environmental noise/SED_wav/S-0545.wav,monophonic,Workshop,workshop,41.4,51.36,0.75,0.93,9.96,3222
datased:monophonic:003222,S-0546,DataSED - DataSED - Dataset for Sound Event Detection of environmental noise/SED_wav/S-0546.wav,monophonic,Workshop,workshop,4.8,37.9,0.04,0.32,33.1,3223
datased:monophonic:003223,S-0546,DataSED - DataSED - Dataset for Sound Event Detection of environmental noise/SED_wav/S-0546.wav,monophonic,Workshop,workshop,43.41,75.72,0.37,0.64,32.31,3224
datased:monophonic:003224,S-0546,DataSED - DataSED - Dataset for Sound Event Detection of environmental noise/SED_wav/S-0546.wav,monophonic,Workshop,workshop,84.16,115.11,0.71,0.97,30.96,3225
datased:monophonic:003225,S-0547,DataSED - DataSED - Dataset for Sound Event Detection of environmental noise/SED_wav/S-0547.wav,monophonic,Workshop,workshop,4.43,21.6,0.05,0.25,17.18,3226
datased:monophonic:003226,S-0547,DataSED - DataSED - Dataset for Sound Event Detection of environmental noise/SED_wav/S-0547.wav,monophonic,Workshop,workshop,27.14,61.55,0.31,0.7,34.41,3227
datased:monophonic:003227,S-0547,DataSED - DataSED - Dataset for Sound Event Detection of environmental noise/SED_wav/S-0547.wav,monophonic,Workshop,workshop,69.2,85.11,0.79,0.97,15.9,3228
datased:monophonic:003228,S-0548,DataSED - DataSED - Dataset for Sound Event Detection of environmental noise/SED_wav/S-0548.wav,monophonic,Workshop,workshop,2.99,6.98,0.08,0.19,3.99,3229
datased:monophonic:003229,S-0548,DataSED - DataSED - Dataset for Sound Event Detection of environmental noise/SED_wav/S-0548.wav,monophonic,Workshop,workshop,9.44,15.13,0.26,0.42,5.69,3230
datased:monophonic:003230,S-0548,DataSED - DataSED - Dataset for Sound Event Detection of environmental noise/SED_wav/S-0548.wav,monophonic,Workshop,workshop,17.81,22.29,0.49,0.62,4.49,3231
datased:monophonic:003231,S-0548,DataSED - DataSED - Dataset for Sound Event Detection of environmental noise/SED_wav/S-0548.wav,monophonic,Workshop,workshop,25.72,32.34,0.71,0.9,6.62,3232
datased:monophonic:003232,S-0549,DataSED - DataSED - Dataset for Sound Event Detection of environmental noise/SED_wav/S-0549.wav,monophonic,Voices,voices,0.6,6.6,0.02,0.22,6.0,3233
datased:monophonic:003233,S-0549,DataSED - DataSED - Dataset for Sound Event Detection of environmental noise/SED_wav/S-0549.wav,monophonic,Workshop,workshop,6.64,13.11,0.22,0.44,6.47,3234
datased:monophonic:003234,S-0549,DataSED - DataSED - Dataset for Sound Event Detection of environmental noise/SED_wav/S-0549.wav,monophonic,Workshop,workshop,15.57,16.42,0.52,0.55,0.85,3235
datased:monophonic:003235,S-0549,DataSED - DataSED - Dataset for Sound Event Detection of environmental noise/SED_wav/S-0549.wav,monophonic,Voices,voices,16.52,18.68,0.55,0.62,2.15,3236
datased:monophonic:003236,S-0549,DataSED - DataSED - Dataset for Sound Event Detection of environmental noise/SED_wav/S-0549.wav,monophonic,Workshop,workshop,19.39,27.99,0.65,0.93,8.6,3237
datased:monophonic:003237,S-0550,DataSED - DataSED - Dataset for Sound Event Detection of environmental noise/SED_wav/S-0550.wav,monophonic,Workshop,workshop,1.19,5.57,0.05,0.22,4.39,3238
datased:monophonic:003238,S-0550,DataSED - DataSED - Dataset for Sound Event Detection of environmental noise/SED_wav/S-0550.wav,monophonic,Workshop,workshop,7.2,10.58,0.29,0.42,3.38,3239
datased:monophonic:003239,S-0550,DataSED - DataSED - Dataset for Sound Event Detection of environmental noise/SED_wav/S-0550.wav,monophonic,Workshop,workshop,12.24,17.74,0.49,0.71,5.5,3240
datased:monophonic:003240,S-0550,DataSED - DataSED - Dataset for Sound Event Detection of environmental noise/SED_wav/S-0550.wav,monophonic,Workshop,workshop,19.5,23.25,0.78,0.93,3.75,3241
datased:monophonic:003241,S-0551,DataSED - DataSED - Dataset for Sound Event Detection of environmental noise/SED_wav/S-0551.wav,monophonic,Workshop,workshop,1.11,6.93,0.06,0.36,5.82,3242
datased:monophonic:003242,S-0551,DataSED - DataSED - Dataset for Sound Event Detection of environmental noise/SED_wav/S-0551.wav,monophonic,Workshop,workshop,8.39,17.45,0.44,0.92,9.06,3243
datased:monophonic:003243,S-0552,DataSED - DataSED - Dataset for Sound Event Detection of environmental noise/SED_wav/S-0552.wav,monophonic,Cicadas and crickets,cicadas_and_crickets,3.36,23.57,0.03,0.2,20.21,3244
datased:monophonic:003244,S-0552,DataSED - DataSED - Dataset for Sound Event Detection of environmental noise/SED_wav/S-0552.wav,monophonic,Cicadas and crickets,cicadas_and_crickets,34.96,51.62,0.3,0.44,16.65,3245
datased:monophonic:003245,S-0552,DataSED - DataSED - Dataset for Sound Event Detection of environmental noise/SED_wav/S-0552.wav,monophonic,Cicadas and crickets,cicadas_and_crickets,56.1,69.76,0.48,0.59,13.67,3246
datased:monophonic:003246,S-0552,DataSED - DataSED - Dataset for Sound Event Detection of environmental noise/SED_wav/S-0552.wav,monophonic,Cicadas and crickets,cicadas_and_crickets,74.39,76.44,0.63,0.65,2.04,3247
datased:monophonic:003247,S-0552,DataSED - DataSED - Dataset for Sound Event Detection of environmental noise/SED_wav/S-0552.wav,monophonic,Horn,horn,77.17,77.88,0.66,0.66,0.71,3248
datased:monophonic:003248,S-0552,DataSED - DataSED - Dataset for Sound Event Detection of environmental noise/SED_wav/S-0552.wav,monophonic,Cicadas and crickets,cicadas_and_crickets,86.21,93.39,0.73,0.79,7.19,3249
datased:monophonic:003249,S-0552,DataSED - DataSED - Dataset for Sound Event Detection of environmental noise/SED_wav/S-0552.wav,monophonic,Cicadas and crickets,cicadas_and_crickets,103.0,111.97,0.88,0.95,8.97,3250
datased:monophonic:003250,S-0553,DataSED - DataSED - Dataset for Sound Event Detection of environmental noise/SED_wav/S-0553.wav,monophonic,Cicadas and crickets,cicadas_and_crickets,3.86,12.34,0.03,0.09,8.48,3251
datased:monophonic:003251,S-0553,DataSED - DataSED - Dataset for Sound Event Detection of environmental noise/SED_wav/S-0553.wav,monophonic,Cicadas and crickets,cicadas_and_crickets,26.82,35.3,0.2,0.27,8.48,3252
datased:monophonic:003252,S-0553,DataSED - DataSED - Dataset for Sound Event Detection of environmental noise/SED_wav/S-0553.wav,monophonic,Cicadas and crickets,cicadas_and_crickets,45.06,51.31,0.34,0.39,6.24,3253
datased:monophonic:003253,S-0553,DataSED - DataSED - Dataset for Sound Event Detection of environmental noise/SED_wav/S-0553.wav,monophonic,Cicadas and crickets,cicadas_and_crickets,61.23,68.11,0.46,0.52,6.88,3254
datased:monophonic:003254,S-0553,DataSED - DataSED - Dataset for Sound Event Detection of environmental noise/SED_wav/S-0553.wav,monophonic,Cicadas and crickets,cicadas_and_crickets,77.31,85.15,0.58,0.64,7.84,3255
datased:monophonic:003255,S-0553,DataSED - DataSED - Dataset for Sound Event Detection of environmental noise/SED_wav/S-0553.wav,monophonic,Cicadas and crickets,cicadas_and_crickets,97.15,104.44,0.73,0.79,7.28,3256
datased:monophonic:003256,S-0553,DataSED - DataSED - Dataset for Sound Event Detection of environmental noise/SED_wav/S-0553.wav,monophonic,Cicadas and crickets,cicadas_and_crickets,108.92,112.28,0.82,0.85,3.36,3257
datased:monophonic:003257,S-0553,DataSED - DataSED - Dataset for Sound Event Detection of environmental noise/SED_wav/S-0553.wav,monophonic,Cicadas and crickets,cicadas_and_crickets,121.56,128.28,0.92,0.97,6.72,3258
datased:monophonic:003258,S-0554,DataSED - DataSED - Dataset for Sound Event Detection of environmental noise/SED_wav/S-0554.wav,monophonic,Cicadas and crickets,cicadas_and_crickets,1.27,12.0,0.01,0.09,10.73,3259
datased:monophonic:003259,S-0554,DataSED - DataSED - Dataset for Sound Event Detection of environmental noise/SED_wav/S-0554.wav,monophonic,Cicadas and crickets,cicadas_and_crickets,19.71,29.34,0.14,0.21,9.64,3260
datased:monophonic:003260,S-0554,DataSED - DataSED - Dataset for Sound Event Detection of environmental noise/SED_wav/S-0554.wav,monophonic,Cicadas and crickets,cicadas_and_crickets,39.15,45.6,0.28,0.33,6.45,3261
datased:monophonic:003261,S-0554,DataSED - DataSED - Dataset for Sound Event Detection of environmental noise/SED_wav/S-0554.wav,monophonic,Cicadas and crickets,cicadas_and_crickets,57.08,72.24,0.41,0.52,15.17,3262
datased:monophonic:003262,S-0554,DataSED - DataSED - Dataset for Sound Event Detection of environmental noise/SED_wav/S-0554.wav,monophonic,Cicadas and crickets,cicadas_and_crickets,81.71,88.5,0.59,0.64,6.79,3263
datased:monophonic:003263,S-0554,DataSED - DataSED - Dataset for Sound Event Detection of environmental noise/SED_wav/S-0554.wav,monophonic,Cicadas and crickets,cicadas_and_crickets,96.21,110.54,0.69,0.8,14.33,3264
datased:monophonic:003264,S-0554,DataSED - DataSED - Dataset for Sound Event Detection of environmental noise/SED_wav/S-0554.wav,monophonic,Cicadas and crickets,cicadas_and_crickets,122.6,134.16,0.89,0.97,11.56,3265
datased:monophonic:003265,S-0555,DataSED - DataSED - Dataset for Sound Event Detection of environmental noise/SED_wav/S-0555.wav,monophonic,Cicadas and crickets,cicadas_and_crickets,5.77,12.71,0.05,0.1,6.94,3266
datased:monophonic:003266,S-0555,DataSED - DataSED - Dataset for Sound Event Detection of environmental noise/SED_wav/S-0555.wav,monophonic,Cicadas and crickets,cicadas_and_crickets,22.57,31.75,0.18,0.26,9.18,3267
datased:monophonic:003267,S-0555,DataSED - DataSED - Dataset for Sound Event Detection of environmental noise/SED_wav/S-0555.wav,monophonic,Cicadas and crickets,cicadas_and_crickets,41.24,48.7,0.33,0.39,7.47,3268
datased:monophonic:003268,S-0555,DataSED - DataSED - Dataset for Sound Event Detection of environmental noise/SED_wav/S-0555.wav,monophonic,Cicadas and crickets,cicadas_and_crickets,58.41,67.37,0.47,0.55,8.96,3269
datased:monophonic:003269,S-0555,DataSED - DataSED - Dataset for Sound Event Detection of environmental noise/SED_wav/S-0555.wav,monophonic,Cicadas and crickets,cicadas_and_crickets,76.71,83.2,0.62,0.67,6.5,3270
datased:monophonic:003270,S-0555,DataSED - DataSED - Dataset for Sound Event Detection of environmental noise/SED_wav/S-0555.wav,monophonic,Cicadas and crickets,cicadas_and_crickets,92.83,100.97,0.75,0.82,8.14,3271
datased:monophonic:003271,S-0555,DataSED - DataSED - Dataset for Sound Event Detection of environmental noise/SED_wav/S-0555.wav,monophonic,Cicadas and crickets,cicadas_and_crickets,110.46,117.18,0.9,0.95,6.72,3272
datased:monophonic:003272,S-0556,DataSED - DataSED - Dataset for Sound Event Detection of environmental noise/SED_wav/S-0556.wav,monophonic,Cicadas and crickets,cicadas_and_crickets,3.15,11.55,0.03,0.1,8.4,3273
datased:monophonic:003273,S-0556,DataSED - DataSED - Dataset for Sound Event Detection of environmental noise/SED_wav/S-0556.wav,monophonic,Cicadas and crickets,cicadas_and_crickets,21.11,29.0,0.18,0.24,7.88,3274
datased:monophonic:003274,S-0556,DataSED - DataSED - Dataset for Sound Event Detection of environmental noise/SED_wav/S-0556.wav,monophonic,Cicadas and crickets,cicadas_and_crickets,38.63,46.3,0.32,0.38,7.67,3275
datased:monophonic:003275,S-0556,DataSED - DataSED - Dataset for Sound Event Detection of environmental noise/SED_wav/S-0556.wav,monophonic,Cicadas and crickets,cicadas_and_crickets,57.83,65.79,0.48,0.55,7.96,3276
datased:monophonic:003276,S-0556,DataSED - DataSED - Dataset for Sound Event Detection of environmental noise/SED_wav/S-0556.wav,monophonic,Cicadas and crickets,cicadas_and_crickets,75.57,84.11,0.63,0.7,8.54,3277
datased:monophonic:003277,S-0556,DataSED - DataSED - Dataset for Sound Event Detection of environmental noise/SED_wav/S-0556.wav,monophonic,Cicadas and crickets,cicadas_and_crickets,93.82,99.88,0.78,0.83,6.06,3278
datased:monophonic:003278,S-0556,DataSED - DataSED - Dataset for Sound Event Detection of environmental noise/SED_wav/S-0556.wav,monophonic,Cicadas and crickets,cicadas_and_crickets,109.37,115.8,0.91,0.96,6.42,3279
datased:monophonic:003279,S-0557,DataSED - DataSED - Dataset for Sound Event Detection of environmental noise/SED_wav/S-0557.wav,monophonic,Cicadas and crickets,cicadas_and_crickets,4.68,9.03,0.04,0.07,4.35,3280
datased:monophonic:003280,S-0557,DataSED - DataSED - Dataset for Sound Event Detection of environmental noise/SED_wav/S-0557.wav,monophonic,Cicadas and crickets,cicadas_and_crickets,18.43,25.18,0.14,0.2,6.76,3281
datased:monophonic:003281,S-0557,DataSED - DataSED - Dataset for Sound Event Detection of environmental noise/SED_wav/S-0557.wav,monophonic,Cicadas and crickets,cicadas_and_crickets,34.74,43.91,0.27,0.34,9.17,3282
datased:monophonic:003282,S-0557,DataSED - DataSED - Dataset for Sound Event Detection of environmental noise/SED_wav/S-0557.wav,monophonic,Cicadas and crickets,cicadas_and_crickets,53.54,60.84,0.42,0.47,7.3,3283
datased:monophonic:003283,S-0557,DataSED - DataSED - Dataset for Sound Event Detection of environmental noise/SED_wav/S-0557.wav,monophonic,Cicadas and crickets,cicadas_and_crickets,70.08,79.02,0.55,0.62,8.93,3284
datased:monophonic:003284,S-0557,DataSED - DataSED - Dataset for Sound Event Detection of environmental noise/SED_wav/S-0557.wav,monophonic,Cicadas and crickets,cicadas_and_crickets,88.57,94.24,0.69,0.73,5.67,3285
datased:monophonic:003285,S-0557,DataSED - DataSED - Dataset for Sound Event Detection of environmental noise/SED_wav/S-0557.wav,monophonic,Cicadas and crickets,cicadas_and_crickets,103.8,109.0,0.81,0.85,5.2,3286
datased:monophonic:003286,S-0557,DataSED - DataSED - Dataset for Sound Event Detection of environmental noise/SED_wav/S-0557.wav,monophonic,Cicadas and crickets,cicadas_and_crickets,118.56,124.07,0.92,0.97,5.52,3287
datased:monophonic:003287,S-0558,DataSED - DataSED - Dataset for Sound Event Detection of environmental noise/SED_wav/S-0558.wav,monophonic,Cicadas and crickets,cicadas_and_crickets,5.64,9.32,0.05,0.08,3.68,3288
datased:monophonic:003288,S-0558,DataSED - DataSED - Dataset for Sound Event Detection of environmental noise/SED_wav/S-0558.wav,monophonic,Cicadas and crickets,cicadas_and_crickets,18.92,25.37,0.15,0.2,6.45,3289
datased:monophonic:003289,S-0558,DataSED - DataSED - Dataset for Sound Event Detection of environmental noise/SED_wav/S-0558.wav,monophonic,Cicadas and crickets,cicadas_and_crickets,35.04,41.94,0.28,0.34,6.9,3290
datased:monophonic:003290,S-0558,DataSED - DataSED - Dataset for Sound Event Detection of environmental noise/SED_wav/S-0558.wav,monophonic,Cicadas and crickets,cicadas_and_crickets,51.25,57.1,0.41,0.46,5.85,3291
datased:monophonic:003291,S-0558,DataSED - DataSED - Dataset for Sound Event Detection of environmental noise/SED_wav/S-0558.wav,monophonic,Cicadas and crickets,cicadas_and_crickets,66.25,72.7,0.53,0.59,6.45,3292
datased:monophonic:003292,S-0558,DataSED - DataSED - Dataset for Sound Event Detection of environmental noise/SED_wav/S-0558.wav,monophonic,Cicadas and crickets,cicadas_and_crickets,82.0,86.57,0.66,0.7,4.58,3293
datased:monophonic:003293,S-0558,DataSED - DataSED - Dataset for Sound Event Detection of environmental noise/SED_wav/S-0558.wav,monophonic,Cicadas and crickets,cicadas_and_crickets,96.4,100.45,0.78,0.81,4.05,3294
datased:monophonic:003294,S-0558,DataSED - DataSED - Dataset for Sound Event Detection of environmental noise/SED_wav/S-0558.wav,monophonic,Cicadas and crickets,cicadas_and_crickets,110.13,117.93,0.89,0.95,7.8,3295
datased:monophonic:003295,S-0559,DataSED - DataSED - Dataset for Sound Event Detection of environmental noise/SED_wav/S-0559.wav,monophonic,Cicadas and crickets,cicadas_and_crickets,3.83,14.13,0.02,0.09,10.3,3296
datased:monophonic:003296,S-0559,DataSED - DataSED - Dataset for Sound Event Detection of environmental noise/SED_wav/S-0559.wav,monophonic,Cicadas and crickets,cicadas_and_crickets,23.38,29.2,0.15,0.19,5.82,3297
datased:monophonic:003297,S-0559,DataSED - DataSED - Dataset for Sound Event Detection of environmental noise/SED_wav/S-0559.wav,monophonic,Cicadas and crickets,cicadas_and_crickets,38.64,43.41,0.25,0.28,4.77,3298
datased:monophonic:003298,S-0559,DataSED - DataSED - Dataset for Sound Event Detection of environmental noise/SED_wav/S-0559.wav,monophonic,Cicadas and crickets,cicadas_and_crickets,52.57,62.39,0.33,0.4,9.82,3299
datased:monophonic:003299,S-0559,DataSED - DataSED - Dataset for Sound Event Detection of environmental noise/SED_wav/S-0559.wav,monophonic,Cicadas and crickets,cicadas_and_crickets,71.64,78.89,0.45,0.5,7.25,3300
datased:monophonic:003300,S-0559,DataSED - DataSED - Dataset for Sound Event Detection of environmental noise/SED_wav/S-0559.wav,monophonic,Cicadas and crickets,cicadas_and_crickets,87.95,96.34,0.56,0.61,8.39,3301
datased:monophonic:003301,S-0559,DataSED - DataSED - Dataset for Sound Event Detection of environmental noise/SED_wav/S-0559.wav,monophonic,Cicadas and crickets,cicadas_and_crickets,105.97,110.55,0.67,0.7,4.58,3302
datased:monophonic:003302,S-0559,DataSED - DataSED - Dataset for Sound Event Detection of environmental noise/SED_wav/S-0559.wav,monophonic,Cicadas and crickets,cicadas_and_crickets,119.8,125.61,0.76,0.8,5.82,3303
datased:monophonic:003303,S-0559,DataSED - DataSED - Dataset for Sound Event Detection of environmental noise/SED_wav/S-0559.wav,monophonic,Cicadas and crickets,cicadas_and_crickets,135.44,138.68,0.86,0.88,3.24,3304
datased:monophonic:003304,S-0559,DataSED - DataSED - Dataset for Sound Event Detection of environmental noise/SED_wav/S-0559.wav,monophonic,Cicadas and crickets,cicadas_and_crickets,148.03,154.89,0.94,0.98,6.87,3305
datased:monophonic:003305,S-0560,DataSED - DataSED - Dataset for Sound Event Detection of environmental noise/SED_wav/S-0560.wav,monophonic,Cicadas and crickets,cicadas_and_crickets,0.55,7.43,0.0,0.06,6.89,3306
datased:monophonic:003306,S-0560,DataSED - DataSED - Dataset for Sound Event Detection of environmental noise/SED_wav/S-0560.wav,monophonic,Cicadas and crickets,cicadas_and_crickets,16.89,26.05,0.14,0.21,9.16,3307
datased:monophonic:003307,S-0560,DataSED - DataSED - Dataset for Sound Event Detection of environmental noise/SED_wav/S-0560.wav,monophonic,Cicadas and crickets,cicadas_and_crickets,35.58,44.82,0.28,0.36,9.23,3308
datased:monophonic:003308,S-0560,DataSED - DataSED - Dataset for Sound Event Detection of environmental noise/SED_wav/S-0560.wav,monophonic,Cicadas and crickets,cicadas_and_crickets,54.28,64.11,0.43,0.51,9.84,3309
datased:monophonic:003309,S-0560,DataSED - DataSED - Dataset for Sound Event Detection of environmental noise/SED_wav/S-0560.wav,monophonic,Cicadas and crickets,cicadas_and_crickets,73.8,85.61,0.59,0.68,11.81,3310
datased:monophonic:003310,S-0560,DataSED - DataSED - Dataset for Sound Event Detection of environmental noise/SED_wav/S-0560.wav,monophonic,Cicadas and crickets,cicadas_and_crickets,93.25,100.13,0.75,0.8,6.89,3311
datased:monophonic:003311,S-0560,DataSED - DataSED - Dataset for Sound Event Detection of environmental noise/SED_wav/S-0560.wav,monophonic,Cicadas and crickets,cicadas_and_crickets,111.79,120.72,0.89,0.97,8.93,3312
datased:monophonic:003312,S-0561,DataSED - DataSED - Dataset for Sound Event Detection of environmental noise/SED_wav/S-0561.wav,monophonic,Cicadas and crickets,cicadas_and_crickets,0.0,12.42,0.0,0.11,12.42,3313
datased:monophonic:003313,S-0561,DataSED - DataSED - Dataset for Sound Event Detection of environmental noise/SED_wav/S-0561.wav,monophonic,Cicadas and crickets,cicadas_and_crickets,17.77,37.05,0.16,0.34,19.28,3314
datased:monophonic:003314,S-0561,DataSED - DataSED - Dataset for Sound Event Detection of environmental noise/SED_wav/S-0561.wav,monophonic,Cicadas and crickets,cicadas_and_crickets,46.75,62.0,0.43,0.57,15.25,3315
datased:monophonic:003315,S-0561,DataSED - DataSED - Dataset for Sound Event Detection of environmental noise/SED_wav/S-0561.wav,monophonic,Cicadas and crickets,cicadas_and_crickets,71.24,93.16,0.65,0.85,21.92,3316
datased:monophonic:003316,S-0561,DataSED - DataSED - Dataset for Sound Event Detection of environmental noise/SED_wav/S-0561.wav,monophonic,Cicadas and crickets,cicadas_and_crickets,100.75,109.07,0.92,1.0,8.32,3317
datased:monophonic:003317,S-0562,DataSED - DataSED - Dataset for Sound Event Detection of environmental noise/SED_wav/S-0562.wav,monophonic,Cicadas and crickets,cicadas_and_crickets,0.0,1.48,0.0,0.07,1.48,3318
datased:monophonic:003318,S-0562,DataSED - DataSED - Dataset for Sound Event Detection of environmental noise/SED_wav/S-0562.wav,monophonic,Cicadas and crickets,cicadas_and_crickets,4.89,6.17,0.23,0.29,1.29,3319
datased:monophonic:003319,S-0562,DataSED - DataSED - Dataset for Sound Event Detection of environmental noise/SED_wav/S-0562.wav,monophonic,Cicadas and crickets,cicadas_and_crickets,10.49,12.03,0.49,0.57,1.54,3320
datased:monophonic:003320,S-0562,DataSED - DataSED - Dataset for Sound Event Detection of environmental noise/SED_wav/S-0562.wav,monophonic,Cicadas and crickets,cicadas_and_crickets,15.56,17.15,0.73,0.81,1.59,3321
datased:monophonic:003321,S-0562,DataSED - DataSED - Dataset for Sound Event Detection of environmental noise/SED_wav/S-0562.wav,monophonic,Cicadas and crickets,cicadas_and_crickets,20.23,21.24,0.95,1.0,1.0,3322
datased:monophonic:003322,S-0563,DataSED - DataSED - Dataset for Sound Event Detection of environmental noise/SED_wav/S-0563.wav,monophonic,Cicadas and crickets,cicadas_and_crickets,0.44,1.52,0.02,0.06,1.08,3323
datased:monophonic:003323,S-0563,DataSED - DataSED - Dataset for Sound Event Detection of environmental noise/SED_wav/S-0563.wav,monophonic,Cicadas and crickets,cicadas_and_crickets,5.24,6.31,0.19,0.23,1.08,3324
datased:monophonic:003324,S-0563,DataSED - DataSED - Dataset for Sound Event Detection of environmental noise/SED_wav/S-0563.wav,monophonic,Cicadas and crickets,cicadas_and_crickets,9.72,10.86,0.36,0.4,1.14,3325
datased:monophonic:003325,S-0563,DataSED - DataSED - Dataset for Sound Event Detection of environmental noise/SED_wav/S-0563.wav,monophonic,Cicadas and crickets,cicadas_and_crickets,17.11,18.23,0.64,0.68,1.13,3326
datased:monophonic:003326,S-0563,DataSED - DataSED - Dataset for Sound Event Detection of environmental noise/SED_wav/S-0563.wav,monophonic,Cicadas and crickets,cicadas_and_crickets,22.93,24.07,0.85,0.89,1.14,3327
datased:monophonic:003327,S-0563,DataSED - DataSED - Dataset for Sound Event Detection of environmental noise/SED_wav/S-0563.wav,monophonic,Cicadas and crickets,cicadas_and_crickets,24.92,26.08,0.92,0.97,1.16,3328
datased:monophonic:003328,S-0564,DataSED - DataSED - Dataset for Sound Event Detection of environmental noise/SED_wav/S-0564.wav,monophonic,Cicadas and crickets,cicadas_and_crickets,0.0,0.75,0.0,0.03,0.75,3329
datased:monophonic:003329,S-0564,DataSED - DataSED - Dataset for Sound Event Detection of environmental noise/SED_wav/S-0564.wav,monophonic,Cicadas and crickets,cicadas_and_crickets,3.12,5.71,0.13,0.24,2.6,3330
datased:monophonic:003330,S-0564,DataSED - DataSED - Dataset for Sound Event Detection of environmental noise/SED_wav/S-0564.wav,monophonic,Cicadas and crickets,cicadas_and_crickets,8.34,11.26,0.34,0.46,2.92,3331
datased:monophonic:003331,S-0564,DataSED - DataSED - Dataset for Sound Event Detection of environmental noise/SED_wav/S-0564.wav,monophonic,Cicadas and crickets,cicadas_and_crickets,13.89,15.77,0.57,0.65,1.88,3332
datased:monophonic:003332,S-0564,DataSED - DataSED - Dataset for Sound Event Detection of environmental noise/SED_wav/S-0564.wav,monophonic,Cicadas and crickets,cicadas_and_crickets,18.52,19.87,0.76,0.82,1.35,3333
datased:monophonic:003333,S-0564,DataSED - DataSED - Dataset for Sound Event Detection of environmental noise/SED_wav/S-0564.wav,monophonic,Cicadas and crickets,cicadas_and_crickets,22.58,24.26,0.93,1.0,1.67,3334
datased:monophonic:003334,S-0565,DataSED - DataSED - Dataset for Sound Event Detection of environmental noise/SED_wav/S-0565.wav,monophonic,Cicadas and crickets,cicadas_and_crickets,0.08,1.3,0.0,0.06,1.22,3335
datased:monophonic:003335,S-0565,DataSED - DataSED - Dataset for Sound Event Detection of environmental noise/SED_wav/S-0565.wav,monophonic,Cicadas and crickets,cicadas_and_crickets,3.89,5.26,0.18,0.24,1.37,3336
datased:monophonic:003336,S-0565,DataSED - DataSED - Dataset for Sound Event Detection of environmental noise/SED_wav/S-0565.wav,monophonic,Cicadas and crickets,cicadas_and_crickets,7.6,8.45,0.34,0.38,0.84,3337
datased:monophonic:003337,S-0565,DataSED - DataSED - Dataset for Sound Event Detection of environmental noise/SED_wav/S-0565.wav,monophonic,Cicadas and crickets,cicadas_and_crickets,10.5,11.54,0.47,0.52,1.05,3338
datased:monophonic:003338,S-0565,DataSED - DataSED - Dataset for Sound Event Detection of environmental noise/SED_wav/S-0565.wav,monophonic,Cicadas and crickets,cicadas_and_crickets,16.3,17.68,0.74,0.8,1.38,3339
datased:monophonic:003339,S-0566,DataSED - DataSED - Dataset for Sound Event Detection of environmental noise/SED_wav/S-0566.wav,monophonic,Cicadas and crickets,cicadas_and_crickets,0.1,1.2,0.0,0.04,1.1,3340
datased:monophonic:003340,S-0566,DataSED - DataSED - Dataset for Sound Event Detection of environmental noise/SED_wav/S-0566.wav,monophonic,Cicadas and crickets,cicadas_and_crickets,3.84,5.56,0.14,0.21,1.72,3341
datased:monophonic:003341,S-0566,DataSED - DataSED - Dataset for Sound Event Detection of environmental noise/SED_wav/S-0566.wav,monophonic,Cicadas and crickets,cicadas_and_crickets,7.71,10.19,0.28,0.38,2.48,3342
datased:monophonic:003342,S-0566,DataSED - DataSED - Dataset for Sound Event Detection of environmental noise/SED_wav/S-0566.wav,monophonic,Cicadas and crickets,cicadas_and_crickets,13.71,15.17,0.51,0.56,1.46,3343
datased:monophonic:003343,S-0566,DataSED - DataSED - Dataset for Sound Event Detection of environmental noise/SED_wav/S-0566.wav,monophonic,Cicadas and crickets,cicadas_and_crickets,17.63,19.71,0.65,0.73,2.08,3344
datased:monophonic:003344,S-0566,DataSED - DataSED - Dataset for Sound Event Detection of environmental noise/SED_wav/S-0566.wav,monophonic,Cicadas and crickets,cicadas_and_crickets,22.42,24.16,0.83,0.89,1.74,3345
datased:monophonic:003345,S-0567,DataSED - DataSED - Dataset for Sound Event Detection of environmental noise/SED_wav/S-0567.wav,monophonic,Cicadas and crickets,cicadas_and_crickets,0.0,2.15,0.0,0.06,2.15,3346
datased:monophonic:003346,S-0567,DataSED - DataSED - Dataset for Sound Event Detection of environmental noise/SED_wav/S-0567.wav,monophonic,Cicadas and crickets,cicadas_and_crickets,4.87,7.71,0.13,0.2,2.84,3347
datased:monophonic:003347,S-0567,DataSED - DataSED - Dataset for Sound Event Detection of environmental noise/SED_wav/S-0567.wav,monophonic,Cicadas and crickets,cicadas_and_crickets,12.36,14.34,0.32,0.38,1.98,3348
datased:monophonic:003348,S-0567,DataSED - DataSED - Dataset for Sound Event Detection of environmental noise/SED_wav/S-0567.wav,monophonic,Cicadas and crickets,cicadas_and_crickets,17.35,18.47,0.46,0.48,1.12,3349
datased:monophonic:003349,S-0567,DataSED - DataSED - Dataset for Sound Event Detection of environmental noise/SED_wav/S-0567.wav,monophonic,Cicadas and crickets,cicadas_and_crickets,20.09,22.0,0.53,0.58,1.91,3350
datased:monophonic:003350,S-0567,DataSED - DataSED - Dataset for Sound Event Detection of environmental noise/SED_wav/S-0567.wav,monophonic,Cicadas and crickets,cicadas_and_crickets,27.05,33.32,0.71,0.87,6.27,3351
datased:monophonic:003351,S-0568,DataSED - DataSED - Dataset for Sound Event Detection of environmental noise/SED_wav/S-0568.wav,monophonic,Cicadas and crickets,cicadas_and_crickets,0.14,2.42,0.01,0.11,2.28,3352
datased:monophonic:003352,S-0568,DataSED - DataSED - Dataset for Sound Event Detection of environmental noise/SED_wav/S-0568.wav,monophonic,Voices,voices,5.7,7.18,0.25,0.31,1.48,3353
datased:monophonic:003353,S-0568,DataSED - DataSED - Dataset for Sound Event Detection of environmental noise/SED_wav/S-0568.wav,monophonic,Cicadas and crickets,cicadas_and_crickets,9.68,11.1,0.42,0.49,1.42,3354
datased:monophonic:003354,S-0568,DataSED - DataSED - Dataset for Sound Event Detection of environmental noise/SED_wav/S-0568.wav,monophonic,Cicadas and crickets,cicadas_and_crickets,13.72,15.52,0.6,0.68,1.79,3355
datased:monophonic:003355,S-0568,DataSED - DataSED - Dataset for Sound Event Detection of environmental noise/SED_wav/S-0568.wav,monophonic,Cicadas and crickets,cicadas_and_crickets,17.37,20.65,0.76,0.91,3.29,3356
datased:monophonic:003356,S-0569,DataSED - DataSED - Dataset for Sound Event Detection of environmental noise/SED_wav/S-0569.wav,monophonic,Cicadas and crickets,cicadas_and_crickets,5.36,14.34,0.04,0.11,8.98,3357
datased:monophonic:003357,S-0569,DataSED - DataSED - Dataset for Sound Event Detection of environmental noise/SED_wav/S-0569.wav,monophonic,Cicadas and crickets,cicadas_and_crickets,18.99,28.98,0.15,0.23,9.99,3358
datased:monophonic:003358,S-0569,DataSED - DataSED - Dataset for Sound Event Detection of environmental noise/SED_wav/S-0569.wav,monophonic,Cicadas and crickets,cicadas_and_crickets,33.32,38.43,0.26,0.3,5.11,3359
datased:monophonic:003359,S-0569,DataSED - DataSED - Dataset for Sound Event Detection of environmental noise/SED_wav/S-0569.wav,monophonic,Cicadas and crickets,cicadas_and_crickets,42.92,47.41,0.34,0.37,4.49,3360
datased:monophonic:003360,S-0569,DataSED - DataSED - Dataset for Sound Event Detection of environmental noise/SED_wav/S-0569.wav,monophonic,Cicadas and crickets,cicadas_and_crickets,51.83,58.1,0.41,0.45,6.27,3361
datased:monophonic:003361,S-0569,DataSED - DataSED - Dataset for Sound Event Detection of environmental noise/SED_wav/S-0569.wav,monophonic,Cicadas and crickets,cicadas_and_crickets,62.36,70.57,0.49,0.55,8.21,3362
datased:monophonic:003362,S-0569,DataSED - DataSED - Dataset for Sound Event Detection of environmental noise/SED_wav/S-0569.wav,monophonic,Cicadas and crickets,cicadas_and_crickets,75.06,80.95,0.59,0.63,5.89,3363
datased:monophonic:003363,S-0569,DataSED - DataSED - Dataset for Sound Event Detection of environmental noise/SED_wav/S-0569.wav,monophonic,Cicadas and crickets,cicadas_and_crickets,85.52,91.09,0.67,0.71,5.58,3364
datased:monophonic:003364,S-0569,DataSED - DataSED - Dataset for Sound Event Detection of environmental noise/SED_wav/S-0569.wav,monophonic,Cicadas and crickets,cicadas_and_crickets,95.51,99.22,0.75,0.78,3.72,3365
datased:monophonic:003365,S-0569,DataSED - DataSED - Dataset for Sound Event Detection of environmental noise/SED_wav/S-0569.wav,monophonic,Cicadas and crickets,cicadas_and_crickets,103.48,110.22,0.81,0.86,6.74,3366
datased:monophonic:003366,S-0569,DataSED - DataSED - Dataset for Sound Event Detection of environmental noise/SED_wav/S-0569.wav,monophonic,Cicadas and crickets,cicadas_and_crickets,114.48,118.51,0.89,0.93,4.03,3367
datased:monophonic:003367,S-0569,DataSED - DataSED - Dataset for Sound Event Detection of environmental noise/SED_wav/S-0569.wav,monophonic,Cicadas and crickets,cicadas_and_crickets,122.77,126.56,0.96,0.99,3.79,3368
datased:monophonic:003368,S-0570,DataSED - DataSED - Dataset for Sound Event Detection of environmental noise/SED_wav/S-0570.wav,monophonic,Cicadas and crickets,cicadas_and_crickets,2.08,5.03,0.01,0.03,2.95,3369
datased:monophonic:003369,S-0570,DataSED - DataSED - Dataset for Sound Event Detection of environmental noise/SED_wav/S-0570.wav,monophonic,Cicadas and crickets,cicadas_and_crickets,8.37,12.3,0.05,0.08,3.93,3370
datased:monophonic:003370,S-0570,DataSED - DataSED - Dataset for Sound Event Detection of environmental noise/SED_wav/S-0570.wav,monophonic,Cicadas and crickets,cicadas_and_crickets,15.94,18.59,0.1,0.11,2.65,3371
datased:monophonic:003371,S-0570,DataSED - DataSED - Dataset for Sound Event Detection of environmental noise/SED_wav/S-0570.wav,monophonic,Cicadas and crickets,cicadas_and_crickets,22.72,29.4,0.14,0.18,6.68,3372
datased:monophonic:003372,S-0570,DataSED - DataSED - Dataset for Sound Event Detection of environmental noise/SED_wav/S-0570.wav,monophonic,Cicadas and crickets,cicadas_and_crickets,33.52,36.67,0.21,0.23,3.14,3373
datased:monophonic:003373,S-0570,DataSED - DataSED - Dataset for Sound Event Detection of environmental noise/SED_wav/S-0570.wav,monophonic,Cicadas and crickets,cicadas_and_crickets,41.97,45.71,0.26,0.28,3.73,3374
datased:monophonic:003374,S-0570,DataSED - DataSED - Dataset for Sound Event Detection of environmental noise/SED_wav/S-0570.wav,monophonic,Cicadas and crickets,cicadas_and_crickets,49.24,52.58,0.3,0.32,3.34,3375
datased:monophonic:003375,S-0570,DataSED - DataSED - Dataset for Sound Event Detection of environmental noise/SED_wav/S-0570.wav,monophonic,Cicadas and crickets,cicadas_and_crickets,55.04,59.46,0.34,0.37,4.42,3376
datased:monophonic:003376,S-0570,DataSED - DataSED - Dataset for Sound Event Detection of environmental noise/SED_wav/S-0570.wav,monophonic,Cicadas and crickets,cicadas_and_crickets,61.52,65.45,0.38,0.4,3.93,3377
datased:monophonic:003377,S-0570,DataSED - DataSED - Dataset for Sound Event Detection of environmental noise/SED_wav/S-0570.wav,monophonic,Cicadas and crickets,cicadas_and_crickets,68.01,74.39,0.42,0.46,6.39,3378
datased:monophonic:003378,S-0570,DataSED - DataSED - Dataset for Sound Event Detection of environmental noise/SED_wav/S-0570.wav,monophonic,Cicadas and crickets,cicadas_and_crickets,78.62,81.76,0.48,0.5,3.14,3379
datased:monophonic:003379,S-0570,DataSED - DataSED - Dataset for Sound Event Detection of environmental noise/SED_wav/S-0570.wav,monophonic,Cicadas and crickets,cicadas_and_crickets,86.68,91.69,0.53,0.56,5.01,3380
datased:monophonic:003380,S-0570,DataSED - DataSED - Dataset for Sound Event Detection of environmental noise/SED_wav/S-0570.wav,monophonic,Cicadas and crickets,cicadas_and_crickets,96.11,98.96,0.59,0.61,2.85,3381
datased:monophonic:003381,S-0570,DataSED - DataSED - Dataset for Sound Event Detection of environmental noise/SED_wav/S-0570.wav,monophonic,Cicadas and crickets,cicadas_and_crickets,103.38,107.11,0.64,0.66,3.73,3382
datased:monophonic:003382,S-0570,DataSED - DataSED - Dataset for Sound Event Detection of environmental noise/SED_wav/S-0570.wav,monophonic,Cicadas and crickets,cicadas_and_crickets,109.08,114.19,0.67,0.7,5.11,3383
datased:monophonic:003383,S-0570,DataSED - DataSED - Dataset for Sound Event Detection of environmental noise/SED_wav/S-0570.wav,monophonic,Cicadas and crickets,cicadas_and_crickets,118.41,124.8,0.73,0.77,6.39,3384
datased:monophonic:003384,S-0570,DataSED - DataSED - Dataset for Sound Event Detection of environmental noise/SED_wav/S-0570.wav,monophonic,Cicadas and crickets,cicadas_and_crickets,129.12,132.46,0.8,0.82,3.34,3385
datased:monophonic:003385,S-0570,DataSED - DataSED - Dataset for Sound Event Detection of environmental noise/SED_wav/S-0570.wav,monophonic,Cicadas and crickets,cicadas_and_crickets,136.68,141.69,0.84,0.87,5.01,3386
datased:monophonic:003386,S-0570,DataSED - DataSED - Dataset for Sound Event Detection of environmental noise/SED_wav/S-0570.wav,monophonic,Cicadas and crickets,cicadas_and_crickets,146.31,153.88,0.9,0.95,7.57,3387
datased:monophonic:003387,S-0571,DataSED - DataSED - Dataset for Sound Event Detection of environmental noise/SED_wav/S-0571.wav,monophonic,Cicadas and crickets,cicadas_and_crickets,2.28,5.13,0.01,0.03,2.85,3388
datased:monophonic:003388,S-0571,DataSED - DataSED - Dataset for Sound Event Detection of environmental noise/SED_wav/S-0571.wav,monophonic,Cicadas and crickets,cicadas_and_crickets,8.27,12.3,0.05,0.08,4.03,3389
datased:monophonic:003389,S-0571,DataSED - DataSED - Dataset for Sound Event Detection of environmental noise/SED_wav/S-0571.wav,monophonic,Cicadas and crickets,cicadas_and_crickets,15.84,18.49,0.1,0.11,2.65,3390
datased:monophonic:003390,S-0571,DataSED - DataSED - Dataset for Sound Event Detection of environmental noise/SED_wav/S-0571.wav,monophonic,Cicadas and crickets,cicadas_and_crickets,22.62,29.1,0.14,0.18,6.48,3391
datased:monophonic:003391,S-0571,DataSED - DataSED - Dataset for Sound Event Detection of environmental noise/SED_wav/S-0571.wav,monophonic,Cicadas and crickets,cicadas_and_crickets,33.52,36.37,0.21,0.22,2.85,3392
datased:monophonic:003392,S-0571,DataSED - DataSED - Dataset for Sound Event Detection of environmental noise/SED_wav/S-0571.wav,monophonic,Cicadas and crickets,cicadas_and_crickets,41.97,45.9,0.26,0.28,3.93,3393
datased:monophonic:003393,S-0571,DataSED - DataSED - Dataset for Sound Event Detection of environmental noise/SED_wav/S-0571.wav,monophonic,Cicadas and crickets,cicadas_and_crickets,49.14,52.48,0.3,0.32,3.34,3394
datased:monophonic:003394,S-0571,DataSED - DataSED - Dataset for Sound Event Detection of environmental noise/SED_wav/S-0571.wav,monophonic,Cicadas and crickets,cicadas_and_crickets,55.04,59.56,0.34,0.37,4.52,3395
datased:monophonic:003395,S-0571,DataSED - DataSED - Dataset for Sound Event Detection of environmental noise/SED_wav/S-0571.wav,monophonic,Cicadas and crickets,cicadas_and_crickets,61.92,65.16,0.38,0.4,3.24,3396
datased:monophonic:003396,S-0571,DataSED - DataSED - Dataset for Sound Event Detection of environmental noise/SED_wav/S-0571.wav,monophonic,Cicadas and crickets,cicadas_and_crickets,67.81,74.3,0.42,0.46,6.48,3397
datased:monophonic:003397,S-0571,DataSED - DataSED - Dataset for Sound Event Detection of environmental noise/SED_wav/S-0571.wav,monophonic,Cicadas and crickets,cicadas_and_crickets,78.91,82.06,0.49,0.51,3.14,3398
datased:monophonic:003398,S-0571,DataSED - DataSED - Dataset for Sound Event Detection of environmental noise/SED_wav/S-0571.wav,monophonic,Cicadas and crickets,cicadas_and_crickets,86.28,91.98,0.53,0.57,5.7,3399
datased:monophonic:003399,S-0571,DataSED - DataSED - Dataset for Sound Event Detection of environmental noise/SED_wav/S-0571.wav,monophonic,Cicadas and crickets,cicadas_and_crickets,96.11,98.86,0.59,0.61,2.75,3400
datased:monophonic:003400,S-0571,DataSED - DataSED - Dataset for Sound Event Detection of environmental noise/SED_wav/S-0571.wav,monophonic,Cicadas and crickets,cicadas_and_crickets,103.38,106.72,0.64,0.66,3.34,3401
datased:monophonic:003401,S-0571,DataSED - DataSED - Dataset for Sound Event Detection of environmental noise/SED_wav/S-0571.wav,monophonic,Cicadas and crickets,cicadas_and_crickets,109.47,114.19,0.67,0.7,4.72,3402
datased:monophonic:003402,S-0571,DataSED - DataSED - Dataset for Sound Event Detection of environmental noise/SED_wav/S-0571.wav,monophonic,Cicadas and crickets,cicadas_and_crickets,118.41,124.89,0.73,0.77,6.48,3403
datased:monophonic:003403,S-0571,DataSED - DataSED - Dataset for Sound Event Detection of environmental noise/SED_wav/S-0571.wav,monophonic,Cicadas and crickets,cicadas_and_crickets,129.32,132.07,0.8,0.81,2.75,3404
datased:monophonic:003404,S-0571,DataSED - DataSED - Dataset for Sound Event Detection of environmental noise/SED_wav/S-0571.wav,monophonic,Cicadas and crickets,cicadas_and_crickets,136.59,141.79,0.84,0.87,5.21,3405
datased:monophonic:003405,S-0571,DataSED - DataSED - Dataset for Sound Event Detection of environmental noise/SED_wav/S-0571.wav,monophonic,Cicadas and crickets,cicadas_and_crickets,146.51,153.78,0.9,0.95,7.27,3406
datased:monophonic:003406,S-0572,DataSED - DataSED - Dataset for Sound Event Detection of environmental noise/SED_wav/S-0572.wav,monophonic,Cicadas and crickets,cicadas_and_crickets,5.51,14.42,0.04,0.11,8.91,3407
datased:monophonic:003407,S-0572,DataSED - DataSED - Dataset for Sound Event Detection of environmental noise/SED_wav/S-0572.wav,monophonic,Cicadas and crickets,cicadas_and_crickets,18.99,28.98,0.15,0.23,9.99,3408
datased:monophonic:003408,S-0572,DataSED - DataSED - Dataset for Sound Event Detection of environmental noise/SED_wav/S-0572.wav,monophonic,Cicadas and crickets,cicadas_and_crickets,33.24,38.58,0.26,0.3,5.34,3409
datased:monophonic:003409,S-0572,DataSED - DataSED - Dataset for Sound Event Detection of environmental noise/SED_wav/S-0572.wav,monophonic,Cicadas and crickets,cicadas_and_crickets,42.92,47.41,0.34,0.37,4.49,3410
datased:monophonic:003410,S-0572,DataSED - DataSED - Dataset for Sound Event Detection of environmental noise/SED_wav/S-0572.wav,monophonic,Cicadas and crickets,cicadas_and_crickets,51.9,57.87,0.41,0.45,5.96,3411
datased:monophonic:003411,S-0572,DataSED - DataSED - Dataset for Sound Event Detection of environmental noise/SED_wav/S-0572.wav,monophonic,Cicadas and crickets,cicadas_and_crickets,62.36,70.57,0.49,0.55,8.21,3412
datased:monophonic:003412,S-0572,DataSED - DataSED - Dataset for Sound Event Detection of environmental noise/SED_wav/S-0572.wav,monophonic,Cicadas and crickets,cicadas_and_crickets,74.91,81.1,0.59,0.63,6.2,3413
datased:monophonic:003413,S-0572,DataSED - DataSED - Dataset for Sound Event Detection of environmental noise/SED_wav/S-0572.wav,monophonic,Cicadas and crickets,cicadas_and_crickets,85.59,90.78,0.67,0.71,5.19,3414
datased:monophonic:003414,S-0572,DataSED - DataSED - Dataset for Sound Event Detection of environmental noise/SED_wav/S-0572.wav,monophonic,Cicadas and crickets,cicadas_and_crickets,95.2,99.15,0.74,0.77,3.95,3415
datased:monophonic:003415,S-0572,DataSED - DataSED - Dataset for Sound Event Detection of environmental noise/SED_wav/S-0572.wav,monophonic,Cicadas and crickets,cicadas_and_crickets,103.41,110.07,0.81,0.86,6.66,3416
datased:monophonic:003416,S-0572,DataSED - DataSED - Dataset for Sound Event Detection of environmental noise/SED_wav/S-0572.wav,monophonic,Cicadas and crickets,cicadas_and_crickets,114.4,118.35,0.89,0.92,3.95,3417
datased:monophonic:003417,S-0572,DataSED - DataSED - Dataset for Sound Event Detection of environmental noise/SED_wav/S-0572.wav,monophonic,Cicadas and crickets,cicadas_and_crickets,122.92,126.1,0.96,0.99,3.18,3418
datased:monophonic:003418,S-0573,DataSED - DataSED - Dataset for Sound Event Detection of environmental noise/SED_wav/S-0573.wav,monophonic,Birds,birds,0.1,2.21,0.0,0.06,2.11,3419
datased:monophonic:003419,S-0573,DataSED - DataSED - Dataset for Sound Event Detection of environmental noise/SED_wav/S-0573.wav,monophonic,Cicadas and crickets,cicadas_and_crickets,2.24,4.22,0.06,0.11,1.97,3420
datased:monophonic:003420,S-0573,DataSED - DataSED - Dataset for Sound Event Detection of environmental noise/SED_wav/S-0573.wav,monophonic,Cicadas and crickets,cicadas_and_crickets,8.1,10.06,0.21,0.26,1.95,3421
datased:monophonic:003421,S-0573,DataSED - DataSED - Dataset for Sound Event Detection of environmental noise/SED_wav/S-0573.wav,monophonic,Birds,birds,10.09,11.99,0.26,0.31,1.9,3422
datased:monophonic:003422,S-0573,DataSED - DataSED - Dataset for Sound Event Detection of environmental noise/SED_wav/S-0573.wav,monophonic,Cicadas and crickets,cicadas_and_crickets,12.01,13.92,0.31,0.36,1.91,3423
datased:monophonic:003423,S-0573,DataSED - DataSED - Dataset for Sound Event Detection of environmental noise/SED_wav/S-0573.wav,monophonic,Birds,birds,13.96,16.39,0.36,0.42,2.43,3424
datased:monophonic:003424,S-0573,DataSED - DataSED - Dataset for Sound Event Detection of environmental noise/SED_wav/S-0573.wav,monophonic,Cicadas and crickets,cicadas_and_crickets,16.44,18.22,0.43,0.47,1.78,3425
datased:monophonic:003425,S-0573,DataSED - DataSED - Dataset for Sound Event Detection of environmental noise/SED_wav/S-0573.wav,monophonic,Cicadas and crickets,cicadas_and_crickets,22.18,25.38,0.57,0.66,3.21,3426
datased:monophonic:003426,S-0573,DataSED - DataSED - Dataset for Sound Event Detection of environmental noise/SED_wav/S-0573.wav,monophonic,Cicadas and crickets,cicadas_and_crickets,30.06,33.3,0.78,0.86,3.23,3427
datased:monophonic:003427,S-0574,DataSED - DataSED - Dataset for Sound Event Detection of environmental noise/SED_wav/S-0574.wav,monophonic,Cicadas and crickets,cicadas_and_crickets,1.26,4.71,0.04,0.15,3.46,3428
datased:monophonic:003428,S-0574,DataSED - DataSED - Dataset for Sound Event Detection of environmental noise/SED_wav/S-0574.wav,monophonic,Birds,birds,7.64,9.6,0.24,0.31,1.96,3429
datased:monophonic:003429,S-0574,DataSED - DataSED - Dataset for Sound Event Detection of environmental noise/SED_wav/S-0574.wav,monophonic,Birds,birds,13.57,14.27,0.43,0.45,0.7,3430
datased:monophonic:003430,S-0574,DataSED - DataSED - Dataset for Sound Event Detection of environmental noise/SED_wav/S-0574.wav,monophonic,Cicadas and crickets,cicadas_and_crickets,17.95,21.12,0.57,0.67,3.17,3431
datased:monophonic:003431,S-0574,DataSED - DataSED - Dataset for Sound Event Detection of environmental noise/SED_wav/S-0574.wav,monophonic,Cicadas and crickets,cicadas_and_crickets,24.32,26.88,0.77,0.86,2.56,3432
datased:monophonic:003432,S-0575,DataSED - DataSED - Dataset for Sound Event Detection of environmental noise/SED_wav/S-0575.wav,monophonic,Cicadas and crickets,cicadas_and_crickets,3.26,12.49,0.03,0.12,9.23,3433
datased:monophonic:003433,S-0575,DataSED - DataSED - Dataset for Sound Event Detection of environmental noise/SED_wav/S-0575.wav,monophonic,Cicadas and crickets,cicadas_and_crickets,20.16,27.59,0.2,0.27,7.42,3434
datased:monophonic:003434,S-0575,DataSED - DataSED - Dataset for Sound Event Detection of environmental noise/SED_wav/S-0575.wav,monophonic,Cicadas and crickets,cicadas_and_crickets,35.07,42.25,0.34,0.41,7.17,3435
datased:monophonic:003435,S-0575,DataSED - DataSED - Dataset for Sound Event Detection of environmental noise/SED_wav/S-0575.wav,monophonic,Cicadas and crickets,cicadas_and_crickets,51.67,58.91,0.5,0.57,7.24,3436
datased:monophonic:003436,S-0575,DataSED - DataSED - Dataset for Sound Event Detection of environmental noise/SED_wav/S-0575.wav,monophonic,Cicadas and crickets,cicadas_and_crickets,64.4,67.2,0.62,0.65,2.81,3437
datased:monophonic:003437,S-0575,DataSED - DataSED - Dataset for Sound Event Detection of environmental noise/SED_wav/S-0575.wav,monophonic,Cicadas and crickets,cicadas_and_crickets,72.88,78.81,0.71,0.76,5.93,3438
datased:monophonic:003438,S-0575,DataSED - DataSED - Dataset for Sound Event Detection of environmental noise/SED_wav/S-0575.wav,monophonic,Cicadas and crickets,cicadas_and_crickets,84.36,89.23,0.82,0.87,4.87,3439
datased:monophonic:003439,S-0575,DataSED - DataSED - Dataset for Sound Event Detection of environmental noise/SED_wav/S-0575.wav,monophonic,Cicadas and crickets,cicadas_and_crickets,96.84,102.2,0.94,0.99,5.37,3440
datased:monophonic:003440,S-0576,DataSED - DataSED - Dataset for Sound Event Detection of environmental noise/SED_wav/S-0576.wav,monophonic,Birds,birds,5.49,8.63,0.02,0.04,3.14,3441
datased:monophonic:003441,S-0576,DataSED - DataSED - Dataset for Sound Event Detection of environmental noise/SED_wav/S-0576.wav,monophonic,Birds,birds,12.46,15.87,0.06,0.07,3.41,3442
datased:monophonic:003442,S-0576,DataSED - DataSED - Dataset for Sound Event Detection of environmental noise/SED_wav/S-0576.wav,monophonic,Birds,birds,22.16,24.75,0.1,0.11,2.6,3443
datased:monophonic:003443,S-0576,DataSED - DataSED - Dataset for Sound Event Detection of environmental noise/SED_wav/S-0576.wav,monophonic,Cicadas and crickets,cicadas_and_crickets,24.82,32.5,0.11,0.14,7.67,3444
datased:monophonic:003444,S-0576,DataSED - DataSED - Dataset for Sound Event Detection of environmental noise/SED_wav/S-0576.wav,monophonic,Birds,birds,32.67,49.06,0.14,0.22,16.39,3445
datased:monophonic:003445,S-0576,DataSED - DataSED - Dataset for Sound Event Detection of environmental noise/SED_wav/S-0576.wav,monophonic,Cicadas and crickets,cicadas_and_crickets,49.11,55.52,0.22,0.25,6.41,3446
datased:monophonic:003446,S-0576,DataSED - DataSED - Dataset for Sound Event Detection of environmental noise/SED_wav/S-0576.wav,monophonic,Birds,birds,55.62,59.85,0.25,0.27,4.23,3447
datased:monophonic:003447,S-0576,DataSED - DataSED - Dataset for Sound Event Detection of environmental noise/SED_wav/S-0576.wav,monophonic,Cicadas and crickets,cicadas_and_crickets,60.03,66.8,0.27,0.3,6.77,3448
datased:monophonic:003448,S-0576,DataSED - DataSED - Dataset for Sound Event Detection of environmental noise/SED_wav/S-0576.wav,monophonic,Birds,birds,66.82,72.01,0.3,0.32,5.19,3449
datased:monophonic:003449,S-0576,DataSED - DataSED - Dataset for Sound Event Detection of environmental noise/SED_wav/S-0576.wav,monophonic,Cicadas and crickets,cicadas_and_crickets,72.22,88.01,0.32,0.39,15.8,3450
datased:monophonic:003450,S-0576,DataSED - DataSED - Dataset for Sound Event Detection of environmental noise/SED_wav/S-0576.wav,monophonic,Birds,birds,88.81,91.41,0.39,0.41,2.6,3451
datased:monophonic:003451,S-0576,DataSED - DataSED - Dataset for Sound Event Detection of environmental noise/SED_wav/S-0576.wav,monophonic,Cicadas and crickets,cicadas_and_crickets,93.18,101.51,0.41,0.45,8.33,3452
datased:monophonic:003452,S-0576,DataSED - DataSED - Dataset for Sound Event Detection of environmental noise/SED_wav/S-0576.wav,monophonic,Cicadas and crickets,cicadas_and_crickets,109.03,118.18,0.48,0.52,9.15,3453
datased:monophonic:003453,S-0576,DataSED - DataSED - Dataset for Sound Event Detection of environmental noise/SED_wav/S-0576.wav,monophonic,Cicadas and crickets,cicadas_and_crickets,125.01,135.25,0.55,0.6,10.24,3454
datased:monophonic:003454,S-0576,DataSED - DataSED - Dataset for Sound Event Detection of environmental noise/SED_wav/S-0576.wav,monophonic,Cicadas and crickets,cicadas_and_crickets,142.35,150.14,0.63,0.67,7.79,3455
datased:monophonic:003455,S-0576,DataSED - DataSED - Dataset for Sound Event Detection of environmental noise/SED_wav/S-0576.wav,monophonic,Cicadas and crickets,cicadas_and_crickets,157.38,164.62,0.7,0.73,7.24,3456
datased:monophonic:003456,S-0576,DataSED - DataSED - Dataset for Sound Event Detection of environmental noise/SED_wav/S-0576.wav,monophonic,Cicadas and crickets,cicadas_and_crickets,173.77,181.69,0.77,0.81,7.92,3457
datased:monophonic:003457,S-0576,DataSED - DataSED - Dataset for Sound Event Detection of environmental noise/SED_wav/S-0576.wav,monophonic,Cicadas and crickets,cicadas_and_crickets,186.75,190.02,0.83,0.84,3.28,3458
datased:monophonic:003458,S-0576,DataSED - DataSED - Dataset for Sound Event Detection of environmental noise/SED_wav/S-0576.wav,monophonic,Cicadas and crickets,cicadas_and_crickets,195.08,201.63,0.86,0.89,6.56,3459
datased:monophonic:003459,S-0576,DataSED - DataSED - Dataset for Sound Event Detection of environmental noise/SED_wav/S-0576.wav,monophonic,Cicadas and crickets,cicadas_and_crickets,207.1,211.74,0.92,0.94,4.64,3460
datased:monophonic:003460,S-0576,DataSED - DataSED - Dataset for Sound Event Detection of environmental noise/SED_wav/S-0576.wav,monophonic,Cicadas and crickets,cicadas_and_crickets,219.12,223.76,0.97,0.99,4.64,3461
datased:monophonic:003461,S-0577,DataSED - DataSED - Dataset for Sound Event Detection of environmental noise/SED_wav/S-0577.wav,monophonic,Birds,birds,0.83,11.34,0.01,0.09,10.51,3462
datased:monophonic:003462,S-0577,DataSED - DataSED - Dataset for Sound Event Detection of environmental noise/SED_wav/S-0577.wav,monophonic,Birds,birds,19.77,26.13,0.16,0.21,6.36,3463
datased:monophonic:003463,S-0577,DataSED - DataSED - Dataset for Sound Event Detection of environmental noise/SED_wav/S-0577.wav,monophonic,Birds,birds,34.12,39.38,0.28,0.32,5.25,3464
datased:monophonic:003464,S-0577,DataSED - DataSED - Dataset for Sound Event Detection of environmental noise/SED_wav/S-0577.wav,monophonic,Birds,birds,47.52,54.47,0.39,0.45,6.96,3465
datased:monophonic:003465,S-0577,DataSED - DataSED - Dataset for Sound Event Detection of environmental noise/SED_wav/S-0577.wav,monophonic,Birds,birds,62.98,69.79,0.52,0.57,6.81,3466
datased:monophonic:003466,S-0577,DataSED - DataSED - Dataset for Sound Event Detection of environmental noise/SED_wav/S-0577.wav,monophonic,Birds,birds,78.22,84.51,0.64,0.69,6.29,3467
datased:monophonic:003467,S-0577,DataSED - DataSED - Dataset for Sound Event Detection of environmental noise/SED_wav/S-0577.wav,monophonic,Birds,birds,92.95,96.87,0.76,0.79,3.92,3468
datased:monophonic:003468,S-0577,DataSED - DataSED - Dataset for Sound Event Detection of environmental noise/SED_wav/S-0577.wav,monophonic,Birds,birds,105.01,112.92,0.86,0.92,7.92,3469
datased:monophonic:003469,S-0578,DataSED - DataSED - Dataset for Sound Event Detection of environmental noise/SED_wav/S-0578.wav,monophonic,Cicadas and crickets,cicadas_and_crickets,3.35,12.82,0.03,0.1,9.47,3470
datased:monophonic:003470,S-0578,DataSED - DataSED - Dataset for Sound Event Detection of environmental noise/SED_wav/S-0578.wav,monophonic,Cicadas and crickets,cicadas_and_crickets,17.56,27.8,0.14,0.22,10.24,3471
datased:monophonic:003471,S-0578,DataSED - DataSED - Dataset for Sound Event Detection of environmental noise/SED_wav/S-0578.wav,monophonic,Cicadas and crickets,cicadas_and_crickets,32.38,37.66,0.25,0.29,5.28,3472
datased:monophonic:003472,S-0578,DataSED - DataSED - Dataset for Sound Event Detection of environmental noise/SED_wav/S-0578.wav,monophonic,Cicadas and crickets,cicadas_and_crickets,42.55,50.46,0.33,0.39,7.92,3473
datased:monophonic:003473,S-0578,DataSED - DataSED - Dataset for Sound Event Detection of environmental noise/SED_wav/S-0578.wav,monophonic,Cicadas and crickets,cicadas_and_crickets,58.61,65.83,0.46,0.51,7.22,3474
datased:monophonic:003474,S-0578,DataSED - DataSED - Dataset for Sound Event Detection of environmental noise/SED_wav/S-0578.wav,monophonic,Cicadas and crickets,cicadas_and_crickets,72.27,77.16,0.56,0.6,4.89,3475
datased:monophonic:003475,S-0578,DataSED - DataSED - Dataset for Sound Event Detection of environmental noise/SED_wav/S-0578.wav,monophonic,Cicadas and crickets,cicadas_and_crickets,83.06,87.72,0.65,0.68,4.66,3476
datased:monophonic:003476,S-0578,DataSED - DataSED - Dataset for Sound Event Detection of environmental noise/SED_wav/S-0578.wav,monophonic,Cicadas and crickets,cicadas_and_crickets,94.08,100.91,0.73,0.79,6.83,3477
datased:monophonic:003477,S-0578,DataSED - DataSED - Dataset for Sound Event Detection of environmental noise/SED_wav/S-0578.wav,monophonic,Cicadas and crickets,cicadas_and_crickets,107.12,113.09,0.84,0.88,5.98,3478
datased:monophonic:003478,S-0578,DataSED - DataSED - Dataset for Sound Event Detection of environmental noise/SED_wav/S-0578.wav,monophonic,Cicadas and crickets,cicadas_and_crickets,119.69,127.53,0.93,0.99,7.84,3479
datased:monophonic:003479,S-0579,DataSED - DataSED - Dataset for Sound Event Detection of environmental noise/SED_wav/S-0579.wav,monophonic,Cicadas and crickets,cicadas_and_crickets,6.07,24.21,0.04,0.16,18.14,3480
datased:monophonic:003480,S-0579,DataSED - DataSED - Dataset for Sound Event Detection of environmental noise/SED_wav/S-0579.wav,monophonic,Cicadas and crickets,cicadas_and_crickets,30.62,45.74,0.2,0.3,15.12,3481
datased:monophonic:003481,S-0579,DataSED - DataSED - Dataset for Sound Event Detection of environmental noise/SED_wav/S-0579.wav,monophonic,Cicadas and crickets,cicadas_and_crickets,53.07,63.61,0.35,0.42,10.54,3482
datased:monophonic:003482,S-0579,DataSED - DataSED - Dataset for Sound Event Detection of environmental noise/SED_wav/S-0579.wav,monophonic,Cicadas and crickets,cicadas_and_crickets,69.65,76.98,0.46,0.51,7.33,3483
datased:monophonic:003483,S-0579,DataSED - DataSED - Dataset for Sound Event Detection of environmental noise/SED_wav/S-0579.wav,monophonic,Cicadas and crickets,cicadas_and_crickets,83.58,96.13,0.55,0.64,12.55,3484
datased:monophonic:003484,S-0579,DataSED - DataSED - Dataset for Sound Event Detection of environmental noise/SED_wav/S-0579.wav,monophonic,Cicadas and crickets,cicadas_and_crickets,102.82,110.97,0.68,0.73,8.15,3485
datased:monophonic:003485,S-0579,DataSED - DataSED - Dataset for Sound Event Detection of environmental noise/SED_wav/S-0579.wav,monophonic,Cicadas and crickets,cicadas_and_crickets,117.3,122.98,0.77,0.81,5.68,3486
datased:monophonic:003486,S-0579,DataSED - DataSED - Dataset for Sound Event Detection of environmental noise/SED_wav/S-0579.wav,monophonic,Cicadas and crickets,cicadas_and_crickets,129.76,145.7,0.86,0.96,15.94,3487
datased:monophonic:003487,S-0580,DataSED - DataSED - Dataset for Sound Event Detection of environmental noise/SED_wav/S-0580.wav,monophonic,Cicadas and crickets,cicadas_and_crickets,3.92,7.95,0.04,0.08,4.03,3488
datased:monophonic:003488,S-0580,DataSED - DataSED - Dataset for Sound Event Detection of environmental noise/SED_wav/S-0580.wav,monophonic,Cicadas and crickets,cicadas_and_crickets,10.52,13.03,0.11,0.14,2.51,3489
datased:monophonic:003489,S-0580,DataSED - DataSED - Dataset for Sound Event Detection of environmental noise/SED_wav/S-0580.wav,monophonic,Cicadas and crickets,cicadas_and_crickets,16.01,18.06,0.17,0.19,2.04,3490
datased:monophonic:003490,S-0580,DataSED - DataSED - Dataset for Sound Event Detection of environmental noise/SED_wav/S-0580.wav,monophonic,Cicadas and crickets,cicadas_and_crickets,20.68,22.96,0.21,0.24,2.28,3491
datased:monophonic:003491,S-0580,DataSED - DataSED - Dataset for Sound Event Detection of environmental noise/SED_wav/S-0580.wav,monophonic,Cicadas and crickets,cicadas_and_crickets,25.42,27.28,0.26,0.28,1.87,3492
datased:monophonic:003492,S-0580,DataSED - DataSED - Dataset for Sound Event Detection of environmental noise/SED_wav/S-0580.wav,monophonic,Cicadas and crickets,cicadas_and_crickets,30.44,32.6,0.32,0.34,2.16,3493
datased:monophonic:003493,S-0580,DataSED - DataSED - Dataset for Sound Event Detection of environmental noise/SED_wav/S-0580.wav,monophonic,Cicadas and crickets,cicadas_and_crickets,35.17,37.09,0.36,0.38,1.93,3494
datased:monophonic:003494,S-0580,DataSED - DataSED - Dataset for Sound Event Detection of environmental noise/SED_wav/S-0580.wav,monophonic,Cicadas and crickets,cicadas_and_crickets,40.66,43.4,0.42,0.45,2.74,3495
datased:monophonic:003495,S-0580,DataSED - DataSED - Dataset for Sound Event Detection of environmental noise/SED_wav/S-0580.wav,monophonic,Cicadas and crickets,cicadas_and_crickets,46.2,48.77,0.48,0.51,2.57,3496
datased:monophonic:003496,S-0580,DataSED - DataSED - Dataset for Sound Event Detection of environmental noise/SED_wav/S-0580.wav,monophonic,Cicadas and crickets,cicadas_and_crickets,51.87,58.06,0.54,0.6,6.19,3497
datased:monophonic:003497,S-0580,DataSED - DataSED - Dataset for Sound Event Detection of environmental noise/SED_wav/S-0580.wav,monophonic,Cicadas and crickets,cicadas_and_crickets,60.69,65.13,0.63,0.67,4.44,3498
datased:monophonic:003498,S-0580,DataSED - DataSED - Dataset for Sound Event Detection of environmental noise/SED_wav/S-0580.wav,monophonic,Cicadas and crickets,cicadas_and_crickets,67.75,71.49,0.7,0.74,3.74,3499
datased:monophonic:003499,S-0580,DataSED - DataSED - Dataset for Sound Event Detection of environmental noise/SED_wav/S-0580.wav,monophonic,Cicadas and crickets,cicadas_and_crickets,75.35,89.54,0.78,0.93,14.19,3500
datased:monophonic:003500,S-0581,DataSED - DataSED - Dataset for Sound Event Detection of environmental noise/SED_wav/S-0581.wav,monophonic,Cicadas and crickets,cicadas_and_crickets,1.43,7.9,0.03,0.15,6.47,3501
datased:monophonic:003501,S-0581,DataSED - DataSED - Dataset for Sound Event Detection of environmental noise/SED_wav/S-0581.wav,monophonic,Cicadas and crickets,cicadas_and_crickets,12.23,19.09,0.23,0.36,6.86,3502
datased:monophonic:003502,S-0581,DataSED - DataSED - Dataset for Sound Event Detection of environmental noise/SED_wav/S-0581.wav,monophonic,Cicadas and crickets,cicadas_and_crickets,23.2,29.73,0.43,0.56,6.53,3503
datased:monophonic:003503,S-0581,DataSED - DataSED - Dataset for Sound Event Detection of environmental noise/SED_wav/S-0581.wav,monophonic,Cicadas and crickets,cicadas_and_crickets,35.23,45.61,0.66,0.85,10.38,3504
datased:monophonic:003504,S-0582,DataSED - DataSED - Dataset for Sound Event Detection of environmental noise/SED_wav/S-0582.wav,monophonic,Cicadas and crickets,cicadas_and_crickets,0.0,5.09,0.0,0.05,5.09,3505
datased:monophonic:003505,S-0582,DataSED - DataSED - Dataset for Sound Event Detection of environmental noise/SED_wav/S-0582.wav,monophonic,Cicadas and crickets,cicadas_and_crickets,9.55,13.56,0.1,0.15,4.01,3506
datased:monophonic:003506,S-0582,DataSED - DataSED - Dataset for Sound Event Detection of environmental noise/SED_wav/S-0582.wav,monophonic,Cicadas and crickets,cicadas_and_crickets,18.19,20.22,0.2,0.22,2.03,3507
datased:monophonic:003507,S-0582,DataSED - DataSED - Dataset for Sound Event Detection of environmental noise/SED_wav/S-0582.wav,monophonic,Cicadas and crickets,cicadas_and_crickets,24.74,27.33,0.27,0.29,2.6,3508
datased:monophonic:003508,S-0582,DataSED - DataSED - Dataset for Sound Event Detection of environmental noise/SED_wav/S-0582.wav,monophonic,Cicadas and crickets,cicadas_and_crickets,29.76,32.3,0.32,0.35,2.54,3509
datased:monophonic:003509,S-0582,DataSED - DataSED - Dataset for Sound Event Detection of environmental noise/SED_wav/S-0582.wav,monophonic,Cicadas and crickets,cicadas_and_crickets,36.99,39.81,0.4,0.43,2.82,3510
datased:monophonic:003510,S-0582,DataSED - DataSED - Dataset for Sound Event Detection of environmental noise/SED_wav/S-0582.wav,monophonic,Cicadas and crickets,cicadas_and_crickets,44.04,48.22,0.47,0.52,4.18,3511
datased:monophonic:003511,S-0582,DataSED - DataSED - Dataset for Sound Event Detection of environmental noise/SED_wav/S-0582.wav,monophonic,Cicadas and crickets,cicadas_and_crickets,52.51,55.84,0.56,0.6,3.33,3512
datased:monophonic:003512,S-0582,DataSED - DataSED - Dataset for Sound Event Detection of environmental noise/SED_wav/S-0582.wav,monophonic,Cicadas and crickets,cicadas_and_crickets,60.19,62.67,0.65,0.67,2.48,3513
datased:monophonic:003513,S-0582,DataSED - DataSED - Dataset for Sound Event Detection of environmental noise/SED_wav/S-0582.wav,monophonic,Cicadas and crickets,cicadas_and_crickets,67.02,68.88,0.72,0.74,1.86,3514
datased:monophonic:003514,S-0582,DataSED - DataSED - Dataset for Sound Event Detection of environmental noise/SED_wav/S-0582.wav,monophonic,Cicadas and crickets,cicadas_and_crickets,73.39,76.73,0.79,0.82,3.33,3515
datased:monophonic:003515,S-0582,DataSED - DataSED - Dataset for Sound Event Detection of environmental noise/SED_wav/S-0582.wav,monophonic,Cicadas and crickets,cicadas_and_crickets,83.61,88.01,0.9,0.94,4.4,3516
datased:monophonic:003516,S-0583,DataSED - DataSED - Dataset for Sound Event Detection of environmental noise/SED_wav/S-0583.wav,monophonic,Cicadas and crickets,cicadas_and_crickets,3.04,5.96,0.08,0.15,2.92,3517
datased:monophonic:003517,S-0583,DataSED - DataSED - Dataset for Sound Event Detection of environmental noise/SED_wav/S-0583.wav,monophonic,Cicadas and crickets,cicadas_and_crickets,8.66,11.77,0.22,0.3,3.11,3518
datased:monophonic:003518,S-0583,DataSED - DataSED - Dataset for Sound Event Detection of environmental noise/SED_wav/S-0583.wav,monophonic,Cicadas and crickets,cicadas_and_crickets,14.33,16.87,0.37,0.43,2.54,3519
datased:monophonic:003519,S-0583,DataSED - DataSED - Dataset for Sound Event Detection of environmental noise/SED_wav/S-0583.wav,monophonic,Cicadas and crickets,cicadas_and_crickets,19.62,21.94,0.5,0.56,2.32,3520
datased:monophonic:003520,S-0583,DataSED - DataSED - Dataset for Sound Event Detection of environmental noise/SED_wav/S-0583.wav,monophonic,Cicadas and crickets,cicadas_and_crickets,27.52,29.91,0.7,0.76,2.4,3521
datased:monophonic:003521,S-0583,DataSED - DataSED - Dataset for Sound Event Detection of environmental noise/SED_wav/S-0583.wav,monophonic,Cicadas and crickets,cicadas_and_crickets,32.71,34.66,0.83,0.88,1.94,3522
datased:monophonic:003522,S-0583,DataSED - DataSED - Dataset for Sound Event Detection of environmental noise/SED_wav/S-0583.wav,monophonic,Cicadas and crickets,cicadas_and_crickets,37.22,39.19,0.95,1.0,1.97,3523
datased:monophonic:003523,S-0584,DataSED - DataSED - Dataset for Sound Event Detection of environmental noise/SED_wav/S-0584.wav,monophonic,Jet aircrafts,jet_aircrafts,2.04,33.08,0.02,0.31,31.03,3524
datased:monophonic:003524,S-0584,DataSED - DataSED - Dataset for Sound Event Detection of environmental noise/SED_wav/S-0584.wav,monophonic,Propeller aircrafts,propeller_aircrafts,40.8,101.89,0.38,0.94,61.09,3525
datased:monophonic:003525,S-0585,DataSED - DataSED - Dataset for Sound Event Detection of environmental noise/SED_wav/S-0585.wav,monophonic,Propeller aircrafts,propeller_aircrafts,0.0,21.64,0.0,0.17,21.64,3526
datased:monophonic:003526,S-0585,DataSED - DataSED - Dataset for Sound Event Detection of environmental noise/SED_wav/S-0585.wav,monophonic,Train,train,21.66,36.71,0.17,0.29,15.05,3527
datased:monophonic:003527,S-0585,DataSED - DataSED - Dataset for Sound Event Detection of environmental noise/SED_wav/S-0585.wav,monophonic,Vehicle pass-by,vehicle_pass_by,39.04,49.74,0.31,0.4,10.7,3528
datased:monophonic:003528,S-0585,DataSED - DataSED - Dataset for Sound Event Detection of environmental noise/SED_wav/S-0585.wav,monophonic,Propeller aircrafts,propeller_aircrafts,50.42,96.45,0.41,0.77,46.03,3529
datased:monophonic:003529,S-0585,DataSED - DataSED - Dataset for Sound Event Detection of environmental noise/SED_wav/S-0585.wav,monophonic,Vehicle pass-by,vehicle_pass_by,96.52,103.31,0.78,0.83,6.79,3530
datased:monophonic:003530,S-0585,DataSED - DataSED - Dataset for Sound Event Detection of environmental noise/SED_wav/S-0585.wav,monophonic,Propeller aircrafts,propeller_aircrafts,103.53,124.47,0.83,1.0,20.94,3531
datased:monophonic:003531,S-0586,DataSED - DataSED - Dataset for Sound Event Detection of environmental noise/SED_wav/S-0586.wav,monophonic,Propeller aircrafts,propeller_aircrafts,0.17,16.89,0.01,1.0,16.72,3532
datased:monophonic:003532,S-0587,DataSED - DataSED - Dataset for Sound Event Detection of environmental noise/SED_wav/S-0587.wav,monophonic,Propeller aircrafts,propeller_aircrafts,1.74,98.4,0.0,0.25,96.66,3533
datased:monophonic:003533,S-0587,DataSED - DataSED - Dataset for Sound Event Detection of environmental noise/SED_wav/S-0587.wav,monophonic,Propeller aircrafts,propeller_aircrafts,99.13,384.08,0.25,0.96,284.96,3534
datased:monophonic:003534,S-0587,DataSED - DataSED - Dataset for Sound Event Detection of environmental noise/SED_wav/S-0587.wav,monophonic,Voices,voices,384.27,390.8,0.96,0.98,6.52,3535
datased:monophonic:003535,S-0587,DataSED - DataSED - Dataset for Sound Event Detection of environmental noise/SED_wav/S-0587.wav,monophonic,Dog barkings and howlings,dog_barkings_and_howlings,392.25,395.39,0.98,0.99,3.14,3536
datased:monophonic:003536,S-0588,DataSED - DataSED - Dataset for Sound Event Detection of environmental noise/SED_wav/S-0588.wav,monophonic,Propeller aircrafts,propeller_aircrafts,0.4,39.79,0.01,0.98,39.39,3537
datased:monophonic:003537,S-0589,DataSED - DataSED - Dataset for Sound Event Detection of environmental noise/SED_wav/S-0589.wav,monophonic,Birds,birds,3.02,5.35,0.04,0.07,2.34,3538
datased:monophonic:003538,S-0589,DataSED - DataSED - Dataset for Sound Event Detection of environmental noise/SED_wav/S-0589.wav,monophonic,Propeller aircrafts,propeller_aircrafts,5.75,14.22,0.08,0.19,8.47,3539
datased:monophonic:003539,S-0589,DataSED - DataSED - Dataset for Sound Event Detection of environmental noise/SED_wav/S-0589.wav,monophonic,Birds,birds,14.23,16.91,0.19,0.22,2.68,3540
datased:monophonic:003540,S-0589,DataSED - DataSED - Dataset for Sound Event Detection of environmental noise/SED_wav/S-0589.wav,monophonic,Birds,birds,18.8,24.45,0.25,0.32,5.65,3541
datased:monophonic:003541,S-0589,DataSED - DataSED - Dataset for Sound Event Detection of environmental noise/SED_wav/S-0589.wav,monophonic,Propeller aircrafts,propeller_aircrafts,25.84,75.38,0.34,0.99,49.53,3542
datased:monophonic:003542,S-0590,DataSED - DataSED - Dataset for Sound Event Detection of environmental noise/SED_wav/S-0590.wav,monophonic,Cicadas and crickets,cicadas_and_crickets,1.0,68.78,0.0,0.34,67.77,3543
datased:monophonic:003543,S-0590,DataSED - DataSED - Dataset for Sound Event Detection of environmental noise/SED_wav/S-0590.wav,monophonic,Propeller aircrafts,propeller_aircrafts,68.98,89.01,0.34,0.44,20.03,3544
datased:monophonic:003544,S-0590,DataSED - DataSED - Dataset for Sound Event Detection of environmental noise/SED_wav/S-0590.wav,monophonic,Cicadas and crickets,cicadas_and_crickets,89.21,200.27,0.44,0.99,111.06,3545
datased:monophonic:003545,S-0591,DataSED - DataSED - Dataset for Sound Event Detection of environmental noise/SED_wav/S-0591.wav,monophonic,Propeller aircrafts,propeller_aircrafts,0.0,57.02,0.0,0.84,57.02,3546
datased:monophonic:003546,S-0592,DataSED - DataSED - Dataset for Sound Event Detection of environmental noise/SED_wav/S-0592.wav,monophonic,Propeller aircrafts,propeller_aircrafts,4.76,38.58,0.12,0.93,33.81,3547
datased:monophonic:003547,S-0593,DataSED - DataSED - Dataset for Sound Event Detection of environmental noise/SED_wav/S-0593.wav,monophonic,Birds,birds,0.0,15.92,0.0,0.09,15.92,3548
datased:monophonic:003548,S-0593,DataSED - DataSED - Dataset for Sound Event Detection of environmental noise/SED_wav/S-0593.wav,monophonic,Propeller aircrafts,propeller_aircrafts,16.94,91.29,0.1,0.52,74.35,3549
datased:monophonic:003549,S-0593,DataSED - DataSED - Dataset for Sound Event Detection of environmental noise/SED_wav/S-0593.wav,monophonic,Birds,birds,91.36,96.6,0.52,0.55,5.25,3550
datased:monophonic:003550,S-0593,DataSED - DataSED - Dataset for Sound Event Detection of environmental noise/SED_wav/S-0593.wav,monophonic,Propeller aircrafts,propeller_aircrafts,96.93,170.17,0.55,0.96,73.24,3551
datased:monophonic:003551,S-0593,DataSED - DataSED - Dataset for Sound Event Detection of environmental noise/SED_wav/S-0593.wav,monophonic,Birds,birds,171.13,176.91,0.97,1.0,5.78,3552
datased:monophonic:003552,S-0594,DataSED - DataSED - Dataset for Sound Event Detection of environmental noise/SED_wav/S-0594.wav,monophonic,Propeller aircrafts,propeller_aircrafts,0.71,16.8,0.01,0.19,16.09,3553
datased:monophonic:003553,S-0594,DataSED - DataSED - Dataset for Sound Event Detection of environmental noise/SED_wav/S-0594.wav,monophonic,Propeller aircrafts,propeller_aircrafts,20.63,47.49,0.23,0.53,26.86,3554
datased:monophonic:003554,S-0594,DataSED - DataSED - Dataset for Sound Event Detection of environmental noise/SED_wav/S-0594.wav,monophonic,Propeller aircrafts,propeller_aircrafts,50.77,85.76,0.57,0.96,34.99,3555
datased:monophonic:003555,S-0595,DataSED - DataSED - Dataset for Sound Event Detection of environmental noise/SED_wav/S-0595.wav,monophonic,Voices,voices,0.0,1.04,0.0,0.03,1.04,3556
datased:monophonic:003556,S-0595,DataSED - DataSED - Dataset for Sound Event Detection of environmental noise/SED_wav/S-0595.wav,monophonic,Propeller aircrafts,propeller_aircrafts,1.12,9.92,0.03,0.28,8.8,3557
datased:monophonic:003557,S-0595,DataSED - DataSED - Dataset for Sound Event Detection of environmental noise/SED_wav/S-0595.wav,monophonic,Voices,voices,9.96,10.91,0.29,0.31,0.95,3558
datased:monophonic:003558,S-0595,DataSED - DataSED - Dataset for Sound Event Detection of environmental noise/SED_wav/S-0595.wav,monophonic,Propeller aircrafts,propeller_aircrafts,10.93,19.91,0.31,0.57,8.98,3559
datased:monophonic:003559,S-0595,DataSED - DataSED - Dataset for Sound Event Detection of environmental noise/SED_wav/S-0595.wav,monophonic,Voices,voices,19.96,20.87,0.57,0.6,0.91,3560
datased:monophonic:003560,S-0595,DataSED - DataSED - Dataset for Sound Event Detection of environmental noise/SED_wav/S-0595.wav,monophonic,Propeller aircrafts,propeller_aircrafts,20.96,29.86,0.6,0.86,8.91,3561
datased:monophonic:003561,S-0595,DataSED - DataSED - Dataset for Sound Event Detection of environmental noise/SED_wav/S-0595.wav,monophonic,Voices,voices,29.94,31.29,0.86,0.9,1.35,3562
datased:monophonic:003562,S-0595,DataSED - DataSED - Dataset for Sound Event Detection of environmental noise/SED_wav/S-0595.wav,monophonic,Propeller aircrafts,propeller_aircrafts,31.43,33.64,0.9,0.96,2.2,3563
datased:monophonic:003563,S-0596,DataSED - DataSED - Dataset for Sound Event Detection of environmental noise/SED_wav/S-0596.wav,monophonic,Voices,voices,0.0,1.11,0.0,0.06,1.11,3564
datased:monophonic:003564,S-0596,DataSED - DataSED - Dataset for Sound Event Detection of environmental noise/SED_wav/S-0596.wav,monophonic,Propeller aircrafts,propeller_aircrafts,1.12,10.18,0.06,0.57,9.06,3565
datased:monophonic:003565,S-0596,DataSED - DataSED - Dataset for Sound Event Detection of environmental noise/SED_wav/S-0596.wav,monophonic,Voices,voices,10.21,11.37,0.58,0.64,1.16,3566
datased:monophonic:003566,S-0596,DataSED - DataSED - Dataset for Sound Event Detection of environmental noise/SED_wav/S-0596.wav,monophonic,Propeller aircrafts,propeller_aircrafts,11.39,16.77,0.64,0.95,5.38,3567
datased:monophonic:003567,S-0597,DataSED - DataSED - Dataset for Sound Event Detection of environmental noise/SED_wav/S-0597.wav,monophonic,Voices,voices,1.33,2.04,0.03,0.04,0.72,3568
datased:monophonic:003568,S-0597,DataSED - DataSED - Dataset for Sound Event Detection of environmental noise/SED_wav/S-0597.wav,monophonic,Propeller aircrafts,propeller_aircrafts,2.21,7.92,0.05,0.17,5.71,3569
datased:monophonic:003569,S-0597,DataSED - DataSED - Dataset for Sound Event Detection of environmental noise/SED_wav/S-0597.wav,monophonic,Voices,voices,7.99,9.09,0.18,0.2,1.1,3570
datased:monophonic:003570,S-0597,DataSED - DataSED - Dataset for Sound Event Detection of environmental noise/SED_wav/S-0597.wav,monophonic,Propeller aircrafts,propeller_aircrafts,9.1,15.74,0.2,0.35,6.64,3571
datased:monophonic:003571,S-0597,DataSED - DataSED - Dataset for Sound Event Detection of environmental noise/SED_wav/S-0597.wav,monophonic,Voices,voices,15.81,16.83,0.35,0.37,1.02,3572
datased:monophonic:003572,S-0597,DataSED - DataSED - Dataset for Sound Event Detection of environmental noise/SED_wav/S-0597.wav,monophonic,Propeller aircrafts,propeller_aircrafts,16.84,23.66,0.37,0.52,6.83,3573
datased:monophonic:003573,S-0597,DataSED - DataSED - Dataset for Sound Event Detection of environmental noise/SED_wav/S-0597.wav,monophonic,Voices,voices,23.75,24.79,0.52,0.54,1.05,3574
datased:monophonic:003574,S-0597,DataSED - DataSED - Dataset for Sound Event Detection of environmental noise/SED_wav/S-0597.wav,monophonic,Propeller aircrafts,propeller_aircrafts,25.03,30.17,0.55,0.66,5.14,3575
datased:monophonic:003575,S-0597,DataSED - DataSED - Dataset for Sound Event Detection of environmental noise/SED_wav/S-0597.wav,monophonic,Voices,voices,30.25,31.24,0.66,0.69,0.99,3576
datased:monophonic:003576,S-0597,DataSED - DataSED - Dataset for Sound Event Detection of environmental noise/SED_wav/S-0597.wav,monophonic,Propeller aircrafts,propeller_aircrafts,31.4,37.31,0.69,0.82,5.92,3577
datased:monophonic:003577,S-0597,DataSED - DataSED - Dataset for Sound Event Detection of environmental noise/SED_wav/S-0597.wav,monophonic,Voices,voices,37.38,38.45,0.82,0.85,1.07,3578
datased:monophonic:003578,S-0597,DataSED - DataSED - Dataset for Sound Event Detection of environmental noise/SED_wav/S-0597.wav,monophonic,Propeller aircrafts,propeller_aircrafts,38.5,41.87,0.85,0.92,3.37,3579
datased:monophonic:003579,S-0598,DataSED - DataSED - Dataset for Sound Event Detection of environmental noise/SED_wav/S-0598.wav,monophonic,Voices,voices,1.03,1.98,0.02,0.04,0.94,3580
datased:monophonic:003580,S-0598,DataSED - DataSED - Dataset for Sound Event Detection of environmental noise/SED_wav/S-0598.wav,monophonic,Propeller aircrafts,propeller_aircrafts,2.03,9.2,0.04,0.2,7.17,3581
datased:monophonic:003581,S-0598,DataSED - DataSED - Dataset for Sound Event Detection of environmental noise/SED_wav/S-0598.wav,monophonic,Voices,voices,9.29,10.29,0.2,0.22,1.0,3582
datased:monophonic:003582,S-0598,DataSED - DataSED - Dataset for Sound Event Detection of environmental noise/SED_wav/S-0598.wav,monophonic,Propeller aircrafts,propeller_aircrafts,10.38,17.79,0.22,0.38,7.41,3583
datased:monophonic:003583,S-0598,DataSED - DataSED - Dataset for Sound Event Detection of environmental noise/SED_wav/S-0598.wav,monophonic,Voices,voices,17.85,19.05,0.38,0.4,1.2,3584
datased:monophonic:003584,S-0598,DataSED - DataSED - Dataset for Sound Event Detection of environmental noise/SED_wav/S-0598.wav,monophonic,Propeller aircrafts,propeller_aircrafts,19.11,26.89,0.41,0.57,7.78,3585
datased:monophonic:003585,S-0598,DataSED - DataSED - Dataset for Sound Event Detection of environmental noise/SED_wav/S-0598.wav,monophonic,Voices,voices,27.02,28.19,0.57,0.6,1.17,3586
datased:monophonic:003586,S-0598,DataSED - DataSED - Dataset for Sound Event Detection of environmental noise/SED_wav/S-0598.wav,monophonic,Propeller aircrafts,propeller_aircrafts,28.31,35.85,0.6,0.76,7.55,3587
datased:monophonic:003587,S-0598,DataSED - DataSED - Dataset for Sound Event Detection of environmental noise/SED_wav/S-0598.wav,monophonic,Voices,voices,35.9,36.95,0.76,0.78,1.06,3588
datased:monophonic:003588,S-0598,DataSED - DataSED - Dataset for Sound Event Detection of environmental noise/SED_wav/S-0598.wav,monophonic,Propeller aircrafts,propeller_aircrafts,36.99,44.15,0.78,0.94,7.16,3589
datased:monophonic:003589,S-0599,DataSED - DataSED - Dataset for Sound Event Detection of environmental noise/SED_wav/S-0599.wav,monophonic,Voices,voices,0.95,2.02,0.03,0.07,1.07,3590
datased:monophonic:003590,S-0599,DataSED - DataSED - Dataset for Sound Event Detection of environmental noise/SED_wav/S-0599.wav,monophonic,Propeller aircrafts,propeller_aircrafts,2.13,10.98,0.07,0.37,8.85,3591
datased:monophonic:003591,S-0599,DataSED - DataSED - Dataset for Sound Event Detection of environmental noise/SED_wav/S-0599.wav,monophonic,Voices,voices,11.03,12.08,0.37,0.4,1.05,3592
datased:monophonic:003592,S-0599,DataSED - DataSED - Dataset for Sound Event Detection of environmental noise/SED_wav/S-0599.wav,monophonic,Propeller aircrafts,propeller_aircrafts,12.09,20.85,0.4,0.7,8.76,3593
datased:monophonic:003593,S-0599,DataSED - DataSED - Dataset for Sound Event Detection of environmental noise/SED_wav/S-0599.wav,monophonic,Voices,voices,20.9,22.08,0.7,0.74,1.18,3594
datased:monophonic:003594,S-0599,DataSED - DataSED - Dataset for Sound Event Detection of environmental noise/SED_wav/S-0599.wav,monophonic,Propeller aircrafts,propeller_aircrafts,22.11,29.11,0.74,0.97,7.0,3595
datased:monophonic:003595,S-0600,DataSED - DataSED - Dataset for Sound Event Detection of environmental noise/SED_wav/S-0600.wav,monophonic,Voices,voices,0.0,1.56,0.0,0.06,1.56,3596
datased:monophonic:003596,S-0600,DataSED - DataSED - Dataset for Sound Event Detection of environmental noise/SED_wav/S-0600.wav,monophonic,Propeller aircrafts,propeller_aircrafts,1.61,9.89,0.06,0.36,8.28,3597
datased:monophonic:003597,S-0600,DataSED - DataSED - Dataset for Sound Event Detection of environmental noise/SED_wav/S-0600.wav,monophonic,Voices,voices,9.94,11.02,0.36,0.4,1.07,3598
datased:monophonic:003598,S-0600,DataSED - DataSED - Dataset for Sound Event Detection of environmental noise/SED_wav/S-0600.wav,monophonic,Propeller aircrafts,propeller_aircrafts,11.04,19.95,0.4,0.73,8.91,3599
datased:monophonic:003599,S-0600,DataSED - DataSED - Dataset for Sound Event Detection of environmental noise/SED_wav/S-0600.wav,monophonic,Voices,voices,19.95,21.22,0.73,0.78,1.27,3600
datased:monophonic:003600,S-0600,DataSED - DataSED - Dataset for Sound Event Detection of environmental noise/SED_wav/S-0600.wav,monophonic,Propeller aircrafts,propeller_aircrafts,21.23,27.01,0.78,0.99,5.78,3601
datased:monophonic:003601,S-0601,DataSED - DataSED - Dataset for Sound Event Detection of environmental noise/SED_wav/S-0601.wav,monophonic,Voices,voices,0.0,1.16,0.0,0.06,1.16,3602
datased:monophonic:003602,S-0601,DataSED - DataSED - Dataset for Sound Event Detection of environmental noise/SED_wav/S-0601.wav,monophonic,Jet aircrafts,jet_aircrafts,1.65,9.93,0.08,0.5,8.28,3603
datased:monophonic:003603,S-0601,DataSED - DataSED - Dataset for Sound Event Detection of environmental noise/SED_wav/S-0601.wav,monophonic,Voices,voices,9.98,10.91,0.5,0.54,0.92,3604
datased:monophonic:003604,S-0601,DataSED - DataSED - Dataset for Sound Event Detection of environmental noise/SED_wav/S-0601.wav,monophonic,Jet aircrafts,jet_aircrafts,10.91,19.61,0.54,0.98,8.7,3605
datased:monophonic:003605,S-0602,DataSED - DataSED - Dataset for Sound Event Detection of environmental noise/SED_wav/S-0602.wav,monophonic,Voices,voices,0.0,1.04,0.0,0.03,1.04,3606
datased:monophonic:003606,S-0602,DataSED - DataSED - Dataset for Sound Event Detection of environmental noise/SED_wav/S-0602.wav,monophonic,Propeller aircrafts,propeller_aircrafts,1.1,10.02,0.04,0.32,8.93,3607
datased:monophonic:003607,S-0602,DataSED - DataSED - Dataset for Sound Event Detection of environmental noise/SED_wav/S-0602.wav,monophonic,Voices,voices,10.24,10.96,0.33,0.35,0.72,3608
datased:monophonic:003608,S-0602,DataSED - DataSED - Dataset for Sound Event Detection of environmental noise/SED_wav/S-0602.wav,monophonic,Propeller aircrafts,propeller_aircrafts,11.12,19.51,0.36,0.62,8.39,3609
datased:monophonic:003609,S-0602,DataSED - DataSED - Dataset for Sound Event Detection of environmental noise/SED_wav/S-0602.wav,monophonic,Voices,voices,19.64,20.98,0.63,0.67,1.34,3610
datased:monophonic:003610,S-0602,DataSED - DataSED - Dataset for Sound Event Detection of environmental noise/SED_wav/S-0602.wav,monophonic,Propeller aircrafts,propeller_aircrafts,21.14,30.57,0.68,0.98,9.43,3611
datased:monophonic:003611,S-0602,DataSED - DataSED - Dataset for Sound Event Detection of environmental noise/SED_wav/S-0602.wav,monophonic,Voices,voices,30.6,31.23,0.98,1.0,0.63,3612
datased:monophonic:003612,S-0603,DataSED - DataSED - Dataset for Sound Event Detection of environmental noise/SED_wav/S-0603.wav,monophonic,Propeller aircrafts,propeller_aircrafts,1.46,2.64,0.02,0.04,1.18,3613
datased:monophonic:003613,S-0603,DataSED - DataSED - Dataset for Sound Event Detection of environmental noise/SED_wav/S-0603.wav,monophonic,Voices,voices,2.72,4.01,0.05,0.07,1.29,3614
datased:monophonic:003614,S-0603,DataSED - DataSED - Dataset for Sound Event Detection of environmental noise/SED_wav/S-0603.wav,monophonic,Propeller aircrafts,propeller_aircrafts,4.01,12.79,0.07,0.21,8.78,3615
datased:monophonic:003615,S-0603,DataSED - DataSED - Dataset for Sound Event Detection of environmental noise/SED_wav/S-0603.wav,monophonic,Voices,voices,12.99,14.29,0.22,0.24,1.31,3616
datased:monophonic:003616,S-0603,DataSED - DataSED - Dataset for Sound Event Detection of environmental noise/SED_wav/S-0603.wav,monophonic,Propeller aircrafts,propeller_aircrafts,14.42,22.82,0.24,0.38,8.41,3617
datased:monophonic:003617,S-0603,DataSED - DataSED - Dataset for Sound Event Detection of environmental noise/SED_wav/S-0603.wav,monophonic,Voices,voices,22.91,24.26,0.38,0.4,1.35,3618
datased:monophonic:003618,S-0603,DataSED - DataSED - Dataset for Sound Event Detection of environmental noise/SED_wav/S-0603.wav,monophonic,Propeller aircrafts,propeller_aircrafts,24.33,32.61,0.41,0.54,8.29,3619
datased:monophonic:003619,S-0603,DataSED - DataSED - Dataset for Sound Event Detection of environmental noise/SED_wav/S-0603.wav,monophonic,Voices,voices,32.91,34.29,0.55,0.57,1.38,3620
datased:monophonic:003620,S-0603,DataSED - DataSED - Dataset for Sound Event Detection of environmental noise/SED_wav/S-0603.wav,monophonic,Propeller aircrafts,propeller_aircrafts,34.3,42.64,0.57,0.71,8.35,3621
datased:monophonic:003621,S-0603,DataSED - DataSED - Dataset for Sound Event Detection of environmental noise/SED_wav/S-0603.wav,monophonic,Voices,voices,42.84,44.0,0.71,0.73,1.16,3622
datased:monophonic:003622,S-0603,DataSED - DataSED - Dataset for Sound Event Detection of environmental noise/SED_wav/S-0603.wav,monophonic,Propeller aircrafts,propeller_aircrafts,44.03,52.56,0.73,0.88,8.53,3623
datased:monophonic:003623,S-0603,DataSED - DataSED - Dataset for Sound Event Detection of environmental noise/SED_wav/S-0603.wav,monophonic,Voices,voices,52.76,54.14,0.88,0.9,1.38,3624
datased:monophonic:003624,S-0603,DataSED - DataSED - Dataset for Sound Event Detection of environmental noise/SED_wav/S-0603.wav,monophonic,Propeller aircrafts,propeller_aircrafts,54.3,60.03,0.9,1.0,5.73,3625
datased:monophonic:003625,S-0604,DataSED - DataSED - Dataset for Sound Event Detection of environmental noise/SED_wav/S-0604.wav,monophonic,Propeller aircrafts,propeller_aircrafts,0.17,1.19,0.01,0.07,1.03,3626
datased:monophonic:003626,S-0604,DataSED - DataSED - Dataset for Sound Event Detection of environmental noise/SED_wav/S-0604.wav,monophonic,Voices,voices,1.2,2.41,0.07,0.14,1.22,3627
datased:monophonic:003627,S-0604,DataSED - DataSED - Dataset for Sound Event Detection of environmental noise/SED_wav/S-0604.wav,monophonic,Propeller aircrafts,propeller_aircrafts,2.42,5.96,0.14,0.35,3.54,3628
datased:monophonic:003628,S-0604,DataSED - DataSED - Dataset for Sound Event Detection of environmental noise/SED_wav/S-0604.wav,monophonic,Voices,voices,6.01,7.06,0.35,0.41,1.05,3629
datased:monophonic:003629,S-0604,DataSED - DataSED - Dataset for Sound Event Detection of environmental noise/SED_wav/S-0604.wav,monophonic,Propeller aircrafts,propeller_aircrafts,7.09,11.1,0.42,0.65,4.02,3630
datased:monophonic:003630,S-0604,DataSED - DataSED - Dataset for Sound Event Detection of environmental noise/SED_wav/S-0604.wav,monophonic,Voices,voices,11.19,12.72,0.66,0.75,1.54,3631
datased:monophonic:003631,S-0604,DataSED - DataSED - Dataset for Sound Event Detection of environmental noise/SED_wav/S-0604.wav,monophonic,Propeller aircrafts,propeller_aircrafts,12.77,14.12,0.75,0.83,1.35,3632
datased:monophonic:003632,S-0605,DataSED - DataSED - Dataset for Sound Event Detection of environmental noise/SED_wav/S-0605.wav,monophonic,Voices,voices,0.0,1.48,0.0,0.09,1.48,3633
datased:monophonic:003633,S-0605,DataSED - DataSED - Dataset for Sound Event Detection of environmental noise/SED_wav/S-0605.wav,monophonic,Propeller aircrafts,propeller_aircrafts,1.51,9.93,0.09,0.62,8.42,3634
datased:monophonic:003634,S-0605,DataSED - DataSED - Dataset for Sound Event Detection of environmental noise/SED_wav/S-0605.wav,monophonic,Voices,voices,9.97,10.98,0.62,0.69,1.02,3635
datased:monophonic:003635,S-0605,DataSED - DataSED - Dataset for Sound Event Detection of environmental noise/SED_wav/S-0605.wav,monophonic,Propeller aircrafts,propeller_aircrafts,11.0,15.55,0.69,0.97,4.55,3636
datased:monophonic:003636,S-0606,DataSED - DataSED - Dataset for Sound Event Detection of environmental noise/SED_wav/S-0606.wav,monophonic,Propeller aircrafts,propeller_aircrafts,0.32,1.07,0.01,0.04,0.75,3637
datased:monophonic:003637,S-0606,DataSED - DataSED - Dataset for Sound Event Detection of environmental noise/SED_wav/S-0606.wav,monophonic,Voices,voices,1.14,2.21,0.04,0.07,1.08,3638
datased:monophonic:003638,S-0606,DataSED - DataSED - Dataset for Sound Event Detection of environmental noise/SED_wav/S-0606.wav,monophonic,Propeller aircrafts,propeller_aircrafts,2.24,7.67,0.07,0.25,5.43,3639
datased:monophonic:003639,S-0606,DataSED - DataSED - Dataset for Sound Event Detection of environmental noise/SED_wav/S-0606.wav,monophonic,Voices,voices,7.71,8.62,0.25,0.28,0.91,3640
datased:monophonic:003640,S-0606,DataSED - DataSED - Dataset for Sound Event Detection of environmental noise/SED_wav/S-0606.wav,monophonic,Propeller aircrafts,propeller_aircrafts,8.62,14.43,0.28,0.47,5.8,3641
datased:monophonic:003641,S-0606,DataSED - DataSED - Dataset for Sound Event Detection of environmental noise/SED_wav/S-0606.wav,monophonic,Voices,voices,14.55,15.39,0.47,0.5,0.84,3642
datased:monophonic:003642,S-0606,DataSED - DataSED - Dataset for Sound Event Detection of environmental noise/SED_wav/S-0606.wav,monophonic,Propeller aircrafts,propeller_aircrafts,15.47,21.49,0.5,0.7,6.02,3643
datased:monophonic:003643,S-0606,DataSED - DataSED - Dataset for Sound Event Detection of environmental noise/SED_wav/S-0606.wav,monophonic,Voices,voices,21.64,22.56,0.71,0.73,0.92,3644
datased:monophonic:003644,S-0606,DataSED - DataSED - Dataset for Sound Event Detection of environmental noise/SED_wav/S-0606.wav,monophonic,Propeller aircrafts,propeller_aircrafts,22.71,25.23,0.74,0.82,2.52,3645
datased:monophonic:003645,S-0607,DataSED - DataSED - Dataset for Sound Event Detection of environmental noise/SED_wav/S-0607.wav,monophonic,Propeller aircrafts,propeller_aircrafts,0.73,3.8,0.02,0.12,3.06,3646
datased:monophonic:003646,S-0607,DataSED - DataSED - Dataset for Sound Event Detection of environmental noise/SED_wav/S-0607.wav,monophonic,Voices,voices,4.02,4.96,0.13,0.16,0.94,3647
datased:monophonic:003647,S-0607,DataSED - DataSED - Dataset for Sound Event Detection of environmental noise/SED_wav/S-0607.wav,monophonic,Propeller aircrafts,propeller_aircrafts,5.03,14.33,0.16,0.45,9.3,3648
datased:monophonic:003648,S-0607,DataSED - DataSED - Dataset for Sound Event Detection of environmental noise/SED_wav/S-0607.wav,monophonic,Voices,voices,14.37,15.22,0.45,0.48,0.84,3649
datased:monophonic:003649,S-0607,DataSED - DataSED - Dataset for Sound Event Detection of environmental noise/SED_wav/S-0607.wav,monophonic,Propeller aircrafts,propeller_aircrafts,15.25,23.73,0.48,0.75,8.48,3650
datased:monophonic:003650,S-0607,DataSED - DataSED - Dataset for Sound Event Detection of environmental noise/SED_wav/S-0607.wav,monophonic,Voices,voices,23.99,24.78,0.76,0.78,0.79,3651
datased:monophonic:003651,S-0607,DataSED - DataSED - Dataset for Sound Event Detection of environmental noise/SED_wav/S-0607.wav,monophonic,Propeller aircrafts,propeller_aircrafts,24.83,31.1,0.79,0.98,6.27,3652
datased:monophonic:003652,S-0608,DataSED - DataSED - Dataset for Sound Event Detection of environmental noise/SED_wav/S-0608.wav,monophonic,Propeller aircrafts,propeller_aircrafts,0.25,1.32,0.01,0.06,1.07,3653
datased:monophonic:003653,S-0608,DataSED - DataSED - Dataset for Sound Event Detection of environmental noise/SED_wav/S-0608.wav,monophonic,Voices,voices,1.35,2.27,0.06,0.09,0.92,3654
datased:monophonic:003654,S-0608,DataSED - DataSED - Dataset for Sound Event Detection of environmental noise/SED_wav/S-0608.wav,monophonic,Propeller aircrafts,propeller_aircrafts,2.5,11.14,0.1,0.46,8.64,3655
datased:monophonic:003655,S-0608,DataSED - DataSED - Dataset for Sound Event Detection of environmental noise/SED_wav/S-0608.wav,monophonic,Voices,voices,11.21,12.24,0.47,0.51,1.03,3656
datased:monophonic:003656,S-0608,DataSED - DataSED - Dataset for Sound Event Detection of environmental noise/SED_wav/S-0608.wav,monophonic,Propeller aircrafts,propeller_aircrafts,12.34,20.88,0.51,0.87,8.54,3657
datased:monophonic:003657,S-0608,DataSED - DataSED - Dataset for Sound Event Detection of environmental noise/SED_wav/S-0608.wav,monophonic,Voices,voices,21.1,21.94,0.88,0.91,0.84,3658
datased:monophonic:003658,S-0608,DataSED - DataSED - Dataset for Sound Event Detection of environmental noise/SED_wav/S-0608.wav,monophonic,Propeller aircrafts,propeller_aircrafts,22.08,23.56,0.92,0.98,1.48,3659
datased:monophonic:003659,S-0609,DataSED - DataSED - Dataset for Sound Event Detection of environmental noise/SED_wav/S-0609.wav,monophonic,Propeller aircrafts,propeller_aircrafts,0.3,1.16,0.02,0.08,0.85,3660
datased:monophonic:003660,S-0609,DataSED - DataSED - Dataset for Sound Event Detection of environmental noise/SED_wav/S-0609.wav,monophonic,Voices,voices,1.17,1.97,0.08,0.13,0.8,3661
datased:monophonic:003661,S-0609,DataSED - DataSED - Dataset for Sound Event Detection of environmental noise/SED_wav/S-0609.wav,monophonic,Propeller aircrafts,propeller_aircrafts,1.98,11.03,0.13,0.74,9.05,3662
datased:monophonic:003662,S-0609,DataSED - DataSED - Dataset for Sound Event Detection of environmental noise/SED_wav/S-0609.wav,monophonic,Voices,voices,11.08,11.96,0.74,0.8,0.88,3663
datased:monophonic:003663,S-0609,DataSED - DataSED - Dataset for Sound Event Detection of environmental noise/SED_wav/S-0609.wav,monophonic,Propeller aircrafts,propeller_aircrafts,12.0,14.66,0.8,0.98,2.66,3664
datased:monophonic:003664,S-0610,DataSED - DataSED - Dataset for Sound Event Detection of environmental noise/SED_wav/S-0610.wav,monophonic,Propeller aircrafts,propeller_aircrafts,0.71,4.18,0.03,0.19,3.47,3665
datased:monophonic:003665,S-0610,DataSED - DataSED - Dataset for Sound Event Detection of environmental noise/SED_wav/S-0610.wav,monophonic,Voices,voices,4.25,5.21,0.19,0.23,0.97,3666
datased:monophonic:003666,S-0610,DataSED - DataSED - Dataset for Sound Event Detection of environmental noise/SED_wav/S-0610.wav,monophonic,Propeller aircrafts,propeller_aircrafts,5.21,14.0,0.23,0.62,8.78,3667
datased:monophonic:003667,S-0610,DataSED - DataSED - Dataset for Sound Event Detection of environmental noise/SED_wav/S-0610.wav,monophonic,Voices,voices,14.05,15.01,0.63,0.67,0.97,3668
datased:monophonic:003668,S-0610,DataSED - DataSED - Dataset for Sound Event Detection of environmental noise/SED_wav/S-0610.wav,monophonic,Propeller aircrafts,propeller_aircrafts,15.05,21.99,0.67,0.98,6.94,3669
datased:monophonic:003669,S-0611,DataSED - DataSED - Dataset for Sound Event Detection of environmental noise/SED_wav/S-0611.wav,monophonic,Propeller aircrafts,propeller_aircrafts,0.12,4.01,0.0,0.13,3.89,3670
datased:monophonic:003670,S-0611,DataSED - DataSED - Dataset for Sound Event Detection of environmental noise/SED_wav/S-0611.wav,monophonic,Voices,voices,4.07,4.89,0.13,0.16,0.82,3671
datased:monophonic:003671,S-0611,DataSED - DataSED - Dataset for Sound Event Detection of environmental noise/SED_wav/S-0611.wav,monophonic,Propeller aircrafts,propeller_aircrafts,4.94,14.22,0.16,0.46,9.29,3672
datased:monophonic:003672,S-0611,DataSED - DataSED - Dataset for Sound Event Detection of environmental noise/SED_wav/S-0611.wav,monophonic,Voices,voices,14.26,15.05,0.46,0.49,0.79,3673
datased:monophonic:003673,S-0611,DataSED - DataSED - Dataset for Sound Event Detection of environmental noise/SED_wav/S-0611.wav,monophonic,Propeller aircrafts,propeller_aircrafts,15.09,23.88,0.49,0.77,8.79,3674
datased:monophonic:003674,S-0611,DataSED - DataSED - Dataset for Sound Event Detection of environmental noise/SED_wav/S-0611.wav,monophonic,Voices,voices,23.96,24.91,0.78,0.81,0.95,3675
datased:monophonic:003675,S-0611,DataSED - DataSED - Dataset for Sound Event Detection of environmental noise/SED_wav/S-0611.wav,monophonic,Propeller aircrafts,propeller_aircrafts,24.99,30.07,0.81,0.97,5.08,3676
datased:monophonic:003676,S-0612,DataSED - DataSED - Dataset for Sound Event Detection of environmental noise/SED_wav/S-0612.wav,monophonic,Propeller aircrafts,propeller_aircrafts,0.41,4.1,0.01,0.14,3.7,3677
datased:monophonic:003677,S-0612,DataSED - DataSED - Dataset for Sound Event Detection of environmental noise/SED_wav/S-0612.wav,monophonic,Voices,voices,4.25,5.43,0.14,0.18,1.18,3678
datased:monophonic:003678,S-0612,DataSED - DataSED - Dataset for Sound Event Detection of environmental noise/SED_wav/S-0612.wav,monophonic,Propeller aircrafts,propeller_aircrafts,5.47,13.83,0.18,0.46,8.36,3679
datased:monophonic:003679,S-0612,DataSED - DataSED - Dataset for Sound Event Detection of environmental noise/SED_wav/S-0612.wav,monophonic,Voices,voices,13.97,14.9,0.46,0.49,0.93,3680
datased:monophonic:003680,S-0612,DataSED - DataSED - Dataset for Sound Event Detection of environmental noise/SED_wav/S-0612.wav,monophonic,Propeller aircrafts,propeller_aircrafts,15.0,23.75,0.49,0.78,8.74,3681
datased:monophonic:003681,S-0612,DataSED - DataSED - Dataset for Sound Event Detection of environmental noise/SED_wav/S-0612.wav,monophonic,Voices,voices,23.79,25.0,0.78,0.82,1.22,3682
datased:monophonic:003682,S-0612,DataSED - DataSED - Dataset for Sound Event Detection of environmental noise/SED_wav/S-0612.wav,monophonic,Propeller aircrafts,propeller_aircrafts,25.24,29.93,0.83,0.98,4.69,3683
datased:monophonic:003683,S-0613,DataSED - DataSED - Dataset for Sound Event Detection of environmental noise/SED_wav/S-0613.wav,monophonic,Propeller aircrafts,propeller_aircrafts,0.31,3.96,0.01,0.12,3.65,3684
datased:monophonic:003684,S-0613,DataSED - DataSED - Dataset for Sound Event Detection of environmental noise/SED_wav/S-0613.wav,monophonic,Voices,voices,4.0,4.91,0.13,0.15,0.91,3685
datased:monophonic:003685,S-0613,DataSED - DataSED - Dataset for Sound Event Detection of environmental noise/SED_wav/S-0613.wav,monophonic,Propeller aircrafts,propeller_aircrafts,4.92,13.9,0.15,0.44,8.98,3686
datased:monophonic:003686,S-0613,DataSED - DataSED - Dataset for Sound Event Detection of environmental noise/SED_wav/S-0613.wav,monophonic,Voices,voices,14.05,15.01,0.44,0.47,0.96,3687
datased:monophonic:003687,S-0613,DataSED - DataSED - Dataset for Sound Event Detection of environmental noise/SED_wav/S-0613.wav,monophonic,Propeller aircrafts,propeller_aircrafts,15.02,23.96,0.47,0.75,8.95,3688
datased:monophonic:003688,S-0613,DataSED - DataSED - Dataset for Sound Event Detection of environmental noise/SED_wav/S-0613.wav,monophonic,Voices,voices,24.02,24.93,0.75,0.78,0.91,3689
datased:monophonic:003689,S-0613,DataSED - DataSED - Dataset for Sound Event Detection of environmental noise/SED_wav/S-0613.wav,monophonic,Propeller aircrafts,propeller_aircrafts,24.95,31.21,0.78,0.98,6.26,3690
datased:monophonic:003690,S-0614,DataSED - DataSED - Dataset for Sound Event Detection of environmental noise/SED_wav/S-0614.wav,monophonic,Propeller aircrafts,propeller_aircrafts,0.26,3.89,0.01,0.13,3.64,3691
datased:monophonic:003691,S-0614,DataSED - DataSED - Dataset for Sound Event Detection of environmental noise/SED_wav/S-0614.wav,monophonic,Voices,voices,3.98,5.04,0.13,0.17,1.06,3692
datased:monophonic:003692,S-0614,DataSED - DataSED - Dataset for Sound Event Detection of environmental noise/SED_wav/S-0614.wav,monophonic,Propeller aircrafts,propeller_aircrafts,5.05,13.97,0.17,0.47,8.92,3693
datased:monophonic:003693,S-0614,DataSED - DataSED - Dataset for Sound Event Detection of environmental noise/SED_wav/S-0614.wav,monophonic,Voices,voices,14.02,15.01,0.47,0.5,0.99,3694
datased:monophonic:003694,S-0614,DataSED - DataSED - Dataset for Sound Event Detection of environmental noise/SED_wav/S-0614.wav,monophonic,Propeller aircrafts,propeller_aircrafts,15.1,23.78,0.51,0.8,8.68,3695
datased:monophonic:003695,S-0614,DataSED - DataSED - Dataset for Sound Event Detection of environmental noise/SED_wav/S-0614.wav,monophonic,Voices,voices,23.95,24.82,0.81,0.83,0.86,3696
datased:monophonic:003696,S-0614,DataSED - DataSED - Dataset for Sound Event Detection of environmental noise/SED_wav/S-0614.wav,monophonic,Propeller aircrafts,propeller_aircrafts,24.97,29.01,0.84,0.98,4.04,3697
datased:monophonic:003697,S-0615,DataSED - DataSED - Dataset for Sound Event Detection of environmental noise/SED_wav/S-0615.wav,monophonic,Voices,voices,0.0,1.19,0.0,0.05,1.19,3698
datased:monophonic:003698,S-0615,DataSED - DataSED - Dataset for Sound Event Detection of environmental noise/SED_wav/S-0615.wav,monophonic,Propeller aircrafts,propeller_aircrafts,1.23,9.93,0.05,0.43,8.7,3699
datased:monophonic:003699,S-0615,DataSED - DataSED - Dataset for Sound Event Detection of environmental noise/SED_wav/S-0615.wav,monophonic,Voices,voices,10.01,11.09,0.43,0.48,1.08,3700
datased:monophonic:003700,S-0615,DataSED - DataSED - Dataset for Sound Event Detection of environmental noise/SED_wav/S-0615.wav,monophonic,Propeller aircrafts,propeller_aircrafts,11.11,20.02,0.48,0.87,8.91,3701
datased:monophonic:003701,S-0615,DataSED - DataSED - Dataset for Sound Event Detection of environmental noise/SED_wav/S-0615.wav,monophonic,Voices,voices,20.06,21.11,0.87,0.91,1.05,3702
datased:monophonic:003702,S-0615,DataSED - DataSED - Dataset for Sound Event Detection of environmental noise/SED_wav/S-0615.wav,monophonic,Propeller aircrafts,propeller_aircrafts,21.13,22.51,0.92,0.97,1.38,3703
datased:monophonic:003703,S-0616,DataSED - DataSED - Dataset for Sound Event Detection of environmental noise/SED_wav/S-0616.wav,monophonic,Voices,voices,0.09,0.58,0.01,0.06,0.49,3704
datased:monophonic:003704,S-0616,DataSED - DataSED - Dataset for Sound Event Detection of environmental noise/SED_wav/S-0616.wav,monophonic,Propeller aircrafts,propeller_aircrafts,0.58,5.01,0.06,0.55,4.43,3705
datased:monophonic:003705,S-0616,DataSED - DataSED - Dataset for Sound Event Detection of environmental noise/SED_wav/S-0616.wav,monophonic,Voices,voices,5.03,5.65,0.56,0.62,0.62,3706
datased:monophonic:003706,S-0616,DataSED - DataSED - Dataset for Sound Event Detection of environmental noise/SED_wav/S-0616.wav,monophonic,Propeller aircrafts,propeller_aircrafts,5.69,8.81,0.63,0.98,3.12,3707
datased:monophonic:003707,S-0617,DataSED - DataSED - Dataset for Sound Event Detection of environmental noise/SED_wav/S-0617.wav,monophonic,Propeller aircrafts,propeller_aircrafts,0.17,3.08,0.01,0.11,2.91,3708
datased:monophonic:003708,S-0617,DataSED - DataSED - Dataset for Sound Event Detection of environmental noise/SED_wav/S-0617.wav,monophonic,Voices,voices,3.13,4.1,0.11,0.15,0.97,3709
datased:monophonic:003709,S-0617,DataSED - DataSED - Dataset for Sound Event Detection of environmental noise/SED_wav/S-0617.wav,monophonic,Propeller aircrafts,propeller_aircrafts,4.11,8.18,0.15,0.3,4.08,3710
datased:monophonic:003710,S-0617,DataSED - DataSED - Dataset for Sound Event Detection of environmental noise/SED_wav/S-0617.wav,monophonic,Voices,voices,8.32,9.62,0.3,0.35,1.31,3711
datased:monophonic:003711,S-0617,DataSED - DataSED - Dataset for Sound Event Detection of environmental noise/SED_wav/S-0617.wav,monophonic,Propeller aircrafts,propeller_aircrafts,9.71,15.04,0.35,0.54,5.33,3712
datased:monophonic:003712,S-0617,DataSED - DataSED - Dataset for Sound Event Detection of environmental noise/SED_wav/S-0617.wav,monophonic,Voices,voices,15.1,16.01,0.54,0.58,0.91,3713
datased:monophonic:003713,S-0617,DataSED - DataSED - Dataset for Sound Event Detection of environmental noise/SED_wav/S-0617.wav,monophonic,Propeller aircrafts,propeller_aircrafts,16.09,25.58,0.58,0.92,9.49,3714
datased:monophonic:003714,S-0618,DataSED - DataSED - Dataset for Sound Event Detection of environmental noise/SED_wav/S-0618.wav,monophonic,Voices,voices,0.0,1.17,0.0,0.03,1.17,3715
datased:monophonic:003715,S-0618,DataSED - DataSED - Dataset for Sound Event Detection of environmental noise/SED_wav/S-0618.wav,monophonic,Propeller aircrafts,propeller_aircrafts,1.17,9.74,0.03,0.21,8.56,3716
datased:monophonic:003716,S-0618,DataSED - DataSED - Dataset for Sound Event Detection of environmental noise/SED_wav/S-0618.wav,monophonic,Voices,voices,9.96,11.02,0.22,0.24,1.07,3717
datased:monophonic:003717,S-0618,DataSED - DataSED - Dataset for Sound Event Detection of environmental noise/SED_wav/S-0618.wav,monophonic,Propeller aircrafts,propeller_aircrafts,11.07,19.79,0.24,0.43,8.73,3718
datased:monophonic:003718,S-0618,DataSED - DataSED - Dataset for Sound Event Detection of environmental noise/SED_wav/S-0618.wav,monophonic,Voices,voices,19.88,21.16,0.43,0.46,1.28,3719
datased:monophonic:003719,S-0618,DataSED - DataSED - Dataset for Sound Event Detection of environmental noise/SED_wav/S-0618.wav,monophonic,Propeller aircrafts,propeller_aircrafts,21.17,29.85,0.46,0.65,8.68,3720
datased:monophonic:003720,S-0618,DataSED - DataSED - Dataset for Sound Event Detection of environmental noise/SED_wav/S-0618.wav,monophonic,Voices,voices,30.02,31.22,0.65,0.68,1.2,3721
datased:monophonic:003721,S-0618,DataSED - DataSED - Dataset for Sound Event Detection of environmental noise/SED_wav/S-0618.wav,monophonic,Propeller aircrafts,propeller_aircrafts,31.23,39.77,0.68,0.87,8.54,3722
datased:monophonic:003722,S-0618,DataSED - DataSED - Dataset for Sound Event Detection of environmental noise/SED_wav/S-0618.wav,monophonic,Voices,voices,39.86,41.2,0.87,0.9,1.33,3723
datased:monophonic:003723,S-0619,DataSED - DataSED - Dataset for Sound Event Detection of environmental noise/SED_wav/S-0619.wav,monophonic,Propeller aircrafts,propeller_aircrafts,2.92,7.64,0.05,0.13,4.73,3724
datased:monophonic:003724,S-0619,DataSED - DataSED - Dataset for Sound Event Detection of environmental noise/SED_wav/S-0619.wav,monophonic,Voices,voices,7.75,9.09,0.13,0.16,1.33,3725
datased:monophonic:003725,S-0619,DataSED - DataSED - Dataset for Sound Event Detection of environmental noise/SED_wav/S-0619.wav,monophonic,Propeller aircrafts,propeller_aircrafts,9.27,17.66,0.16,0.31,8.4,3726
datased:monophonic:003726,S-0619,DataSED - DataSED - Dataset for Sound Event Detection of environmental noise/SED_wav/S-0619.wav,monophonic,Voices,voices,17.88,19.11,0.31,0.33,1.23,3727
datased:monophonic:003727,S-0619,DataSED - DataSED - Dataset for Sound Event Detection of environmental noise/SED_wav/S-0619.wav,monophonic,Propeller aircrafts,propeller_aircrafts,19.11,27.8,0.33,0.48,8.69,3728
datased:monophonic:003728,S-0619,DataSED - DataSED - Dataset for Sound Event Detection of environmental noise/SED_wav/S-0619.wav,monophonic,Voices,voices,27.8,29.1,0.48,0.5,1.3,3729
datased:monophonic:003729,S-0619,DataSED - DataSED - Dataset for Sound Event Detection of environmental noise/SED_wav/S-0619.wav,monophonic,Propeller aircrafts,propeller_aircrafts,29.24,37.76,0.51,0.65,8.51,3730
datased:monophonic:003730,S-0619,DataSED - DataSED - Dataset for Sound Event Detection of environmental noise/SED_wav/S-0619.wav,monophonic,Voices,voices,37.83,38.98,0.65,0.67,1.16,3731
datased:monophonic:003731,S-0619,DataSED - DataSED - Dataset for Sound Event Detection of environmental noise/SED_wav/S-0619.wav,monophonic,Propeller aircrafts,propeller_aircrafts,39.03,47.49,0.67,0.82,8.45,3732
datased:monophonic:003732,S-0619,DataSED - DataSED - Dataset for Sound Event Detection of environmental noise/SED_wav/S-0619.wav,monophonic,Voices,voices,47.54,48.76,0.82,0.84,1.23,3733
datased:monophonic:003733,S-0619,DataSED - DataSED - Dataset for Sound Event Detection of environmental noise/SED_wav/S-0619.wav,monophonic,Propeller aircrafts,propeller_aircrafts,48.8,54.79,0.84,0.95,5.99,3734
datased:monophonic:003734,S-0619,DataSED - DataSED - Dataset for Sound Event Detection of environmental noise/SED_wav/S-0619.wav,monophonic,Voices,voices,55.28,56.68,0.95,0.98,1.4,3735
datased:monophonic:003735,S-0620,DataSED - DataSED - Dataset for Sound Event Detection of environmental noise/SED_wav/S-0620.wav,monophonic,Voices,voices,0.68,1.69,0.03,0.07,1.01,3736
datased:monophonic:003736,S-0620,DataSED - DataSED - Dataset for Sound Event Detection of environmental noise/SED_wav/S-0620.wav,monophonic,Propeller aircrafts,propeller_aircrafts,1.71,5.49,0.07,0.21,3.78,3737
datased:monophonic:003737,S-0620,DataSED - DataSED - Dataset for Sound Event Detection of environmental noise/SED_wav/S-0620.wav,monophonic,Voices,voices,5.51,6.6,0.21,0.25,1.09,3738
datased:monophonic:003738,S-0620,DataSED - DataSED - Dataset for Sound Event Detection of environmental noise/SED_wav/S-0620.wav,monophonic,Propeller aircrafts,propeller_aircrafts,6.61,10.17,0.25,0.39,3.56,3739
datased:monophonic:003739,S-0620,DataSED - DataSED - Dataset for Sound Event Detection of environmental noise/SED_wav/S-0620.wav,monophonic,Voices,voices,10.18,11.19,0.39,0.43,1.01,3740
datased:monophonic:003740,S-0620,DataSED - DataSED - Dataset for Sound Event Detection of environmental noise/SED_wav/S-0620.wav,monophonic,Propeller aircrafts,propeller_aircrafts,11.21,14.96,0.43,0.57,3.75,3741
datased:monophonic:003741,S-0620,DataSED - DataSED - Dataset for Sound Event Detection of environmental noise/SED_wav/S-0620.wav,monophonic,Voices,voices,15.01,16.07,0.58,0.62,1.06,3742
datased:monophonic:003742,S-0620,DataSED - DataSED - Dataset for Sound Event Detection of environmental noise/SED_wav/S-0620.wav,monophonic,Propeller aircrafts,propeller_aircrafts,16.11,19.32,0.62,0.74,3.21,3743
datased:monophonic:003743,S-0620,DataSED - DataSED - Dataset for Sound Event Detection of environmental noise/SED_wav/S-0620.wav,monophonic,Voices,voices,19.4,20.5,0.74,0.79,1.1,3744
datased:monophonic:003744,S-0620,DataSED - DataSED - Dataset for Sound Event Detection of environmental noise/SED_wav/S-0620.wav,monophonic,Propeller aircrafts,propeller_aircrafts,20.6,23.5,0.79,0.9,2.9,3745
datased:monophonic:003745,S-0621,DataSED - DataSED - Dataset for Sound Event Detection of environmental noise/SED_wav/S-0621.wav,monophonic,Voices,voices,1.01,2.42,0.03,0.08,1.41,3746
datased:monophonic:003746,S-0621,DataSED - DataSED - Dataset for Sound Event Detection of environmental noise/SED_wav/S-0621.wav,monophonic,Propeller aircrafts,propeller_aircrafts,2.55,10.84,0.08,0.34,8.29,3747
datased:monophonic:003747,S-0621,DataSED - DataSED - Dataset for Sound Event Detection of environmental noise/SED_wav/S-0621.wav,monophonic,Voices,voices,10.98,12.43,0.34,0.39,1.45,3748
datased:monophonic:003748,S-0621,DataSED - DataSED - Dataset for Sound Event Detection of environmental noise/SED_wav/S-0621.wav,monophonic,Propeller aircrafts,propeller_aircrafts,12.43,20.72,0.39,0.65,8.29,3749
datased:monophonic:003749,S-0621,DataSED - DataSED - Dataset for Sound Event Detection of environmental noise/SED_wav/S-0621.wav,monophonic,Voices,voices,20.95,22.09,0.66,0.69,1.14,3750
datased:monophonic:003750,S-0621,DataSED - DataSED - Dataset for Sound Event Detection of environmental noise/SED_wav/S-0621.wav,monophonic,Propeller aircrafts,propeller_aircrafts,22.31,31.41,0.7,0.99,9.1,3751
datased:monophonic:003751,S-0622,DataSED - DataSED - Dataset for Sound Event Detection of environmental noise/SED_wav/S-0622.wav,monophonic,Propeller aircrafts,propeller_aircrafts,0.21,0.92,0.01,0.03,0.71,3752
datased:monophonic:003752,S-0622,DataSED - DataSED - Dataset for Sound Event Detection of environmental noise/SED_wav/S-0622.wav,monophonic,Voices,voices,1.12,2.18,0.04,0.07,1.06,3753
datased:monophonic:003753,S-0622,DataSED - DataSED - Dataset for Sound Event Detection of environmental noise/SED_wav/S-0622.wav,monophonic,Propeller aircrafts,propeller_aircrafts,2.21,7.67,0.07,0.25,5.46,3754
datased:monophonic:003754,S-0622,DataSED - DataSED - Dataset for Sound Event Detection of environmental noise/SED_wav/S-0622.wav,monophonic,Voices,voices,7.71,8.62,0.25,0.28,0.91,3755
datased:monophonic:003755,S-0622,DataSED - DataSED - Dataset for Sound Event Detection of environmental noise/SED_wav/S-0622.wav,monophonic,Propeller aircrafts,propeller_aircrafts,8.75,14.58,0.29,0.48,5.83,3756
datased:monophonic:003756,S-0622,DataSED - DataSED - Dataset for Sound Event Detection of environmental noise/SED_wav/S-0622.wav,monophonic,Voices,voices,14.64,15.47,0.48,0.5,0.83,3757
datased:monophonic:003757,S-0622,DataSED - DataSED - Dataset for Sound Event Detection of environmental noise/SED_wav/S-0622.wav,monophonic,Propeller aircrafts,propeller_aircrafts,15.65,21.49,0.51,0.7,5.83,3758
datased:monophonic:003758,S-0622,DataSED - DataSED - Dataset for Sound Event Detection of environmental noise/SED_wav/S-0622.wav,monophonic,Voices,voices,21.55,22.54,0.7,0.73,0.98,3759
datased:monophonic:003759,S-0622,DataSED - DataSED - Dataset for Sound Event Detection of environmental noise/SED_wav/S-0622.wav,monophonic,Propeller aircrafts,propeller_aircrafts,22.71,25.88,0.74,0.84,3.17,3760
datased:monophonic:003760,S-0623,DataSED - DataSED - Dataset for Sound Event Detection of environmental noise/SED_wav/S-0623.wav,monophonic,Voices,voices,0.91,2.4,0.03,0.08,1.49,3761
datased:monophonic:003761,S-0623,DataSED - DataSED - Dataset for Sound Event Detection of environmental noise/SED_wav/S-0623.wav,monophonic,Propeller aircrafts,propeller_aircrafts,2.71,10.84,0.08,0.34,8.13,3762
datased:monophonic:003762,S-0623,DataSED - DataSED - Dataset for Sound Event Detection of environmental noise/SED_wav/S-0623.wav,monophonic,Voices,voices,10.96,12.29,0.34,0.39,1.33,3763
datased:monophonic:003763,S-0623,DataSED - DataSED - Dataset for Sound Event Detection of environmental noise/SED_wav/S-0623.wav,monophonic,Propeller aircrafts,propeller_aircrafts,12.43,20.72,0.39,0.65,8.29,3764
datased:monophonic:003764,S-0623,DataSED - DataSED - Dataset for Sound Event Detection of environmental noise/SED_wav/S-0623.wav,monophonic,Voices,voices,20.99,22.01,0.66,0.69,1.02,3765
datased:monophonic:003765,S-0623,DataSED - DataSED - Dataset for Sound Event Detection of environmental noise/SED_wav/S-0623.wav,monophonic,Propeller aircrafts,propeller_aircrafts,22.31,31.29,0.7,0.98,8.98,3766
datased:monophonic:003766,S-0624,DataSED - DataSED - Dataset for Sound Event Detection of environmental noise/SED_wav/S-0624.wav,monophonic,Voices,voices,0.96,1.94,0.02,0.05,0.98,3767
datased:monophonic:003767,S-0624,DataSED - DataSED - Dataset for Sound Event Detection of environmental noise/SED_wav/S-0624.wav,monophonic,Propeller aircrafts,propeller_aircrafts,1.96,5.77,0.05,0.15,3.81,3768
datased:monophonic:003768,S-0624,DataSED - DataSED - Dataset for Sound Event Detection of environmental noise/SED_wav/S-0624.wav,monophonic,Voices,voices,5.99,7.08,0.16,0.18,1.09,3769
datased:monophonic:003769,S-0624,DataSED - DataSED - Dataset for Sound Event Detection of environmental noise/SED_wav/S-0624.wav,monophonic,Propeller aircrafts,propeller_aircrafts,7.23,11.92,0.19,0.31,4.69,3770
datased:monophonic:003770,S-0624,DataSED - DataSED - Dataset for Sound Event Detection of environmental noise/SED_wav/S-0624.wav,monophonic,Voices,voices,12.01,12.99,0.31,0.34,0.98,3771
datased:monophonic:003771,S-0624,DataSED - DataSED - Dataset for Sound Event Detection of environmental noise/SED_wav/S-0624.wav,monophonic,Propeller aircrafts,propeller_aircrafts,13.07,19.76,0.34,0.51,6.69,3772
datased:monophonic:003772,S-0624,DataSED - DataSED - Dataset for Sound Event Detection of environmental noise/SED_wav/S-0624.wav,monophonic,Voices,voices,19.99,21.01,0.52,0.55,1.03,3773
datased:monophonic:003773,S-0624,DataSED - DataSED - Dataset for Sound Event Detection of environmental noise/SED_wav/S-0624.wav,monophonic,Propeller aircrafts,propeller_aircrafts,21.15,26.3,0.55,0.68,5.15,3774
datased:monophonic:003774,S-0624,DataSED - DataSED - Dataset for Sound Event Detection of environmental noise/SED_wav/S-0624.wav,monophonic,Voices,voices,26.51,27.49,0.69,0.71,0.98,3775
datased:monophonic:003775,S-0624,DataSED - DataSED - Dataset for Sound Event Detection of environmental noise/SED_wav/S-0624.wav,monophonic,Propeller aircrafts,propeller_aircrafts,27.69,34.43,0.72,0.9,6.74,3776
datased:monophonic:003776,S-0625,DataSED - DataSED - Dataset for Sound Event Detection of environmental noise/SED_wav/S-0625.wav,monophonic,Propeller aircrafts,propeller_aircrafts,0.39,0.95,0.01,0.03,0.56,3777
datased:monophonic:003777,S-0625,DataSED - DataSED - Dataset for Sound Event Detection of environmental noise/SED_wav/S-0625.wav,monophonic,Voices,voices,0.99,1.89,0.03,0.06,0.9,3778
datased:monophonic:003778,S-0625,DataSED - DataSED - Dataset for Sound Event Detection of environmental noise/SED_wav/S-0625.wav,monophonic,Propeller aircrafts,propeller_aircrafts,1.91,10.65,0.06,0.34,8.74,3779
datased:monophonic:003779,S-0625,DataSED - DataSED - Dataset for Sound Event Detection of environmental noise/SED_wav/S-0625.wav,monophonic,Voices,voices,10.8,11.88,0.34,0.37,1.08,3780
datased:monophonic:003780,S-0625,DataSED - DataSED - Dataset for Sound Event Detection of environmental noise/SED_wav/S-0625.wav,monophonic,Propeller aircrafts,propeller_aircrafts,11.95,20.98,0.38,0.66,9.03,3781
datased:monophonic:003781,S-0625,DataSED - DataSED - Dataset for Sound Event Detection of environmental noise/SED_wav/S-0625.wav,monophonic,Voices,voices,21.0,21.94,0.66,0.69,0.94,3782
datased:monophonic:003782,S-0625,DataSED - DataSED - Dataset for Sound Event Detection of environmental noise/SED_wav/S-0625.wav,monophonic,Propeller aircrafts,propeller_aircrafts,22.09,31.21,0.7,0.98,9.12,3783
datased:monophonic:003783,S-0626,DataSED - DataSED - Dataset for Sound Event Detection of environmental noise/SED_wav/S-0626.wav,monophonic,Voices,voices,0.0,1.15,0.0,0.05,1.15,3784
datased:monophonic:003784,S-0626,DataSED - DataSED - Dataset for Sound Event Detection of environmental noise/SED_wav/S-0626.wav,monophonic,Propeller aircrafts,propeller_aircrafts,1.17,9.86,0.05,0.4,8.7,3785
datased:monophonic:003785,S-0626,DataSED - DataSED - Dataset for Sound Event Detection of environmental noise/SED_wav/S-0626.wav,monophonic,Voices,voices,10.02,11.0,0.41,0.45,0.99,3786
datased:monophonic:003786,S-0626,DataSED - DataSED - Dataset for Sound Event Detection of environmental noise/SED_wav/S-0626.wav,monophonic,Propeller aircrafts,propeller_aircrafts,13.56,19.97,0.55,0.81,6.41,3787
datased:monophonic:003787,S-0626,DataSED - DataSED - Dataset for Sound Event Detection of environmental noise/SED_wav/S-0626.wav,monophonic,Voices,voices,20.05,21.09,0.81,0.86,1.04,3788
datased:monophonic:003788,S-0626,DataSED - DataSED - Dataset for Sound Event Detection of environmental noise/SED_wav/S-0626.wav,monophonic,Propeller aircrafts,propeller_aircrafts,21.21,24.17,0.86,0.98,2.96,3789
datased:monophonic:003789,S-0627,DataSED - DataSED - Dataset for Sound Event Detection of environmental noise/SED_wav/S-0627.wav,monophonic,Voices,voices,0.11,0.96,0.0,0.04,0.85,3790
datased:monophonic:003790,S-0627,DataSED - DataSED - Dataset for Sound Event Detection of environmental noise/SED_wav/S-0627.wav,monophonic,Propeller aircrafts,propeller_aircrafts,1.17,9.96,0.05,0.41,8.79,3791
datased:monophonic:003791,S-0627,DataSED - DataSED - Dataset for Sound Event Detection of environmental noise/SED_wav/S-0627.wav,monophonic,Voices,voices,10.03,10.85,0.41,0.45,0.82,3792
datased:monophonic:003792,S-0627,DataSED - DataSED - Dataset for Sound Event Detection of environmental noise/SED_wav/S-0627.wav,monophonic,Propeller aircrafts,propeller_aircrafts,10.93,19.92,0.45,0.82,8.99,3793
datased:monophonic:003793,S-0627,DataSED - DataSED - Dataset for Sound Event Detection of environmental noise/SED_wav/S-0627.wav,monophonic,Voices,voices,20.07,20.91,0.83,0.86,0.84,3794
datased:monophonic:003794,S-0627,DataSED - DataSED - Dataset for Sound Event Detection of environmental noise/SED_wav/S-0627.wav,monophonic,Propeller aircrafts,propeller_aircrafts,21.01,23.78,0.87,0.98,2.77,3795
datased:monophonic:003795,S-0628,DataSED - DataSED - Dataset for Sound Event Detection of environmental noise/SED_wav/S-0628.wav,monophonic,Sirens and alarms,sirens_and_alarms,0.4,3.28,0.03,0.22,2.88,3796
datased:monophonic:003796,S-0628,DataSED - DataSED - Dataset for Sound Event Detection of environmental noise/SED_wav/S-0628.wav,monophonic,Sirens and alarms,sirens_and_alarms,4.87,7.8,0.32,0.51,2.93,3797
datased:monophonic:003797,S-0628,DataSED - DataSED - Dataset for Sound Event Detection of environmental noise/SED_wav/S-0628.wav,monophonic,Sirens and alarms,sirens_and_alarms,10.26,13.4,0.67,0.88,3.14,3798
datased:monophonic:003798,S-0629,DataSED - DataSED - Dataset for Sound Event Detection of environmental noise/SED_wav/S-0629.wav,monophonic,Sirens and alarms,sirens_and_alarms,0.81,30.1,0.03,0.95,29.29,3799
datased:monophonic:003799,S-0630,DataSED - DataSED - Dataset for Sound Event Detection of environmental noise/SED_wav/S-0630.wav,monophonic,Sirens and alarms,sirens_and_alarms,0.32,13.58,0.02,0.89,13.26,3800
datased:monophonic:003800,S-0631,DataSED - DataSED - Dataset for Sound Event Detection of environmental noise/SED_wav/S-0631.wav,monophonic,Sirens and alarms,sirens_and_alarms,0.34,33.48,0.01,0.97,33.14,3801
datased:monophonic:003801,S-0632,DataSED - DataSED - Dataset for Sound Event Detection of environmental noise/SED_wav/S-0632.wav,monophonic,Sirens and alarms,sirens_and_alarms,0.63,56.65,0.01,0.89,56.03,3802
datased:monophonic:003802,S-0633,DataSED - DataSED - Dataset for Sound Event Detection of environmental noise/SED_wav/S-0633.wav,monophonic,Sirens and alarms,sirens_and_alarms,0.59,49.47,0.01,0.93,48.88,3803
datased:monophonic:003803,S-0634,DataSED - DataSED - Dataset for Sound Event Detection of environmental noise/SED_wav/S-0634.wav,monophonic,Sirens and alarms,sirens_and_alarms,0.87,79.18,0.01,0.95,78.32,3804
datased:monophonic:003804,S-0635,DataSED - DataSED - Dataset for Sound Event Detection of environmental noise/SED_wav/S-0635.wav,monophonic,Sirens and alarms,sirens_and_alarms,0.88,11.03,0.04,0.54,10.14,3805
datased:monophonic:003805,S-0636,DataSED - DataSED - Dataset for Sound Event Detection of environmental noise/SED_wav/S-0636.wav,monophonic,Vehicle idling,vehicle_idling,0.35,2.4,0.02,0.11,2.05,3806
datased:monophonic:003806,S-0636,DataSED - DataSED - Dataset for Sound Event Detection of environmental noise/SED_wav/S-0636.wav,monophonic,Sirens and alarms,sirens_and_alarms,2.46,15.83,0.12,0.74,13.37,3807
datased:monophonic:003807,S-0637,DataSED - DataSED - Dataset for Sound Event Detection of environmental noise/SED_wav/S-0637.wav,monophonic,Sirens and alarms,sirens_and_alarms,1.09,16.08,0.05,0.78,14.99,3808
datased:monophonic:003808,S-0638,DataSED - DataSED - Dataset for Sound Event Detection of environmental noise/SED_wav/S-0638.wav,monophonic,Sirens and alarms,sirens_and_alarms,0.75,20.83,0.03,0.8,20.08,3809
datased:monophonic:003809,S-0639,DataSED - DataSED - Dataset for Sound Event Detection of environmental noise/SED_wav/S-0639.wav,monophonic,Sirens and alarms,sirens_and_alarms,2.96,25.49,0.08,0.73,22.53,3810
datased:monophonic:003810,S-0640,DataSED - DataSED - Dataset for Sound Event Detection of environmental noise/SED_wav/S-0640.wav,monophonic,Sirens and alarms,sirens_and_alarms,0.36,61.29,0.01,0.94,60.92,3811
datased:monophonic:003811,S-0641,DataSED - DataSED - Dataset for Sound Event Detection of environmental noise/SED_wav/S-0641.wav,monophonic,Sirens and alarms,sirens_and_alarms,2.81,43.81,0.06,0.9,41.0,3812
datased:monophonic:003812,S-0642,DataSED - DataSED - Dataset for Sound Event Detection of environmental noise/SED_wav/S-0642.wav,monophonic,Sirens and alarms,sirens_and_alarms,1.34,42.48,0.03,0.86,41.14,3813
datased:monophonic:003813,S-0643,DataSED - DataSED - Dataset for Sound Event Detection of environmental noise/SED_wav/S-0643.wav,monophonic,Sirens and alarms,sirens_and_alarms,1.73,25.7,0.06,0.83,23.98,3814
datased:monophonic:003814,S-0644,DataSED - DataSED - Dataset for Sound Event Detection of environmental noise/SED_wav/S-0644.wav,monophonic,Sirens and alarms,sirens_and_alarms,4.24,15.5,0.14,0.52,11.27,3815
datased:monophonic:003815,S-0644,DataSED - DataSED - Dataset for Sound Event Detection of environmental noise/SED_wav/S-0644.wav,monophonic,Sirens and alarms,sirens_and_alarms,18.59,25.68,0.63,0.87,7.09,3816
datased:monophonic:003816,S-0645,DataSED - DataSED - Dataset for Sound Event Detection of environmental noise/SED_wav/S-0645.wav,monophonic,Vehicle idling,vehicle_idling,0.0,14.57,0.0,0.12,14.57,3817
datased:monophonic:003817,S-0645,DataSED - DataSED - Dataset for Sound Event Detection of environmental noise/SED_wav/S-0645.wav,monophonic,Lawn mower brush cutter and olive shaker,lawn_mower_brush_cutter_olive_shaker,15.07,16.71,0.13,0.14,1.64,3818
datased:monophonic:003818,S-0645,DataSED - DataSED - Dataset for Sound Event Detection of environmental noise/SED_wav/S-0645.wav,monophonic,Voices,voices,16.93,18.35,0.14,0.16,1.43,3819
datased:monophonic:003819,S-0645,DataSED - DataSED - Dataset for Sound Event Detection of environmental noise/SED_wav/S-0645.wav,monophonic,Lawn mower brush cutter and olive shaker,lawn_mower_brush_cutter_olive_shaker,18.57,30.91,0.16,0.26,12.34,3820
datased:monophonic:003820,S-0645,DataSED - DataSED - Dataset for Sound Event Detection of environmental noise/SED_wav/S-0645.wav,monophonic,Vehicle idling,vehicle_idling,31.2,44.45,0.26,0.38,13.25,3821
datased:monophonic:003821,S-0645,DataSED - DataSED - Dataset for Sound Event Detection of environmental noise/SED_wav/S-0645.wav,monophonic,Lawn mower brush cutter and olive shaker,lawn_mower_brush_cutter_olive_shaker,44.47,47.89,0.38,0.41,3.43,3822
datased:monophonic:003822,S-0645,DataSED - DataSED - Dataset for Sound Event Detection of environmental noise/SED_wav/S-0645.wav,monophonic,Vehicle idling,vehicle_idling,48.04,61.54,0.41,0.52,13.5,3823
datased:monophonic:003823,S-0645,DataSED - DataSED - Dataset for Sound Event Detection of environmental noise/SED_wav/S-0645.wav,monophonic,Lawn mower brush cutter and olive shaker,lawn_mower_brush_cutter_olive_shaker,61.59,106.11,0.52,0.9,44.51,3824
datased:monophonic:003824,S-0645,DataSED - DataSED - Dataset for Sound Event Detection of environmental noise/SED_wav/S-0645.wav,monophonic,Vehicle idling,vehicle_idling,106.26,117.89,0.9,1.0,11.63,3825
datased:monophonic:003825,S-0646,DataSED - DataSED - Dataset for Sound Event Detection of environmental noise/SED_wav/S-0646.wav,monophonic,Vehicle idling,vehicle_idling,0.0,1.29,0.0,0.01,1.29,3826
datased:monophonic:003826,S-0646,DataSED - DataSED - Dataset for Sound Event Detection of environmental noise/SED_wav/S-0646.wav,monophonic,Lawn mower brush cutter and olive shaker,lawn_mower_brush_cutter_olive_shaker,1.4,71.38,0.01,0.64,69.98,3827
datased:monophonic:003827,S-0646,DataSED - DataSED - Dataset for Sound Event Detection of environmental noise/SED_wav/S-0646.wav,monophonic,Voices,voices,71.71,73.73,0.65,0.66,2.02,3828
datased:monophonic:003828,S-0646,DataSED - DataSED - Dataset for Sound Event Detection of environmental noise/SED_wav/S-0646.wav,monophonic,Lawn mower brush cutter and olive shaker,lawn_mower_brush_cutter_olive_shaker,76.42,104.6,0.69,0.94,28.18,3829
datased:monophonic:003829,S-0646,DataSED - DataSED - Dataset for Sound Event Detection of environmental noise/SED_wav/S-0646.wav,monophonic,Voices,voices,104.67,111.13,0.94,1.0,6.46,3830
datased:monophonic:003830,S-0647,DataSED - DataSED - Dataset for Sound Event Detection of environmental noise/SED_wav/S-0647.wav,monophonic,Voices,voices,0.0,4.95,0.0,0.04,4.95,3831
datased:monophonic:003831,S-0647,DataSED - DataSED - Dataset for Sound Event Detection of environmental noise/SED_wav/S-0647.wav,monophonic,Lawn mower brush cutter and olive shaker,lawn_mower_brush_cutter_olive_shaker,5.48,40.33,0.04,0.33,34.86,3832
datased:monophonic:003832,S-0647,DataSED - DataSED - Dataset for Sound Event Detection of environmental noise/SED_wav/S-0647.wav,monophonic,Lawn mower brush cutter and olive shaker,lawn_mower_brush_cutter_olive_shaker,43.25,76.53,0.35,0.62,33.29,3833
datased:monophonic:003833,S-0647,DataSED - DataSED - Dataset for Sound Event Detection of environmental noise/SED_wav/S-0647.wav,monophonic,Vehicle idling,vehicle_idling,77.73,106.38,0.63,0.86,28.65,3834
datased:monophonic:003834,S-0647,DataSED - DataSED - Dataset for Sound Event Detection of environmental noise/SED_wav/S-0647.wav,monophonic,Lawn mower brush cutter and olive shaker,lawn_mower_brush_cutter_olive_shaker,106.68,118.05,0.86,0.96,11.37,3835
datased:monophonic:003835,S-0647,DataSED - DataSED - Dataset for Sound Event Detection of environmental noise/SED_wav/S-0647.wav,monophonic,Voices,voices,118.27,123.58,0.96,1.0,5.31,3836
datased:monophonic:003836,S-0648,DataSED - DataSED - Dataset for Sound Event Detection of environmental noise/SED_wav/S-0648.wav,monophonic,Voices,voices,2.43,5.34,0.02,0.04,2.9,3837
datased:monophonic:003837,S-0648,DataSED - DataSED - Dataset for Sound Event Detection of environmental noise/SED_wav/S-0648.wav,monophonic,Lawn mower brush cutter and olive shaker,lawn_mower_brush_cutter_olive_shaker,5.82,51.93,0.04,0.39,46.11,3838
datased:monophonic:003838,S-0648,DataSED - DataSED - Dataset for Sound Event Detection of environmental noise/SED_wav/S-0648.wav,monophonic,Lawn mower brush cutter and olive shaker,lawn_mower_brush_cutter_olive_shaker,62.17,126.99,0.47,0.95,64.82,3839
datased:monophonic:003839,S-0649,DataSED - DataSED - Dataset for Sound Event Detection of environmental noise/SED_wav/S-0649.wav,monophonic,Lawn mower brush cutter and olive shaker,lawn_mower_brush_cutter_olive_shaker,7.12,62.34,0.05,0.44,55.21,3840
datased:monophonic:003840,S-0649,DataSED - DataSED - Dataset for Sound Event Detection of environmental noise/SED_wav/S-0649.wav,monophonic,Lawn mower brush cutter and olive shaker,lawn_mower_brush_cutter_olive_shaker,67.64,106.85,0.48,0.76,39.21,3841
datased:monophonic:003841,S-0649,DataSED - DataSED - Dataset for Sound Event Detection of environmental noise/SED_wav/S-0649.wav,monophonic,Lawn mower brush cutter and olive shaker,lawn_mower_brush_cutter_olive_shaker,112.24,138.95,0.79,0.98,26.71,3842
datased:monophonic:003842,S-0650,DataSED - DataSED - Dataset for Sound Event Detection of environmental noise/SED_wav/S-0650.wav,monophonic,Lawn mower brush cutter and olive shaker,lawn_mower_brush_cutter_olive_shaker,1.11,36.17,0.01,0.24,35.06,3843
datased:monophonic:003843,S-0650,DataSED - DataSED - Dataset for Sound Event Detection of environmental noise/SED_wav/S-0650.wav,monophonic,Lawn mower brush cutter and olive shaker,lawn_mower_brush_cutter_olive_shaker,41.62,66.05,0.28,0.44,24.43,3844
datased:monophonic:003844,S-0650,DataSED - DataSED - Dataset for Sound Event Detection of environmental noise/SED_wav/S-0650.wav,monophonic,Lawn mower brush cutter and olive shaker,lawn_mower_brush_cutter_olive_shaker,76.31,97.66,0.51,0.65,21.34,3845
datased:monophonic:003845,S-0650,DataSED - DataSED - Dataset for Sound Event Detection of environmental noise/SED_wav/S-0650.wav,monophonic,Sirens and alarms,sirens_and_alarms,102.84,111.55,0.69,0.74,8.72,3846
datased:monophonic:003846,S-0650,DataSED - DataSED - Dataset for Sound Event Detection of environmental noise/SED_wav/S-0650.wav,monophonic,Lawn mower brush cutter and olive shaker,lawn_mower_brush_cutter_olive_shaker,112.55,124.27,0.75,0.83,11.72,3847
datased:monophonic:003847,S-0650,DataSED - DataSED - Dataset for Sound Event Detection of environmental noise/SED_wav/S-0650.wav,monophonic,Lawn mower brush cutter and olive shaker,lawn_mower_brush_cutter_olive_shaker,129.18,147.25,0.86,0.98,18.07,3848
datased:monophonic:003848,S-0651,DataSED - DataSED - Dataset for Sound Event Detection of environmental noise/SED_wav/S-0651.wav,monophonic,Lawn mower brush cutter and olive shaker,lawn_mower_brush_cutter_olive_shaker,2.67,17.35,0.02,0.15,14.69,3849
datased:monophonic:003849,S-0651,DataSED - DataSED - Dataset for Sound Event Detection of environmental noise/SED_wav/S-0651.wav,monophonic,Lawn mower brush cutter and olive shaker,lawn_mower_brush_cutter_olive_shaker,20.95,43.46,0.19,0.39,22.5,3850
datased:monophonic:003850,S-0651,DataSED - DataSED - Dataset for Sound Event Detection of environmental noise/SED_wav/S-0651.wav,monophonic,Lawn mower brush cutter and olive shaker,lawn_mower_brush_cutter_olive_shaker,49.64,61.47,0.44,0.55,11.83,3851
datased:monophonic:003851,S-0651,DataSED - DataSED - Dataset for Sound Event Detection of environmental noise/SED_wav/S-0651.wav,monophonic,Lawn mower brush cutter and olive shaker,lawn_mower_brush_cutter_olive_shaker,65.28,103.63,0.58,0.92,38.34,3852
datased:monophonic:003852,S-0652,DataSED - DataSED - Dataset for Sound Event Detection of environmental noise/SED_wav/S-0652.wav,monophonic,Jet aircrafts,jet_aircrafts,12.26,29.69,0.07,0.17,17.43,3853
datased:monophonic:003853,S-0652,DataSED - DataSED - Dataset for Sound Event Detection of environmental noise/SED_wav/S-0652.wav,monophonic,Vehicle idling,vehicle_idling,30.99,60.66,0.17,0.34,29.67,3854
datased:monophonic:003854,S-0652,DataSED - DataSED - Dataset for Sound Event Detection of environmental noise/SED_wav/S-0652.wav,monophonic,Voices,voices,71.6,75.06,0.4,0.42,3.46,3855
datased:monophonic:003855,S-0652,DataSED - DataSED - Dataset for Sound Event Detection of environmental noise/SED_wav/S-0652.wav,monophonic,Vehicle idling,vehicle_idling,75.28,103.32,0.42,0.58,28.04,3856
datased:monophonic:003856,S-0652,DataSED - DataSED - Dataset for Sound Event Detection of environmental noise/SED_wav/S-0652.wav,monophonic,Dog barkings and howlings,dog_barkings_and_howlings,109.39,110.9,0.61,0.62,1.52,3857
datased:monophonic:003857,S-0652,DataSED - DataSED - Dataset for Sound Event Detection of environmental noise/SED_wav/S-0652.wav,monophonic,Vehicle idling,vehicle_idling,111.44,136.67,0.62,0.76,25.23,3858
datased:monophonic:003858,S-0652,DataSED - DataSED - Dataset for Sound Event Detection of environmental noise/SED_wav/S-0652.wav,monophonic,Propeller aircrafts,propeller_aircrafts,137.11,146.7,0.77,0.82,9.59,3859
datased:monophonic:003859,S-0652,DataSED - DataSED - Dataset for Sound Event Detection of environmental noise/SED_wav/S-0652.wav,monophonic,Dog barkings and howlings,dog_barkings_and_howlings,147.82,149.56,0.83,0.84,1.73,3860
datased:monophonic:003860,S-0652,DataSED - DataSED - Dataset for Sound Event Detection of environmental noise/SED_wav/S-0652.wav,monophonic,Dog barkings and howlings,dog_barkings_and_howlings,157.25,158.33,0.88,0.89,1.08,3861
datased:monophonic:003861,S-0652,DataSED - DataSED - Dataset for Sound Event Detection of environmental noise/SED_wav/S-0652.wav,monophonic,Dog barkings and howlings,dog_barkings_and_howlings,165.47,166.88,0.92,0.93,1.41,3862
datased:monophonic:003862,S-0652,DataSED - DataSED - Dataset for Sound Event Detection of environmental noise/SED_wav/S-0652.wav,monophonic,Dog barkings and howlings,dog_barkings_and_howlings,172.08,173.92,0.96,0.97,1.84,3863
datased:monophonic:003863,S-0652,DataSED - DataSED - Dataset for Sound Event Detection of environmental noise/SED_wav/S-0652.wav,monophonic,Voices,voices,177.28,178.9,0.99,1.0,1.62,3864
datased:monophonic:003864,S-0653,DataSED - DataSED - Dataset for Sound Event Detection of environmental noise/SED_wav/S-0653.wav,monophonic,Jet aircrafts,jet_aircrafts,20.85,58.45,0.15,0.41,37.6,3865
datased:monophonic:003865,S-0654,DataSED - DataSED - Dataset for Sound Event Detection of environmental noise/SED_wav/S-0654.wav,monophonic,Vehicle idling,vehicle_idling,9.2,18.44,0.1,0.2,9.24,3866
datased:monophonic:003866,S-0654,DataSED - DataSED - Dataset for Sound Event Detection of environmental noise/SED_wav/S-0654.wav,monophonic,Vacuum cleaner fan and hairdryer,vacuum_cleaner_fan_hairdryer,24.12,40.38,0.26,0.44,16.26,3867
datased:monophonic:003867,S-0654,DataSED - DataSED - Dataset for Sound Event Detection of environmental noise/SED_wav/S-0654.wav,monophonic,Dog barkings and howlings,dog_barkings_and_howlings,41.83,46.4,0.45,0.5,4.57,3868
datased:monophonic:003868,S-0654,DataSED - DataSED - Dataset for Sound Event Detection of environmental noise/SED_wav/S-0654.wav,monophonic,Vacuum cleaner fan and hairdryer,vacuum_cleaner_fan_hairdryer,46.9,85.04,0.51,0.92,38.14,3869
datased:monophonic:003869,S-0655,DataSED - DataSED - Dataset for Sound Event Detection of environmental noise/SED_wav/S-0655.wav,monophonic,Vacuum cleaner fan and hairdryer,vacuum_cleaner_fan_hairdryer,14.32,26.56,0.13,0.23,12.23,3870
datased:monophonic:003870,S-0655,DataSED - DataSED - Dataset for Sound Event Detection of environmental noise/SED_wav/S-0655.wav,monophonic,Vacuum cleaner fan and hairdryer,vacuum_cleaner_fan_hairdryer,31.19,49.99,0.27,0.44,18.8,3871
datased:monophonic:003871,S-0655,DataSED - DataSED - Dataset for Sound Event Detection of environmental noise/SED_wav/S-0655.wav,monophonic,Vacuum cleaner fan and hairdryer,vacuum_cleaner_fan_hairdryer,54.97,68.58,0.48,0.6,13.62,3872
datased:monophonic:003872,S-0655,DataSED - DataSED - Dataset for Sound Event Detection of environmental noise/SED_wav/S-0655.wav,monophonic,Vacuum cleaner fan and hairdryer,vacuum_cleaner_fan_hairdryer,71.76,89.8,0.63,0.79,18.04,3873
datased:monophonic:003873,S-0655,DataSED - DataSED - Dataset for Sound Event Detection of environmental noise/SED_wav/S-0655.wav,monophonic,Voices,voices,92.36,94.99,0.81,0.83,2.63,3874
datased:monophonic:003874,S-0655,DataSED - DataSED - Dataset for Sound Event Detection of environmental noise/SED_wav/S-0655.wav,monophonic,Vacuum cleaner fan and hairdryer,vacuum_cleaner_fan_hairdryer,98.51,108.88,0.86,0.95,10.37,3875
datased:monophonic:003875,S-0656,DataSED - DataSED - Dataset for Sound Event Detection of environmental noise/SED_wav/S-0656.wav,monophonic,Vacuum cleaner fan and hairdryer,vacuum_cleaner_fan_hairdryer,3.68,11.89,0.03,0.11,8.21,3876
datased:monophonic:003876,S-0656,DataSED - DataSED - Dataset for Sound Event Detection of environmental noise/SED_wav/S-0656.wav,monophonic,Vacuum cleaner fan and hairdryer,vacuum_cleaner_fan_hairdryer,20.23,36.98,0.18,0.34,16.75,3877
datased:monophonic:003877,S-0656,DataSED - DataSED - Dataset for Sound Event Detection of environmental noise/SED_wav/S-0656.wav,monophonic,Vacuum cleaner fan and hairdryer,vacuum_cleaner_fan_hairdryer,44.99,76.69,0.41,0.7,31.7,3878
datased:monophonic:003878,S-0656,DataSED - DataSED - Dataset for Sound Event Detection of environmental noise/SED_wav/S-0656.wav,monophonic,Vacuum cleaner fan and hairdryer,vacuum_cleaner_fan_hairdryer,81.36,103.98,0.74,0.94,22.62,3879
datased:monophonic:003879,S-0657,DataSED - DataSED - Dataset for Sound Event Detection of environmental noise/SED_wav/S-0657.wav,monophonic,Sirens and alarms,sirens_and_alarms,0.17,2.7,0.0,0.07,2.54,3880
datased:monophonic:003880,S-0657,DataSED - DataSED - Dataset for Sound Event Detection of environmental noise/SED_wav/S-0657.wav,monophonic,Sirens and alarms,sirens_and_alarms,3.7,6.0,0.1,0.16,2.31,3881
datased:monophonic:003881,S-0657,DataSED - DataSED - Dataset for Sound Event Detection of environmental noise/SED_wav/S-0657.wav,monophonic,Sirens and alarms,sirens_and_alarms,6.72,9.14,0.18,0.24,2.42,3882
datased:monophonic:003882,S-0657,DataSED - DataSED - Dataset for Sound Event Detection of environmental noise/SED_wav/S-0657.wav,monophonic,Sirens and alarms,sirens_and_alarms,10.13,12.42,0.27,0.33,2.28,3883
datased:monophonic:003883,S-0657,DataSED - DataSED - Dataset for Sound Event Detection of environmental noise/SED_wav/S-0657.wav,monophonic,Sirens and alarms,sirens_and_alarms,13.23,19.57,0.35,0.51,6.35,3884
datased:monophonic:003884,S-0657,DataSED - DataSED - Dataset for Sound Event Detection of environmental noise/SED_wav/S-0657.wav,monophonic,Sirens and alarms,sirens_and_alarms,20.29,23.29,0.53,0.61,3.0,3885
datased:monophonic:003885,S-0657,DataSED - DataSED - Dataset for Sound Event Detection of environmental noise/SED_wav/S-0657.wav,monophonic,Sirens and alarms,sirens_and_alarms,23.89,27.07,0.63,0.71,3.18,3886
datased:monophonic:003886,S-0657,DataSED - DataSED - Dataset for Sound Event Detection of environmental noise/SED_wav/S-0657.wav,monophonic,Sirens and alarms,sirens_and_alarms,27.81,34.13,0.73,0.9,6.32,3887
datased:monophonic:003887,S-0657,DataSED - DataSED - Dataset for Sound Event Detection of environmental noise/SED_wav/S-0657.wav,monophonic,Sirens and alarms,sirens_and_alarms,34.85,37.92,0.91,0.99,3.07,3888
datased:monophonic:003888,S-0658,DataSED - DataSED - Dataset for Sound Event Detection of environmental noise/SED_wav/S-0658.wav,monophonic,Sirens and alarms,sirens_and_alarms,0.35,4.69,0.01,0.07,4.34,3889
datased:monophonic:003889,S-0658,DataSED - DataSED - Dataset for Sound Event Detection of environmental noise/SED_wav/S-0658.wav,monophonic,Sirens and alarms,sirens_and_alarms,6.73,11.64,0.11,0.18,4.91,3890
datased:monophonic:003890,S-0658,DataSED - DataSED - Dataset for Sound Event Detection of environmental noise/SED_wav/S-0658.wav,monophonic,Sirens and alarms,sirens_and_alarms,13.52,20.36,0.21,0.32,6.83,3891
datased:monophonic:003891,S-0658,DataSED - DataSED - Dataset for Sound Event Detection of environmental noise/SED_wav/S-0658.wav,monophonic,Sirens and alarms,sirens_and_alarms,22.24,33.72,0.35,0.53,11.48,3892
datased:monophonic:003892,S-0658,DataSED - DataSED - Dataset for Sound Event Detection of environmental noise/SED_wav/S-0658.wav,monophonic,Sirens and alarms,sirens_and_alarms,35.6,43.82,0.56,0.69,8.22,3893
datased:monophonic:003893,S-0658,DataSED - DataSED - Dataset for Sound Event Detection of environmental noise/SED_wav/S-0658.wav,monophonic,Sirens and alarms,sirens_and_alarms,45.66,51.3,0.72,0.81,5.64,3894
datased:monophonic:003894,S-0658,DataSED - DataSED - Dataset for Sound Event Detection of environmental noise/SED_wav/S-0658.wav,monophonic,Sirens and alarms,sirens_and_alarms,53.11,56.03,0.84,0.88,2.92,3895
datased:monophonic:003895,S-0658,DataSED - DataSED - Dataset for Sound Event Detection of environmental noise/SED_wav/S-0658.wav,monophonic,Sirens and alarms,sirens_and_alarms,57.91,61.17,0.91,0.96,3.26,3896
datased:monophonic:003896,S-0659,DataSED - DataSED - Dataset for Sound Event Detection of environmental noise/SED_wav/S-0659.wav,monophonic,Sirens and alarms,sirens_and_alarms,0.29,2.63,0.02,0.14,2.34,3897
datased:monophonic:003897,S-0659,DataSED - DataSED - Dataset for Sound Event Detection of environmental noise/SED_wav/S-0659.wav,monophonic,Sirens and alarms,sirens_and_alarms,3.79,6.24,0.21,0.34,2.45,3898
datased:monophonic:003898,S-0659,DataSED - DataSED - Dataset for Sound Event Detection of environmental noise/SED_wav/S-0659.wav,monophonic,Sirens and alarms,sirens_and_alarms,7.81,10.31,0.42,0.56,2.5,3899
datased:monophonic:003899,S-0659,DataSED - DataSED - Dataset for Sound Event Detection of environmental noise/SED_wav/S-0659.wav,monophonic,Sirens and alarms,sirens_and_alarms,12.59,17.09,0.68,0.93,4.5,3900
datased:monophonic:003900,S-0660,DataSED - DataSED - Dataset for Sound Event Detection of environmental noise/SED_wav/S-0660.wav,monophonic,Sirens and alarms,sirens_and_alarms,0.48,6.0,0.05,0.6,5.52,3901
datased:monophonic:003901,S-0661,DataSED - DataSED - Dataset for Sound Event Detection of environmental noise/SED_wav/S-0661.wav,monophonic,Propeller aircrafts,propeller_aircrafts,3.53,94.24,0.04,0.97,90.7,3902
datased:monophonic:003902,S-0662,DataSED - DataSED - Dataset for Sound Event Detection of environmental noise/SED_wav/S-0662.wav,monophonic,Propeller aircrafts,propeller_aircrafts,0.24,35.55,0.01,0.99,35.31,3903
datased:monophonic:003903,S-0663,DataSED - DataSED - Dataset for Sound Event Detection of environmental noise/SED_wav/S-0663.wav,monophonic,Propeller aircrafts,propeller_aircrafts,0.17,39.24,0.0,1.0,39.07,3904
datased:monophonic:003904,S-0664,DataSED - DataSED - Dataset for Sound Event Detection of environmental noise/SED_wav/S-0664.wav,monophonic,Propeller aircrafts,propeller_aircrafts,0.47,29.15,0.02,0.98,28.68,3905
datased:monophonic:003905,S-0665,DataSED - DataSED - Dataset for Sound Event Detection of environmental noise/SED_wav/S-0665.wav,monophonic,Propeller aircrafts,propeller_aircrafts,0.87,26.17,0.03,0.95,25.3,3906
datased:monophonic:003906,S-0666,DataSED - DataSED - Dataset for Sound Event Detection of environmental noise/SED_wav/S-0666.wav,monophonic,Propeller aircrafts,propeller_aircrafts,0.0,115.15,0.0,1.0,115.15,3907
datased:monophonic:003907,S-0667,DataSED - DataSED - Dataset for Sound Event Detection of environmental noise/SED_wav/S-0667.wav,monophonic,Propeller aircrafts,propeller_aircrafts,0.18,10.59,0.02,0.99,10.4,3908
datased:monophonic:003908,S-0668,DataSED - DataSED - Dataset for Sound Event Detection of environmental noise/SED_wav/S-0668.wav,monophonic,Vacuum cleaner fan and hairdryer,vacuum_cleaner_fan_hairdryer,1.2,11.33,0.02,0.16,10.14,3909
datased:monophonic:003909,S-0668,DataSED - DataSED - Dataset for Sound Event Detection of environmental noise/SED_wav/S-0668.wav,monophonic,Vacuum cleaner fan and hairdryer,vacuum_cleaner_fan_hairdryer,13.71,26.14,0.2,0.37,12.43,3910
datased:monophonic:003910,S-0668,DataSED - DataSED - Dataset for Sound Event Detection of environmental noise/SED_wav/S-0668.wav,monophonic,Sirens and alarms,sirens_and_alarms,28.98,69.87,0.41,1.0,40.89,3911
datased:monophonic:003911,S-0669,DataSED - DataSED - Dataset for Sound Event Detection of environmental noise/SED_wav/S-0669.wav,monophonic,Vacuum cleaner fan and hairdryer,vacuum_cleaner_fan_hairdryer,1.16,17.89,0.01,0.11,16.73,3912
datased:monophonic:003912,S-0669,DataSED - DataSED - Dataset for Sound Event Detection of environmental noise/SED_wav/S-0669.wav,monophonic,Vacuum cleaner fan and hairdryer,vacuum_cleaner_fan_hairdryer,23.68,39.75,0.15,0.25,16.06,3913
datased:monophonic:003913,S-0669,DataSED - DataSED - Dataset for Sound Event Detection of environmental noise/SED_wav/S-0669.wav,monophonic,Vacuum cleaner fan and hairdryer,vacuum_cleaner_fan_hairdryer,43.93,55.33,0.28,0.35,11.4,3914
datased:monophonic:003914,S-0669,DataSED - DataSED - Dataset for Sound Event Detection of environmental noise/SED_wav/S-0669.wav,monophonic,Vacuum cleaner fan and hairdryer,vacuum_cleaner_fan_hairdryer,61.6,74.53,0.39,0.47,12.93,3915
datased:monophonic:003915,S-0669,DataSED - DataSED - Dataset for Sound Event Detection of environmental noise/SED_wav/S-0669.wav,monophonic,Vacuum cleaner fan and hairdryer,vacuum_cleaner_fan_hairdryer,78.43,95.33,0.5,0.61,16.91,3916
datased:monophonic:003916,S-0669,DataSED - DataSED - Dataset for Sound Event Detection of environmental noise/SED_wav/S-0669.wav,monophonic,Vacuum cleaner fan and hairdryer,vacuum_cleaner_fan_hairdryer,99.81,128.32,0.64,0.82,28.51,3917
datased:monophonic:003917,S-0669,DataSED - DataSED - Dataset for Sound Event Detection of environmental noise/SED_wav/S-0669.wav,monophonic,Vacuum cleaner fan and hairdryer,vacuum_cleaner_fan_hairdryer,131.17,144.1,0.84,0.92,12.93,3918
datased:monophonic:003918,S-0669,DataSED - DataSED - Dataset for Sound Event Detection of environmental noise/SED_wav/S-0669.wav,monophonic,Vacuum cleaner fan and hairdryer,vacuum_cleaner_fan_hairdryer,149.23,153.41,0.95,0.98,4.18,3919
datased:monophonic:003919,S-0670,DataSED - DataSED - Dataset for Sound Event Detection of environmental noise/SED_wav/S-0670.wav,monophonic,Vacuum cleaner fan and hairdryer,vacuum_cleaner_fan_hairdryer,4.2,20.71,0.03,0.16,16.5,3920
datased:monophonic:003920,S-0670,DataSED - DataSED - Dataset for Sound Event Detection of environmental noise/SED_wav/S-0670.wav,monophonic,Vacuum cleaner fan and hairdryer,vacuum_cleaner_fan_hairdryer,30.02,45.82,0.23,0.35,15.79,3921
datased:monophonic:003921,S-0670,DataSED - DataSED - Dataset for Sound Event Detection of environmental noise/SED_wav/S-0670.wav,monophonic,Vacuum cleaner fan and hairdryer,vacuum_cleaner_fan_hairdryer,57.03,77.72,0.44,0.6,20.69,3922
datased:monophonic:003922,S-0670,DataSED - DataSED - Dataset for Sound Event Detection of environmental noise/SED_wav/S-0670.wav,monophonic,Vacuum cleaner fan and hairdryer,vacuum_cleaner_fan_hairdryer,89.96,108.12,0.69,0.83,18.16,3923
datased:monophonic:003923,S-0670,DataSED - DataSED - Dataset for Sound Event Detection of environmental noise/SED_wav/S-0670.wav,monophonic,Vacuum cleaner fan and hairdryer,vacuum_cleaner_fan_hairdryer,116.02,127.23,0.89,0.98,11.21,3924
datased:monophonic:003924,S-0671,DataSED - DataSED - Dataset for Sound Event Detection of environmental noise/SED_wav/S-0671.wav,monophonic,Vacuum cleaner fan and hairdryer,vacuum_cleaner_fan_hairdryer,0.33,13.79,0.0,0.13,13.46,3925
datased:monophonic:003925,S-0671,DataSED - DataSED - Dataset for Sound Event Detection of environmental noise/SED_wav/S-0671.wav,monophonic,Vacuum cleaner fan and hairdryer,vacuum_cleaner_fan_hairdryer,19.82,33.53,0.19,0.32,13.72,3926
datased:monophonic:003926,S-0671,DataSED - DataSED - Dataset for Sound Event Detection of environmental noise/SED_wav/S-0671.wav,monophonic,Vacuum cleaner fan and hairdryer,vacuum_cleaner_fan_hairdryer,39.13,56.22,0.37,0.53,17.09,3927
datased:monophonic:003927,S-0671,DataSED - DataSED - Dataset for Sound Event Detection of environmental noise/SED_wav/S-0671.wav,monophonic,Vacuum cleaner fan and hairdryer,vacuum_cleaner_fan_hairdryer,59.17,73.91,0.56,0.7,14.74,3928
datased:monophonic:003928,S-0671,DataSED - DataSED - Dataset for Sound Event Detection of environmental noise/SED_wav/S-0671.wav,monophonic,Vacuum cleaner fan and hairdryer,vacuum_cleaner_fan_hairdryer,78.46,95.58,0.74,0.9,17.11,3929
datased:monophonic:003929,S-0672,DataSED - DataSED - Dataset for Sound Event Detection of environmental noise/SED_wav/S-0672.wav,monophonic,Vacuum cleaner fan and hairdryer,vacuum_cleaner_fan_hairdryer,2.31,20.03,0.01,0.11,17.72,3930
datased:monophonic:003930,S-0672,DataSED - DataSED - Dataset for Sound Event Detection of environmental noise/SED_wav/S-0672.wav,monophonic,Vacuum cleaner fan and hairdryer,vacuum_cleaner_fan_hairdryer,22.96,42.97,0.13,0.24,20.0,3931
datased:monophonic:003931,S-0672,DataSED - DataSED - Dataset for Sound Event Detection of environmental noise/SED_wav/S-0672.wav,monophonic,Vacuum cleaner fan and hairdryer,vacuum_cleaner_fan_hairdryer,49.71,84.93,0.28,0.47,35.23,3932
datased:monophonic:003932,S-0672,DataSED - DataSED - Dataset for Sound Event Detection of environmental noise/SED_wav/S-0672.wav,monophonic,Vacuum cleaner fan and hairdryer,vacuum_cleaner_fan_hairdryer,91.46,107.98,0.51,0.6,16.53,3933
datased:monophonic:003933,S-0672,DataSED - DataSED - Dataset for Sound Event Detection of environmental noise/SED_wav/S-0672.wav,monophonic,Vacuum cleaner fan and hairdryer,vacuum_cleaner_fan_hairdryer,111.13,122.22,0.62,0.68,11.09,3934
datased:monophonic:003934,S-0672,DataSED - DataSED - Dataset for Sound Event Detection of environmental noise/SED_wav/S-0672.wav,monophonic,Vacuum cleaner fan and hairdryer,vacuum_cleaner_fan_hairdryer,125.92,134.29,0.7,0.75,8.37,3935
datased:monophonic:003935,S-0672,DataSED - DataSED - Dataset for Sound Event Detection of environmental noise/SED_wav/S-0672.wav,monophonic,Vacuum cleaner fan and hairdryer,vacuum_cleaner_fan_hairdryer,137.44,154.84,0.77,0.86,17.4,3936
datased:monophonic:003936,S-0672,DataSED - DataSED - Dataset for Sound Event Detection of environmental noise/SED_wav/S-0672.wav,monophonic,Vacuum cleaner fan and hairdryer,vacuum_cleaner_fan_hairdryer,163.97,178.98,0.91,1.0,15.0,3937
datased:monophonic:003937,S-0673,DataSED - DataSED - Dataset for Sound Event Detection of environmental noise/SED_wav/S-0673.wav,monophonic,Vacuum cleaner fan and hairdryer,vacuum_cleaner_fan_hairdryer,4.88,19.84,0.07,0.3,14.96,3938
datased:monophonic:003938,S-0673,DataSED - DataSED - Dataset for Sound Event Detection of environmental noise/SED_wav/S-0673.wav,monophonic,Jet aircrafts,jet_aircrafts,21.35,54.12,0.33,0.83,32.77,3939
datased:monophonic:003939,S-0673,DataSED - DataSED - Dataset for Sound Event Detection of environmental noise/SED_wav/S-0673.wav,monophonic,Vacuum cleaner fan and hairdryer,vacuum_cleaner_fan_hairdryer,62.97,64.12,0.96,0.98,1.15,3940
datased:monophonic:003940,S-0674,DataSED - DataSED - Dataset for Sound Event Detection of environmental noise/SED_wav/S-0674.wav,monophonic,Vacuum cleaner fan and hairdryer,vacuum_cleaner_fan_hairdryer,3.62,30.36,0.03,0.22,26.74,3941
datased:monophonic:003941,S-0674,DataSED - DataSED - Dataset for Sound Event Detection of environmental noise/SED_wav/S-0674.wav,monophonic,Vacuum cleaner fan and hairdryer,vacuum_cleaner_fan_hairdryer,50.06,72.36,0.36,0.52,22.3,3942
datased:monophonic:003942,S-0674,DataSED - DataSED - Dataset for Sound Event Detection of environmental noise/SED_wav/S-0674.wav,monophonic,Vacuum cleaner fan and hairdryer,vacuum_cleaner_fan_hairdryer,80.07,95.58,0.58,0.69,15.51,3943
datased:monophonic:003943,S-0674,DataSED - DataSED - Dataset for Sound Event Detection of environmental noise/SED_wav/S-0674.wav,monophonic,Vacuum cleaner fan and hairdryer,vacuum_cleaner_fan_hairdryer,102.04,117.04,0.74,0.85,15.01,3944
datased:monophonic:003944,S-0675,DataSED - DataSED - Dataset for Sound Event Detection of environmental noise/SED_wav/S-0675.wav,monophonic,Vacuum cleaner fan and hairdryer,vacuum_cleaner_fan_hairdryer,25.55,52.6,0.16,0.34,27.05,3945
datased:monophonic:003945,S-0675,DataSED - DataSED - Dataset for Sound Event Detection of environmental noise/SED_wav/S-0675.wav,monophonic,Vacuum cleaner fan and hairdryer,vacuum_cleaner_fan_hairdryer,62.81,81.82,0.4,0.52,19.01,3946
datased:monophonic:003946,S-0675,DataSED - DataSED - Dataset for Sound Event Detection of environmental noise/SED_wav/S-0675.wav,monophonic,Vacuum cleaner fan and hairdryer,vacuum_cleaner_fan_hairdryer,87.87,104.7,0.56,0.67,16.83,3947
datased:monophonic:003947,S-0675,DataSED - DataSED - Dataset for Sound Event Detection of environmental noise/SED_wav/S-0675.wav,monophonic,Vacuum cleaner fan and hairdryer,vacuum_cleaner_fan_hairdryer,108.49,133.83,0.69,0.86,25.34,3948
datased:monophonic:003948,S-0675,DataSED - DataSED - Dataset for Sound Event Detection of environmental noise/SED_wav/S-0675.wav,monophonic,Vacuum cleaner fan and hairdryer,vacuum_cleaner_fan_hairdryer,140.64,150.38,0.9,0.96,9.74,3949
datased:monophonic:003949,S-0676,DataSED - DataSED - Dataset for Sound Event Detection of environmental noise/SED_wav/S-0676.wav,monophonic,Jet aircrafts,jet_aircrafts,11.36,65.63,0.05,0.27,54.27,3950
datased:monophonic:003950,S-0676,DataSED - DataSED - Dataset for Sound Event Detection of environmental noise/SED_wav/S-0676.wav,monophonic,Vehicle pass-by,vehicle_pass_by,92.99,106.08,0.38,0.44,13.09,3951
datased:monophonic:003951,S-0676,DataSED - DataSED - Dataset for Sound Event Detection of environmental noise/SED_wav/S-0676.wav,monophonic,Jet aircrafts,jet_aircrafts,154.17,205.34,0.63,0.85,51.17,3952
datased:monophonic:003952,S-0676,DataSED - DataSED - Dataset for Sound Event Detection of environmental noise/SED_wav/S-0676.wav,monophonic,Vehicle pass-by,vehicle_pass_by,206.53,211.98,0.85,0.87,5.44,3953
datased:monophonic:003953,S-0676,DataSED - DataSED - Dataset for Sound Event Detection of environmental noise/SED_wav/S-0676.wav,monophonic,Jet aircrafts,jet_aircrafts,212.63,220.59,0.88,0.91,7.95,3954
datased:monophonic:003954,S-0676,DataSED - DataSED - Dataset for Sound Event Detection of environmental noise/SED_wav/S-0676.wav,monophonic,Vehicle pass-by,vehicle_pass_by,239.92,243.01,0.99,1.0,3.09,3955
datased:monophonic:003955,S-0677,DataSED - DataSED - Dataset for Sound Event Detection of environmental noise/SED_wav/S-0677.wav,monophonic,Workshop,workshop,2.46,4.89,0.02,0.04,2.44,3956
datased:monophonic:003956,S-0677,DataSED - DataSED - Dataset for Sound Event Detection of environmental noise/SED_wav/S-0677.wav,monophonic,Voices,voices,12.63,13.72,0.09,0.1,1.09,3957
datased:monophonic:003957,S-0677,DataSED - DataSED - Dataset for Sound Event Detection of environmental noise/SED_wav/S-0677.wav,monophonic,Voices,voices,20.03,21.97,0.14,0.16,1.93,3958
datased:monophonic:003958,S-0677,DataSED - DataSED - Dataset for Sound Event Detection of environmental noise/SED_wav/S-0677.wav,monophonic,Workshop,workshop,23.73,36.01,0.17,0.26,12.28,3959
datased:monophonic:003959,S-0677,DataSED - DataSED - Dataset for Sound Event Detection of environmental noise/SED_wav/S-0677.wav,monophonic,Music,music,42.15,54.93,0.3,0.4,12.78,3960
datased:monophonic:003960,S-0677,DataSED - DataSED - Dataset for Sound Event Detection of environmental noise/SED_wav/S-0677.wav,monophonic,Workshop,workshop,57.71,74.86,0.42,0.54,17.16,3961
datased:monophonic:003961,S-0677,DataSED - DataSED - Dataset for Sound Event Detection of environmental noise/SED_wav/S-0677.wav,monophonic,Music,music,78.48,94.37,0.56,0.68,15.89,3962
datased:monophonic:003962,S-0677,DataSED - DataSED - Dataset for Sound Event Detection of environmental noise/SED_wav/S-0677.wav,monophonic,Workshop,workshop,94.37,107.15,0.68,0.77,12.78,3963
datased:monophonic:003963,S-0677,DataSED - DataSED - Dataset for Sound Event Detection of environmental noise/SED_wav/S-0677.wav,monophonic,Music,music,107.49,120.44,0.77,0.87,12.95,3964
datased:monophonic:003964,S-0677,DataSED - DataSED - Dataset for Sound Event Detection of environmental noise/SED_wav/S-0677.wav,monophonic,Workshop,workshop,120.61,135.49,0.87,0.98,14.88,3965
datased:monophonic:003965,S-0678,DataSED - DataSED - Dataset for Sound Event Detection of environmental noise/SED_wav/S-0678.wav,monophonic,Voices,voices,2.69,8.26,0.02,0.07,5.57,3966
datased:monophonic:003966,S-0678,DataSED - DataSED - Dataset for Sound Event Detection of environmental noise/SED_wav/S-0678.wav,monophonic,Workshop,workshop,9.67,24.15,0.08,0.2,14.48,3967
datased:monophonic:003967,S-0678,DataSED - DataSED - Dataset for Sound Event Detection of environmental noise/SED_wav/S-0678.wav,monophonic,Music,music,25.71,38.04,0.21,0.31,12.33,3968
datased:monophonic:003968,S-0678,DataSED - DataSED - Dataset for Sound Event Detection of environmental noise/SED_wav/S-0678.wav,monophonic,Workshop,workshop,39.15,55.05,0.32,0.45,15.89,3969
datased:monophonic:003969,S-0678,DataSED - DataSED - Dataset for Sound Event Detection of environmental noise/SED_wav/S-0678.wav,monophonic,Music,music,55.72,78.81,0.45,0.64,23.1,3970
datased:monophonic:003970,S-0678,DataSED - DataSED - Dataset for Sound Event Detection of environmental noise/SED_wav/S-0678.wav,monophonic,Workshop,workshop,80.74,94.11,0.66,0.77,13.37,3971
datased:monophonic:003971,S-0678,DataSED - DataSED - Dataset for Sound Event Detection of environmental noise/SED_wav/S-0678.wav,monophonic,Workshop,workshop,103.62,118.92,0.84,0.97,15.3,3972
datased:monophonic:003972,S-0679,DataSED - DataSED - Dataset for Sound Event Detection of environmental noise/SED_wav/S-0679.wav,monophonic,Voices,voices,1.73,7.47,0.01,0.04,5.74,3973
datased:monophonic:003973,S-0679,DataSED - DataSED - Dataset for Sound Event Detection of environmental noise/SED_wav/S-0679.wav,monophonic,Voices,voices,8.68,12.01,0.05,0.07,3.32,3974
datased:monophonic:003974,S-0679,DataSED - DataSED - Dataset for Sound Event Detection of environmental noise/SED_wav/S-0679.wav,monophonic,Music,music,12.51,22.88,0.08,0.14,10.37,3975
datased:monophonic:003975,S-0679,DataSED - DataSED - Dataset for Sound Event Detection of environmental noise/SED_wav/S-0679.wav,monophonic,Workshop,workshop,23.39,37.89,0.14,0.23,14.5,3976
datased:monophonic:003976,S-0679,DataSED - DataSED - Dataset for Sound Event Detection of environmental noise/SED_wav/S-0679.wav,monophonic,Music,music,40.61,67.71,0.24,0.41,27.09,3977
datased:monophonic:003977,S-0679,DataSED - DataSED - Dataset for Sound Event Detection of environmental noise/SED_wav/S-0679.wav,monophonic,Workshop,workshop,67.91,81.81,0.41,0.49,13.9,3978
datased:monophonic:003978,S-0679,DataSED - DataSED - Dataset for Sound Event Detection of environmental noise/SED_wav/S-0679.wav,monophonic,Voices,voices,82.51,92.08,0.5,0.55,9.57,3979
datased:monophonic:003979,S-0679,DataSED - DataSED - Dataset for Sound Event Detection of environmental noise/SED_wav/S-0679.wav,monophonic,Workshop,workshop,92.28,108.6,0.55,0.65,16.32,3980
datased:monophonic:003980,S-0679,DataSED - DataSED - Dataset for Sound Event Detection of environmental noise/SED_wav/S-0679.wav,monophonic,Music,music,109.1,126.43,0.66,0.76,17.32,3981
datased:monophonic:003981,S-0679,DataSED - DataSED - Dataset for Sound Event Detection of environmental noise/SED_wav/S-0679.wav,monophonic,Workshop,workshop,126.53,144.16,0.76,0.87,17.63,3982
datased:monophonic:003982,S-0679,DataSED - DataSED - Dataset for Sound Event Detection of environmental noise/SED_wav/S-0679.wav,monophonic,Voices,voices,147.08,150.7,0.88,0.91,3.63,3983
datased:monophonic:003983,S-0679,DataSED - DataSED - Dataset for Sound Event Detection of environmental noise/SED_wav/S-0679.wav,monophonic,Workshop,workshop,151.11,163.8,0.91,0.98,12.69,3984
datased:monophonic:003984,S-0680,DataSED - DataSED - Dataset for Sound Event Detection of environmental noise/SED_wav/S-0680.wav,monophonic,Propeller aircrafts,propeller_aircrafts,6.09,19.21,0.13,0.42,13.12,3985
datased:monophonic:003985,S-0680,DataSED - DataSED - Dataset for Sound Event Detection of environmental noise/SED_wav/S-0680.wav,monophonic,Train,train,19.25,36.71,0.42,0.79,17.45,3986
datased:monophonic:003986,S-0680,DataSED - DataSED - Dataset for Sound Event Detection of environmental noise/SED_wav/S-0680.wav,monophonic,Vehicle pass-by,vehicle_pass_by,40.46,45.89,0.87,0.99,5.43,3987
datased:monophonic:003987,S-0681,DataSED - DataSED - Dataset for Sound Event Detection of environmental noise/SED_wav/S-0681.wav,monophonic,Vehicle pass-by,vehicle_pass_by,1.28,8.57,0.03,0.2,7.29,3988
datased:monophonic:003988,S-0681,DataSED - DataSED - Dataset for Sound Event Detection of environmental noise/SED_wav/S-0681.wav,monophonic,Jet aircrafts,jet_aircrafts,10.13,34.07,0.24,0.79,23.94,3989
datased:monophonic:003989,S-0682,DataSED - DataSED - Dataset for Sound Event Detection of environmental noise/SED_wav/S-0682.wav,monophonic,Dog barkings and howlings,dog_barkings_and_howlings,0.9,3.62,0.01,0.05,2.72,3990
datased:monophonic:003990,S-0682,DataSED - DataSED - Dataset for Sound Event Detection of environmental noise/SED_wav/S-0682.wav,monophonic,Train,train,9.98,57.95,0.15,0.87,47.97,3991
datased:monophonic:003991,S-0682,DataSED - DataSED - Dataset for Sound Event Detection of environmental noise/SED_wav/S-0682.wav,monophonic,Vehicle idling,vehicle_idling,61.88,66.71,0.92,1.0,4.83,3992
datased:monophonic:003992,S-0683,DataSED - DataSED - Dataset for Sound Event Detection of environmental noise/SED_wav/S-0683.wav,monophonic,Jet aircrafts,jet_aircrafts,0.31,18.99,0.01,0.41,18.68,3993
datased:monophonic:003993,S-0683,DataSED - DataSED - Dataset for Sound Event Detection of environmental noise/SED_wav/S-0683.wav,monophonic,Train,train,25.73,44.02,0.56,0.96,18.29,3994
datased:monophonic:003994,S-0684,DataSED - DataSED - Dataset for Sound Event Detection of environmental noise/SED_wav/S-0684.wav,monophonic,Train,train,3.63,40.99,0.06,0.67,37.36,3995
datased:monophonic:003995,S-0684,DataSED - DataSED - Dataset for Sound Event Detection of environmental noise/SED_wav/S-0684.wav,monophonic,Birds,birds,42.61,47.89,0.7,0.79,5.28,3996
datased:monophonic:003996,S-0684,DataSED - DataSED - Dataset for Sound Event Detection of environmental noise/SED_wav/S-0684.wav,monophonic,Vehicle pass-by,vehicle_pass_by,48.93,55.46,0.8,0.91,6.53,3997
datased:monophonic:003997,S-0685,DataSED - DataSED - Dataset for Sound Event Detection of environmental noise/SED_wav/S-0685.wav,monophonic,Workshop,workshop,4.79,16.56,0.09,0.31,11.77,3998
datased:monophonic:003998,S-0685,DataSED - DataSED - Dataset for Sound Event Detection of environmental noise/SED_wav/S-0685.wav,monophonic,Vehicle pass-by,vehicle_pass_by,17.49,27.85,0.33,0.53,10.36,3999
datased:monophonic:003999,S-0685,DataSED - DataSED - Dataset for Sound Event Detection of environmental noise/SED_wav/S-0685.wav,monophonic,Workshop,workshop,34.17,39.94,0.64,0.75,5.77,4000
datased:monophonic:004000,S-0685,DataSED - DataSED - Dataset for Sound Event Detection of environmental noise/SED_wav/S-0685.wav,monophonic,Workshop,workshop,42.41,47.07,0.8,0.89,4.65,4001
datased:monophonic:004001,S-0685,DataSED - DataSED - Dataset for Sound Event Detection of environmental noise/SED_wav/S-0685.wav,monophonic,Workshop,workshop,48.25,52.01,0.91,0.98,3.75,4002
datased:monophonic:004002,S-0686,DataSED - DataSED - Dataset for Sound Event Detection of environmental noise/SED_wav/S-0686.wav,monophonic,Vehicle pass-by,vehicle_pass_by,3.47,15.98,0.08,0.36,12.52,4003
datased:monophonic:004003,S-0686,DataSED - DataSED - Dataset for Sound Event Detection of environmental noise/SED_wav/S-0686.wav,monophonic,Vehicle pass-by,vehicle_pass_by,19.9,27.46,0.45,0.62,7.56,4004
datased:monophonic:004004,S-0686,DataSED - DataSED - Dataset for Sound Event Detection of environmental noise/SED_wav/S-0686.wav,monophonic,Vehicle pass-by,vehicle_pass_by,35.24,39.93,0.8,0.91,4.69,4005
datased:monophonic:004005,S-0687,DataSED - DataSED - Dataset for Sound Event Detection of environmental noise/SED_wav/S-0687.wav,monophonic,Workshop,workshop,1.21,6.5,0.03,0.17,5.29,4006
datased:monophonic:004006,S-0687,DataSED - DataSED - Dataset for Sound Event Detection of environmental noise/SED_wav/S-0687.wav,monophonic,Vehicle pass-by,vehicle_pass_by,6.52,10.72,0.17,0.27,4.2,4007
datased:monophonic:004007,S-0687,DataSED - DataSED - Dataset for Sound Event Detection of environmental noise/SED_wav/S-0687.wav,monophonic,Workshop,workshop,12.54,18.68,0.32,0.48,6.14,4008
datased:monophonic:004008,S-0687,DataSED - DataSED - Dataset for Sound Event Detection of environmental noise/SED_wav/S-0687.wav,monophonic,Workshop,workshop,20.32,25.14,0.52,0.64,4.82,4009
datased:monophonic:004009,S-0687,DataSED - DataSED - Dataset for Sound Event Detection of environmental noise/SED_wav/S-0687.wav,monophonic,Vehicle pass-by,vehicle_pass_by,26.49,30.2,0.68,0.77,3.71,4010
datased:monophonic:004010,S-0687,DataSED - DataSED - Dataset for Sound Event Detection of environmental noise/SED_wav/S-0687.wav,monophonic,Birds,birds,30.83,39.0,0.79,1.0,8.17,4011
datased:monophonic:004011,S-0688,DataSED - DataSED - Dataset for Sound Event Detection of environmental noise/SED_wav/S-0688.wav,monophonic,Lawn mower brush cutter and olive shaker,lawn_mower_brush_cutter_olive_shaker,0.0,8.31,0.0,0.33,8.31,4012
datased:monophonic:004012,S-0688,DataSED - DataSED - Dataset for Sound Event Detection of environmental noise/SED_wav/S-0688.wav,monophonic,Lawn mower brush cutter and olive shaker,lawn_mower_brush_cutter_olive_shaker,12.93,24.0,0.52,0.96,11.07,4013
datased:monophonic:004013,S-0688,DataSED - DataSED - Dataset for Sound Event Detection of environmental noise/SED_wav/S-0688.wav,monophonic,Crows seagulls and magpies,crows_seagulls_magpies,24.14,25.0,0.97,1.0,0.86,4014
datased:monophonic:004014,S-0689,DataSED - DataSED - Dataset for Sound Event Detection of environmental noise/SED_wav/S-0689.wav,monophonic,Crows seagulls and magpies,crows_seagulls_magpies,10.29,15.11,0.23,0.34,4.82,4015
datased:monophonic:004015,S-0689,DataSED - DataSED - Dataset for Sound Event Detection of environmental noise/SED_wav/S-0689.wav,monophonic,Vehicle pass-by,vehicle_pass_by,22.67,29.25,0.52,0.66,6.58,4016
datased:monophonic:004016,S-0689,DataSED - DataSED - Dataset for Sound Event Detection of environmental noise/SED_wav/S-0689.wav,monophonic,Dog barkings and howlings,dog_barkings_and_howlings,30.76,31.27,0.7,0.71,0.51,4017
datased:monophonic:004017,S-0689,DataSED - DataSED - Dataset for Sound Event Detection of environmental noise/SED_wav/S-0689.wav,monophonic,Dog barkings and howlings,dog_barkings_and_howlings,32.36,33.43,0.74,0.76,1.07,4018
datased:monophonic:004018,S-0689,DataSED - DataSED - Dataset for Sound Event Detection of environmental noise/SED_wav/S-0689.wav,monophonic,Dog barkings and howlings,dog_barkings_and_howlings,34.2,34.89,0.78,0.79,0.69,4019
datased:monophonic:004019,S-0689,DataSED - DataSED - Dataset for Sound Event Detection of environmental noise/SED_wav/S-0689.wav,monophonic,Dog barkings and howlings,dog_barkings_and_howlings,35.37,35.82,0.8,0.81,0.45,4020
datased:monophonic:004020,S-0689,DataSED - DataSED - Dataset for Sound Event Detection of environmental noise/SED_wav/S-0689.wav,monophonic,Dog barkings and howlings,dog_barkings_and_howlings,36.38,37.02,0.83,0.84,0.64,4021
datased:monophonic:004021,S-0689,DataSED - DataSED - Dataset for Sound Event Detection of environmental noise/SED_wav/S-0689.wav,monophonic,Voices,voices,38.81,43.87,0.88,1.0,5.06,4022
datased:monophonic:004022,S-0690,DataSED - DataSED - Dataset for Sound Event Detection of environmental noise/SED_wav/S-0690.wav,monophonic,Chicken coop,chicken_coop,6.26,7.28,0.04,0.05,1.02,4023
datased:monophonic:004023,S-0690,DataSED - DataSED - Dataset for Sound Event Detection of environmental noise/SED_wav/S-0690.wav,monophonic,Dog barkings and howlings,dog_barkings_and_howlings,12.77,20.03,0.08,0.13,7.26,4024
datased:monophonic:004024,S-0690,DataSED - DataSED - Dataset for Sound Event Detection of environmental noise/SED_wav/S-0690.wav,monophonic,Dog barkings and howlings,dog_barkings_and_howlings,20.68,21.89,0.13,0.14,1.21,4025
datased:monophonic:004025,S-0690,DataSED - DataSED - Dataset for Sound Event Detection of environmental noise/SED_wav/S-0690.wav,monophonic,Dog barkings and howlings,dog_barkings_and_howlings,24.22,30.46,0.16,0.2,6.24,4026
datased:monophonic:004026,S-0690,DataSED - DataSED - Dataset for Sound Event Detection of environmental noise/SED_wav/S-0690.wav,monophonic,Dog barkings and howlings,dog_barkings_and_howlings,32.78,33.44,0.21,0.22,0.65,4027
datased:monophonic:004027,S-0690,DataSED - DataSED - Dataset for Sound Event Detection of environmental noise/SED_wav/S-0690.wav,monophonic,Dog barkings and howlings,dog_barkings_and_howlings,35.02,36.41,0.23,0.24,1.4,4028
datased:monophonic:004028,S-0690,DataSED - DataSED - Dataset for Sound Event Detection of environmental noise/SED_wav/S-0690.wav,monophonic,Dog barkings and howlings,dog_barkings_and_howlings,39.3,46.0,0.26,0.3,6.7,4029
datased:monophonic:004029,S-0690,DataSED - DataSED - Dataset for Sound Event Detection of environmental noise/SED_wav/S-0690.wav,monophonic,Dog barkings and howlings,dog_barkings_and_howlings,46.93,52.42,0.31,0.34,5.49,4030
datased:monophonic:004030,S-0690,DataSED - DataSED - Dataset for Sound Event Detection of environmental noise/SED_wav/S-0690.wav,monophonic,Sirens and alarms,sirens_and_alarms,77.84,79.51,0.51,0.52,1.68,4031
datased:monophonic:004031,S-0690,DataSED - DataSED - Dataset for Sound Event Detection of environmental noise/SED_wav/S-0690.wav,monophonic,Vehicle pass-by,vehicle_pass_by,97.48,103.99,0.63,0.68,6.52,4032
datased:monophonic:004032,S-0690,DataSED - DataSED - Dataset for Sound Event Detection of environmental noise/SED_wav/S-0690.wav,monophonic,Vehicle pass-by,vehicle_pass_by,109.86,112.84,0.71,0.73,2.98,4033
datased:monophonic:004033,S-0691,DataSED - DataSED - Dataset for Sound Event Detection of environmental noise/SED_wav/S-0691.wav,monophonic,Sirens and alarms,sirens_and_alarms,1.49,43.46,0.01,0.27,41.97,4034
datased:monophonic:004034,S-0691,DataSED - DataSED - Dataset for Sound Event Detection of environmental noise/SED_wav/S-0691.wav,monophonic,Jet aircrafts,jet_aircrafts,80.34,100.79,0.5,0.62,20.45,4035
datased:monophonic:004035,S-0692,DataSED - DataSED - Dataset for Sound Event Detection of environmental noise/SED_wav/S-0692.wav,monophonic,Jet aircrafts,jet_aircrafts,4.63,58.06,0.03,0.41,53.43,4036
datased:monophonic:004036,S-0692,DataSED - DataSED - Dataset for Sound Event Detection of environmental noise/SED_wav/S-0692.wav,monophonic,Vehicle idling,vehicle_idling,58.57,66.87,0.41,0.47,8.29,4037
datased:monophonic:004037,S-0692,DataSED - DataSED - Dataset for Sound Event Detection of environmental noise/SED_wav/S-0692.wav,monophonic,Jet aircrafts,jet_aircrafts,67.21,78.64,0.48,0.56,11.44,4038
datased:monophonic:004038,S-0692,DataSED - DataSED - Dataset for Sound Event Detection of environmental noise/SED_wav/S-0692.wav,monophonic,Vehicle pass-by,vehicle_pass_by,82.77,88.84,0.59,0.63,6.07,4039
datased:monophonic:004039,S-0692,DataSED - DataSED - Dataset for Sound Event Detection of environmental noise/SED_wav/S-0692.wav,monophonic,Vehicle pass-by,vehicle_pass_by,108.84,111.57,0.77,0.79,2.74,4040
datased:monophonic:004040,S-0692,DataSED - DataSED - Dataset for Sound Event Detection of environmental noise/SED_wav/S-0692.wav,monophonic,Jet aircrafts,jet_aircrafts,127.13,132.78,0.9,0.94,5.64,4041
datased:monophonic:004041,S-0693,DataSED - DataSED - Dataset for Sound Event Detection of environmental noise/SED_wav/S-0693.wav,monophonic,Jet aircrafts,jet_aircrafts,2.66,69.68,0.02,0.51,67.02,4042
datased:monophonic:004042,S-0693,DataSED - DataSED - Dataset for Sound Event Detection of environmental noise/SED_wav/S-0693.wav,monophonic,Vehicle idling,vehicle_idling,69.77,80.42,0.51,0.59,10.65,4043
datased:monophonic:004043,S-0693,DataSED - DataSED - Dataset for Sound Event Detection of environmental noise/SED_wav/S-0693.wav,monophonic,Vehicle pass-by,vehicle_pass_by,86.62,91.99,0.63,0.67,5.37,4044
datased:monophonic:004044,S-0693,DataSED - DataSED - Dataset for Sound Event Detection of environmental noise/SED_wav/S-0693.wav,monophonic,Vehicle pass-by,vehicle_pass_by,98.27,104.63,0.72,0.77,6.36,4045
datased:monophonic:004045,S-0693,DataSED - DataSED - Dataset for Sound Event Detection of environmental noise/SED_wav/S-0693.wav,monophonic,Vehicle pass-by,vehicle_pass_by,123.8,125.87,0.91,0.92,2.07,4046
datased:monophonic:004046,S-0694,DataSED - DataSED - Dataset for Sound Event Detection of environmental noise/SED_wav/S-0694.wav,monophonic,Jet aircrafts,jet_aircrafts,4.2,13.06,0.03,0.09,8.86,4047
datased:monophonic:004047,S-0694,DataSED - DataSED - Dataset for Sound Event Detection of environmental noise/SED_wav/S-0694.wav,monophonic,Jet aircrafts,jet_aircrafts,40.81,91.79,0.3,0.66,50.99,4048
datased:monophonic:004048,S-0694,DataSED - DataSED - Dataset for Sound Event Detection of environmental noise/SED_wav/S-0694.wav,monophonic,Vehicle pass-by,vehicle_pass_by,104.67,111.77,0.76,0.81,7.1,4049
datased:monophonic:004049,S-0694,DataSED - DataSED - Dataset for Sound Event Detection of environmental noise/SED_wav/S-0694.wav,monophonic,Vehicle pass-by,vehicle_pass_by,119.04,124.39,0.86,0.9,5.35,4050
datased:monophonic:004050,S-0694,DataSED - DataSED - Dataset for Sound Event Detection of environmental noise/SED_wav/S-0694.wav,monophonic,Vehicle pass-by,vehicle_pass_by,128.32,131.33,0.93,0.95,3.01,4051
datased:monophonic:004051,S-0695,DataSED - DataSED - Dataset for Sound Event Detection of environmental noise/SED_wav/S-0695.wav,monophonic,Jet aircrafts,jet_aircrafts,27.29,35.3,0.18,0.23,8.01,4052
datased:monophonic:004052,S-0695,DataSED - DataSED - Dataset for Sound Event Detection of environmental noise/SED_wav/S-0695.wav,monophonic,Jet aircrafts,jet_aircrafts,38.74,97.57,0.25,0.63,58.83,4053
datased:monophonic:004053,S-0695,DataSED - DataSED - Dataset for Sound Event Detection of environmental noise/SED_wav/S-0695.wav,monophonic,Workshop,workshop,101.01,102.22,0.66,0.66,1.21,4054
datased:monophonic:004054,S-0695,DataSED - DataSED - Dataset for Sound Event Detection of environmental noise/SED_wav/S-0695.wav,monophonic,Vehicle pass-by,vehicle_pass_by,125.4,130.15,0.82,0.85,4.75,4055
datased:monophonic:004055,S-0696,DataSED - DataSED - Dataset for Sound Event Detection of environmental noise/SED_wav/S-0696.wav,monophonic,Vehicle pass-by,vehicle_pass_by,23.99,31.67,0.13,0.17,7.69,4056
datased:monophonic:004056,S-0696,DataSED - DataSED - Dataset for Sound Event Detection of environmental noise/SED_wav/S-0696.wav,monophonic,Vehicle pass-by,vehicle_pass_by,50.66,56.65,0.27,0.3,5.99,4057
datased:monophonic:004057,S-0696,DataSED - DataSED - Dataset for Sound Event Detection of environmental noise/SED_wav/S-0696.wav,monophonic,Jet aircrafts,jet_aircrafts,63.66,124.24,0.34,0.67,60.58,4058
datased:monophonic:004058,S-0696,DataSED - DataSED - Dataset for Sound Event Detection of environmental noise/SED_wav/S-0696.wav,monophonic,Vehicle pass-by,vehicle_pass_by,153.86,162.9,0.82,0.87,9.04,4059
datased:monophonic:004059,S-0697,DataSED - DataSED - Dataset for Sound Event Detection of environmental noise/SED_wav/S-0697.wav,monophonic,Jet aircrafts,jet_aircrafts,69.86,83.95,0.46,0.55,14.1,4060
datased:monophonic:004060,S-0697,DataSED - DataSED - Dataset for Sound Event Detection of environmental noise/SED_wav/S-0697.wav,monophonic,Vehicle pass-by,vehicle_pass_by,134.26,141.9,0.88,0.93,7.65,4061
datased:monophonic:004061,S-0698,DataSED - DataSED - Dataset for Sound Event Detection of environmental noise/SED_wav/S-0698.wav,monophonic,Birds,birds,5.65,9.9,0.03,0.06,4.25,4062
datased:monophonic:004062,S-0698,DataSED - DataSED - Dataset for Sound Event Detection of environmental noise/SED_wav/S-0698.wav,monophonic,Vehicle pass-by,vehicle_pass_by,124.29,131.89,0.76,0.81,7.61,4063
datased:monophonic:004063,S-0699,DataSED - DataSED - Dataset for Sound Event Detection of environmental noise/SED_wav/S-0699.wav,monophonic,Vehicle pass-by,vehicle_pass_by,39.33,49.89,0.28,0.36,10.57,4064
datased:monophonic:004064,S-0699,DataSED - DataSED - Dataset for Sound Event Detection of environmental noise/SED_wav/S-0699.wav,monophonic,Propeller aircrafts,propeller_aircrafts,53.02,55.64,0.38,0.4,2.62,4065
datased:monophonic:004065,S-0699,DataSED - DataSED - Dataset for Sound Event Detection of environmental noise/SED_wav/S-0699.wav,monophonic,Dog barkings and howlings,dog_barkings_and_howlings,56.82,57.75,0.41,0.41,0.93,4066
datased:monophonic:004066,S-0699,DataSED - DataSED - Dataset for Sound Event Detection of environmental noise/SED_wav/S-0699.wav,monophonic,Vehicle pass-by,vehicle_pass_by,94.1,108.22,0.67,0.77,14.12,4067
datased:monophonic:004067,S-0700,DataSED - DataSED - Dataset for Sound Event Detection of environmental noise/SED_wav/S-0700.wav,monophonic,Lawn mower brush cutter and olive shaker,lawn_mower_brush_cutter_olive_shaker,2.38,10.36,0.02,0.08,7.98,4068
datased:monophonic:004068,S-0700,DataSED - DataSED - Dataset for Sound Event Detection of environmental noise/SED_wav/S-0700.wav,monophonic,Lawn mower brush cutter and olive shaker,lawn_mower_brush_cutter_olive_shaker,15.09,20.78,0.12,0.17,5.69,4069
datased:monophonic:004069,S-0700,DataSED - DataSED - Dataset for Sound Event Detection of environmental noise/SED_wav/S-0700.wav,monophonic,Lawn mower brush cutter and olive shaker,lawn_mower_brush_cutter_olive_shaker,23.15,24.48,0.19,0.2,1.33,4070
datased:monophonic:004070,S-0700,DataSED - DataSED - Dataset for Sound Event Detection of environmental noise/SED_wav/S-0700.wav,monophonic,Lawn mower brush cutter and olive shaker,lawn_mower_brush_cutter_olive_shaker,27.95,30.24,0.23,0.25,2.29,4071
datased:monophonic:004071,S-0700,DataSED - DataSED - Dataset for Sound Event Detection of environmental noise/SED_wav/S-0700.wav,monophonic,Lawn mower brush cutter and olive shaker,lawn_mower_brush_cutter_olive_shaker,36.6,48.5,0.3,0.4,11.9,4072
datased:monophonic:004072,S-0700,DataSED - DataSED - Dataset for Sound Event Detection of environmental noise/SED_wav/S-0700.wav,monophonic,Lawn mower brush cutter and olive shaker,lawn_mower_brush_cutter_olive_shaker,49.68,52.56,0.41,0.43,2.88,4073
datased:monophonic:004073,S-0700,DataSED - DataSED - Dataset for Sound Event Detection of environmental noise/SED_wav/S-0700.wav,monophonic,Lawn mower brush cutter and olive shaker,lawn_mower_brush_cutter_olive_shaker,53.08,57.15,0.43,0.47,4.06,4074
datased:monophonic:004074,S-0700,DataSED - DataSED - Dataset for Sound Event Detection of environmental noise/SED_wav/S-0700.wav,monophonic,Lawn mower brush cutter and olive shaker,lawn_mower_brush_cutter_olive_shaker,59.14,65.72,0.48,0.54,6.58,4075
datased:monophonic:004075,S-0700,DataSED - DataSED - Dataset for Sound Event Detection of environmental noise/SED_wav/S-0700.wav,monophonic,Lawn mower brush cutter and olive shaker,lawn_mower_brush_cutter_olive_shaker,70.89,73.85,0.58,0.6,2.96,4076
datased:monophonic:004076,S-0700,DataSED - DataSED - Dataset for Sound Event Detection of environmental noise/SED_wav/S-0700.wav,monophonic,Lawn mower brush cutter and olive shaker,lawn_mower_brush_cutter_olive_shaker,75.7,79.47,0.62,0.65,3.77,4077
datased:monophonic:004077,S-0700,DataSED - DataSED - Dataset for Sound Event Detection of environmental noise/SED_wav/S-0700.wav,monophonic,Lawn mower brush cutter and olive shaker,lawn_mower_brush_cutter_olive_shaker,83.46,86.19,0.68,0.71,2.73,4078
datased:monophonic:004078,S-0700,DataSED - DataSED - Dataset for Sound Event Detection of environmental noise/SED_wav/S-0700.wav,monophonic,Lawn mower brush cutter and olive shaker,lawn_mower_brush_cutter_olive_shaker,87.38,90.63,0.72,0.74,3.25,4079
datased:monophonic:004079,S-0700,DataSED - DataSED - Dataset for Sound Event Detection of environmental noise/SED_wav/S-0700.wav,monophonic,Lawn mower brush cutter and olive shaker,lawn_mower_brush_cutter_olive_shaker,96.84,100.16,0.79,0.82,3.33,4080
datased:monophonic:004080,S-0700,DataSED - DataSED - Dataset for Sound Event Detection of environmental noise/SED_wav/S-0700.wav,monophonic,Lawn mower brush cutter and olive shaker,lawn_mower_brush_cutter_olive_shaker,110.8,112.43,0.91,0.92,1.63,4081
datased:monophonic:004081,S-0700,DataSED - DataSED - Dataset for Sound Event Detection of environmental noise/SED_wav/S-0700.wav,monophonic,Lawn mower brush cutter and olive shaker,lawn_mower_brush_cutter_olive_shaker,113.91,115.02,0.93,0.94,1.11,4082
datased:monophonic:004082,S-0700,DataSED - DataSED - Dataset for Sound Event Detection of environmental noise/SED_wav/S-0700.wav,monophonic,Lawn mower brush cutter and olive shaker,lawn_mower_brush_cutter_olive_shaker,115.76,117.09,0.95,0.96,1.33,4083
datased:monophonic:004083,S-0701,DataSED - DataSED - Dataset for Sound Event Detection of environmental noise/SED_wav/S-0701.wav,monophonic,Lawn mower brush cutter and olive shaker,lawn_mower_brush_cutter_olive_shaker,15.05,25.48,0.14,0.23,10.43,4084
datased:monophonic:004084,S-0701,DataSED - DataSED - Dataset for Sound Event Detection of environmental noise/SED_wav/S-0701.wav,monophonic,Lawn mower brush cutter and olive shaker,lawn_mower_brush_cutter_olive_shaker,37.38,56.96,0.34,0.52,19.59,4085
datased:monophonic:004085,S-0701,DataSED - DataSED - Dataset for Sound Event Detection of environmental noise/SED_wav/S-0701.wav,monophonic,Lawn mower brush cutter and olive shaker,lawn_mower_brush_cutter_olive_shaker,59.04,63.78,0.53,0.58,4.75,4086
datased:monophonic:004086,S-0701,DataSED - DataSED - Dataset for Sound Event Detection of environmental noise/SED_wav/S-0701.wav,monophonic,Lawn mower brush cutter and olive shaker,lawn_mower_brush_cutter_olive_shaker,73.01,81.3,0.66,0.74,8.29,4087
datased:monophonic:004087,S-0701,DataSED - DataSED - Dataset for Sound Event Detection of environmental noise/SED_wav/S-0701.wav,monophonic,Lawn mower brush cutter and olive shaker,lawn_mower_brush_cutter_olive_shaker,83.9,92.99,0.76,0.84,9.09,4088
datased:monophonic:004088,S-0702,DataSED - DataSED - Dataset for Sound Event Detection of environmental noise/SED_wav/S-0702.wav,monophonic,Lawn mower brush cutter and olive shaker,lawn_mower_brush_cutter_olive_shaker,12.89,19.33,0.17,0.26,6.44,4089
datased:monophonic:004089,S-0702,DataSED - DataSED - Dataset for Sound Event Detection of environmental noise/SED_wav/S-0702.wav,monophonic,Lawn mower brush cutter and olive shaker,lawn_mower_brush_cutter_olive_shaker,25.91,42.55,0.35,0.57,16.65,4090
datased:monophonic:004090,S-0702,DataSED - DataSED - Dataset for Sound Event Detection of environmental noise/SED_wav/S-0702.wav,monophonic,Lawn mower brush cutter and olive shaker,lawn_mower_brush_cutter_olive_shaker,48.18,58.11,0.64,0.78,9.93,4091
datased:monophonic:004091,S-0703,DataSED - DataSED - Dataset for Sound Event Detection of environmental noise/SED_wav/S-0703.wav,monophonic,Jet aircrafts,jet_aircrafts,10.37,60.14,0.08,0.47,49.77,4092
datased:monophonic:004092,S-0703,DataSED - DataSED - Dataset for Sound Event Detection of environmental noise/SED_wav/S-0703.wav,monophonic,Vehicle idling,vehicle_idling,61.08,68.32,0.47,0.53,7.24,4093
datased:monophonic:004093,S-0703,DataSED - DataSED - Dataset for Sound Event Detection of environmental noise/SED_wav/S-0703.wav,monophonic,Vehicle pass-by,vehicle_pass_by,77.59,80.0,0.6,0.62,2.41,4094
datased:monophonic:004094,S-0703,DataSED - DataSED - Dataset for Sound Event Detection of environmental noise/SED_wav/S-0703.wav,monophonic,Vehicle pass-by,vehicle_pass_by,106.95,109.91,0.83,0.85,2.96,4095
datased:monophonic:004095,S-0704,DataSED - DataSED - Dataset for Sound Event Detection of environmental noise/SED_wav/S-0704.wav,monophonic,Wind turbine,wind_turbine,0.0,48.97,0.0,0.17,48.97,4096
datased:monophonic:004096,S-0704,DataSED - DataSED - Dataset for Sound Event Detection of environmental noise/SED_wav/S-0704.wav,monophonic,Jet aircrafts,jet_aircrafts,49.13,142.96,0.17,0.49,93.83,4097
datased:monophonic:004097,S-0704,DataSED - DataSED - Dataset for Sound Event Detection of environmental noise/SED_wav/S-0704.wav,monophonic,Wind turbine,wind_turbine,143.31,213.04,0.49,0.73,69.73,4098
datased:monophonic:004098,S-0704,DataSED - DataSED - Dataset for Sound Event Detection of environmental noise/SED_wav/S-0704.wav,monophonic,Thunder fireworks and gunshot,thunder_fireworks_gunshot,213.72,230.26,0.73,0.79,16.55,4099
datased:monophonic:004099,S-0704,DataSED - DataSED - Dataset for Sound Event Detection of environmental noise/SED_wav/S-0704.wav,monophonic,Wind turbine,wind_turbine,230.97,290.81,0.79,1.0,59.84,4100
datased:monophonic:004100,S-0705,DataSED - DataSED - Dataset for Sound Event Detection of environmental noise/SED_wav/S-0705.wav,monophonic,Wind turbine,wind_turbine,0.0,17.95,0.0,0.05,17.95,4101
datased:monophonic:004101,S-0705,DataSED - DataSED - Dataset for Sound Event Detection of environmental noise/SED_wav/S-0705.wav,monophonic,Vehicle pass-by,vehicle_pass_by,19.14,28.29,0.06,0.09,9.15,4102
datased:monophonic:004102,S-0705,DataSED - DataSED - Dataset for Sound Event Detection of environmental noise/SED_wav/S-0705.wav,monophonic,Wind turbine,wind_turbine,29.09,58.93,0.09,0.18,29.84,4103
datased:monophonic:004103,S-0705,DataSED - DataSED - Dataset for Sound Event Detection of environmental noise/SED_wav/S-0705.wav,monophonic,Vehicle pass-by,vehicle_pass_by,59.13,63.91,0.18,0.19,4.78,4104
datased:monophonic:004104,S-0705,DataSED - DataSED - Dataset for Sound Event Detection of environmental noise/SED_wav/S-0705.wav,monophonic,Wind turbine,wind_turbine,64.31,103.5,0.2,0.31,39.2,4105
datased:monophonic:004105,S-0705,DataSED - DataSED - Dataset for Sound Event Detection of environmental noise/SED_wav/S-0705.wav,monophonic,Vehicle pass-by,vehicle_pass_by,103.5,119.42,0.31,0.36,15.92,4106
datased:monophonic:004106,S-0705,DataSED - DataSED - Dataset for Sound Event Detection of environmental noise/SED_wav/S-0705.wav,monophonic,Wind turbine,wind_turbine,119.82,156.62,0.36,0.48,36.81,4107
datased:monophonic:004107,S-0705,DataSED - DataSED - Dataset for Sound Event Detection of environmental noise/SED_wav/S-0705.wav,monophonic,Vehicle pass-by,vehicle_pass_by,156.82,166.57,0.48,0.51,9.75,4108
datased:monophonic:004108,S-0705,DataSED - DataSED - Dataset for Sound Event Detection of environmental noise/SED_wav/S-0705.wav,monophonic,Wind turbine,wind_turbine,166.97,219.5,0.51,0.67,52.53,4109
datased:monophonic:004109,S-0705,DataSED - DataSED - Dataset for Sound Event Detection of environmental noise/SED_wav/S-0705.wav,monophonic,Vehicle pass-by,vehicle_pass_by,220.29,228.25,0.67,0.69,7.96,4110
datased:monophonic:004110,S-0705,DataSED - DataSED - Dataset for Sound Event Detection of environmental noise/SED_wav/S-0705.wav,monophonic,Wind turbine,wind_turbine,228.65,285.95,0.7,0.87,57.3,4111
datased:monophonic:004111,S-0705,DataSED - DataSED - Dataset for Sound Event Detection of environmental noise/SED_wav/S-0705.wav,monophonic,Vehicle pass-by,vehicle_pass_by,286.55,294.9,0.87,0.9,8.36,4112
datased:monophonic:004112,S-0705,DataSED - DataSED - Dataset for Sound Event Detection of environmental noise/SED_wav/S-0705.wav,monophonic,Wind turbine,wind_turbine,295.3,328.73,0.9,1.0,33.43,4113
datased:monophonic:004113,S-0706,DataSED - DataSED - Dataset for Sound Event Detection of environmental noise/SED_wav/S-0706.wav,monophonic,Wind turbine,wind_turbine,0.0,29.14,0.0,0.08,29.14,4114
datased:monophonic:004114,S-0706,DataSED - DataSED - Dataset for Sound Event Detection of environmental noise/SED_wav/S-0706.wav,monophonic,Vehicle pass-by,vehicle_pass_by,29.61,33.1,0.08,0.09,3.49,4115
datased:monophonic:004115,S-0706,DataSED - DataSED - Dataset for Sound Event Detection of environmental noise/SED_wav/S-0706.wav,monophonic,Wind turbine,wind_turbine,33.8,64.29,0.09,0.17,30.49,4116
datased:monophonic:004116,S-0706,DataSED - DataSED - Dataset for Sound Event Detection of environmental noise/SED_wav/S-0706.wav,monophonic,Crows seagulls and magpies,crows_seagulls_magpies,64.52,81.75,0.17,0.21,17.22,4117
datased:monophonic:004117,S-0706,DataSED - DataSED - Dataset for Sound Event Detection of environmental noise/SED_wav/S-0706.wav,monophonic,Wind turbine,wind_turbine,82.44,108.75,0.21,0.28,26.3,4118
datased:monophonic:004118,S-0706,DataSED - DataSED - Dataset for Sound Event Detection of environmental noise/SED_wav/S-0706.wav,monophonic,Vehicle pass-by,vehicle_pass_by,109.21,112.24,0.28,0.29,3.03,4119
datased:monophonic:004119,S-0706,DataSED - DataSED - Dataset for Sound Event Detection of environmental noise/SED_wav/S-0706.wav,monophonic,Wind turbine,wind_turbine,112.94,139.24,0.29,0.36,26.3,4120
datased:monophonic:004120,S-0706,DataSED - DataSED - Dataset for Sound Event Detection of environmental noise/SED_wav/S-0706.wav,monophonic,Crows seagulls and magpies,crows_seagulls_magpies,139.47,157.86,0.36,0.41,18.39,4121
datased:monophonic:004121,S-0706,DataSED - DataSED - Dataset for Sound Event Detection of environmental noise/SED_wav/S-0706.wav,monophonic,Wind turbine,wind_turbine,158.09,189.51,0.41,0.49,31.42,4122
datased:monophonic:004122,S-0706,DataSED - DataSED - Dataset for Sound Event Detection of environmental noise/SED_wav/S-0706.wav,monophonic,Crows seagulls and magpies,crows_seagulls_magpies,190.21,205.11,0.49,0.53,14.9,4123
datased:monophonic:004123,S-0706,DataSED - DataSED - Dataset for Sound Event Detection of environmental noise/SED_wav/S-0706.wav,monophonic,Wind turbine,wind_turbine,205.34,235.83,0.53,0.61,30.49,4124
datased:monophonic:004124,S-0706,DataSED - DataSED - Dataset for Sound Event Detection of environmental noise/SED_wav/S-0706.wav,monophonic,Vehicle pass-by,vehicle_pass_by,236.53,239.79,0.62,0.62,3.26,4125
datased:monophonic:004125,S-0706,DataSED - DataSED - Dataset for Sound Event Detection of environmental noise/SED_wav/S-0706.wav,monophonic,Wind turbine,wind_turbine,240.26,280.29,0.62,0.73,40.03,4126
datased:monophonic:004126,S-0706,DataSED - DataSED - Dataset for Sound Event Detection of environmental noise/SED_wav/S-0706.wav,monophonic,Vehicle pass-by,vehicle_pass_by,280.99,284.48,0.73,0.74,3.49,4127
datased:monophonic:004127,S-0706,DataSED - DataSED - Dataset for Sound Event Detection of environmental noise/SED_wav/S-0706.wav,monophonic,Wind turbine,wind_turbine,285.18,326.15,0.74,0.85,40.97,4128
datased:monophonic:004128,S-0706,DataSED - DataSED - Dataset for Sound Event Detection of environmental noise/SED_wav/S-0706.wav,monophonic,Vehicle pass-by,vehicle_pass_by,327.08,330.8,0.85,0.86,3.72,4129
datased:monophonic:004129,S-0706,DataSED - DataSED - Dataset for Sound Event Detection of environmental noise/SED_wav/S-0706.wav,monophonic,Wind turbine,wind_turbine,331.03,384.57,0.86,1.0,53.54,4130
datased:monophonic:004130,S-0707,DataSED - DataSED - Dataset for Sound Event Detection of environmental noise/SED_wav/S-0707.wav,monophonic,Wind turbine,wind_turbine,0.0,29.76,0.0,0.09,29.76,4131
datased:monophonic:004131,S-0707,DataSED - DataSED - Dataset for Sound Event Detection of environmental noise/SED_wav/S-0707.wav,monophonic,Vehicle idling,vehicle_idling,30.37,49.5,0.09,0.15,19.13,4132
datased:monophonic:004132,S-0707,DataSED - DataSED - Dataset for Sound Event Detection of environmental noise/SED_wav/S-0707.wav,monophonic,Wind turbine,wind_turbine,50.31,105.67,0.15,0.31,55.36,4133
datased:monophonic:004133,S-0707,DataSED - DataSED - Dataset for Sound Event Detection of environmental noise/SED_wav/S-0707.wav,monophonic,Vehicle idling,vehicle_idling,106.08,126.84,0.32,0.38,20.76,4134
datased:monophonic:004134,S-0707,DataSED - DataSED - Dataset for Sound Event Detection of environmental noise/SED_wav/S-0707.wav,monophonic,Wind turbine,wind_turbine,127.24,234.3,0.38,0.7,107.05,4135
datased:monophonic:004135,S-0707,DataSED - DataSED - Dataset for Sound Event Detection of environmental noise/SED_wav/S-0707.wav,monophonic,Vehicle idling,vehicle_idling,235.11,252.82,0.7,0.75,17.71,4136
datased:monophonic:004136,S-0707,DataSED - DataSED - Dataset for Sound Event Detection of environmental noise/SED_wav/S-0707.wav,monophonic,Wind turbine,wind_turbine,253.23,281.11,0.75,0.84,27.88,4137
datased:monophonic:004137,S-0707,DataSED - DataSED - Dataset for Sound Event Detection of environmental noise/SED_wav/S-0707.wav,monophonic,Vehicle idling,vehicle_idling,281.72,302.28,0.84,0.9,20.56,4138
datased:monophonic:004138,S-0707,DataSED - DataSED - Dataset for Sound Event Detection of environmental noise/SED_wav/S-0707.wav,monophonic,Wind turbine,wind_turbine,302.68,336.26,0.9,1.0,33.58,4139
datased:monophonic:004139,S-0708,DataSED - DataSED - Dataset for Sound Event Detection of environmental noise/SED_wav/S-0708.wav,monophonic,Wind turbine,wind_turbine,0.0,35.42,0.0,0.11,35.42,4140
datased:monophonic:004140,S-0708,DataSED - DataSED - Dataset for Sound Event Detection of environmental noise/SED_wav/S-0708.wav,monophonic,Thunder fireworks and gunshot,thunder_fireworks_gunshot,35.79,50.1,0.12,0.16,14.3,4141
datased:monophonic:004141,S-0708,DataSED - DataSED - Dataset for Sound Event Detection of environmental noise/SED_wav/S-0708.wav,monophonic,Wind turbine,wind_turbine,50.85,88.68,0.16,0.29,37.83,4142
datased:monophonic:004142,S-0708,DataSED - DataSED - Dataset for Sound Event Detection of environmental noise/SED_wav/S-0708.wav,monophonic,Vehicle idling,vehicle_idling,89.24,106.36,0.29,0.34,17.13,4143
datased:monophonic:004143,S-0708,DataSED - DataSED - Dataset for Sound Event Detection of environmental noise/SED_wav/S-0708.wav,monophonic,Wind turbine,wind_turbine,106.93,134.22,0.34,0.43,27.29,4144
datased:monophonic:004144,S-0708,DataSED - DataSED - Dataset for Sound Event Detection of environmental noise/SED_wav/S-0708.wav,monophonic,Thunder fireworks and gunshot,thunder_fireworks_gunshot,135.16,149.08,0.43,0.48,13.93,4145
datased:monophonic:004145,S-0708,DataSED - DataSED - Dataset for Sound Event Detection of environmental noise/SED_wav/S-0708.wav,monophonic,Wind turbine,wind_turbine,149.65,187.29,0.48,0.6,37.64,4146
datased:monophonic:004146,S-0708,DataSED - DataSED - Dataset for Sound Event Detection of environmental noise/SED_wav/S-0708.wav,monophonic,Thunder fireworks and gunshot,thunder_fireworks_gunshot,187.85,202.53,0.6,0.65,14.68,4147
datased:monophonic:004147,S-0708,DataSED - DataSED - Dataset for Sound Event Detection of environmental noise/SED_wav/S-0708.wav,monophonic,Wind turbine,wind_turbine,202.72,267.27,0.65,0.86,64.55,4148
datased:monophonic:004148,S-0708,DataSED - DataSED - Dataset for Sound Event Detection of environmental noise/SED_wav/S-0708.wav,monophonic,Vehicle idling,vehicle_idling,267.83,287.97,0.86,0.93,20.14,4149
datased:monophonic:004149,S-0708,DataSED - DataSED - Dataset for Sound Event Detection of environmental noise/SED_wav/S-0708.wav,monophonic,Wind turbine,wind_turbine,288.16,310.93,0.93,1.0,22.77,4150
datased:monophonic:004150,S-0709,DataSED - DataSED - Dataset for Sound Event Detection of environmental noise/SED_wav/S-0709.wav,monophonic,Wind turbine,wind_turbine,0.0,36.22,0.0,0.1,36.22,4151
datased:monophonic:004151,S-0709,DataSED - DataSED - Dataset for Sound Event Detection of environmental noise/SED_wav/S-0709.wav,monophonic,Vehicle idling,vehicle_idling,36.66,81.66,0.1,0.22,45.0,4152
datased:monophonic:004152,S-0709,DataSED - DataSED - Dataset for Sound Event Detection of environmental noise/SED_wav/S-0709.wav,monophonic,Wind turbine,wind_turbine,82.32,159.96,0.23,0.44,77.64,4153
datased:monophonic:004153,S-0709,DataSED - DataSED - Dataset for Sound Event Detection of environmental noise/SED_wav/S-0709.wav,monophonic,Voices,voices,160.84,174.74,0.44,0.48,13.9,4154
datased:monophonic:004154,S-0709,DataSED - DataSED - Dataset for Sound Event Detection of environmental noise/SED_wav/S-0709.wav,monophonic,Wind turbine,wind_turbine,175.18,242.23,0.48,0.66,67.05,4155
datased:monophonic:004155,S-0709,DataSED - DataSED - Dataset for Sound Event Detection of environmental noise/SED_wav/S-0709.wav,monophonic,Vehicle idling,vehicle_idling,242.67,291.42,0.67,0.8,48.75,4156
datased:monophonic:004156,S-0709,DataSED - DataSED - Dataset for Sound Event Detection of environmental noise/SED_wav/S-0709.wav,monophonic,Wind turbine,wind_turbine,292.08,364.43,0.8,1.0,72.35,4157
datased:monophonic:004157,S-0710,DataSED - DataSED - Dataset for Sound Event Detection of environmental noise/SED_wav/S-0710.wav,monophonic,Wind turbine,wind_turbine,0.0,36.73,0.0,0.1,36.73,4158
datased:monophonic:004158,S-0710,DataSED - DataSED - Dataset for Sound Event Detection of environmental noise/SED_wav/S-0710.wav,monophonic,Crows seagulls and magpies,crows_seagulls_magpies,37.12,42.91,0.1,0.12,5.79,4159
datased:monophonic:004159,S-0710,DataSED - DataSED - Dataset for Sound Event Detection of environmental noise/SED_wav/S-0710.wav,monophonic,Wind turbine,wind_turbine,44.29,100.54,0.12,0.27,56.25,4160
datased:monophonic:004160,S-0710,DataSED - DataSED - Dataset for Sound Event Detection of environmental noise/SED_wav/S-0710.wav,monophonic,Jet aircrafts,jet_aircrafts,101.65,160.79,0.28,0.44,59.14,4161
datased:monophonic:004161,S-0710,DataSED - DataSED - Dataset for Sound Event Detection of environmental noise/SED_wav/S-0710.wav,monophonic,Wind turbine,wind_turbine,161.23,206.59,0.44,0.56,45.36,4162
datased:monophonic:004162,S-0710,DataSED - DataSED - Dataset for Sound Event Detection of environmental noise/SED_wav/S-0710.wav,monophonic,Vehicle idling,vehicle_idling,207.26,326.65,0.56,0.89,119.39,4163
datased:monophonic:004163,S-0710,DataSED - DataSED - Dataset for Sound Event Detection of environmental noise/SED_wav/S-0710.wav,monophonic,Wind turbine,wind_turbine,327.76,367.33,0.89,1.0,39.57,4164
datased:monophonic:004164,S-0711,DataSED - DataSED - Dataset for Sound Event Detection of environmental noise/SED_wav/S-0711.wav,monophonic,Wind turbine,wind_turbine,0.0,29.82,0.0,0.04,29.82,4165
datased:monophonic:004165,S-0711,DataSED - DataSED - Dataset for Sound Event Detection of environmental noise/SED_wav/S-0711.wav,monophonic,Crows seagulls and magpies,crows_seagulls_magpies,30.67,43.84,0.04,0.06,13.17,4166
datased:monophonic:004166,S-0711,DataSED - DataSED - Dataset for Sound Event Detection of environmental noise/SED_wav/S-0711.wav,monophonic,Wind turbine,wind_turbine,45.54,67.2,0.06,0.1,21.66,4167
datased:monophonic:004167,S-0711,DataSED - DataSED - Dataset for Sound Event Detection of environmental noise/SED_wav/S-0711.wav,monophonic,Birds,birds,67.62,88.01,0.1,0.13,20.39,4168
datased:monophonic:004168,S-0711,DataSED - DataSED - Dataset for Sound Event Detection of environmental noise/SED_wav/S-0711.wav,monophonic,Wind turbine,wind_turbine,89.71,111.8,0.13,0.16,22.09,4169
datased:monophonic:004169,S-0711,DataSED - DataSED - Dataset for Sound Event Detection of environmental noise/SED_wav/S-0711.wav,monophonic,Vehicle pass-by,vehicle_pass_by,112.65,149.18,0.16,0.21,36.53,4170
datased:monophonic:004170,S-0711,DataSED - DataSED - Dataset for Sound Event Detection of environmental noise/SED_wav/S-0711.wav,monophonic,Wind turbine,wind_turbine,150.45,184.01,0.21,0.26,33.56,4171
datased:monophonic:004171,S-0711,DataSED - DataSED - Dataset for Sound Event Detection of environmental noise/SED_wav/S-0711.wav,monophonic,Crows seagulls and magpies,crows_seagulls_magpies,184.43,206.52,0.26,0.29,22.09,4172
datased:monophonic:004172,S-0711,DataSED - DataSED - Dataset for Sound Event Detection of environmental noise/SED_wav/S-0711.wav,monophonic,Wind turbine,wind_turbine,207.79,248.15,0.3,0.35,40.35,4173
datased:monophonic:004173,S-0711,DataSED - DataSED - Dataset for Sound Event Detection of environmental noise/SED_wav/S-0711.wav,monophonic,Crows seagulls and magpies,crows_seagulls_magpies,249.42,263.44,0.36,0.38,14.02,4174
datased:monophonic:004174,S-0711,DataSED - DataSED - Dataset for Sound Event Detection of environmental noise/SED_wav/S-0711.wav,monophonic,Wind turbine,wind_turbine,264.29,301.24,0.38,0.43,36.95,4175
datased:monophonic:004175,S-0711,DataSED - DataSED - Dataset for Sound Event Detection of environmental noise/SED_wav/S-0711.wav,monophonic,Crows seagulls and magpies,crows_seagulls_magpies,301.67,314.41,0.43,0.45,12.74,4176
datased:monophonic:004176,S-0711,DataSED - DataSED - Dataset for Sound Event Detection of environmental noise/SED_wav/S-0711.wav,monophonic,Wind turbine,wind_turbine,315.26,330.98,0.45,0.47,15.72,4177
datased:monophonic:004177,S-0711,DataSED - DataSED - Dataset for Sound Event Detection of environmental noise/SED_wav/S-0711.wav,monophonic,Crows seagulls and magpies,crows_seagulls_magpies,331.4,344.99,0.47,0.49,13.59,4178
datased:monophonic:004178,S-0711,DataSED - DataSED - Dataset for Sound Event Detection of environmental noise/SED_wav/S-0711.wav,monophonic,Wind turbine,wind_turbine,345.84,443.11,0.49,0.63,97.27,4179
datased:monophonic:004179,S-0711,DataSED - DataSED - Dataset for Sound Event Detection of environmental noise/SED_wav/S-0711.wav,monophonic,Thunder fireworks and gunshot,thunder_fireworks_gunshot,443.96,458.83,0.63,0.65,14.87,4180
datased:monophonic:004180,S-0711,DataSED - DataSED - Dataset for Sound Event Detection of environmental noise/SED_wav/S-0711.wav,monophonic,Wind turbine,wind_turbine,459.25,498.76,0.65,0.71,39.5,4181
datased:monophonic:004181,S-0711,DataSED - DataSED - Dataset for Sound Event Detection of environmental noise/SED_wav/S-0711.wav,monophonic,Crows seagulls and magpies,crows_seagulls_magpies,499.61,519.14,0.71,0.74,19.54,4182
datased:monophonic:004182,S-0711,DataSED - DataSED - Dataset for Sound Event Detection of environmental noise/SED_wav/S-0711.wav,monophonic,Wind turbine,wind_turbine,519.99,549.73,0.74,0.78,29.73,4183
datased:monophonic:004183,S-0711,DataSED - DataSED - Dataset for Sound Event Detection of environmental noise/SED_wav/S-0711.wav,monophonic,Vehicle pass-by,vehicle_pass_by,551.0,589.23,0.79,0.84,38.23,4184
datased:monophonic:004184,S-0711,DataSED - DataSED - Dataset for Sound Event Detection of environmental noise/SED_wav/S-0711.wav,monophonic,Wind turbine,wind_turbine,590.08,618.96,0.84,0.88,28.88,4185
datased:monophonic:004185,S-0711,DataSED - DataSED - Dataset for Sound Event Detection of environmental noise/SED_wav/S-0711.wav,monophonic,Birds,birds,620.66,641.48,0.88,0.91,20.81,4186
datased:monophonic:004186,S-0711,DataSED - DataSED - Dataset for Sound Event Detection of environmental noise/SED_wav/S-0711.wav,monophonic,Wind turbine,wind_turbine,641.9,672.06,0.91,0.96,30.16,4187
datased:monophonic:004187,S-0711,DataSED - DataSED - Dataset for Sound Event Detection of environmental noise/SED_wav/S-0711.wav,monophonic,Crows seagulls and magpies,crows_seagulls_magpies,673.33,686.93,0.96,0.98,13.59,4188
datased:monophonic:004188,S-0711,DataSED - DataSED - Dataset for Sound Event Detection of environmental noise/SED_wav/S-0711.wav,monophonic,Wind turbine,wind_turbine,687.35,701.79,0.98,1.0,14.44,4189
datased:monophonic:004189,S-0712,DataSED - DataSED - Dataset for Sound Event Detection of environmental noise/SED_wav/S-0712.wav,monophonic,Wind turbine,wind_turbine,0.0,29.57,0.0,0.07,29.57,4190
datased:monophonic:004190,S-0712,DataSED - DataSED - Dataset for Sound Event Detection of environmental noise/SED_wav/S-0712.wav,monophonic,Music,music,29.81,44.69,0.08,0.11,14.88,4191
datased:monophonic:004191,S-0712,DataSED - DataSED - Dataset for Sound Event Detection of environmental noise/SED_wav/S-0712.wav,monophonic,Wind turbine,wind_turbine,45.89,83.56,0.12,0.21,37.68,4192
datased:monophonic:004192,S-0712,DataSED - DataSED - Dataset for Sound Event Detection of environmental noise/SED_wav/S-0712.wav,monophonic,Music,music,84.04,105.64,0.21,0.27,21.6,4193
datased:monophonic:004193,S-0712,DataSED - DataSED - Dataset for Sound Event Detection of environmental noise/SED_wav/S-0712.wav,monophonic,Wind turbine,wind_turbine,106.36,147.4,0.27,0.37,41.04,4194
datased:monophonic:004194,S-0712,DataSED - DataSED - Dataset for Sound Event Detection of environmental noise/SED_wav/S-0712.wav,monophonic,Propeller aircrafts,propeller_aircrafts,147.88,184.6,0.37,0.47,36.72,4195
datased:monophonic:004195,S-0712,DataSED - DataSED - Dataset for Sound Event Detection of environmental noise/SED_wav/S-0712.wav,monophonic,Wind turbine,wind_turbine,185.08,268.59,0.47,0.68,83.52,4196
datased:monophonic:004196,S-0712,DataSED - DataSED - Dataset for Sound Event Detection of environmental noise/SED_wav/S-0712.wav,monophonic,Music,music,269.31,281.31,0.68,0.71,12.0,4197
datased:monophonic:004197,S-0712,DataSED - DataSED - Dataset for Sound Event Detection of environmental noise/SED_wav/S-0712.wav,monophonic,Wind turbine,wind_turbine,281.79,310.35,0.71,0.78,28.56,4198
datased:monophonic:004198,S-0712,DataSED - DataSED - Dataset for Sound Event Detection of environmental noise/SED_wav/S-0712.wav,monophonic,Music,music,310.83,321.87,0.78,0.81,11.04,4199
datased:monophonic:004199,S-0712,DataSED - DataSED - Dataset for Sound Event Detection of environmental noise/SED_wav/S-0712.wav,monophonic,Wind turbine,wind_turbine,322.83,392.91,0.81,0.99,70.08,4200
datased:monophonic:004200,S-0712,DataSED - DataSED - Dataset for Sound Event Detection of environmental noise/SED_wav/S-0712.wav,monophonic,Propeller aircrafts,propeller_aircrafts,393.87,396.51,0.99,1.0,2.64,4201
datased:monophonic:004201,S-0713,DataSED - DataSED - Dataset for Sound Event Detection of environmental noise/SED_wav/S-0713.wav,monophonic,Wind turbine,wind_turbine,0.0,16.45,0.0,0.02,16.45,4202
datased:monophonic:004202,S-0713,DataSED - DataSED - Dataset for Sound Event Detection of environmental noise/SED_wav/S-0713.wav,monophonic,Vehicle pass-by,vehicle_pass_by,17.23,48.64,0.02,0.06,31.41,4203
datased:monophonic:004203,S-0713,DataSED - DataSED - Dataset for Sound Event Detection of environmental noise/SED_wav/S-0713.wav,monophonic,Wind turbine,wind_turbine,49.63,66.47,0.06,0.08,16.84,4204
datased:monophonic:004204,S-0713,DataSED - DataSED - Dataset for Sound Event Detection of environmental noise/SED_wav/S-0713.wav,monophonic,Vehicle idling,vehicle_idling,67.82,128.88,0.08,0.16,61.05,4205
datased:monophonic:004205,S-0713,DataSED - DataSED - Dataset for Sound Event Detection of environmental noise/SED_wav/S-0713.wav,monophonic,Birds,birds,129.87,137.3,0.16,0.17,7.43,4206
datased:monophonic:004206,S-0713,DataSED - DataSED - Dataset for Sound Event Detection of environmental noise/SED_wav/S-0713.wav,monophonic,Wind turbine,wind_turbine,138.29,167.51,0.17,0.2,29.22,4207
datased:monophonic:004207,S-0713,DataSED - DataSED - Dataset for Sound Event Detection of environmental noise/SED_wav/S-0713.wav,monophonic,Jet aircrafts,jet_aircrafts,168.0,185.34,0.21,0.23,17.34,4208
datased:monophonic:004208,S-0713,DataSED - DataSED - Dataset for Sound Event Detection of environmental noise/SED_wav/S-0713.wav,monophonic,Wind turbine,wind_turbine,187.32,220.5,0.23,0.27,33.18,4209
datased:monophonic:004209,S-0713,DataSED - DataSED - Dataset for Sound Event Detection of environmental noise/SED_wav/S-0713.wav,monophonic,Vehicle pass-by,vehicle_pass_by,221.5,260.62,0.27,0.32,39.13,4210
datased:monophonic:004210,S-0713,DataSED - DataSED - Dataset for Sound Event Detection of environmental noise/SED_wav/S-0713.wav,monophonic,Wind turbine,wind_turbine,262.11,293.31,0.32,0.36,31.2,4211
datased:monophonic:004211,S-0713,DataSED - DataSED - Dataset for Sound Event Detection of environmental noise/SED_wav/S-0713.wav,monophonic,Vehicle idling,vehicle_idling,294.3,340.36,0.36,0.42,46.06,4212
datased:monophonic:004212,S-0713,DataSED - DataSED - Dataset for Sound Event Detection of environmental noise/SED_wav/S-0713.wav,monophonic,Wind turbine,wind_turbine,341.85,379.99,0.42,0.46,38.14,4213
datased:monophonic:004213,S-0713,DataSED - DataSED - Dataset for Sound Event Detection of environmental noise/SED_wav/S-0713.wav,monophonic,Vehicle pass-by,vehicle_pass_by,380.98,405.25,0.47,0.5,24.27,4214
datased:monophonic:004214,S-0713,DataSED - DataSED - Dataset for Sound Event Detection of environmental noise/SED_wav/S-0713.wav,monophonic,Wind turbine,wind_turbine,406.24,429.52,0.5,0.52,23.28,4215
datased:monophonic:004215,S-0713,DataSED - DataSED - Dataset for Sound Event Detection of environmental noise/SED_wav/S-0713.wav,monophonic,Crows seagulls and magpies,crows_seagulls_magpies,430.51,440.91,0.53,0.54,10.4,4216
datased:monophonic:004216,S-0713,DataSED - DataSED - Dataset for Sound Event Detection of environmental noise/SED_wav/S-0713.wav,monophonic,Wind turbine,wind_turbine,442.39,477.56,0.54,0.58,35.17,4217
datased:monophonic:004217,S-0713,DataSED - DataSED - Dataset for Sound Event Detection of environmental noise/SED_wav/S-0713.wav,monophonic,Jet aircrafts,jet_aircrafts,479.05,521.64,0.59,0.64,42.59,4218
datased:monophonic:004218,S-0713,DataSED - DataSED - Dataset for Sound Event Detection of environmental noise/SED_wav/S-0713.wav,monophonic,Wind turbine,wind_turbine,522.63,613.27,0.64,0.75,90.64,4219
datased:monophonic:004219,S-0713,DataSED - DataSED - Dataset for Sound Event Detection of environmental noise/SED_wav/S-0713.wav,monophonic,Vehicle pass-by,vehicle_pass_by,614.26,652.89,0.75,0.8,38.63,4220
datased:monophonic:004220,S-0713,DataSED - DataSED - Dataset for Sound Event Detection of environmental noise/SED_wav/S-0713.wav,monophonic,Wind turbine,wind_turbine,653.88,751.95,0.8,0.92,98.07,4221
datased:monophonic:004221,S-0713,DataSED - DataSED - Dataset for Sound Event Detection of environmental noise/SED_wav/S-0713.wav,monophonic,Vehicle pass-by,vehicle_pass_by,753.44,785.13,0.92,0.96,31.7,4222
datased:monophonic:004222,S-0713,DataSED - DataSED - Dataset for Sound Event Detection of environmental noise/SED_wav/S-0713.wav,monophonic,Wind turbine,wind_turbine,785.63,818.32,0.96,1.0,32.69,4223
datased:monophonic:004223,S-0714,DataSED - DataSED - Dataset for Sound Event Detection of environmental noise/SED_wav/S-0714.wav,monophonic,Wind turbine,wind_turbine,0.0,18.25,0.0,0.03,18.25,4224
datased:monophonic:004224,S-0714,DataSED - DataSED - Dataset for Sound Event Detection of environmental noise/SED_wav/S-0714.wav,monophonic,Workshop,workshop,19.12,31.66,0.03,0.04,12.54,4225
datased:monophonic:004225,S-0714,DataSED - DataSED - Dataset for Sound Event Detection of environmental noise/SED_wav/S-0714.wav,monophonic,Wind turbine,wind_turbine,33.82,44.63,0.05,0.06,10.81,4226
datased:monophonic:004226,S-0714,DataSED - DataSED - Dataset for Sound Event Detection of environmental noise/SED_wav/S-0714.wav,monophonic,Workshop,workshop,45.93,57.61,0.06,0.08,11.68,4227
datased:monophonic:004227,S-0714,DataSED - DataSED - Dataset for Sound Event Detection of environmental noise/SED_wav/S-0714.wav,monophonic,Wind turbine,wind_turbine,59.34,69.72,0.08,0.1,10.38,4228
datased:monophonic:004228,S-0714,DataSED - DataSED - Dataset for Sound Event Detection of environmental noise/SED_wav/S-0714.wav,monophonic,Workshop,workshop,70.58,83.99,0.1,0.12,13.41,4229
datased:monophonic:004229,S-0714,DataSED - DataSED - Dataset for Sound Event Detection of environmental noise/SED_wav/S-0714.wav,monophonic,Wind turbine,wind_turbine,86.15,106.91,0.12,0.15,20.76,4230
datased:monophonic:004230,S-0714,DataSED - DataSED - Dataset for Sound Event Detection of environmental noise/SED_wav/S-0714.wav,monophonic,Workshop,workshop,107.78,120.32,0.15,0.17,12.54,4231
datased:monophonic:004231,S-0714,DataSED - DataSED - Dataset for Sound Event Detection of environmental noise/SED_wav/S-0714.wav,monophonic,Wind turbine,wind_turbine,122.05,135.89,0.17,0.19,13.84,4232
datased:monophonic:004232,S-0714,DataSED - DataSED - Dataset for Sound Event Detection of environmental noise/SED_wav/S-0714.wav,monophonic,Vacuum cleaner fan and hairdryer,vacuum_cleaner_fan_hairdryer,137.18,148.0,0.19,0.21,10.81,4233
datased:monophonic:004233,S-0714,DataSED - DataSED - Dataset for Sound Event Detection of environmental noise/SED_wav/S-0714.wav,monophonic,Wind turbine,wind_turbine,149.73,176.54,0.21,0.25,26.81,4234
datased:monophonic:004234,S-0714,DataSED - DataSED - Dataset for Sound Event Detection of environmental noise/SED_wav/S-0714.wav,monophonic,Vacuum cleaner fan and hairdryer,vacuum_cleaner_fan_hairdryer,177.84,192.11,0.25,0.27,14.27,4235
datased:monophonic:004235,S-0714,DataSED - DataSED - Dataset for Sound Event Detection of environmental noise/SED_wav/S-0714.wav,monophonic,Wind turbine,wind_turbine,193.41,234.93,0.27,0.33,41.52,4236
datased:monophonic:004236,S-0714,DataSED - DataSED - Dataset for Sound Event Detection of environmental noise/SED_wav/S-0714.wav,monophonic,Vehicle pass-by,vehicle_pass_by,235.79,275.15,0.33,0.39,39.36,4237
datased:monophonic:004237,S-0714,DataSED - DataSED - Dataset for Sound Event Detection of environmental noise/SED_wav/S-0714.wav,monophonic,Wind turbine,wind_turbine,276.88,295.47,0.39,0.41,18.6,4238
datased:monophonic:004238,S-0714,DataSED - DataSED - Dataset for Sound Event Detection of environmental noise/SED_wav/S-0714.wav,monophonic,Thunder fireworks and gunshot,thunder_fireworks_gunshot,296.77,308.45,0.42,0.43,11.68,4239
datased:monophonic:004239,S-0714,DataSED - DataSED - Dataset for Sound Event Detection of environmental noise/SED_wav/S-0714.wav,monophonic,Wind turbine,wind_turbine,310.18,331.37,0.43,0.46,21.19,4240
datased:monophonic:004240,S-0714,DataSED - DataSED - Dataset for Sound Event Detection of environmental noise/SED_wav/S-0714.wav,monophonic,Thunder fireworks and gunshot,thunder_fireworks_gunshot,331.8,338.72,0.46,0.47,6.92,4241
datased:monophonic:004241,S-0714,DataSED - DataSED - Dataset for Sound Event Detection of environmental noise/SED_wav/S-0714.wav,monophonic,Wind turbine,wind_turbine,340.02,370.29,0.48,0.52,30.27,4242
datased:monophonic:004242,S-0714,DataSED - DataSED - Dataset for Sound Event Detection of environmental noise/SED_wav/S-0714.wav,monophonic,Thunder fireworks and gunshot,thunder_fireworks_gunshot,371.16,384.13,0.52,0.54,12.97,4243
datased:monophonic:004243,S-0714,DataSED - DataSED - Dataset for Sound Event Detection of environmental noise/SED_wav/S-0714.wav,monophonic,Wind turbine,wind_turbine,385.43,410.08,0.54,0.57,24.65,4244
datased:monophonic:004244,S-0714,DataSED - DataSED - Dataset for Sound Event Detection of environmental noise/SED_wav/S-0714.wav,monophonic,Thunder fireworks and gunshot,thunder_fireworks_gunshot,410.95,417.43,0.58,0.58,6.49,4245
datased:monophonic:004245,S-0714,DataSED - DataSED - Dataset for Sound Event Detection of environmental noise/SED_wav/S-0714.wav,monophonic,Wind turbine,wind_turbine,418.73,429.97,0.59,0.6,11.24,4246
datased:monophonic:004246,S-0714,DataSED - DataSED - Dataset for Sound Event Detection of environmental noise/SED_wav/S-0714.wav,monophonic,Thunder fireworks and gunshot,thunder_fireworks_gunshot,431.27,438.19,0.6,0.61,6.92,4247
datased:monophonic:004247,S-0714,DataSED - DataSED - Dataset for Sound Event Detection of environmental noise/SED_wav/S-0714.wav,monophonic,Wind turbine,wind_turbine,439.92,464.57,0.62,0.65,24.65,4248
datased:monophonic:004248,S-0714,DataSED - DataSED - Dataset for Sound Event Detection of environmental noise/SED_wav/S-0714.wav,monophonic,Thunder fireworks and gunshot,thunder_fireworks_gunshot,466.3,472.36,0.65,0.66,6.05,4249
datased:monophonic:004249,S-0714,DataSED - DataSED - Dataset for Sound Event Detection of environmental noise/SED_wav/S-0714.wav,monophonic,Wind turbine,wind_turbine,473.22,497.87,0.66,0.7,24.65,4250
datased:monophonic:004250,S-0714,DataSED - DataSED - Dataset for Sound Event Detection of environmental noise/SED_wav/S-0714.wav,monophonic,Thunder fireworks and gunshot,thunder_fireworks_gunshot,498.74,505.66,0.7,0.71,6.92,4251
datased:monophonic:004251,S-0714,DataSED - DataSED - Dataset for Sound Event Detection of environmental noise/SED_wav/S-0714.wav,monophonic,Wind turbine,wind_turbine,506.96,525.99,0.71,0.74,19.03,4252
datased:monophonic:004252,S-0714,DataSED - DataSED - Dataset for Sound Event Detection of environmental noise/SED_wav/S-0714.wav,monophonic,Thunder fireworks and gunshot,thunder_fireworks_gunshot,527.28,536.37,0.74,0.75,9.08,4253
datased:monophonic:004253,S-0714,DataSED - DataSED - Dataset for Sound Event Detection of environmental noise/SED_wav/S-0714.wav,monophonic,Wind turbine,wind_turbine,536.8,607.29,0.75,0.85,70.49,4254
datased:monophonic:004254,S-0714,DataSED - DataSED - Dataset for Sound Event Detection of environmental noise/SED_wav/S-0714.wav,monophonic,Thunder fireworks and gunshot,thunder_fireworks_gunshot,608.59,620.27,0.85,0.87,11.68,4255
datased:monophonic:004255,S-0714,DataSED - DataSED - Dataset for Sound Event Detection of environmental noise/SED_wav/S-0714.wav,monophonic,Wind turbine,wind_turbine,621.13,649.68,0.87,0.91,28.54,4256
datased:monophonic:004256,S-0714,DataSED - DataSED - Dataset for Sound Event Detection of environmental noise/SED_wav/S-0714.wav,monophonic,Vehicle pass-by,vehicle_pass_by,651.41,679.08,0.91,0.95,27.68,4257
datased:monophonic:004257,S-0714,DataSED - DataSED - Dataset for Sound Event Detection of environmental noise/SED_wav/S-0714.wav,monophonic,Wind turbine,wind_turbine,679.52,714.55,0.95,1.0,35.03,4258
datased:monophonic:004258,S-0715,DataSED - DataSED - Dataset for Sound Event Detection of environmental noise/SED_wav/S-0715.wav,monophonic,Wind turbine,wind_turbine,0.0,8.87,0.0,0.01,8.87,4259
datased:monophonic:004259,S-0715,DataSED - DataSED - Dataset for Sound Event Detection of environmental noise/SED_wav/S-0715.wav,monophonic,Thunder fireworks and gunshot,thunder_fireworks_gunshot,9.27,25.24,0.01,0.04,15.97,4260
datased:monophonic:004260,S-0715,DataSED - DataSED - Dataset for Sound Event Detection of environmental noise/SED_wav/S-0715.wav,monophonic,Wind turbine,wind_turbine,26.44,49.99,0.04,0.08,23.56,4261
datased:monophonic:004261,S-0715,DataSED - DataSED - Dataset for Sound Event Detection of environmental noise/SED_wav/S-0715.wav,monophonic,Vehicle idling,vehicle_idling,50.79,71.56,0.08,0.11,20.76,4262
datased:monophonic:004262,S-0715,DataSED - DataSED - Dataset for Sound Event Detection of environmental noise/SED_wav/S-0715.wav,monophonic,Wind turbine,wind_turbine,72.75,105.9,0.11,0.16,33.14,4263
datased:monophonic:004263,S-0715,DataSED - DataSED - Dataset for Sound Event Detection of environmental noise/SED_wav/S-0715.wav,monophonic,Jet aircrafts,jet_aircrafts,106.69,159.0,0.16,0.24,52.31,4264
datased:monophonic:004264,S-0715,DataSED - DataSED - Dataset for Sound Event Detection of environmental noise/SED_wav/S-0715.wav,monophonic,Wind turbine,wind_turbine,160.2,180.96,0.24,0.27,20.76,4265
datased:monophonic:004265,S-0715,DataSED - DataSED - Dataset for Sound Event Detection of environmental noise/SED_wav/S-0715.wav,monophonic,Jet aircrafts,jet_aircrafts,181.36,198.13,0.27,0.3,16.77,4266
datased:monophonic:004266,S-0715,DataSED - DataSED - Dataset for Sound Event Detection of environmental noise/SED_wav/S-0715.wav,monophonic,Wind turbine,wind_turbine,199.33,228.08,0.3,0.35,28.75,4267
datased:monophonic:004267,S-0715,DataSED - DataSED - Dataset for Sound Event Detection of environmental noise/SED_wav/S-0715.wav,monophonic,Jet aircrafts,jet_aircrafts,228.88,248.44,0.35,0.38,19.57,4268
datased:monophonic:004268,S-0715,DataSED - DataSED - Dataset for Sound Event Detection of environmental noise/SED_wav/S-0715.wav,monophonic,Wind turbine,wind_turbine,249.64,292.77,0.38,0.44,43.12,4269
datased:monophonic:004269,S-0715,DataSED - DataSED - Dataset for Sound Event Detection of environmental noise/SED_wav/S-0715.wav,monophonic,Vehicle idling,vehicle_idling,293.96,342.68,0.45,0.52,48.71,4270
datased:monophonic:004270,S-0715,DataSED - DataSED - Dataset for Sound Event Detection of environmental noise/SED_wav/S-0715.wav,monophonic,Wind turbine,wind_turbine,343.88,368.63,0.52,0.56,24.76,4271
datased:monophonic:004271,S-0715,DataSED - DataSED - Dataset for Sound Event Detection of environmental noise/SED_wav/S-0715.wav,monophonic,Workshop,workshop,369.43,382.21,0.56,0.58,12.78,4272
datased:monophonic:004272,S-0715,DataSED - DataSED - Dataset for Sound Event Detection of environmental noise/SED_wav/S-0715.wav,monophonic,Wind turbine,wind_turbine,383.01,390.59,0.58,0.59,7.59,4273
datased:monophonic:004273,S-0715,DataSED - DataSED - Dataset for Sound Event Detection of environmental noise/SED_wav/S-0715.wav,monophonic,Workshop,workshop,390.99,404.17,0.59,0.61,13.18,4274
datased:monophonic:004274,S-0715,DataSED - DataSED - Dataset for Sound Event Detection of environmental noise/SED_wav/S-0715.wav,monophonic,Wind turbine,wind_turbine,405.37,417.35,0.61,0.63,11.98,4275
datased:monophonic:004275,S-0715,DataSED - DataSED - Dataset for Sound Event Detection of environmental noise/SED_wav/S-0715.wav,monophonic,Workshop,workshop,418.54,431.72,0.63,0.65,13.18,4276
datased:monophonic:004276,S-0715,DataSED - DataSED - Dataset for Sound Event Detection of environmental noise/SED_wav/S-0715.wav,monophonic,Wind turbine,wind_turbine,432.52,446.1,0.66,0.68,13.58,4277
datased:monophonic:004277,S-0715,DataSED - DataSED - Dataset for Sound Event Detection of environmental noise/SED_wav/S-0715.wav,monophonic,Workshop,workshop,446.89,459.67,0.68,0.7,12.78,4278
datased:monophonic:004278,S-0715,DataSED - DataSED - Dataset for Sound Event Detection of environmental noise/SED_wav/S-0715.wav,monophonic,Wind turbine,wind_turbine,460.47,474.85,0.7,0.72,14.37,4279
datased:monophonic:004279,S-0715,DataSED - DataSED - Dataset for Sound Event Detection of environmental noise/SED_wav/S-0715.wav,monophonic,Workshop,workshop,476.04,488.02,0.72,0.74,11.98,4280
datased:monophonic:004280,S-0715,DataSED - DataSED - Dataset for Sound Event Detection of environmental noise/SED_wav/S-0715.wav,monophonic,Wind turbine,wind_turbine,488.42,498.8,0.74,0.76,10.38,4281
datased:monophonic:004281,S-0715,DataSED - DataSED - Dataset for Sound Event Detection of environmental noise/SED_wav/S-0715.wav,monophonic,Workshop,workshop,499.6,512.38,0.76,0.78,12.78,4282
datased:monophonic:004282,S-0715,DataSED - DataSED - Dataset for Sound Event Detection of environmental noise/SED_wav/S-0715.wav,monophonic,Wind turbine,wind_turbine,513.18,523.16,0.78,0.79,9.98,4283
datased:monophonic:004283,S-0715,DataSED - DataSED - Dataset for Sound Event Detection of environmental noise/SED_wav/S-0715.wav,monophonic,Workshop,workshop,524.36,538.73,0.79,0.82,14.37,4284
datased:monophonic:004284,S-0715,DataSED - DataSED - Dataset for Sound Event Detection of environmental noise/SED_wav/S-0715.wav,monophonic,Wind turbine,wind_turbine,539.93,567.88,0.82,0.86,27.95,4285
datased:monophonic:004285,S-0715,DataSED - DataSED - Dataset for Sound Event Detection of environmental noise/SED_wav/S-0715.wav,monophonic,Vehicle pass-by,vehicle_pass_by,569.08,625.78,0.86,0.95,56.7,4286
datased:monophonic:004286,S-0715,DataSED - DataSED - Dataset for Sound Event Detection of environmental noise/SED_wav/S-0715.wav,monophonic,Wind turbine,wind_turbine,626.18,659.72,0.95,1.0,33.54,4287
datased:monophonic:004287,S-0716,DataSED - DataSED - Dataset for Sound Event Detection of environmental noise/SED_wav/S-0716.wav,monophonic,Wind turbine,wind_turbine,0.0,6.94,0.0,0.04,6.94,4288
datased:monophonic:004288,S-0716,DataSED - DataSED - Dataset for Sound Event Detection of environmental noise/SED_wav/S-0716.wav,monophonic,Chicken coop,chicken_coop,7.04,15.79,0.04,0.09,8.75,4289
datased:monophonic:004289,S-0716,DataSED - DataSED - Dataset for Sound Event Detection of environmental noise/SED_wav/S-0716.wav,monophonic,Wind turbine,wind_turbine,16.09,35.52,0.1,0.21,19.43,4290
datased:monophonic:004290,S-0716,DataSED - DataSED - Dataset for Sound Event Detection of environmental noise/SED_wav/S-0716.wav,monophonic,Chicken coop,chicken_coop,35.62,45.79,0.21,0.27,10.17,4291
datased:monophonic:004291,S-0716,DataSED - DataSED - Dataset for Sound Event Detection of environmental noise/SED_wav/S-0716.wav,monophonic,Wind turbine,wind_turbine,46.0,59.42,0.27,0.35,13.43,4292
datased:monophonic:004292,S-0716,DataSED - DataSED - Dataset for Sound Event Detection of environmental noise/SED_wav/S-0716.wav,monophonic,Chicken coop,chicken_coop,59.63,67.97,0.35,0.4,8.34,4293
datased:monophonic:004293,S-0716,DataSED - DataSED - Dataset for Sound Event Detection of environmental noise/SED_wav/S-0716.wav,monophonic,Wind turbine,wind_turbine,68.17,84.04,0.41,0.5,15.87,4294
datased:monophonic:004294,S-0716,DataSED - DataSED - Dataset for Sound Event Detection of environmental noise/SED_wav/S-0716.wav,monophonic,Chicken coop,chicken_coop,84.34,93.8,0.5,0.56,9.46,4295
datased:monophonic:004295,S-0716,DataSED - DataSED - Dataset for Sound Event Detection of environmental noise/SED_wav/S-0716.wav,monophonic,Wind turbine,wind_turbine,94.11,122.69,0.56,0.73,28.58,4296
datased:monophonic:004296,S-0716,DataSED - DataSED - Dataset for Sound Event Detection of environmental noise/SED_wav/S-0716.wav,monophonic,Chicken coop,chicken_coop,122.89,126.45,0.73,0.75,3.56,4297
datased:monophonic:004297,S-0716,DataSED - DataSED - Dataset for Sound Event Detection of environmental noise/SED_wav/S-0716.wav,monophonic,Wind turbine,wind_turbine,126.66,141.81,0.75,0.84,15.16,4298
datased:monophonic:004298,S-0716,DataSED - DataSED - Dataset for Sound Event Detection of environmental noise/SED_wav/S-0716.wav,monophonic,Chicken coop,chicken_coop,142.22,151.07,0.85,0.9,8.85,4299
datased:monophonic:004299,S-0716,DataSED - DataSED - Dataset for Sound Event Detection of environmental noise/SED_wav/S-0716.wav,monophonic,Wind turbine,wind_turbine,151.17,166.63,0.9,0.99,15.46,4300
datased:monophonic:004300,S-0716,DataSED - DataSED - Dataset for Sound Event Detection of environmental noise/SED_wav/S-0716.wav,monophonic,Chicken coop,chicken_coop,167.04,168.06,0.99,1.0,1.02,4301
datased:monophonic:004301,S-0717,DataSED - DataSED - Dataset for Sound Event Detection of environmental noise/SED_wav/S-0717.wav,monophonic,Wind turbine,wind_turbine,0.0,18.15,0.0,0.13,18.15,4302
datased:monophonic:004302,S-0717,DataSED - DataSED - Dataset for Sound Event Detection of environmental noise/SED_wav/S-0717.wav,monophonic,Horn,horn,18.32,20.91,0.13,0.15,2.59,4303
datased:monophonic:004303,S-0717,DataSED - DataSED - Dataset for Sound Event Detection of environmental noise/SED_wav/S-0717.wav,monophonic,Wind turbine,wind_turbine,21.21,38.29,0.15,0.28,17.08,4304
datased:monophonic:004304,S-0717,DataSED - DataSED - Dataset for Sound Event Detection of environmental noise/SED_wav/S-0717.wav,monophonic,Workshop,workshop,38.29,44.05,0.28,0.32,5.77,4305
datased:monophonic:004305,S-0717,DataSED - DataSED - Dataset for Sound Event Detection of environmental noise/SED_wav/S-0717.wav,monophonic,Wind turbine,wind_turbine,44.05,63.77,0.32,0.46,19.72,4306
datased:monophonic:004306,S-0717,DataSED - DataSED - Dataset for Sound Event Detection of environmental noise/SED_wav/S-0717.wav,monophonic,Workshop,workshop,63.94,69.29,0.46,0.5,5.35,4307
datased:monophonic:004307,S-0717,DataSED - DataSED - Dataset for Sound Event Detection of environmental noise/SED_wav/S-0717.wav,monophonic,Wind turbine,wind_turbine,69.29,97.78,0.5,0.71,28.49,4308
datased:monophonic:004308,S-0717,DataSED - DataSED - Dataset for Sound Event Detection of environmental noise/SED_wav/S-0717.wav,monophonic,Workshop,workshop,97.95,105.47,0.71,0.76,7.52,4309
datased:monophonic:004309,S-0717,DataSED - DataSED - Dataset for Sound Event Detection of environmental noise/SED_wav/S-0717.wav,monophonic,Wind turbine,wind_turbine,105.63,138.05,0.77,1.0,32.42,4310
