event_id,recording_id,audio_relative_path,label_mode,raw_class_label,class_id,onset_s,offset_s,source_start_fraction,source_end_fraction,source_event_length_s,source_row
datased:polyphonic:000001,S-0001,DataSED - DataSED - Dataset for Sound Event Detection of environmental noise/SED_wav/S-0001.wav,polyphonic,Birds,birds,0.0,17.6,0.0,0.3,17.6,2
datased:polyphonic:000002,S-0001,DataSED - DataSED - Dataset for Sound Event Detection of environmental noise/SED_wav/S-0001.wav,polyphonic,Lawn mower brush cutter and olive shaker,lawn_mower_brush_cutter_olive_shaker,21.17,34.83,0.36,0.59,13.66,3
datased:polyphonic:000003,S-0001,DataSED - DataSED - Dataset for Sound Event Detection of environmental noise/SED_wav/S-0001.wav,polyphonic,Bells,bells,34.75,50.65,0.59,0.85,15.9,4
datased:polyphonic:000004,S-0001,DataSED - DataSED - Dataset for Sound Event Detection of environmental noise/SED_wav/S-0001.wav,polyphonic,Birds,birds,49.36,59.3,0.83,1.0,9.94,5
datased:polyphonic:000005,S-0001,DataSED - DataSED - Dataset for Sound Event Detection of environmental noise/SED_wav/S-0001.wav,polyphonic,Lawn mower brush cutter and olive shaker,lawn_mower_brush_cutter_olive_shaker,53.23,58.05,0.9,0.98,4.82,6
datased:polyphonic:000006,S-0002,DataSED - DataSED - Dataset for Sound Event Detection of environmental noise/SED_wav/S-0002.wav,polyphonic,Bells,bells,0.0,10.31,0.0,0.08,10.31,7
datased:polyphonic:000007,S-0002,DataSED - DataSED - Dataset for Sound Event Detection of environmental noise/SED_wav/S-0002.wav,polyphonic,Birds,birds,0.0,13.4,0.0,0.11,13.4,8
datased:polyphonic:000008,S-0002,DataSED - DataSED - Dataset for Sound Event Detection of environmental noise/SED_wav/S-0002.wav,polyphonic,Bells,bells,13.16,22.52,0.11,0.18,9.36,9
datased:polyphonic:000009,S-0002,DataSED - DataSED - Dataset for Sound Event Detection of environmental noise/SED_wav/S-0002.wav,polyphonic,Bells,bells,25.22,35.06,0.2,0.28,9.84,10
datased:polyphonic:000010,S-0002,DataSED - DataSED - Dataset for Sound Event Detection of environmental noise/SED_wav/S-0002.wav,polyphonic,Bells,bells,35.61,123.98,0.29,1.0,88.37,11
datased:polyphonic:000011,S-0003,DataSED - DataSED - Dataset for Sound Event Detection of environmental noise/SED_wav/S-0003.wav,polyphonic,Train,train,5.52,23.71,0.06,0.25,18.19,12
datased:polyphonic:000012,S-0003,DataSED - DataSED - Dataset for Sound Event Detection of environmental noise/SED_wav/S-0003.wav,polyphonic,Voices,voices,27.88,47.82,0.29,0.5,19.93,13
datased:polyphonic:000013,S-0003,DataSED - DataSED - Dataset for Sound Event Detection of environmental noise/SED_wav/S-0003.wav,polyphonic,Vehicle pass-by,vehicle_pass_by,62.88,68.38,0.66,0.71,5.5,14
datased:polyphonic:000014,S-0003,DataSED - DataSED - Dataset for Sound Event Detection of environmental noise/SED_wav/S-0003.wav,polyphonic,Voices,voices,68.62,95.62,0.72,1.0,27.0,15
datased:polyphonic:000015,S-0003,DataSED - DataSED - Dataset for Sound Event Detection of environmental noise/SED_wav/S-0003.wav,polyphonic,Birds,birds,91.85,95.62,0.96,1.0,3.77,16
datased:polyphonic:000016,S-0004,DataSED - DataSED - Dataset for Sound Event Detection of environmental noise/SED_wav/S-0004.wav,polyphonic,Train,train,0.0,24.49,0.0,0.23,24.49,17
datased:polyphonic:000017,S-0004,DataSED - DataSED - Dataset for Sound Event Detection of environmental noise/SED_wav/S-0004.wav,polyphonic,Voices,voices,28.3,34.78,0.26,0.33,6.47,18
datased:polyphonic:000018,S-0004,DataSED - DataSED - Dataset for Sound Event Detection of environmental noise/SED_wav/S-0004.wav,polyphonic,Dog barkings and howlings,dog_barkings_and_howlings,28.76,29.86,0.27,0.28,1.1,19
datased:polyphonic:000019,S-0004,DataSED - DataSED - Dataset for Sound Event Detection of environmental noise/SED_wav/S-0004.wav,polyphonic,Sirens and alarms,sirens_and_alarms,46.63,51.22,0.44,0.48,4.6,20
datased:polyphonic:000020,S-0004,DataSED - DataSED - Dataset for Sound Event Detection of environmental noise/SED_wav/S-0004.wav,polyphonic,Train,train,56.34,85.47,0.53,0.8,29.13,21
datased:polyphonic:000021,S-0004,DataSED - DataSED - Dataset for Sound Event Detection of environmental noise/SED_wav/S-0004.wav,polyphonic,Sirens and alarms,sirens_and_alarms,87.28,90.39,0.82,0.85,3.11,22
datased:polyphonic:000022,S-0004,DataSED - DataSED - Dataset for Sound Event Detection of environmental noise/SED_wav/S-0004.wav,polyphonic,Train,train,90.26,106.96,0.84,1.0,16.7,23
datased:polyphonic:000023,S-0005,DataSED - DataSED - Dataset for Sound Event Detection of environmental noise/SED_wav/S-0005.wav,polyphonic,Train,train,59.2,128.96,0.25,0.55,69.76,24
datased:polyphonic:000024,S-0005,DataSED - DataSED - Dataset for Sound Event Detection of environmental noise/SED_wav/S-0005.wav,polyphonic,Jet aircrafts,jet_aircrafts,132.91,230.91,0.57,0.99,98.0,25
datased:polyphonic:000025,S-0006,DataSED - DataSED - Dataset for Sound Event Detection of environmental noise/SED_wav/S-0006.wav,polyphonic,Vehicle pass-by,vehicle_pass_by,0.38,7.31,0.0,0.07,6.93,26
datased:polyphonic:000026,S-0006,DataSED - DataSED - Dataset for Sound Event Detection of environmental noise/SED_wav/S-0006.wav,polyphonic,Vehicle pass-by,vehicle_pass_by,12.97,18.74,0.13,0.19,5.78,27
datased:polyphonic:000027,S-0006,DataSED - DataSED - Dataset for Sound Event Detection of environmental noise/SED_wav/S-0006.wav,polyphonic,Horn,horn,16.37,17.16,0.16,0.17,0.79,28
datased:polyphonic:000028,S-0006,DataSED - DataSED - Dataset for Sound Event Detection of environmental noise/SED_wav/S-0006.wav,polyphonic,Vehicle pass-by,vehicle_pass_by,19.05,21.78,0.19,0.22,2.74,29
datased:polyphonic:000029,S-0006,DataSED - DataSED - Dataset for Sound Event Detection of environmental noise/SED_wav/S-0006.wav,polyphonic,Vehicle pass-by,vehicle_pass_by,21.9,30.47,0.22,0.3,8.56,30
datased:polyphonic:000030,S-0006,DataSED - DataSED - Dataset for Sound Event Detection of environmental noise/SED_wav/S-0006.wav,polyphonic,Vehicle pass-by,vehicle_pass_by,30.57,34.16,0.3,0.34,3.59,31
datased:polyphonic:000031,S-0006,DataSED - DataSED - Dataset for Sound Event Detection of environmental noise/SED_wav/S-0006.wav,polyphonic,Crows seagulls and magpies,crows_seagulls_magpies,34.11,35.66,0.34,0.35,1.55,32
datased:polyphonic:000032,S-0006,DataSED - DataSED - Dataset for Sound Event Detection of environmental noise/SED_wav/S-0006.wav,polyphonic,Voices,voices,36.41,39.62,0.36,0.39,3.21,33
datased:polyphonic:000033,S-0006,DataSED - DataSED - Dataset for Sound Event Detection of environmental noise/SED_wav/S-0006.wav,polyphonic,Vehicle pass-by,vehicle_pass_by,39.73,45.67,0.4,0.45,5.94,34
datased:polyphonic:000034,S-0006,DataSED - DataSED - Dataset for Sound Event Detection of environmental noise/SED_wav/S-0006.wav,polyphonic,Horn,horn,46.58,47.11,0.46,0.47,0.54,35
datased:polyphonic:000035,S-0006,DataSED - DataSED - Dataset for Sound Event Detection of environmental noise/SED_wav/S-0006.wav,polyphonic,Vehicle pass-by,vehicle_pass_by,47.38,55.73,0.47,0.55,8.35,36
datased:polyphonic:000036,S-0006,DataSED - DataSED - Dataset for Sound Event Detection of environmental noise/SED_wav/S-0006.wav,polyphonic,Voices,voices,56.16,57.07,0.56,0.57,0.91,37
datased:polyphonic:000037,S-0006,DataSED - DataSED - Dataset for Sound Event Detection of environmental noise/SED_wav/S-0006.wav,polyphonic,Horn,horn,56.96,57.61,0.57,0.57,0.64,38
datased:polyphonic:000038,S-0006,DataSED - DataSED - Dataset for Sound Event Detection of environmental noise/SED_wav/S-0006.wav,polyphonic,Horn,horn,58.14,58.84,0.58,0.59,0.7,39
datased:polyphonic:000039,S-0006,DataSED - DataSED - Dataset for Sound Event Detection of environmental noise/SED_wav/S-0006.wav,polyphonic,Vehicle pass-by,vehicle_pass_by,58.14,65.9,0.58,0.66,7.76,40
datased:polyphonic:000040,S-0006,DataSED - DataSED - Dataset for Sound Event Detection of environmental noise/SED_wav/S-0006.wav,polyphonic,Horn,horn,66.01,66.62,0.66,0.66,0.61,41
datased:polyphonic:000041,S-0006,DataSED - DataSED - Dataset for Sound Event Detection of environmental noise/SED_wav/S-0006.wav,polyphonic,Horn,horn,66.87,68.53,0.67,0.68,1.66,42
datased:polyphonic:000042,S-0006,DataSED - DataSED - Dataset for Sound Event Detection of environmental noise/SED_wav/S-0006.wav,polyphonic,Vehicle pass-by,vehicle_pass_by,68.26,72.75,0.68,0.72,4.5,43
datased:polyphonic:000043,S-0006,DataSED - DataSED - Dataset for Sound Event Detection of environmental noise/SED_wav/S-0006.wav,polyphonic,Horn,horn,72.86,73.72,0.73,0.73,0.86,44
datased:polyphonic:000044,S-0006,DataSED - DataSED - Dataset for Sound Event Detection of environmental noise/SED_wav/S-0006.wav,polyphonic,Vehicle pass-by,vehicle_pass_by,73.82,77.41,0.73,0.77,3.59,45
datased:polyphonic:000045,S-0006,DataSED - DataSED - Dataset for Sound Event Detection of environmental noise/SED_wav/S-0006.wav,polyphonic,Vehicle pass-by,vehicle_pass_by,77.57,84.58,0.77,0.84,7.01,46
datased:polyphonic:000046,S-0006,DataSED - DataSED - Dataset for Sound Event Detection of environmental noise/SED_wav/S-0006.wav,polyphonic,Voices,voices,84.32,88.92,0.84,0.88,4.6,47
datased:polyphonic:000047,S-0006,DataSED - DataSED - Dataset for Sound Event Detection of environmental noise/SED_wav/S-0006.wav,polyphonic,Vehicle pass-by,vehicle_pass_by,88.17,93.52,0.88,0.93,5.35,48
datased:polyphonic:000048,S-0006,DataSED - DataSED - Dataset for Sound Event Detection of environmental noise/SED_wav/S-0006.wav,polyphonic,Horn,horn,91.01,91.76,0.91,0.91,0.75,49
datased:polyphonic:000049,S-0006,DataSED - DataSED - Dataset for Sound Event Detection of environmental noise/SED_wav/S-0006.wav,polyphonic,Voices,voices,94.27,99.89,0.94,0.99,5.62,50
datased:polyphonic:000050,S-0007,DataSED - DataSED - Dataset for Sound Event Detection of environmental noise/SED_wav/S-0007.wav,polyphonic,Voices,voices,0.0,4.91,0.0,0.29,4.91,51
datased:polyphonic:000051,S-0007,DataSED - DataSED - Dataset for Sound Event Detection of environmental noise/SED_wav/S-0007.wav,polyphonic,Workshop,workshop,0.0,3.51,0.0,0.21,3.51,52
datased:polyphonic:000052,S-0007,DataSED - DataSED - Dataset for Sound Event Detection of environmental noise/SED_wav/S-0007.wav,polyphonic,Vehicle pass-by,vehicle_pass_by,4.79,8.79,0.29,0.52,4.0,53
datased:polyphonic:000053,S-0007,DataSED - DataSED - Dataset for Sound Event Detection of environmental noise/SED_wav/S-0007.wav,polyphonic,Vehicle pass-by,vehicle_pass_by,9.09,11.72,0.54,0.7,2.62,54
datased:polyphonic:000054,S-0007,DataSED - DataSED - Dataset for Sound Event Detection of environmental noise/SED_wav/S-0007.wav,polyphonic,Vehicle pass-by,vehicle_pass_by,12.83,16.78,0.76,1.0,3.95,55
datased:polyphonic:000055,S-0008,DataSED - DataSED - Dataset for Sound Event Detection of environmental noise/SED_wav/S-0008.wav,polyphonic,Voices,voices,0.77,2.9,0.02,0.06,2.13,56
datased:polyphonic:000056,S-0008,DataSED - DataSED - Dataset for Sound Event Detection of environmental noise/SED_wav/S-0008.wav,polyphonic,Vehicle pass-by,vehicle_pass_by,5.14,9.96,0.11,0.21,4.82,57
datased:polyphonic:000057,S-0008,DataSED - DataSED - Dataset for Sound Event Detection of environmental noise/SED_wav/S-0008.wav,polyphonic,Vehicle pass-by,vehicle_pass_by,10.02,14.07,0.21,0.3,4.06,58
datased:polyphonic:000058,S-0008,DataSED - DataSED - Dataset for Sound Event Detection of environmental noise/SED_wav/S-0008.wav,polyphonic,Vehicle pass-by,vehicle_pass_by,18.27,21.87,0.39,0.47,3.6,59
datased:polyphonic:000059,S-0008,DataSED - DataSED - Dataset for Sound Event Detection of environmental noise/SED_wav/S-0008.wav,polyphonic,Voices,voices,22.01,23.86,0.47,0.51,1.84,60
datased:polyphonic:000060,S-0008,DataSED - DataSED - Dataset for Sound Event Detection of environmental noise/SED_wav/S-0008.wav,polyphonic,Workshop,workshop,23.94,29.13,0.51,0.62,5.19,61
datased:polyphonic:000061,S-0008,DataSED - DataSED - Dataset for Sound Event Detection of environmental noise/SED_wav/S-0008.wav,polyphonic,Workshop,workshop,30.75,38.35,0.66,0.82,7.6,62
datased:polyphonic:000062,S-0008,DataSED - DataSED - Dataset for Sound Event Detection of environmental noise/SED_wav/S-0008.wav,polyphonic,Vehicle pass-by,vehicle_pass_by,39.25,44.33,0.84,0.95,5.08,63
datased:polyphonic:000063,S-0008,DataSED - DataSED - Dataset for Sound Event Detection of environmental noise/SED_wav/S-0008.wav,polyphonic,Horn,horn,45.78,46.32,0.98,0.99,0.54,64
datased:polyphonic:000064,S-0009,DataSED - DataSED - Dataset for Sound Event Detection of environmental noise/SED_wav/S-0009.wav,polyphonic,Birds,birds,0.0,124.91,0.0,1.0,124.91,65
datased:polyphonic:000065,S-0009,DataSED - DataSED - Dataset for Sound Event Detection of environmental noise/SED_wav/S-0009.wav,polyphonic,Thunder fireworks and gunshot,thunder_fireworks_gunshot,0.85,10.72,0.01,0.09,9.87,66
datased:polyphonic:000066,S-0009,DataSED - DataSED - Dataset for Sound Event Detection of environmental noise/SED_wav/S-0009.wav,polyphonic,Jet aircrafts,jet_aircrafts,23.55,35.24,0.19,0.28,11.69,67
datased:polyphonic:000067,S-0009,DataSED - DataSED - Dataset for Sound Event Detection of environmental noise/SED_wav/S-0009.wav,polyphonic,Vehicle pass-by,vehicle_pass_by,37.98,61.89,0.3,0.49,23.92,68
datased:polyphonic:000068,S-0009,DataSED - DataSED - Dataset for Sound Event Detection of environmental noise/SED_wav/S-0009.wav,polyphonic,Thunder fireworks and gunshot,thunder_fireworks_gunshot,74.8,100.46,0.6,0.8,25.66,69
datased:polyphonic:000069,S-0009,DataSED - DataSED - Dataset for Sound Event Detection of environmental noise/SED_wav/S-0009.wav,polyphonic,Thunder fireworks and gunshot,thunder_fireworks_gunshot,107.68,122.4,0.86,0.98,14.73,70
datased:polyphonic:000070,S-0010,DataSED - DataSED - Dataset for Sound Event Detection of environmental noise/SED_wav/S-0010.wav,polyphonic,Thunder fireworks and gunshot,thunder_fireworks_gunshot,0.0,20.51,0.0,0.24,20.51,71
datased:polyphonic:000071,S-0010,DataSED - DataSED - Dataset for Sound Event Detection of environmental noise/SED_wav/S-0010.wav,polyphonic,Birds,birds,0.0,84.26,0.0,1.0,84.26,72
datased:polyphonic:000072,S-0010,DataSED - DataSED - Dataset for Sound Event Detection of environmental noise/SED_wav/S-0010.wav,polyphonic,Thunder fireworks and gunshot,thunder_fireworks_gunshot,32.5,43.92,0.39,0.52,11.42,73
datased:polyphonic:000073,S-0010,DataSED - DataSED - Dataset for Sound Event Detection of environmental noise/SED_wav/S-0010.wav,polyphonic,Thunder fireworks and gunshot,thunder_fireworks_gunshot,44.99,49.63,0.53,0.59,4.64,74
datased:polyphonic:000074,S-0010,DataSED - DataSED - Dataset for Sound Event Detection of environmental noise/SED_wav/S-0010.wav,polyphonic,Thunder fireworks and gunshot,thunder_fireworks_gunshot,55.24,63.56,0.66,0.75,8.31,75
datased:polyphonic:000075,S-0011,DataSED - DataSED - Dataset for Sound Event Detection of environmental noise/SED_wav/S-0011.wav,polyphonic,Voices,voices,0.0,88.0,0.0,1.0,88.0,76
datased:polyphonic:000076,S-0011,DataSED - DataSED - Dataset for Sound Event Detection of environmental noise/SED_wav/S-0011.wav,polyphonic,Horn,horn,12.47,13.11,0.14,0.15,0.64,77
datased:polyphonic:000077,S-0011,DataSED - DataSED - Dataset for Sound Event Detection of environmental noise/SED_wav/S-0011.wav,polyphonic,Horn,horn,20.3,29.41,0.23,0.33,9.11,78
datased:polyphonic:000078,S-0011,DataSED - DataSED - Dataset for Sound Event Detection of environmental noise/SED_wav/S-0011.wav,polyphonic,Horn,horn,36.07,38.95,0.41,0.44,2.88,79
datased:polyphonic:000079,S-0011,DataSED - DataSED - Dataset for Sound Event Detection of environmental noise/SED_wav/S-0011.wav,polyphonic,Horn,horn,48.48,49.38,0.55,0.56,0.91,80
datased:polyphonic:000080,S-0011,DataSED - DataSED - Dataset for Sound Event Detection of environmental noise/SED_wav/S-0011.wav,polyphonic,Horn,horn,50.77,52.47,0.58,0.6,1.7,81
datased:polyphonic:000081,S-0011,DataSED - DataSED - Dataset for Sound Event Detection of environmental noise/SED_wav/S-0011.wav,polyphonic,Horn,horn,57.11,57.8,0.65,0.66,0.69,82
datased:polyphonic:000082,S-0011,DataSED - DataSED - Dataset for Sound Event Detection of environmental noise/SED_wav/S-0011.wav,polyphonic,Horn,horn,59.93,64.4,0.68,0.73,4.47,83
datased:polyphonic:000083,S-0011,DataSED - DataSED - Dataset for Sound Event Detection of environmental noise/SED_wav/S-0011.wav,polyphonic,Horn,horn,64.94,65.9,0.74,0.75,0.96,84
datased:polyphonic:000084,S-0011,DataSED - DataSED - Dataset for Sound Event Detection of environmental noise/SED_wav/S-0011.wav,polyphonic,Horn,horn,73.67,76.97,0.84,0.87,3.3,85
datased:polyphonic:000085,S-0011,DataSED - DataSED - Dataset for Sound Event Detection of environmental noise/SED_wav/S-0011.wav,polyphonic,Horn,horn,79.11,88.0,0.9,1.0,8.89,86
datased:polyphonic:000086,S-0012,DataSED - DataSED - Dataset for Sound Event Detection of environmental noise/SED_wav/S-0012.wav,polyphonic,Crows seagulls and magpies,crows_seagulls_magpies,0.0,0.84,0.0,0.01,0.84,87
datased:polyphonic:000087,S-0012,DataSED - DataSED - Dataset for Sound Event Detection of environmental noise/SED_wav/S-0012.wav,polyphonic,Birds,birds,0.62,1.62,0.01,0.02,1.0,88
datased:polyphonic:000088,S-0012,DataSED - DataSED - Dataset for Sound Event Detection of environmental noise/SED_wav/S-0012.wav,polyphonic,Crows seagulls and magpies,crows_seagulls_magpies,1.84,2.79,0.02,0.03,0.94,89
datased:polyphonic:000089,S-0012,DataSED - DataSED - Dataset for Sound Event Detection of environmental noise/SED_wav/S-0012.wav,polyphonic,Birds,birds,3.07,3.95,0.03,0.04,0.89,90
datased:polyphonic:000090,S-0012,DataSED - DataSED - Dataset for Sound Event Detection of environmental noise/SED_wav/S-0012.wav,polyphonic,Crows seagulls and magpies,crows_seagulls_magpies,3.9,4.9,0.04,0.05,1.0,91
datased:polyphonic:000091,S-0012,DataSED - DataSED - Dataset for Sound Event Detection of environmental noise/SED_wav/S-0012.wav,polyphonic,Crows seagulls and magpies,crows_seagulls_magpies,6.17,6.79,0.07,0.07,0.61,92
datased:polyphonic:000092,S-0012,DataSED - DataSED - Dataset for Sound Event Detection of environmental noise/SED_wav/S-0012.wav,polyphonic,Thunder fireworks and gunshot,thunder_fireworks_gunshot,6.51,23.0,0.07,0.25,16.49,93
datased:polyphonic:000093,S-0012,DataSED - DataSED - Dataset for Sound Event Detection of environmental noise/SED_wav/S-0012.wav,polyphonic,Crows seagulls and magpies,crows_seagulls_magpies,9.01,9.45,0.1,0.1,0.44,94
datased:polyphonic:000094,S-0012,DataSED - DataSED - Dataset for Sound Event Detection of environmental noise/SED_wav/S-0012.wav,polyphonic,Crows seagulls and magpies,crows_seagulls_magpies,11.39,12.12,0.12,0.13,0.72,95
datased:polyphonic:000095,S-0012,DataSED - DataSED - Dataset for Sound Event Detection of environmental noise/SED_wav/S-0012.wav,polyphonic,Birds,birds,12.45,15.22,0.14,0.17,2.78,96
datased:polyphonic:000096,S-0012,DataSED - DataSED - Dataset for Sound Event Detection of environmental noise/SED_wav/S-0012.wav,polyphonic,Birds,birds,18.5,27.0,0.2,0.29,8.5,97
datased:polyphonic:000097,S-0012,DataSED - DataSED - Dataset for Sound Event Detection of environmental noise/SED_wav/S-0012.wav,polyphonic,Birds,birds,29.49,57.92,0.32,0.63,28.43,98
datased:polyphonic:000098,S-0012,DataSED - DataSED - Dataset for Sound Event Detection of environmental noise/SED_wav/S-0012.wav,polyphonic,Vehicle pass-by,vehicle_pass_by,29.88,41.21,0.33,0.45,11.33,99
datased:polyphonic:000099,S-0012,DataSED - DataSED - Dataset for Sound Event Detection of environmental noise/SED_wav/S-0012.wav,polyphonic,Crows seagulls and magpies,crows_seagulls_magpies,46.32,47.93,0.5,0.52,1.61,100
datased:polyphonic:000100,S-0012,DataSED - DataSED - Dataset for Sound Event Detection of environmental noise/SED_wav/S-0012.wav,polyphonic,Crows seagulls and magpies,crows_seagulls_magpies,52.04,53.04,0.57,0.58,1.0,101
datased:polyphonic:000101,S-0012,DataSED - DataSED - Dataset for Sound Event Detection of environmental noise/SED_wav/S-0012.wav,polyphonic,Crows seagulls and magpies,crows_seagulls_magpies,55.92,56.64,0.61,0.62,0.72,102
datased:polyphonic:000102,S-0012,DataSED - DataSED - Dataset for Sound Event Detection of environmental noise/SED_wav/S-0012.wav,polyphonic,Crows seagulls and magpies,crows_seagulls_magpies,57.37,58.37,0.63,0.64,1.0,103
datased:polyphonic:000103,S-0012,DataSED - DataSED - Dataset for Sound Event Detection of environmental noise/SED_wav/S-0012.wav,polyphonic,Jet aircrafts,jet_aircrafts,60.53,78.63,0.66,0.86,18.1,104
datased:polyphonic:000104,S-0012,DataSED - DataSED - Dataset for Sound Event Detection of environmental noise/SED_wav/S-0012.wav,polyphonic,Birds,birds,60.53,65.53,0.66,0.71,5.0,105
datased:polyphonic:000105,S-0012,DataSED - DataSED - Dataset for Sound Event Detection of environmental noise/SED_wav/S-0012.wav,polyphonic,Crows seagulls and magpies,crows_seagulls_magpies,66.47,67.31,0.72,0.73,0.83,106
datased:polyphonic:000106,S-0012,DataSED - DataSED - Dataset for Sound Event Detection of environmental noise/SED_wav/S-0012.wav,polyphonic,Crows seagulls and magpies,crows_seagulls_magpies,69.75,70.58,0.76,0.77,0.83,107
datased:polyphonic:000107,S-0012,DataSED - DataSED - Dataset for Sound Event Detection of environmental noise/SED_wav/S-0012.wav,polyphonic,Crows seagulls and magpies,crows_seagulls_magpies,71.41,72.3,0.78,0.79,0.89,108
datased:polyphonic:000108,S-0012,DataSED - DataSED - Dataset for Sound Event Detection of environmental noise/SED_wav/S-0012.wav,polyphonic,Birds,birds,78.24,80.08,0.85,0.87,1.83,109
datased:polyphonic:000109,S-0012,DataSED - DataSED - Dataset for Sound Event Detection of environmental noise/SED_wav/S-0012.wav,polyphonic,Crows seagulls and magpies,crows_seagulls_magpies,78.69,79.3,0.86,0.86,0.61,110
datased:polyphonic:000110,S-0012,DataSED - DataSED - Dataset for Sound Event Detection of environmental noise/SED_wav/S-0012.wav,polyphonic,Birds,birds,85.46,86.79,0.93,0.95,1.33,111
datased:polyphonic:000111,S-0013,DataSED - DataSED - Dataset for Sound Event Detection of environmental noise/SED_wav/S-0013.wav,polyphonic,Birds,birds,0.0,6.58,0.0,0.04,6.58,112
datased:polyphonic:000112,S-0013,DataSED - DataSED - Dataset for Sound Event Detection of environmental noise/SED_wav/S-0013.wav,polyphonic,Birds,birds,11.17,17.83,0.07,0.12,6.65,113
datased:polyphonic:000113,S-0013,DataSED - DataSED - Dataset for Sound Event Detection of environmental noise/SED_wav/S-0013.wav,polyphonic,Propeller aircrafts,propeller_aircrafts,12.2,104.81,0.08,0.68,92.61,114
datased:polyphonic:000114,S-0013,DataSED - DataSED - Dataset for Sound Event Detection of environmental noise/SED_wav/S-0013.wav,polyphonic,Birds,birds,21.58,31.89,0.14,0.21,10.31,115
datased:polyphonic:000115,S-0013,DataSED - DataSED - Dataset for Sound Event Detection of environmental noise/SED_wav/S-0013.wav,polyphonic,Birds,birds,33.76,35.36,0.22,0.23,1.59,116
datased:polyphonic:000116,S-0013,DataSED - DataSED - Dataset for Sound Event Detection of environmental noise/SED_wav/S-0013.wav,polyphonic,Birds,birds,59.26,97.56,0.38,0.63,38.31,117
datased:polyphonic:000117,S-0013,DataSED - DataSED - Dataset for Sound Event Detection of environmental noise/SED_wav/S-0013.wav,polyphonic,Birds,birds,98.25,126.56,0.63,0.82,28.31,118
datased:polyphonic:000118,S-0013,DataSED - DataSED - Dataset for Sound Event Detection of environmental noise/SED_wav/S-0013.wav,polyphonic,Vehicle pass-by,vehicle_pass_by,127.4,137.43,0.82,0.89,10.03,119
datased:polyphonic:000119,S-0013,DataSED - DataSED - Dataset for Sound Event Detection of environmental noise/SED_wav/S-0013.wav,polyphonic,Jet aircrafts,jet_aircrafts,137.43,141.18,0.89,0.91,3.75,120
datased:polyphonic:000120,S-0013,DataSED - DataSED - Dataset for Sound Event Detection of environmental noise/SED_wav/S-0013.wav,polyphonic,Birds,birds,141.18,150.18,0.91,0.97,9.0,121
datased:polyphonic:000121,S-0014,DataSED - DataSED - Dataset for Sound Event Detection of environmental noise/SED_wav/S-0014.wav,polyphonic,Crows seagulls and magpies,crows_seagulls_magpies,0.0,3.42,0.0,0.05,3.42,122
datased:polyphonic:000122,S-0014,DataSED - DataSED - Dataset for Sound Event Detection of environmental noise/SED_wav/S-0014.wav,polyphonic,Vehicle pass-by,vehicle_pass_by,1.94,13.24,0.03,0.2,11.3,123
datased:polyphonic:000123,S-0014,DataSED - DataSED - Dataset for Sound Event Detection of environmental noise/SED_wav/S-0014.wav,polyphonic,Workshop,workshop,3.09,4.12,0.05,0.06,1.03,124
datased:polyphonic:000124,S-0014,DataSED - DataSED - Dataset for Sound Event Detection of environmental noise/SED_wav/S-0014.wav,polyphonic,Crows seagulls and magpies,crows_seagulls_magpies,8.6,9.3,0.13,0.14,0.7,125
datased:polyphonic:000125,S-0014,DataSED - DataSED - Dataset for Sound Event Detection of environmental noise/SED_wav/S-0014.wav,polyphonic,Crows seagulls and magpies,crows_seagulls_magpies,10.82,11.35,0.16,0.17,0.53,126
datased:polyphonic:000126,S-0014,DataSED - DataSED - Dataset for Sound Event Detection of environmental noise/SED_wav/S-0014.wav,polyphonic,Crows seagulls and magpies,crows_seagulls_magpies,12.59,13.24,0.19,0.2,0.66,127
datased:polyphonic:000127,S-0014,DataSED - DataSED - Dataset for Sound Event Detection of environmental noise/SED_wav/S-0014.wav,polyphonic,Crows seagulls and magpies,crows_seagulls_magpies,13.57,45.55,0.2,0.67,31.98,128
datased:polyphonic:000128,S-0014,DataSED - DataSED - Dataset for Sound Event Detection of environmental noise/SED_wav/S-0014.wav,polyphonic,Vehicle pass-by,vehicle_pass_by,39.88,51.72,0.59,0.76,11.84,129
datased:polyphonic:000129,S-0014,DataSED - DataSED - Dataset for Sound Event Detection of environmental noise/SED_wav/S-0014.wav,polyphonic,Crows seagulls and magpies,crows_seagulls_magpies,47.24,48.14,0.7,0.71,0.9,130
datased:polyphonic:000130,S-0014,DataSED - DataSED - Dataset for Sound Event Detection of environmental noise/SED_wav/S-0014.wav,polyphonic,Crows seagulls and magpies,crows_seagulls_magpies,51.56,67.92,0.76,1.0,16.36,131
datased:polyphonic:000131,S-0015,DataSED - DataSED - Dataset for Sound Event Detection of environmental noise/SED_wav/S-0015.wav,polyphonic,Crows seagulls and magpies,crows_seagulls_magpies,0.0,5.92,0.0,0.07,5.92,132
datased:polyphonic:000132,S-0015,DataSED - DataSED - Dataset for Sound Event Detection of environmental noise/SED_wav/S-0015.wav,polyphonic,Crows seagulls and magpies,crows_seagulls_magpies,6.27,15.28,0.08,0.18,9.01,133
datased:polyphonic:000133,S-0015,DataSED - DataSED - Dataset for Sound Event Detection of environmental noise/SED_wav/S-0015.wav,polyphonic,Crows seagulls and magpies,crows_seagulls_magpies,16.09,19.59,0.19,0.24,3.51,134
datased:polyphonic:000134,S-0015,DataSED - DataSED - Dataset for Sound Event Detection of environmental noise/SED_wav/S-0015.wav,polyphonic,Crows seagulls and magpies,crows_seagulls_magpies,21.49,22.65,0.26,0.27,1.15,135
datased:polyphonic:000135,S-0015,DataSED - DataSED - Dataset for Sound Event Detection of environmental noise/SED_wav/S-0015.wav,polyphonic,Vehicle idling,vehicle_idling,23.1,72.58,0.28,0.88,49.48,136
datased:polyphonic:000136,S-0015,DataSED - DataSED - Dataset for Sound Event Detection of environmental noise/SED_wav/S-0015.wav,polyphonic,Crows seagulls and magpies,crows_seagulls_magpies,39.72,40.63,0.48,0.49,0.9,137
datased:polyphonic:000137,S-0015,DataSED - DataSED - Dataset for Sound Event Detection of environmental noise/SED_wav/S-0015.wav,polyphonic,Crows seagulls and magpies,crows_seagulls_magpies,46.58,58.85,0.56,0.71,12.27,138
datased:polyphonic:000138,S-0015,DataSED - DataSED - Dataset for Sound Event Detection of environmental noise/SED_wav/S-0015.wav,polyphonic,Crows seagulls and magpies,crows_seagulls_magpies,60.11,61.11,0.73,0.74,1.0,139
datased:polyphonic:000139,S-0015,DataSED - DataSED - Dataset for Sound Event Detection of environmental noise/SED_wav/S-0015.wav,polyphonic,Vehicle pass-by,vehicle_pass_by,72.58,82.74,0.88,1.0,10.17,140
datased:polyphonic:000140,S-0016,DataSED - DataSED - Dataset for Sound Event Detection of environmental noise/SED_wav/S-0016.wav,polyphonic,Birds,birds,0.04,23.79,0.0,0.39,23.75,141
datased:polyphonic:000141,S-0016,DataSED - DataSED - Dataset for Sound Event Detection of environmental noise/SED_wav/S-0016.wav,polyphonic,Workshop,workshop,13.37,14.29,0.22,0.23,0.92,142
datased:polyphonic:000142,S-0016,DataSED - DataSED - Dataset for Sound Event Detection of environmental noise/SED_wav/S-0016.wav,polyphonic,Workshop,workshop,16.68,18.27,0.27,0.3,1.58,143
datased:polyphonic:000143,S-0016,DataSED - DataSED - Dataset for Sound Event Detection of environmental noise/SED_wav/S-0016.wav,polyphonic,Vehicle idling,vehicle_idling,23.75,49.38,0.39,0.81,25.62,144
datased:polyphonic:000144,S-0016,DataSED - DataSED - Dataset for Sound Event Detection of environmental noise/SED_wav/S-0016.wav,polyphonic,Birds,birds,27.1,60.83,0.45,1.0,33.72,145
datased:polyphonic:000145,S-0017,DataSED - DataSED - Dataset for Sound Event Detection of environmental noise/SED_wav/S-0017.wav,polyphonic,Vehicle pass-by,vehicle_pass_by,0.0,5.31,0.0,0.05,5.31,146
datased:polyphonic:000146,S-0017,DataSED - DataSED - Dataset for Sound Event Detection of environmental noise/SED_wav/S-0017.wav,polyphonic,Vehicle pass-by,vehicle_pass_by,17.07,51.49,0.17,0.51,34.42,147
datased:polyphonic:000147,S-0017,DataSED - DataSED - Dataset for Sound Event Detection of environmental noise/SED_wav/S-0017.wav,polyphonic,Train,train,48.04,67.8,0.47,0.67,19.76,148
datased:polyphonic:000148,S-0017,DataSED - DataSED - Dataset for Sound Event Detection of environmental noise/SED_wav/S-0017.wav,polyphonic,Vehicle pass-by,vehicle_pass_by,90.83,101.73,0.89,1.0,10.9,149
datased:polyphonic:000149,S-0018,DataSED - DataSED - Dataset for Sound Event Detection of environmental noise/SED_wav/S-0018.wav,polyphonic,Workshop,workshop,0.0,54.73,0.0,0.51,54.73,150
datased:polyphonic:000150,S-0018,DataSED - DataSED - Dataset for Sound Event Detection of environmental noise/SED_wav/S-0018.wav,polyphonic,Horn,horn,26.43,27.66,0.25,0.26,1.23,151
datased:polyphonic:000151,S-0018,DataSED - DataSED - Dataset for Sound Event Detection of environmental noise/SED_wav/S-0018.wav,polyphonic,Voices,voices,57.39,59.01,0.54,0.55,1.62,152
datased:polyphonic:000152,S-0018,DataSED - DataSED - Dataset for Sound Event Detection of environmental noise/SED_wav/S-0018.wav,polyphonic,Horn,horn,60.37,61.53,0.56,0.58,1.17,153
datased:polyphonic:000153,S-0018,DataSED - DataSED - Dataset for Sound Event Detection of environmental noise/SED_wav/S-0018.wav,polyphonic,Vehicle pass-by,vehicle_pass_by,72.87,85.1,0.68,0.8,12.24,154
datased:polyphonic:000154,S-0018,DataSED - DataSED - Dataset for Sound Event Detection of environmental noise/SED_wav/S-0018.wav,polyphonic,Workshop,workshop,74.94,78.5,0.7,0.73,3.56,155
datased:polyphonic:000155,S-0018,DataSED - DataSED - Dataset for Sound Event Detection of environmental noise/SED_wav/S-0018.wav,polyphonic,Horn,horn,80.64,81.74,0.75,0.76,1.1,156
datased:polyphonic:000156,S-0018,DataSED - DataSED - Dataset for Sound Event Detection of environmental noise/SED_wav/S-0018.wav,polyphonic,Vehicle idling,vehicle_idling,84.72,91.0,0.79,0.85,6.28,157
datased:polyphonic:000157,S-0018,DataSED - DataSED - Dataset for Sound Event Detection of environmental noise/SED_wav/S-0018.wav,polyphonic,Voices,voices,92.1,95.47,0.86,0.89,3.37,158
datased:polyphonic:000158,S-0018,DataSED - DataSED - Dataset for Sound Event Detection of environmental noise/SED_wav/S-0018.wav,polyphonic,Voices,voices,101.62,105.44,0.95,0.99,3.82,159
datased:polyphonic:000159,S-0019,DataSED - DataSED - Dataset for Sound Event Detection of environmental noise/SED_wav/S-0019.wav,polyphonic,Birds,birds,0.65,47.08,0.01,0.58,46.43,160
datased:polyphonic:000160,S-0019,DataSED - DataSED - Dataset for Sound Event Detection of environmental noise/SED_wav/S-0019.wav,polyphonic,Crows seagulls and magpies,crows_seagulls_magpies,6.34,7.76,0.08,0.1,1.42,161
datased:polyphonic:000161,S-0019,DataSED - DataSED - Dataset for Sound Event Detection of environmental noise/SED_wav/S-0019.wav,polyphonic,Crows seagulls and magpies,crows_seagulls_magpies,11.83,46.98,0.15,0.58,35.16,162
datased:polyphonic:000162,S-0019,DataSED - DataSED - Dataset for Sound Event Detection of environmental noise/SED_wav/S-0019.wav,polyphonic,Train,train,47.87,64.34,0.59,0.79,16.48,163
datased:polyphonic:000163,S-0019,DataSED - DataSED - Dataset for Sound Event Detection of environmental noise/SED_wav/S-0019.wav,polyphonic,Birds,birds,61.3,81.01,0.76,1.0,19.71,164
datased:polyphonic:000164,S-0019,DataSED - DataSED - Dataset for Sound Event Detection of environmental noise/SED_wav/S-0019.wav,polyphonic,Crows seagulls and magpies,crows_seagulls_magpies,64.29,69.49,0.79,0.86,5.2,165
datased:polyphonic:000165,S-0019,DataSED - DataSED - Dataset for Sound Event Detection of environmental noise/SED_wav/S-0019.wav,polyphonic,Crows seagulls and magpies,crows_seagulls_magpies,71.89,81.01,0.89,1.0,9.12,166
datased:polyphonic:000166,S-0020,DataSED - DataSED - Dataset for Sound Event Detection of environmental noise/SED_wav/S-0020.wav,polyphonic,Vehicle pass-by,vehicle_pass_by,0.0,29.1,0.0,0.24,29.1,167
datased:polyphonic:000167,S-0020,DataSED - DataSED - Dataset for Sound Event Detection of environmental noise/SED_wav/S-0020.wav,polyphonic,Voices,voices,29.54,31.29,0.25,0.26,1.75,168
datased:polyphonic:000168,S-0020,DataSED - DataSED - Dataset for Sound Event Detection of environmental noise/SED_wav/S-0020.wav,polyphonic,Vehicle idling,vehicle_idling,31.8,73.35,0.26,0.61,41.55,169
datased:polyphonic:000169,S-0020,DataSED - DataSED - Dataset for Sound Event Detection of environmental noise/SED_wav/S-0020.wav,polyphonic,Vehicle pass-by,vehicle_pass_by,73.28,113.73,0.61,0.94,40.46,170
datased:polyphonic:000170,S-0020,DataSED - DataSED - Dataset for Sound Event Detection of environmental noise/SED_wav/S-0020.wav,polyphonic,Voices,voices,102.0,103.02,0.85,0.86,1.02,171
datased:polyphonic:000171,S-0020,DataSED - DataSED - Dataset for Sound Event Detection of environmental noise/SED_wav/S-0020.wav,polyphonic,Vehicle pass-by,vehicle_pass_by,114.17,120.44,0.95,1.0,6.27,172
datased:polyphonic:000172,S-0021,DataSED - DataSED - Dataset for Sound Event Detection of environmental noise/SED_wav/S-0021.wav,polyphonic,Vehicle pass-by,vehicle_pass_by,0.0,10.37,0.0,0.08,10.37,173
datased:polyphonic:000173,S-0021,DataSED - DataSED - Dataset for Sound Event Detection of environmental noise/SED_wav/S-0021.wav,polyphonic,Horn,horn,2.47,3.39,0.02,0.03,0.92,174
datased:polyphonic:000174,S-0021,DataSED - DataSED - Dataset for Sound Event Detection of environmental noise/SED_wav/S-0021.wav,polyphonic,Vehicle pass-by,vehicle_pass_by,13.97,32.07,0.11,0.25,18.1,175
datased:polyphonic:000175,S-0021,DataSED - DataSED - Dataset for Sound Event Detection of environmental noise/SED_wav/S-0021.wav,polyphonic,Vehicle pass-by,vehicle_pass_by,35.59,44.18,0.28,0.35,8.59,176
datased:polyphonic:000176,S-0021,DataSED - DataSED - Dataset for Sound Event Detection of environmental noise/SED_wav/S-0021.wav,polyphonic,Vehicle pass-by,vehicle_pass_by,45.41,55.99,0.36,0.44,10.58,177
datased:polyphonic:000177,S-0021,DataSED - DataSED - Dataset for Sound Event Detection of environmental noise/SED_wav/S-0021.wav,polyphonic,Vehicle idling,vehicle_idling,64.19,89.34,0.51,0.71,25.15,178
datased:polyphonic:000178,S-0021,DataSED - DataSED - Dataset for Sound Event Detection of environmental noise/SED_wav/S-0021.wav,polyphonic,Vehicle pass-by,vehicle_pass_by,89.42,125.91,0.71,0.99,36.5,179
datased:polyphonic:000179,S-0021,DataSED - DataSED - Dataset for Sound Event Detection of environmental noise/SED_wav/S-0021.wav,polyphonic,Horn,horn,91.79,93.25,0.72,0.74,1.46,180
datased:polyphonic:000180,S-0022,DataSED - DataSED - Dataset for Sound Event Detection of environmental noise/SED_wav/S-0022.wav,polyphonic,Birds,birds,0.0,8.32,0.0,0.26,8.32,181
datased:polyphonic:000181,S-0022,DataSED - DataSED - Dataset for Sound Event Detection of environmental noise/SED_wav/S-0022.wav,polyphonic,Vehicle pass-by,vehicle_pass_by,2.25,8.08,0.07,0.25,5.83,182
datased:polyphonic:000182,S-0022,DataSED - DataSED - Dataset for Sound Event Detection of environmental noise/SED_wav/S-0022.wav,polyphonic,Bells,bells,8.47,24.55,0.26,0.77,16.08,183
datased:polyphonic:000183,S-0023,DataSED - DataSED - Dataset for Sound Event Detection of environmental noise/SED_wav/S-0023.wav,polyphonic,Voices,voices,1.92,13.51,0.02,0.14,11.58,184
datased:polyphonic:000184,S-0023,DataSED - DataSED - Dataset for Sound Event Detection of environmental noise/SED_wav/S-0023.wav,polyphonic,Vehicle pass-by,vehicle_pass_by,13.27,22.1,0.13,0.22,8.84,185
datased:polyphonic:000185,S-0023,DataSED - DataSED - Dataset for Sound Event Detection of environmental noise/SED_wav/S-0023.wav,polyphonic,Vehicle pass-by,vehicle_pass_by,38.23,50.64,0.39,0.51,12.42,186
datased:polyphonic:000186,S-0023,DataSED - DataSED - Dataset for Sound Event Detection of environmental noise/SED_wav/S-0023.wav,polyphonic,Workshop,workshop,88.74,95.78,0.9,0.97,7.05,187
datased:polyphonic:000187,S-0024,DataSED - DataSED - Dataset for Sound Event Detection of environmental noise/SED_wav/S-0024.wav,polyphonic,Voices,voices,11.77,23.48,0.15,0.31,11.71,188
datased:polyphonic:000188,S-0024,DataSED - DataSED - Dataset for Sound Event Detection of environmental noise/SED_wav/S-0024.wav,polyphonic,Voices,voices,29.2,34.5,0.38,0.45,5.3,189
datased:polyphonic:000189,S-0024,DataSED - DataSED - Dataset for Sound Event Detection of environmental noise/SED_wav/S-0024.wav,polyphonic,Workshop,workshop,35.9,40.92,0.47,0.53,5.02,190
datased:polyphonic:000190,S-0025,DataSED - DataSED - Dataset for Sound Event Detection of environmental noise/SED_wav/S-0025.wav,polyphonic,Music,music,5.92,27.93,0.06,0.3,22.01,191
datased:polyphonic:000191,S-0025,DataSED - DataSED - Dataset for Sound Event Detection of environmental noise/SED_wav/S-0025.wav,polyphonic,Voices,voices,10.43,22.98,0.11,0.25,12.55,192
datased:polyphonic:000192,S-0025,DataSED - DataSED - Dataset for Sound Event Detection of environmental noise/SED_wav/S-0025.wav,polyphonic,Workshop,workshop,22.92,32.83,0.25,0.35,9.91,193
datased:polyphonic:000193,S-0025,DataSED - DataSED - Dataset for Sound Event Detection of environmental noise/SED_wav/S-0025.wav,polyphonic,Vehicle pass-by,vehicle_pass_by,28.66,42.4,0.31,0.46,13.74,194
datased:polyphonic:000194,S-0025,DataSED - DataSED - Dataset for Sound Event Detection of environmental noise/SED_wav/S-0025.wav,polyphonic,Vehicle pass-by,vehicle_pass_by,48.76,62.44,0.52,0.67,13.68,195
datased:polyphonic:000195,S-0025,DataSED - DataSED - Dataset for Sound Event Detection of environmental noise/SED_wav/S-0025.wav,polyphonic,Vehicle idling,vehicle_idling,68.46,75.84,0.74,0.82,7.37,196
datased:polyphonic:000196,S-0025,DataSED - DataSED - Dataset for Sound Event Detection of environmental noise/SED_wav/S-0025.wav,polyphonic,Voices,voices,72.51,83.27,0.78,0.9,10.75,197
datased:polyphonic:000197,S-0025,DataSED - DataSED - Dataset for Sound Event Detection of environmental noise/SED_wav/S-0025.wav,polyphonic,Vehicle pass-by,vehicle_pass_by,82.03,92.84,0.88,1.0,10.81,198
datased:polyphonic:000198,S-0025,DataSED - DataSED - Dataset for Sound Event Detection of environmental noise/SED_wav/S-0025.wav,polyphonic,Workshop,workshop,88.0,90.08,0.95,0.97,2.08,199
datased:polyphonic:000199,S-0025,DataSED - DataSED - Dataset for Sound Event Detection of environmental noise/SED_wav/S-0025.wav,polyphonic,Voices,voices,91.09,92.84,0.98,1.0,1.75,200
datased:polyphonic:000200,S-0026,DataSED - DataSED - Dataset for Sound Event Detection of environmental noise/SED_wav/S-0026.wav,polyphonic,Voices,voices,2.16,3.23,0.05,0.08,1.07,201
datased:polyphonic:000201,S-0026,DataSED - DataSED - Dataset for Sound Event Detection of environmental noise/SED_wav/S-0026.wav,polyphonic,Workshop,workshop,7.44,11.01,0.18,0.27,3.57,202
datased:polyphonic:000202,S-0026,DataSED - DataSED - Dataset for Sound Event Detection of environmental noise/SED_wav/S-0026.wav,polyphonic,Workshop,workshop,13.41,17.01,0.33,0.42,3.59,203
datased:polyphonic:000203,S-0026,DataSED - DataSED - Dataset for Sound Event Detection of environmental noise/SED_wav/S-0026.wav,polyphonic,Voices,voices,15.87,16.91,0.39,0.41,1.04,204
datased:polyphonic:000204,S-0026,DataSED - DataSED - Dataset for Sound Event Detection of environmental noise/SED_wav/S-0026.wav,polyphonic,Workshop,workshop,21.89,26.7,0.53,0.65,4.81,205
datased:polyphonic:000205,S-0026,DataSED - DataSED - Dataset for Sound Event Detection of environmental noise/SED_wav/S-0026.wav,polyphonic,Voices,voices,25.88,26.67,0.63,0.65,0.79,206
datased:polyphonic:000206,S-0026,DataSED - DataSED - Dataset for Sound Event Detection of environmental noise/SED_wav/S-0026.wav,polyphonic,Voices,voices,36.07,40.8,0.88,1.0,4.73,207
datased:polyphonic:000207,S-0026,DataSED - DataSED - Dataset for Sound Event Detection of environmental noise/SED_wav/S-0026.wav,polyphonic,Workshop,workshop,37.36,40.8,0.91,1.0,3.45,208
datased:polyphonic:000208,S-0027,DataSED - DataSED - Dataset for Sound Event Detection of environmental noise/SED_wav/S-0027.wav,polyphonic,Voices,voices,0.0,1.65,0.0,0.03,1.65,209
datased:polyphonic:000209,S-0027,DataSED - DataSED - Dataset for Sound Event Detection of environmental noise/SED_wav/S-0027.wav,polyphonic,Vehicle pass-by,vehicle_pass_by,1.65,10.84,0.03,0.23,9.19,210
datased:polyphonic:000210,S-0027,DataSED - DataSED - Dataset for Sound Event Detection of environmental noise/SED_wav/S-0027.wav,polyphonic,Workshop,workshop,7.23,8.76,0.15,0.18,1.53,211
datased:polyphonic:000211,S-0027,DataSED - DataSED - Dataset for Sound Event Detection of environmental noise/SED_wav/S-0027.wav,polyphonic,Voices,voices,9.16,22.37,0.19,0.47,13.2,212
datased:polyphonic:000212,S-0027,DataSED - DataSED - Dataset for Sound Event Detection of environmental noise/SED_wav/S-0027.wav,polyphonic,Birds,birds,12.83,21.94,0.27,0.46,9.1,213
datased:polyphonic:000213,S-0027,DataSED - DataSED - Dataset for Sound Event Detection of environmental noise/SED_wav/S-0027.wav,polyphonic,Voices,voices,24.65,38.84,0.52,0.81,14.19,214
datased:polyphonic:000214,S-0027,DataSED - DataSED - Dataset for Sound Event Detection of environmental noise/SED_wav/S-0027.wav,polyphonic,Birds,birds,24.82,38.75,0.52,0.81,13.93,215
datased:polyphonic:000215,S-0027,DataSED - DataSED - Dataset for Sound Event Detection of environmental noise/SED_wav/S-0027.wav,polyphonic,Crows seagulls and magpies,crows_seagulls_magpies,37.65,38.11,0.79,0.8,0.46,216
datased:polyphonic:000216,S-0027,DataSED - DataSED - Dataset for Sound Event Detection of environmental noise/SED_wav/S-0027.wav,polyphonic,Voices,voices,40.69,47.59,0.85,1.0,6.91,217
datased:polyphonic:000217,S-0027,DataSED - DataSED - Dataset for Sound Event Detection of environmental noise/SED_wav/S-0027.wav,polyphonic,Crows seagulls and magpies,crows_seagulls_magpies,42.02,44.27,0.88,0.93,2.25,218
datased:polyphonic:000218,S-0027,DataSED - DataSED - Dataset for Sound Event Detection of environmental noise/SED_wav/S-0027.wav,polyphonic,Vehicle pass-by,vehicle_pass_by,45.94,47.48,0.96,0.99,1.53,219
datased:polyphonic:000219,S-0028,DataSED - DataSED - Dataset for Sound Event Detection of environmental noise/SED_wav/S-0028.wav,polyphonic,Vehicle idling,vehicle_idling,0.2,36.72,0.0,0.47,36.52,220
datased:polyphonic:000220,S-0028,DataSED - DataSED - Dataset for Sound Event Detection of environmental noise/SED_wav/S-0028.wav,polyphonic,Workshop,workshop,19.32,26.23,0.25,0.33,6.91,221
datased:polyphonic:000221,S-0028,DataSED - DataSED - Dataset for Sound Event Detection of environmental noise/SED_wav/S-0028.wav,polyphonic,Vehicle pass-by,vehicle_pass_by,36.72,55.89,0.47,0.71,19.17,222
datased:polyphonic:000222,S-0028,DataSED - DataSED - Dataset for Sound Event Detection of environmental noise/SED_wav/S-0028.wav,polyphonic,Dog barkings and howlings,dog_barkings_and_howlings,46.64,49.93,0.59,0.63,3.29,223
datased:polyphonic:000223,S-0028,DataSED - DataSED - Dataset for Sound Event Detection of environmental noise/SED_wav/S-0028.wav,polyphonic,Voices,voices,50.74,52.03,0.64,0.66,1.29,224
datased:polyphonic:000224,S-0028,DataSED - DataSED - Dataset for Sound Event Detection of environmental noise/SED_wav/S-0028.wav,polyphonic,Workshop,workshop,56.75,61.95,0.72,0.79,5.2,225
datased:polyphonic:000225,S-0028,DataSED - DataSED - Dataset for Sound Event Detection of environmental noise/SED_wav/S-0028.wav,polyphonic,Birds,birds,63.04,67.57,0.8,0.86,4.53,226
datased:polyphonic:000226,S-0028,DataSED - DataSED - Dataset for Sound Event Detection of environmental noise/SED_wav/S-0028.wav,polyphonic,Birds,birds,73.44,74.3,0.93,0.94,0.86,227
datased:polyphonic:000227,S-0029,DataSED - DataSED - Dataset for Sound Event Detection of environmental noise/SED_wav/S-0029.wav,polyphonic,Voices,voices,0.67,4.12,0.0,0.03,3.46,228
datased:polyphonic:000228,S-0029,DataSED - DataSED - Dataset for Sound Event Detection of environmental noise/SED_wav/S-0029.wav,polyphonic,Birds,birds,8.52,9.91,0.06,0.06,1.39,229
datased:polyphonic:000229,S-0029,DataSED - DataSED - Dataset for Sound Event Detection of environmental noise/SED_wav/S-0029.wav,polyphonic,Jet aircrafts,jet_aircrafts,31.17,49.29,0.2,0.32,18.12,230
datased:polyphonic:000230,S-0029,DataSED - DataSED - Dataset for Sound Event Detection of environmental noise/SED_wav/S-0029.wav,polyphonic,Birds,birds,62.98,66.12,0.41,0.43,3.14,231
datased:polyphonic:000231,S-0029,DataSED - DataSED - Dataset for Sound Event Detection of environmental noise/SED_wav/S-0029.wav,polyphonic,Vehicle pass-by,vehicle_pass_by,66.4,110.96,0.43,0.73,44.56,232
datased:polyphonic:000232,S-0029,DataSED - DataSED - Dataset for Sound Event Detection of environmental noise/SED_wav/S-0029.wav,polyphonic,Birds,birds,96.54,98.29,0.63,0.64,1.76,233
datased:polyphonic:000233,S-0029,DataSED - DataSED - Dataset for Sound Event Detection of environmental noise/SED_wav/S-0029.wav,polyphonic,Birds,birds,102.82,104.95,0.67,0.69,2.13,234
datased:polyphonic:000234,S-0029,DataSED - DataSED - Dataset for Sound Event Detection of environmental noise/SED_wav/S-0029.wav,polyphonic,Birds,birds,111.88,113.73,0.73,0.74,1.85,235
datased:polyphonic:000235,S-0029,DataSED - DataSED - Dataset for Sound Event Detection of environmental noise/SED_wav/S-0029.wav,polyphonic,Vehicle idling,vehicle_idling,120.57,148.12,0.79,0.97,27.55,236
datased:polyphonic:000236,S-0029,DataSED - DataSED - Dataset for Sound Event Detection of environmental noise/SED_wav/S-0029.wav,polyphonic,Birds,birds,144.24,146.64,0.94,0.96,2.4,237
datased:polyphonic:000237,S-0030,DataSED - DataSED - Dataset for Sound Event Detection of environmental noise/SED_wav/S-0030.wav,polyphonic,Birds,birds,0.0,2.76,0.0,0.02,2.76,238
datased:polyphonic:000238,S-0030,DataSED - DataSED - Dataset for Sound Event Detection of environmental noise/SED_wav/S-0030.wav,polyphonic,Birds,birds,10.05,11.25,0.07,0.08,1.2,239
datased:polyphonic:000239,S-0030,DataSED - DataSED - Dataset for Sound Event Detection of environmental noise/SED_wav/S-0030.wav,polyphonic,Birds,birds,14.25,19.22,0.1,0.14,4.97,240
datased:polyphonic:000240,S-0030,DataSED - DataSED - Dataset for Sound Event Detection of environmental noise/SED_wav/S-0030.wav,polyphonic,Birds,birds,19.73,22.39,0.14,0.16,2.66,241
datased:polyphonic:000241,S-0030,DataSED - DataSED - Dataset for Sound Event Detection of environmental noise/SED_wav/S-0030.wav,polyphonic,Birds,birds,23.51,26.76,0.17,0.19,3.26,242
datased:polyphonic:000242,S-0030,DataSED - DataSED - Dataset for Sound Event Detection of environmental noise/SED_wav/S-0030.wav,polyphonic,Birds,birds,29.25,31.65,0.21,0.22,2.4,243
datased:polyphonic:000243,S-0030,DataSED - DataSED - Dataset for Sound Event Detection of environmental noise/SED_wav/S-0030.wav,polyphonic,Birds,birds,33.54,36.02,0.24,0.25,2.49,244
datased:polyphonic:000244,S-0030,DataSED - DataSED - Dataset for Sound Event Detection of environmental noise/SED_wav/S-0030.wav,polyphonic,Birds,birds,40.14,42.37,0.28,0.3,2.23,245
datased:polyphonic:000245,S-0030,DataSED - DataSED - Dataset for Sound Event Detection of environmental noise/SED_wav/S-0030.wav,polyphonic,Birds,birds,44.85,48.11,0.32,0.34,3.26,246
datased:polyphonic:000246,S-0030,DataSED - DataSED - Dataset for Sound Event Detection of environmental noise/SED_wav/S-0030.wav,polyphonic,Birds,birds,54.02,58.4,0.38,0.41,4.37,247
datased:polyphonic:000247,S-0030,DataSED - DataSED - Dataset for Sound Event Detection of environmental noise/SED_wav/S-0030.wav,polyphonic,Birds,birds,59.77,62.77,0.42,0.44,3.0,248
datased:polyphonic:000248,S-0030,DataSED - DataSED - Dataset for Sound Event Detection of environmental noise/SED_wav/S-0030.wav,polyphonic,Birds,birds,64.31,65.43,0.45,0.46,1.11,249
datased:polyphonic:000249,S-0030,DataSED - DataSED - Dataset for Sound Event Detection of environmental noise/SED_wav/S-0030.wav,polyphonic,Birds,birds,67.48,68.68,0.48,0.48,1.2,250
datased:polyphonic:000250,S-0030,DataSED - DataSED - Dataset for Sound Event Detection of environmental noise/SED_wav/S-0030.wav,polyphonic,Birds,birds,73.48,74.86,0.52,0.53,1.37,251
datased:polyphonic:000251,S-0030,DataSED - DataSED - Dataset for Sound Event Detection of environmental noise/SED_wav/S-0030.wav,polyphonic,Birds,birds,77.09,80.26,0.54,0.57,3.17,252
datased:polyphonic:000252,S-0030,DataSED - DataSED - Dataset for Sound Event Detection of environmental noise/SED_wav/S-0030.wav,polyphonic,Birds,birds,80.51,85.14,0.57,0.6,4.63,253
datased:polyphonic:000253,S-0030,DataSED - DataSED - Dataset for Sound Event Detection of environmental noise/SED_wav/S-0030.wav,polyphonic,Birds,birds,87.72,90.97,0.62,0.64,3.26,254
datased:polyphonic:000254,S-0030,DataSED - DataSED - Dataset for Sound Event Detection of environmental noise/SED_wav/S-0030.wav,polyphonic,Vehicle pass-by,vehicle_pass_by,94.83,131.95,0.67,0.93,37.12,255
datased:polyphonic:000255,S-0030,DataSED - DataSED - Dataset for Sound Event Detection of environmental noise/SED_wav/S-0030.wav,polyphonic,Birds,birds,99.55,103.57,0.7,0.73,4.03,256
datased:polyphonic:000256,S-0030,DataSED - DataSED - Dataset for Sound Event Detection of environmental noise/SED_wav/S-0030.wav,polyphonic,Birds,birds,133.49,134.95,0.94,0.95,1.46,257
datased:polyphonic:000257,S-0030,DataSED - DataSED - Dataset for Sound Event Detection of environmental noise/SED_wav/S-0030.wav,polyphonic,Birds,birds,137.18,138.04,0.97,0.97,0.86,258
datased:polyphonic:000258,S-0030,DataSED - DataSED - Dataset for Sound Event Detection of environmental noise/SED_wav/S-0030.wav,polyphonic,Birds,birds,139.58,141.21,0.99,1.0,1.63,259
datased:polyphonic:000259,S-0031,DataSED - DataSED - Dataset for Sound Event Detection of environmental noise/SED_wav/S-0031.wav,polyphonic,Vehicle pass-by,vehicle_pass_by,1.82,8.12,0.01,0.06,6.31,260
datased:polyphonic:000260,S-0031,DataSED - DataSED - Dataset for Sound Event Detection of environmental noise/SED_wav/S-0031.wav,polyphonic,Birds,birds,7.88,9.43,0.06,0.07,1.56,261
datased:polyphonic:000261,S-0031,DataSED - DataSED - Dataset for Sound Event Detection of environmental noise/SED_wav/S-0031.wav,polyphonic,Birds,birds,10.74,12.05,0.08,0.09,1.31,262
datased:polyphonic:000262,S-0031,DataSED - DataSED - Dataset for Sound Event Detection of environmental noise/SED_wav/S-0031.wav,polyphonic,Birds,birds,19.83,20.73,0.15,0.15,0.9,263
datased:polyphonic:000263,S-0031,DataSED - DataSED - Dataset for Sound Event Detection of environmental noise/SED_wav/S-0031.wav,polyphonic,Vehicle pass-by,vehicle_pass_by,20.73,36.37,0.15,0.27,15.64,264
datased:polyphonic:000264,S-0031,DataSED - DataSED - Dataset for Sound Event Detection of environmental noise/SED_wav/S-0031.wav,polyphonic,Birds,birds,23.76,24.83,0.18,0.18,1.06,265
datased:polyphonic:000265,S-0031,DataSED - DataSED - Dataset for Sound Event Detection of environmental noise/SED_wav/S-0031.wav,polyphonic,Birds,birds,32.61,34.49,0.24,0.25,1.88,266
datased:polyphonic:000266,S-0031,DataSED - DataSED - Dataset for Sound Event Detection of environmental noise/SED_wav/S-0031.wav,polyphonic,Birds,birds,40.39,41.04,0.3,0.3,0.66,267
datased:polyphonic:000267,S-0031,DataSED - DataSED - Dataset for Sound Event Detection of environmental noise/SED_wav/S-0031.wav,polyphonic,Train,train,46.53,91.64,0.34,0.68,45.12,268
datased:polyphonic:000268,S-0031,DataSED - DataSED - Dataset for Sound Event Detection of environmental noise/SED_wav/S-0031.wav,polyphonic,Vehicle pass-by,vehicle_pass_by,46.77,64.3,0.35,0.48,17.52,269
datased:polyphonic:000269,S-0031,DataSED - DataSED - Dataset for Sound Event Detection of environmental noise/SED_wav/S-0031.wav,polyphonic,Birds,birds,69.21,76.25,0.51,0.56,7.04,270
datased:polyphonic:000270,S-0031,DataSED - DataSED - Dataset for Sound Event Detection of environmental noise/SED_wav/S-0031.wav,polyphonic,Vehicle pass-by,vehicle_pass_by,74.69,81.98,0.55,0.61,7.29,271
datased:polyphonic:000271,S-0031,DataSED - DataSED - Dataset for Sound Event Detection of environmental noise/SED_wav/S-0031.wav,polyphonic,Sirens and alarms,sirens_and_alarms,92.14,133.4,0.68,0.99,41.27,272
datased:polyphonic:000272,S-0031,DataSED - DataSED - Dataset for Sound Event Detection of environmental noise/SED_wav/S-0031.wav,polyphonic,Crows seagulls and magpies,crows_seagulls_magpies,96.56,97.13,0.71,0.72,0.57,273
datased:polyphonic:000273,S-0031,DataSED - DataSED - Dataset for Sound Event Detection of environmental noise/SED_wav/S-0031.wav,polyphonic,Crows seagulls and magpies,crows_seagulls_magpies,104.5,107.2,0.77,0.79,2.7,274
datased:polyphonic:000274,S-0031,DataSED - DataSED - Dataset for Sound Event Detection of environmental noise/SED_wav/S-0031.wav,polyphonic,Jet aircrafts,jet_aircrafts,110.64,117.52,0.82,0.87,6.88,275
datased:polyphonic:000275,S-0031,DataSED - DataSED - Dataset for Sound Event Detection of environmental noise/SED_wav/S-0031.wav,polyphonic,Train,train,120.14,124.32,0.89,0.92,4.18,276
datased:polyphonic:000276,S-0032,DataSED - DataSED - Dataset for Sound Event Detection of environmental noise/SED_wav/S-0032.wav,polyphonic,Vehicle pass-by,vehicle_pass_by,14.8,31.11,0.16,0.35,16.31,277
datased:polyphonic:000277,S-0032,DataSED - DataSED - Dataset for Sound Event Detection of environmental noise/SED_wav/S-0032.wav,polyphonic,Vehicle pass-by,vehicle_pass_by,35.13,58.57,0.39,0.65,23.43,278
datased:polyphonic:000278,S-0032,DataSED - DataSED - Dataset for Sound Event Detection of environmental noise/SED_wav/S-0032.wav,polyphonic,Vehicle pass-by,vehicle_pass_by,75.8,88.36,0.84,0.98,12.56,279
datased:polyphonic:000279,S-0033,DataSED - DataSED - Dataset for Sound Event Detection of environmental noise/SED_wav/S-0033.wav,polyphonic,Crows seagulls and magpies,crows_seagulls_magpies,6.62,11.92,0.04,0.08,5.3,280
datased:polyphonic:000280,S-0033,DataSED - DataSED - Dataset for Sound Event Detection of environmental noise/SED_wav/S-0033.wav,polyphonic,Train,train,8.76,33.21,0.06,0.22,24.45,281
datased:polyphonic:000281,S-0033,DataSED - DataSED - Dataset for Sound Event Detection of environmental noise/SED_wav/S-0033.wav,polyphonic,Birds,birds,14.71,20.75,0.1,0.14,6.04,282
datased:polyphonic:000282,S-0033,DataSED - DataSED - Dataset for Sound Event Detection of environmental noise/SED_wav/S-0033.wav,polyphonic,Vehicle pass-by,vehicle_pass_by,32.83,45.11,0.21,0.29,12.27,283
datased:polyphonic:000283,S-0033,DataSED - DataSED - Dataset for Sound Event Detection of environmental noise/SED_wav/S-0033.wav,polyphonic,Birds,birds,45.29,46.78,0.29,0.3,1.49,284
datased:polyphonic:000284,S-0033,DataSED - DataSED - Dataset for Sound Event Detection of environmental noise/SED_wav/S-0033.wav,polyphonic,Crows seagulls and magpies,crows_seagulls_magpies,51.8,56.17,0.34,0.37,4.37,285
datased:polyphonic:000285,S-0033,DataSED - DataSED - Dataset for Sound Event Detection of environmental noise/SED_wav/S-0033.wav,polyphonic,Horn,horn,54.03,55.98,0.35,0.36,1.95,286
datased:polyphonic:000286,S-0033,DataSED - DataSED - Dataset for Sound Event Detection of environmental noise/SED_wav/S-0033.wav,polyphonic,Vehicle pass-by,vehicle_pass_by,56.35,69.74,0.37,0.45,13.39,287
datased:polyphonic:000287,S-0033,DataSED - DataSED - Dataset for Sound Event Detection of environmental noise/SED_wav/S-0033.wav,polyphonic,Sirens and alarms,sirens_and_alarms,61.56,63.14,0.4,0.41,1.58,288
datased:polyphonic:000288,S-0033,DataSED - DataSED - Dataset for Sound Event Detection of environmental noise/SED_wav/S-0033.wav,polyphonic,Workshop,workshop,71.32,75.04,0.46,0.49,3.72,289
datased:polyphonic:000289,S-0033,DataSED - DataSED - Dataset for Sound Event Detection of environmental noise/SED_wav/S-0033.wav,polyphonic,Sirens and alarms,sirens_and_alarms,82.1,86.01,0.53,0.56,3.9,290
datased:polyphonic:000290,S-0033,DataSED - DataSED - Dataset for Sound Event Detection of environmental noise/SED_wav/S-0033.wav,polyphonic,Sirens and alarms,sirens_and_alarms,86.66,88.7,0.56,0.58,2.05,291
datased:polyphonic:000291,S-0033,DataSED - DataSED - Dataset for Sound Event Detection of environmental noise/SED_wav/S-0033.wav,polyphonic,Train,train,88.33,111.67,0.58,0.73,23.33,292
datased:polyphonic:000292,S-0033,DataSED - DataSED - Dataset for Sound Event Detection of environmental noise/SED_wav/S-0033.wav,polyphonic,Vehicle pass-by,vehicle_pass_by,111.67,121.71,0.73,0.79,10.04,293
datased:polyphonic:000293,S-0033,DataSED - DataSED - Dataset for Sound Event Detection of environmental noise/SED_wav/S-0033.wav,polyphonic,Vehicle pass-by,vehicle_pass_by,123.19,130.44,0.8,0.85,7.25,294
datased:polyphonic:000294,S-0033,DataSED - DataSED - Dataset for Sound Event Detection of environmental noise/SED_wav/S-0033.wav,polyphonic,Train,train,135.19,151.45,0.88,0.99,16.27,295
datased:polyphonic:000295,S-0034,DataSED - DataSED - Dataset for Sound Event Detection of environmental noise/SED_wav/S-0034.wav,polyphonic,Propeller aircrafts,propeller_aircrafts,0.38,13.25,0.01,0.32,12.87,296
datased:polyphonic:000296,S-0034,DataSED - DataSED - Dataset for Sound Event Detection of environmental noise/SED_wav/S-0034.wav,polyphonic,Birds,birds,1.26,12.04,0.03,0.29,10.78,297
datased:polyphonic:000297,S-0034,DataSED - DataSED - Dataset for Sound Event Detection of environmental noise/SED_wav/S-0034.wav,polyphonic,Horn,horn,13.32,21.87,0.32,0.53,8.55,298
datased:polyphonic:000298,S-0034,DataSED - DataSED - Dataset for Sound Event Detection of environmental noise/SED_wav/S-0034.wav,polyphonic,Birds,birds,22.03,23.76,0.53,0.57,1.73,299
datased:polyphonic:000299,S-0034,DataSED - DataSED - Dataset for Sound Event Detection of environmental noise/SED_wav/S-0034.wav,polyphonic,Train,train,23.53,30.4,0.57,0.73,6.87,300
datased:polyphonic:000300,S-0034,DataSED - DataSED - Dataset for Sound Event Detection of environmental noise/SED_wav/S-0034.wav,polyphonic,Birds,birds,37.52,38.28,0.91,0.92,0.75,301
datased:polyphonic:000301,S-0035,DataSED - DataSED - Dataset for Sound Event Detection of environmental noise/SED_wav/S-0035.wav,polyphonic,Vehicle idling,vehicle_idling,0.09,10.03,0.0,0.08,9.94,302
datased:polyphonic:000302,S-0035,DataSED - DataSED - Dataset for Sound Event Detection of environmental noise/SED_wav/S-0035.wav,polyphonic,Horn,horn,3.3,4.66,0.03,0.04,1.36,303
datased:polyphonic:000303,S-0035,DataSED - DataSED - Dataset for Sound Event Detection of environmental noise/SED_wav/S-0035.wav,polyphonic,Horn,horn,6.88,8.17,0.06,0.07,1.29,304
datased:polyphonic:000304,S-0035,DataSED - DataSED - Dataset for Sound Event Detection of environmental noise/SED_wav/S-0035.wav,polyphonic,Train,train,8.17,26.54,0.07,0.22,18.38,305
datased:polyphonic:000305,S-0035,DataSED - DataSED - Dataset for Sound Event Detection of environmental noise/SED_wav/S-0035.wav,polyphonic,Horn,horn,16.75,18.82,0.14,0.16,2.07,306
datased:polyphonic:000306,S-0035,DataSED - DataSED - Dataset for Sound Event Detection of environmental noise/SED_wav/S-0035.wav,polyphonic,Vehicle idling,vehicle_idling,28.76,43.78,0.24,0.37,15.02,307
datased:polyphonic:000307,S-0035,DataSED - DataSED - Dataset for Sound Event Detection of environmental noise/SED_wav/S-0035.wav,polyphonic,Horn,horn,31.76,33.34,0.27,0.28,1.57,308
datased:polyphonic:000308,S-0035,DataSED - DataSED - Dataset for Sound Event Detection of environmental noise/SED_wav/S-0035.wav,polyphonic,Chicken coop,chicken_coop,36.55,38.91,0.31,0.33,2.36,309
datased:polyphonic:000309,S-0035,DataSED - DataSED - Dataset for Sound Event Detection of environmental noise/SED_wav/S-0035.wav,polyphonic,Vehicle pass-by,vehicle_pass_by,43.85,63.58,0.37,0.54,19.74,310
datased:polyphonic:000310,S-0035,DataSED - DataSED - Dataset for Sound Event Detection of environmental noise/SED_wav/S-0035.wav,polyphonic,Chicken coop,chicken_coop,45.35,46.21,0.38,0.39,0.86,311
datased:polyphonic:000311,S-0035,DataSED - DataSED - Dataset for Sound Event Detection of environmental noise/SED_wav/S-0035.wav,polyphonic,Chicken coop,chicken_coop,61.94,63.22,0.52,0.54,1.29,312
datased:polyphonic:000312,S-0035,DataSED - DataSED - Dataset for Sound Event Detection of environmental noise/SED_wav/S-0035.wav,polyphonic,Train,train,63.8,86.32,0.54,0.73,22.52,313
datased:polyphonic:000313,S-0035,DataSED - DataSED - Dataset for Sound Event Detection of environmental noise/SED_wav/S-0035.wav,polyphonic,Horn,horn,66.23,68.09,0.56,0.58,1.86,314
datased:polyphonic:000314,S-0035,DataSED - DataSED - Dataset for Sound Event Detection of environmental noise/SED_wav/S-0035.wav,polyphonic,Horn,horn,74.95,76.17,0.63,0.64,1.22,315
datased:polyphonic:000315,S-0035,DataSED - DataSED - Dataset for Sound Event Detection of environmental noise/SED_wav/S-0035.wav,polyphonic,Chicken coop,chicken_coop,80.96,81.82,0.69,0.69,0.86,316
datased:polyphonic:000316,S-0035,DataSED - DataSED - Dataset for Sound Event Detection of environmental noise/SED_wav/S-0035.wav,polyphonic,Horn,horn,86.82,88.54,0.73,0.75,1.72,317
datased:polyphonic:000317,S-0035,DataSED - DataSED - Dataset for Sound Event Detection of environmental noise/SED_wav/S-0035.wav,polyphonic,Chicken coop,chicken_coop,89.75,91.25,0.76,0.77,1.5,318
datased:polyphonic:000318,S-0035,DataSED - DataSED - Dataset for Sound Event Detection of environmental noise/SED_wav/S-0035.wav,polyphonic,Dog barkings and howlings,dog_barkings_and_howlings,93.54,95.54,0.79,0.81,2.0,319
datased:polyphonic:000319,S-0035,DataSED - DataSED - Dataset for Sound Event Detection of environmental noise/SED_wav/S-0035.wav,polyphonic,Chicken coop,chicken_coop,95.04,95.9,0.8,0.81,0.86,320
datased:polyphonic:000320,S-0035,DataSED - DataSED - Dataset for Sound Event Detection of environmental noise/SED_wav/S-0035.wav,polyphonic,Dog barkings and howlings,dog_barkings_and_howlings,97.69,100.48,0.83,0.85,2.79,321
datased:polyphonic:000321,S-0035,DataSED - DataSED - Dataset for Sound Event Detection of environmental noise/SED_wav/S-0035.wav,polyphonic,Dog barkings and howlings,dog_barkings_and_howlings,102.05,103.77,0.86,0.88,1.72,322
datased:polyphonic:000322,S-0035,DataSED - DataSED - Dataset for Sound Event Detection of environmental noise/SED_wav/S-0035.wav,polyphonic,Vehicle idling,vehicle_idling,104.34,117.71,0.88,1.0,13.37,323
datased:polyphonic:000323,S-0035,DataSED - DataSED - Dataset for Sound Event Detection of environmental noise/SED_wav/S-0035.wav,polyphonic,Dog barkings and howlings,dog_barkings_and_howlings,104.34,105.77,0.88,0.9,1.43,324
datased:polyphonic:000324,S-0035,DataSED - DataSED - Dataset for Sound Event Detection of environmental noise/SED_wav/S-0035.wav,polyphonic,Chicken coop,chicken_coop,105.27,106.48,0.89,0.9,1.22,325
datased:polyphonic:000325,S-0035,DataSED - DataSED - Dataset for Sound Event Detection of environmental noise/SED_wav/S-0035.wav,polyphonic,Horn,horn,109.27,110.42,0.92,0.93,1.14,326
datased:polyphonic:000326,S-0035,DataSED - DataSED - Dataset for Sound Event Detection of environmental noise/SED_wav/S-0035.wav,polyphonic,Horn,horn,116.57,118.07,0.99,1.0,1.5,327
datased:polyphonic:000327,S-0035,DataSED - DataSED - Dataset for Sound Event Detection of environmental noise/SED_wav/S-0035.wav,polyphonic,Dog barkings and howlings,dog_barkings_and_howlings,116.57,117.64,0.99,1.0,1.07,328
datased:polyphonic:000328,S-0036,DataSED - DataSED - Dataset for Sound Event Detection of environmental noise/SED_wav/S-0036.wav,polyphonic,Vehicle idling,vehicle_idling,0.0,89.98,0.0,1.0,89.98,329
datased:polyphonic:000329,S-0036,DataSED - DataSED - Dataset for Sound Event Detection of environmental noise/SED_wav/S-0036.wav,polyphonic,Horn,horn,5.08,6.27,0.06,0.07,1.2,330
datased:polyphonic:000330,S-0036,DataSED - DataSED - Dataset for Sound Event Detection of environmental noise/SED_wav/S-0036.wav,polyphonic,Chicken coop,chicken_coop,8.18,9.32,0.09,0.1,1.14,331
datased:polyphonic:000331,S-0036,DataSED - DataSED - Dataset for Sound Event Detection of environmental noise/SED_wav/S-0036.wav,polyphonic,Dog barkings and howlings,dog_barkings_and_howlings,10.9,11.77,0.12,0.13,0.87,332
datased:polyphonic:000332,S-0036,DataSED - DataSED - Dataset for Sound Event Detection of environmental noise/SED_wav/S-0036.wav,polyphonic,Dog barkings and howlings,dog_barkings_and_howlings,13.3,14.17,0.15,0.16,0.87,333
datased:polyphonic:000333,S-0036,DataSED - DataSED - Dataset for Sound Event Detection of environmental noise/SED_wav/S-0036.wav,polyphonic,Horn,horn,14.72,16.57,0.16,0.18,1.85,334
datased:polyphonic:000334,S-0036,DataSED - DataSED - Dataset for Sound Event Detection of environmental noise/SED_wav/S-0036.wav,polyphonic,Horn,horn,18.96,19.78,0.21,0.22,0.82,335
datased:polyphonic:000335,S-0036,DataSED - DataSED - Dataset for Sound Event Detection of environmental noise/SED_wav/S-0036.wav,polyphonic,Horn,horn,26.64,27.57,0.3,0.31,0.93,336
datased:polyphonic:000336,S-0036,DataSED - DataSED - Dataset for Sound Event Detection of environmental noise/SED_wav/S-0036.wav,polyphonic,Chicken coop,chicken_coop,27.35,31.92,0.3,0.35,4.57,337
datased:polyphonic:000337,S-0036,DataSED - DataSED - Dataset for Sound Event Detection of environmental noise/SED_wav/S-0036.wav,polyphonic,Dog barkings and howlings,dog_barkings_and_howlings,32.03,32.63,0.36,0.36,0.6,338
datased:polyphonic:000338,S-0036,DataSED - DataSED - Dataset for Sound Event Detection of environmental noise/SED_wav/S-0036.wav,polyphonic,Vehicle pass-by,vehicle_pass_by,32.36,34.21,0.36,0.38,1.85,339
datased:polyphonic:000339,S-0036,DataSED - DataSED - Dataset for Sound Event Detection of environmental noise/SED_wav/S-0036.wav,polyphonic,Horn,horn,33.99,34.59,0.38,0.38,0.6,340
datased:polyphonic:000340,S-0036,DataSED - DataSED - Dataset for Sound Event Detection of environmental noise/SED_wav/S-0036.wav,polyphonic,Vehicle pass-by,vehicle_pass_by,36.34,38.9,0.4,0.43,2.56,341
datased:polyphonic:000341,S-0036,DataSED - DataSED - Dataset for Sound Event Detection of environmental noise/SED_wav/S-0036.wav,polyphonic,Horn,horn,42.98,43.96,0.48,0.49,0.98,342
datased:polyphonic:000342,S-0036,DataSED - DataSED - Dataset for Sound Event Detection of environmental noise/SED_wav/S-0036.wav,polyphonic,Vehicle pass-by,vehicle_pass_by,43.69,47.88,0.49,0.53,4.19,343
datased:polyphonic:000343,S-0036,DataSED - DataSED - Dataset for Sound Event Detection of environmental noise/SED_wav/S-0036.wav,polyphonic,Vehicle pass-by,vehicle_pass_by,58.88,59.97,0.65,0.67,1.09,344
datased:polyphonic:000344,S-0036,DataSED - DataSED - Dataset for Sound Event Detection of environmental noise/SED_wav/S-0036.wav,polyphonic,Horn,horn,61.17,62.15,0.68,0.69,0.98,345
datased:polyphonic:000345,S-0036,DataSED - DataSED - Dataset for Sound Event Detection of environmental noise/SED_wav/S-0036.wav,polyphonic,Dog barkings and howlings,dog_barkings_and_howlings,62.1,65.42,0.69,0.73,3.32,346
datased:polyphonic:000346,S-0036,DataSED - DataSED - Dataset for Sound Event Detection of environmental noise/SED_wav/S-0036.wav,polyphonic,Horn,horn,65.8,66.72,0.73,0.74,0.93,347
datased:polyphonic:000347,S-0036,DataSED - DataSED - Dataset for Sound Event Detection of environmental noise/SED_wav/S-0036.wav,polyphonic,Dog barkings and howlings,dog_barkings_and_howlings,68.74,75.22,0.76,0.84,6.48,348
datased:polyphonic:000348,S-0036,DataSED - DataSED - Dataset for Sound Event Detection of environmental noise/SED_wav/S-0036.wav,polyphonic,Dog barkings and howlings,dog_barkings_and_howlings,76.36,79.14,0.85,0.88,2.78,349
datased:polyphonic:000349,S-0036,DataSED - DataSED - Dataset for Sound Event Detection of environmental noise/SED_wav/S-0036.wav,polyphonic,Chicken coop,chicken_coop,81.27,82.52,0.9,0.92,1.25,350
datased:polyphonic:000350,S-0037,DataSED - DataSED - Dataset for Sound Event Detection of environmental noise/SED_wav/S-0037.wav,polyphonic,Lawn mower brush cutter and olive shaker,lawn_mower_brush_cutter_olive_shaker,1.97,6.36,0.05,0.15,4.4,351
datased:polyphonic:000351,S-0037,DataSED - DataSED - Dataset for Sound Event Detection of environmental noise/SED_wav/S-0037.wav,polyphonic,Lawn mower brush cutter and olive shaker,lawn_mower_brush_cutter_olive_shaker,8.48,18.69,0.2,0.43,10.21,352
datased:polyphonic:000352,S-0037,DataSED - DataSED - Dataset for Sound Event Detection of environmental noise/SED_wav/S-0037.wav,polyphonic,Lawn mower brush cutter and olive shaker,lawn_mower_brush_cutter_olive_shaker,20.94,41.06,0.48,0.95,20.12,353
datased:polyphonic:000353,S-0038,DataSED - DataSED - Dataset for Sound Event Detection of environmental noise/SED_wav/S-0038.wav,polyphonic,Jet aircrafts,jet_aircrafts,1.34,4.52,0.01,0.04,3.18,354
datased:polyphonic:000354,S-0038,DataSED - DataSED - Dataset for Sound Event Detection of environmental noise/SED_wav/S-0038.wav,polyphonic,Vehicle pass-by,vehicle_pass_by,5.61,27.03,0.04,0.21,21.43,355
datased:polyphonic:000355,S-0038,DataSED - DataSED - Dataset for Sound Event Detection of environmental noise/SED_wav/S-0038.wav,polyphonic,Sirens and alarms,sirens_and_alarms,53.97,69.19,0.42,0.54,15.22,356
datased:polyphonic:000356,S-0038,DataSED - DataSED - Dataset for Sound Event Detection of environmental noise/SED_wav/S-0038.wav,polyphonic,Train,train,70.58,80.67,0.55,0.63,10.09,357
datased:polyphonic:000357,S-0038,DataSED - DataSED - Dataset for Sound Event Detection of environmental noise/SED_wav/S-0038.wav,polyphonic,Jet aircrafts,jet_aircrafts,83.94,117.01,0.65,0.91,33.07,358
datased:polyphonic:000358,S-0038,DataSED - DataSED - Dataset for Sound Event Detection of environmental noise/SED_wav/S-0038.wav,polyphonic,Vehicle pass-by,vehicle_pass_by,119.49,123.53,0.93,0.96,4.04,359
datased:polyphonic:000359,S-0039,DataSED - DataSED - Dataset for Sound Event Detection of environmental noise/SED_wav/S-0039.wav,polyphonic,Vehicle pass-by,vehicle_pass_by,0.0,15.14,0.0,0.1,15.14,360
datased:polyphonic:000360,S-0039,DataSED - DataSED - Dataset for Sound Event Detection of environmental noise/SED_wav/S-0039.wav,polyphonic,Train,train,28.53,103.26,0.18,0.65,74.73,361
datased:polyphonic:000361,S-0039,DataSED - DataSED - Dataset for Sound Event Detection of environmental noise/SED_wav/S-0039.wav,polyphonic,Jet aircrafts,jet_aircrafts,146.59,154.49,0.92,0.97,7.9,362
datased:polyphonic:000362,S-0040,DataSED - DataSED - Dataset for Sound Event Detection of environmental noise/SED_wav/S-0040.wav,polyphonic,Vehicle idling,vehicle_idling,0.01,43.81,0.0,0.47,43.8,363
datased:polyphonic:000363,S-0040,DataSED - DataSED - Dataset for Sound Event Detection of environmental noise/SED_wav/S-0040.wav,polyphonic,Birds,birds,3.07,9.97,0.03,0.11,6.9,364
datased:polyphonic:000364,S-0040,DataSED - DataSED - Dataset for Sound Event Detection of environmental noise/SED_wav/S-0040.wav,polyphonic,Birds,birds,11.61,61.13,0.12,0.65,49.52,365
datased:polyphonic:000365,S-0040,DataSED - DataSED - Dataset for Sound Event Detection of environmental noise/SED_wav/S-0040.wav,polyphonic,Voices,voices,17.89,19.99,0.19,0.21,2.09,366
datased:polyphonic:000366,S-0040,DataSED - DataSED - Dataset for Sound Event Detection of environmental noise/SED_wav/S-0040.wav,polyphonic,Voices,voices,31.53,34.14,0.34,0.37,2.6,367
datased:polyphonic:000367,S-0040,DataSED - DataSED - Dataset for Sound Event Detection of environmental noise/SED_wav/S-0040.wav,polyphonic,Voices,voices,52.81,60.22,0.56,0.64,7.41,368
datased:polyphonic:000368,S-0040,DataSED - DataSED - Dataset for Sound Event Detection of environmental noise/SED_wav/S-0040.wav,polyphonic,Vehicle pass-by,vehicle_pass_by,56.66,70.47,0.61,0.75,13.81,369
datased:polyphonic:000369,S-0040,DataSED - DataSED - Dataset for Sound Event Detection of environmental noise/SED_wav/S-0040.wav,polyphonic,Voices,voices,68.26,72.56,0.73,0.78,4.3,370
datased:polyphonic:000370,S-0040,DataSED - DataSED - Dataset for Sound Event Detection of environmental noise/SED_wav/S-0040.wav,polyphonic,Birds,birds,69.34,78.67,0.74,0.84,9.34,371
datased:polyphonic:000371,S-0040,DataSED - DataSED - Dataset for Sound Event Detection of environmental noise/SED_wav/S-0040.wav,polyphonic,Voices,voices,78.73,82.69,0.84,0.88,3.96,372
datased:polyphonic:000372,S-0041,DataSED - DataSED - Dataset for Sound Event Detection of environmental noise/SED_wav/S-0041.wav,polyphonic,Birds,birds,0.0,5.17,0.0,0.04,5.17,373
datased:polyphonic:000373,S-0041,DataSED - DataSED - Dataset for Sound Event Detection of environmental noise/SED_wav/S-0041.wav,polyphonic,Train,train,5.31,36.67,0.04,0.31,31.36,374
datased:polyphonic:000374,S-0041,DataSED - DataSED - Dataset for Sound Event Detection of environmental noise/SED_wav/S-0041.wav,polyphonic,Birds,birds,21.57,35.95,0.18,0.3,14.37,375
datased:polyphonic:000375,S-0041,DataSED - DataSED - Dataset for Sound Event Detection of environmental noise/SED_wav/S-0041.wav,polyphonic,Birds,birds,36.82,59.39,0.31,0.5,22.58,376
datased:polyphonic:000376,S-0041,DataSED - DataSED - Dataset for Sound Event Detection of environmental noise/SED_wav/S-0041.wav,polyphonic,Birds,birds,63.53,64.84,0.53,0.54,1.31,377
datased:polyphonic:000377,S-0041,DataSED - DataSED - Dataset for Sound Event Detection of environmental noise/SED_wav/S-0041.wav,polyphonic,Birds,birds,65.56,66.58,0.55,0.56,1.02,378
datased:polyphonic:000378,S-0041,DataSED - DataSED - Dataset for Sound Event Detection of environmental noise/SED_wav/S-0041.wav,polyphonic,Birds,birds,67.96,69.7,0.57,0.58,1.74,379
datased:polyphonic:000379,S-0041,DataSED - DataSED - Dataset for Sound Event Detection of environmental noise/SED_wav/S-0041.wav,polyphonic,Birds,birds,70.93,72.08,0.59,0.6,1.14,380
datased:polyphonic:000380,S-0041,DataSED - DataSED - Dataset for Sound Event Detection of environmental noise/SED_wav/S-0041.wav,polyphonic,Birds,birds,72.2,74.64,0.6,0.62,2.44,381
datased:polyphonic:000381,S-0041,DataSED - DataSED - Dataset for Sound Event Detection of environmental noise/SED_wav/S-0041.wav,polyphonic,Birds,birds,80.73,84.51,0.67,0.7,3.77,382
datased:polyphonic:000382,S-0041,DataSED - DataSED - Dataset for Sound Event Detection of environmental noise/SED_wav/S-0041.wav,polyphonic,Sirens and alarms,sirens_and_alarms,86.25,116.01,0.72,0.97,29.76,383
datased:polyphonic:000383,S-0041,DataSED - DataSED - Dataset for Sound Event Detection of environmental noise/SED_wav/S-0041.wav,polyphonic,Birds,birds,87.78,91.48,0.73,0.76,3.7,384
datased:polyphonic:000384,S-0041,DataSED - DataSED - Dataset for Sound Event Detection of environmental noise/SED_wav/S-0041.wav,polyphonic,Birds,birds,106.36,119.21,0.89,0.99,12.85,385
datased:polyphonic:000385,S-0042,DataSED - DataSED - Dataset for Sound Event Detection of environmental noise/SED_wav/S-0042.wav,polyphonic,Sirens and alarms,sirens_and_alarms,13.06,62.79,0.05,0.26,49.74,386
datased:polyphonic:000386,S-0042,DataSED - DataSED - Dataset for Sound Event Detection of environmental noise/SED_wav/S-0042.wav,polyphonic,Crows seagulls and magpies,crows_seagulls_magpies,66.79,70.49,0.27,0.29,3.7,387
datased:polyphonic:000387,S-0042,DataSED - DataSED - Dataset for Sound Event Detection of environmental noise/SED_wav/S-0042.wav,polyphonic,Jet aircrafts,jet_aircrafts,72.56,97.88,0.3,0.4,25.31,388
datased:polyphonic:000388,S-0042,DataSED - DataSED - Dataset for Sound Event Detection of environmental noise/SED_wav/S-0042.wav,polyphonic,Birds,birds,97.88,100.98,0.4,0.41,3.11,389
datased:polyphonic:000389,S-0042,DataSED - DataSED - Dataset for Sound Event Detection of environmental noise/SED_wav/S-0042.wav,polyphonic,Birds,birds,115.19,125.11,0.47,0.51,9.92,390
datased:polyphonic:000390,S-0042,DataSED - DataSED - Dataset for Sound Event Detection of environmental noise/SED_wav/S-0042.wav,polyphonic,Train,train,127.78,167.74,0.52,0.69,39.97,391
datased:polyphonic:000391,S-0042,DataSED - DataSED - Dataset for Sound Event Detection of environmental noise/SED_wav/S-0042.wav,polyphonic,Vehicle idling,vehicle_idling,167.6,208.01,0.69,0.85,40.41,392
datased:polyphonic:000392,S-0042,DataSED - DataSED - Dataset for Sound Event Detection of environmental noise/SED_wav/S-0042.wav,polyphonic,Sirens and alarms,sirens_and_alarms,173.07,179.44,0.71,0.73,6.37,393
datased:polyphonic:000393,S-0042,DataSED - DataSED - Dataset for Sound Event Detection of environmental noise/SED_wav/S-0042.wav,polyphonic,Train,train,208.3,232.14,0.85,0.95,23.83,394
datased:polyphonic:000394,S-0043,DataSED - DataSED - Dataset for Sound Event Detection of environmental noise/SED_wav/S-0043.wav,polyphonic,Thunder fireworks and gunshot,thunder_fireworks_gunshot,0.0,4.04,0.0,0.03,4.04,395
datased:polyphonic:000395,S-0043,DataSED - DataSED - Dataset for Sound Event Detection of environmental noise/SED_wav/S-0043.wav,polyphonic,Thunder fireworks and gunshot,thunder_fireworks_gunshot,4.04,4.71,0.03,0.04,0.67,396
datased:polyphonic:000396,S-0043,DataSED - DataSED - Dataset for Sound Event Detection of environmental noise/SED_wav/S-0043.wav,polyphonic,Thunder fireworks and gunshot,thunder_fireworks_gunshot,5.46,6.2,0.04,0.05,0.75,397
datased:polyphonic:000397,S-0043,DataSED - DataSED - Dataset for Sound Event Detection of environmental noise/SED_wav/S-0043.wav,polyphonic,Thunder fireworks and gunshot,thunder_fireworks_gunshot,7.7,19.4,0.06,0.16,11.71,398
datased:polyphonic:000398,S-0043,DataSED - DataSED - Dataset for Sound Event Detection of environmental noise/SED_wav/S-0043.wav,polyphonic,Thunder fireworks and gunshot,thunder_fireworks_gunshot,24.85,25.89,0.2,0.21,1.04,399
datased:polyphonic:000399,S-0043,DataSED - DataSED - Dataset for Sound Event Detection of environmental noise/SED_wav/S-0043.wav,polyphonic,Thunder fireworks and gunshot,thunder_fireworks_gunshot,25.89,64.51,0.21,0.52,38.62,400
datased:polyphonic:000400,S-0043,DataSED - DataSED - Dataset for Sound Event Detection of environmental noise/SED_wav/S-0043.wav,polyphonic,Thunder fireworks and gunshot,thunder_fireworks_gunshot,66.53,67.65,0.54,0.55,1.12,401
datased:polyphonic:000401,S-0043,DataSED - DataSED - Dataset for Sound Event Detection of environmental noise/SED_wav/S-0043.wav,polyphonic,Thunder fireworks and gunshot,thunder_fireworks_gunshot,69.96,71.08,0.57,0.58,1.12,402
datased:polyphonic:000402,S-0043,DataSED - DataSED - Dataset for Sound Event Detection of environmental noise/SED_wav/S-0043.wav,polyphonic,Thunder fireworks and gunshot,thunder_fireworks_gunshot,73.09,74.51,0.59,0.6,1.42,403
datased:polyphonic:000403,S-0043,DataSED - DataSED - Dataset for Sound Event Detection of environmental noise/SED_wav/S-0043.wav,polyphonic,Thunder fireworks and gunshot,thunder_fireworks_gunshot,76.37,78.01,0.62,0.63,1.64,404
datased:polyphonic:000404,S-0043,DataSED - DataSED - Dataset for Sound Event Detection of environmental noise/SED_wav/S-0043.wav,polyphonic,Thunder fireworks and gunshot,thunder_fireworks_gunshot,79.35,81.66,0.64,0.66,2.31,405
datased:polyphonic:000405,S-0043,DataSED - DataSED - Dataset for Sound Event Detection of environmental noise/SED_wav/S-0043.wav,polyphonic,Thunder fireworks and gunshot,thunder_fireworks_gunshot,82.93,84.95,0.67,0.69,2.01,406
datased:polyphonic:000406,S-0043,DataSED - DataSED - Dataset for Sound Event Detection of environmental noise/SED_wav/S-0043.wav,polyphonic,Thunder fireworks and gunshot,thunder_fireworks_gunshot,86.51,88.82,0.7,0.72,2.31,407
datased:polyphonic:000407,S-0043,DataSED - DataSED - Dataset for Sound Event Detection of environmental noise/SED_wav/S-0043.wav,polyphonic,Thunder fireworks and gunshot,thunder_fireworks_gunshot,89.49,91.58,0.73,0.74,2.09,408
datased:polyphonic:000408,S-0043,DataSED - DataSED - Dataset for Sound Event Detection of environmental noise/SED_wav/S-0043.wav,polyphonic,Thunder fireworks and gunshot,thunder_fireworks_gunshot,93.0,96.35,0.75,0.78,3.36,409
datased:polyphonic:000409,S-0043,DataSED - DataSED - Dataset for Sound Event Detection of environmental noise/SED_wav/S-0043.wav,polyphonic,Thunder fireworks and gunshot,thunder_fireworks_gunshot,99.86,121.63,0.81,0.99,21.77,410
datased:polyphonic:000410,S-0044,DataSED - DataSED - Dataset for Sound Event Detection of environmental noise/SED_wav/S-0044.wav,polyphonic,Thunder fireworks and gunshot,thunder_fireworks_gunshot,1.69,4.45,0.02,0.04,2.76,411
datased:polyphonic:000411,S-0044,DataSED - DataSED - Dataset for Sound Event Detection of environmental noise/SED_wav/S-0044.wav,polyphonic,Voices,voices,8.64,10.68,0.09,0.11,2.04,412
datased:polyphonic:000412,S-0044,DataSED - DataSED - Dataset for Sound Event Detection of environmental noise/SED_wav/S-0044.wav,polyphonic,Voices,voices,15.05,19.12,0.15,0.19,4.07,413
datased:polyphonic:000413,S-0044,DataSED - DataSED - Dataset for Sound Event Detection of environmental noise/SED_wav/S-0044.wav,polyphonic,Voices,voices,20.8,23.26,0.21,0.23,2.46,414
datased:polyphonic:000414,S-0044,DataSED - DataSED - Dataset for Sound Event Detection of environmental noise/SED_wav/S-0044.wav,polyphonic,Thunder fireworks and gunshot,thunder_fireworks_gunshot,35.84,37.64,0.36,0.38,1.8,415
datased:polyphonic:000415,S-0044,DataSED - DataSED - Dataset for Sound Event Detection of environmental noise/SED_wav/S-0044.wav,polyphonic,Thunder fireworks and gunshot,thunder_fireworks_gunshot,44.23,88.56,0.45,0.89,44.33,416
datased:polyphonic:000416,S-0044,DataSED - DataSED - Dataset for Sound Event Detection of environmental noise/SED_wav/S-0044.wav,polyphonic,Voices,voices,54.53,55.49,0.55,0.56,0.96,417
datased:polyphonic:000417,S-0044,DataSED - DataSED - Dataset for Sound Event Detection of environmental noise/SED_wav/S-0044.wav,polyphonic,Thunder fireworks and gunshot,thunder_fireworks_gunshot,88.98,92.63,0.9,0.94,3.65,418
datased:polyphonic:000418,S-0044,DataSED - DataSED - Dataset for Sound Event Detection of environmental noise/SED_wav/S-0044.wav,polyphonic,Thunder fireworks and gunshot,thunder_fireworks_gunshot,93.35,97.37,0.94,0.98,4.01,419
datased:polyphonic:000419,S-0045,DataSED - DataSED - Dataset for Sound Event Detection of environmental noise/SED_wav/S-0045.wav,polyphonic,Jet aircrafts,jet_aircrafts,0.79,50.87,0.01,0.63,50.08,420
datased:polyphonic:000420,S-0045,DataSED - DataSED - Dataset for Sound Event Detection of environmental noise/SED_wav/S-0045.wav,polyphonic,Thunder fireworks and gunshot,thunder_fireworks_gunshot,5.29,7.58,0.07,0.09,2.3,421
datased:polyphonic:000421,S-0045,DataSED - DataSED - Dataset for Sound Event Detection of environmental noise/SED_wav/S-0045.wav,polyphonic,Thunder fireworks and gunshot,thunder_fireworks_gunshot,7.78,13.2,0.1,0.16,5.42,422
datased:polyphonic:000422,S-0045,DataSED - DataSED - Dataset for Sound Event Detection of environmental noise/SED_wav/S-0045.wav,polyphonic,Thunder fireworks and gunshot,thunder_fireworks_gunshot,13.79,16.33,0.17,0.2,2.54,423
datased:polyphonic:000423,S-0045,DataSED - DataSED - Dataset for Sound Event Detection of environmental noise/SED_wav/S-0045.wav,polyphonic,Thunder fireworks and gunshot,thunder_fireworks_gunshot,18.82,24.54,0.23,0.3,5.72,424
datased:polyphonic:000424,S-0045,DataSED - DataSED - Dataset for Sound Event Detection of environmental noise/SED_wav/S-0045.wav,polyphonic,Thunder fireworks and gunshot,thunder_fireworks_gunshot,26.39,31.48,0.33,0.39,5.08,425
datased:polyphonic:000425,S-0045,DataSED - DataSED - Dataset for Sound Event Detection of environmental noise/SED_wav/S-0045.wav,polyphonic,Thunder fireworks and gunshot,thunder_fireworks_gunshot,34.26,39.54,0.42,0.49,5.28,426
datased:polyphonic:000426,S-0045,DataSED - DataSED - Dataset for Sound Event Detection of environmental noise/SED_wav/S-0045.wav,polyphonic,Thunder fireworks and gunshot,thunder_fireworks_gunshot,42.13,47.99,0.52,0.59,5.86,427
datased:polyphonic:000427,S-0045,DataSED - DataSED - Dataset for Sound Event Detection of environmental noise/SED_wav/S-0045.wav,polyphonic,Thunder fireworks and gunshot,thunder_fireworks_gunshot,50.82,57.61,0.63,0.71,6.79,428
datased:polyphonic:000428,S-0045,DataSED - DataSED - Dataset for Sound Event Detection of environmental noise/SED_wav/S-0045.wav,polyphonic,Thunder fireworks and gunshot,thunder_fireworks_gunshot,58.59,65.04,0.73,0.81,6.45,429
datased:polyphonic:000429,S-0045,DataSED - DataSED - Dataset for Sound Event Detection of environmental noise/SED_wav/S-0045.wav,polyphonic,Thunder fireworks and gunshot,thunder_fireworks_gunshot,70.07,75.55,0.87,0.94,5.47,430
datased:polyphonic:000430,S-0045,DataSED - DataSED - Dataset for Sound Event Detection of environmental noise/SED_wav/S-0045.wav,polyphonic,Thunder fireworks and gunshot,thunder_fireworks_gunshot,76.33,80.19,0.95,0.99,3.86,431
datased:polyphonic:000431,S-0046,DataSED - DataSED - Dataset for Sound Event Detection of environmental noise/SED_wav/S-0046.wav,polyphonic,Vehicle idling,vehicle_idling,24.57,43.19,0.16,0.28,18.62,432
datased:polyphonic:000432,S-0046,DataSED - DataSED - Dataset for Sound Event Detection of environmental noise/SED_wav/S-0046.wav,polyphonic,Thunder fireworks and gunshot,thunder_fireworks_gunshot,147.32,150.33,0.95,0.97,3.01,433
datased:polyphonic:000433,S-0047,DataSED - DataSED - Dataset for Sound Event Detection of environmental noise/SED_wav/S-0047.wav,polyphonic,Dog barkings and howlings,dog_barkings_and_howlings,1.57,2.7,0.02,0.03,1.12,434
datased:polyphonic:000434,S-0047,DataSED - DataSED - Dataset for Sound Event Detection of environmental noise/SED_wav/S-0047.wav,polyphonic,Dog barkings and howlings,dog_barkings_and_howlings,3.76,10.19,0.04,0.1,6.43,435
datased:polyphonic:000435,S-0047,DataSED - DataSED - Dataset for Sound Event Detection of environmental noise/SED_wav/S-0047.wav,polyphonic,Dog barkings and howlings,dog_barkings_and_howlings,10.38,12.07,0.1,0.12,1.69,436
datased:polyphonic:000436,S-0047,DataSED - DataSED - Dataset for Sound Event Detection of environmental noise/SED_wav/S-0047.wav,polyphonic,Thunder fireworks and gunshot,thunder_fireworks_gunshot,11.32,14.5,0.11,0.14,3.19,437
datased:polyphonic:000437,S-0047,DataSED - DataSED - Dataset for Sound Event Detection of environmental noise/SED_wav/S-0047.wav,polyphonic,Dog barkings and howlings,dog_barkings_and_howlings,13.44,21.06,0.13,0.2,7.62,438
datased:polyphonic:000438,S-0047,DataSED - DataSED - Dataset for Sound Event Detection of environmental noise/SED_wav/S-0047.wav,polyphonic,Thunder fireworks and gunshot,thunder_fireworks_gunshot,22.06,25.12,0.21,0.24,3.06,439
datased:polyphonic:000439,S-0047,DataSED - DataSED - Dataset for Sound Event Detection of environmental noise/SED_wav/S-0047.wav,polyphonic,Thunder fireworks and gunshot,thunder_fireworks_gunshot,25.56,70.71,0.25,0.69,45.15,440
datased:polyphonic:000440,S-0047,DataSED - DataSED - Dataset for Sound Event Detection of environmental noise/SED_wav/S-0047.wav,polyphonic,Thunder fireworks and gunshot,thunder_fireworks_gunshot,70.84,97.38,0.69,0.94,26.54,441
datased:polyphonic:000441,S-0047,DataSED - DataSED - Dataset for Sound Event Detection of environmental noise/SED_wav/S-0047.wav,polyphonic,Jet aircrafts,jet_aircrafts,96.07,103.19,0.93,1.0,7.12,442
datased:polyphonic:000442,S-0048,DataSED - DataSED - Dataset for Sound Event Detection of environmental noise/SED_wav/S-0048.wav,polyphonic,Thunder fireworks and gunshot,thunder_fireworks_gunshot,2.49,5.6,0.02,0.05,3.11,443
datased:polyphonic:000443,S-0048,DataSED - DataSED - Dataset for Sound Event Detection of environmental noise/SED_wav/S-0048.wav,polyphonic,Thunder fireworks and gunshot,thunder_fireworks_gunshot,7.58,10.9,0.06,0.09,3.32,444
datased:polyphonic:000444,S-0048,DataSED - DataSED - Dataset for Sound Event Detection of environmental noise/SED_wav/S-0048.wav,polyphonic,Thunder fireworks and gunshot,thunder_fireworks_gunshot,13.87,16.56,0.12,0.14,2.69,445
datased:polyphonic:000445,S-0048,DataSED - DataSED - Dataset for Sound Event Detection of environmental noise/SED_wav/S-0048.wav,polyphonic,Thunder fireworks and gunshot,thunder_fireworks_gunshot,29.42,56.0,0.25,0.48,26.58,446
datased:polyphonic:000446,S-0048,DataSED - DataSED - Dataset for Sound Event Detection of environmental noise/SED_wav/S-0048.wav,polyphonic,Thunder fireworks and gunshot,thunder_fireworks_gunshot,56.42,66.11,0.48,0.57,9.68,447
datased:polyphonic:000447,S-0048,DataSED - DataSED - Dataset for Sound Event Detection of environmental noise/SED_wav/S-0048.wav,polyphonic,Thunder fireworks and gunshot,thunder_fireworks_gunshot,71.41,102.87,0.61,0.88,31.46,448
datased:polyphonic:000448,S-0049,DataSED - DataSED - Dataset for Sound Event Detection of environmental noise/SED_wav/S-0049.wav,polyphonic,Vehicle pass-by,vehicle_pass_by,0.0,5.71,0.0,0.04,5.71,449
datased:polyphonic:000449,S-0049,DataSED - DataSED - Dataset for Sound Event Detection of environmental noise/SED_wav/S-0049.wav,polyphonic,Vehicle idling,vehicle_idling,3.17,27.52,0.02,0.19,24.34,450
datased:polyphonic:000450,S-0049,DataSED - DataSED - Dataset for Sound Event Detection of environmental noise/SED_wav/S-0049.wav,polyphonic,Jet aircrafts,jet_aircrafts,8.95,12.1,0.06,0.08,3.15,451
datased:polyphonic:000451,S-0049,DataSED - DataSED - Dataset for Sound Event Detection of environmental noise/SED_wav/S-0049.wav,polyphonic,Voices,voices,27.34,28.13,0.19,0.19,0.79,452
datased:polyphonic:000452,S-0049,DataSED - DataSED - Dataset for Sound Event Detection of environmental noise/SED_wav/S-0049.wav,polyphonic,Voices,voices,36.01,65.08,0.25,0.45,29.07,453
datased:polyphonic:000453,S-0049,DataSED - DataSED - Dataset for Sound Event Detection of environmental noise/SED_wav/S-0049.wav,polyphonic,Vehicle idling,vehicle_idling,61.41,75.07,0.42,0.52,13.66,454
datased:polyphonic:000454,S-0049,DataSED - DataSED - Dataset for Sound Event Detection of environmental noise/SED_wav/S-0049.wav,polyphonic,Vehicle idling,vehicle_idling,75.85,109.83,0.52,0.76,33.98,455
datased:polyphonic:000455,S-0049,DataSED - DataSED - Dataset for Sound Event Detection of environmental noise/SED_wav/S-0049.wav,polyphonic,Horn,horn,102.04,103.0,0.71,0.71,0.96,456
datased:polyphonic:000456,S-0049,DataSED - DataSED - Dataset for Sound Event Detection of environmental noise/SED_wav/S-0049.wav,polyphonic,Jet aircrafts,jet_aircrafts,112.11,118.33,0.77,0.82,6.22,457
datased:polyphonic:000457,S-0049,DataSED - DataSED - Dataset for Sound Event Detection of environmental noise/SED_wav/S-0049.wav,polyphonic,Vehicle idling,vehicle_idling,118.68,127.7,0.82,0.88,9.02,458
datased:polyphonic:000458,S-0049,DataSED - DataSED - Dataset for Sound Event Detection of environmental noise/SED_wav/S-0049.wav,polyphonic,Jet aircrafts,jet_aircrafts,120.87,127.26,0.84,0.88,6.39,459
datased:polyphonic:000459,S-0049,DataSED - DataSED - Dataset for Sound Event Detection of environmental noise/SED_wav/S-0049.wav,polyphonic,Vehicle pass-by,vehicle_pass_by,127.61,140.57,0.88,0.97,12.96,460
datased:polyphonic:000460,S-0050,DataSED - DataSED - Dataset for Sound Event Detection of environmental noise/SED_wav/S-0050.wav,polyphonic,Voices,voices,1.1,3.0,0.01,0.02,1.91,461
datased:polyphonic:000461,S-0050,DataSED - DataSED - Dataset for Sound Event Detection of environmental noise/SED_wav/S-0050.wav,polyphonic,Vehicle idling,vehicle_idling,3.58,14.28,0.03,0.1,10.7,462
datased:polyphonic:000462,S-0050,DataSED - DataSED - Dataset for Sound Event Detection of environmental noise/SED_wav/S-0050.wav,polyphonic,Voices,voices,7.23,8.39,0.05,0.06,1.16,463
datased:polyphonic:000463,S-0050,DataSED - DataSED - Dataset for Sound Event Detection of environmental noise/SED_wav/S-0050.wav,polyphonic,Voices,voices,12.38,39.58,0.09,0.29,27.2,464
datased:polyphonic:000464,S-0050,DataSED - DataSED - Dataset for Sound Event Detection of environmental noise/SED_wav/S-0050.wav,polyphonic,Jet aircrafts,jet_aircrafts,20.01,23.9,0.15,0.17,3.9,465
datased:polyphonic:000465,S-0050,DataSED - DataSED - Dataset for Sound Event Detection of environmental noise/SED_wav/S-0050.wav,polyphonic,Vehicle idling,vehicle_idling,39.25,43.31,0.29,0.32,4.06,466
datased:polyphonic:000466,S-0050,DataSED - DataSED - Dataset for Sound Event Detection of environmental noise/SED_wav/S-0050.wav,polyphonic,Voices,voices,43.89,48.79,0.32,0.36,4.89,467
datased:polyphonic:000467,S-0050,DataSED - DataSED - Dataset for Sound Event Detection of environmental noise/SED_wav/S-0050.wav,polyphonic,Voices,voices,51.86,54.51,0.38,0.4,2.65,468
datased:polyphonic:000468,S-0050,DataSED - DataSED - Dataset for Sound Event Detection of environmental noise/SED_wav/S-0050.wav,polyphonic,Voices,voices,55.01,61.73,0.4,0.45,6.72,469
datased:polyphonic:000469,S-0050,DataSED - DataSED - Dataset for Sound Event Detection of environmental noise/SED_wav/S-0050.wav,polyphonic,Vehicle pass-by,vehicle_pass_by,61.73,71.1,0.45,0.52,9.37,470
datased:polyphonic:000470,S-0050,DataSED - DataSED - Dataset for Sound Event Detection of environmental noise/SED_wav/S-0050.wav,polyphonic,Jet aircrafts,jet_aircrafts,68.69,73.01,0.5,0.53,4.31,471
datased:polyphonic:000471,S-0050,DataSED - DataSED - Dataset for Sound Event Detection of environmental noise/SED_wav/S-0050.wav,polyphonic,Vehicle pass-by,vehicle_pass_by,77.48,80.97,0.57,0.59,3.48,472
datased:polyphonic:000472,S-0050,DataSED - DataSED - Dataset for Sound Event Detection of environmental noise/SED_wav/S-0050.wav,polyphonic,Voices,voices,83.37,88.76,0.61,0.65,5.39,473
datased:polyphonic:000473,S-0050,DataSED - DataSED - Dataset for Sound Event Detection of environmental noise/SED_wav/S-0050.wav,polyphonic,Vehicle pass-by,vehicle_pass_by,94.07,103.86,0.69,0.76,9.79,474
datased:polyphonic:000474,S-0050,DataSED - DataSED - Dataset for Sound Event Detection of environmental noise/SED_wav/S-0050.wav,polyphonic,Voices,voices,102.28,118.71,0.75,0.87,16.42,475
datased:polyphonic:000475,S-0050,DataSED - DataSED - Dataset for Sound Event Detection of environmental noise/SED_wav/S-0050.wav,polyphonic,Vehicle idling,vehicle_idling,109.25,125.67,0.8,0.92,16.42,476
datased:polyphonic:000476,S-0051,DataSED - DataSED - Dataset for Sound Event Detection of environmental noise/SED_wav/S-0051.wav,polyphonic,Vehicle idling,vehicle_idling,6.31,18.5,0.06,0.17,12.19,477
datased:polyphonic:000477,S-0051,DataSED - DataSED - Dataset for Sound Event Detection of environmental noise/SED_wav/S-0051.wav,polyphonic,Voices,voices,16.07,34.02,0.14,0.3,17.95,478
datased:polyphonic:000478,S-0051,DataSED - DataSED - Dataset for Sound Event Detection of environmental noise/SED_wav/S-0051.wav,polyphonic,Vehicle pass-by,vehicle_pass_by,26.63,48.44,0.24,0.43,21.81,479
datased:polyphonic:000479,S-0051,DataSED - DataSED - Dataset for Sound Event Detection of environmental noise/SED_wav/S-0051.wav,polyphonic,Vehicle pass-by,vehicle_pass_by,54.13,69.85,0.48,0.62,15.71,480
datased:polyphonic:000480,S-0051,DataSED - DataSED - Dataset for Sound Event Detection of environmental noise/SED_wav/S-0051.wav,polyphonic,Thunder fireworks and gunshot,thunder_fireworks_gunshot,76.08,78.52,0.68,0.7,2.44,481
datased:polyphonic:000481,S-0051,DataSED - DataSED - Dataset for Sound Event Detection of environmental noise/SED_wav/S-0051.wav,polyphonic,Thunder fireworks and gunshot,thunder_fireworks_gunshot,79.4,82.31,0.71,0.74,2.91,482
datased:polyphonic:000482,S-0051,DataSED - DataSED - Dataset for Sound Event Detection of environmental noise/SED_wav/S-0051.wav,polyphonic,Vehicle idling,vehicle_idling,91.79,109.4,0.82,0.98,17.61,483
datased:polyphonic:000483,S-0051,DataSED - DataSED - Dataset for Sound Event Detection of environmental noise/SED_wav/S-0051.wav,polyphonic,Thunder fireworks and gunshot,thunder_fireworks_gunshot,98.84,102.02,0.88,0.91,3.18,484
datased:polyphonic:000484,S-0051,DataSED - DataSED - Dataset for Sound Event Detection of environmental noise/SED_wav/S-0051.wav,polyphonic,Thunder fireworks and gunshot,thunder_fireworks_gunshot,109.61,111.91,0.98,1.0,2.3,485
datased:polyphonic:000485,S-0052,DataSED - DataSED - Dataset for Sound Event Detection of environmental noise/SED_wav/S-0052.wav,polyphonic,Thunder fireworks and gunshot,thunder_fireworks_gunshot,0.74,46.23,0.01,0.35,45.48,486
datased:polyphonic:000486,S-0052,DataSED - DataSED - Dataset for Sound Event Detection of environmental noise/SED_wav/S-0052.wav,polyphonic,Thunder fireworks and gunshot,thunder_fireworks_gunshot,46.23,79.35,0.35,0.59,33.12,487
datased:polyphonic:000487,S-0052,DataSED - DataSED - Dataset for Sound Event Detection of environmental noise/SED_wav/S-0052.wav,polyphonic,Thunder fireworks and gunshot,thunder_fireworks_gunshot,84.76,111.02,0.64,0.83,26.26,488
datased:polyphonic:000488,S-0052,DataSED - DataSED - Dataset for Sound Event Detection of environmental noise/SED_wav/S-0052.wav,polyphonic,Thunder fireworks and gunshot,thunder_fireworks_gunshot,116.51,133.31,0.87,1.0,16.8,489
datased:polyphonic:000489,S-0052,DataSED - DataSED - Dataset for Sound Event Detection of environmental noise/SED_wav/S-0052.wav,polyphonic,Voices,voices,124.83,129.76,0.94,0.97,4.93,490
datased:polyphonic:000490,S-0053,DataSED - DataSED - Dataset for Sound Event Detection of environmental noise/SED_wav/S-0053.wav,polyphonic,Thunder fireworks and gunshot,thunder_fireworks_gunshot,1.06,3.92,0.01,0.02,2.87,491
datased:polyphonic:000491,S-0053,DataSED - DataSED - Dataset for Sound Event Detection of environmental noise/SED_wav/S-0053.wav,polyphonic,Thunder fireworks and gunshot,thunder_fireworks_gunshot,4.61,7.47,0.02,0.04,2.87,492
datased:polyphonic:000492,S-0053,DataSED - DataSED - Dataset for Sound Event Detection of environmental noise/SED_wav/S-0053.wav,polyphonic,Voices,voices,5.41,7.93,0.03,0.04,2.52,493
datased:polyphonic:000493,S-0053,DataSED - DataSED - Dataset for Sound Event Detection of environmental noise/SED_wav/S-0053.wav,polyphonic,Thunder fireworks and gunshot,thunder_fireworks_gunshot,8.05,11.14,0.04,0.06,3.1,494
datased:polyphonic:000494,S-0053,DataSED - DataSED - Dataset for Sound Event Detection of environmental noise/SED_wav/S-0053.wav,polyphonic,Thunder fireworks and gunshot,thunder_fireworks_gunshot,11.49,14.24,0.06,0.08,2.75,495
datased:polyphonic:000495,S-0053,DataSED - DataSED - Dataset for Sound Event Detection of environmental noise/SED_wav/S-0053.wav,polyphonic,Thunder fireworks and gunshot,thunder_fireworks_gunshot,14.7,17.91,0.08,0.09,3.21,496
datased:polyphonic:000496,S-0053,DataSED - DataSED - Dataset for Sound Event Detection of environmental noise/SED_wav/S-0053.wav,polyphonic,Voices,voices,15.04,18.37,0.08,0.1,3.32,497
datased:polyphonic:000497,S-0053,DataSED - DataSED - Dataset for Sound Event Detection of environmental noise/SED_wav/S-0053.wav,polyphonic,Dog barkings and howlings,dog_barkings_and_howlings,17.79,21.21,0.09,0.11,3.42,498
datased:polyphonic:000498,S-0053,DataSED - DataSED - Dataset for Sound Event Detection of environmental noise/SED_wav/S-0053.wav,polyphonic,Thunder fireworks and gunshot,thunder_fireworks_gunshot,18.14,21.78,0.1,0.12,3.65,499
datased:polyphonic:000499,S-0053,DataSED - DataSED - Dataset for Sound Event Detection of environmental noise/SED_wav/S-0053.wav,polyphonic,Dog barkings and howlings,dog_barkings_and_howlings,21.46,29.37,0.11,0.16,7.91,500
datased:polyphonic:000500,S-0053,DataSED - DataSED - Dataset for Sound Event Detection of environmental noise/SED_wav/S-0053.wav,polyphonic,Thunder fireworks and gunshot,thunder_fireworks_gunshot,21.8,24.67,0.12,0.13,2.87,501
datased:polyphonic:000501,S-0053,DataSED - DataSED - Dataset for Sound Event Detection of environmental noise/SED_wav/S-0053.wav,polyphonic,Voices,voices,23.87,25.24,0.13,0.13,1.38,502
datased:polyphonic:000502,S-0053,DataSED - DataSED - Dataset for Sound Event Detection of environmental noise/SED_wav/S-0053.wav,polyphonic,Thunder fireworks and gunshot,thunder_fireworks_gunshot,24.9,29.03,0.13,0.15,4.13,503
datased:polyphonic:000503,S-0053,DataSED - DataSED - Dataset for Sound Event Detection of environmental noise/SED_wav/S-0053.wav,polyphonic,Voices,voices,27.88,29.37,0.15,0.16,1.49,504
datased:polyphonic:000504,S-0053,DataSED - DataSED - Dataset for Sound Event Detection of environmental noise/SED_wav/S-0053.wav,polyphonic,Dog barkings and howlings,dog_barkings_and_howlings,34.19,36.48,0.18,0.19,2.29,505
datased:polyphonic:000505,S-0053,DataSED - DataSED - Dataset for Sound Event Detection of environmental noise/SED_wav/S-0053.wav,polyphonic,Thunder fireworks and gunshot,thunder_fireworks_gunshot,36.13,39.0,0.19,0.21,2.87,506
datased:polyphonic:000506,S-0053,DataSED - DataSED - Dataset for Sound Event Detection of environmental noise/SED_wav/S-0053.wav,polyphonic,Voices,voices,38.43,40.83,0.2,0.22,2.41,507
datased:polyphonic:000507,S-0053,DataSED - DataSED - Dataset for Sound Event Detection of environmental noise/SED_wav/S-0053.wav,polyphonic,Dog barkings and howlings,dog_barkings_and_howlings,45.76,50.35,0.24,0.27,4.59,508
datased:polyphonic:000508,S-0053,DataSED - DataSED - Dataset for Sound Event Detection of environmental noise/SED_wav/S-0053.wav,polyphonic,Vehicle idling,vehicle_idling,50.81,51.84,0.27,0.27,1.03,509
datased:polyphonic:000509,S-0053,DataSED - DataSED - Dataset for Sound Event Detection of environmental noise/SED_wav/S-0053.wav,polyphonic,Thunder fireworks and gunshot,thunder_fireworks_gunshot,51.27,94.71,0.27,0.5,43.45,510
datased:polyphonic:000510,S-0053,DataSED - DataSED - Dataset for Sound Event Detection of environmental noise/SED_wav/S-0053.wav,polyphonic,Horn,horn,75.34,79.24,0.4,0.42,3.9,511
datased:polyphonic:000511,S-0053,DataSED - DataSED - Dataset for Sound Event Detection of environmental noise/SED_wav/S-0053.wav,polyphonic,Voices,voices,95.63,111.34,0.5,0.59,15.71,512
datased:polyphonic:000512,S-0053,DataSED - DataSED - Dataset for Sound Event Detection of environmental noise/SED_wav/S-0053.wav,polyphonic,Thunder fireworks and gunshot,thunder_fireworks_gunshot,97.35,118.56,0.51,0.63,21.21,513
datased:polyphonic:000513,S-0053,DataSED - DataSED - Dataset for Sound Event Detection of environmental noise/SED_wav/S-0053.wav,polyphonic,Vehicle pass-by,vehicle_pass_by,114.43,122.69,0.6,0.65,8.25,514
datased:polyphonic:000514,S-0053,DataSED - DataSED - Dataset for Sound Event Detection of environmental noise/SED_wav/S-0053.wav,polyphonic,Vehicle idling,vehicle_idling,119.13,124.4,0.63,0.66,5.27,515
datased:polyphonic:000515,S-0053,DataSED - DataSED - Dataset for Sound Event Detection of environmental noise/SED_wav/S-0053.wav,polyphonic,Thunder fireworks and gunshot,thunder_fireworks_gunshot,123.26,124.75,0.65,0.66,1.49,516
datased:polyphonic:000516,S-0053,DataSED - DataSED - Dataset for Sound Event Detection of environmental noise/SED_wav/S-0053.wav,polyphonic,Thunder fireworks and gunshot,thunder_fireworks_gunshot,125.09,189.4,0.66,1.0,64.31,517
datased:polyphonic:000517,S-0053,DataSED - DataSED - Dataset for Sound Event Detection of environmental noise/SED_wav/S-0053.wav,polyphonic,Jet aircrafts,jet_aircrafts,127.04,141.71,0.67,0.75,14.67,518
datased:polyphonic:000518,S-0054,DataSED - DataSED - Dataset for Sound Event Detection of environmental noise/SED_wav/S-0054.wav,polyphonic,Voices,voices,0.0,12.29,0.0,0.1,12.29,519
datased:polyphonic:000519,S-0054,DataSED - DataSED - Dataset for Sound Event Detection of environmental noise/SED_wav/S-0054.wav,polyphonic,Thunder fireworks and gunshot,thunder_fireworks_gunshot,4.78,17.56,0.04,0.15,12.78,520
datased:polyphonic:000520,S-0054,DataSED - DataSED - Dataset for Sound Event Detection of environmental noise/SED_wav/S-0054.wav,polyphonic,Voices,voices,16.91,22.62,0.14,0.19,5.7,521
datased:polyphonic:000521,S-0054,DataSED - DataSED - Dataset for Sound Event Detection of environmental noise/SED_wav/S-0054.wav,polyphonic,Thunder fireworks and gunshot,thunder_fireworks_gunshot,23.48,62.11,0.2,0.52,38.63,522
datased:polyphonic:000522,S-0054,DataSED - DataSED - Dataset for Sound Event Detection of environmental noise/SED_wav/S-0054.wav,polyphonic,Vehicle idling,vehicle_idling,62.18,69.12,0.52,0.58,6.93,523
datased:polyphonic:000523,S-0054,DataSED - DataSED - Dataset for Sound Event Detection of environmental noise/SED_wav/S-0054.wav,polyphonic,Thunder fireworks and gunshot,thunder_fireworks_gunshot,63.41,65.29,0.53,0.55,1.88,524
datased:polyphonic:000524,S-0054,DataSED - DataSED - Dataset for Sound Event Detection of environmental noise/SED_wav/S-0054.wav,polyphonic,Thunder fireworks and gunshot,thunder_fireworks_gunshot,67.24,69.12,0.56,0.58,1.88,525
datased:polyphonic:000525,S-0054,DataSED - DataSED - Dataset for Sound Event Detection of environmental noise/SED_wav/S-0054.wav,polyphonic,Thunder fireworks and gunshot,thunder_fireworks_gunshot,70.49,72.94,0.59,0.61,2.46,526
datased:polyphonic:000526,S-0054,DataSED - DataSED - Dataset for Sound Event Detection of environmental noise/SED_wav/S-0054.wav,polyphonic,Thunder fireworks and gunshot,thunder_fireworks_gunshot,73.81,75.98,0.62,0.64,2.17,527
datased:polyphonic:000527,S-0054,DataSED - DataSED - Dataset for Sound Event Detection of environmental noise/SED_wav/S-0054.wav,polyphonic,Thunder fireworks and gunshot,thunder_fireworks_gunshot,76.77,79.44,0.64,0.67,2.67,528
datased:polyphonic:000528,S-0054,DataSED - DataSED - Dataset for Sound Event Detection of environmental noise/SED_wav/S-0054.wav,polyphonic,Vehicle idling,vehicle_idling,80.24,83.2,0.67,0.7,2.96,529
datased:polyphonic:000529,S-0054,DataSED - DataSED - Dataset for Sound Event Detection of environmental noise/SED_wav/S-0054.wav,polyphonic,Thunder fireworks and gunshot,thunder_fireworks_gunshot,80.89,83.2,0.68,0.7,2.31,530
datased:polyphonic:000530,S-0054,DataSED - DataSED - Dataset for Sound Event Detection of environmental noise/SED_wav/S-0054.wav,polyphonic,Jet aircrafts,jet_aircrafts,84.14,88.32,0.71,0.74,4.19,531
datased:polyphonic:000531,S-0054,DataSED - DataSED - Dataset for Sound Event Detection of environmental noise/SED_wav/S-0054.wav,polyphonic,Thunder fireworks and gunshot,thunder_fireworks_gunshot,89.91,91.93,0.75,0.77,2.02,532
datased:polyphonic:000532,S-0054,DataSED - DataSED - Dataset for Sound Event Detection of environmental noise/SED_wav/S-0054.wav,polyphonic,Voices,voices,93.96,94.68,0.79,0.79,0.72,533
datased:polyphonic:000533,S-0054,DataSED - DataSED - Dataset for Sound Event Detection of environmental noise/SED_wav/S-0054.wav,polyphonic,Thunder fireworks and gunshot,thunder_fireworks_gunshot,97.42,119.08,0.82,1.0,21.66,534
datased:polyphonic:000534,S-0054,DataSED - DataSED - Dataset for Sound Event Detection of environmental noise/SED_wav/S-0054.wav,polyphonic,Vehicle idling,vehicle_idling,102.48,106.3,0.86,0.89,3.83,535
datased:polyphonic:000535,S-0055,DataSED - DataSED - Dataset for Sound Event Detection of environmental noise/SED_wav/S-0055.wav,polyphonic,Thunder fireworks and gunshot,thunder_fireworks_gunshot,2.24,97.5,0.02,0.72,95.26,536
datased:polyphonic:000536,S-0055,DataSED - DataSED - Dataset for Sound Event Detection of environmental noise/SED_wav/S-0055.wav,polyphonic,Thunder fireworks and gunshot,thunder_fireworks_gunshot,104.59,135.74,0.77,1.0,31.15,537
datased:polyphonic:000537,S-0055,DataSED - DataSED - Dataset for Sound Event Detection of environmental noise/SED_wav/S-0055.wav,polyphonic,Vehicle idling,vehicle_idling,125.03,130.96,0.92,0.96,5.93,538
datased:polyphonic:000538,S-0056,DataSED - DataSED - Dataset for Sound Event Detection of environmental noise/SED_wav/S-0056.wav,polyphonic,Thunder fireworks and gunshot,thunder_fireworks_gunshot,0.84,7.7,0.01,0.06,6.85,539
datased:polyphonic:000539,S-0056,DataSED - DataSED - Dataset for Sound Event Detection of environmental noise/SED_wav/S-0056.wav,polyphonic,Thunder fireworks and gunshot,thunder_fireworks_gunshot,13.39,16.36,0.1,0.12,2.97,540
datased:polyphonic:000540,S-0056,DataSED - DataSED - Dataset for Sound Event Detection of environmental noise/SED_wav/S-0056.wav,polyphonic,Thunder fireworks and gunshot,thunder_fireworks_gunshot,22.89,28.91,0.17,0.21,6.03,541
datased:polyphonic:000541,S-0056,DataSED - DataSED - Dataset for Sound Event Detection of environmental noise/SED_wav/S-0056.wav,polyphonic,Jet aircrafts,jet_aircrafts,29.0,37.75,0.21,0.28,8.75,542
datased:polyphonic:000542,S-0056,DataSED - DataSED - Dataset for Sound Event Detection of environmental noise/SED_wav/S-0056.wav,polyphonic,Thunder fireworks and gunshot,thunder_fireworks_gunshot,30.65,36.35,0.22,0.27,5.7,543
datased:polyphonic:000543,S-0056,DataSED - DataSED - Dataset for Sound Event Detection of environmental noise/SED_wav/S-0056.wav,polyphonic,Thunder fireworks and gunshot,thunder_fireworks_gunshot,43.45,59.22,0.32,0.43,15.77,544
datased:polyphonic:000544,S-0056,DataSED - DataSED - Dataset for Sound Event Detection of environmental noise/SED_wav/S-0056.wav,polyphonic,Thunder fireworks and gunshot,thunder_fireworks_gunshot,65.49,136.0,0.48,1.0,70.51,545
datased:polyphonic:000545,S-0056,DataSED - DataSED - Dataset for Sound Event Detection of environmental noise/SED_wav/S-0056.wav,polyphonic,Jet aircrafts,jet_aircrafts,90.18,97.69,0.66,0.72,7.51,546
datased:polyphonic:000546,S-0057,DataSED - DataSED - Dataset for Sound Event Detection of environmental noise/SED_wav/S-0057.wav,polyphonic,Thunder fireworks and gunshot,thunder_fireworks_gunshot,0.0,5.8,0.0,0.05,5.8,547
datased:polyphonic:000547,S-0057,DataSED - DataSED - Dataset for Sound Event Detection of environmental noise/SED_wav/S-0057.wav,polyphonic,Voices,voices,6.29,7.84,0.05,0.07,1.55,548
datased:polyphonic:000548,S-0057,DataSED - DataSED - Dataset for Sound Event Detection of environmental noise/SED_wav/S-0057.wav,polyphonic,Thunder fireworks and gunshot,thunder_fireworks_gunshot,8.55,10.87,0.07,0.09,2.33,549
datased:polyphonic:000549,S-0057,DataSED - DataSED - Dataset for Sound Event Detection of environmental noise/SED_wav/S-0057.wav,polyphonic,Dog barkings and howlings,dog_barkings_and_howlings,11.37,13.55,0.1,0.12,2.19,550
datased:polyphonic:000550,S-0057,DataSED - DataSED - Dataset for Sound Event Detection of environmental noise/SED_wav/S-0057.wav,polyphonic,Dog barkings and howlings,dog_barkings_and_howlings,14.4,28.29,0.12,0.24,13.89,551
datased:polyphonic:000551,S-0057,DataSED - DataSED - Dataset for Sound Event Detection of environmental noise/SED_wav/S-0057.wav,polyphonic,Thunder fireworks and gunshot,thunder_fireworks_gunshot,14.82,17.22,0.13,0.15,2.4,552
datased:polyphonic:000552,S-0057,DataSED - DataSED - Dataset for Sound Event Detection of environmental noise/SED_wav/S-0057.wav,polyphonic,Thunder fireworks and gunshot,thunder_fireworks_gunshot,20.25,22.86,0.17,0.2,2.61,553
datased:polyphonic:000553,S-0057,DataSED - DataSED - Dataset for Sound Event Detection of environmental noise/SED_wav/S-0057.wav,polyphonic,Voices,voices,23.63,28.64,0.2,0.25,5.01,554
datased:polyphonic:000554,S-0057,DataSED - DataSED - Dataset for Sound Event Detection of environmental noise/SED_wav/S-0057.wav,polyphonic,Vehicle pass-by,vehicle_pass_by,31.39,37.17,0.27,0.32,5.78,555
datased:polyphonic:000555,S-0057,DataSED - DataSED - Dataset for Sound Event Detection of environmental noise/SED_wav/S-0057.wav,polyphonic,Thunder fireworks and gunshot,thunder_fireworks_gunshot,37.45,71.86,0.32,0.62,34.41,556
datased:polyphonic:000556,S-0057,DataSED - DataSED - Dataset for Sound Event Detection of environmental noise/SED_wav/S-0057.wav,polyphonic,Vehicle pass-by,vehicle_pass_by,75.45,78.84,0.65,0.68,3.38,557
datased:polyphonic:000557,S-0057,DataSED - DataSED - Dataset for Sound Event Detection of environmental noise/SED_wav/S-0057.wav,polyphonic,Thunder fireworks and gunshot,thunder_fireworks_gunshot,78.55,110.07,0.67,0.94,31.51,558
datased:polyphonic:000558,S-0057,DataSED - DataSED - Dataset for Sound Event Detection of environmental noise/SED_wav/S-0057.wav,polyphonic,Voices,voices,86.8,87.86,0.75,0.75,1.06,559
datased:polyphonic:000559,S-0057,DataSED - DataSED - Dataset for Sound Event Detection of environmental noise/SED_wav/S-0057.wav,polyphonic,Jet aircrafts,jet_aircrafts,108.52,111.06,0.93,0.95,2.54,560
datased:polyphonic:000560,S-0058,DataSED - DataSED - Dataset for Sound Event Detection of environmental noise/SED_wav/S-0058.wav,polyphonic,Voices,voices,22.69,24.73,0.17,0.18,2.04,561
datased:polyphonic:000561,S-0058,DataSED - DataSED - Dataset for Sound Event Detection of environmental noise/SED_wav/S-0058.wav,polyphonic,Voices,voices,26.11,28.07,0.19,0.21,1.96,562
datased:polyphonic:000562,S-0058,DataSED - DataSED - Dataset for Sound Event Detection of environmental noise/SED_wav/S-0058.wav,polyphonic,Voices,voices,29.78,42.1,0.22,0.31,12.31,563
datased:polyphonic:000563,S-0058,DataSED - DataSED - Dataset for Sound Event Detection of environmental noise/SED_wav/S-0058.wav,polyphonic,Voices,voices,42.59,58.9,0.32,0.44,16.31,564
datased:polyphonic:000564,S-0058,DataSED - DataSED - Dataset for Sound Event Detection of environmental noise/SED_wav/S-0058.wav,polyphonic,Voices,voices,60.61,62.4,0.45,0.46,1.79,565
datased:polyphonic:000565,S-0058,DataSED - DataSED - Dataset for Sound Event Detection of environmental noise/SED_wav/S-0058.wav,polyphonic,Voices,voices,66.32,70.8,0.49,0.53,4.49,566
datased:polyphonic:000566,S-0058,DataSED - DataSED - Dataset for Sound Event Detection of environmental noise/SED_wav/S-0058.wav,polyphonic,Voices,voices,78.39,82.06,0.58,0.61,3.67,567
datased:polyphonic:000567,S-0058,DataSED - DataSED - Dataset for Sound Event Detection of environmental noise/SED_wav/S-0058.wav,polyphonic,Voices,voices,92.74,95.19,0.69,0.71,2.45,568
datased:polyphonic:000568,S-0058,DataSED - DataSED - Dataset for Sound Event Detection of environmental noise/SED_wav/S-0058.wav,polyphonic,Voices,voices,96.74,100.49,0.72,0.75,3.75,569
datased:polyphonic:000569,S-0058,DataSED - DataSED - Dataset for Sound Event Detection of environmental noise/SED_wav/S-0058.wav,polyphonic,Voices,voices,101.47,105.06,0.75,0.78,3.59,570
datased:polyphonic:000570,S-0058,DataSED - DataSED - Dataset for Sound Event Detection of environmental noise/SED_wav/S-0058.wav,polyphonic,Voices,voices,112.48,118.19,0.83,0.88,5.71,571
datased:polyphonic:000571,S-0058,DataSED - DataSED - Dataset for Sound Event Detection of environmental noise/SED_wav/S-0058.wav,polyphonic,Voices,voices,122.18,127.65,0.91,0.95,5.46,572
datased:polyphonic:000572,S-0059,DataSED - DataSED - Dataset for Sound Event Detection of environmental noise/SED_wav/S-0059.wav,polyphonic,Voices,voices,1.11,2.31,0.01,0.03,1.21,573
datased:polyphonic:000573,S-0059,DataSED - DataSED - Dataset for Sound Event Detection of environmental noise/SED_wav/S-0059.wav,polyphonic,Voices,voices,8.72,9.76,0.1,0.11,1.04,574
datased:polyphonic:000574,S-0059,DataSED - DataSED - Dataset for Sound Event Detection of environmental noise/SED_wav/S-0059.wav,polyphonic,Voices,voices,15.08,46.96,0.17,0.52,31.88,575
datased:polyphonic:000575,S-0059,DataSED - DataSED - Dataset for Sound Event Detection of environmental noise/SED_wav/S-0059.wav,polyphonic,Voices,voices,49.15,79.12,0.54,0.87,29.97,576
datased:polyphonic:000576,S-0059,DataSED - DataSED - Dataset for Sound Event Detection of environmental noise/SED_wav/S-0059.wav,polyphonic,Voices,voices,84.54,86.41,0.93,0.95,1.86,577
datased:polyphonic:000577,S-0060,DataSED - DataSED - Dataset for Sound Event Detection of environmental noise/SED_wav/S-0060.wav,polyphonic,Birds,birds,0.0,3.73,0.0,0.03,3.73,578
datased:polyphonic:000578,S-0060,DataSED - DataSED - Dataset for Sound Event Detection of environmental noise/SED_wav/S-0060.wav,polyphonic,Chicken coop,chicken_coop,1.18,3.08,0.01,0.03,1.89,579
datased:polyphonic:000579,S-0060,DataSED - DataSED - Dataset for Sound Event Detection of environmental noise/SED_wav/S-0060.wav,polyphonic,Lawn mower brush cutter and olive shaker,lawn_mower_brush_cutter_olive_shaker,3.88,113.34,0.03,0.94,109.46,580
datased:polyphonic:000580,S-0060,DataSED - DataSED - Dataset for Sound Event Detection of environmental noise/SED_wav/S-0060.wav,polyphonic,Birds,birds,8.4,120.27,0.07,1.0,111.87,581
datased:polyphonic:000581,S-0060,DataSED - DataSED - Dataset for Sound Event Detection of environmental noise/SED_wav/S-0060.wav,polyphonic,Chicken coop,chicken_coop,16.49,18.23,0.14,0.15,1.75,582
datased:polyphonic:000582,S-0060,DataSED - DataSED - Dataset for Sound Event Detection of environmental noise/SED_wav/S-0060.wav,polyphonic,Horn,horn,31.43,32.3,0.26,0.27,0.87,583
datased:polyphonic:000583,S-0060,DataSED - DataSED - Dataset for Sound Event Detection of environmental noise/SED_wav/S-0060.wav,polyphonic,Chicken coop,chicken_coop,32.66,34.41,0.27,0.29,1.75,584
datased:polyphonic:000584,S-0060,DataSED - DataSED - Dataset for Sound Event Detection of environmental noise/SED_wav/S-0060.wav,polyphonic,Bells,bells,55.62,82.73,0.46,0.69,27.11,585
datased:polyphonic:000585,S-0060,DataSED - DataSED - Dataset for Sound Event Detection of environmental noise/SED_wav/S-0060.wav,polyphonic,Chicken coop,chicken_coop,62.33,63.86,0.52,0.53,1.53,586
datased:polyphonic:000586,S-0060,DataSED - DataSED - Dataset for Sound Event Detection of environmental noise/SED_wav/S-0060.wav,polyphonic,Chicken coop,chicken_coop,93.23,95.56,0.77,0.79,2.33,587
datased:polyphonic:000587,S-0060,DataSED - DataSED - Dataset for Sound Event Detection of environmental noise/SED_wav/S-0060.wav,polyphonic,Crows seagulls and magpies,crows_seagulls_magpies,100.81,102.34,0.84,0.85,1.53,588
datased:polyphonic:000588,S-0060,DataSED - DataSED - Dataset for Sound Event Detection of environmental noise/SED_wav/S-0060.wav,polyphonic,Bells,bells,102.99,120.41,0.86,1.0,17.42,589
datased:polyphonic:000589,S-0060,DataSED - DataSED - Dataset for Sound Event Detection of environmental noise/SED_wav/S-0060.wav,polyphonic,Vehicle idling,vehicle_idling,113.27,119.03,0.94,0.99,5.76,590
datased:polyphonic:000590,S-0061,DataSED - DataSED - Dataset for Sound Event Detection of environmental noise/SED_wav/S-0061.wav,polyphonic,Bells,bells,0.0,69.03,0.0,0.38,69.03,591
datased:polyphonic:000591,S-0061,DataSED - DataSED - Dataset for Sound Event Detection of environmental noise/SED_wav/S-0061.wav,polyphonic,Birds,birds,0.0,180.4,0.0,1.0,180.4,592
datased:polyphonic:000592,S-0061,DataSED - DataSED - Dataset for Sound Event Detection of environmental noise/SED_wav/S-0061.wav,polyphonic,Horn,horn,7.77,9.08,0.04,0.05,1.31,593
datased:polyphonic:000593,S-0061,DataSED - DataSED - Dataset for Sound Event Detection of environmental noise/SED_wav/S-0061.wav,polyphonic,Vacuum cleaner fan and hairdryer,vacuum_cleaner_fan_hairdryer,15.31,28.96,0.08,0.16,13.65,594
datased:polyphonic:000594,S-0061,DataSED - DataSED - Dataset for Sound Event Detection of environmental noise/SED_wav/S-0061.wav,polyphonic,Voices,voices,35.94,37.69,0.2,0.21,1.75,595
datased:polyphonic:000595,S-0061,DataSED - DataSED - Dataset for Sound Event Detection of environmental noise/SED_wav/S-0061.wav,polyphonic,Lawn mower brush cutter and olive shaker,lawn_mower_brush_cutter_olive_shaker,53.09,69.03,0.29,0.38,15.94,596
datased:polyphonic:000596,S-0061,DataSED - DataSED - Dataset for Sound Event Detection of environmental noise/SED_wav/S-0061.wav,polyphonic,Lawn mower brush cutter and olive shaker,lawn_mower_brush_cutter_olive_shaker,79.4,122.86,0.44,0.68,43.46,597
datased:polyphonic:000597,S-0061,DataSED - DataSED - Dataset for Sound Event Detection of environmental noise/SED_wav/S-0061.wav,polyphonic,Vehicle pass-by,vehicle_pass_by,102.44,115.32,0.57,0.64,12.88,598
datased:polyphonic:000598,S-0061,DataSED - DataSED - Dataset for Sound Event Detection of environmental noise/SED_wav/S-0061.wav,polyphonic,Vehicle idling,vehicle_idling,126.35,128.1,0.7,0.71,1.75,599
datased:polyphonic:000599,S-0061,DataSED - DataSED - Dataset for Sound Event Detection of environmental noise/SED_wav/S-0061.wav,polyphonic,Vacuum cleaner fan and hairdryer,vacuum_cleaner_fan_hairdryer,127.77,134.32,0.71,0.74,6.55,600
datased:polyphonic:000600,S-0061,DataSED - DataSED - Dataset for Sound Event Detection of environmental noise/SED_wav/S-0061.wav,polyphonic,Horn,horn,140.55,142.18,0.78,0.79,1.64,601
datased:polyphonic:000601,S-0061,DataSED - DataSED - Dataset for Sound Event Detection of environmental noise/SED_wav/S-0061.wav,polyphonic,Crows seagulls and magpies,crows_seagulls_magpies,147.64,149.28,0.82,0.83,1.64,602
datased:polyphonic:000602,S-0061,DataSED - DataSED - Dataset for Sound Event Detection of environmental noise/SED_wav/S-0061.wav,polyphonic,Vacuum cleaner fan and hairdryer,vacuum_cleaner_fan_hairdryer,148.73,159.76,0.82,0.89,11.03,603
datased:polyphonic:000603,S-0061,DataSED - DataSED - Dataset for Sound Event Detection of environmental noise/SED_wav/S-0061.wav,polyphonic,Crows seagulls and magpies,crows_seagulls_magpies,152.12,153.98,0.84,0.85,1.86,604
datased:polyphonic:000604,S-0061,DataSED - DataSED - Dataset for Sound Event Detection of environmental noise/SED_wav/S-0061.wav,polyphonic,Vacuum cleaner fan and hairdryer,vacuum_cleaner_fan_hairdryer,169.7,173.19,0.94,0.96,3.49,605
datased:polyphonic:000605,S-0062,DataSED - DataSED - Dataset for Sound Event Detection of environmental noise/SED_wav/S-0062.wav,polyphonic,Birds,birds,0.0,27.44,0.0,0.24,27.44,606
datased:polyphonic:000606,S-0062,DataSED - DataSED - Dataset for Sound Event Detection of environmental noise/SED_wav/S-0062.wav,polyphonic,Dog barkings and howlings,dog_barkings_and_howlings,0.7,23.03,0.01,0.2,22.32,607
datased:polyphonic:000607,S-0062,DataSED - DataSED - Dataset for Sound Event Detection of environmental noise/SED_wav/S-0062.wav,polyphonic,Lawn mower brush cutter and olive shaker,lawn_mower_brush_cutter_olive_shaker,25.1,65.06,0.22,0.57,39.96,608
datased:polyphonic:000608,S-0062,DataSED - DataSED - Dataset for Sound Event Detection of environmental noise/SED_wav/S-0062.wav,polyphonic,Dog barkings and howlings,dog_barkings_and_howlings,60.1,62.92,0.53,0.55,2.83,609
datased:polyphonic:000609,S-0062,DataSED - DataSED - Dataset for Sound Event Detection of environmental noise/SED_wav/S-0062.wav,polyphonic,Birds,birds,63.61,113.84,0.56,1.0,50.23,610
datased:polyphonic:000610,S-0062,DataSED - DataSED - Dataset for Sound Event Detection of environmental noise/SED_wav/S-0062.wav,polyphonic,Vacuum cleaner fan and hairdryer,vacuum_cleaner_fan_hairdryer,70.16,97.24,0.62,0.85,27.08,611
datased:polyphonic:000611,S-0062,DataSED - DataSED - Dataset for Sound Event Detection of environmental noise/SED_wav/S-0062.wav,polyphonic,Chicken coop,chicken_coop,96.0,97.72,0.84,0.86,1.72,612
datased:polyphonic:000612,S-0063,DataSED - DataSED - Dataset for Sound Event Detection of environmental noise/SED_wav/S-0063.wav,polyphonic,Vehicle pass-by,vehicle_pass_by,2.75,12.55,0.02,0.07,9.81,613
datased:polyphonic:000613,S-0063,DataSED - DataSED - Dataset for Sound Event Detection of environmental noise/SED_wav/S-0063.wav,polyphonic,Dog barkings and howlings,dog_barkings_and_howlings,13.31,45.68,0.07,0.25,32.37,614
datased:polyphonic:000614,S-0063,DataSED - DataSED - Dataset for Sound Event Detection of environmental noise/SED_wav/S-0063.wav,polyphonic,Crows seagulls and magpies,crows_seagulls_magpies,47.52,48.72,0.26,0.27,1.2,615
datased:polyphonic:000615,S-0063,DataSED - DataSED - Dataset for Sound Event Detection of environmental noise/SED_wav/S-0063.wav,polyphonic,Dog barkings and howlings,dog_barkings_and_howlings,48.41,56.13,0.27,0.31,7.72,616
datased:polyphonic:000616,S-0063,DataSED - DataSED - Dataset for Sound Event Detection of environmental noise/SED_wav/S-0063.wav,polyphonic,Crows seagulls and magpies,crows_seagulls_magpies,56.35,57.46,0.31,0.32,1.12,617
datased:polyphonic:000617,S-0063,DataSED - DataSED - Dataset for Sound Event Detection of environmental noise/SED_wav/S-0063.wav,polyphonic,Dog barkings and howlings,dog_barkings_and_howlings,58.42,61.79,0.32,0.34,3.38,618
datased:polyphonic:000618,S-0063,DataSED - DataSED - Dataset for Sound Event Detection of environmental noise/SED_wav/S-0063.wav,polyphonic,Dog barkings and howlings,dog_barkings_and_howlings,62.56,63.86,0.35,0.35,1.31,619
datased:polyphonic:000619,S-0063,DataSED - DataSED - Dataset for Sound Event Detection of environmental noise/SED_wav/S-0063.wav,polyphonic,Dog barkings and howlings,dog_barkings_and_howlings,65.54,70.62,0.36,0.39,5.08,620
datased:polyphonic:000620,S-0063,DataSED - DataSED - Dataset for Sound Event Detection of environmental noise/SED_wav/S-0063.wav,polyphonic,Dog barkings and howlings,dog_barkings_and_howlings,72.04,74.32,0.4,0.41,2.29,621
datased:polyphonic:000621,S-0063,DataSED - DataSED - Dataset for Sound Event Detection of environmental noise/SED_wav/S-0063.wav,polyphonic,Crows seagulls and magpies,crows_seagulls_magpies,74.87,76.28,0.42,0.42,1.42,622
datased:polyphonic:000622,S-0063,DataSED - DataSED - Dataset for Sound Event Detection of environmental noise/SED_wav/S-0063.wav,polyphonic,Dog barkings and howlings,dog_barkings_and_howlings,77.05,78.57,0.43,0.44,1.53,623
datased:polyphonic:000623,S-0063,DataSED - DataSED - Dataset for Sound Event Detection of environmental noise/SED_wav/S-0063.wav,polyphonic,Dog barkings and howlings,dog_barkings_and_howlings,80.64,82.38,0.45,0.46,1.74,624
datased:polyphonic:000624,S-0063,DataSED - DataSED - Dataset for Sound Event Detection of environmental noise/SED_wav/S-0063.wav,polyphonic,Dog barkings and howlings,dog_barkings_and_howlings,87.51,91.86,0.49,0.51,4.36,625
datased:polyphonic:000625,S-0063,DataSED - DataSED - Dataset for Sound Event Detection of environmental noise/SED_wav/S-0063.wav,polyphonic,Dog barkings and howlings,dog_barkings_and_howlings,95.24,99.49,0.53,0.55,4.25,626
datased:polyphonic:000626,S-0063,DataSED - DataSED - Dataset for Sound Event Detection of environmental noise/SED_wav/S-0063.wav,polyphonic,Birds,birds,100.25,106.03,0.56,0.59,5.77,627
datased:polyphonic:000627,S-0063,DataSED - DataSED - Dataset for Sound Event Detection of environmental noise/SED_wav/S-0063.wav,polyphonic,Dog barkings and howlings,dog_barkings_and_howlings,106.24,113.21,0.59,0.63,6.97,628
datased:polyphonic:000628,S-0063,DataSED - DataSED - Dataset for Sound Event Detection of environmental noise/SED_wav/S-0063.wav,polyphonic,Crows seagulls and magpies,crows_seagulls_magpies,113.87,115.18,0.63,0.64,1.31,629
datased:polyphonic:000629,S-0063,DataSED - DataSED - Dataset for Sound Event Detection of environmental noise/SED_wav/S-0063.wav,polyphonic,Crows seagulls and magpies,crows_seagulls_magpies,118.77,119.97,0.66,0.67,1.2,630
datased:polyphonic:000630,S-0063,DataSED - DataSED - Dataset for Sound Event Detection of environmental noise/SED_wav/S-0063.wav,polyphonic,Dog barkings and howlings,dog_barkings_and_howlings,121.61,134.24,0.68,0.75,12.64,631
datased:polyphonic:000631,S-0063,DataSED - DataSED - Dataset for Sound Event Detection of environmental noise/SED_wav/S-0063.wav,polyphonic,Dog barkings and howlings,dog_barkings_and_howlings,136.31,138.71,0.76,0.77,2.4,632
datased:polyphonic:000632,S-0063,DataSED - DataSED - Dataset for Sound Event Detection of environmental noise/SED_wav/S-0063.wav,polyphonic,Dog barkings and howlings,dog_barkings_and_howlings,139.04,140.02,0.77,0.78,0.98,633
datased:polyphonic:000633,S-0063,DataSED - DataSED - Dataset for Sound Event Detection of environmental noise/SED_wav/S-0063.wav,polyphonic,Dog barkings and howlings,dog_barkings_and_howlings,144.27,145.03,0.8,0.81,0.76,634
datased:polyphonic:000634,S-0063,DataSED - DataSED - Dataset for Sound Event Detection of environmental noise/SED_wav/S-0063.wav,polyphonic,Birds,birds,145.9,177.6,0.81,0.99,31.7,635
datased:polyphonic:000635,S-0064,DataSED - DataSED - Dataset for Sound Event Detection of environmental noise/SED_wav/S-0064.wav,polyphonic,Dog barkings and howlings,dog_barkings_and_howlings,7.95,11.03,0.05,0.07,3.08,636
datased:polyphonic:000636,S-0064,DataSED - DataSED - Dataset for Sound Event Detection of environmental noise/SED_wav/S-0064.wav,polyphonic,Dog barkings and howlings,dog_barkings_and_howlings,12.8,49.74,0.08,0.32,36.94,637
datased:polyphonic:000637,S-0064,DataSED - DataSED - Dataset for Sound Event Detection of environmental noise/SED_wav/S-0064.wav,polyphonic,Voices,voices,50.11,51.14,0.33,0.33,1.03,638
datased:polyphonic:000638,S-0064,DataSED - DataSED - Dataset for Sound Event Detection of environmental noise/SED_wav/S-0064.wav,polyphonic,Dog barkings and howlings,dog_barkings_and_howlings,51.23,55.8,0.33,0.36,4.57,639
datased:polyphonic:000639,S-0064,DataSED - DataSED - Dataset for Sound Event Detection of environmental noise/SED_wav/S-0064.wav,polyphonic,Birds,birds,56.18,91.53,0.36,0.59,35.36,640
datased:polyphonic:000640,S-0064,DataSED - DataSED - Dataset for Sound Event Detection of environmental noise/SED_wav/S-0064.wav,polyphonic,Crows seagulls and magpies,crows_seagulls_magpies,92.56,94.98,0.6,0.62,2.43,641
datased:polyphonic:000641,S-0064,DataSED - DataSED - Dataset for Sound Event Detection of environmental noise/SED_wav/S-0064.wav,polyphonic,Voices,voices,97.97,99.46,0.64,0.65,1.49,642
datased:polyphonic:000642,S-0064,DataSED - DataSED - Dataset for Sound Event Detection of environmental noise/SED_wav/S-0064.wav,polyphonic,Birds,birds,102.73,120.64,0.67,0.78,17.91,643
datased:polyphonic:000643,S-0064,DataSED - DataSED - Dataset for Sound Event Detection of environmental noise/SED_wav/S-0064.wav,polyphonic,Vehicle pass-by,vehicle_pass_by,121.38,150.86,0.79,0.98,29.48,644
datased:polyphonic:000644,S-0064,DataSED - DataSED - Dataset for Sound Event Detection of environmental noise/SED_wav/S-0064.wav,polyphonic,Crows seagulls and magpies,crows_seagulls_magpies,151.7,153.1,0.98,0.99,1.4,645
datased:polyphonic:000645,S-0065,DataSED - DataSED - Dataset for Sound Event Detection of environmental noise/SED_wav/S-0065.wav,polyphonic,Vacuum cleaner fan and hairdryer,vacuum_cleaner_fan_hairdryer,0.0,30.11,0.0,0.2,30.11,646
datased:polyphonic:000646,S-0065,DataSED - DataSED - Dataset for Sound Event Detection of environmental noise/SED_wav/S-0065.wav,polyphonic,Birds,birds,31.19,65.51,0.21,0.44,34.32,647
datased:polyphonic:000647,S-0065,DataSED - DataSED - Dataset for Sound Event Detection of environmental noise/SED_wav/S-0065.wav,polyphonic,Vehicle pass-by,vehicle_pass_by,65.87,70.63,0.44,0.48,4.76,648
datased:polyphonic:000648,S-0065,DataSED - DataSED - Dataset for Sound Event Detection of environmental noise/SED_wav/S-0065.wav,polyphonic,Birds,birds,70.36,80.43,0.47,0.54,10.06,649
datased:polyphonic:000649,S-0065,DataSED - DataSED - Dataset for Sound Event Detection of environmental noise/SED_wav/S-0065.wav,polyphonic,Vehicle pass-by,vehicle_pass_by,80.78,97.76,0.54,0.66,16.98,650
datased:polyphonic:000650,S-0065,DataSED - DataSED - Dataset for Sound Event Detection of environmental noise/SED_wav/S-0065.wav,polyphonic,Vacuum cleaner fan and hairdryer,vacuum_cleaner_fan_hairdryer,100.64,137.83,0.68,0.93,37.19,651
datased:polyphonic:000651,S-0065,DataSED - DataSED - Dataset for Sound Event Detection of environmental noise/SED_wav/S-0065.wav,polyphonic,Lawn mower brush cutter and olive shaker,lawn_mower_brush_cutter_olive_shaker,135.95,148.43,0.92,1.0,12.49,652
datased:polyphonic:000652,S-0066,DataSED - DataSED - Dataset for Sound Event Detection of environmental noise/SED_wav/S-0066.wav,polyphonic,Voices,voices,0.0,33.55,0.0,0.16,33.55,653
datased:polyphonic:000653,S-0066,DataSED - DataSED - Dataset for Sound Event Detection of environmental noise/SED_wav/S-0066.wav,polyphonic,Voices,voices,42.63,72.45,0.2,0.34,29.81,654
datased:polyphonic:000654,S-0066,DataSED - DataSED - Dataset for Sound Event Detection of environmental noise/SED_wav/S-0066.wav,polyphonic,Dog barkings and howlings,dog_barkings_and_howlings,70.4,173.4,0.33,0.82,103.0,655
datased:polyphonic:000655,S-0066,DataSED - DataSED - Dataset for Sound Event Detection of environmental noise/SED_wav/S-0066.wav,polyphonic,Dog barkings and howlings,dog_barkings_and_howlings,175.45,185.81,0.83,0.88,10.36,656
datased:polyphonic:000656,S-0066,DataSED - DataSED - Dataset for Sound Event Detection of environmental noise/SED_wav/S-0066.wav,polyphonic,Dog barkings and howlings,dog_barkings_and_howlings,194.13,195.15,0.92,0.92,1.02,657
datased:polyphonic:000657,S-0066,DataSED - DataSED - Dataset for Sound Event Detection of environmental noise/SED_wav/S-0066.wav,polyphonic,Voices,voices,197.84,210.76,0.94,1.0,12.92,658
datased:polyphonic:000658,S-0066,DataSED - DataSED - Dataset for Sound Event Detection of environmental noise/SED_wav/S-0066.wav,polyphonic,Lawn mower brush cutter and olive shaker,lawn_mower_brush_cutter_olive_shaker,205.39,211.4,0.97,1.0,6.01,659
datased:polyphonic:000659,S-0067,DataSED - DataSED - Dataset for Sound Event Detection of environmental noise/SED_wav/S-0067.wav,polyphonic,Lawn mower brush cutter and olive shaker,lawn_mower_brush_cutter_olive_shaker,3.28,6.12,0.03,0.05,2.83,660
datased:polyphonic:000660,S-0067,DataSED - DataSED - Dataset for Sound Event Detection of environmental noise/SED_wav/S-0067.wav,polyphonic,Birds,birds,6.48,13.52,0.05,0.11,7.05,661
datased:polyphonic:000661,S-0067,DataSED - DataSED - Dataset for Sound Event Detection of environmental noise/SED_wav/S-0067.wav,polyphonic,Voices,voices,13.38,18.39,0.11,0.15,5.01,662
datased:polyphonic:000662,S-0067,DataSED - DataSED - Dataset for Sound Event Detection of environmental noise/SED_wav/S-0067.wav,polyphonic,Lawn mower brush cutter and olive shaker,lawn_mower_brush_cutter_olive_shaker,17.08,78.96,0.14,0.66,61.88,663
datased:polyphonic:000663,S-0067,DataSED - DataSED - Dataset for Sound Event Detection of environmental noise/SED_wav/S-0067.wav,polyphonic,Dog barkings and howlings,dog_barkings_and_howlings,26.16,59.21,0.22,0.49,33.05,664
datased:polyphonic:000664,S-0067,DataSED - DataSED - Dataset for Sound Event Detection of environmental noise/SED_wav/S-0067.wav,polyphonic,Voices,voices,77.87,89.13,0.65,0.74,11.26,665
datased:polyphonic:000665,S-0067,DataSED - DataSED - Dataset for Sound Event Detection of environmental noise/SED_wav/S-0067.wav,polyphonic,Voices,voices,94.07,117.53,0.78,0.98,23.46,666
datased:polyphonic:000666,S-0067,DataSED - DataSED - Dataset for Sound Event Detection of environmental noise/SED_wav/S-0067.wav,polyphonic,Lawn mower brush cutter and olive shaker,lawn_mower_brush_cutter_olive_shaker,117.68,120.0,0.98,1.0,2.32,667
datased:polyphonic:000667,S-0068,DataSED - DataSED - Dataset for Sound Event Detection of environmental noise/SED_wav/S-0068.wav,polyphonic,Birds,birds,0.0,4.44,0.0,0.05,4.44,668
datased:polyphonic:000668,S-0068,DataSED - DataSED - Dataset for Sound Event Detection of environmental noise/SED_wav/S-0068.wav,polyphonic,Dog barkings and howlings,dog_barkings_and_howlings,5.38,27.65,0.06,0.3,22.27,669
datased:polyphonic:000669,S-0068,DataSED - DataSED - Dataset for Sound Event Detection of environmental noise/SED_wav/S-0068.wav,polyphonic,Lawn mower brush cutter and olive shaker,lawn_mower_brush_cutter_olive_shaker,31.53,63.87,0.34,0.7,32.35,670
datased:polyphonic:000670,S-0068,DataSED - DataSED - Dataset for Sound Event Detection of environmental noise/SED_wav/S-0068.wav,polyphonic,Voices,voices,63.93,70.08,0.7,0.77,6.15,671
datased:polyphonic:000671,S-0068,DataSED - DataSED - Dataset for Sound Event Detection of environmental noise/SED_wav/S-0068.wav,polyphonic,Birds,birds,74.79,91.51,0.82,1.0,16.73,672
datased:polyphonic:000672,S-0069,DataSED - DataSED - Dataset for Sound Event Detection of environmental noise/SED_wav/S-0069.wav,polyphonic,Dog barkings and howlings,dog_barkings_and_howlings,2.11,3.38,0.01,0.02,1.27,673
datased:polyphonic:000673,S-0069,DataSED - DataSED - Dataset for Sound Event Detection of environmental noise/SED_wav/S-0069.wav,polyphonic,Crows seagulls and magpies,crows_seagulls_magpies,5.01,6.37,0.03,0.04,1.36,674
datased:polyphonic:000674,S-0069,DataSED - DataSED - Dataset for Sound Event Detection of environmental noise/SED_wav/S-0069.wav,polyphonic,Dog barkings and howlings,dog_barkings_and_howlings,6.56,7.83,0.04,0.05,1.27,675
datased:polyphonic:000675,S-0069,DataSED - DataSED - Dataset for Sound Event Detection of environmental noise/SED_wav/S-0069.wav,polyphonic,Dog barkings and howlings,dog_barkings_and_howlings,9.07,12.89,0.06,0.09,3.82,676
datased:polyphonic:000676,S-0069,DataSED - DataSED - Dataset for Sound Event Detection of environmental noise/SED_wav/S-0069.wav,polyphonic,Dog barkings and howlings,dog_barkings_and_howlings,15.0,15.82,0.1,0.11,0.82,677
datased:polyphonic:000677,S-0069,DataSED - DataSED - Dataset for Sound Event Detection of environmental noise/SED_wav/S-0069.wav,polyphonic,Birds,birds,22.25,25.71,0.15,0.17,3.46,678
datased:polyphonic:000678,S-0069,DataSED - DataSED - Dataset for Sound Event Detection of environmental noise/SED_wav/S-0069.wav,polyphonic,Voices,voices,27.16,28.8,0.18,0.19,1.63,679
datased:polyphonic:000679,S-0069,DataSED - DataSED - Dataset for Sound Event Detection of environmental noise/SED_wav/S-0069.wav,polyphonic,Dog barkings and howlings,dog_barkings_and_howlings,39.6,42.05,0.26,0.28,2.45,680
datased:polyphonic:000680,S-0069,DataSED - DataSED - Dataset for Sound Event Detection of environmental noise/SED_wav/S-0069.wav,polyphonic,Voices,voices,43.05,48.95,0.29,0.33,5.9,681
datased:polyphonic:000681,S-0069,DataSED - DataSED - Dataset for Sound Event Detection of environmental noise/SED_wav/S-0069.wav,polyphonic,Dog barkings and howlings,dog_barkings_and_howlings,49.59,60.66,0.33,0.4,11.08,682
datased:polyphonic:000682,S-0069,DataSED - DataSED - Dataset for Sound Event Detection of environmental noise/SED_wav/S-0069.wav,polyphonic,Crows seagulls and magpies,crows_seagulls_magpies,68.74,70.29,0.46,0.47,1.54,683
datased:polyphonic:000683,S-0069,DataSED - DataSED - Dataset for Sound Event Detection of environmental noise/SED_wav/S-0069.wav,polyphonic,Dog barkings and howlings,dog_barkings_and_howlings,78.19,86.99,0.52,0.58,8.81,684
datased:polyphonic:000684,S-0069,DataSED - DataSED - Dataset for Sound Event Detection of environmental noise/SED_wav/S-0069.wav,polyphonic,Crows seagulls and magpies,crows_seagulls_magpies,86.99,87.72,0.58,0.58,0.73,685
datased:polyphonic:000685,S-0069,DataSED - DataSED - Dataset for Sound Event Detection of environmental noise/SED_wav/S-0069.wav,polyphonic,Dog barkings and howlings,dog_barkings_and_howlings,87.81,104.06,0.59,0.69,16.25,686
datased:polyphonic:000686,S-0069,DataSED - DataSED - Dataset for Sound Event Detection of environmental noise/SED_wav/S-0069.wav,polyphonic,Dog barkings and howlings,dog_barkings_and_howlings,105.15,137.47,0.7,0.92,32.32,687
datased:polyphonic:000687,S-0069,DataSED - DataSED - Dataset for Sound Event Detection of environmental noise/SED_wav/S-0069.wav,polyphonic,Crows seagulls and magpies,crows_seagulls_magpies,146.82,148.55,0.98,0.99,1.72,688
datased:polyphonic:000688,S-0070,DataSED - DataSED - Dataset for Sound Event Detection of environmental noise/SED_wav/S-0070.wav,polyphonic,Vehicle pass-by,vehicle_pass_by,1.01,21.54,0.01,0.17,20.53,689
datased:polyphonic:000689,S-0070,DataSED - DataSED - Dataset for Sound Event Detection of environmental noise/SED_wav/S-0070.wav,polyphonic,Birds,birds,22.46,27.87,0.18,0.22,5.42,690
datased:polyphonic:000690,S-0070,DataSED - DataSED - Dataset for Sound Event Detection of environmental noise/SED_wav/S-0070.wav,polyphonic,Voices,voices,28.03,37.64,0.22,0.3,9.62,691
datased:polyphonic:000691,S-0070,DataSED - DataSED - Dataset for Sound Event Detection of environmental noise/SED_wav/S-0070.wav,polyphonic,Dog barkings and howlings,dog_barkings_and_howlings,42.68,48.63,0.34,0.39,5.95,692
datased:polyphonic:000692,S-0070,DataSED - DataSED - Dataset for Sound Event Detection of environmental noise/SED_wav/S-0070.wav,polyphonic,Birds,birds,50.31,68.48,0.4,0.54,18.17,693
datased:polyphonic:000693,S-0070,DataSED - DataSED - Dataset for Sound Event Detection of environmental noise/SED_wav/S-0070.wav,polyphonic,Voices,voices,68.86,72.07,0.55,0.57,3.21,694
datased:polyphonic:000694,S-0070,DataSED - DataSED - Dataset for Sound Event Detection of environmental noise/SED_wav/S-0070.wav,polyphonic,Birds,birds,72.68,88.78,0.58,0.7,16.1,695
datased:polyphonic:000695,S-0070,DataSED - DataSED - Dataset for Sound Event Detection of environmental noise/SED_wav/S-0070.wav,polyphonic,Crows seagulls and magpies,crows_seagulls_magpies,89.32,91.38,0.71,0.72,2.06,696
datased:polyphonic:000696,S-0070,DataSED - DataSED - Dataset for Sound Event Detection of environmental noise/SED_wav/S-0070.wav,polyphonic,Birds,birds,91.53,100.99,0.73,0.8,9.46,697
datased:polyphonic:000697,S-0070,DataSED - DataSED - Dataset for Sound Event Detection of environmental noise/SED_wav/S-0070.wav,polyphonic,Dog barkings and howlings,dog_barkings_and_howlings,101.53,103.82,0.81,0.82,2.29,698
datased:polyphonic:000698,S-0070,DataSED - DataSED - Dataset for Sound Event Detection of environmental noise/SED_wav/S-0070.wav,polyphonic,Birds,birds,104.28,126.1,0.83,1.0,21.83,699
datased:polyphonic:000699,S-0071,DataSED - DataSED - Dataset for Sound Event Detection of environmental noise/SED_wav/S-0071.wav,polyphonic,Lawn mower brush cutter and olive shaker,lawn_mower_brush_cutter_olive_shaker,10.05,148.73,0.06,0.83,138.69,700
datased:polyphonic:000700,S-0071,DataSED - DataSED - Dataset for Sound Event Detection of environmental noise/SED_wav/S-0071.wav,polyphonic,Voices,voices,149.28,176.62,0.83,0.98,27.35,701
datased:polyphonic:000701,S-0071,DataSED - DataSED - Dataset for Sound Event Detection of environmental noise/SED_wav/S-0071.wav,polyphonic,Birds,birds,176.73,180.0,0.98,1.0,3.27,702
datased:polyphonic:000702,S-0072,DataSED - DataSED - Dataset for Sound Event Detection of environmental noise/SED_wav/S-0072.wav,polyphonic,Birds,birds,0.0,10.44,0.0,0.07,10.44,703
datased:polyphonic:000703,S-0072,DataSED - DataSED - Dataset for Sound Event Detection of environmental noise/SED_wav/S-0072.wav,polyphonic,Lawn mower brush cutter and olive shaker,lawn_mower_brush_cutter_olive_shaker,10.44,48.8,0.07,0.33,38.36,704
datased:polyphonic:000704,S-0072,DataSED - DataSED - Dataset for Sound Event Detection of environmental noise/SED_wav/S-0072.wav,polyphonic,Birds,birds,49.34,146.37,0.33,0.99,97.03,705
datased:polyphonic:000705,S-0073,DataSED - DataSED - Dataset for Sound Event Detection of environmental noise/SED_wav/S-0073.wav,polyphonic,Birds,birds,0.0,13.32,0.0,0.08,13.32,706
datased:polyphonic:000706,S-0073,DataSED - DataSED - Dataset for Sound Event Detection of environmental noise/SED_wav/S-0073.wav,polyphonic,Lawn mower brush cutter and olive shaker,lawn_mower_brush_cutter_olive_shaker,15.12,54.63,0.09,0.33,39.51,707
datased:polyphonic:000707,S-0073,DataSED - DataSED - Dataset for Sound Event Detection of environmental noise/SED_wav/S-0073.wav,polyphonic,Voices,voices,16.36,21.34,0.1,0.13,4.97,708
datased:polyphonic:000708,S-0073,DataSED - DataSED - Dataset for Sound Event Detection of environmental noise/SED_wav/S-0073.wav,polyphonic,Lawn mower brush cutter and olive shaker,lawn_mower_brush_cutter_olive_shaker,57.37,70.46,0.34,0.42,13.09,709
datased:polyphonic:000709,S-0073,DataSED - DataSED - Dataset for Sound Event Detection of environmental noise/SED_wav/S-0073.wav,polyphonic,Dog barkings and howlings,dog_barkings_and_howlings,141.82,157.45,0.85,0.94,15.63,710
datased:polyphonic:000710,S-0073,DataSED - DataSED - Dataset for Sound Event Detection of environmental noise/SED_wav/S-0073.wav,polyphonic,Lawn mower brush cutter and olive shaker,lawn_mower_brush_cutter_olive_shaker,164.25,167.7,0.98,1.0,3.45,711
datased:polyphonic:000711,S-0074,DataSED - DataSED - Dataset for Sound Event Detection of environmental noise/SED_wav/S-0074.wav,polyphonic,Lawn mower brush cutter and olive shaker,lawn_mower_brush_cutter_olive_shaker,0.0,4.9,0.0,0.03,4.9,712
datased:polyphonic:000712,S-0074,DataSED - DataSED - Dataset for Sound Event Detection of environmental noise/SED_wav/S-0074.wav,polyphonic,Voices,voices,5.08,149.13,0.03,1.0,144.05,713
datased:polyphonic:000713,S-0074,DataSED - DataSED - Dataset for Sound Event Detection of environmental noise/SED_wav/S-0074.wav,polyphonic,Dog barkings and howlings,dog_barkings_and_howlings,26.32,27.67,0.18,0.19,1.36,714
datased:polyphonic:000714,S-0074,DataSED - DataSED - Dataset for Sound Event Detection of environmental noise/SED_wav/S-0074.wav,polyphonic,Music,music,31.11,33.73,0.21,0.23,2.62,715
datased:polyphonic:000715,S-0074,DataSED - DataSED - Dataset for Sound Event Detection of environmental noise/SED_wav/S-0074.wav,polyphonic,Music,music,37.61,39.33,0.25,0.26,1.72,716
datased:polyphonic:000716,S-0074,DataSED - DataSED - Dataset for Sound Event Detection of environmental noise/SED_wav/S-0074.wav,polyphonic,Dog barkings and howlings,dog_barkings_and_howlings,107.56,109.01,0.72,0.73,1.45,717
datased:polyphonic:000717,S-0074,DataSED - DataSED - Dataset for Sound Event Detection of environmental noise/SED_wav/S-0074.wav,polyphonic,Bells,bells,111.81,116.14,0.75,0.78,4.34,718
datased:polyphonic:000718,S-0075,DataSED - DataSED - Dataset for Sound Event Detection of environmental noise/SED_wav/S-0075.wav,polyphonic,Voices,voices,27.4,29.43,0.18,0.19,2.03,719
datased:polyphonic:000719,S-0075,DataSED - DataSED - Dataset for Sound Event Detection of environmental noise/SED_wav/S-0075.wav,polyphonic,Voices,voices,36.09,52.65,0.24,0.34,16.56,720
datased:polyphonic:000720,S-0075,DataSED - DataSED - Dataset for Sound Event Detection of environmental noise/SED_wav/S-0075.wav,polyphonic,Horn,horn,45.8,46.36,0.3,0.3,0.55,721
datased:polyphonic:000721,S-0075,DataSED - DataSED - Dataset for Sound Event Detection of environmental noise/SED_wav/S-0075.wav,polyphonic,Lawn mower brush cutter and olive shaker,lawn_mower_brush_cutter_olive_shaker,52.55,137.37,0.34,0.9,84.81,722
datased:polyphonic:000722,S-0075,DataSED - DataSED - Dataset for Sound Event Detection of environmental noise/SED_wav/S-0075.wav,polyphonic,Voices,voices,139.68,142.27,0.91,0.93,2.59,723
datased:polyphonic:000723,S-0076,DataSED - DataSED - Dataset for Sound Event Detection of environmental noise/SED_wav/S-0076.wav,polyphonic,Lawn mower brush cutter and olive shaker,lawn_mower_brush_cutter_olive_shaker,4.94,43.27,0.05,0.47,38.33,724
datased:polyphonic:000724,S-0076,DataSED - DataSED - Dataset for Sound Event Detection of environmental noise/SED_wav/S-0076.wav,polyphonic,Birds,birds,45.15,91.4,0.49,1.0,46.25,725
datased:polyphonic:000725,S-0077,DataSED - DataSED - Dataset for Sound Event Detection of environmental noise/SED_wav/S-0077.wav,polyphonic,Dog barkings and howlings,dog_barkings_and_howlings,18.42,20.76,0.23,0.26,2.34,726
datased:polyphonic:000726,S-0077,DataSED - DataSED - Dataset for Sound Event Detection of environmental noise/SED_wav/S-0077.wav,polyphonic,Dog barkings and howlings,dog_barkings_and_howlings,26.39,29.01,0.33,0.37,2.62,727
datased:polyphonic:000727,S-0077,DataSED - DataSED - Dataset for Sound Event Detection of environmental noise/SED_wav/S-0077.wav,polyphonic,Dog barkings and howlings,dog_barkings_and_howlings,30.16,35.17,0.38,0.45,5.01,728
datased:polyphonic:000728,S-0078,DataSED - DataSED - Dataset for Sound Event Detection of environmental noise/SED_wav/S-0078.wav,polyphonic,Sirens and alarms,sirens_and_alarms,10.06,11.72,0.13,0.15,1.66,729
datased:polyphonic:000729,S-0078,DataSED - DataSED - Dataset for Sound Event Detection of environmental noise/SED_wav/S-0078.wav,polyphonic,Bells,bells,34.73,55.9,0.46,0.73,21.17,730
datased:polyphonic:000730,S-0078,DataSED - DataSED - Dataset for Sound Event Detection of environmental noise/SED_wav/S-0078.wav,polyphonic,Vehicle idling,vehicle_idling,55.81,63.46,0.73,0.83,7.65,731
datased:polyphonic:000731,S-0078,DataSED - DataSED - Dataset for Sound Event Detection of environmental noise/SED_wav/S-0078.wav,polyphonic,Vehicle pass-by,vehicle_pass_by,63.78,74.71,0.84,0.98,10.93,732
datased:polyphonic:000732,S-0079,DataSED - DataSED - Dataset for Sound Event Detection of environmental noise/SED_wav/S-0079.wav,polyphonic,Bells,bells,4.44,131.12,0.03,0.77,126.68,733
datased:polyphonic:000733,S-0079,DataSED - DataSED - Dataset for Sound Event Detection of environmental noise/SED_wav/S-0079.wav,polyphonic,Dog barkings and howlings,dog_barkings_and_howlings,9.89,11.74,0.06,0.07,1.85,734
datased:polyphonic:000734,S-0079,DataSED - DataSED - Dataset for Sound Event Detection of environmental noise/SED_wav/S-0079.wav,polyphonic,Dog barkings and howlings,dog_barkings_and_howlings,17.71,19.97,0.1,0.12,2.26,735
datased:polyphonic:000735,S-0079,DataSED - DataSED - Dataset for Sound Event Detection of environmental noise/SED_wav/S-0079.wav,polyphonic,Dog barkings and howlings,dog_barkings_and_howlings,20.28,21.92,0.12,0.13,1.65,736
datased:polyphonic:000736,S-0079,DataSED - DataSED - Dataset for Sound Event Detection of environmental noise/SED_wav/S-0079.wav,polyphonic,Dog barkings and howlings,dog_barkings_and_howlings,23.05,24.49,0.14,0.14,1.44,737
datased:polyphonic:000737,S-0079,DataSED - DataSED - Dataset for Sound Event Detection of environmental noise/SED_wav/S-0079.wav,polyphonic,Dog barkings and howlings,dog_barkings_and_howlings,31.9,33.03,0.19,0.19,1.13,738
datased:polyphonic:000738,S-0079,DataSED - DataSED - Dataset for Sound Event Detection of environmental noise/SED_wav/S-0079.wav,polyphonic,Dog barkings and howlings,dog_barkings_and_howlings,33.85,35.19,0.2,0.21,1.34,739
datased:polyphonic:000739,S-0079,DataSED - DataSED - Dataset for Sound Event Detection of environmental noise/SED_wav/S-0079.wav,polyphonic,Dog barkings and howlings,dog_barkings_and_howlings,36.01,38.27,0.21,0.23,2.26,740
datased:polyphonic:000740,S-0079,DataSED - DataSED - Dataset for Sound Event Detection of environmental noise/SED_wav/S-0079.wav,polyphonic,Dog barkings and howlings,dog_barkings_and_howlings,39.81,41.15,0.23,0.24,1.34,741
datased:polyphonic:000741,S-0079,DataSED - DataSED - Dataset for Sound Event Detection of environmental noise/SED_wav/S-0079.wav,polyphonic,Dog barkings and howlings,dog_barkings_and_howlings,42.69,44.24,0.25,0.26,1.54,742
datased:polyphonic:000742,S-0079,DataSED - DataSED - Dataset for Sound Event Detection of environmental noise/SED_wav/S-0079.wav,polyphonic,Dog barkings and howlings,dog_barkings_and_howlings,45.98,47.42,0.27,0.28,1.44,743
datased:polyphonic:000743,S-0079,DataSED - DataSED - Dataset for Sound Event Detection of environmental noise/SED_wav/S-0079.wav,polyphonic,Dog barkings and howlings,dog_barkings_and_howlings,49.48,50.71,0.29,0.3,1.23,744
datased:polyphonic:000744,S-0079,DataSED - DataSED - Dataset for Sound Event Detection of environmental noise/SED_wav/S-0079.wav,polyphonic,Horn,horn,151.79,153.13,0.89,0.9,1.34,745
datased:polyphonic:000745,S-0079,DataSED - DataSED - Dataset for Sound Event Detection of environmental noise/SED_wav/S-0079.wav,polyphonic,Vehicle pass-by,vehicle_pass_by,153.34,169.17,0.9,1.0,15.84,746
datased:polyphonic:000746,S-0080,DataSED - DataSED - Dataset for Sound Event Detection of environmental noise/SED_wav/S-0080.wav,polyphonic,Jet aircrafts,jet_aircrafts,13.34,35.88,0.09,0.24,22.54,747
datased:polyphonic:000747,S-0080,DataSED - DataSED - Dataset for Sound Event Detection of environmental noise/SED_wav/S-0080.wav,polyphonic,Voices,voices,69.38,73.01,0.46,0.49,3.63,748
datased:polyphonic:000748,S-0080,DataSED - DataSED - Dataset for Sound Event Detection of environmental noise/SED_wav/S-0080.wav,polyphonic,Dog barkings and howlings,dog_barkings_and_howlings,83.09,95.8,0.55,0.64,12.71,749
datased:polyphonic:000749,S-0080,DataSED - DataSED - Dataset for Sound Event Detection of environmental noise/SED_wav/S-0080.wav,polyphonic,Voices,voices,88.81,89.54,0.59,0.6,0.73,750
datased:polyphonic:000750,S-0080,DataSED - DataSED - Dataset for Sound Event Detection of environmental noise/SED_wav/S-0080.wav,polyphonic,Voices,voices,92.26,92.71,0.62,0.62,0.45,751
datased:polyphonic:000751,S-0080,DataSED - DataSED - Dataset for Sound Event Detection of environmental noise/SED_wav/S-0080.wav,polyphonic,Voices,voices,94.89,95.53,0.63,0.64,0.64,752
datased:polyphonic:000752,S-0080,DataSED - DataSED - Dataset for Sound Event Detection of environmental noise/SED_wav/S-0080.wav,polyphonic,Vehicle pass-by,vehicle_pass_by,98.61,106.06,0.66,0.71,7.44,753
datased:polyphonic:000753,S-0080,DataSED - DataSED - Dataset for Sound Event Detection of environmental noise/SED_wav/S-0080.wav,polyphonic,Jet aircrafts,jet_aircrafts,108.6,140.19,0.72,0.93,31.59,754
datased:polyphonic:000754,S-0081,DataSED - DataSED - Dataset for Sound Event Detection of environmental noise/SED_wav/S-0081.wav,polyphonic,Dog barkings and howlings,dog_barkings_and_howlings,10.02,33.59,0.06,0.21,23.57,755
datased:polyphonic:000755,S-0081,DataSED - DataSED - Dataset for Sound Event Detection of environmental noise/SED_wav/S-0081.wav,polyphonic,Dog barkings and howlings,dog_barkings_and_howlings,35.04,44.37,0.22,0.28,9.33,756
datased:polyphonic:000756,S-0081,DataSED - DataSED - Dataset for Sound Event Detection of environmental noise/SED_wav/S-0081.wav,polyphonic,Dog barkings and howlings,dog_barkings_and_howlings,46.87,54.08,0.29,0.34,7.22,757
datased:polyphonic:000757,S-0081,DataSED - DataSED - Dataset for Sound Event Detection of environmental noise/SED_wav/S-0081.wav,polyphonic,Dog barkings and howlings,dog_barkings_and_howlings,54.95,57.36,0.35,0.36,2.41,758
datased:polyphonic:000758,S-0081,DataSED - DataSED - Dataset for Sound Event Detection of environmental noise/SED_wav/S-0081.wav,polyphonic,Dog barkings and howlings,dog_barkings_and_howlings,61.49,63.7,0.39,0.4,2.21,759
datased:polyphonic:000759,S-0081,DataSED - DataSED - Dataset for Sound Event Detection of environmental noise/SED_wav/S-0081.wav,polyphonic,Jet aircrafts,jet_aircrafts,106.32,157.02,0.67,0.99,50.7,760
datased:polyphonic:000760,S-0081,DataSED - DataSED - Dataset for Sound Event Detection of environmental noise/SED_wav/S-0081.wav,polyphonic,Sirens and alarms,sirens_and_alarms,136.82,138.65,0.86,0.87,1.83,761
datased:polyphonic:000761,S-0081,DataSED - DataSED - Dataset for Sound Event Detection of environmental noise/SED_wav/S-0081.wav,polyphonic,Sirens and alarms,sirens_and_alarms,139.7,142.11,0.88,0.89,2.41,762
datased:polyphonic:000762,S-0082,DataSED - DataSED - Dataset for Sound Event Detection of environmental noise/SED_wav/S-0082.wav,polyphonic,Dog barkings and howlings,dog_barkings_and_howlings,6.19,8.37,0.05,0.07,2.18,763
datased:polyphonic:000763,S-0082,DataSED - DataSED - Dataset for Sound Event Detection of environmental noise/SED_wav/S-0082.wav,polyphonic,Jet aircrafts,jet_aircrafts,8.8,26.16,0.07,0.22,17.35,764
datased:polyphonic:000764,S-0082,DataSED - DataSED - Dataset for Sound Event Detection of environmental noise/SED_wav/S-0082.wav,polyphonic,Dog barkings and howlings,dog_barkings_and_howlings,28.12,31.89,0.23,0.27,3.78,765
datased:polyphonic:000765,S-0082,DataSED - DataSED - Dataset for Sound Event Detection of environmental noise/SED_wav/S-0082.wav,polyphonic,Vehicle pass-by,vehicle_pass_by,43.8,89.11,0.37,0.74,45.31,766
datased:polyphonic:000766,S-0082,DataSED - DataSED - Dataset for Sound Event Detection of environmental noise/SED_wav/S-0082.wav,polyphonic,Jet aircrafts,jet_aircrafts,94.78,119.32,0.79,0.99,24.54,767
datased:polyphonic:000767,S-0083,DataSED - DataSED - Dataset for Sound Event Detection of environmental noise/SED_wav/S-0083.wav,polyphonic,Dog barkings and howlings,dog_barkings_and_howlings,1.33,3.65,0.04,0.12,2.32,768
datased:polyphonic:000768,S-0083,DataSED - DataSED - Dataset for Sound Event Detection of environmental noise/SED_wav/S-0083.wav,polyphonic,Jet aircrafts,jet_aircrafts,2.33,29.62,0.08,0.99,27.29,769
datased:polyphonic:000769,S-0083,DataSED - DataSED - Dataset for Sound Event Detection of environmental noise/SED_wav/S-0083.wav,polyphonic,Dog barkings and howlings,dog_barkings_and_howlings,4.98,14.58,0.17,0.49,9.61,770
datased:polyphonic:000770,S-0083,DataSED - DataSED - Dataset for Sound Event Detection of environmental noise/SED_wav/S-0083.wav,polyphonic,Dog barkings and howlings,dog_barkings_and_howlings,17.04,19.81,0.57,0.66,2.78,771
datased:polyphonic:000771,S-0083,DataSED - DataSED - Dataset for Sound Event Detection of environmental noise/SED_wav/S-0083.wav,polyphonic,Dog barkings and howlings,dog_barkings_and_howlings,21.18,23.77,0.71,0.79,2.6,772
datased:polyphonic:000772,S-0083,DataSED - DataSED - Dataset for Sound Event Detection of environmental noise/SED_wav/S-0083.wav,polyphonic,Dog barkings and howlings,dog_barkings_and_howlings,25.44,27.0,0.85,0.9,1.56,773
datased:polyphonic:000773,S-0083,DataSED - DataSED - Dataset for Sound Event Detection of environmental noise/SED_wav/S-0083.wav,polyphonic,Dog barkings and howlings,dog_barkings_and_howlings,28.57,30.0,0.95,1.0,1.43,774
datased:polyphonic:000774,S-0084,DataSED - DataSED - Dataset for Sound Event Detection of environmental noise/SED_wav/S-0084.wav,polyphonic,Dog barkings and howlings,dog_barkings_and_howlings,0.67,7.27,0.01,0.08,6.61,775
datased:polyphonic:000775,S-0084,DataSED - DataSED - Dataset for Sound Event Detection of environmental noise/SED_wav/S-0084.wav,polyphonic,Dog barkings and howlings,dog_barkings_and_howlings,9.02,12.51,0.1,0.14,3.49,776
datased:polyphonic:000776,S-0084,DataSED - DataSED - Dataset for Sound Event Detection of environmental noise/SED_wav/S-0084.wav,polyphonic,Dog barkings and howlings,dog_barkings_and_howlings,13.44,27.03,0.15,0.3,13.59,777
datased:polyphonic:000777,S-0084,DataSED - DataSED - Dataset for Sound Event Detection of environmental noise/SED_wav/S-0084.wav,polyphonic,Propeller aircrafts,propeller_aircrafts,19.34,50.84,0.21,0.56,31.5,778
datased:polyphonic:000778,S-0084,DataSED - DataSED - Dataset for Sound Event Detection of environmental noise/SED_wav/S-0084.wav,polyphonic,Dog barkings and howlings,dog_barkings_and_howlings,29.87,32.33,0.33,0.36,2.46,779
datased:polyphonic:000779,S-0084,DataSED - DataSED - Dataset for Sound Event Detection of environmental noise/SED_wav/S-0084.wav,polyphonic,Dog barkings and howlings,dog_barkings_and_howlings,33.7,49.15,0.37,0.54,15.45,780
datased:polyphonic:000780,S-0084,DataSED - DataSED - Dataset for Sound Event Detection of environmental noise/SED_wav/S-0084.wav,polyphonic,Dog barkings and howlings,dog_barkings_and_howlings,52.48,54.0,0.58,0.6,1.53,781
datased:polyphonic:000781,S-0084,DataSED - DataSED - Dataset for Sound Event Detection of environmental noise/SED_wav/S-0084.wav,polyphonic,Vehicle pass-by,vehicle_pass_by,54.99,62.14,0.61,0.69,7.15,782
datased:polyphonic:000782,S-0084,DataSED - DataSED - Dataset for Sound Event Detection of environmental noise/SED_wav/S-0084.wav,polyphonic,Dog barkings and howlings,dog_barkings_and_howlings,58.04,60.66,0.64,0.67,2.62,783
datased:polyphonic:000783,S-0084,DataSED - DataSED - Dataset for Sound Event Detection of environmental noise/SED_wav/S-0084.wav,polyphonic,Dog barkings and howlings,dog_barkings_and_howlings,65.74,89.22,0.73,0.99,23.48,784
datased:polyphonic:000784,S-0085,DataSED - DataSED - Dataset for Sound Event Detection of environmental noise/SED_wav/S-0085.wav,polyphonic,Dog barkings and howlings,dog_barkings_and_howlings,7.2,33.94,0.05,0.26,26.74,785
datased:polyphonic:000785,S-0085,DataSED - DataSED - Dataset for Sound Event Detection of environmental noise/SED_wav/S-0085.wav,polyphonic,Dog barkings and howlings,dog_barkings_and_howlings,51.74,53.02,0.39,0.4,1.28,786
datased:polyphonic:000786,S-0085,DataSED - DataSED - Dataset for Sound Event Detection of environmental noise/SED_wav/S-0085.wav,polyphonic,Dog barkings and howlings,dog_barkings_and_howlings,64.11,95.0,0.49,0.72,30.89,787
datased:polyphonic:000787,S-0085,DataSED - DataSED - Dataset for Sound Event Detection of environmental noise/SED_wav/S-0085.wav,polyphonic,Dog barkings and howlings,dog_barkings_and_howlings,96.92,107.21,0.73,0.81,10.3,788
datased:polyphonic:000788,S-0085,DataSED - DataSED - Dataset for Sound Event Detection of environmental noise/SED_wav/S-0085.wav,polyphonic,Dog barkings and howlings,dog_barkings_and_howlings,111.36,126.53,0.84,0.96,15.17,789
datased:polyphonic:000789,S-0086,DataSED - DataSED - Dataset for Sound Event Detection of environmental noise/SED_wav/S-0086.wav,polyphonic,Glass breaking,glass_breaking,9.38,18.64,0.11,0.23,9.27,790
datased:polyphonic:000790,S-0086,DataSED - DataSED - Dataset for Sound Event Detection of environmental noise/SED_wav/S-0086.wav,polyphonic,Glass breaking,glass_breaking,24.72,36.28,0.3,0.44,11.56,791
datased:polyphonic:000791,S-0086,DataSED - DataSED - Dataset for Sound Event Detection of environmental noise/SED_wav/S-0086.wav,polyphonic,Glass breaking,glass_breaking,42.61,54.52,0.52,0.66,11.91,792
datased:polyphonic:000792,S-0086,DataSED - DataSED - Dataset for Sound Event Detection of environmental noise/SED_wav/S-0086.wav,polyphonic,Glass breaking,glass_breaking,61.09,73.0,0.74,0.89,11.91,793
datased:polyphonic:000793,S-0087,DataSED - DataSED - Dataset for Sound Event Detection of environmental noise/SED_wav/S-0087.wav,polyphonic,Glass breaking,glass_breaking,0.0,7.51,0.0,0.11,7.51,794
datased:polyphonic:000794,S-0087,DataSED - DataSED - Dataset for Sound Event Detection of environmental noise/SED_wav/S-0087.wav,polyphonic,Glass breaking,glass_breaking,9.02,14.35,0.13,0.21,5.34,795
datased:polyphonic:000795,S-0087,DataSED - DataSED - Dataset for Sound Event Detection of environmental noise/SED_wav/S-0087.wav,polyphonic,Music,music,9.02,14.35,0.13,0.21,5.34,796
datased:polyphonic:000796,S-0087,DataSED - DataSED - Dataset for Sound Event Detection of environmental noise/SED_wav/S-0087.wav,polyphonic,Glass breaking,glass_breaking,14.48,21.28,0.21,0.31,6.8,797
datased:polyphonic:000797,S-0087,DataSED - DataSED - Dataset for Sound Event Detection of environmental noise/SED_wav/S-0087.wav,polyphonic,Glass breaking,glass_breaking,31.12,32.91,0.45,0.48,1.79,798
datased:polyphonic:000798,S-0087,DataSED - DataSED - Dataset for Sound Event Detection of environmental noise/SED_wav/S-0087.wav,polyphonic,Glass breaking,glass_breaking,35.75,47.84,0.52,0.69,12.09,799
datased:polyphonic:000799,S-0087,DataSED - DataSED - Dataset for Sound Event Detection of environmental noise/SED_wav/S-0087.wav,polyphonic,Music,music,35.75,47.84,0.52,0.69,12.09,800
datased:polyphonic:000800,S-0087,DataSED - DataSED - Dataset for Sound Event Detection of environmental noise/SED_wav/S-0087.wav,polyphonic,Glass breaking,glass_breaking,48.67,52.18,0.71,0.76,3.5,801
datased:polyphonic:000801,S-0087,DataSED - DataSED - Dataset for Sound Event Detection of environmental noise/SED_wav/S-0087.wav,polyphonic,Workshop,workshop,52.09,55.51,0.76,0.81,3.42,802
datased:polyphonic:000802,S-0087,DataSED - DataSED - Dataset for Sound Event Detection of environmental noise/SED_wav/S-0087.wav,polyphonic,Voices,voices,56.31,68.9,0.82,1.0,12.59,803
datased:polyphonic:000803,S-0087,DataSED - DataSED - Dataset for Sound Event Detection of environmental noise/SED_wav/S-0087.wav,polyphonic,Sirens and alarms,sirens_and_alarms,63.06,64.23,0.92,0.93,1.17,804
datased:polyphonic:000804,S-0088,DataSED - DataSED - Dataset for Sound Event Detection of environmental noise/SED_wav/S-0088.wav,polyphonic,Glass breaking,glass_breaking,6.09,17.55,0.1,0.29,11.47,805
datased:polyphonic:000805,S-0088,DataSED - DataSED - Dataset for Sound Event Detection of environmental noise/SED_wav/S-0088.wav,polyphonic,Glass breaking,glass_breaking,22.65,32.95,0.38,0.55,10.3,806
datased:polyphonic:000806,S-0088,DataSED - DataSED - Dataset for Sound Event Detection of environmental noise/SED_wav/S-0088.wav,polyphonic,Glass breaking,glass_breaking,41.0,50.57,0.68,0.84,9.57,807
datased:polyphonic:000807,S-0088,DataSED - DataSED - Dataset for Sound Event Detection of environmental noise/SED_wav/S-0088.wav,polyphonic,Glass breaking,glass_breaking,54.5,59.78,0.91,0.99,5.28,808
datased:polyphonic:000808,S-0089,DataSED - DataSED - Dataset for Sound Event Detection of environmental noise/SED_wav/S-0089.wav,polyphonic,Voices,voices,0.0,38.63,0.0,0.99,38.63,809
datased:polyphonic:000809,S-0089,DataSED - DataSED - Dataset for Sound Event Detection of environmental noise/SED_wav/S-0089.wav,polyphonic,Vacuum cleaner fan and hairdryer,vacuum_cleaner_fan_hairdryer,5.68,17.76,0.15,0.46,12.08,810
datased:polyphonic:000810,S-0090,DataSED - DataSED - Dataset for Sound Event Detection of environmental noise/SED_wav/S-0090.wav,polyphonic,Glass breaking,glass_breaking,0.0,1.66,0.0,0.02,1.66,811
datased:polyphonic:000811,S-0090,DataSED - DataSED - Dataset for Sound Event Detection of environmental noise/SED_wav/S-0090.wav,polyphonic,Glass breaking,glass_breaking,2.23,3.44,0.03,0.05,1.22,812
datased:polyphonic:000812,S-0090,DataSED - DataSED - Dataset for Sound Event Detection of environmental noise/SED_wav/S-0090.wav,polyphonic,Glass breaking,glass_breaking,4.31,6.01,0.06,0.08,1.7,813
datased:polyphonic:000813,S-0090,DataSED - DataSED - Dataset for Sound Event Detection of environmental noise/SED_wav/S-0090.wav,polyphonic,Glass breaking,glass_breaking,7.1,9.53,0.1,0.13,2.44,814
datased:polyphonic:000814,S-0090,DataSED - DataSED - Dataset for Sound Event Detection of environmental noise/SED_wav/S-0090.wav,polyphonic,Glass breaking,glass_breaking,10.01,12.01,0.14,0.17,2.0,815
datased:polyphonic:000815,S-0090,DataSED - DataSED - Dataset for Sound Event Detection of environmental noise/SED_wav/S-0090.wav,polyphonic,Glass breaking,glass_breaking,13.45,15.1,0.19,0.21,1.65,816
datased:polyphonic:000816,S-0090,DataSED - DataSED - Dataset for Sound Event Detection of environmental noise/SED_wav/S-0090.wav,polyphonic,Glass breaking,glass_breaking,15.53,17.23,0.22,0.24,1.7,817
datased:polyphonic:000817,S-0090,DataSED - DataSED - Dataset for Sound Event Detection of environmental noise/SED_wav/S-0090.wav,polyphonic,Glass breaking,glass_breaking,18.71,20.1,0.26,0.28,1.39,818
datased:polyphonic:000818,S-0090,DataSED - DataSED - Dataset for Sound Event Detection of environmental noise/SED_wav/S-0090.wav,polyphonic,Glass breaking,glass_breaking,20.49,22.01,0.29,0.31,1.52,819
datased:polyphonic:000819,S-0090,DataSED - DataSED - Dataset for Sound Event Detection of environmental noise/SED_wav/S-0090.wav,polyphonic,Glass breaking,glass_breaking,22.84,24.84,0.32,0.35,2.0,820
datased:polyphonic:000820,S-0090,DataSED - DataSED - Dataset for Sound Event Detection of environmental noise/SED_wav/S-0090.wav,polyphonic,Glass breaking,glass_breaking,25.27,27.1,0.35,0.38,1.83,821
datased:polyphonic:000821,S-0090,DataSED - DataSED - Dataset for Sound Event Detection of environmental noise/SED_wav/S-0090.wav,polyphonic,Glass breaking,glass_breaking,27.88,29.27,0.39,0.41,1.39,822
datased:polyphonic:000822,S-0090,DataSED - DataSED - Dataset for Sound Event Detection of environmental noise/SED_wav/S-0090.wav,polyphonic,Glass breaking,glass_breaking,30.23,32.19,0.42,0.45,1.96,823
datased:polyphonic:000823,S-0090,DataSED - DataSED - Dataset for Sound Event Detection of environmental noise/SED_wav/S-0090.wav,polyphonic,Glass breaking,glass_breaking,32.79,34.14,0.46,0.48,1.35,824
datased:polyphonic:000824,S-0090,DataSED - DataSED - Dataset for Sound Event Detection of environmental noise/SED_wav/S-0090.wav,polyphonic,Glass breaking,glass_breaking,35.1,36.71,0.49,0.51,1.61,825
datased:polyphonic:000825,S-0090,DataSED - DataSED - Dataset for Sound Event Detection of environmental noise/SED_wav/S-0090.wav,polyphonic,Glass breaking,glass_breaking,37.97,39.75,0.53,0.55,1.78,826
datased:polyphonic:000826,S-0090,DataSED - DataSED - Dataset for Sound Event Detection of environmental noise/SED_wav/S-0090.wav,polyphonic,Glass breaking,glass_breaking,40.53,42.27,0.56,0.59,1.74,827
datased:polyphonic:000827,S-0090,DataSED - DataSED - Dataset for Sound Event Detection of environmental noise/SED_wav/S-0090.wav,polyphonic,Glass breaking,glass_breaking,43.71,45.88,0.61,0.64,2.17,828
datased:polyphonic:000828,S-0090,DataSED - DataSED - Dataset for Sound Event Detection of environmental noise/SED_wav/S-0090.wav,polyphonic,Glass breaking,glass_breaking,46.1,48.01,0.64,0.67,1.91,829
datased:polyphonic:000829,S-0090,DataSED - DataSED - Dataset for Sound Event Detection of environmental noise/SED_wav/S-0090.wav,polyphonic,Glass breaking,glass_breaking,48.71,50.62,0.68,0.7,1.91,830
datased:polyphonic:000830,S-0090,DataSED - DataSED - Dataset for Sound Event Detection of environmental noise/SED_wav/S-0090.wav,polyphonic,Glass breaking,glass_breaking,51.67,53.67,0.72,0.75,2.0,831
datased:polyphonic:000831,S-0090,DataSED - DataSED - Dataset for Sound Event Detection of environmental noise/SED_wav/S-0090.wav,polyphonic,Glass breaking,glass_breaking,55.32,56.97,0.77,0.79,1.65,832
datased:polyphonic:000832,S-0090,DataSED - DataSED - Dataset for Sound Event Detection of environmental noise/SED_wav/S-0090.wav,polyphonic,Glass breaking,glass_breaking,57.54,59.54,0.8,0.83,2.0,833
datased:polyphonic:000833,S-0090,DataSED - DataSED - Dataset for Sound Event Detection of environmental noise/SED_wav/S-0090.wav,polyphonic,Glass breaking,glass_breaking,60.19,62.41,0.84,0.87,2.22,834
datased:polyphonic:000834,S-0090,DataSED - DataSED - Dataset for Sound Event Detection of environmental noise/SED_wav/S-0090.wav,polyphonic,Glass breaking,glass_breaking,62.8,64.8,0.87,0.9,2.0,835
datased:polyphonic:000835,S-0090,DataSED - DataSED - Dataset for Sound Event Detection of environmental noise/SED_wav/S-0090.wav,polyphonic,Glass breaking,glass_breaking,65.28,67.36,0.91,0.94,2.09,836
datased:polyphonic:000836,S-0090,DataSED - DataSED - Dataset for Sound Event Detection of environmental noise/SED_wav/S-0090.wav,polyphonic,Glass breaking,glass_breaking,69.49,71.63,0.97,1.0,2.13,837
datased:polyphonic:000837,S-0091,DataSED - DataSED - Dataset for Sound Event Detection of environmental noise/SED_wav/S-0091.wav,polyphonic,Vehicle pass-by,vehicle_pass_by,0.95,13.72,0.0,0.06,12.77,838
datased:polyphonic:000838,S-0091,DataSED - DataSED - Dataset for Sound Event Detection of environmental noise/SED_wav/S-0091.wav,polyphonic,Propeller aircrafts,propeller_aircrafts,16.75,150.1,0.08,0.69,133.35,839
datased:polyphonic:000839,S-0091,DataSED - DataSED - Dataset for Sound Event Detection of environmental noise/SED_wav/S-0091.wav,polyphonic,Propeller aircrafts,propeller_aircrafts,150.53,215.52,0.69,0.99,65.0,840
datased:polyphonic:000840,S-0091,DataSED - DataSED - Dataset for Sound Event Detection of environmental noise/SED_wav/S-0091.wav,polyphonic,Voices,voices,196.2,215.03,0.9,0.99,18.83,841
datased:polyphonic:000841,S-0092,DataSED - DataSED - Dataset for Sound Event Detection of environmental noise/SED_wav/S-0092.wav,polyphonic,Propeller aircrafts,propeller_aircrafts,0.38,30.2,0.01,0.98,29.82,842
datased:polyphonic:000842,S-0093,DataSED - DataSED - Dataset for Sound Event Detection of environmental noise/SED_wav/S-0093.wav,polyphonic,Propeller aircrafts,propeller_aircrafts,2.2,34.27,0.02,0.28,32.07,843
datased:polyphonic:000843,S-0093,DataSED - DataSED - Dataset for Sound Event Detection of environmental noise/SED_wav/S-0093.wav,polyphonic,Propeller aircrafts,propeller_aircrafts,44.76,111.82,0.37,0.93,67.05,844
datased:polyphonic:000844,S-0094,DataSED - DataSED - Dataset for Sound Event Detection of environmental noise/SED_wav/S-0094.wav,polyphonic,Propeller aircrafts,propeller_aircrafts,0.0,40.85,0.0,0.23,40.85,845
datased:polyphonic:000845,S-0094,DataSED - DataSED - Dataset for Sound Event Detection of environmental noise/SED_wav/S-0094.wav,polyphonic,Propeller aircrafts,propeller_aircrafts,41.16,54.95,0.23,0.31,13.78,846
datased:polyphonic:000846,S-0094,DataSED - DataSED - Dataset for Sound Event Detection of environmental noise/SED_wav/S-0094.wav,polyphonic,Propeller aircrafts,propeller_aircrafts,56.86,98.32,0.32,0.56,41.46,847
datased:polyphonic:000847,S-0094,DataSED - DataSED - Dataset for Sound Event Detection of environmental noise/SED_wav/S-0094.wav,polyphonic,Jet aircrafts,jet_aircrafts,100.12,119.42,0.57,0.68,19.3,848
datased:polyphonic:000848,S-0094,DataSED - DataSED - Dataset for Sound Event Detection of environmental noise/SED_wav/S-0094.wav,polyphonic,Propeller aircrafts,propeller_aircrafts,121.33,158.28,0.69,0.9,36.96,849
datased:polyphonic:000849,S-0094,DataSED - DataSED - Dataset for Sound Event Detection of environmental noise/SED_wav/S-0094.wav,polyphonic,Birds,birds,166.71,175.19,0.95,1.0,8.48,850
datased:polyphonic:000850,S-0095,DataSED - DataSED - Dataset for Sound Event Detection of environmental noise/SED_wav/S-0095.wav,polyphonic,Propeller aircrafts,propeller_aircrafts,1.14,68.1,0.0,0.3,66.96,851
datased:polyphonic:000851,S-0095,DataSED - DataSED - Dataset for Sound Event Detection of environmental noise/SED_wav/S-0095.wav,polyphonic,Propeller aircrafts,propeller_aircrafts,69.22,105.86,0.3,0.46,36.64,852
datased:polyphonic:000852,S-0095,DataSED - DataSED - Dataset for Sound Event Detection of environmental noise/SED_wav/S-0095.wav,polyphonic,Propeller aircrafts,propeller_aircrafts,121.34,214.62,0.53,0.93,93.28,853
datased:polyphonic:000853,S-0096,DataSED - DataSED - Dataset for Sound Event Detection of environmental noise/SED_wav/S-0096.wav,polyphonic,Vehicle pass-by,vehicle_pass_by,0.92,13.25,0.01,0.09,12.33,854
datased:polyphonic:000854,S-0096,DataSED - DataSED - Dataset for Sound Event Detection of environmental noise/SED_wav/S-0096.wav,polyphonic,Vehicle pass-by,vehicle_pass_by,24.14,37.38,0.16,0.25,13.23,855
datased:polyphonic:000855,S-0096,DataSED - DataSED - Dataset for Sound Event Detection of environmental noise/SED_wav/S-0096.wav,polyphonic,Vehicle idling,vehicle_idling,37.83,46.56,0.25,0.31,8.73,856
datased:polyphonic:000856,S-0096,DataSED - DataSED - Dataset for Sound Event Detection of environmental noise/SED_wav/S-0096.wav,polyphonic,Vehicle pass-by,vehicle_pass_by,47.28,78.16,0.32,0.53,30.88,857
datased:polyphonic:000857,S-0096,DataSED - DataSED - Dataset for Sound Event Detection of environmental noise/SED_wav/S-0096.wav,polyphonic,Vehicle idling,vehicle_idling,78.34,93.64,0.53,0.63,15.3,858
datased:polyphonic:000858,S-0096,DataSED - DataSED - Dataset for Sound Event Detection of environmental noise/SED_wav/S-0096.wav,polyphonic,Vehicle pass-by,vehicle_pass_by,93.91,104.45,0.63,0.7,10.53,859
datased:polyphonic:000859,S-0096,DataSED - DataSED - Dataset for Sound Event Detection of environmental noise/SED_wav/S-0096.wav,polyphonic,Propeller aircrafts,propeller_aircrafts,105.8,130.82,0.71,0.88,25.03,860
datased:polyphonic:000860,S-0096,DataSED - DataSED - Dataset for Sound Event Detection of environmental noise/SED_wav/S-0096.wav,polyphonic,Vehicle pass-by,vehicle_pass_by,130.91,146.22,0.88,0.98,15.3,861
datased:polyphonic:000861,S-0097,DataSED - DataSED - Dataset for Sound Event Detection of environmental noise/SED_wav/S-0097.wav,polyphonic,Propeller aircrafts,propeller_aircrafts,0.0,156.73,0.0,0.6,156.73,862
datased:polyphonic:000862,S-0097,DataSED - DataSED - Dataset for Sound Event Detection of environmental noise/SED_wav/S-0097.wav,polyphonic,Thunder fireworks and gunshot,thunder_fireworks_gunshot,135.75,149.9,0.52,0.57,14.14,863
datased:polyphonic:000863,S-0097,DataSED - DataSED - Dataset for Sound Event Detection of environmental noise/SED_wav/S-0097.wav,polyphonic,Thunder fireworks and gunshot,thunder_fireworks_gunshot,157.05,160.07,0.6,0.61,3.02,864
datased:polyphonic:000864,S-0097,DataSED - DataSED - Dataset for Sound Event Detection of environmental noise/SED_wav/S-0097.wav,polyphonic,Thunder fireworks and gunshot,thunder_fireworks_gunshot,162.29,171.83,0.62,0.65,9.54,865
datased:polyphonic:000865,S-0097,DataSED - DataSED - Dataset for Sound Event Detection of environmental noise/SED_wav/S-0097.wav,polyphonic,Propeller aircrafts,propeller_aircrafts,170.4,196.94,0.65,0.75,26.54,866
datased:polyphonic:000866,S-0097,DataSED - DataSED - Dataset for Sound Event Detection of environmental noise/SED_wav/S-0097.wav,polyphonic,Thunder fireworks and gunshot,thunder_fireworks_gunshot,175.64,177.39,0.67,0.68,1.75,867
datased:polyphonic:000867,S-0097,DataSED - DataSED - Dataset for Sound Event Detection of environmental noise/SED_wav/S-0097.wav,polyphonic,Thunder fireworks and gunshot,thunder_fireworks_gunshot,192.17,193.44,0.73,0.74,1.27,868
datased:polyphonic:000868,S-0097,DataSED - DataSED - Dataset for Sound Event Detection of environmental noise/SED_wav/S-0097.wav,polyphonic,Thunder fireworks and gunshot,thunder_fireworks_gunshot,198.37,201.07,0.76,0.77,2.7,869
datased:polyphonic:000869,S-0097,DataSED - DataSED - Dataset for Sound Event Detection of environmental noise/SED_wav/S-0097.wav,polyphonic,Thunder fireworks and gunshot,thunder_fireworks_gunshot,203.93,205.36,0.78,0.78,1.43,870
datased:polyphonic:000870,S-0097,DataSED - DataSED - Dataset for Sound Event Detection of environmental noise/SED_wav/S-0097.wav,polyphonic,Vehicle pass-by,vehicle_pass_by,203.93,219.34,0.78,0.84,15.42,871
datased:polyphonic:000871,S-0097,DataSED - DataSED - Dataset for Sound Event Detection of environmental noise/SED_wav/S-0097.wav,polyphonic,Thunder fireworks and gunshot,thunder_fireworks_gunshot,215.21,217.28,0.82,0.83,2.07,872
datased:polyphonic:000872,S-0097,DataSED - DataSED - Dataset for Sound Event Detection of environmental noise/SED_wav/S-0097.wav,polyphonic,Thunder fireworks and gunshot,thunder_fireworks_gunshot,221.57,260.98,0.84,0.99,39.41,873
datased:polyphonic:000873,S-0097,DataSED - DataSED - Dataset for Sound Event Detection of environmental noise/SED_wav/S-0097.wav,polyphonic,Propeller aircrafts,propeller_aircrafts,224.59,243.34,0.86,0.93,18.75,874
datased:polyphonic:000874,S-0098,DataSED - DataSED - Dataset for Sound Event Detection of environmental noise/SED_wav/S-0098.wav,polyphonic,Propeller aircrafts,propeller_aircrafts,0.34,61.94,0.0,0.35,61.6,875
datased:polyphonic:000875,S-0098,DataSED - DataSED - Dataset for Sound Event Detection of environmental noise/SED_wav/S-0098.wav,polyphonic,Thunder fireworks and gunshot,thunder_fireworks_gunshot,3.85,6.3,0.02,0.04,2.45,876
datased:polyphonic:000876,S-0098,DataSED - DataSED - Dataset for Sound Event Detection of environmental noise/SED_wav/S-0098.wav,polyphonic,Thunder fireworks and gunshot,thunder_fireworks_gunshot,7.36,11.08,0.04,0.06,3.72,877
datased:polyphonic:000877,S-0098,DataSED - DataSED - Dataset for Sound Event Detection of environmental noise/SED_wav/S-0098.wav,polyphonic,Thunder fireworks and gunshot,thunder_fireworks_gunshot,11.4,15.12,0.06,0.09,3.72,878
datased:polyphonic:000878,S-0098,DataSED - DataSED - Dataset for Sound Event Detection of environmental noise/SED_wav/S-0098.wav,polyphonic,Thunder fireworks and gunshot,thunder_fireworks_gunshot,17.03,19.06,0.1,0.11,2.02,879
datased:polyphonic:000879,S-0098,DataSED - DataSED - Dataset for Sound Event Detection of environmental noise/SED_wav/S-0098.wav,polyphonic,Thunder fireworks and gunshot,thunder_fireworks_gunshot,21.39,23.41,0.12,0.13,2.02,880
datased:polyphonic:000880,S-0098,DataSED - DataSED - Dataset for Sound Event Detection of environmental noise/SED_wav/S-0098.wav,polyphonic,Thunder fireworks and gunshot,thunder_fireworks_gunshot,29.9,34.58,0.17,0.2,4.68,881
datased:polyphonic:000881,S-0098,DataSED - DataSED - Dataset for Sound Event Detection of environmental noise/SED_wav/S-0098.wav,polyphonic,Thunder fireworks and gunshot,thunder_fireworks_gunshot,35.96,38.94,0.2,0.22,2.98,882
datased:polyphonic:000882,S-0098,DataSED - DataSED - Dataset for Sound Event Detection of environmental noise/SED_wav/S-0098.wav,polyphonic,Thunder fireworks and gunshot,thunder_fireworks_gunshot,40.32,43.41,0.23,0.25,3.08,883
datased:polyphonic:000883,S-0098,DataSED - DataSED - Dataset for Sound Event Detection of environmental noise/SED_wav/S-0098.wav,polyphonic,Thunder fireworks and gunshot,thunder_fireworks_gunshot,44.57,48.4,0.25,0.28,3.83,884
datased:polyphonic:000884,S-0098,DataSED - DataSED - Dataset for Sound Event Detection of environmental noise/SED_wav/S-0098.wav,polyphonic,Thunder fireworks and gunshot,thunder_fireworks_gunshot,57.97,61.06,0.33,0.35,3.08,885
datased:polyphonic:000885,S-0098,DataSED - DataSED - Dataset for Sound Event Detection of environmental noise/SED_wav/S-0098.wav,polyphonic,Thunder fireworks and gunshot,thunder_fireworks_gunshot,64.35,66.27,0.37,0.38,1.91,886
datased:polyphonic:000886,S-0098,DataSED - DataSED - Dataset for Sound Event Detection of environmental noise/SED_wav/S-0098.wav,polyphonic,Thunder fireworks and gunshot,thunder_fireworks_gunshot,68.39,70.94,0.39,0.4,2.55,887
datased:polyphonic:000887,S-0098,DataSED - DataSED - Dataset for Sound Event Detection of environmental noise/SED_wav/S-0098.wav,polyphonic,Thunder fireworks and gunshot,thunder_fireworks_gunshot,72.75,74.88,0.41,0.43,2.13,888
datased:polyphonic:000888,S-0098,DataSED - DataSED - Dataset for Sound Event Detection of environmental noise/SED_wav/S-0098.wav,polyphonic,Thunder fireworks and gunshot,thunder_fireworks_gunshot,78.39,81.68,0.45,0.46,3.3,889
datased:polyphonic:000889,S-0098,DataSED - DataSED - Dataset for Sound Event Detection of environmental noise/SED_wav/S-0098.wav,polyphonic,Thunder fireworks and gunshot,thunder_fireworks_gunshot,84.02,86.68,0.48,0.49,2.66,890
datased:polyphonic:000890,S-0098,DataSED - DataSED - Dataset for Sound Event Detection of environmental noise/SED_wav/S-0098.wav,polyphonic,Thunder fireworks and gunshot,thunder_fireworks_gunshot,88.38,90.94,0.5,0.52,2.55,891
datased:polyphonic:000891,S-0098,DataSED - DataSED - Dataset for Sound Event Detection of environmental noise/SED_wav/S-0098.wav,polyphonic,Thunder fireworks and gunshot,thunder_fireworks_gunshot,92.74,96.68,0.53,0.55,3.93,892
datased:polyphonic:000892,S-0098,DataSED - DataSED - Dataset for Sound Event Detection of environmental noise/SED_wav/S-0098.wav,polyphonic,Jet aircrafts,jet_aircrafts,96.25,100.72,0.55,0.57,4.47,893
datased:polyphonic:000893,S-0098,DataSED - DataSED - Dataset for Sound Event Detection of environmental noise/SED_wav/S-0098.wav,polyphonic,Thunder fireworks and gunshot,thunder_fireworks_gunshot,100.19,103.8,0.57,0.59,3.62,894
datased:polyphonic:000894,S-0098,DataSED - DataSED - Dataset for Sound Event Detection of environmental noise/SED_wav/S-0098.wav,polyphonic,Thunder fireworks and gunshot,thunder_fireworks_gunshot,105.18,109.12,0.6,0.62,3.93,895
datased:polyphonic:000895,S-0098,DataSED - DataSED - Dataset for Sound Event Detection of environmental noise/SED_wav/S-0098.wav,polyphonic,Thunder fireworks and gunshot,thunder_fireworks_gunshot,110.61,113.05,0.63,0.64,2.45,896
datased:polyphonic:000896,S-0098,DataSED - DataSED - Dataset for Sound Event Detection of environmental noise/SED_wav/S-0098.wav,polyphonic,Propeller aircrafts,propeller_aircrafts,112.84,175.47,0.64,1.0,62.63,897
datased:polyphonic:000897,S-0099,DataSED - DataSED - Dataset for Sound Event Detection of environmental noise/SED_wav/S-0099.wav,polyphonic,Propeller aircrafts,propeller_aircrafts,1.84,228.99,0.01,0.99,227.15,898
datased:polyphonic:000898,S-0100,DataSED - DataSED - Dataset for Sound Event Detection of environmental noise/SED_wav/S-0100.wav,polyphonic,Propeller aircrafts,propeller_aircrafts,35.47,57.94,0.41,0.68,22.47,899
datased:polyphonic:000899,S-0100,DataSED - DataSED - Dataset for Sound Event Detection of environmental noise/SED_wav/S-0100.wav,polyphonic,Vehicle pass-by,vehicle_pass_by,62.9,74.03,0.74,0.87,11.13,900
datased:polyphonic:000900,S-0101,DataSED - DataSED - Dataset for Sound Event Detection of environmental noise/SED_wav/S-0101.wav,polyphonic,Propeller aircrafts,propeller_aircrafts,6.09,27.03,0.06,0.25,20.94,901
datased:polyphonic:000901,S-0101,DataSED - DataSED - Dataset for Sound Event Detection of environmental noise/SED_wav/S-0101.wav,polyphonic,Horn,horn,38.06,41.49,0.35,0.38,3.43,902
datased:polyphonic:000902,S-0101,DataSED - DataSED - Dataset for Sound Event Detection of environmental noise/SED_wav/S-0101.wav,polyphonic,Horn,horn,53.18,54.37,0.49,0.5,1.19,903
datased:polyphonic:000903,S-0101,DataSED - DataSED - Dataset for Sound Event Detection of environmental noise/SED_wav/S-0101.wav,polyphonic,Propeller aircrafts,propeller_aircrafts,56.49,68.84,0.52,0.63,12.35,904
datased:polyphonic:000904,S-0101,DataSED - DataSED - Dataset for Sound Event Detection of environmental noise/SED_wav/S-0101.wav,polyphonic,Horn,horn,70.89,71.68,0.65,0.66,0.79,905
datased:polyphonic:000905,S-0101,DataSED - DataSED - Dataset for Sound Event Detection of environmental noise/SED_wav/S-0101.wav,polyphonic,Sirens and alarms,sirens_and_alarms,78.22,84.1,0.72,0.77,5.88,906
datased:polyphonic:000906,S-0101,DataSED - DataSED - Dataset for Sound Event Detection of environmental noise/SED_wav/S-0101.wav,polyphonic,Vehicle pass-by,vehicle_pass_by,98.33,105.56,0.9,0.97,7.23,907
datased:polyphonic:000907,S-0102,DataSED - DataSED - Dataset for Sound Event Detection of environmental noise/SED_wav/S-0102.wav,polyphonic,Propeller aircrafts,propeller_aircrafts,10.67,61.82,0.04,0.2,51.15,908
datased:polyphonic:000908,S-0102,DataSED - DataSED - Dataset for Sound Event Detection of environmental noise/SED_wav/S-0102.wav,polyphonic,Propeller aircrafts,propeller_aircrafts,75.76,112.06,0.25,0.37,36.3,909
datased:polyphonic:000909,S-0102,DataSED - DataSED - Dataset for Sound Event Detection of environmental noise/SED_wav/S-0102.wav,polyphonic,Propeller aircrafts,propeller_aircrafts,116.64,122.69,0.39,0.41,6.05,910
datased:polyphonic:000910,S-0102,DataSED - DataSED - Dataset for Sound Event Detection of environmental noise/SED_wav/S-0102.wav,polyphonic,Propeller aircrafts,propeller_aircrafts,136.62,156.06,0.45,0.52,19.43,911
datased:polyphonic:000911,S-0102,DataSED - DataSED - Dataset for Sound Event Detection of environmental noise/SED_wav/S-0102.wav,polyphonic,Propeller aircrafts,propeller_aircrafts,159.91,209.04,0.53,0.69,49.13,912
datased:polyphonic:000912,S-0102,DataSED - DataSED - Dataset for Sound Event Detection of environmental noise/SED_wav/S-0102.wav,polyphonic,Propeller aircrafts,propeller_aircrafts,228.84,289.89,0.76,0.96,61.05,913
datased:polyphonic:000913,S-0103,DataSED - DataSED - Dataset for Sound Event Detection of environmental noise/SED_wav/S-0103.wav,polyphonic,Propeller aircrafts,propeller_aircrafts,11.78,154.88,0.03,0.42,143.09,914
datased:polyphonic:000914,S-0103,DataSED - DataSED - Dataset for Sound Event Detection of environmental noise/SED_wav/S-0103.wav,polyphonic,Crows seagulls and magpies,crows_seagulls_magpies,104.15,110.35,0.28,0.3,6.2,915
datased:polyphonic:000915,S-0103,DataSED - DataSED - Dataset for Sound Event Detection of environmental noise/SED_wav/S-0103.wav,polyphonic,Propeller aircrafts,propeller_aircrafts,157.75,165.51,0.43,0.45,7.75,916
datased:polyphonic:000916,S-0103,DataSED - DataSED - Dataset for Sound Event Detection of environmental noise/SED_wav/S-0103.wav,polyphonic,Propeller aircrafts,propeller_aircrafts,175.25,360.65,0.48,0.99,185.4,917
datased:polyphonic:000917,S-0103,DataSED - DataSED - Dataset for Sound Event Detection of environmental noise/SED_wav/S-0103.wav,polyphonic,Crows seagulls and magpies,crows_seagulls_magpies,343.37,348.47,0.94,0.95,5.09,918
datased:polyphonic:000918,S-0103,DataSED - DataSED - Dataset for Sound Event Detection of environmental noise/SED_wav/S-0103.wav,polyphonic,Crows seagulls and magpies,crows_seagulls_magpies,350.02,361.98,0.96,0.99,11.96,919
datased:polyphonic:000919,S-0104,DataSED - DataSED - Dataset for Sound Event Detection of environmental noise/SED_wav/S-0104.wav,polyphonic,Propeller aircrafts,propeller_aircrafts,1.09,135.85,0.01,0.99,134.76,920
datased:polyphonic:000920,S-0104,DataSED - DataSED - Dataset for Sound Event Detection of environmental noise/SED_wav/S-0104.wav,polyphonic,Crows seagulls and magpies,crows_seagulls_magpies,4.91,12.54,0.04,0.09,7.63,921
datased:polyphonic:000921,S-0104,DataSED - DataSED - Dataset for Sound Event Detection of environmental noise/SED_wav/S-0104.wav,polyphonic,Horn,horn,11.71,13.04,0.09,0.1,1.33,922
datased:polyphonic:000922,S-0104,DataSED - DataSED - Dataset for Sound Event Detection of environmental noise/SED_wav/S-0104.wav,polyphonic,Sirens and alarms,sirens_and_alarms,18.84,107.74,0.14,0.79,88.9,923
datased:polyphonic:000923,S-0104,DataSED - DataSED - Dataset for Sound Event Detection of environmental noise/SED_wav/S-0104.wav,polyphonic,Vehicle pass-by,vehicle_pass_by,29.7,39.9,0.22,0.29,10.2,924
datased:polyphonic:000924,S-0104,DataSED - DataSED - Dataset for Sound Event Detection of environmental noise/SED_wav/S-0104.wav,polyphonic,Horn,horn,41.89,43.39,0.31,0.32,1.49,925
datased:polyphonic:000925,S-0104,DataSED - DataSED - Dataset for Sound Event Detection of environmental noise/SED_wav/S-0104.wav,polyphonic,Horn,horn,55.74,57.4,0.41,0.42,1.66,926
datased:polyphonic:000926,S-0104,DataSED - DataSED - Dataset for Sound Event Detection of environmental noise/SED_wav/S-0104.wav,polyphonic,Horn,horn,70.34,71.58,0.51,0.52,1.24,927
datased:polyphonic:000927,S-0104,DataSED - DataSED - Dataset for Sound Event Detection of environmental noise/SED_wav/S-0104.wav,polyphonic,Horn,horn,82.94,84.6,0.61,0.62,1.66,928
datased:polyphonic:000928,S-0104,DataSED - DataSED - Dataset for Sound Event Detection of environmental noise/SED_wav/S-0104.wav,polyphonic,Horn,horn,88.33,91.4,0.64,0.67,3.07,929
datased:polyphonic:000929,S-0104,DataSED - DataSED - Dataset for Sound Event Detection of environmental noise/SED_wav/S-0104.wav,polyphonic,Horn,horn,109.98,111.14,0.8,0.81,1.16,930
datased:polyphonic:000930,S-0104,DataSED - DataSED - Dataset for Sound Event Detection of environmental noise/SED_wav/S-0104.wav,polyphonic,Vehicle pass-by,vehicle_pass_by,112.71,118.93,0.82,0.87,6.22,931
datased:polyphonic:000931,S-0104,DataSED - DataSED - Dataset for Sound Event Detection of environmental noise/SED_wav/S-0104.wav,polyphonic,Sirens and alarms,sirens_and_alarms,125.9,127.72,0.92,0.93,1.82,932
datased:polyphonic:000932,S-0104,DataSED - DataSED - Dataset for Sound Event Detection of environmental noise/SED_wav/S-0104.wav,polyphonic,Sirens and alarms,sirens_and_alarms,128.97,133.45,0.94,0.97,4.48,933
datased:polyphonic:000933,S-0105,DataSED - DataSED - Dataset for Sound Event Detection of environmental noise/SED_wav/S-0105.wav,polyphonic,Voices,voices,2.96,13.83,0.04,0.18,10.87,934
datased:polyphonic:000934,S-0105,DataSED - DataSED - Dataset for Sound Event Detection of environmental noise/SED_wav/S-0105.wav,polyphonic,Propeller aircrafts,propeller_aircrafts,12.09,71.2,0.16,0.92,59.11,935
datased:polyphonic:000935,S-0105,DataSED - DataSED - Dataset for Sound Event Detection of environmental noise/SED_wav/S-0105.wav,polyphonic,Voices,voices,73.03,77.38,0.94,1.0,4.36,936
datased:polyphonic:000936,S-0106,DataSED - DataSED - Dataset for Sound Event Detection of environmental noise/SED_wav/S-0106.wav,polyphonic,Propeller aircrafts,propeller_aircrafts,2.14,45.04,0.02,0.42,42.9,937
datased:polyphonic:000937,S-0106,DataSED - DataSED - Dataset for Sound Event Detection of environmental noise/SED_wav/S-0106.wav,polyphonic,Propeller aircrafts,propeller_aircrafts,52.64,101.41,0.49,0.95,48.77,938
datased:polyphonic:000938,S-0107,DataSED - DataSED - Dataset for Sound Event Detection of environmental noise/SED_wav/S-0107.wav,polyphonic,Sirens and alarms,sirens_and_alarms,2.54,16.68,0.01,0.06,14.13,939
datased:polyphonic:000939,S-0107,DataSED - DataSED - Dataset for Sound Event Detection of environmental noise/SED_wav/S-0107.wav,polyphonic,Jet aircrafts,jet_aircrafts,23.28,108.71,0.09,0.42,85.44,940
datased:polyphonic:000940,S-0107,DataSED - DataSED - Dataset for Sound Event Detection of environmental noise/SED_wav/S-0107.wav,polyphonic,Birds,birds,90.34,180.64,0.35,0.7,90.3,941
datased:polyphonic:000941,S-0107,DataSED - DataSED - Dataset for Sound Event Detection of environmental noise/SED_wav/S-0107.wav,polyphonic,Propeller aircrafts,propeller_aircrafts,180.95,237.96,0.7,0.92,57.01,942
datased:polyphonic:000942,S-0107,DataSED - DataSED - Dataset for Sound Event Detection of environmental noise/SED_wav/S-0107.wav,polyphonic,Birds,birds,220.69,259.48,0.85,1.0,38.79,943
datased:polyphonic:000943,S-0108,DataSED - DataSED - Dataset for Sound Event Detection of environmental noise/SED_wav/S-0108.wav,polyphonic,Propeller aircrafts,propeller_aircrafts,0.29,17.0,0.0,0.22,16.71,944
datased:polyphonic:000944,S-0108,DataSED - DataSED - Dataset for Sound Event Detection of environmental noise/SED_wav/S-0108.wav,polyphonic,Birds,birds,2.97,7.88,0.04,0.1,4.91,945
datased:polyphonic:000945,S-0108,DataSED - DataSED - Dataset for Sound Event Detection of environmental noise/SED_wav/S-0108.wav,polyphonic,Birds,birds,12.28,16.86,0.16,0.22,4.58,946
datased:polyphonic:000946,S-0108,DataSED - DataSED - Dataset for Sound Event Detection of environmental noise/SED_wav/S-0108.wav,polyphonic,Birds,birds,20.66,24.36,0.27,0.32,3.7,947
datased:polyphonic:000947,S-0108,DataSED - DataSED - Dataset for Sound Event Detection of environmental noise/SED_wav/S-0108.wav,polyphonic,Propeller aircrafts,propeller_aircrafts,24.41,76.49,0.32,1.0,52.08,948
datased:polyphonic:000948,S-0108,DataSED - DataSED - Dataset for Sound Event Detection of environmental noise/SED_wav/S-0108.wav,polyphonic,Birds,birds,25.15,76.49,0.33,1.0,51.34,949
datased:polyphonic:000949,S-0109,DataSED - DataSED - Dataset for Sound Event Detection of environmental noise/SED_wav/S-0109.wav,polyphonic,Voices,voices,40.43,69.22,0.23,0.39,28.79,950
datased:polyphonic:000950,S-0109,DataSED - DataSED - Dataset for Sound Event Detection of environmental noise/SED_wav/S-0109.wav,polyphonic,Voices,voices,73.24,81.82,0.41,0.46,8.58,951
datased:polyphonic:000951,S-0109,DataSED - DataSED - Dataset for Sound Event Detection of environmental noise/SED_wav/S-0109.wav,polyphonic,Voices,voices,86.93,92.91,0.48,0.52,5.97,952
datased:polyphonic:000952,S-0109,DataSED - DataSED - Dataset for Sound Event Detection of environmental noise/SED_wav/S-0109.wav,polyphonic,Voices,voices,95.08,113.55,0.53,0.63,18.47,953
datased:polyphonic:000953,S-0109,DataSED - DataSED - Dataset for Sound Event Detection of environmental noise/SED_wav/S-0109.wav,polyphonic,Vehicle pass-by,vehicle_pass_by,122.24,131.14,0.68,0.73,8.91,954
datased:polyphonic:000954,S-0110,DataSED - DataSED - Dataset for Sound Event Detection of environmental noise/SED_wav/S-0110.wav,polyphonic,Voices,voices,56.78,76.78,0.47,0.63,20.0,955
datased:polyphonic:000955,S-0110,DataSED - DataSED - Dataset for Sound Event Detection of environmental noise/SED_wav/S-0110.wav,polyphonic,Voices,voices,80.01,89.97,0.66,0.74,9.96,956
datased:polyphonic:000956,S-0110,DataSED - DataSED - Dataset for Sound Event Detection of environmental noise/SED_wav/S-0110.wav,polyphonic,Voices,voices,93.92,95.31,0.78,0.79,1.39,957
datased:polyphonic:000957,S-0110,DataSED - DataSED - Dataset for Sound Event Detection of environmental noise/SED_wav/S-0110.wav,polyphonic,Voices,voices,109.01,111.06,0.9,0.92,2.05,958
datased:polyphonic:000958,S-0111,DataSED - DataSED - Dataset for Sound Event Detection of environmental noise/SED_wav/S-0111.wav,polyphonic,Voices,voices,0.0,13.52,0.0,0.11,13.52,959
datased:polyphonic:000959,S-0111,DataSED - DataSED - Dataset for Sound Event Detection of environmental noise/SED_wav/S-0111.wav,polyphonic,Voices,voices,47.44,89.13,0.4,0.74,41.69,960
datased:polyphonic:000960,S-0112,DataSED - DataSED - Dataset for Sound Event Detection of environmental noise/SED_wav/S-0112.wav,polyphonic,Voices,voices,5.8,9.72,0.03,0.05,3.92,961
datased:polyphonic:000961,S-0112,DataSED - DataSED - Dataset for Sound Event Detection of environmental noise/SED_wav/S-0112.wav,polyphonic,Voices,voices,61.14,144.7,0.34,0.8,83.56,962
datased:polyphonic:000962,S-0112,DataSED - DataSED - Dataset for Sound Event Detection of environmental noise/SED_wav/S-0112.wav,polyphonic,Voices,voices,149.5,167.36,0.83,0.93,17.87,963
datased:polyphonic:000963,S-0113,DataSED - DataSED - Dataset for Sound Event Detection of environmental noise/SED_wav/S-0113.wav,polyphonic,Voices,voices,33.14,47.12,0.36,0.51,13.98,964
datased:polyphonic:000964,S-0113,DataSED - DataSED - Dataset for Sound Event Detection of environmental noise/SED_wav/S-0113.wav,polyphonic,Voices,voices,48.51,58.65,0.53,0.64,10.13,965
datased:polyphonic:000965,S-0113,DataSED - DataSED - Dataset for Sound Event Detection of environmental noise/SED_wav/S-0113.wav,polyphonic,Voices,voices,62.04,67.78,0.67,0.74,5.74,966
datased:polyphonic:000966,S-0113,DataSED - DataSED - Dataset for Sound Event Detection of environmental noise/SED_wav/S-0113.wav,polyphonic,Voices,voices,69.5,86.1,0.76,0.94,16.59,967
datased:polyphonic:000967,S-0114,DataSED - DataSED - Dataset for Sound Event Detection of environmental noise/SED_wav/S-0114.wav,polyphonic,Cat fight and moans,cat_fights_and_moans,2.43,12.27,0.07,0.36,9.84,968
datased:polyphonic:000968,S-0114,DataSED - DataSED - Dataset for Sound Event Detection of environmental noise/SED_wav/S-0114.wav,polyphonic,Cat fight and moans,cat_fights_and_moans,15.61,31.63,0.46,0.92,16.02,969
datased:polyphonic:000969,S-0115,DataSED - DataSED - Dataset for Sound Event Detection of environmental noise/SED_wav/S-0115.wav,polyphonic,Cat fight and moans,cat_fights_and_moans,0.8,2.43,0.13,0.39,1.63,970
datased:polyphonic:000970,S-0116,DataSED - DataSED - Dataset for Sound Event Detection of environmental noise/SED_wav/S-0116.wav,polyphonic,Dog barkings and howlings,dog_barkings_and_howlings,0.38,18.82,0.0,0.24,18.43,971
datased:polyphonic:000971,S-0116,DataSED - DataSED - Dataset for Sound Event Detection of environmental noise/SED_wav/S-0116.wav,polyphonic,Dog barkings and howlings,dog_barkings_and_howlings,20.59,27.41,0.27,0.36,6.81,972
datased:polyphonic:000972,S-0116,DataSED - DataSED - Dataset for Sound Event Detection of environmental noise/SED_wav/S-0116.wav,polyphonic,Dog barkings and howlings,dog_barkings_and_howlings,28.64,31.37,0.37,0.41,2.74,973
datased:polyphonic:000973,S-0116,DataSED - DataSED - Dataset for Sound Event Detection of environmental noise/SED_wav/S-0116.wav,polyphonic,Dog barkings and howlings,dog_barkings_and_howlings,32.87,39.68,0.43,0.51,6.81,974
datased:polyphonic:000974,S-0116,DataSED - DataSED - Dataset for Sound Event Detection of environmental noise/SED_wav/S-0116.wav,polyphonic,Dog barkings and howlings,dog_barkings_and_howlings,43.5,49.62,0.56,0.64,6.12,975
datased:polyphonic:000975,S-0116,DataSED - DataSED - Dataset for Sound Event Detection of environmental noise/SED_wav/S-0116.wav,polyphonic,Dog barkings and howlings,dog_barkings_and_howlings,50.37,56.43,0.65,0.73,6.07,976
datased:polyphonic:000976,S-0116,DataSED - DataSED - Dataset for Sound Event Detection of environmental noise/SED_wav/S-0116.wav,polyphonic,Dog barkings and howlings,dog_barkings_and_howlings,57.09,59.7,0.74,0.77,2.61,977
datased:polyphonic:000977,S-0116,DataSED - DataSED - Dataset for Sound Event Detection of environmental noise/SED_wav/S-0116.wav,polyphonic,Dog barkings and howlings,dog_barkings_and_howlings,60.31,63.85,0.78,0.83,3.55,978
datased:polyphonic:000978,S-0116,DataSED - DataSED - Dataset for Sound Event Detection of environmental noise/SED_wav/S-0116.wav,polyphonic,Dog barkings and howlings,dog_barkings_and_howlings,64.65,67.12,0.84,0.87,2.47,979
datased:polyphonic:000979,S-0116,DataSED - DataSED - Dataset for Sound Event Detection of environmental noise/SED_wav/S-0116.wav,polyphonic,Dog barkings and howlings,dog_barkings_and_howlings,68.94,71.09,0.89,0.92,2.15,980
datased:polyphonic:000980,S-0117,DataSED - DataSED - Dataset for Sound Event Detection of environmental noise/SED_wav/S-0117.wav,polyphonic,Dog barkings and howlings,dog_barkings_and_howlings,3.14,4.01,0.09,0.12,0.87,981
datased:polyphonic:000981,S-0117,DataSED - DataSED - Dataset for Sound Event Detection of environmental noise/SED_wav/S-0117.wav,polyphonic,Dog barkings and howlings,dog_barkings_and_howlings,7.32,9.69,0.22,0.29,2.37,982
datased:polyphonic:000982,S-0117,DataSED - DataSED - Dataset for Sound Event Detection of environmental noise/SED_wav/S-0117.wav,polyphonic,Dog barkings and howlings,dog_barkings_and_howlings,11.71,15.61,0.35,0.47,3.9,983
datased:polyphonic:000983,S-0117,DataSED - DataSED - Dataset for Sound Event Detection of environmental noise/SED_wav/S-0117.wav,polyphonic,Dog barkings and howlings,dog_barkings_and_howlings,16.94,18.86,0.51,0.56,1.92,984
datased:polyphonic:000984,S-0117,DataSED - DataSED - Dataset for Sound Event Detection of environmental noise/SED_wav/S-0117.wav,polyphonic,Dog barkings and howlings,dog_barkings_and_howlings,21.78,22.66,0.65,0.68,0.89,985
datased:polyphonic:000985,S-0117,DataSED - DataSED - Dataset for Sound Event Detection of environmental noise/SED_wav/S-0117.wav,polyphonic,Dog barkings and howlings,dog_barkings_and_howlings,23.96,27.31,0.72,0.82,3.36,986
datased:polyphonic:000986,S-0117,DataSED - DataSED - Dataset for Sound Event Detection of environmental noise/SED_wav/S-0117.wav,polyphonic,Dog barkings and howlings,dog_barkings_and_howlings,28.71,29.66,0.86,0.89,0.95,987
datased:polyphonic:000987,S-0118,DataSED - DataSED - Dataset for Sound Event Detection of environmental noise/SED_wav/S-0118.wav,polyphonic,Dog barkings and howlings,dog_barkings_and_howlings,0.43,1.79,0.02,0.07,1.36,988
datased:polyphonic:000988,S-0118,DataSED - DataSED - Dataset for Sound Event Detection of environmental noise/SED_wav/S-0118.wav,polyphonic,Dog barkings and howlings,dog_barkings_and_howlings,4.96,7.28,0.19,0.28,2.33,989
datased:polyphonic:000989,S-0118,DataSED - DataSED - Dataset for Sound Event Detection of environmental noise/SED_wav/S-0118.wav,polyphonic,Dog barkings and howlings,dog_barkings_and_howlings,8.06,9.91,0.31,0.38,1.85,990
datased:polyphonic:000990,S-0118,DataSED - DataSED - Dataset for Sound Event Detection of environmental noise/SED_wav/S-0118.wav,polyphonic,Dog barkings and howlings,dog_barkings_and_howlings,12.4,15.03,0.47,0.57,2.63,991
datased:polyphonic:000991,S-0118,DataSED - DataSED - Dataset for Sound Event Detection of environmental noise/SED_wav/S-0118.wav,polyphonic,Dog barkings and howlings,dog_barkings_and_howlings,17.08,18.89,0.65,0.72,1.8,992
datased:polyphonic:000992,S-0118,DataSED - DataSED - Dataset for Sound Event Detection of environmental noise/SED_wav/S-0118.wav,polyphonic,Dog barkings and howlings,dog_barkings_and_howlings,21.52,22.64,0.82,0.87,1.12,993
datased:polyphonic:000993,S-0118,DataSED - DataSED - Dataset for Sound Event Detection of environmental noise/SED_wav/S-0118.wav,polyphonic,Dog barkings and howlings,dog_barkings_and_howlings,23.16,23.95,0.89,0.92,0.79,994
datased:polyphonic:000994,S-0119,DataSED - DataSED - Dataset for Sound Event Detection of environmental noise/SED_wav/S-0119.wav,polyphonic,Vacuum cleaner fan and hairdryer,vacuum_cleaner_fan_hairdryer,0.56,73.31,0.01,0.89,72.75,995
datased:polyphonic:000995,S-0120,DataSED - DataSED - Dataset for Sound Event Detection of environmental noise/SED_wav/S-0120.wav,polyphonic,Lawn mower brush cutter and olive shaker,lawn_mower_brush_cutter_olive_shaker,0.52,11.06,0.04,0.87,10.53,996
datased:polyphonic:000996,S-0121,DataSED - DataSED - Dataset for Sound Event Detection of environmental noise/SED_wav/S-0121.wav,polyphonic,Lawn mower brush cutter and olive shaker,lawn_mower_brush_cutter_olive_shaker,0.61,9.92,0.05,0.84,9.31,997
datased:polyphonic:000997,S-0122,DataSED - DataSED - Dataset for Sound Event Detection of environmental noise/SED_wav/S-0122.wav,polyphonic,Lawn mower brush cutter and olive shaker,lawn_mower_brush_cutter_olive_shaker,0.93,25.36,0.0,0.1,24.43,998
datased:polyphonic:000998,S-0122,DataSED - DataSED - Dataset for Sound Event Detection of environmental noise/SED_wav/S-0122.wav,polyphonic,Lawn mower brush cutter and olive shaker,lawn_mower_brush_cutter_olive_shaker,25.81,45.74,0.1,0.18,19.93,999
datased:polyphonic:000999,S-0122,DataSED - DataSED - Dataset for Sound Event Detection of environmental noise/SED_wav/S-0122.wav,polyphonic,Lawn mower brush cutter and olive shaker,lawn_mower_brush_cutter_olive_shaker,49.19,81.86,0.2,0.33,32.67,1000
datased:polyphonic:001000,S-0122,DataSED - DataSED - Dataset for Sound Event Detection of environmental noise/SED_wav/S-0122.wav,polyphonic,Lawn mower brush cutter and olive shaker,lawn_mower_brush_cutter_olive_shaker,82.91,119.78,0.33,0.48,36.87,1001
datased:polyphonic:001001,S-0122,DataSED - DataSED - Dataset for Sound Event Detection of environmental noise/SED_wav/S-0122.wav,polyphonic,Lawn mower brush cutter and olive shaker,lawn_mower_brush_cutter_olive_shaker,120.98,164.59,0.49,0.66,43.61,1002
datased:polyphonic:001002,S-0122,DataSED - DataSED - Dataset for Sound Event Detection of environmental noise/SED_wav/S-0122.wav,polyphonic,Lawn mower brush cutter and olive shaker,lawn_mower_brush_cutter_olive_shaker,165.49,207.0,0.67,0.84,41.51,1003
datased:polyphonic:001003,S-0122,DataSED - DataSED - Dataset for Sound Event Detection of environmental noise/SED_wav/S-0122.wav,polyphonic,Lawn mower brush cutter and olive shaker,lawn_mower_brush_cutter_olive_shaker,207.75,245.97,0.84,0.99,38.22,1004
datased:polyphonic:001004,S-0123,DataSED - DataSED - Dataset for Sound Event Detection of environmental noise/SED_wav/S-0123.wav,polyphonic,Lawn mower brush cutter and olive shaker,lawn_mower_brush_cutter_olive_shaker,1.98,22.55,0.01,0.13,20.57,1005
datased:polyphonic:001005,S-0123,DataSED - DataSED - Dataset for Sound Event Detection of environmental noise/SED_wav/S-0123.wav,polyphonic,Lawn mower brush cutter and olive shaker,lawn_mower_brush_cutter_olive_shaker,22.85,23.99,0.13,0.14,1.13,1006
datased:polyphonic:001006,S-0123,DataSED - DataSED - Dataset for Sound Event Detection of environmental noise/SED_wav/S-0123.wav,polyphonic,Lawn mower brush cutter and olive shaker,lawn_mower_brush_cutter_olive_shaker,24.19,46.72,0.14,0.27,22.52,1007
datased:polyphonic:001007,S-0123,DataSED - DataSED - Dataset for Sound Event Detection of environmental noise/SED_wav/S-0123.wav,polyphonic,Lawn mower brush cutter and olive shaker,lawn_mower_brush_cutter_olive_shaker,47.44,59.06,0.28,0.35,11.62,1008
datased:polyphonic:001008,S-0123,DataSED - DataSED - Dataset for Sound Event Detection of environmental noise/SED_wav/S-0123.wav,polyphonic,Lawn mower brush cutter and olive shaker,lawn_mower_brush_cutter_olive_shaker,59.26,60.4,0.35,0.36,1.13,1009
datased:polyphonic:001009,S-0123,DataSED - DataSED - Dataset for Sound Event Detection of environmental noise/SED_wav/S-0123.wav,polyphonic,Lawn mower brush cutter and olive shaker,lawn_mower_brush_cutter_olive_shaker,60.81,72.12,0.36,0.42,11.31,1010
datased:polyphonic:001010,S-0123,DataSED - DataSED - Dataset for Sound Event Detection of environmental noise/SED_wav/S-0123.wav,polyphonic,Lawn mower brush cutter and olive shaker,lawn_mower_brush_cutter_olive_shaker,72.43,84.77,0.43,0.5,12.34,1011
datased:polyphonic:001011,S-0123,DataSED - DataSED - Dataset for Sound Event Detection of environmental noise/SED_wav/S-0123.wav,polyphonic,Lawn mower brush cutter and olive shaker,lawn_mower_brush_cutter_olive_shaker,84.98,86.01,0.5,0.51,1.03,1012
datased:polyphonic:001012,S-0123,DataSED - DataSED - Dataset for Sound Event Detection of environmental noise/SED_wav/S-0123.wav,polyphonic,Lawn mower brush cutter and olive shaker,lawn_mower_brush_cutter_olive_shaker,86.42,96.39,0.51,0.57,9.98,1013
datased:polyphonic:001013,S-0123,DataSED - DataSED - Dataset for Sound Event Detection of environmental noise/SED_wav/S-0123.wav,polyphonic,Lawn mower brush cutter and olive shaker,lawn_mower_brush_cutter_olive_shaker,96.81,111.51,0.57,0.66,14.71,1014
datased:polyphonic:001014,S-0123,DataSED - DataSED - Dataset for Sound Event Detection of environmental noise/SED_wav/S-0123.wav,polyphonic,Lawn mower brush cutter and olive shaker,lawn_mower_brush_cutter_olive_shaker,111.92,116.86,0.66,0.69,4.94,1015
datased:polyphonic:001015,S-0123,DataSED - DataSED - Dataset for Sound Event Detection of environmental noise/SED_wav/S-0123.wav,polyphonic,Lawn mower brush cutter and olive shaker,lawn_mower_brush_cutter_olive_shaker,117.07,136.3,0.69,0.8,19.23,1016
datased:polyphonic:001016,S-0123,DataSED - DataSED - Dataset for Sound Event Detection of environmental noise/SED_wav/S-0123.wav,polyphonic,Lawn mower brush cutter and olive shaker,lawn_mower_brush_cutter_olive_shaker,136.92,151.73,0.81,0.89,14.81,1017
datased:polyphonic:001017,S-0123,DataSED - DataSED - Dataset for Sound Event Detection of environmental noise/SED_wav/S-0123.wav,polyphonic,Lawn mower brush cutter and olive shaker,lawn_mower_brush_cutter_olive_shaker,152.24,152.86,0.9,0.9,0.62,1018
datased:polyphonic:001018,S-0123,DataSED - DataSED - Dataset for Sound Event Detection of environmental noise/SED_wav/S-0123.wav,polyphonic,Lawn mower brush cutter and olive shaker,lawn_mower_brush_cutter_olive_shaker,153.17,166.02,0.9,0.98,12.86,1019
datased:polyphonic:001019,S-0124,DataSED - DataSED - Dataset for Sound Event Detection of environmental noise/SED_wav/S-0124.wav,polyphonic,Lawn mower brush cutter and olive shaker,lawn_mower_brush_cutter_olive_shaker,0.75,10.62,0.05,0.72,9.87,1020
datased:polyphonic:001020,S-0125,DataSED - DataSED - Dataset for Sound Event Detection of environmental noise/SED_wav/S-0125.wav,polyphonic,Lawn mower brush cutter and olive shaker,lawn_mower_brush_cutter_olive_shaker,1.23,244.03,0.0,0.98,242.8,1021
datased:polyphonic:001021,S-0126,DataSED - DataSED - Dataset for Sound Event Detection of environmental noise/SED_wav/S-0126.wav,polyphonic,Lawn mower brush cutter and olive shaker,lawn_mower_brush_cutter_olive_shaker,0.88,56.15,0.01,0.93,55.26,1022
datased:polyphonic:001022,S-0127,DataSED - DataSED - Dataset for Sound Event Detection of environmental noise/SED_wav/S-0127.wav,polyphonic,Lawn mower brush cutter and olive shaker,lawn_mower_brush_cutter_olive_shaker,1.5,265.59,0.01,0.99,264.09,1023
datased:polyphonic:001023,S-0128,DataSED - DataSED - Dataset for Sound Event Detection of environmental noise/SED_wav/S-0128.wav,polyphonic,Lawn mower brush cutter and olive shaker,lawn_mower_brush_cutter_olive_shaker,0.82,56.78,0.01,0.93,55.96,1024
datased:polyphonic:001024,S-0129,DataSED - DataSED - Dataset for Sound Event Detection of environmental noise/SED_wav/S-0129.wav,polyphonic,Lawn mower brush cutter and olive shaker,lawn_mower_brush_cutter_olive_shaker,0.92,23.38,0.0,0.13,22.46,1025
datased:polyphonic:001025,S-0129,DataSED - DataSED - Dataset for Sound Event Detection of environmental noise/SED_wav/S-0129.wav,polyphonic,Lawn mower brush cutter and olive shaker,lawn_mower_brush_cutter_olive_shaker,23.72,24.95,0.13,0.14,1.23,1026
datased:polyphonic:001026,S-0129,DataSED - DataSED - Dataset for Sound Event Detection of environmental noise/SED_wav/S-0129.wav,polyphonic,Lawn mower brush cutter and olive shaker,lawn_mower_brush_cutter_olive_shaker,25.39,47.86,0.14,0.26,22.46,1027
datased:polyphonic:001027,S-0129,DataSED - DataSED - Dataset for Sound Event Detection of environmental noise/SED_wav/S-0129.wav,polyphonic,Lawn mower brush cutter and olive shaker,lawn_mower_brush_cutter_olive_shaker,48.86,60.15,0.26,0.33,11.29,1028
datased:polyphonic:001028,S-0129,DataSED - DataSED - Dataset for Sound Event Detection of environmental noise/SED_wav/S-0129.wav,polyphonic,Lawn mower brush cutter and olive shaker,lawn_mower_brush_cutter_olive_shaker,60.71,61.83,0.33,0.33,1.12,1029
datased:polyphonic:001029,S-0129,DataSED - DataSED - Dataset for Sound Event Detection of environmental noise/SED_wav/S-0129.wav,polyphonic,Lawn mower brush cutter and olive shaker,lawn_mower_brush_cutter_olive_shaker,62.05,73.23,0.34,0.4,11.18,1030
datased:polyphonic:001030,S-0129,DataSED - DataSED - Dataset for Sound Event Detection of environmental noise/SED_wav/S-0129.wav,polyphonic,Lawn mower brush cutter and olive shaker,lawn_mower_brush_cutter_olive_shaker,73.78,86.41,0.4,0.47,12.63,1031
datased:polyphonic:001031,S-0129,DataSED - DataSED - Dataset for Sound Event Detection of environmental noise/SED_wav/S-0129.wav,polyphonic,Lawn mower brush cutter and olive shaker,lawn_mower_brush_cutter_olive_shaker,87.64,110.33,0.47,0.6,22.69,1032
datased:polyphonic:001032,S-0129,DataSED - DataSED - Dataset for Sound Event Detection of environmental noise/SED_wav/S-0129.wav,polyphonic,Lawn mower brush cutter and olive shaker,lawn_mower_brush_cutter_olive_shaker,111.0,131.45,0.6,0.71,20.45,1033
datased:polyphonic:001033,S-0129,DataSED - DataSED - Dataset for Sound Event Detection of environmental noise/SED_wav/S-0129.wav,polyphonic,Lawn mower brush cutter and olive shaker,lawn_mower_brush_cutter_olive_shaker,133.46,153.24,0.72,0.83,19.78,1034
datased:polyphonic:001034,S-0129,DataSED - DataSED - Dataset for Sound Event Detection of environmental noise/SED_wav/S-0129.wav,polyphonic,Lawn mower brush cutter and olive shaker,lawn_mower_brush_cutter_olive_shaker,153.58,168.44,0.83,0.91,14.86,1035
datased:polyphonic:001035,S-0129,DataSED - DataSED - Dataset for Sound Event Detection of environmental noise/SED_wav/S-0129.wav,polyphonic,Lawn mower brush cutter and olive shaker,lawn_mower_brush_cutter_olive_shaker,169.11,183.76,0.92,1.0,14.64,1036
datased:polyphonic:001036,S-0130,DataSED - DataSED - Dataset for Sound Event Detection of environmental noise/SED_wav/S-0130.wav,polyphonic,Lawn mower brush cutter and olive shaker,lawn_mower_brush_cutter_olive_shaker,0.75,58.7,0.01,0.96,57.95,1037
datased:polyphonic:001037,S-0131,DataSED - DataSED - Dataset for Sound Event Detection of environmental noise/SED_wav/S-0131.wav,polyphonic,Vacuum cleaner fan and hairdryer,vacuum_cleaner_fan_hairdryer,0.38,5.73,0.06,0.84,5.35,1038
datased:polyphonic:001038,S-0132,DataSED - DataSED - Dataset for Sound Event Detection of environmental noise/SED_wav/S-0132.wav,polyphonic,Cat fight and moans,cat_fights_and_moans,1.62,12.33,0.05,0.36,10.71,1039
datased:polyphonic:001039,S-0132,DataSED - DataSED - Dataset for Sound Event Detection of environmental noise/SED_wav/S-0132.wav,polyphonic,Cat fight and moans,cat_fights_and_moans,15.65,24.68,0.46,0.72,9.03,1040
datased:polyphonic:001040,S-0132,DataSED - DataSED - Dataset for Sound Event Detection of environmental noise/SED_wav/S-0132.wav,polyphonic,Cat fight and moans,cat_fights_and_moans,25.32,31.67,0.74,0.92,6.35,1041
datased:polyphonic:001041,S-0133,DataSED - DataSED - Dataset for Sound Event Detection of environmental noise/SED_wav/S-0133.wav,polyphonic,Cat fight and moans,cat_fights_and_moans,2.84,13.68,0.02,0.09,10.84,1042
datased:polyphonic:001042,S-0133,DataSED - DataSED - Dataset for Sound Event Detection of environmental noise/SED_wav/S-0133.wav,polyphonic,Cat fight and moans,cat_fights_and_moans,15.86,25.79,0.11,0.17,9.93,1043
datased:polyphonic:001043,S-0133,DataSED - DataSED - Dataset for Sound Event Detection of environmental noise/SED_wav/S-0133.wav,polyphonic,Cat fight and moans,cat_fights_and_moans,28.25,35.53,0.19,0.24,7.29,1044
datased:polyphonic:001044,S-0133,DataSED - DataSED - Dataset for Sound Event Detection of environmental noise/SED_wav/S-0133.wav,polyphonic,Cat fight and moans,cat_fights_and_moans,36.17,39.63,0.24,0.26,3.46,1045
datased:polyphonic:001045,S-0133,DataSED - DataSED - Dataset for Sound Event Detection of environmental noise/SED_wav/S-0133.wav,polyphonic,Cat fight and moans,cat_fights_and_moans,40.81,45.55,0.27,0.3,4.74,1046
datased:polyphonic:001046,S-0133,DataSED - DataSED - Dataset for Sound Event Detection of environmental noise/SED_wav/S-0133.wav,polyphonic,Vehicle pass-by,vehicle_pass_by,47.1,53.65,0.31,0.36,6.56,1047
datased:polyphonic:001047,S-0133,DataSED - DataSED - Dataset for Sound Event Detection of environmental noise/SED_wav/S-0133.wav,polyphonic,Cat fight and moans,cat_fights_and_moans,54.02,57.57,0.36,0.38,3.55,1048
datased:polyphonic:001048,S-0133,DataSED - DataSED - Dataset for Sound Event Detection of environmental noise/SED_wav/S-0133.wav,polyphonic,Cat fight and moans,cat_fights_and_moans,61.03,71.96,0.41,0.48,10.93,1049
datased:polyphonic:001049,S-0133,DataSED - DataSED - Dataset for Sound Event Detection of environmental noise/SED_wav/S-0133.wav,polyphonic,Cat fight and moans,cat_fights_and_moans,74.24,80.61,0.49,0.54,6.37,1050
datased:polyphonic:001050,S-0133,DataSED - DataSED - Dataset for Sound Event Detection of environmental noise/SED_wav/S-0133.wav,polyphonic,Cat fight and moans,cat_fights_and_moans,82.52,87.17,0.55,0.58,4.64,1051
datased:polyphonic:001051,S-0133,DataSED - DataSED - Dataset for Sound Event Detection of environmental noise/SED_wav/S-0133.wav,polyphonic,Cat fight and moans,cat_fights_and_moans,88.53,93.36,0.59,0.62,4.83,1052
datased:polyphonic:001052,S-0133,DataSED - DataSED - Dataset for Sound Event Detection of environmental noise/SED_wav/S-0133.wav,polyphonic,Cat fight and moans,cat_fights_and_moans,93.81,104.38,0.62,0.69,10.56,1053
datased:polyphonic:001053,S-0133,DataSED - DataSED - Dataset for Sound Event Detection of environmental noise/SED_wav/S-0133.wav,polyphonic,Cat fight and moans,cat_fights_and_moans,105.29,110.39,0.7,0.73,5.1,1054
datased:polyphonic:001054,S-0133,DataSED - DataSED - Dataset for Sound Event Detection of environmental noise/SED_wav/S-0133.wav,polyphonic,Cat fight and moans,cat_fights_and_moans,110.93,114.39,0.74,0.76,3.46,1055
datased:polyphonic:001055,S-0133,DataSED - DataSED - Dataset for Sound Event Detection of environmental noise/SED_wav/S-0133.wav,polyphonic,Cat fight and moans,cat_fights_and_moans,115.94,118.58,0.77,0.79,2.64,1056
datased:polyphonic:001056,S-0133,DataSED - DataSED - Dataset for Sound Event Detection of environmental noise/SED_wav/S-0133.wav,polyphonic,Cat fight and moans,cat_fights_and_moans,120.13,124.41,0.8,0.83,4.28,1057
datased:polyphonic:001057,S-0133,DataSED - DataSED - Dataset for Sound Event Detection of environmental noise/SED_wav/S-0133.wav,polyphonic,Cat fight and moans,cat_fights_and_moans,125.41,129.51,0.83,0.86,4.1,1058
datased:polyphonic:001058,S-0133,DataSED - DataSED - Dataset for Sound Event Detection of environmental noise/SED_wav/S-0133.wav,polyphonic,Cat fight and moans,cat_fights_and_moans,130.24,135.52,0.87,0.9,5.28,1059
datased:polyphonic:001059,S-0133,DataSED - DataSED - Dataset for Sound Event Detection of environmental noise/SED_wav/S-0133.wav,polyphonic,Cat fight and moans,cat_fights_and_moans,136.25,140.44,0.91,0.93,4.19,1060
datased:polyphonic:001060,S-0133,DataSED - DataSED - Dataset for Sound Event Detection of environmental noise/SED_wav/S-0133.wav,polyphonic,Cat fight and moans,cat_fights_and_moans,141.44,148.54,0.94,0.99,7.1,1061
datased:polyphonic:001061,S-0134,DataSED - DataSED - Dataset for Sound Event Detection of environmental noise/SED_wav/S-0134.wav,polyphonic,Cat fight and moans,cat_fights_and_moans,1.03,8.71,0.01,0.07,7.68,1062
datased:polyphonic:001062,S-0134,DataSED - DataSED - Dataset for Sound Event Detection of environmental noise/SED_wav/S-0134.wav,polyphonic,Cat fight and moans,cat_fights_and_moans,12.48,21.97,0.1,0.18,9.49,1063
datased:polyphonic:001063,S-0134,DataSED - DataSED - Dataset for Sound Event Detection of environmental noise/SED_wav/S-0134.wav,polyphonic,Cat fight and moans,cat_fights_and_moans,25.37,36.89,0.21,0.31,11.52,1064
datased:polyphonic:001064,S-0134,DataSED - DataSED - Dataset for Sound Event Detection of environmental noise/SED_wav/S-0134.wav,polyphonic,Cat fight and moans,cat_fights_and_moans,39.21,45.59,0.33,0.38,6.38,1065
datased:polyphonic:001065,S-0134,DataSED - DataSED - Dataset for Sound Event Detection of environmental noise/SED_wav/S-0134.wav,polyphonic,Cat fight and moans,cat_fights_and_moans,48.05,52.83,0.4,0.44,4.78,1066
datased:polyphonic:001066,S-0134,DataSED - DataSED - Dataset for Sound Event Detection of environmental noise/SED_wav/S-0134.wav,polyphonic,Cat fight and moans,cat_fights_and_moans,55.73,65.8,0.47,0.55,10.07,1067
datased:polyphonic:001067,S-0134,DataSED - DataSED - Dataset for Sound Event Detection of environmental noise/SED_wav/S-0134.wav,polyphonic,Cat fight and moans,cat_fights_and_moans,68.55,81.23,0.57,0.68,12.68,1068
datased:polyphonic:001068,S-0134,DataSED - DataSED - Dataset for Sound Event Detection of environmental noise/SED_wav/S-0134.wav,polyphonic,Cat fight and moans,cat_fights_and_moans,85.07,101.23,0.71,0.85,16.16,1069
datased:polyphonic:001069,S-0134,DataSED - DataSED - Dataset for Sound Event Detection of environmental noise/SED_wav/S-0134.wav,polyphonic,Cat fight and moans,cat_fights_and_moans,103.69,115.43,0.87,0.96,11.74,1070
datased:polyphonic:001070,S-0134,DataSED - DataSED - Dataset for Sound Event Detection of environmental noise/SED_wav/S-0134.wav,polyphonic,Vehicle pass-by,vehicle_pass_by,116.3,119.7,0.97,1.0,3.41,1071
datased:polyphonic:001071,S-0135,DataSED - DataSED - Dataset for Sound Event Detection of environmental noise/SED_wav/S-0135.wav,polyphonic,Bells,bells,0.33,4.09,0.02,0.21,3.76,1072
datased:polyphonic:001072,S-0135,DataSED - DataSED - Dataset for Sound Event Detection of environmental noise/SED_wav/S-0135.wav,polyphonic,Bells,bells,7.39,11.76,0.37,0.59,4.37,1073
datased:polyphonic:001073,S-0135,DataSED - DataSED - Dataset for Sound Event Detection of environmental noise/SED_wav/S-0135.wav,polyphonic,Bells,bells,13.76,19.61,0.69,0.99,5.85,1074
datased:polyphonic:001074,S-0136,DataSED - DataSED - Dataset for Sound Event Detection of environmental noise/SED_wav/S-0136.wav,polyphonic,Chicken coop,chicken_coop,5.81,29.37,0.17,0.84,23.55,1075
datased:polyphonic:001075,S-0137,DataSED - DataSED - Dataset for Sound Event Detection of environmental noise/SED_wav/S-0137.wav,polyphonic,Chicken coop,chicken_coop,4.97,19.13,0.14,0.55,14.16,1076
datased:polyphonic:001076,S-0137,DataSED - DataSED - Dataset for Sound Event Detection of environmental noise/SED_wav/S-0137.wav,polyphonic,Chicken coop,chicken_coop,20.06,25.76,0.57,0.74,5.7,1077
datased:polyphonic:001077,S-0137,DataSED - DataSED - Dataset for Sound Event Detection of environmental noise/SED_wav/S-0137.wav,polyphonic,Chicken coop,chicken_coop,26.61,33.35,0.76,0.95,6.74,1078
datased:polyphonic:001078,S-0138,DataSED - DataSED - Dataset for Sound Event Detection of environmental noise/SED_wav/S-0138.wav,polyphonic,Chicken coop,chicken_coop,0.33,0.82,0.01,0.03,0.48,1079
datased:polyphonic:001079,S-0138,DataSED - DataSED - Dataset for Sound Event Detection of environmental noise/SED_wav/S-0138.wav,polyphonic,Chicken coop,chicken_coop,1.16,15.79,0.04,0.49,14.63,1080
datased:polyphonic:001080,S-0138,DataSED - DataSED - Dataset for Sound Event Detection of environmental noise/SED_wav/S-0138.wav,polyphonic,Chicken coop,chicken_coop,19.74,31.83,0.62,1.0,12.09,1081
datased:polyphonic:001081,S-0139,DataSED - DataSED - Dataset for Sound Event Detection of environmental noise/SED_wav/S-0139.wav,polyphonic,Chicken coop,chicken_coop,0.0,5.26,0.0,0.06,5.26,1082
datased:polyphonic:001082,S-0139,DataSED - DataSED - Dataset for Sound Event Detection of environmental noise/SED_wav/S-0139.wav,polyphonic,Chicken coop,chicken_coop,7.58,17.57,0.08,0.19,9.99,1083
datased:polyphonic:001083,S-0139,DataSED - DataSED - Dataset for Sound Event Detection of environmental noise/SED_wav/S-0139.wav,polyphonic,Chicken coop,chicken_coop,22.87,30.44,0.25,0.33,7.56,1084
datased:polyphonic:001084,S-0139,DataSED - DataSED - Dataset for Sound Event Detection of environmental noise/SED_wav/S-0139.wav,polyphonic,Chicken coop,chicken_coop,33.26,50.48,0.36,0.54,17.22,1085
datased:polyphonic:001085,S-0139,DataSED - DataSED - Dataset for Sound Event Detection of environmental noise/SED_wav/S-0139.wav,polyphonic,Chicken coop,chicken_coop,55.22,67.13,0.59,0.72,11.91,1086
datased:polyphonic:001086,S-0139,DataSED - DataSED - Dataset for Sound Event Detection of environmental noise/SED_wav/S-0139.wav,polyphonic,Chicken coop,chicken_coop,71.59,88.52,0.77,0.95,16.93,1087
datased:polyphonic:001087,S-0140,DataSED - DataSED - Dataset for Sound Event Detection of environmental noise/SED_wav/S-0140.wav,polyphonic,Chicken coop,chicken_coop,0.5,19.43,0.02,0.92,18.93,1088
datased:polyphonic:001088,S-0141,DataSED - DataSED - Dataset for Sound Event Detection of environmental noise/SED_wav/S-0141.wav,polyphonic,Glass breaking,glass_breaking,0.6,3.74,0.11,0.69,3.15,1089
datased:polyphonic:001089,S-0142,DataSED - DataSED - Dataset for Sound Event Detection of environmental noise/SED_wav/S-0142.wav,polyphonic,Glass breaking,glass_breaking,0.53,3.23,0.02,0.15,2.71,1090
datased:polyphonic:001090,S-0142,DataSED - DataSED - Dataset for Sound Event Detection of environmental noise/SED_wav/S-0142.wav,polyphonic,Glass breaking,glass_breaking,3.69,7.88,0.17,0.37,4.19,1091
datased:polyphonic:001091,S-0142,DataSED - DataSED - Dataset for Sound Event Detection of environmental noise/SED_wav/S-0142.wav,polyphonic,Glass breaking,glass_breaking,8.6,13.95,0.4,0.65,5.34,1092
datased:polyphonic:001092,S-0142,DataSED - DataSED - Dataset for Sound Event Detection of environmental noise/SED_wav/S-0142.wav,polyphonic,Glass breaking,glass_breaking,14.95,17.88,0.69,0.83,2.93,1093
datased:polyphonic:001093,S-0142,DataSED - DataSED - Dataset for Sound Event Detection of environmental noise/SED_wav/S-0142.wav,polyphonic,Glass breaking,glass_breaking,18.7,19.32,0.87,0.89,0.61,1094
datased:polyphonic:001094,S-0143,DataSED - DataSED - Dataset for Sound Event Detection of environmental noise/SED_wav/S-0143.wav,polyphonic,Glass breaking,glass_breaking,1.0,3.76,0.18,0.69,2.75,1095
datased:polyphonic:001095,S-0144,DataSED - DataSED - Dataset for Sound Event Detection of environmental noise/SED_wav/S-0144.wav,polyphonic,Vehicle pass-by,vehicle_pass_by,12.31,40.8,0.06,0.21,28.49,1096
datased:polyphonic:001096,S-0144,DataSED - DataSED - Dataset for Sound Event Detection of environmental noise/SED_wav/S-0144.wav,polyphonic,Propeller aircrafts,propeller_aircrafts,46.08,117.87,0.24,0.62,71.79,1097
datased:polyphonic:001097,S-0144,DataSED - DataSED - Dataset for Sound Event Detection of environmental noise/SED_wav/S-0144.wav,polyphonic,Vehicle pass-by,vehicle_pass_by,122.58,138.66,0.65,0.73,16.08,1098
datased:polyphonic:001098,S-0144,DataSED - DataSED - Dataset for Sound Event Detection of environmental noise/SED_wav/S-0144.wav,polyphonic,Vehicle pass-by,vehicle_pass_by,141.77,147.16,0.75,0.78,5.4,1099
datased:polyphonic:001099,S-0144,DataSED - DataSED - Dataset for Sound Event Detection of environmental noise/SED_wav/S-0144.wav,polyphonic,Vehicle pass-by,vehicle_pass_by,171.63,181.62,0.9,0.96,9.99,1100
datased:polyphonic:001100,S-0145,DataSED - DataSED - Dataset for Sound Event Detection of environmental noise/SED_wav/S-0145.wav,polyphonic,Lawn mower brush cutter and olive shaker,lawn_mower_brush_cutter_olive_shaker,0.41,2.92,0.03,0.22,2.51,1101
datased:polyphonic:001101,S-0145,DataSED - DataSED - Dataset for Sound Event Detection of environmental noise/SED_wav/S-0145.wav,polyphonic,Lawn mower brush cutter and olive shaker,lawn_mower_brush_cutter_olive_shaker,3.9,12.06,0.3,0.92,8.16,1102
datased:polyphonic:001102,S-0146,DataSED - DataSED - Dataset for Sound Event Detection of environmental noise/SED_wav/S-0146.wav,polyphonic,Lawn mower brush cutter and olive shaker,lawn_mower_brush_cutter_olive_shaker,2.77,45.12,0.02,0.33,42.34,1103
datased:polyphonic:001103,S-0146,DataSED - DataSED - Dataset for Sound Event Detection of environmental noise/SED_wav/S-0146.wav,polyphonic,Lawn mower brush cutter and olive shaker,lawn_mower_brush_cutter_olive_shaker,50.88,92.97,0.37,0.67,42.09,1104
datased:polyphonic:001104,S-0146,DataSED - DataSED - Dataset for Sound Event Detection of environmental noise/SED_wav/S-0146.wav,polyphonic,Lawn mower brush cutter and olive shaker,lawn_mower_brush_cutter_olive_shaker,99.32,136.48,0.72,0.99,37.17,1105
datased:polyphonic:001105,S-0147,DataSED - DataSED - Dataset for Sound Event Detection of environmental noise/SED_wav/S-0147.wav,polyphonic,Lawn mower brush cutter and olive shaker,lawn_mower_brush_cutter_olive_shaker,1.03,24.98,0.01,0.18,23.96,1106
datased:polyphonic:001106,S-0147,DataSED - DataSED - Dataset for Sound Event Detection of environmental noise/SED_wav/S-0147.wav,polyphonic,Lawn mower brush cutter and olive shaker,lawn_mower_brush_cutter_olive_shaker,30.21,50.12,0.22,0.36,19.91,1107
datased:polyphonic:001107,S-0147,DataSED - DataSED - Dataset for Sound Event Detection of environmental noise/SED_wav/S-0147.wav,polyphonic,Lawn mower brush cutter and olive shaker,lawn_mower_brush_cutter_olive_shaker,55.52,91.71,0.4,0.66,36.19,1108
datased:polyphonic:001108,S-0147,DataSED - DataSED - Dataset for Sound Event Detection of environmental noise/SED_wav/S-0147.wav,polyphonic,Lawn mower brush cutter and olive shaker,lawn_mower_brush_cutter_olive_shaker,96.94,136.58,0.7,0.98,39.64,1109
datased:polyphonic:001109,S-0148,DataSED - DataSED - Dataset for Sound Event Detection of environmental noise/SED_wav/S-0148.wav,polyphonic,Vehicle pass-by,vehicle_pass_by,1.68,19.4,0.01,0.1,17.72,1110
datased:polyphonic:001110,S-0148,DataSED - DataSED - Dataset for Sound Event Detection of environmental noise/SED_wav/S-0148.wav,polyphonic,Horn,horn,9.36,10.89,0.05,0.06,1.54,1111
datased:polyphonic:001111,S-0148,DataSED - DataSED - Dataset for Sound Event Detection of environmental noise/SED_wav/S-0148.wav,polyphonic,Vehicle pass-by,vehicle_pass_by,22.0,39.37,0.11,0.2,17.37,1112
datased:polyphonic:001112,S-0148,DataSED - DataSED - Dataset for Sound Event Detection of environmental noise/SED_wav/S-0148.wav,polyphonic,Vehicle pass-by,vehicle_pass_by,41.37,54.84,0.21,0.28,13.47,1113
datased:polyphonic:001113,S-0148,DataSED - DataSED - Dataset for Sound Event Detection of environmental noise/SED_wav/S-0148.wav,polyphonic,Vehicle pass-by,vehicle_pass_by,55.2,65.83,0.28,0.34,10.63,1114
datased:polyphonic:001114,S-0148,DataSED - DataSED - Dataset for Sound Event Detection of environmental noise/SED_wav/S-0148.wav,polyphonic,Vehicle pass-by,vehicle_pass_by,68.31,78.47,0.35,0.4,10.16,1115
datased:polyphonic:001115,S-0148,DataSED - DataSED - Dataset for Sound Event Detection of environmental noise/SED_wav/S-0148.wav,polyphonic,Vehicle pass-by,vehicle_pass_by,79.77,97.49,0.41,0.5,17.72,1116
datased:polyphonic:001116,S-0148,DataSED - DataSED - Dataset for Sound Event Detection of environmental noise/SED_wav/S-0148.wav,polyphonic,Vehicle pass-by,vehicle_pass_by,101.51,131.64,0.52,0.67,30.13,1117
datased:polyphonic:001117,S-0148,DataSED - DataSED - Dataset for Sound Event Detection of environmental noise/SED_wav/S-0148.wav,polyphonic,Voices,voices,127.03,129.04,0.65,0.66,2.01,1118
datased:polyphonic:001118,S-0148,DataSED - DataSED - Dataset for Sound Event Detection of environmental noise/SED_wav/S-0148.wav,polyphonic,Vehicle pass-by,vehicle_pass_by,134.47,162.0,0.69,0.83,27.53,1119
datased:polyphonic:001119,S-0148,DataSED - DataSED - Dataset for Sound Event Detection of environmental noise/SED_wav/S-0148.wav,polyphonic,Vehicle pass-by,vehicle_pass_by,165.78,192.01,0.85,0.98,26.23,1120
datased:polyphonic:001120,S-0149,DataSED - DataSED - Dataset for Sound Event Detection of environmental noise/SED_wav/S-0149.wav,polyphonic,Bells,bells,1.29,3.43,0.11,0.3,2.14,1121
datased:polyphonic:001121,S-0149,DataSED - DataSED - Dataset for Sound Event Detection of environmental noise/SED_wav/S-0149.wav,polyphonic,Bells,bells,5.15,7.51,0.45,0.66,2.36,1122
datased:polyphonic:001122,S-0150,DataSED - DataSED - Dataset for Sound Event Detection of environmental noise/SED_wav/S-0150.wav,polyphonic,Bells,bells,0.35,1.7,0.02,0.11,1.35,1123
datased:polyphonic:001123,S-0150,DataSED - DataSED - Dataset for Sound Event Detection of environmental noise/SED_wav/S-0150.wav,polyphonic,Bells,bells,4.62,6.7,0.3,0.43,2.08,1124
datased:polyphonic:001124,S-0150,DataSED - DataSED - Dataset for Sound Event Detection of environmental noise/SED_wav/S-0150.wav,polyphonic,Bells,bells,8.68,10.75,0.56,0.69,2.07,1125
datased:polyphonic:001125,S-0151,DataSED - DataSED - Dataset for Sound Event Detection of environmental noise/SED_wav/S-0151.wav,polyphonic,Bells,bells,2.8,19.24,0.04,0.24,16.44,1126
datased:polyphonic:001126,S-0151,DataSED - DataSED - Dataset for Sound Event Detection of environmental noise/SED_wav/S-0151.wav,polyphonic,Bells,bells,25.1,31.73,0.32,0.4,6.63,1127
datased:polyphonic:001127,S-0151,DataSED - DataSED - Dataset for Sound Event Detection of environmental noise/SED_wav/S-0151.wav,polyphonic,Bells,bells,36.87,45.33,0.46,0.57,8.46,1128
datased:polyphonic:001128,S-0151,DataSED - DataSED - Dataset for Sound Event Detection of environmental noise/SED_wav/S-0151.wav,polyphonic,Dog barkings and howlings,dog_barkings_and_howlings,50.33,70.09,0.63,0.88,19.75,1129
datased:polyphonic:001129,S-0151,DataSED - DataSED - Dataset for Sound Event Detection of environmental noise/SED_wav/S-0151.wav,polyphonic,Dog barkings and howlings,dog_barkings_and_howlings,75.85,76.91,0.96,0.97,1.06,1130
datased:polyphonic:001130,S-0151,DataSED - DataSED - Dataset for Sound Event Detection of environmental noise/SED_wav/S-0151.wav,polyphonic,Bells,bells,76.96,79.41,0.97,1.0,2.45,1131
datased:polyphonic:001131,S-0152,DataSED - DataSED - Dataset for Sound Event Detection of environmental noise/SED_wav/S-0152.wav,polyphonic,Bells,bells,4.98,10.79,0.07,0.16,5.81,1132
datased:polyphonic:001132,S-0152,DataSED - DataSED - Dataset for Sound Event Detection of environmental noise/SED_wav/S-0152.wav,polyphonic,Bells,bells,14.8,20.56,0.21,0.3,5.76,1133
datased:polyphonic:001133,S-0152,DataSED - DataSED - Dataset for Sound Event Detection of environmental noise/SED_wav/S-0152.wav,polyphonic,Bells,bells,25.32,33.8,0.37,0.49,8.48,1134
datased:polyphonic:001134,S-0152,DataSED - DataSED - Dataset for Sound Event Detection of environmental noise/SED_wav/S-0152.wav,polyphonic,Bells,bells,38.56,48.88,0.56,0.71,10.32,1135
datased:polyphonic:001135,S-0152,DataSED - DataSED - Dataset for Sound Event Detection of environmental noise/SED_wav/S-0152.wav,polyphonic,Bells,bells,53.18,67.89,0.77,0.98,14.7,1136
datased:polyphonic:001136,S-0153,DataSED - DataSED - Dataset for Sound Event Detection of environmental noise/SED_wav/S-0153.wav,polyphonic,Voices,voices,1.19,5.25,0.01,0.05,4.06,1137
datased:polyphonic:001137,S-0153,DataSED - DataSED - Dataset for Sound Event Detection of environmental noise/SED_wav/S-0153.wav,polyphonic,Voices,voices,7.31,20.79,0.08,0.21,13.48,1138
datased:polyphonic:001138,S-0153,DataSED - DataSED - Dataset for Sound Event Detection of environmental noise/SED_wav/S-0153.wav,polyphonic,Voices,voices,24.97,28.44,0.26,0.29,3.47,1139
datased:polyphonic:001139,S-0153,DataSED - DataSED - Dataset for Sound Event Detection of environmental noise/SED_wav/S-0153.wav,polyphonic,Voices,voices,31.62,34.62,0.33,0.36,3.0,1140
datased:polyphonic:001140,S-0153,DataSED - DataSED - Dataset for Sound Event Detection of environmental noise/SED_wav/S-0153.wav,polyphonic,Voices,voices,35.56,37.03,0.37,0.38,1.47,1141
datased:polyphonic:001141,S-0153,DataSED - DataSED - Dataset for Sound Event Detection of environmental noise/SED_wav/S-0153.wav,polyphonic,Voices,voices,37.98,40.62,0.39,0.42,2.65,1142
datased:polyphonic:001142,S-0153,DataSED - DataSED - Dataset for Sound Event Detection of environmental noise/SED_wav/S-0153.wav,polyphonic,Voices,voices,46.22,49.81,0.48,0.51,3.59,1143
datased:polyphonic:001143,S-0153,DataSED - DataSED - Dataset for Sound Event Detection of environmental noise/SED_wav/S-0153.wav,polyphonic,Voices,voices,53.1,60.69,0.55,0.62,7.59,1144
datased:polyphonic:001144,S-0153,DataSED - DataSED - Dataset for Sound Event Detection of environmental noise/SED_wav/S-0153.wav,polyphonic,Voices,voices,61.22,65.34,0.63,0.67,4.12,1145
datased:polyphonic:001145,S-0153,DataSED - DataSED - Dataset for Sound Event Detection of environmental noise/SED_wav/S-0153.wav,polyphonic,Voices,voices,67.17,70.58,0.69,0.73,3.41,1146
datased:polyphonic:001146,S-0153,DataSED - DataSED - Dataset for Sound Event Detection of environmental noise/SED_wav/S-0153.wav,polyphonic,Voices,voices,75.0,85.89,0.77,0.88,10.89,1147
datased:polyphonic:001147,S-0153,DataSED - DataSED - Dataset for Sound Event Detection of environmental noise/SED_wav/S-0153.wav,polyphonic,Voices,voices,87.89,89.12,0.9,0.92,1.24,1148
datased:polyphonic:001148,S-0153,DataSED - DataSED - Dataset for Sound Event Detection of environmental noise/SED_wav/S-0153.wav,polyphonic,Voices,voices,91.18,93.6,0.94,0.96,2.41,1149
datased:polyphonic:001149,S-0154,DataSED - DataSED - Dataset for Sound Event Detection of environmental noise/SED_wav/S-0154.wav,polyphonic,Bells,bells,0.57,4.26,0.02,0.12,3.69,1150
datased:polyphonic:001150,S-0154,DataSED - DataSED - Dataset for Sound Event Detection of environmental noise/SED_wav/S-0154.wav,polyphonic,Bells,bells,5.89,9.48,0.16,0.26,3.58,1151
datased:polyphonic:001151,S-0154,DataSED - DataSED - Dataset for Sound Event Detection of environmental noise/SED_wav/S-0154.wav,polyphonic,Bells,bells,11.26,14.26,0.31,0.4,3.0,1152
datased:polyphonic:001152,S-0154,DataSED - DataSED - Dataset for Sound Event Detection of environmental noise/SED_wav/S-0154.wav,polyphonic,Bells,bells,16.41,19.8,0.46,0.55,3.39,1153
datased:polyphonic:001153,S-0154,DataSED - DataSED - Dataset for Sound Event Detection of environmental noise/SED_wav/S-0154.wav,polyphonic,Bells,bells,22.03,26.12,0.61,0.73,4.08,1154
datased:polyphonic:001154,S-0154,DataSED - DataSED - Dataset for Sound Event Detection of environmental noise/SED_wav/S-0154.wav,polyphonic,Bells,bells,28.88,32.57,0.8,0.91,3.69,1155
datased:polyphonic:001155,S-0155,DataSED - DataSED - Dataset for Sound Event Detection of environmental noise/SED_wav/S-0155.wav,polyphonic,Bells,bells,0.94,3.89,0.02,0.1,2.95,1156
datased:polyphonic:001156,S-0155,DataSED - DataSED - Dataset for Sound Event Detection of environmental noise/SED_wav/S-0155.wav,polyphonic,Bells,bells,5.69,7.96,0.14,0.2,2.28,1157
datased:polyphonic:001157,S-0155,DataSED - DataSED - Dataset for Sound Event Detection of environmental noise/SED_wav/S-0155.wav,polyphonic,Bells,bells,10.57,13.33,0.27,0.34,2.76,1158
datased:polyphonic:001158,S-0155,DataSED - DataSED - Dataset for Sound Event Detection of environmental noise/SED_wav/S-0155.wav,polyphonic,Bells,bells,15.94,18.48,0.4,0.47,2.54,1159
datased:polyphonic:001159,S-0155,DataSED - DataSED - Dataset for Sound Event Detection of environmental noise/SED_wav/S-0155.wav,polyphonic,Bells,bells,20.64,22.49,0.52,0.57,1.85,1160
datased:polyphonic:001160,S-0155,DataSED - DataSED - Dataset for Sound Event Detection of environmental noise/SED_wav/S-0155.wav,polyphonic,Bells,bells,25.19,27.73,0.64,0.7,2.54,1161
datased:polyphonic:001161,S-0155,DataSED - DataSED - Dataset for Sound Event Detection of environmental noise/SED_wav/S-0155.wav,polyphonic,Bells,bells,30.16,32.62,0.76,0.82,2.47,1162
datased:polyphonic:001162,S-0155,DataSED - DataSED - Dataset for Sound Event Detection of environmental noise/SED_wav/S-0155.wav,polyphonic,Bells,bells,35.57,37.75,0.9,0.95,2.18,1163
datased:polyphonic:001163,S-0156,DataSED - DataSED - Dataset for Sound Event Detection of environmental noise/SED_wav/S-0156.wav,polyphonic,Bells,bells,0.75,7.93,0.01,0.15,7.17,1164
datased:polyphonic:001164,S-0156,DataSED - DataSED - Dataset for Sound Event Detection of environmental noise/SED_wav/S-0156.wav,polyphonic,Bells,bells,10.94,18.15,0.2,0.34,7.2,1165
datased:polyphonic:001165,S-0156,DataSED - DataSED - Dataset for Sound Event Detection of environmental noise/SED_wav/S-0156.wav,polyphonic,Bells,bells,21.26,27.4,0.4,0.51,6.13,1166
datased:polyphonic:001166,S-0156,DataSED - DataSED - Dataset for Sound Event Detection of environmental noise/SED_wav/S-0156.wav,polyphonic,Bells,bells,32.59,39.44,0.61,0.74,6.85,1167
datased:polyphonic:001167,S-0156,DataSED - DataSED - Dataset for Sound Event Detection of environmental noise/SED_wav/S-0156.wav,polyphonic,Bells,bells,44.6,51.09,0.83,0.95,6.49,1168
datased:polyphonic:001168,S-0157,DataSED - DataSED - Dataset for Sound Event Detection of environmental noise/SED_wav/S-0157.wav,polyphonic,Bells,bells,0.77,11.3,0.01,0.22,10.53,1169
datased:polyphonic:001169,S-0157,DataSED - DataSED - Dataset for Sound Event Detection of environmental noise/SED_wav/S-0157.wav,polyphonic,Bells,bells,12.98,21.39,0.25,0.41,8.41,1170
datased:polyphonic:001170,S-0157,DataSED - DataSED - Dataset for Sound Event Detection of environmental noise/SED_wav/S-0157.wav,polyphonic,Bells,bells,23.17,31.48,0.44,0.6,8.31,1171
datased:polyphonic:001171,S-0157,DataSED - DataSED - Dataset for Sound Event Detection of environmental noise/SED_wav/S-0157.wav,polyphonic,Bells,bells,34.12,41.32,0.65,0.79,7.2,1172
datased:polyphonic:001172,S-0157,DataSED - DataSED - Dataset for Sound Event Detection of environmental noise/SED_wav/S-0157.wav,polyphonic,Bells,bells,43.95,50.9,0.84,0.97,6.95,1173
datased:polyphonic:001173,S-0158,DataSED - DataSED - Dataset for Sound Event Detection of environmental noise/SED_wav/S-0158.wav,polyphonic,Bells,bells,0.62,9.05,0.01,0.14,8.43,1174
datased:polyphonic:001174,S-0158,DataSED - DataSED - Dataset for Sound Event Detection of environmental noise/SED_wav/S-0158.wav,polyphonic,Birds,birds,9.05,12.58,0.14,0.2,3.53,1175
datased:polyphonic:001175,S-0158,DataSED - DataSED - Dataset for Sound Event Detection of environmental noise/SED_wav/S-0158.wav,polyphonic,Bells,bells,12.69,20.52,0.2,0.33,7.82,1176
datased:polyphonic:001176,S-0158,DataSED - DataSED - Dataset for Sound Event Detection of environmental noise/SED_wav/S-0158.wav,polyphonic,Birds,birds,20.79,24.39,0.33,0.39,3.61,1177
datased:polyphonic:001177,S-0158,DataSED - DataSED - Dataset for Sound Event Detection of environmental noise/SED_wav/S-0158.wav,polyphonic,Bells,bells,24.36,32.33,0.39,0.52,7.98,1178
datased:polyphonic:001178,S-0158,DataSED - DataSED - Dataset for Sound Event Detection of environmental noise/SED_wav/S-0158.wav,polyphonic,Birds,birds,32.49,36.09,0.52,0.58,3.61,1179
datased:polyphonic:001179,S-0158,DataSED - DataSED - Dataset for Sound Event Detection of environmental noise/SED_wav/S-0158.wav,polyphonic,Bells,bells,36.13,55.24,0.58,0.88,19.11,1180
datased:polyphonic:001180,S-0158,DataSED - DataSED - Dataset for Sound Event Detection of environmental noise/SED_wav/S-0158.wav,polyphonic,Birds,birds,55.39,58.81,0.88,0.94,3.42,1181
datased:polyphonic:001181,S-0159,DataSED - DataSED - Dataset for Sound Event Detection of environmental noise/SED_wav/S-0159.wav,polyphonic,Bells,bells,2.02,3.35,0.08,0.13,1.33,1182
datased:polyphonic:001182,S-0159,DataSED - DataSED - Dataset for Sound Event Detection of environmental noise/SED_wav/S-0159.wav,polyphonic,Bells,bells,5.63,6.37,0.21,0.24,0.74,1183
datased:polyphonic:001183,S-0159,DataSED - DataSED - Dataset for Sound Event Detection of environmental noise/SED_wav/S-0159.wav,polyphonic,Bells,bells,10.21,13.73,0.39,0.52,3.51,1184
datased:polyphonic:001184,S-0160,DataSED - DataSED - Dataset for Sound Event Detection of environmental noise/SED_wav/S-0160.wav,polyphonic,Thunder fireworks and gunshot,thunder_fireworks_gunshot,2.54,4.31,0.02,0.04,1.78,1185
datased:polyphonic:001185,S-0160,DataSED - DataSED - Dataset for Sound Event Detection of environmental noise/SED_wav/S-0160.wav,polyphonic,Dog barkings and howlings,dog_barkings_and_howlings,4.46,14.17,0.04,0.12,9.71,1186
datased:polyphonic:001186,S-0160,DataSED - DataSED - Dataset for Sound Event Detection of environmental noise/SED_wav/S-0160.wav,polyphonic,Dog barkings and howlings,dog_barkings_and_howlings,19.44,34.26,0.16,0.28,14.83,1187
datased:polyphonic:001187,S-0160,DataSED - DataSED - Dataset for Sound Event Detection of environmental noise/SED_wav/S-0160.wav,polyphonic,Dog barkings and howlings,dog_barkings_and_howlings,40.42,61.54,0.33,0.5,21.13,1188
datased:polyphonic:001188,S-0160,DataSED - DataSED - Dataset for Sound Event Detection of environmental noise/SED_wav/S-0160.wav,polyphonic,Dog barkings and howlings,dog_barkings_and_howlings,68.74,82.52,0.56,0.67,13.79,1189
datased:polyphonic:001189,S-0160,DataSED - DataSED - Dataset for Sound Event Detection of environmental noise/SED_wav/S-0160.wav,polyphonic,Dog barkings and howlings,dog_barkings_and_howlings,88.97,95.05,0.73,0.78,6.08,1190
datased:polyphonic:001190,S-0160,DataSED - DataSED - Dataset for Sound Event Detection of environmental noise/SED_wav/S-0160.wav,polyphonic,Dog barkings and howlings,dog_barkings_and_howlings,101.58,117.59,0.83,0.96,16.01,1191
datased:polyphonic:001191,S-0161,DataSED - DataSED - Dataset for Sound Event Detection of environmental noise/SED_wav/S-0161.wav,polyphonic,Vehicle pass-by,vehicle_pass_by,3.26,39.86,0.03,0.33,36.61,1192
datased:polyphonic:001192,S-0161,DataSED - DataSED - Dataset for Sound Event Detection of environmental noise/SED_wav/S-0161.wav,polyphonic,Vehicle idling,vehicle_idling,6.93,24.8,0.06,0.21,17.87,1193
datased:polyphonic:001193,S-0161,DataSED - DataSED - Dataset for Sound Event Detection of environmental noise/SED_wav/S-0161.wav,polyphonic,Voices,voices,38.64,39.58,0.32,0.33,0.94,1194
datased:polyphonic:001194,S-0161,DataSED - DataSED - Dataset for Sound Event Detection of environmental noise/SED_wav/S-0161.wav,polyphonic,Vehicle pass-by,vehicle_pass_by,46.49,79.07,0.39,0.66,32.57,1195
datased:polyphonic:001195,S-0161,DataSED - DataSED - Dataset for Sound Event Detection of environmental noise/SED_wav/S-0161.wav,polyphonic,Vehicle idling,vehicle_idling,50.89,59.25,0.43,0.5,8.36,1196
datased:polyphonic:001196,S-0161,DataSED - DataSED - Dataset for Sound Event Detection of environmental noise/SED_wav/S-0161.wav,polyphonic,Vehicle idling,vehicle_idling,70.2,77.63,0.59,0.65,7.42,1197
datased:polyphonic:001197,S-0161,DataSED - DataSED - Dataset for Sound Event Detection of environmental noise/SED_wav/S-0161.wav,polyphonic,Vehicle pass-by,vehicle_pass_by,85.77,117.84,0.72,0.99,32.07,1198
datased:polyphonic:001198,S-0161,DataSED - DataSED - Dataset for Sound Event Detection of environmental noise/SED_wav/S-0161.wav,polyphonic,Horn,horn,90.88,92.25,0.76,0.77,1.37,1199
datased:polyphonic:001199,S-0161,DataSED - DataSED - Dataset for Sound Event Detection of environmental noise/SED_wav/S-0161.wav,polyphonic,Vehicle idling,vehicle_idling,91.32,116.54,0.77,0.98,25.22,1200
datased:polyphonic:001200,S-0161,DataSED - DataSED - Dataset for Sound Event Detection of environmental noise/SED_wav/S-0161.wav,polyphonic,Horn,horn,95.78,96.72,0.8,0.81,0.94,1201
datased:polyphonic:001201,S-0162,DataSED - DataSED - Dataset for Sound Event Detection of environmental noise/SED_wav/S-0162.wav,polyphonic,Voices,voices,1.41,5.38,0.01,0.04,3.96,1202
datased:polyphonic:001202,S-0162,DataSED - DataSED - Dataset for Sound Event Detection of environmental noise/SED_wav/S-0162.wav,polyphonic,Vehicle idling,vehicle_idling,5.77,17.26,0.04,0.13,11.49,1203
datased:polyphonic:001203,S-0162,DataSED - DataSED - Dataset for Sound Event Detection of environmental noise/SED_wav/S-0162.wav,polyphonic,Horn,horn,17.66,23.18,0.14,0.18,5.52,1204
datased:polyphonic:001204,S-0162,DataSED - DataSED - Dataset for Sound Event Detection of environmental noise/SED_wav/S-0162.wav,polyphonic,Voices,voices,24.03,28.7,0.19,0.22,4.66,1205
datased:polyphonic:001205,S-0162,DataSED - DataSED - Dataset for Sound Event Detection of environmental noise/SED_wav/S-0162.wav,polyphonic,Vehicle idling,vehicle_idling,36.7,77.19,0.29,0.6,40.49,1206
datased:polyphonic:001206,S-0162,DataSED - DataSED - Dataset for Sound Event Detection of environmental noise/SED_wav/S-0162.wav,polyphonic,Vehicle idling,vehicle_idling,83.72,108.21,0.65,0.84,24.48,1207
datased:polyphonic:001207,S-0162,DataSED - DataSED - Dataset for Sound Event Detection of environmental noise/SED_wav/S-0162.wav,polyphonic,Vehicle pass-by,vehicle_pass_by,108.13,125.46,0.84,0.98,17.33,1208
datased:polyphonic:001208,S-0163,DataSED - DataSED - Dataset for Sound Event Detection of environmental noise/SED_wav/S-0163.wav,polyphonic,Bells,bells,0.45,11.27,0.0,0.11,10.83,1209
datased:polyphonic:001209,S-0163,DataSED - DataSED - Dataset for Sound Event Detection of environmental noise/SED_wav/S-0163.wav,polyphonic,Bells,bells,13.87,23.89,0.14,0.23,10.02,1210
datased:polyphonic:001210,S-0163,DataSED - DataSED - Dataset for Sound Event Detection of environmental noise/SED_wav/S-0163.wav,polyphonic,Bells,bells,27.48,39.42,0.27,0.39,11.94,1211
datased:polyphonic:001211,S-0163,DataSED - DataSED - Dataset for Sound Event Detection of environmental noise/SED_wav/S-0163.wav,polyphonic,Bells,bells,41.28,47.53,0.4,0.46,6.25,1212
datased:polyphonic:001212,S-0163,DataSED - DataSED - Dataset for Sound Event Detection of environmental noise/SED_wav/S-0163.wav,polyphonic,Bells,bells,48.83,56.87,0.48,0.56,8.04,1213
datased:polyphonic:001213,S-0163,DataSED - DataSED - Dataset for Sound Event Detection of environmental noise/SED_wav/S-0163.wav,polyphonic,Bells,bells,61.51,69.18,0.6,0.68,7.67,1214
datased:polyphonic:001214,S-0163,DataSED - DataSED - Dataset for Sound Event Detection of environmental noise/SED_wav/S-0163.wav,polyphonic,Bells,bells,73.64,80.01,0.72,0.78,6.37,1215
datased:polyphonic:001215,S-0163,DataSED - DataSED - Dataset for Sound Event Detection of environmental noise/SED_wav/S-0163.wav,polyphonic,Bells,bells,84.59,95.66,0.83,0.94,11.07,1216
datased:polyphonic:001216,S-0164,DataSED - DataSED - Dataset for Sound Event Detection of environmental noise/SED_wav/S-0164.wav,polyphonic,Bells,bells,0.49,2.47,0.02,0.09,1.98,1217
datased:polyphonic:001217,S-0164,DataSED - DataSED - Dataset for Sound Event Detection of environmental noise/SED_wav/S-0164.wav,polyphonic,Bells,bells,2.95,4.91,0.1,0.17,1.96,1218
datased:polyphonic:001218,S-0164,DataSED - DataSED - Dataset for Sound Event Detection of environmental noise/SED_wav/S-0164.wav,polyphonic,Bells,bells,5.36,7.53,0.19,0.26,2.17,1219
datased:polyphonic:001219,S-0164,DataSED - DataSED - Dataset for Sound Event Detection of environmental noise/SED_wav/S-0164.wav,polyphonic,Bells,bells,7.79,10.04,0.27,0.35,2.25,1220
datased:polyphonic:001220,S-0164,DataSED - DataSED - Dataset for Sound Event Detection of environmental noise/SED_wav/S-0164.wav,polyphonic,Bells,bells,10.33,21.84,0.36,0.76,11.51,1221
datased:polyphonic:001221,S-0165,DataSED - DataSED - Dataset for Sound Event Detection of environmental noise/SED_wav/S-0165.wav,polyphonic,Propeller aircrafts,propeller_aircrafts,4.72,79.81,0.03,0.45,75.1,1222
datased:polyphonic:001222,S-0165,DataSED - DataSED - Dataset for Sound Event Detection of environmental noise/SED_wav/S-0165.wav,polyphonic,Propeller aircrafts,propeller_aircrafts,85.78,171.12,0.49,0.97,85.34,1223
datased:polyphonic:001223,S-0166,DataSED - DataSED - Dataset for Sound Event Detection of environmental noise/SED_wav/S-0166.wav,polyphonic,Cat fight and moans,cat_fights_and_moans,0.39,2.27,0.0,0.02,1.88,1224
datased:polyphonic:001224,S-0166,DataSED - DataSED - Dataset for Sound Event Detection of environmental noise/SED_wav/S-0166.wav,polyphonic,Cat fight and moans,cat_fights_and_moans,2.83,4.59,0.03,0.04,1.76,1225
datased:polyphonic:001225,S-0166,DataSED - DataSED - Dataset for Sound Event Detection of environmental noise/SED_wav/S-0166.wav,polyphonic,Cat fight and moans,cat_fights_and_moans,7.35,9.23,0.07,0.09,1.88,1226
datased:polyphonic:001226,S-0166,DataSED - DataSED - Dataset for Sound Event Detection of environmental noise/SED_wav/S-0166.wav,polyphonic,Cat fight and moans,cat_fights_and_moans,9.98,11.49,0.1,0.11,1.5,1227
datased:polyphonic:001227,S-0166,DataSED - DataSED - Dataset for Sound Event Detection of environmental noise/SED_wav/S-0166.wav,polyphonic,Cat fight and moans,cat_fights_and_moans,13.18,15.31,0.13,0.15,2.13,1228
datased:polyphonic:001228,S-0166,DataSED - DataSED - Dataset for Sound Event Detection of environmental noise/SED_wav/S-0166.wav,polyphonic,Cat fight and moans,cat_fights_and_moans,17.44,19.45,0.17,0.19,2.01,1229
datased:polyphonic:001229,S-0166,DataSED - DataSED - Dataset for Sound Event Detection of environmental noise/SED_wav/S-0166.wav,polyphonic,Cat fight and moans,cat_fights_and_moans,30.49,32.43,0.29,0.31,1.94,1230
datased:polyphonic:001230,S-0166,DataSED - DataSED - Dataset for Sound Event Detection of environmental noise/SED_wav/S-0166.wav,polyphonic,Cat fight and moans,cat_fights_and_moans,35.0,36.76,0.34,0.35,1.76,1231
datased:polyphonic:001231,S-0166,DataSED - DataSED - Dataset for Sound Event Detection of environmental noise/SED_wav/S-0166.wav,polyphonic,Cat fight and moans,cat_fights_and_moans,37.7,39.52,0.36,0.38,1.82,1232
datased:polyphonic:001232,S-0166,DataSED - DataSED - Dataset for Sound Event Detection of environmental noise/SED_wav/S-0166.wav,polyphonic,Cat fight and moans,cat_fights_and_moans,45.47,47.35,0.44,0.46,1.88,1233
datased:polyphonic:001233,S-0166,DataSED - DataSED - Dataset for Sound Event Detection of environmental noise/SED_wav/S-0166.wav,polyphonic,Cat fight and moans,cat_fights_and_moans,48.17,49.99,0.46,0.48,1.82,1234
datased:polyphonic:001234,S-0166,DataSED - DataSED - Dataset for Sound Event Detection of environmental noise/SED_wav/S-0166.wav,polyphonic,Cat fight and moans,cat_fights_and_moans,57.64,59.08,0.56,0.57,1.44,1235
datased:polyphonic:001235,S-0166,DataSED - DataSED - Dataset for Sound Event Detection of environmental noise/SED_wav/S-0166.wav,polyphonic,Cat fight and moans,cat_fights_and_moans,61.53,63.47,0.59,0.61,1.94,1236
datased:polyphonic:001236,S-0166,DataSED - DataSED - Dataset for Sound Event Detection of environmental noise/SED_wav/S-0166.wav,polyphonic,Cat fight and moans,cat_fights_and_moans,78.08,79.65,0.75,0.77,1.57,1237
datased:polyphonic:001237,S-0166,DataSED - DataSED - Dataset for Sound Event Detection of environmental noise/SED_wav/S-0166.wav,polyphonic,Cat fight and moans,cat_fights_and_moans,81.72,83.6,0.79,0.81,1.88,1238
datased:polyphonic:001238,S-0166,DataSED - DataSED - Dataset for Sound Event Detection of environmental noise/SED_wav/S-0166.wav,polyphonic,Cat fight and moans,cat_fights_and_moans,85.1,86.67,0.82,0.84,1.57,1239
datased:polyphonic:001239,S-0166,DataSED - DataSED - Dataset for Sound Event Detection of environmental noise/SED_wav/S-0166.wav,polyphonic,Cat fight and moans,cat_fights_and_moans,98.27,101.97,0.95,0.98,3.7,1240
datased:polyphonic:001240,S-0167,DataSED - DataSED - Dataset for Sound Event Detection of environmental noise/SED_wav/S-0167.wav,polyphonic,Jet aircrafts,jet_aircrafts,0.85,15.49,0.05,0.93,14.65,1241
datased:polyphonic:001241,S-0167,DataSED - DataSED - Dataset for Sound Event Detection of environmental noise/SED_wav/S-0167.wav,polyphonic,Cat fight and moans,cat_fights_and_moans,2.58,4.39,0.16,0.26,1.81,1242
datased:polyphonic:001242,S-0167,DataSED - DataSED - Dataset for Sound Event Detection of environmental noise/SED_wav/S-0167.wav,polyphonic,Cat fight and moans,cat_fights_and_moans,9.43,14.05,0.57,0.85,4.61,1243
datased:polyphonic:001243,S-0167,DataSED - DataSED - Dataset for Sound Event Detection of environmental noise/SED_wav/S-0167.wav,polyphonic,Birds,birds,15.49,16.61,0.93,1.0,1.12,1244
datased:polyphonic:001244,S-0168,DataSED - DataSED - Dataset for Sound Event Detection of environmental noise/SED_wav/S-0168.wav,polyphonic,Cat fight and moans,cat_fights_and_moans,0.65,4.61,0.01,0.08,3.96,1245
datased:polyphonic:001245,S-0168,DataSED - DataSED - Dataset for Sound Event Detection of environmental noise/SED_wav/S-0168.wav,polyphonic,Cat fight and moans,cat_fights_and_moans,6.81,19.83,0.11,0.33,13.02,1246
datased:polyphonic:001246,S-0168,DataSED - DataSED - Dataset for Sound Event Detection of environmental noise/SED_wav/S-0168.wav,polyphonic,Vehicle pass-by,vehicle_pass_by,19.97,25.98,0.34,0.44,6.01,1247
datased:polyphonic:001247,S-0168,DataSED - DataSED - Dataset for Sound Event Detection of environmental noise/SED_wav/S-0168.wav,polyphonic,Cat fight and moans,cat_fights_and_moans,26.09,43.42,0.44,0.73,17.34,1248
datased:polyphonic:001248,S-0168,DataSED - DataSED - Dataset for Sound Event Detection of environmental noise/SED_wav/S-0168.wav,polyphonic,Cat fight and moans,cat_fights_and_moans,46.8,54.18,0.79,0.91,7.37,1249
datased:polyphonic:001249,S-0169,DataSED - DataSED - Dataset for Sound Event Detection of environmental noise/SED_wav/S-0169.wav,polyphonic,Cat fight and moans,cat_fights_and_moans,1.17,5.86,0.05,0.27,4.7,1250
datased:polyphonic:001250,S-0169,DataSED - DataSED - Dataset for Sound Event Detection of environmental noise/SED_wav/S-0169.wav,polyphonic,Cat fight and moans,cat_fights_and_moans,9.53,14.12,0.44,0.65,4.59,1251
datased:polyphonic:001251,S-0169,DataSED - DataSED - Dataset for Sound Event Detection of environmental noise/SED_wav/S-0169.wav,polyphonic,Cat fight and moans,cat_fights_and_moans,15.68,17.96,0.72,0.82,2.28,1252
datased:polyphonic:001252,S-0169,DataSED - DataSED - Dataset for Sound Event Detection of environmental noise/SED_wav/S-0169.wav,polyphonic,Cat fight and moans,cat_fights_and_moans,19.37,21.17,0.89,0.97,1.8,1253
datased:polyphonic:001253,S-0170,DataSED - DataSED - Dataset for Sound Event Detection of environmental noise/SED_wav/S-0170.wav,polyphonic,Voices,voices,0.0,1.38,0.0,0.03,1.38,1254
datased:polyphonic:001254,S-0170,DataSED - DataSED - Dataset for Sound Event Detection of environmental noise/SED_wav/S-0170.wav,polyphonic,Cat fight and moans,cat_fights_and_moans,1.35,13.83,0.03,0.3,12.47,1255
datased:polyphonic:001255,S-0170,DataSED - DataSED - Dataset for Sound Event Detection of environmental noise/SED_wav/S-0170.wav,polyphonic,Cat fight and moans,cat_fights_and_moans,15.88,22.6,0.34,0.49,6.72,1256
datased:polyphonic:001256,S-0170,DataSED - DataSED - Dataset for Sound Event Detection of environmental noise/SED_wav/S-0170.wav,polyphonic,Cat fight and moans,cat_fights_and_moans,23.89,29.2,0.51,0.63,5.31,1257
datased:polyphonic:001257,S-0170,DataSED - DataSED - Dataset for Sound Event Detection of environmental noise/SED_wav/S-0170.wav,polyphonic,Cat fight and moans,cat_fights_and_moans,30.69,39.68,0.66,0.85,8.99,1258
datased:polyphonic:001258,S-0170,DataSED - DataSED - Dataset for Sound Event Detection of environmental noise/SED_wav/S-0170.wav,polyphonic,Cat fight and moans,cat_fights_and_moans,41.11,46.42,0.89,1.0,5.31,1259
datased:polyphonic:001259,S-0171,DataSED - DataSED - Dataset for Sound Event Detection of environmental noise/SED_wav/S-0171.wav,polyphonic,Cat fight and moans,cat_fights_and_moans,0.61,2.51,0.01,0.05,1.9,1260
datased:polyphonic:001260,S-0171,DataSED - DataSED - Dataset for Sound Event Detection of environmental noise/SED_wav/S-0171.wav,polyphonic,Cat fight and moans,cat_fights_and_moans,3.17,4.74,0.06,0.09,1.57,1261
datased:polyphonic:001261,S-0171,DataSED - DataSED - Dataset for Sound Event Detection of environmental noise/SED_wav/S-0171.wav,polyphonic,Cat fight and moans,cat_fights_and_moans,5.01,6.51,0.09,0.12,1.5,1262
datased:polyphonic:001262,S-0171,DataSED - DataSED - Dataset for Sound Event Detection of environmental noise/SED_wav/S-0171.wav,polyphonic,Cat fight and moans,cat_fights_and_moans,6.81,8.11,0.12,0.15,1.3,1263
datased:polyphonic:001263,S-0171,DataSED - DataSED - Dataset for Sound Event Detection of environmental noise/SED_wav/S-0171.wav,polyphonic,Cat fight and moans,cat_fights_and_moans,8.41,9.9,0.15,0.18,1.5,1264
datased:polyphonic:001264,S-0171,DataSED - DataSED - Dataset for Sound Event Detection of environmental noise/SED_wav/S-0171.wav,polyphonic,Cat fight and moans,cat_fights_and_moans,11.04,12.87,0.2,0.23,1.83,1265
datased:polyphonic:001265,S-0171,DataSED - DataSED - Dataset for Sound Event Detection of environmental noise/SED_wav/S-0171.wav,polyphonic,Cat fight and moans,cat_fights_and_moans,14.1,17.87,0.26,0.32,3.77,1266
datased:polyphonic:001266,S-0171,DataSED - DataSED - Dataset for Sound Event Detection of environmental noise/SED_wav/S-0171.wav,polyphonic,Cat fight and moans,cat_fights_and_moans,24.37,26.34,0.44,0.48,1.97,1267
datased:polyphonic:001267,S-0171,DataSED - DataSED - Dataset for Sound Event Detection of environmental noise/SED_wav/S-0171.wav,polyphonic,Cat fight and moans,cat_fights_and_moans,26.6,32.6,0.48,0.59,6.0,1268
datased:polyphonic:001268,S-0171,DataSED - DataSED - Dataset for Sound Event Detection of environmental noise/SED_wav/S-0171.wav,polyphonic,Cat fight and moans,cat_fights_and_moans,36.17,38.83,0.66,0.71,2.67,1269
datased:polyphonic:001269,S-0171,DataSED - DataSED - Dataset for Sound Event Detection of environmental noise/SED_wav/S-0171.wav,polyphonic,Cat fight and moans,cat_fights_and_moans,41.73,43.53,0.76,0.79,1.8,1270
datased:polyphonic:001270,S-0171,DataSED - DataSED - Dataset for Sound Event Detection of environmental noise/SED_wav/S-0171.wav,polyphonic,Cat fight and moans,cat_fights_and_moans,44.3,48.06,0.8,0.87,3.77,1271
datased:polyphonic:001271,S-0171,DataSED - DataSED - Dataset for Sound Event Detection of environmental noise/SED_wav/S-0171.wav,polyphonic,Cat fight and moans,cat_fights_and_moans,48.56,53.3,0.88,0.97,4.73,1272
datased:polyphonic:001272,S-0172,DataSED - DataSED - Dataset for Sound Event Detection of environmental noise/SED_wav/S-0172.wav,polyphonic,Cicadas and crickets,cicadas_and_crickets,0.67,32.4,0.0,0.12,31.73,1273
datased:polyphonic:001273,S-0172,DataSED - DataSED - Dataset for Sound Event Detection of environmental noise/SED_wav/S-0172.wav,polyphonic,Cicadas and crickets,cicadas_and_crickets,44.04,90.12,0.17,0.34,46.08,1274
datased:polyphonic:001274,S-0172,DataSED - DataSED - Dataset for Sound Event Detection of environmental noise/SED_wav/S-0172.wav,polyphonic,Cicadas and crickets,cicadas_and_crickets,96.66,159.48,0.37,0.61,62.82,1275
datased:polyphonic:001275,S-0172,DataSED - DataSED - Dataset for Sound Event Detection of environmental noise/SED_wav/S-0172.wav,polyphonic,Cicadas and crickets,cicadas_and_crickets,166.81,213.85,0.63,0.81,47.04,1276
datased:polyphonic:001276,S-0172,DataSED - DataSED - Dataset for Sound Event Detection of environmental noise/SED_wav/S-0172.wav,polyphonic,Cicadas and crickets,cicadas_and_crickets,225.01,259.77,0.85,0.99,34.76,1277
datased:polyphonic:001277,S-0173,DataSED - DataSED - Dataset for Sound Event Detection of environmental noise/SED_wav/S-0173.wav,polyphonic,Cicadas and crickets,cicadas_and_crickets,0.0,43.5,0.0,1.0,43.5,1278
datased:polyphonic:001278,S-0173,DataSED - DataSED - Dataset for Sound Event Detection of environmental noise/SED_wav/S-0173.wav,polyphonic,Dog barkings and howlings,dog_barkings_and_howlings,5.34,7.18,0.12,0.16,1.85,1279
datased:polyphonic:001279,S-0173,DataSED - DataSED - Dataset for Sound Event Detection of environmental noise/SED_wav/S-0173.wav,polyphonic,Dog barkings and howlings,dog_barkings_and_howlings,7.68,8.95,0.18,0.21,1.27,1280
datased:polyphonic:001280,S-0173,DataSED - DataSED - Dataset for Sound Event Detection of environmental noise/SED_wav/S-0173.wav,polyphonic,Dog barkings and howlings,dog_barkings_and_howlings,12.01,12.78,0.28,0.29,0.77,1281
datased:polyphonic:001281,S-0173,DataSED - DataSED - Dataset for Sound Event Detection of environmental noise/SED_wav/S-0173.wav,polyphonic,Dog barkings and howlings,dog_barkings_and_howlings,20.22,21.17,0.46,0.49,0.95,1282
datased:polyphonic:001282,S-0173,DataSED - DataSED - Dataset for Sound Event Detection of environmental noise/SED_wav/S-0173.wav,polyphonic,Dog barkings and howlings,dog_barkings_and_howlings,30.88,31.57,0.71,0.72,0.69,1283
datased:polyphonic:001283,S-0173,DataSED - DataSED - Dataset for Sound Event Detection of environmental noise/SED_wav/S-0173.wav,polyphonic,Dog barkings and howlings,dog_barkings_and_howlings,33.02,33.7,0.76,0.77,0.69,1284
datased:polyphonic:001284,S-0173,DataSED - DataSED - Dataset for Sound Event Detection of environmental noise/SED_wav/S-0173.wav,polyphonic,Dog barkings and howlings,dog_barkings_and_howlings,35.68,36.85,0.82,0.85,1.16,1285
datased:polyphonic:001285,S-0173,DataSED - DataSED - Dataset for Sound Event Detection of environmental noise/SED_wav/S-0173.wav,polyphonic,Dog barkings and howlings,dog_barkings_and_howlings,37.48,38.51,0.86,0.88,1.03,1286
datased:polyphonic:001286,S-0174,DataSED - DataSED - Dataset for Sound Event Detection of environmental noise/SED_wav/S-0174.wav,polyphonic,Cicadas and crickets,cicadas_and_crickets,0.35,40.7,0.01,1.0,40.35,1287
datased:polyphonic:001287,S-0174,DataSED - DataSED - Dataset for Sound Event Detection of environmental noise/SED_wav/S-0174.wav,polyphonic,Vehicle pass-by,vehicle_pass_by,4.55,32.77,0.11,0.8,28.22,1288
datased:polyphonic:001288,S-0174,DataSED - DataSED - Dataset for Sound Event Detection of environmental noise/SED_wav/S-0174.wav,polyphonic,Vehicle pass-by,vehicle_pass_by,35.31,40.8,0.87,1.0,5.48,1289
datased:polyphonic:001289,S-0175,DataSED - DataSED - Dataset for Sound Event Detection of environmental noise/SED_wav/S-0175.wav,polyphonic,Cat fight and moans,cat_fights_and_moans,0.16,2.72,0.02,0.31,2.56,1290
datased:polyphonic:001290,S-0175,DataSED - DataSED - Dataset for Sound Event Detection of environmental noise/SED_wav/S-0175.wav,polyphonic,Cat fight and moans,cat_fights_and_moans,3.24,4.74,0.36,0.53,1.5,1291
datased:polyphonic:001291,S-0175,DataSED - DataSED - Dataset for Sound Event Detection of environmental noise/SED_wav/S-0175.wav,polyphonic,Cat fight and moans,cat_fights_and_moans,5.77,8.64,0.65,0.97,2.87,1292
datased:polyphonic:001292,S-0176,DataSED - DataSED - Dataset for Sound Event Detection of environmental noise/SED_wav/S-0176.wav,polyphonic,Cat fight and moans,cat_fights_and_moans,0.89,4.55,0.04,0.23,3.66,1293
datased:polyphonic:001293,S-0176,DataSED - DataSED - Dataset for Sound Event Detection of environmental noise/SED_wav/S-0176.wav,polyphonic,Cat fight and moans,cat_fights_and_moans,8.79,16.24,0.44,0.82,7.44,1294
datased:polyphonic:001294,S-0177,DataSED - DataSED - Dataset for Sound Event Detection of environmental noise/SED_wav/S-0177.wav,polyphonic,Dog barkings and howlings,dog_barkings_and_howlings,5.25,7.54,0.09,0.13,2.29,1295
datased:polyphonic:001295,S-0177,DataSED - DataSED - Dataset for Sound Event Detection of environmental noise/SED_wav/S-0177.wav,polyphonic,Dog barkings and howlings,dog_barkings_and_howlings,9.31,9.9,0.16,0.17,0.59,1296
datased:polyphonic:001296,S-0177,DataSED - DataSED - Dataset for Sound Event Detection of environmental noise/SED_wav/S-0177.wav,polyphonic,Cat fight and moans,cat_fights_and_moans,11.57,21.78,0.2,0.38,10.21,1297
datased:polyphonic:001297,S-0177,DataSED - DataSED - Dataset for Sound Event Detection of environmental noise/SED_wav/S-0177.wav,polyphonic,Dog barkings and howlings,dog_barkings_and_howlings,18.24,18.65,0.32,0.33,0.42,1298
datased:polyphonic:001298,S-0177,DataSED - DataSED - Dataset for Sound Event Detection of environmental noise/SED_wav/S-0177.wav,polyphonic,Dog barkings and howlings,dog_barkings_and_howlings,24.94,25.8,0.43,0.45,0.87,1299
datased:polyphonic:001299,S-0177,DataSED - DataSED - Dataset for Sound Event Detection of environmental noise/SED_wav/S-0177.wav,polyphonic,Dog barkings and howlings,dog_barkings_and_howlings,28.55,30.7,0.5,0.54,2.15,1300
datased:polyphonic:001300,S-0177,DataSED - DataSED - Dataset for Sound Event Detection of environmental noise/SED_wav/S-0177.wav,polyphonic,Dog barkings and howlings,dog_barkings_and_howlings,38.37,39.76,0.67,0.69,1.39,1301
datased:polyphonic:001301,S-0177,DataSED - DataSED - Dataset for Sound Event Detection of environmental noise/SED_wav/S-0177.wav,polyphonic,Cat fight and moans,cat_fights_and_moans,40.11,42.96,0.7,0.75,2.85,1302
datased:polyphonic:001302,S-0177,DataSED - DataSED - Dataset for Sound Event Detection of environmental noise/SED_wav/S-0177.wav,polyphonic,Dog barkings and howlings,dog_barkings_and_howlings,45.35,47.57,0.79,0.83,2.22,1303
datased:polyphonic:001303,S-0177,DataSED - DataSED - Dataset for Sound Event Detection of environmental noise/SED_wav/S-0177.wav,polyphonic,Dog barkings and howlings,dog_barkings_and_howlings,53.44,54.55,0.93,0.95,1.11,1304
datased:polyphonic:001304,S-0178,DataSED - DataSED - Dataset for Sound Event Detection of environmental noise/SED_wav/S-0178.wav,polyphonic,Bells,bells,1.58,4.84,0.1,0.29,3.26,1305
datased:polyphonic:001305,S-0178,DataSED - DataSED - Dataset for Sound Event Detection of environmental noise/SED_wav/S-0178.wav,polyphonic,Bells,bells,4.94,8.75,0.3,0.53,3.81,1306
datased:polyphonic:001306,S-0178,DataSED - DataSED - Dataset for Sound Event Detection of environmental noise/SED_wav/S-0178.wav,polyphonic,Bells,bells,10.31,13.47,0.63,0.82,3.16,1307
datased:polyphonic:001307,S-0179,DataSED - DataSED - Dataset for Sound Event Detection of environmental noise/SED_wav/S-0179.wav,polyphonic,Lawn mower brush cutter and olive shaker,lawn_mower_brush_cutter_olive_shaker,1.27,14.9,0.02,0.21,13.63,1308
datased:polyphonic:001308,S-0179,DataSED - DataSED - Dataset for Sound Event Detection of environmental noise/SED_wav/S-0179.wav,polyphonic,Lawn mower brush cutter and olive shaker,lawn_mower_brush_cutter_olive_shaker,19.09,35.71,0.28,0.52,16.61,1309
datased:polyphonic:001309,S-0179,DataSED - DataSED - Dataset for Sound Event Detection of environmental noise/SED_wav/S-0179.wav,polyphonic,Lawn mower brush cutter and olive shaker,lawn_mower_brush_cutter_olive_shaker,40.95,52.23,0.59,0.75,11.28,1310
datased:polyphonic:001310,S-0179,DataSED - DataSED - Dataset for Sound Event Detection of environmental noise/SED_wav/S-0179.wav,polyphonic,Lawn mower brush cutter and olive shaker,lawn_mower_brush_cutter_olive_shaker,55.17,65.03,0.8,0.94,9.86,1311
datased:polyphonic:001311,S-0180,DataSED - DataSED - Dataset for Sound Event Detection of environmental noise/SED_wav/S-0180.wav,polyphonic,Lawn mower brush cutter and olive shaker,lawn_mower_brush_cutter_olive_shaker,0.71,9.62,0.05,0.71,8.91,1312
datased:polyphonic:001312,S-0181,DataSED - DataSED - Dataset for Sound Event Detection of environmental noise/SED_wav/S-0181.wav,polyphonic,Lawn mower brush cutter and olive shaker,lawn_mower_brush_cutter_olive_shaker,0.75,10.9,0.05,0.74,10.15,1313
datased:polyphonic:001313,S-0182,DataSED - DataSED - Dataset for Sound Event Detection of environmental noise/SED_wav/S-0182.wav,polyphonic,Vehicle idling,vehicle_idling,4.94,9.48,0.05,0.1,4.53,1314
datased:polyphonic:001314,S-0182,DataSED - DataSED - Dataset for Sound Event Detection of environmental noise/SED_wav/S-0182.wav,polyphonic,Glass breaking,glass_breaking,15.31,24.1,0.16,0.26,8.78,1315
datased:polyphonic:001315,S-0182,DataSED - DataSED - Dataset for Sound Event Detection of environmental noise/SED_wav/S-0182.wav,polyphonic,Sirens and alarms,sirens_and_alarms,24.38,30.67,0.26,0.33,6.29,1316
datased:polyphonic:001316,S-0182,DataSED - DataSED - Dataset for Sound Event Detection of environmental noise/SED_wav/S-0182.wav,polyphonic,Glass breaking,glass_breaking,41.35,58.89,0.44,0.63,17.54,1317
datased:polyphonic:001317,S-0182,DataSED - DataSED - Dataset for Sound Event Detection of environmental noise/SED_wav/S-0182.wav,polyphonic,Vehicle idling,vehicle_idling,44.1,48.86,0.47,0.52,4.76,1318
datased:polyphonic:001318,S-0182,DataSED - DataSED - Dataset for Sound Event Detection of environmental noise/SED_wav/S-0182.wav,polyphonic,Sirens and alarms,sirens_and_alarms,59.69,64.45,0.64,0.69,4.76,1319
datased:polyphonic:001319,S-0182,DataSED - DataSED - Dataset for Sound Event Detection of environmental noise/SED_wav/S-0182.wav,polyphonic,Vehicle idling,vehicle_idling,70.96,75.61,0.76,0.81,4.65,1320
datased:polyphonic:001320,S-0182,DataSED - DataSED - Dataset for Sound Event Detection of environmental noise/SED_wav/S-0182.wav,polyphonic,Glass breaking,glass_breaking,76.97,86.21,0.82,0.92,9.24,1321
datased:polyphonic:001321,S-0182,DataSED - DataSED - Dataset for Sound Event Detection of environmental noise/SED_wav/S-0182.wav,polyphonic,Sirens and alarms,sirens_and_alarms,86.21,93.63,0.92,1.0,7.42,1322
datased:polyphonic:001322,S-0183,DataSED - DataSED - Dataset for Sound Event Detection of environmental noise/SED_wav/S-0183.wav,polyphonic,Propeller aircrafts,propeller_aircrafts,5.59,43.64,0.02,0.18,38.05,1323
datased:polyphonic:001323,S-0183,DataSED - DataSED - Dataset for Sound Event Detection of environmental noise/SED_wav/S-0183.wav,polyphonic,Propeller aircrafts,propeller_aircrafts,49.05,113.82,0.2,0.47,64.77,1324
datased:polyphonic:001324,S-0183,DataSED - DataSED - Dataset for Sound Event Detection of environmental noise/SED_wav/S-0183.wav,polyphonic,Propeller aircrafts,propeller_aircrafts,124.27,151.78,0.51,0.63,27.51,1325
datased:polyphonic:001325,S-0183,DataSED - DataSED - Dataset for Sound Event Detection of environmental noise/SED_wav/S-0183.wav,polyphonic,Propeller aircrafts,propeller_aircrafts,152.08,173.88,0.63,0.72,21.8,1326
datased:polyphonic:001326,S-0183,DataSED - DataSED - Dataset for Sound Event Detection of environmental noise/SED_wav/S-0183.wav,polyphonic,Propeller aircrafts,propeller_aircrafts,175.64,197.44,0.73,0.82,21.8,1327
datased:polyphonic:001327,S-0183,DataSED - DataSED - Dataset for Sound Event Detection of environmental noise/SED_wav/S-0183.wav,polyphonic,Propeller aircrafts,propeller_aircrafts,202.27,236.37,0.84,0.98,34.1,1328
datased:polyphonic:001328,S-0184,DataSED - DataSED - Dataset for Sound Event Detection of environmental noise/SED_wav/S-0184.wav,polyphonic,Propeller aircrafts,propeller_aircrafts,1.57,53.77,0.01,0.34,52.2,1329
datased:polyphonic:001329,S-0184,DataSED - DataSED - Dataset for Sound Event Detection of environmental noise/SED_wav/S-0184.wav,polyphonic,Propeller aircrafts,propeller_aircrafts,61.79,97.66,0.39,0.61,35.87,1330
datased:polyphonic:001330,S-0184,DataSED - DataSED - Dataset for Sound Event Detection of environmental noise/SED_wav/S-0184.wav,polyphonic,Propeller aircrafts,propeller_aircrafts,104.43,152.38,0.65,0.95,47.95,1331
datased:polyphonic:001331,S-0185,DataSED - DataSED - Dataset for Sound Event Detection of environmental noise/SED_wav/S-0185.wav,polyphonic,Vehicle pass-by,vehicle_pass_by,2.82,23.41,0.02,0.18,20.59,1332
datased:polyphonic:001332,S-0185,DataSED - DataSED - Dataset for Sound Event Detection of environmental noise/SED_wav/S-0185.wav,polyphonic,Propeller aircrafts,propeller_aircrafts,13.95,19.79,0.11,0.15,5.84,1333
datased:polyphonic:001333,S-0185,DataSED - DataSED - Dataset for Sound Event Detection of environmental noise/SED_wav/S-0185.wav,polyphonic,Vehicle idling,vehicle_idling,21.66,24.62,0.17,0.19,2.96,1334
datased:polyphonic:001334,S-0185,DataSED - DataSED - Dataset for Sound Event Detection of environmental noise/SED_wav/S-0185.wav,polyphonic,Vehicle pass-by,vehicle_pass_by,23.45,27.34,0.18,0.21,3.89,1335
datased:polyphonic:001335,S-0185,DataSED - DataSED - Dataset for Sound Event Detection of environmental noise/SED_wav/S-0185.wav,polyphonic,Vehicle pass-by,vehicle_pass_by,28.36,35.21,0.22,0.27,6.85,1336
datased:polyphonic:001336,S-0185,DataSED - DataSED - Dataset for Sound Event Detection of environmental noise/SED_wav/S-0185.wav,polyphonic,Vehicle pass-by,vehicle_pass_by,36.69,42.92,0.29,0.33,6.23,1337
datased:polyphonic:001337,S-0185,DataSED - DataSED - Dataset for Sound Event Detection of environmental noise/SED_wav/S-0185.wav,polyphonic,Vehicle pass-by,vehicle_pass_by,44.63,53.27,0.35,0.41,8.64,1338
datased:polyphonic:001338,S-0185,DataSED - DataSED - Dataset for Sound Event Detection of environmental noise/SED_wav/S-0185.wav,polyphonic,Vehicle pass-by,vehicle_pass_by,53.58,66.35,0.42,0.52,12.77,1339
datased:polyphonic:001339,S-0185,DataSED - DataSED - Dataset for Sound Event Detection of environmental noise/SED_wav/S-0185.wav,polyphonic,Vehicle pass-by,vehicle_pass_by,72.19,89.63,0.56,0.7,17.44,1340
datased:polyphonic:001340,S-0185,DataSED - DataSED - Dataset for Sound Event Detection of environmental noise/SED_wav/S-0185.wav,polyphonic,Vehicle idling,vehicle_idling,89.71,96.56,0.7,0.75,6.85,1341
datased:polyphonic:001341,S-0185,DataSED - DataSED - Dataset for Sound Event Detection of environmental noise/SED_wav/S-0185.wav,polyphonic,Vehicle pass-by,vehicle_pass_by,92.98,98.12,0.72,0.76,5.14,1342
datased:polyphonic:001342,S-0185,DataSED - DataSED - Dataset for Sound Event Detection of environmental noise/SED_wav/S-0185.wav,polyphonic,Vehicle pass-by,vehicle_pass_by,98.35,100.84,0.76,0.78,2.49,1343
datased:polyphonic:001343,S-0185,DataSED - DataSED - Dataset for Sound Event Detection of environmental noise/SED_wav/S-0185.wav,polyphonic,Vehicle pass-by,vehicle_pass_by,103.18,106.37,0.8,0.83,3.19,1344
datased:polyphonic:001344,S-0185,DataSED - DataSED - Dataset for Sound Event Detection of environmental noise/SED_wav/S-0185.wav,polyphonic,Vehicle pass-by,vehicle_pass_by,108.24,123.03,0.84,0.96,14.79,1345
datased:polyphonic:001345,S-0185,DataSED - DataSED - Dataset for Sound Event Detection of environmental noise/SED_wav/S-0185.wav,polyphonic,Vehicle idling,vehicle_idling,111.43,120.78,0.87,0.94,9.34,1346
datased:polyphonic:001346,S-0186,DataSED - DataSED - Dataset for Sound Event Detection of environmental noise/SED_wav/S-0186.wav,polyphonic,Voices,voices,0.92,3.76,0.01,0.03,2.84,1347
datased:polyphonic:001347,S-0186,DataSED - DataSED - Dataset for Sound Event Detection of environmental noise/SED_wav/S-0186.wav,polyphonic,Vehicle pass-by,vehicle_pass_by,5.35,9.24,0.05,0.08,3.88,1348
datased:polyphonic:001348,S-0186,DataSED - DataSED - Dataset for Sound Event Detection of environmental noise/SED_wav/S-0186.wav,polyphonic,Vehicle pass-by,vehicle_pass_by,9.51,13.12,0.08,0.11,3.61,1349
datased:polyphonic:001349,S-0186,DataSED - DataSED - Dataset for Sound Event Detection of environmental noise/SED_wav/S-0186.wav,polyphonic,Vehicle pass-by,vehicle_pass_by,13.19,17.9,0.12,0.16,4.71,1350
datased:polyphonic:001350,S-0186,DataSED - DataSED - Dataset for Sound Event Detection of environmental noise/SED_wav/S-0186.wav,polyphonic,Vehicle pass-by,vehicle_pass_by,18.32,20.33,0.16,0.18,2.01,1351
datased:polyphonic:001351,S-0186,DataSED - DataSED - Dataset for Sound Event Detection of environmental noise/SED_wav/S-0186.wav,polyphonic,Vehicle pass-by,vehicle_pass_by,20.95,24.07,0.18,0.21,3.12,1352
datased:polyphonic:001352,S-0186,DataSED - DataSED - Dataset for Sound Event Detection of environmental noise/SED_wav/S-0186.wav,polyphonic,Horn,horn,28.44,29.97,0.25,0.26,1.53,1353
datased:polyphonic:001353,S-0186,DataSED - DataSED - Dataset for Sound Event Detection of environmental noise/SED_wav/S-0186.wav,polyphonic,Vehicle pass-by,vehicle_pass_by,30.87,44.81,0.27,0.39,13.94,1354
datased:polyphonic:001354,S-0186,DataSED - DataSED - Dataset for Sound Event Detection of environmental noise/SED_wav/S-0186.wav,polyphonic,Vehicle idling,vehicle_idling,46.12,60.2,0.4,0.53,14.08,1355
datased:polyphonic:001355,S-0186,DataSED - DataSED - Dataset for Sound Event Detection of environmental noise/SED_wav/S-0186.wav,polyphonic,Vehicle pass-by,vehicle_pass_by,46.47,51.19,0.41,0.45,4.71,1356
datased:polyphonic:001356,S-0186,DataSED - DataSED - Dataset for Sound Event Detection of environmental noise/SED_wav/S-0186.wav,polyphonic,Vehicle pass-by,vehicle_pass_by,62.9,66.86,0.55,0.58,3.95,1357
datased:polyphonic:001357,S-0186,DataSED - DataSED - Dataset for Sound Event Detection of environmental noise/SED_wav/S-0186.wav,polyphonic,Vehicle pass-by,vehicle_pass_by,70.53,76.7,0.62,0.67,6.17,1358
datased:polyphonic:001358,S-0186,DataSED - DataSED - Dataset for Sound Event Detection of environmental noise/SED_wav/S-0186.wav,polyphonic,Vehicle pass-by,vehicle_pass_by,78.85,92.72,0.69,0.81,13.87,1359
datased:polyphonic:001359,S-0186,DataSED - DataSED - Dataset for Sound Event Detection of environmental noise/SED_wav/S-0186.wav,polyphonic,Vehicle pass-by,vehicle_pass_by,95.42,100.69,0.83,0.88,5.27,1360
datased:polyphonic:001360,S-0186,DataSED - DataSED - Dataset for Sound Event Detection of environmental noise/SED_wav/S-0186.wav,polyphonic,Vehicle pass-by,vehicle_pass_by,104.58,114.14,0.91,1.0,9.57,1361
datased:polyphonic:001361,S-0187,DataSED - DataSED - Dataset for Sound Event Detection of environmental noise/SED_wav/S-0187.wav,polyphonic,Glass breaking,glass_breaking,0.14,3.27,0.0,0.11,3.13,1362
datased:polyphonic:001362,S-0187,DataSED - DataSED - Dataset for Sound Event Detection of environmental noise/SED_wav/S-0187.wav,polyphonic,Glass breaking,glass_breaking,4.48,7.06,0.16,0.24,2.59,1363
datased:polyphonic:001363,S-0187,DataSED - DataSED - Dataset for Sound Event Detection of environmental noise/SED_wav/S-0187.wav,polyphonic,Glass breaking,glass_breaking,8.69,11.03,0.3,0.38,2.34,1364
datased:polyphonic:001364,S-0187,DataSED - DataSED - Dataset for Sound Event Detection of environmental noise/SED_wav/S-0187.wav,polyphonic,Glass breaking,glass_breaking,12.25,16.02,0.42,0.56,3.77,1365
datased:polyphonic:001365,S-0187,DataSED - DataSED - Dataset for Sound Event Detection of environmental noise/SED_wav/S-0187.wav,polyphonic,Glass breaking,glass_breaking,17.89,19.88,0.62,0.69,1.99,1366
datased:polyphonic:001366,S-0187,DataSED - DataSED - Dataset for Sound Event Detection of environmental noise/SED_wav/S-0187.wav,polyphonic,Glass breaking,glass_breaking,21.3,24.08,0.74,0.83,2.78,1367
datased:polyphonic:001367,S-0188,DataSED - DataSED - Dataset for Sound Event Detection of environmental noise/SED_wav/S-0188.wav,polyphonic,Glass breaking,glass_breaking,0.18,4.69,0.0,0.13,4.51,1368
datased:polyphonic:001368,S-0188,DataSED - DataSED - Dataset for Sound Event Detection of environmental noise/SED_wav/S-0188.wav,polyphonic,Glass breaking,glass_breaking,6.88,11.06,0.19,0.31,4.18,1369
datased:polyphonic:001369,S-0188,DataSED - DataSED - Dataset for Sound Event Detection of environmental noise/SED_wav/S-0188.wav,polyphonic,Glass breaking,glass_breaking,12.06,15.77,0.34,0.44,3.71,1370
datased:polyphonic:001370,S-0188,DataSED - DataSED - Dataset for Sound Event Detection of environmental noise/SED_wav/S-0188.wav,polyphonic,Glass breaking,glass_breaking,17.22,21.01,0.48,0.59,3.79,1371
datased:polyphonic:001371,S-0188,DataSED - DataSED - Dataset for Sound Event Detection of environmental noise/SED_wav/S-0188.wav,polyphonic,Glass breaking,glass_breaking,22.03,26.13,0.62,0.73,4.1,1372
datased:polyphonic:001372,S-0188,DataSED - DataSED - Dataset for Sound Event Detection of environmental noise/SED_wav/S-0188.wav,polyphonic,Glass breaking,glass_breaking,27.24,30.14,0.76,0.84,2.91,1373
datased:polyphonic:001373,S-0189,DataSED - DataSED - Dataset for Sound Event Detection of environmental noise/SED_wav/S-0189.wav,polyphonic,Birds,birds,0.64,3.27,0.01,0.03,2.63,1374
datased:polyphonic:001374,S-0189,DataSED - DataSED - Dataset for Sound Event Detection of environmental noise/SED_wav/S-0189.wav,polyphonic,Birds,birds,7.96,12.22,0.08,0.12,4.26,1375
datased:polyphonic:001375,S-0189,DataSED - DataSED - Dataset for Sound Event Detection of environmental noise/SED_wav/S-0189.wav,polyphonic,Birds,birds,17.61,20.67,0.17,0.2,3.07,1376
datased:polyphonic:001376,S-0189,DataSED - DataSED - Dataset for Sound Event Detection of environmental noise/SED_wav/S-0189.wav,polyphonic,Birds,birds,24.81,28.81,0.24,0.28,4.01,1377
datased:polyphonic:001377,S-0189,DataSED - DataSED - Dataset for Sound Event Detection of environmental noise/SED_wav/S-0189.wav,polyphonic,Birds,birds,33.82,38.27,0.33,0.37,4.45,1378
datased:polyphonic:001378,S-0189,DataSED - DataSED - Dataset for Sound Event Detection of environmental noise/SED_wav/S-0189.wav,polyphonic,Birds,birds,46.78,50.04,0.45,0.48,3.26,1379
datased:polyphonic:001379,S-0189,DataSED - DataSED - Dataset for Sound Event Detection of environmental noise/SED_wav/S-0189.wav,polyphonic,Birds,birds,56.92,61.68,0.55,0.6,4.76,1380
datased:polyphonic:001380,S-0189,DataSED - DataSED - Dataset for Sound Event Detection of environmental noise/SED_wav/S-0189.wav,polyphonic,Birds,birds,67.69,71.89,0.65,0.69,4.19,1381
datased:polyphonic:001381,S-0189,DataSED - DataSED - Dataset for Sound Event Detection of environmental noise/SED_wav/S-0189.wav,polyphonic,Birds,birds,77.08,82.78,0.75,0.8,5.7,1382
datased:polyphonic:001382,S-0189,DataSED - DataSED - Dataset for Sound Event Detection of environmental noise/SED_wav/S-0189.wav,polyphonic,Birds,birds,87.29,91.73,0.84,0.89,4.45,1383
datased:polyphonic:001383,S-0189,DataSED - DataSED - Dataset for Sound Event Detection of environmental noise/SED_wav/S-0189.wav,polyphonic,Birds,birds,96.37,101.88,0.93,0.98,5.51,1384
datased:polyphonic:001384,S-0190,DataSED - DataSED - Dataset for Sound Event Detection of environmental noise/SED_wav/S-0190.wav,polyphonic,Music,music,7.22,50.6,0.05,0.34,43.38,1385
datased:polyphonic:001385,S-0190,DataSED - DataSED - Dataset for Sound Event Detection of environmental noise/SED_wav/S-0190.wav,polyphonic,Music,music,59.96,82.1,0.4,0.55,22.14,1386
datased:polyphonic:001386,S-0190,DataSED - DataSED - Dataset for Sound Event Detection of environmental noise/SED_wav/S-0190.wav,polyphonic,Music,music,92.63,140.7,0.62,0.95,48.06,1387
datased:polyphonic:001387,S-0190,DataSED - DataSED - Dataset for Sound Event Detection of environmental noise/SED_wav/S-0190.wav,polyphonic,Vehicle pass-by,vehicle_pass_by,107.85,110.64,0.73,0.74,2.79,1388
datased:polyphonic:001388,S-0191,DataSED - DataSED - Dataset for Sound Event Detection of environmental noise/SED_wav/S-0191.wav,polyphonic,Music,music,3.58,36.51,0.02,0.19,32.93,1389
datased:polyphonic:001389,S-0191,DataSED - DataSED - Dataset for Sound Event Detection of environmental noise/SED_wav/S-0191.wav,polyphonic,Music,music,45.98,72.99,0.23,0.37,27.01,1390
datased:polyphonic:001390,S-0191,DataSED - DataSED - Dataset for Sound Event Detection of environmental noise/SED_wav/S-0191.wav,polyphonic,Music,music,82.94,117.41,0.42,0.6,34.47,1391
datased:polyphonic:001391,S-0191,DataSED - DataSED - Dataset for Sound Event Detection of environmental noise/SED_wav/S-0191.wav,polyphonic,Music,music,127.12,146.67,0.65,0.75,19.54,1392
datased:polyphonic:001392,S-0191,DataSED - DataSED - Dataset for Sound Event Detection of environmental noise/SED_wav/S-0191.wav,polyphonic,Music,music,156.03,190.14,0.8,0.97,34.11,1393
datased:polyphonic:001393,S-0192,DataSED - DataSED - Dataset for Sound Event Detection of environmental noise/SED_wav/S-0192.wav,polyphonic,Music,music,4.45,43.71,0.03,0.27,39.26,1394
datased:polyphonic:001394,S-0192,DataSED - DataSED - Dataset for Sound Event Detection of environmental noise/SED_wav/S-0192.wav,polyphonic,Music,music,48.13,89.51,0.3,0.56,41.38,1395
datased:polyphonic:001395,S-0192,DataSED - DataSED - Dataset for Sound Event Detection of environmental noise/SED_wav/S-0192.wav,polyphonic,Music,music,99.04,151.58,0.62,0.95,52.54,1396
datased:polyphonic:001396,S-0192,DataSED - DataSED - Dataset for Sound Event Detection of environmental noise/SED_wav/S-0192.wav,polyphonic,Voices,voices,146.19,150.91,0.92,0.95,4.72,1397
datased:polyphonic:001397,S-0193,DataSED - DataSED - Dataset for Sound Event Detection of environmental noise/SED_wav/S-0193.wav,polyphonic,Music,music,7.0,30.56,0.04,0.18,23.56,1398
datased:polyphonic:001398,S-0193,DataSED - DataSED - Dataset for Sound Event Detection of environmental noise/SED_wav/S-0193.wav,polyphonic,Voices,voices,7.0,12.76,0.04,0.08,5.76,1399
datased:polyphonic:001399,S-0193,DataSED - DataSED - Dataset for Sound Event Detection of environmental noise/SED_wav/S-0193.wav,polyphonic,Music,music,40.47,70.8,0.24,0.42,30.34,1400
datased:polyphonic:001400,S-0193,DataSED - DataSED - Dataset for Sound Event Detection of environmental noise/SED_wav/S-0193.wav,polyphonic,Music,music,80.11,106.5,0.48,0.64,26.39,1401
datased:polyphonic:001401,S-0193,DataSED - DataSED - Dataset for Sound Event Detection of environmental noise/SED_wav/S-0193.wav,polyphonic,Music,music,123.79,162.52,0.74,0.97,38.73,1402
datased:polyphonic:001402,S-0194,DataSED - DataSED - Dataset for Sound Event Detection of environmental noise/SED_wav/S-0194.wav,polyphonic,Music,music,0.0,32.87,0.0,0.19,32.87,1403
datased:polyphonic:001403,S-0194,DataSED - DataSED - Dataset for Sound Event Detection of environmental noise/SED_wav/S-0194.wav,polyphonic,Dog barkings and howlings,dog_barkings_and_howlings,4.64,21.92,0.03,0.12,17.28,1404
datased:polyphonic:001404,S-0194,DataSED - DataSED - Dataset for Sound Event Detection of environmental noise/SED_wav/S-0194.wav,polyphonic,Dog barkings and howlings,dog_barkings_and_howlings,23.53,32.87,0.13,0.19,9.34,1405
datased:polyphonic:001405,S-0194,DataSED - DataSED - Dataset for Sound Event Detection of environmental noise/SED_wav/S-0194.wav,polyphonic,Voices,voices,24.5,25.46,0.14,0.14,0.97,1406
datased:polyphonic:001406,S-0194,DataSED - DataSED - Dataset for Sound Event Detection of environmental noise/SED_wav/S-0194.wav,polyphonic,Music,music,46.51,76.77,0.26,0.43,30.26,1407
datased:polyphonic:001407,S-0194,DataSED - DataSED - Dataset for Sound Event Detection of environmental noise/SED_wav/S-0194.wav,polyphonic,Dog barkings and howlings,dog_barkings_and_howlings,46.71,47.9,0.26,0.27,1.18,1408
datased:polyphonic:001408,S-0194,DataSED - DataSED - Dataset for Sound Event Detection of environmental noise/SED_wav/S-0194.wav,polyphonic,Dog barkings and howlings,dog_barkings_and_howlings,48.99,50.17,0.28,0.28,1.18,1409
datased:polyphonic:001409,S-0194,DataSED - DataSED - Dataset for Sound Event Detection of environmental noise/SED_wav/S-0194.wav,polyphonic,Dog barkings and howlings,dog_barkings_and_howlings,56.19,60.45,0.32,0.34,4.27,1410
datased:polyphonic:001410,S-0194,DataSED - DataSED - Dataset for Sound Event Detection of environmental noise/SED_wav/S-0194.wav,polyphonic,Dog barkings and howlings,dog_barkings_and_howlings,62.92,67.86,0.35,0.38,4.94,1411
datased:polyphonic:001411,S-0194,DataSED - DataSED - Dataset for Sound Event Detection of environmental noise/SED_wav/S-0194.wav,polyphonic,Dog barkings and howlings,dog_barkings_and_howlings,76.13,94.91,0.43,0.54,18.78,1412
datased:polyphonic:001412,S-0194,DataSED - DataSED - Dataset for Sound Event Detection of environmental noise/SED_wav/S-0194.wav,polyphonic,Dog barkings and howlings,dog_barkings_and_howlings,107.79,115.41,0.61,0.65,7.62,1413
datased:polyphonic:001413,S-0194,DataSED - DataSED - Dataset for Sound Event Detection of environmental noise/SED_wav/S-0194.wav,polyphonic,Music,music,110.8,124.0,0.62,0.7,13.2,1414
datased:polyphonic:001414,S-0194,DataSED - DataSED - Dataset for Sound Event Detection of environmental noise/SED_wav/S-0194.wav,polyphonic,Dog barkings and howlings,dog_barkings_and_howlings,116.81,118.31,0.66,0.67,1.5,1415
datased:polyphonic:001415,S-0194,DataSED - DataSED - Dataset for Sound Event Detection of environmental noise/SED_wav/S-0194.wav,polyphonic,Dog barkings and howlings,dog_barkings_and_howlings,119.06,120.35,0.67,0.68,1.29,1416
datased:polyphonic:001416,S-0194,DataSED - DataSED - Dataset for Sound Event Detection of environmental noise/SED_wav/S-0194.wav,polyphonic,Dog barkings and howlings,dog_barkings_and_howlings,120.78,121.96,0.68,0.69,1.18,1417
datased:polyphonic:001417,S-0194,DataSED - DataSED - Dataset for Sound Event Detection of environmental noise/SED_wav/S-0194.wav,polyphonic,Music,music,138.92,171.44,0.78,0.97,32.52,1418
datased:polyphonic:001418,S-0195,DataSED - DataSED - Dataset for Sound Event Detection of environmental noise/SED_wav/S-0195.wav,polyphonic,Voices,voices,4.53,9.92,0.05,0.12,5.39,1419
datased:polyphonic:001419,S-0195,DataSED - DataSED - Dataset for Sound Event Detection of environmental noise/SED_wav/S-0195.wav,polyphonic,Music,music,4.53,33.24,0.05,0.39,28.71,1420
datased:polyphonic:001420,S-0195,DataSED - DataSED - Dataset for Sound Event Detection of environmental noise/SED_wav/S-0195.wav,polyphonic,Vehicle idling,vehicle_idling,5.92,25.74,0.07,0.3,19.82,1421
datased:polyphonic:001421,S-0195,DataSED - DataSED - Dataset for Sound Event Detection of environmental noise/SED_wav/S-0195.wav,polyphonic,Chicken coop,chicken_coop,25.48,28.05,0.3,0.33,2.57,1422
datased:polyphonic:001422,S-0195,DataSED - DataSED - Dataset for Sound Event Detection of environmental noise/SED_wav/S-0195.wav,polyphonic,Music,music,43.82,59.32,0.52,0.7,15.51,1423
datased:polyphonic:001423,S-0195,DataSED - DataSED - Dataset for Sound Event Detection of environmental noise/SED_wav/S-0195.wav,polyphonic,Chicken coop,chicken_coop,50.54,51.88,0.6,0.61,1.34,1424
datased:polyphonic:001424,S-0195,DataSED - DataSED - Dataset for Sound Event Detection of environmental noise/SED_wav/S-0195.wav,polyphonic,Voices,voices,51.88,52.85,0.61,0.62,0.98,1425
datased:polyphonic:001425,S-0195,DataSED - DataSED - Dataset for Sound Event Detection of environmental noise/SED_wav/S-0195.wav,polyphonic,Music,music,64.56,72.78,0.76,0.86,8.22,1426
datased:polyphonic:001426,S-0195,DataSED - DataSED - Dataset for Sound Event Detection of environmental noise/SED_wav/S-0195.wav,polyphonic,Chicken coop,chicken_coop,71.5,73.6,0.84,0.87,2.11,1427
datased:polyphonic:001427,S-0195,DataSED - DataSED - Dataset for Sound Event Detection of environmental noise/SED_wav/S-0195.wav,polyphonic,Vehicle idling,vehicle_idling,73.55,80.38,0.87,0.95,6.83,1428
datased:polyphonic:001428,S-0195,DataSED - DataSED - Dataset for Sound Event Detection of environmental noise/SED_wav/S-0195.wav,polyphonic,Chicken coop,chicken_coop,77.71,80.38,0.92,0.95,2.67,1429
datased:polyphonic:001429,S-0196,DataSED - DataSED - Dataset for Sound Event Detection of environmental noise/SED_wav/S-0196.wav,polyphonic,Voices,voices,0.0,5.11,0.0,0.03,5.11,1430
datased:polyphonic:001430,S-0196,DataSED - DataSED - Dataset for Sound Event Detection of environmental noise/SED_wav/S-0196.wav,polyphonic,Music,music,1.61,71.74,0.01,0.38,70.13,1431
datased:polyphonic:001431,S-0196,DataSED - DataSED - Dataset for Sound Event Detection of environmental noise/SED_wav/S-0196.wav,polyphonic,Chicken coop,chicken_coop,2.17,19.93,0.01,0.11,17.76,1432
datased:polyphonic:001432,S-0196,DataSED - DataSED - Dataset for Sound Event Detection of environmental noise/SED_wav/S-0196.wav,polyphonic,Chicken coop,chicken_coop,23.44,24.91,0.13,0.13,1.47,1433
datased:polyphonic:001433,S-0196,DataSED - DataSED - Dataset for Sound Event Detection of environmental noise/SED_wav/S-0196.wav,polyphonic,Chicken coop,chicken_coop,33.17,36.11,0.18,0.19,2.94,1434
datased:polyphonic:001434,S-0196,DataSED - DataSED - Dataset for Sound Event Detection of environmental noise/SED_wav/S-0196.wav,polyphonic,Chicken coop,chicken_coop,41.88,44.48,0.22,0.24,2.6,1435
datased:polyphonic:001435,S-0196,DataSED - DataSED - Dataset for Sound Event Detection of environmental noise/SED_wav/S-0196.wav,polyphonic,Chicken coop,chicken_coop,50.47,53.41,0.27,0.29,2.94,1436
datased:polyphonic:001436,S-0196,DataSED - DataSED - Dataset for Sound Event Detection of environmental noise/SED_wav/S-0196.wav,polyphonic,Music,music,77.4,140.29,0.41,0.75,62.89,1437
datased:polyphonic:001437,S-0196,DataSED - DataSED - Dataset for Sound Event Detection of environmental noise/SED_wav/S-0196.wav,polyphonic,Music,music,148.66,182.94,0.8,0.98,34.27,1438
datased:polyphonic:001438,S-0196,DataSED - DataSED - Dataset for Sound Event Detection of environmental noise/SED_wav/S-0196.wav,polyphonic,Voices,voices,150.58,155.11,0.81,0.83,4.52,1439
datased:polyphonic:001439,S-0196,DataSED - DataSED - Dataset for Sound Event Detection of environmental noise/SED_wav/S-0196.wav,polyphonic,Dog barkings and howlings,dog_barkings_and_howlings,163.14,165.4,0.87,0.89,2.26,1440
datased:polyphonic:001440,S-0197,DataSED - DataSED - Dataset for Sound Event Detection of environmental noise/SED_wav/S-0197.wav,polyphonic,Glass breaking,glass_breaking,0.6,1.78,0.14,0.42,1.18,1441
datased:polyphonic:001441,S-0198,DataSED - DataSED - Dataset for Sound Event Detection of environmental noise/SED_wav/S-0198.wav,polyphonic,Dog barkings and howlings,dog_barkings_and_howlings,0.0,4.56,0.0,0.04,4.56,1442
datased:polyphonic:001442,S-0198,DataSED - DataSED - Dataset for Sound Event Detection of environmental noise/SED_wav/S-0198.wav,polyphonic,Dog barkings and howlings,dog_barkings_and_howlings,5.25,8.83,0.05,0.08,3.58,1443
datased:polyphonic:001443,S-0198,DataSED - DataSED - Dataset for Sound Event Detection of environmental noise/SED_wav/S-0198.wav,polyphonic,Dog barkings and howlings,dog_barkings_and_howlings,9.73,19.17,0.09,0.17,9.44,1444
datased:polyphonic:001444,S-0198,DataSED - DataSED - Dataset for Sound Event Detection of environmental noise/SED_wav/S-0198.wav,polyphonic,Dog barkings and howlings,dog_barkings_and_howlings,20.96,22.68,0.18,0.2,1.72,1445
datased:polyphonic:001445,S-0198,DataSED - DataSED - Dataset for Sound Event Detection of environmental noise/SED_wav/S-0198.wav,polyphonic,Lawn mower brush cutter and olive shaker,lawn_mower_brush_cutter_olive_shaker,29.51,64.85,0.26,0.57,35.35,1446
datased:polyphonic:001446,S-0198,DataSED - DataSED - Dataset for Sound Event Detection of environmental noise/SED_wav/S-0198.wav,polyphonic,Dog barkings and howlings,dog_barkings_and_howlings,60.31,63.2,0.53,0.56,2.89,1447
datased:polyphonic:001447,S-0198,DataSED - DataSED - Dataset for Sound Event Detection of environmental noise/SED_wav/S-0198.wav,polyphonic,Lawn mower brush cutter and olive shaker,lawn_mower_brush_cutter_olive_shaker,70.3,97.17,0.62,0.85,26.87,1448
datased:polyphonic:001448,S-0198,DataSED - DataSED - Dataset for Sound Event Detection of environmental noise/SED_wav/S-0198.wav,polyphonic,Chicken coop,chicken_coop,95.86,97.17,0.84,0.85,1.31,1449
datased:polyphonic:001449,S-0199,DataSED - DataSED - Dataset for Sound Event Detection of environmental noise/SED_wav/S-0199.wav,polyphonic,Cat fight and moans,cat_fights_and_moans,0.0,4.55,0.0,0.26,4.55,1450
datased:polyphonic:001450,S-0199,DataSED - DataSED - Dataset for Sound Event Detection of environmental noise/SED_wav/S-0199.wav,polyphonic,Cat fight and moans,cat_fights_and_moans,5.52,16.92,0.32,0.97,11.4,1451
datased:polyphonic:001451,S-0200,DataSED - DataSED - Dataset for Sound Event Detection of environmental noise/SED_wav/S-0200.wav,polyphonic,Cat fight and moans,cat_fights_and_moans,1.0,3.14,0.09,0.27,2.15,1452
datased:polyphonic:001452,S-0200,DataSED - DataSED - Dataset for Sound Event Detection of environmental noise/SED_wav/S-0200.wav,polyphonic,Dog barkings and howlings,dog_barkings_and_howlings,4.29,11.56,0.37,1.0,7.27,1453
datased:polyphonic:001453,S-0201,DataSED - DataSED - Dataset for Sound Event Detection of environmental noise/SED_wav/S-0201.wav,polyphonic,Vehicle idling,vehicle_idling,0.0,32.23,0.0,0.22,32.23,1454
datased:polyphonic:001454,S-0201,DataSED - DataSED - Dataset for Sound Event Detection of environmental noise/SED_wav/S-0201.wav,polyphonic,Glass breaking,glass_breaking,34.29,53.8,0.23,0.36,19.51,1455
datased:polyphonic:001455,S-0201,DataSED - DataSED - Dataset for Sound Event Detection of environmental noise/SED_wav/S-0201.wav,polyphonic,Vehicle idling,vehicle_idling,54.42,147.84,0.37,1.0,93.42,1456
datased:polyphonic:001456,S-0201,DataSED - DataSED - Dataset for Sound Event Detection of environmental noise/SED_wav/S-0201.wav,polyphonic,Glass breaking,glass_breaking,64.8,70.71,0.44,0.48,5.91,1457
datased:polyphonic:001457,S-0201,DataSED - DataSED - Dataset for Sound Event Detection of environmental noise/SED_wav/S-0201.wav,polyphonic,Glass breaking,glass_breaking,77.15,79.12,0.52,0.54,1.97,1458
datased:polyphonic:001458,S-0201,DataSED - DataSED - Dataset for Sound Event Detection of environmental noise/SED_wav/S-0201.wav,polyphonic,Voices,voices,89.5,126.72,0.61,0.86,37.22,1459
datased:polyphonic:001459,S-0201,DataSED - DataSED - Dataset for Sound Event Detection of environmental noise/SED_wav/S-0201.wav,polyphonic,Dog barkings and howlings,dog_barkings_and_howlings,136.66,142.38,0.92,0.96,5.73,1460
datased:polyphonic:001460,S-0201,DataSED - DataSED - Dataset for Sound Event Detection of environmental noise/SED_wav/S-0201.wav,polyphonic,Dog barkings and howlings,dog_barkings_and_howlings,144.17,147.84,0.98,1.0,3.67,1461
datased:polyphonic:001461,S-0202,DataSED - DataSED - Dataset for Sound Event Detection of environmental noise/SED_wav/S-0202.wav,polyphonic,Train,train,2.8,23.14,0.09,0.78,20.35,1462
datased:polyphonic:001462,S-0202,DataSED - DataSED - Dataset for Sound Event Detection of environmental noise/SED_wav/S-0202.wav,polyphonic,Horn,horn,3.59,5.32,0.12,0.18,1.73,1463
datased:polyphonic:001463,S-0203,DataSED - DataSED - Dataset for Sound Event Detection of environmental noise/SED_wav/S-0203.wav,polyphonic,Train,train,0.44,18.46,0.02,0.97,18.03,1464
datased:polyphonic:001464,S-0204,DataSED - DataSED - Dataset for Sound Event Detection of environmental noise/SED_wav/S-0204.wav,polyphonic,Train,train,2.47,81.51,0.03,0.88,79.05,1465
datased:polyphonic:001465,S-0205,DataSED - DataSED - Dataset for Sound Event Detection of environmental noise/SED_wav/S-0205.wav,polyphonic,Voices,voices,3.53,19.23,0.02,0.1,15.7,1466
datased:polyphonic:001466,S-0205,DataSED - DataSED - Dataset for Sound Event Detection of environmental noise/SED_wav/S-0205.wav,polyphonic,Voices,voices,22.49,28.29,0.11,0.14,5.8,1467
datased:polyphonic:001467,S-0205,DataSED - DataSED - Dataset for Sound Event Detection of environmental noise/SED_wav/S-0205.wav,polyphonic,Voices,voices,31.91,45.32,0.16,0.23,13.41,1468
datased:polyphonic:001468,S-0205,DataSED - DataSED - Dataset for Sound Event Detection of environmental noise/SED_wav/S-0205.wav,polyphonic,Sirens and alarms,sirens_and_alarms,45.44,188.58,0.23,0.94,143.14,1469
datased:polyphonic:001469,S-0206,DataSED - DataSED - Dataset for Sound Event Detection of environmental noise/SED_wav/S-0206.wav,polyphonic,Chicken coop,chicken_coop,0.0,5.52,0.0,0.08,5.52,1470
datased:polyphonic:001470,S-0206,DataSED - DataSED - Dataset for Sound Event Detection of environmental noise/SED_wav/S-0206.wav,polyphonic,Chicken coop,chicken_coop,9.93,12.71,0.15,0.19,2.78,1471
datased:polyphonic:001471,S-0206,DataSED - DataSED - Dataset for Sound Event Detection of environmental noise/SED_wav/S-0206.wav,polyphonic,Chicken coop,chicken_coop,16.44,19.41,0.25,0.3,2.98,1472
datased:polyphonic:001472,S-0206,DataSED - DataSED - Dataset for Sound Event Detection of environmental noise/SED_wav/S-0206.wav,polyphonic,Chicken coop,chicken_coop,20.61,22.59,0.31,0.34,1.98,1473
datased:polyphonic:001473,S-0206,DataSED - DataSED - Dataset for Sound Event Detection of environmental noise/SED_wav/S-0206.wav,polyphonic,Vehicle pass-by,vehicle_pass_by,23.19,28.19,0.35,0.43,5.0,1474
datased:polyphonic:001474,S-0206,DataSED - DataSED - Dataset for Sound Event Detection of environmental noise/SED_wav/S-0206.wav,polyphonic,Chicken coop,chicken_coop,26.52,31.68,0.4,0.48,5.16,1475
datased:polyphonic:001475,S-0206,DataSED - DataSED - Dataset for Sound Event Detection of environmental noise/SED_wav/S-0206.wav,polyphonic,Chicken coop,chicken_coop,35.57,37.71,0.54,0.58,2.14,1476
datased:polyphonic:001476,S-0206,DataSED - DataSED - Dataset for Sound Event Detection of environmental noise/SED_wav/S-0206.wav,polyphonic,Vehicle pass-by,vehicle_pass_by,38.31,53.19,0.58,0.81,14.88,1477
datased:polyphonic:001477,S-0206,DataSED - DataSED - Dataset for Sound Event Detection of environmental noise/SED_wav/S-0206.wav,polyphonic,Chicken coop,chicken_coop,40.53,43.82,0.62,0.67,3.29,1478
datased:polyphonic:001478,S-0206,DataSED - DataSED - Dataset for Sound Event Detection of environmental noise/SED_wav/S-0206.wav,polyphonic,Chicken coop,chicken_coop,46.16,48.86,0.7,0.75,2.7,1479
datased:polyphonic:001479,S-0206,DataSED - DataSED - Dataset for Sound Event Detection of environmental noise/SED_wav/S-0206.wav,polyphonic,Chicken coop,chicken_coop,53.86,56.56,0.82,0.86,2.7,1480
datased:polyphonic:001480,S-0206,DataSED - DataSED - Dataset for Sound Event Detection of environmental noise/SED_wav/S-0206.wav,polyphonic,Chicken coop,chicken_coop,57.83,59.86,0.88,0.91,2.02,1481
datased:polyphonic:001481,S-0207,DataSED - DataSED - Dataset for Sound Event Detection of environmental noise/SED_wav/S-0207.wav,polyphonic,Sirens and alarms,sirens_and_alarms,0.51,18.27,0.03,0.95,17.75,1482
datased:polyphonic:001482,S-0207,DataSED - DataSED - Dataset for Sound Event Detection of environmental noise/SED_wav/S-0207.wav,polyphonic,Vehicle pass-by,vehicle_pass_by,10.88,15.22,0.57,0.79,4.35,1483
datased:polyphonic:001483,S-0208,DataSED - DataSED - Dataset for Sound Event Detection of environmental noise/SED_wav/S-0208.wav,polyphonic,Train,train,8.79,149.41,0.02,0.42,140.62,1484
datased:polyphonic:001484,S-0208,DataSED - DataSED - Dataset for Sound Event Detection of environmental noise/SED_wav/S-0208.wav,polyphonic,Train,train,205.1,340.39,0.58,0.97,135.28,1485
datased:polyphonic:001485,S-0209,DataSED - DataSED - Dataset for Sound Event Detection of environmental noise/SED_wav/S-0209.wav,polyphonic,Train,train,29.79,57.62,0.3,0.59,27.83,1486
datased:polyphonic:001486,S-0209,DataSED - DataSED - Dataset for Sound Event Detection of environmental noise/SED_wav/S-0209.wav,polyphonic,Train,train,74.79,85.27,0.76,0.87,10.48,1487
datased:polyphonic:001487,S-0210,DataSED - DataSED - Dataset for Sound Event Detection of environmental noise/SED_wav/S-0210.wav,polyphonic,Train,train,3.87,26.78,0.07,0.51,22.91,1488
datased:polyphonic:001488,S-0210,DataSED - DataSED - Dataset for Sound Event Detection of environmental noise/SED_wav/S-0210.wav,polyphonic,Birds,birds,11.51,12.53,0.22,0.24,1.02,1489
datased:polyphonic:001489,S-0210,DataSED - DataSED - Dataset for Sound Event Detection of environmental noise/SED_wav/S-0210.wav,polyphonic,Train,train,38.03,45.7,0.72,0.87,7.67,1490
datased:polyphonic:001490,S-0211,DataSED - DataSED - Dataset for Sound Event Detection of environmental noise/SED_wav/S-0211.wav,polyphonic,Sirens and alarms,sirens_and_alarms,0.12,13.03,0.01,0.99,12.91,1491
datased:polyphonic:001491,S-0212,DataSED - DataSED - Dataset for Sound Event Detection of environmental noise/SED_wav/S-0212.wav,polyphonic,Train,train,0.59,22.02,0.02,0.94,21.43,1492
datased:polyphonic:001492,S-0213,DataSED - DataSED - Dataset for Sound Event Detection of environmental noise/SED_wav/S-0213.wav,polyphonic,Train,train,2.57,44.12,0.06,0.99,41.54,1493
datased:polyphonic:001493,S-0214,DataSED - DataSED - Dataset for Sound Event Detection of environmental noise/SED_wav/S-0214.wav,polyphonic,Train,train,20.83,66.81,0.27,0.86,45.98,1494
datased:polyphonic:001494,S-0214,DataSED - DataSED - Dataset for Sound Event Detection of environmental noise/SED_wav/S-0214.wav,polyphonic,Horn,horn,30.39,31.4,0.39,0.4,1.01,1495
datased:polyphonic:001495,S-0215,DataSED - DataSED - Dataset for Sound Event Detection of environmental noise/SED_wav/S-0215.wav,polyphonic,Train,train,0.19,24.74,0.01,0.94,24.55,1496
datased:polyphonic:001496,S-0216,DataSED - DataSED - Dataset for Sound Event Detection of environmental noise/SED_wav/S-0216.wav,polyphonic,Train,train,3.86,15.74,0.17,0.68,11.88,1497
datased:polyphonic:001497,S-0217,DataSED - DataSED - Dataset for Sound Event Detection of environmental noise/SED_wav/S-0217.wav,polyphonic,Train,train,0.85,26.94,0.03,0.81,26.09,1498
datased:polyphonic:001498,S-0218,DataSED - DataSED - Dataset for Sound Event Detection of environmental noise/SED_wav/S-0218.wav,polyphonic,Music,music,0.0,31.86,0.0,0.96,31.86,1499
datased:polyphonic:001499,S-0219,DataSED - DataSED - Dataset for Sound Event Detection of environmental noise/SED_wav/S-0219.wav,polyphonic,Train,train,2.11,25.33,0.08,0.94,23.22,1500
datased:polyphonic:001500,S-0219,DataSED - DataSED - Dataset for Sound Event Detection of environmental noise/SED_wav/S-0219.wav,polyphonic,Horn,horn,3.86,6.92,0.14,0.26,3.06,1501
datased:polyphonic:001501,S-0220,DataSED - DataSED - Dataset for Sound Event Detection of environmental noise/SED_wav/S-0220.wav,polyphonic,Train,train,2.61,13.71,0.12,0.64,11.1,1502
datased:polyphonic:001502,S-0220,DataSED - DataSED - Dataset for Sound Event Detection of environmental noise/SED_wav/S-0220.wav,polyphonic,Voices,voices,19.43,20.61,0.91,0.96,1.18,1503
datased:polyphonic:001503,S-0221,DataSED - DataSED - Dataset for Sound Event Detection of environmental noise/SED_wav/S-0221.wav,polyphonic,Train,train,5.34,42.92,0.12,0.99,37.58,1504
datased:polyphonic:001504,S-0222,DataSED - DataSED - Dataset for Sound Event Detection of environmental noise/SED_wav/S-0222.wav,polyphonic,Train,train,1.24,51.19,0.02,0.95,49.95,1505
datased:polyphonic:001505,S-0223,DataSED - DataSED - Dataset for Sound Event Detection of environmental noise/SED_wav/S-0223.wav,polyphonic,Train,train,1.76,69.55,0.02,0.98,67.79,1506
datased:polyphonic:001506,S-0224,DataSED - DataSED - Dataset for Sound Event Detection of environmental noise/SED_wav/S-0224.wav,polyphonic,Train,train,1.39,87.16,0.02,0.99,85.77,1507
datased:polyphonic:001507,S-0224,DataSED - DataSED - Dataset for Sound Event Detection of environmental noise/SED_wav/S-0224.wav,polyphonic,Horn,horn,27.43,31.94,0.31,0.36,4.51,1508
datased:polyphonic:001508,S-0225,DataSED - DataSED - Dataset for Sound Event Detection of environmental noise/SED_wav/S-0225.wav,polyphonic,Train,train,1.19,64.29,0.02,0.95,63.1,1509
datased:polyphonic:001509,S-0226,DataSED - DataSED - Dataset for Sound Event Detection of environmental noise/SED_wav/S-0226.wav,polyphonic,Train,train,1.27,57.98,0.02,0.94,56.7,1510
datased:polyphonic:001510,S-0227,DataSED - DataSED - Dataset for Sound Event Detection of environmental noise/SED_wav/S-0227.wav,polyphonic,Train,train,1.23,103.87,0.01,0.98,102.64,1511
datased:polyphonic:001511,S-0227,DataSED - DataSED - Dataset for Sound Event Detection of environmental noise/SED_wav/S-0227.wav,polyphonic,Horn,horn,22.47,25.35,0.21,0.24,2.89,1512
datased:polyphonic:001512,S-0228,DataSED - DataSED - Dataset for Sound Event Detection of environmental noise/SED_wav/S-0228.wav,polyphonic,Train,train,1.14,42.2,0.03,0.94,41.05,1513
datased:polyphonic:001513,S-0228,DataSED - DataSED - Dataset for Sound Event Detection of environmental noise/SED_wav/S-0228.wav,polyphonic,Horn,horn,1.36,2.01,0.03,0.04,0.65,1514
datased:polyphonic:001514,S-0229,DataSED - DataSED - Dataset for Sound Event Detection of environmental noise/SED_wav/S-0229.wav,polyphonic,Train,train,2.83,47.39,0.06,0.96,44.56,1515
datased:polyphonic:001515,S-0230,DataSED - DataSED - Dataset for Sound Event Detection of environmental noise/SED_wav/S-0230.wav,polyphonic,Train,train,1.91,44.95,0.04,0.97,43.04,1516
datased:polyphonic:001516,S-0231,DataSED - DataSED - Dataset for Sound Event Detection of environmental noise/SED_wav/S-0231.wav,polyphonic,Horn,horn,0.35,2.3,0.02,0.13,1.95,1517
datased:polyphonic:001517,S-0231,DataSED - DataSED - Dataset for Sound Event Detection of environmental noise/SED_wav/S-0231.wav,polyphonic,Horn,horn,5.48,7.37,0.31,0.41,1.89,1518
datased:polyphonic:001518,S-0231,DataSED - DataSED - Dataset for Sound Event Detection of environmental noise/SED_wav/S-0231.wav,polyphonic,Horn,horn,11.29,15.18,0.63,0.85,3.89,1519
datased:polyphonic:001519,S-0232,DataSED - DataSED - Dataset for Sound Event Detection of environmental noise/SED_wav/S-0232.wav,polyphonic,Train,train,1.05,27.77,0.03,0.92,26.72,1520
datased:polyphonic:001520,S-0232,DataSED - DataSED - Dataset for Sound Event Detection of environmental noise/SED_wav/S-0232.wav,polyphonic,Horn,horn,7.5,10.17,0.25,0.34,2.67,1521
datased:polyphonic:001521,S-0233,DataSED - DataSED - Dataset for Sound Event Detection of environmental noise/SED_wav/S-0233.wav,polyphonic,Sirens and alarms,sirens_and_alarms,1.04,30.11,0.03,0.86,29.07,1522
datased:polyphonic:001522,S-0234,DataSED - DataSED - Dataset for Sound Event Detection of environmental noise/SED_wav/S-0234.wav,polyphonic,Sirens and alarms,sirens_and_alarms,0.33,15.66,0.02,0.95,15.33,1523
datased:polyphonic:001523,S-0235,DataSED - DataSED - Dataset for Sound Event Detection of environmental noise/SED_wav/S-0235.wav,polyphonic,Sirens and alarms,sirens_and_alarms,0.55,23.03,0.02,0.96,22.47,1524
datased:polyphonic:001524,S-0236,DataSED - DataSED - Dataset for Sound Event Detection of environmental noise/SED_wav/S-0236.wav,polyphonic,Train,train,4.25,21.4,0.12,0.59,17.15,1525
datased:polyphonic:001525,S-0237,DataSED - DataSED - Dataset for Sound Event Detection of environmental noise/SED_wav/S-0237.wav,polyphonic,Sirens and alarms,sirens_and_alarms,1.04,27.97,0.03,0.93,26.93,1526
datased:polyphonic:001526,S-0238,DataSED - DataSED - Dataset for Sound Event Detection of environmental noise/SED_wav/S-0238.wav,polyphonic,Horn,horn,0.88,3.88,0.01,0.06,3.0,1527
datased:polyphonic:001527,S-0238,DataSED - DataSED - Dataset for Sound Event Detection of environmental noise/SED_wav/S-0238.wav,polyphonic,Horn,horn,4.86,7.93,0.08,0.13,3.07,1528
datased:polyphonic:001528,S-0238,DataSED - DataSED - Dataset for Sound Event Detection of environmental noise/SED_wav/S-0238.wav,polyphonic,Train,train,8.2,51.88,0.13,0.83,43.68,1529
datased:polyphonic:001529,S-0239,DataSED - DataSED - Dataset for Sound Event Detection of environmental noise/SED_wav/S-0239.wav,polyphonic,Horn,horn,71.51,74.58,0.3,0.31,3.08,1530
datased:polyphonic:001530,S-0239,DataSED - DataSED - Dataset for Sound Event Detection of environmental noise/SED_wav/S-0239.wav,polyphonic,Horn,horn,76.63,85.57,0.32,0.35,8.93,1531
datased:polyphonic:001531,S-0239,DataSED - DataSED - Dataset for Sound Event Detection of environmental noise/SED_wav/S-0239.wav,polyphonic,Train,train,86.59,204.94,0.36,0.85,118.35,1532
datased:polyphonic:001532,S-0239,DataSED - DataSED - Dataset for Sound Event Detection of environmental noise/SED_wav/S-0239.wav,polyphonic,Horn,horn,86.74,96.85,0.36,0.4,10.11,1533
datased:polyphonic:001533,S-0240,DataSED - DataSED - Dataset for Sound Event Detection of environmental noise/SED_wav/S-0240.wav,polyphonic,Train,train,4.86,48.35,0.09,0.92,43.49,1534
datased:polyphonic:001534,S-0241,DataSED - DataSED - Dataset for Sound Event Detection of environmental noise/SED_wav/S-0241.wav,polyphonic,Train,train,1.9,22.87,0.08,0.94,20.97,1535
datased:polyphonic:001535,S-0241,DataSED - DataSED - Dataset for Sound Event Detection of environmental noise/SED_wav/S-0241.wav,polyphonic,Horn,horn,3.92,6.43,0.16,0.26,2.52,1536
datased:polyphonic:001536,S-0242,DataSED - DataSED - Dataset for Sound Event Detection of environmental noise/SED_wav/S-0242.wav,polyphonic,Train,train,1.03,14.22,0.04,0.54,13.19,1537
datased:polyphonic:001537,S-0242,DataSED - DataSED - Dataset for Sound Event Detection of environmental noise/SED_wav/S-0242.wav,polyphonic,Birds,birds,7.91,24.93,0.3,0.94,17.01,1538
datased:polyphonic:001538,S-0243,DataSED - DataSED - Dataset for Sound Event Detection of environmental noise/SED_wav/S-0243.wav,polyphonic,Train,train,2.58,230.06,0.01,0.93,227.49,1539
datased:polyphonic:001539,S-0244,DataSED - DataSED - Dataset for Sound Event Detection of environmental noise/SED_wav/S-0244.wav,polyphonic,Horn,horn,0.38,1.84,0.0,0.01,1.46,1540
datased:polyphonic:001540,S-0244,DataSED - DataSED - Dataset for Sound Event Detection of environmental noise/SED_wav/S-0244.wav,polyphonic,Train,train,8.77,138.73,0.06,0.92,129.95,1541
datased:polyphonic:001541,S-0245,DataSED - DataSED - Dataset for Sound Event Detection of environmental noise/SED_wav/S-0245.wav,polyphonic,Train,train,4.37,41.6,0.09,0.87,37.23,1542
datased:polyphonic:001542,S-0246,DataSED - DataSED - Dataset for Sound Event Detection of environmental noise/SED_wav/S-0246.wav,polyphonic,Sirens and alarms,sirens_and_alarms,0.0,15.05,0.0,0.99,15.05,1543
datased:polyphonic:001543,S-0247,DataSED - DataSED - Dataset for Sound Event Detection of environmental noise/SED_wav/S-0247.wav,polyphonic,Sirens and alarms,sirens_and_alarms,0.0,49.35,0.0,0.92,49.35,1544
datased:polyphonic:001544,S-0248,DataSED - DataSED - Dataset for Sound Event Detection of environmental noise/SED_wav/S-0248.wav,polyphonic,Sirens and alarms,sirens_and_alarms,0.19,60.09,0.0,0.99,59.9,1545
datased:polyphonic:001545,S-0249,DataSED - DataSED - Dataset for Sound Event Detection of environmental noise/SED_wav/S-0249.wav,polyphonic,Sirens and alarms,sirens_and_alarms,1.35,11.95,0.11,0.95,10.6,1546
datased:polyphonic:001546,S-0250,DataSED - DataSED - Dataset for Sound Event Detection of environmental noise/SED_wav/S-0250.wav,polyphonic,Train,train,4.78,59.24,0.07,0.89,54.46,1547
datased:polyphonic:001547,S-0251,DataSED - DataSED - Dataset for Sound Event Detection of environmental noise/SED_wav/S-0251.wav,polyphonic,Sirens and alarms,sirens_and_alarms,0.48,14.64,0.03,0.92,14.17,1548
datased:polyphonic:001548,S-0252,DataSED - DataSED - Dataset for Sound Event Detection of environmental noise/SED_wav/S-0252.wav,polyphonic,Train,train,0.67,17.87,0.03,0.87,17.2,1549
datased:polyphonic:001549,S-0253,DataSED - DataSED - Dataset for Sound Event Detection of environmental noise/SED_wav/S-0253.wav,polyphonic,Train,train,1.21,41.48,0.03,0.92,40.27,1550
datased:polyphonic:001550,S-0254,DataSED - DataSED - Dataset for Sound Event Detection of environmental noise/SED_wav/S-0254.wav,polyphonic,Train,train,1.3,41.15,0.03,0.94,39.85,1551
datased:polyphonic:001551,S-0255,DataSED - DataSED - Dataset for Sound Event Detection of environmental noise/SED_wav/S-0255.wav,polyphonic,Train,train,2.84,39.92,0.06,0.9,37.09,1552
datased:polyphonic:001552,S-0256,DataSED - DataSED - Dataset for Sound Event Detection of environmental noise/SED_wav/S-0256.wav,polyphonic,Train,train,4.96,39.91,0.12,0.93,34.94,1553
datased:polyphonic:001553,S-0257,DataSED - DataSED - Dataset for Sound Event Detection of environmental noise/SED_wav/S-0257.wav,polyphonic,Train,train,1.79,43.37,0.04,0.92,41.57,1554
datased:polyphonic:001554,S-0258,DataSED - DataSED - Dataset for Sound Event Detection of environmental noise/SED_wav/S-0258.wav,polyphonic,Horn,horn,5.63,7.05,0.04,0.04,1.43,1555
datased:polyphonic:001555,S-0258,DataSED - DataSED - Dataset for Sound Event Detection of environmental noise/SED_wav/S-0258.wav,polyphonic,Horn,horn,15.7,19.79,0.1,0.13,4.09,1556
datased:polyphonic:001556,S-0258,DataSED - DataSED - Dataset for Sound Event Detection of environmental noise/SED_wav/S-0258.wav,polyphonic,Train,train,19.89,35.0,0.13,0.22,15.11,1557
datased:polyphonic:001557,S-0258,DataSED - DataSED - Dataset for Sound Event Detection of environmental noise/SED_wav/S-0258.wav,polyphonic,Horn,horn,36.71,44.12,0.23,0.28,7.41,1558
datased:polyphonic:001558,S-0258,DataSED - DataSED - Dataset for Sound Event Detection of environmental noise/SED_wav/S-0258.wav,polyphonic,Train,train,44.88,74.26,0.29,0.47,29.37,1559
datased:polyphonic:001559,S-0258,DataSED - DataSED - Dataset for Sound Event Detection of environmental noise/SED_wav/S-0258.wav,polyphonic,Train,train,80.63,107.34,0.51,0.68,26.71,1560
datased:polyphonic:001560,S-0258,DataSED - DataSED - Dataset for Sound Event Detection of environmental noise/SED_wav/S-0258.wav,polyphonic,Train,train,115.89,141.36,0.74,0.9,25.47,1561
datased:polyphonic:001561,S-0258,DataSED - DataSED - Dataset for Sound Event Detection of environmental noise/SED_wav/S-0258.wav,polyphonic,Horn,horn,129.39,130.91,0.82,0.83,1.52,1562
datased:polyphonic:001562,S-0259,DataSED - DataSED - Dataset for Sound Event Detection of environmental noise/SED_wav/S-0259.wav,polyphonic,Train,train,1.57,45.7,0.03,0.97,44.13,1563
datased:polyphonic:001563,S-0260,DataSED - DataSED - Dataset for Sound Event Detection of environmental noise/SED_wav/S-0260.wav,polyphonic,Train,train,1.0,17.32,0.06,0.98,16.32,1564
datased:polyphonic:001564,S-0260,DataSED - DataSED - Dataset for Sound Event Detection of environmental noise/SED_wav/S-0260.wav,polyphonic,Horn,horn,13.6,14.36,0.77,0.81,0.76,1565
datased:polyphonic:001565,S-0261,DataSED - DataSED - Dataset for Sound Event Detection of environmental noise/SED_wav/S-0261.wav,polyphonic,Train,train,3.03,56.63,0.05,0.97,53.6,1566
datased:polyphonic:001566,S-0262,DataSED - DataSED - Dataset for Sound Event Detection of environmental noise/SED_wav/S-0262.wav,polyphonic,Train,train,3.78,36.06,0.1,0.95,32.28,1567
datased:polyphonic:001567,S-0263,DataSED - DataSED - Dataset for Sound Event Detection of environmental noise/SED_wav/S-0263.wav,polyphonic,Horn,horn,1.28,3.33,0.07,0.18,2.04,1568
datased:polyphonic:001568,S-0263,DataSED - DataSED - Dataset for Sound Event Detection of environmental noise/SED_wav/S-0263.wav,polyphonic,Train,train,3.3,17.72,0.18,0.95,14.41,1569
datased:polyphonic:001569,S-0264,DataSED - DataSED - Dataset for Sound Event Detection of environmental noise/SED_wav/S-0264.wav,polyphonic,Horn,horn,1.11,2.36,0.04,0.1,1.25,1570
datased:polyphonic:001570,S-0264,DataSED - DataSED - Dataset for Sound Event Detection of environmental noise/SED_wav/S-0264.wav,polyphonic,Train,train,6.49,23.22,0.26,0.94,16.73,1571
datased:polyphonic:001571,S-0265,DataSED - DataSED - Dataset for Sound Event Detection of environmental noise/SED_wav/S-0265.wav,polyphonic,Train,train,20.18,54.32,0.23,0.62,34.13,1572
datased:polyphonic:001572,S-0265,DataSED - DataSED - Dataset for Sound Event Detection of environmental noise/SED_wav/S-0265.wav,polyphonic,Horn,horn,26.08,29.58,0.3,0.34,3.5,1573
datased:polyphonic:001573,S-0266,DataSED - DataSED - Dataset for Sound Event Detection of environmental noise/SED_wav/S-0266.wav,polyphonic,Train,train,3.13,41.78,0.07,0.9,38.65,1574
datased:polyphonic:001574,S-0267,DataSED - DataSED - Dataset for Sound Event Detection of environmental noise/SED_wav/S-0267.wav,polyphonic,Train,train,6.15,78.36,0.07,0.93,72.21,1575
datased:polyphonic:001575,S-0268,DataSED - DataSED - Dataset for Sound Event Detection of environmental noise/SED_wav/S-0268.wav,polyphonic,Train,train,1.43,17.69,0.08,0.99,16.25,1576
datased:polyphonic:001576,S-0269,DataSED - DataSED - Dataset for Sound Event Detection of environmental noise/SED_wav/S-0269.wav,polyphonic,Sirens and alarms,sirens_and_alarms,1.86,13.8,0.04,0.26,11.94,1577
datased:polyphonic:001577,S-0269,DataSED - DataSED - Dataset for Sound Event Detection of environmental noise/SED_wav/S-0269.wav,polyphonic,Sirens and alarms,sirens_and_alarms,18.04,50.38,0.34,0.96,32.34,1578
datased:polyphonic:001578,S-0270,DataSED - DataSED - Dataset for Sound Event Detection of environmental noise/SED_wav/S-0270.wav,polyphonic,Sirens and alarms,sirens_and_alarms,0.0,29.97,0.0,0.95,29.97,1579
datased:polyphonic:001579,S-0271,DataSED - DataSED - Dataset for Sound Event Detection of environmental noise/SED_wav/S-0271.wav,polyphonic,Sirens and alarms,sirens_and_alarms,0.0,4.72,0.0,0.62,4.72,1580
datased:polyphonic:001580,S-0272,DataSED - DataSED - Dataset for Sound Event Detection of environmental noise/SED_wav/S-0272.wav,polyphonic,Sirens and alarms,sirens_and_alarms,7.0,47.23,0.14,0.92,40.23,1581
datased:polyphonic:001581,S-0272,DataSED - DataSED - Dataset for Sound Event Detection of environmental noise/SED_wav/S-0272.wav,polyphonic,Horn,horn,20.36,24.16,0.39,0.47,3.81,1582
datased:polyphonic:001582,S-0272,DataSED - DataSED - Dataset for Sound Event Detection of environmental noise/SED_wav/S-0272.wav,polyphonic,Horn,horn,26.25,27.41,0.51,0.53,1.15,1583
datased:polyphonic:001583,S-0272,DataSED - DataSED - Dataset for Sound Event Detection of environmental noise/SED_wav/S-0272.wav,polyphonic,Horn,horn,28.19,29.34,0.55,0.57,1.15,1584
datased:polyphonic:001584,S-0272,DataSED - DataSED - Dataset for Sound Event Detection of environmental noise/SED_wav/S-0272.wav,polyphonic,Horn,horn,33.65,34.84,0.65,0.68,1.19,1585
datased:polyphonic:001585,S-0272,DataSED - DataSED - Dataset for Sound Event Detection of environmental noise/SED_wav/S-0272.wav,polyphonic,Horn,horn,42.27,43.01,0.82,0.83,0.75,1586
datased:polyphonic:001586,S-0272,DataSED - DataSED - Dataset for Sound Event Detection of environmental noise/SED_wav/S-0272.wav,polyphonic,Horn,horn,48.76,50.07,0.95,0.97,1.31,1587
datased:polyphonic:001587,S-0273,DataSED - DataSED - Dataset for Sound Event Detection of environmental noise/SED_wav/S-0273.wav,polyphonic,Train,train,1.39,28.78,0.04,0.89,27.39,1588
datased:polyphonic:001588,S-0274,DataSED - DataSED - Dataset for Sound Event Detection of environmental noise/SED_wav/S-0274.wav,polyphonic,Train,train,1.24,16.63,0.06,0.86,15.39,1589
datased:polyphonic:001589,S-0275,DataSED - DataSED - Dataset for Sound Event Detection of environmental noise/SED_wav/S-0275.wav,polyphonic,Vehicle pass-by,vehicle_pass_by,1.26,21.49,0.01,0.19,20.23,1590
datased:polyphonic:001590,S-0275,DataSED - DataSED - Dataset for Sound Event Detection of environmental noise/SED_wav/S-0275.wav,polyphonic,Sirens and alarms,sirens_and_alarms,26.88,41.72,0.24,0.37,14.85,1591
datased:polyphonic:001591,S-0275,DataSED - DataSED - Dataset for Sound Event Detection of environmental noise/SED_wav/S-0275.wav,polyphonic,Jet aircrafts,jet_aircrafts,56.34,88.75,0.49,0.78,32.41,1592
datased:polyphonic:001592,S-0275,DataSED - DataSED - Dataset for Sound Event Detection of environmental noise/SED_wav/S-0275.wav,polyphonic,Vehicle pass-by,vehicle_pass_by,93.03,104.29,0.82,0.91,11.26,1593
datased:polyphonic:001593,S-0276,DataSED - DataSED - Dataset for Sound Event Detection of environmental noise/SED_wav/S-0276.wav,polyphonic,Vehicle pass-by,vehicle_pass_by,1.31,18.48,0.06,0.87,17.18,1594
datased:polyphonic:001594,S-0277,DataSED - DataSED - Dataset for Sound Event Detection of environmental noise/SED_wav/S-0277.wav,polyphonic,Vehicle pass-by,vehicle_pass_by,1.45,19.62,0.06,0.88,18.17,1595
datased:polyphonic:001595,S-0278,DataSED - DataSED - Dataset for Sound Event Detection of environmental noise/SED_wav/S-0278.wav,polyphonic,Horn,horn,0.34,2.9,0.04,0.32,2.55,1596
datased:polyphonic:001596,S-0278,DataSED - DataSED - Dataset for Sound Event Detection of environmental noise/SED_wav/S-0278.wav,polyphonic,Horn,horn,5.13,6.7,0.56,0.73,1.57,1597
datased:polyphonic:001597,S-0279,DataSED - DataSED - Dataset for Sound Event Detection of environmental noise/SED_wav/S-0279.wav,polyphonic,Dog barkings and howlings,dog_barkings_and_howlings,0.0,2.01,0.0,0.01,2.01,1598
datased:polyphonic:001598,S-0279,DataSED - DataSED - Dataset for Sound Event Detection of environmental noise/SED_wav/S-0279.wav,polyphonic,Cicadas and crickets,cicadas_and_crickets,2.12,4.89,0.01,0.03,2.76,1599
datased:polyphonic:001599,S-0279,DataSED - DataSED - Dataset for Sound Event Detection of environmental noise/SED_wav/S-0279.wav,polyphonic,Dog barkings and howlings,dog_barkings_and_howlings,5.0,8.31,0.03,0.05,3.32,1600
datased:polyphonic:001600,S-0279,DataSED - DataSED - Dataset for Sound Event Detection of environmental noise/SED_wav/S-0279.wav,polyphonic,Dog barkings and howlings,dog_barkings_and_howlings,8.98,10.08,0.05,0.06,1.11,1601
datased:polyphonic:001601,S-0279,DataSED - DataSED - Dataset for Sound Event Detection of environmental noise/SED_wav/S-0279.wav,polyphonic,Cicadas and crickets,cicadas_and_crickets,10.3,13.29,0.06,0.07,2.98,1602
datased:polyphonic:001602,S-0279,DataSED - DataSED - Dataset for Sound Event Detection of environmental noise/SED_wav/S-0279.wav,polyphonic,Horn,horn,13.18,14.61,0.07,0.08,1.44,1603
datased:polyphonic:001603,S-0279,DataSED - DataSED - Dataset for Sound Event Detection of environmental noise/SED_wav/S-0279.wav,polyphonic,Dog barkings and howlings,dog_barkings_and_howlings,14.72,16.05,0.08,0.09,1.33,1604
datased:polyphonic:001604,S-0279,DataSED - DataSED - Dataset for Sound Event Detection of environmental noise/SED_wav/S-0279.wav,polyphonic,Cicadas and crickets,cicadas_and_crickets,16.38,18.48,0.09,0.1,2.1,1605
datased:polyphonic:001605,S-0279,DataSED - DataSED - Dataset for Sound Event Detection of environmental noise/SED_wav/S-0279.wav,polyphonic,Dog barkings and howlings,dog_barkings_and_howlings,18.37,19.81,0.1,0.11,1.44,1606
datased:polyphonic:001606,S-0279,DataSED - DataSED - Dataset for Sound Event Detection of environmental noise/SED_wav/S-0279.wav,polyphonic,Cicadas and crickets,cicadas_and_crickets,20.47,28.1,0.11,0.15,7.63,1607
datased:polyphonic:001607,S-0279,DataSED - DataSED - Dataset for Sound Event Detection of environmental noise/SED_wav/S-0279.wav,polyphonic,Dog barkings and howlings,dog_barkings_and_howlings,28.1,29.86,0.15,0.16,1.77,1608
datased:polyphonic:001608,S-0279,DataSED - DataSED - Dataset for Sound Event Detection of environmental noise/SED_wav/S-0279.wav,polyphonic,Dog barkings and howlings,dog_barkings_and_howlings,31.08,38.26,0.17,0.21,7.18,1609
datased:polyphonic:001609,S-0279,DataSED - DataSED - Dataset for Sound Event Detection of environmental noise/SED_wav/S-0279.wav,polyphonic,Cicadas and crickets,cicadas_and_crickets,38.71,42.58,0.21,0.23,3.87,1610
datased:polyphonic:001610,S-0279,DataSED - DataSED - Dataset for Sound Event Detection of environmental noise/SED_wav/S-0279.wav,polyphonic,Dog barkings and howlings,dog_barkings_and_howlings,42.69,46.0,0.23,0.25,3.32,1611
datased:polyphonic:001611,S-0279,DataSED - DataSED - Dataset for Sound Event Detection of environmental noise/SED_wav/S-0279.wav,polyphonic,Cicadas and crickets,cicadas_and_crickets,46.33,49.43,0.25,0.27,3.09,1612
datased:polyphonic:001612,S-0279,DataSED - DataSED - Dataset for Sound Event Detection of environmental noise/SED_wav/S-0279.wav,polyphonic,Voices,voices,49.54,52.08,0.27,0.29,2.54,1613
datased:polyphonic:001613,S-0279,DataSED - DataSED - Dataset for Sound Event Detection of environmental noise/SED_wav/S-0279.wav,polyphonic,Cicadas and crickets,cicadas_and_crickets,52.63,56.83,0.29,0.31,4.2,1614
datased:polyphonic:001614,S-0279,DataSED - DataSED - Dataset for Sound Event Detection of environmental noise/SED_wav/S-0279.wav,polyphonic,Dog barkings and howlings,dog_barkings_and_howlings,56.83,57.83,0.31,0.32,0.99,1615
datased:polyphonic:001615,S-0279,DataSED - DataSED - Dataset for Sound Event Detection of environmental noise/SED_wav/S-0279.wav,polyphonic,Cicadas and crickets,cicadas_and_crickets,58.16,60.15,0.32,0.33,1.99,1616
datased:polyphonic:001616,S-0279,DataSED - DataSED - Dataset for Sound Event Detection of environmental noise/SED_wav/S-0279.wav,polyphonic,Dog barkings and howlings,dog_barkings_and_howlings,60.26,61.37,0.33,0.34,1.11,1617
datased:polyphonic:001617,S-0279,DataSED - DataSED - Dataset for Sound Event Detection of environmental noise/SED_wav/S-0279.wav,polyphonic,Cicadas and crickets,cicadas_and_crickets,61.37,63.8,0.34,0.35,2.43,1618
datased:polyphonic:001618,S-0279,DataSED - DataSED - Dataset for Sound Event Detection of environmental noise/SED_wav/S-0279.wav,polyphonic,Dog barkings and howlings,dog_barkings_and_howlings,63.47,64.9,0.35,0.36,1.44,1619
datased:polyphonic:001619,S-0279,DataSED - DataSED - Dataset for Sound Event Detection of environmental noise/SED_wav/S-0279.wav,polyphonic,Cicadas and crickets,cicadas_and_crickets,64.9,66.67,0.36,0.37,1.77,1620
datased:polyphonic:001620,S-0279,DataSED - DataSED - Dataset for Sound Event Detection of environmental noise/SED_wav/S-0279.wav,polyphonic,Dog barkings and howlings,dog_barkings_and_howlings,66.56,68.22,0.36,0.37,1.66,1621
datased:polyphonic:001621,S-0279,DataSED - DataSED - Dataset for Sound Event Detection of environmental noise/SED_wav/S-0279.wav,polyphonic,Cicadas and crickets,cicadas_and_crickets,68.44,69.77,0.37,0.38,1.33,1622
datased:polyphonic:001622,S-0279,DataSED - DataSED - Dataset for Sound Event Detection of environmental noise/SED_wav/S-0279.wav,polyphonic,Dog barkings and howlings,dog_barkings_and_howlings,69.99,71.42,0.38,0.39,1.44,1623
datased:polyphonic:001623,S-0279,DataSED - DataSED - Dataset for Sound Event Detection of environmental noise/SED_wav/S-0279.wav,polyphonic,Vehicle idling,vehicle_idling,71.53,104.03,0.39,0.57,32.49,1624
datased:polyphonic:001624,S-0279,DataSED - DataSED - Dataset for Sound Event Detection of environmental noise/SED_wav/S-0279.wav,polyphonic,Dog barkings and howlings,dog_barkings_and_howlings,74.19,75.29,0.41,0.41,1.11,1625
datased:polyphonic:001625,S-0279,DataSED - DataSED - Dataset for Sound Event Detection of environmental noise/SED_wav/S-0279.wav,polyphonic,Dog barkings and howlings,dog_barkings_and_howlings,78.17,79.27,0.43,0.43,1.11,1626
datased:polyphonic:001626,S-0279,DataSED - DataSED - Dataset for Sound Event Detection of environmental noise/SED_wav/S-0279.wav,polyphonic,Dog barkings and howlings,dog_barkings_and_howlings,81.59,83.47,0.45,0.46,1.88,1627
datased:polyphonic:001627,S-0279,DataSED - DataSED - Dataset for Sound Event Detection of environmental noise/SED_wav/S-0279.wav,polyphonic,Dog barkings and howlings,dog_barkings_and_howlings,84.58,85.68,0.46,0.47,1.11,1628
datased:polyphonic:001628,S-0279,DataSED - DataSED - Dataset for Sound Event Detection of environmental noise/SED_wav/S-0279.wav,polyphonic,Dog barkings and howlings,dog_barkings_and_howlings,87.67,89.22,0.48,0.49,1.55,1629
datased:polyphonic:001629,S-0279,DataSED - DataSED - Dataset for Sound Event Detection of environmental noise/SED_wav/S-0279.wav,polyphonic,Dog barkings and howlings,dog_barkings_and_howlings,90.99,92.31,0.5,0.51,1.33,1630
datased:polyphonic:001630,S-0279,DataSED - DataSED - Dataset for Sound Event Detection of environmental noise/SED_wav/S-0279.wav,polyphonic,Dog barkings and howlings,dog_barkings_and_howlings,93.97,95.74,0.51,0.52,1.77,1631
datased:polyphonic:001631,S-0279,DataSED - DataSED - Dataset for Sound Event Detection of environmental noise/SED_wav/S-0279.wav,polyphonic,Dog barkings and howlings,dog_barkings_and_howlings,98.06,98.94,0.54,0.54,0.88,1632
datased:polyphonic:001632,S-0279,DataSED - DataSED - Dataset for Sound Event Detection of environmental noise/SED_wav/S-0279.wav,polyphonic,Dog barkings and howlings,dog_barkings_and_howlings,104.14,107.9,0.57,0.59,3.76,1633
datased:polyphonic:001633,S-0279,DataSED - DataSED - Dataset for Sound Event Detection of environmental noise/SED_wav/S-0279.wav,polyphonic,Dog barkings and howlings,dog_barkings_and_howlings,109.22,111.1,0.6,0.61,1.88,1634
datased:polyphonic:001634,S-0279,DataSED - DataSED - Dataset for Sound Event Detection of environmental noise/SED_wav/S-0279.wav,polyphonic,Dog barkings and howlings,dog_barkings_and_howlings,112.1,118.07,0.61,0.65,5.97,1635
datased:polyphonic:001635,S-0279,DataSED - DataSED - Dataset for Sound Event Detection of environmental noise/SED_wav/S-0279.wav,polyphonic,Cicadas and crickets,cicadas_and_crickets,117.84,120.06,0.65,0.66,2.21,1636
datased:polyphonic:001636,S-0279,DataSED - DataSED - Dataset for Sound Event Detection of environmental noise/SED_wav/S-0279.wav,polyphonic,Dog barkings and howlings,dog_barkings_and_howlings,120.61,121.93,0.66,0.67,1.33,1637
datased:polyphonic:001637,S-0279,DataSED - DataSED - Dataset for Sound Event Detection of environmental noise/SED_wav/S-0279.wav,polyphonic,Cicadas and crickets,cicadas_and_crickets,122.04,126.8,0.67,0.69,4.75,1638
datased:polyphonic:001638,S-0279,DataSED - DataSED - Dataset for Sound Event Detection of environmental noise/SED_wav/S-0279.wav,polyphonic,Dog barkings and howlings,dog_barkings_and_howlings,127.13,132.88,0.7,0.73,5.75,1639
datased:polyphonic:001639,S-0279,DataSED - DataSED - Dataset for Sound Event Detection of environmental noise/SED_wav/S-0279.wav,polyphonic,Cicadas and crickets,cicadas_and_crickets,133.0,134.33,0.73,0.74,1.33,1640
datased:polyphonic:001640,S-0279,DataSED - DataSED - Dataset for Sound Event Detection of environmental noise/SED_wav/S-0279.wav,polyphonic,Dog barkings and howlings,dog_barkings_and_howlings,134.64,136.52,0.74,0.75,1.88,1641
datased:polyphonic:001641,S-0279,DataSED - DataSED - Dataset for Sound Event Detection of environmental noise/SED_wav/S-0279.wav,polyphonic,Dog barkings and howlings,dog_barkings_and_howlings,137.85,138.73,0.75,0.76,0.88,1642
datased:polyphonic:001642,S-0279,DataSED - DataSED - Dataset for Sound Event Detection of environmental noise/SED_wav/S-0279.wav,polyphonic,Cicadas and crickets,cicadas_and_crickets,138.51,140.28,0.76,0.77,1.77,1643
datased:polyphonic:001643,S-0279,DataSED - DataSED - Dataset for Sound Event Detection of environmental noise/SED_wav/S-0279.wav,polyphonic,Dog barkings and howlings,dog_barkings_and_howlings,140.61,142.49,0.77,0.78,1.88,1644
datased:polyphonic:001644,S-0279,DataSED - DataSED - Dataset for Sound Event Detection of environmental noise/SED_wav/S-0279.wav,polyphonic,Cicadas and crickets,cicadas_and_crickets,142.71,144.7,0.78,0.79,1.99,1645
datased:polyphonic:001645,S-0279,DataSED - DataSED - Dataset for Sound Event Detection of environmental noise/SED_wav/S-0279.wav,polyphonic,Dog barkings and howlings,dog_barkings_and_howlings,144.81,147.58,0.79,0.81,2.76,1646
datased:polyphonic:001646,S-0279,DataSED - DataSED - Dataset for Sound Event Detection of environmental noise/SED_wav/S-0279.wav,polyphonic,Cicadas and crickets,cicadas_and_crickets,147.8,151.33,0.81,0.83,3.54,1647
datased:polyphonic:001647,S-0279,DataSED - DataSED - Dataset for Sound Event Detection of environmental noise/SED_wav/S-0279.wav,polyphonic,Dog barkings and howlings,dog_barkings_and_howlings,151.78,153.99,0.83,0.84,2.21,1648
datased:polyphonic:001648,S-0279,DataSED - DataSED - Dataset for Sound Event Detection of environmental noise/SED_wav/S-0279.wav,polyphonic,Cicadas and crickets,cicadas_and_crickets,154.32,157.19,0.85,0.86,2.87,1649
datased:polyphonic:001649,S-0279,DataSED - DataSED - Dataset for Sound Event Detection of environmental noise/SED_wav/S-0279.wav,polyphonic,Dog barkings and howlings,dog_barkings_and_howlings,157.41,158.85,0.86,0.87,1.44,1650
datased:polyphonic:001650,S-0279,DataSED - DataSED - Dataset for Sound Event Detection of environmental noise/SED_wav/S-0279.wav,polyphonic,Cicadas and crickets,cicadas_and_crickets,158.74,160.73,0.87,0.88,1.99,1651
datased:polyphonic:001651,S-0279,DataSED - DataSED - Dataset for Sound Event Detection of environmental noise/SED_wav/S-0279.wav,polyphonic,Dog barkings and howlings,dog_barkings_and_howlings,161.28,163.05,0.88,0.89,1.77,1652
datased:polyphonic:001652,S-0279,DataSED - DataSED - Dataset for Sound Event Detection of environmental noise/SED_wav/S-0279.wav,polyphonic,Dog barkings and howlings,dog_barkings_and_howlings,164.49,171.67,0.9,0.94,7.18,1653
datased:polyphonic:001653,S-0279,DataSED - DataSED - Dataset for Sound Event Detection of environmental noise/SED_wav/S-0279.wav,polyphonic,Cicadas and crickets,cicadas_and_crickets,171.56,173.66,0.94,0.95,2.1,1654
datased:polyphonic:001654,S-0279,DataSED - DataSED - Dataset for Sound Event Detection of environmental noise/SED_wav/S-0279.wav,polyphonic,Dog barkings and howlings,dog_barkings_and_howlings,174.1,175.76,0.95,0.96,1.66,1655
datased:polyphonic:001655,S-0279,DataSED - DataSED - Dataset for Sound Event Detection of environmental noise/SED_wav/S-0279.wav,polyphonic,Dog barkings and howlings,dog_barkings_and_howlings,177.64,181.62,0.97,0.99,3.98,1656
datased:polyphonic:001656,S-0280,DataSED - DataSED - Dataset for Sound Event Detection of environmental noise/SED_wav/S-0280.wav,polyphonic,Vehicle idling,vehicle_idling,1.31,10.38,0.02,0.18,9.07,1657
datased:polyphonic:001657,S-0280,DataSED - DataSED - Dataset for Sound Event Detection of environmental noise/SED_wav/S-0280.wav,polyphonic,Train,train,10.34,29.49,0.18,0.51,19.15,1658
datased:polyphonic:001658,S-0280,DataSED - DataSED - Dataset for Sound Event Detection of environmental noise/SED_wav/S-0280.wav,polyphonic,Vehicle idling,vehicle_idling,19.09,46.08,0.33,0.79,26.99,1659
datased:polyphonic:001659,S-0280,DataSED - DataSED - Dataset for Sound Event Detection of environmental noise/SED_wav/S-0280.wav,polyphonic,Vehicle idling,vehicle_idling,48.38,57.76,0.83,0.99,9.38,1660
datased:polyphonic:001660,S-0281,DataSED - DataSED - Dataset for Sound Event Detection of environmental noise/SED_wav/S-0281.wav,polyphonic,Train,train,3.83,25.69,0.12,0.82,21.85,1661
datased:polyphonic:001661,S-0281,DataSED - DataSED - Dataset for Sound Event Detection of environmental noise/SED_wav/S-0281.wav,polyphonic,Horn,horn,4.1,6.84,0.13,0.22,2.74,1662
datased:polyphonic:001662,S-0281,DataSED - DataSED - Dataset for Sound Event Detection of environmental noise/SED_wav/S-0281.wav,polyphonic,Horn,horn,16.86,21.1,0.54,0.68,4.25,1663
datased:polyphonic:001663,S-0282,DataSED - DataSED - Dataset for Sound Event Detection of environmental noise/SED_wav/S-0282.wav,polyphonic,Birds,birds,0.0,26.62,0.0,0.32,26.62,1664
datased:polyphonic:001664,S-0282,DataSED - DataSED - Dataset for Sound Event Detection of environmental noise/SED_wav/S-0282.wav,polyphonic,Sirens and alarms,sirens_and_alarms,26.62,76.21,0.32,0.92,49.59,1665
datased:polyphonic:001665,S-0282,DataSED - DataSED - Dataset for Sound Event Detection of environmental noise/SED_wav/S-0282.wav,polyphonic,Birds,birds,76.36,83.1,0.92,1.0,6.74,1666
datased:polyphonic:001666,S-0283,DataSED - DataSED - Dataset for Sound Event Detection of environmental noise/SED_wav/S-0283.wav,polyphonic,Train,train,0.97,16.04,0.02,0.35,15.07,1667
datased:polyphonic:001667,S-0283,DataSED - DataSED - Dataset for Sound Event Detection of environmental noise/SED_wav/S-0283.wav,polyphonic,Train,train,18.07,44.06,0.4,0.97,25.98,1668
datased:polyphonic:001668,S-0284,DataSED - DataSED - Dataset for Sound Event Detection of environmental noise/SED_wav/S-0284.wav,polyphonic,Vehicle pass-by,vehicle_pass_by,1.0,11.3,0.08,0.88,10.3,1669
datased:polyphonic:001669,S-0285,DataSED - DataSED - Dataset for Sound Event Detection of environmental noise/SED_wav/S-0285.wav,polyphonic,Music,music,0.47,47.24,0.0,0.44,46.77,1670
datased:polyphonic:001670,S-0285,DataSED - DataSED - Dataset for Sound Event Detection of environmental noise/SED_wav/S-0285.wav,polyphonic,Music,music,48.09,107.63,0.45,1.0,59.54,1671
datased:polyphonic:001671,S-0286,DataSED - DataSED - Dataset for Sound Event Detection of environmental noise/SED_wav/S-0286.wav,polyphonic,Jet aircrafts,jet_aircrafts,2.33,63.86,0.03,0.93,61.52,1672
datased:polyphonic:001672,S-0287,DataSED - DataSED - Dataset for Sound Event Detection of environmental noise/SED_wav/S-0287.wav,polyphonic,Jet aircrafts,jet_aircrafts,0.7,46.19,0.01,0.97,45.5,1673
datased:polyphonic:001673,S-0288,DataSED - DataSED - Dataset for Sound Event Detection of environmental noise/SED_wav/S-0288.wav,polyphonic,Jet aircrafts,jet_aircrafts,0.97,38.0,0.02,0.98,37.03,1674
datased:polyphonic:001674,S-0289,DataSED - DataSED - Dataset for Sound Event Detection of environmental noise/SED_wav/S-0289.wav,polyphonic,Jet aircrafts,jet_aircrafts,17.84,95.37,0.18,0.95,77.53,1675
datased:polyphonic:001675,S-0290,DataSED - DataSED - Dataset for Sound Event Detection of environmental noise/SED_wav/S-0290.wav,polyphonic,Jet aircrafts,jet_aircrafts,1.2,40.54,0.03,0.98,39.34,1676
datased:polyphonic:001676,S-0291,DataSED - DataSED - Dataset for Sound Event Detection of environmental noise/SED_wav/S-0291.wav,polyphonic,Train,train,7.64,33.64,0.2,0.88,26.0,1677
datased:polyphonic:001677,S-0292,DataSED - DataSED - Dataset for Sound Event Detection of environmental noise/SED_wav/S-0292.wav,polyphonic,Voices,voices,0.38,4.49,0.0,0.04,4.11,1678
datased:polyphonic:001678,S-0292,DataSED - DataSED - Dataset for Sound Event Detection of environmental noise/SED_wav/S-0292.wav,polyphonic,Music,music,4.35,18.45,0.04,0.15,14.1,1679
datased:polyphonic:001679,S-0292,DataSED - DataSED - Dataset for Sound Event Detection of environmental noise/SED_wav/S-0292.wav,polyphonic,Vehicle pass-by,vehicle_pass_by,23.88,32.77,0.2,0.27,8.89,1680
datased:polyphonic:001680,S-0292,DataSED - DataSED - Dataset for Sound Event Detection of environmental noise/SED_wav/S-0292.wav,polyphonic,Vehicle pass-by,vehicle_pass_by,36.96,47.38,0.3,0.39,10.43,1681
datased:polyphonic:001681,S-0292,DataSED - DataSED - Dataset for Sound Event Detection of environmental noise/SED_wav/S-0292.wav,polyphonic,Music,music,54.65,62.81,0.45,0.52,8.15,1682
datased:polyphonic:001682,S-0292,DataSED - DataSED - Dataset for Sound Event Detection of environmental noise/SED_wav/S-0292.wav,polyphonic,Vehicle pass-by,vehicle_pass_by,66.77,76.54,0.55,0.63,9.77,1683
datased:polyphonic:001683,S-0292,DataSED - DataSED - Dataset for Sound Event Detection of environmental noise/SED_wav/S-0292.wav,polyphonic,Music,music,76.69,79.84,0.63,0.66,3.16,1684
datased:polyphonic:001684,S-0292,DataSED - DataSED - Dataset for Sound Event Detection of environmental noise/SED_wav/S-0292.wav,polyphonic,Vehicle idling,vehicle_idling,79.77,96.51,0.66,0.8,16.74,1685
datased:polyphonic:001685,S-0292,DataSED - DataSED - Dataset for Sound Event Detection of environmental noise/SED_wav/S-0292.wav,polyphonic,Music,music,97.25,107.68,0.8,0.89,10.43,1686
datased:polyphonic:001686,S-0292,DataSED - DataSED - Dataset for Sound Event Detection of environmental noise/SED_wav/S-0292.wav,polyphonic,Voices,voices,114.73,119.87,0.95,0.99,5.14,1687
datased:polyphonic:001687,S-0292,DataSED - DataSED - Dataset for Sound Event Detection of environmental noise/SED_wav/S-0292.wav,polyphonic,Dog barkings and howlings,dog_barkings_and_howlings,120.16,121.34,0.99,1.0,1.18,1688
datased:polyphonic:001688,S-0293,DataSED - DataSED - Dataset for Sound Event Detection of environmental noise/SED_wav/S-0293.wav,polyphonic,Music,music,7.19,26.31,0.05,0.17,19.12,1689
datased:polyphonic:001689,S-0293,DataSED - DataSED - Dataset for Sound Event Detection of environmental noise/SED_wav/S-0293.wav,polyphonic,Vehicle pass-by,vehicle_pass_by,25.93,37.88,0.16,0.24,11.95,1690
datased:polyphonic:001690,S-0293,DataSED - DataSED - Dataset for Sound Event Detection of environmental noise/SED_wav/S-0293.wav,polyphonic,Music,music,37.88,131.66,0.24,0.83,93.78,1691
datased:polyphonic:001691,S-0293,DataSED - DataSED - Dataset for Sound Event Detection of environmental noise/SED_wav/S-0293.wav,polyphonic,Vehicle pass-by,vehicle_pass_by,131.85,145.99,0.83,0.92,14.15,1692
datased:polyphonic:001692,S-0293,DataSED - DataSED - Dataset for Sound Event Detection of environmental noise/SED_wav/S-0293.wav,polyphonic,Music,music,146.19,157.37,0.93,1.0,11.18,1693
datased:polyphonic:001693,S-0294,DataSED - DataSED - Dataset for Sound Event Detection of environmental noise/SED_wav/S-0294.wav,polyphonic,Music,music,0.0,19.0,0.0,0.16,19.0,1694
datased:polyphonic:001694,S-0294,DataSED - DataSED - Dataset for Sound Event Detection of environmental noise/SED_wav/S-0294.wav,polyphonic,Voices,voices,3.97,4.83,0.03,0.04,0.86,1695
datased:polyphonic:001695,S-0294,DataSED - DataSED - Dataset for Sound Event Detection of environmental noise/SED_wav/S-0294.wav,polyphonic,Vehicle pass-by,vehicle_pass_by,19.14,29.86,0.16,0.25,10.71,1696
datased:polyphonic:001696,S-0294,DataSED - DataSED - Dataset for Sound Event Detection of environmental noise/SED_wav/S-0294.wav,polyphonic,Music,music,30.14,72.57,0.25,0.61,42.43,1697
datased:polyphonic:001697,S-0294,DataSED - DataSED - Dataset for Sound Event Detection of environmental noise/SED_wav/S-0294.wav,polyphonic,Dog barkings and howlings,dog_barkings_and_howlings,37.26,38.34,0.31,0.32,1.08,1698
datased:polyphonic:001698,S-0294,DataSED - DataSED - Dataset for Sound Event Detection of environmental noise/SED_wav/S-0294.wav,polyphonic,Dog barkings and howlings,dog_barkings_and_howlings,42.58,44.31,0.36,0.37,1.73,1699
datased:polyphonic:001699,S-0294,DataSED - DataSED - Dataset for Sound Event Detection of environmental noise/SED_wav/S-0294.wav,polyphonic,Dog barkings and howlings,dog_barkings_and_howlings,46.32,49.63,0.39,0.42,3.31,1700
datased:polyphonic:001700,S-0294,DataSED - DataSED - Dataset for Sound Event Detection of environmental noise/SED_wav/S-0294.wav,polyphonic,Dog barkings and howlings,dog_barkings_and_howlings,54.27,56.53,0.46,0.48,2.26,1701
datased:polyphonic:001701,S-0294,DataSED - DataSED - Dataset for Sound Event Detection of environmental noise/SED_wav/S-0294.wav,polyphonic,Dog barkings and howlings,dog_barkings_and_howlings,74.08,76.52,0.62,0.64,2.44,1702
datased:polyphonic:001702,S-0294,DataSED - DataSED - Dataset for Sound Event Detection of environmental noise/SED_wav/S-0294.wav,polyphonic,Dog barkings and howlings,dog_barkings_and_howlings,80.48,83.07,0.68,0.7,2.59,1703
datased:polyphonic:001703,S-0294,DataSED - DataSED - Dataset for Sound Event Detection of environmental noise/SED_wav/S-0294.wav,polyphonic,Dog barkings and howlings,dog_barkings_and_howlings,85.3,86.66,0.72,0.73,1.37,1704
datased:polyphonic:001704,S-0294,DataSED - DataSED - Dataset for Sound Event Detection of environmental noise/SED_wav/S-0294.wav,polyphonic,Dog barkings and howlings,dog_barkings_and_howlings,90.85,98.17,0.76,0.83,7.32,1705
datased:polyphonic:001705,S-0294,DataSED - DataSED - Dataset for Sound Event Detection of environmental noise/SED_wav/S-0294.wav,polyphonic,Vehicle pass-by,vehicle_pass_by,103.35,118.66,0.87,1.0,15.32,1706
datased:polyphonic:001706,S-0295,DataSED - DataSED - Dataset for Sound Event Detection of environmental noise/SED_wav/S-0295.wav,polyphonic,Music,music,1.62,52.85,0.0,0.14,51.23,1707
datased:polyphonic:001707,S-0295,DataSED - DataSED - Dataset for Sound Event Detection of environmental noise/SED_wav/S-0295.wav,polyphonic,Voices,voices,53.07,71.5,0.14,0.19,18.43,1708
datased:polyphonic:001708,S-0295,DataSED - DataSED - Dataset for Sound Event Detection of environmental noise/SED_wav/S-0295.wav,polyphonic,Music,music,71.95,114.19,0.19,0.31,42.24,1709
datased:polyphonic:001709,S-0295,DataSED - DataSED - Dataset for Sound Event Detection of environmental noise/SED_wav/S-0295.wav,polyphonic,Voices,voices,114.19,133.96,0.31,0.36,19.77,1710
datased:polyphonic:001710,S-0295,DataSED - DataSED - Dataset for Sound Event Detection of environmental noise/SED_wav/S-0295.wav,polyphonic,Music,music,134.41,167.22,0.36,0.45,32.81,1711
datased:polyphonic:001711,S-0295,DataSED - DataSED - Dataset for Sound Event Detection of environmental noise/SED_wav/S-0295.wav,polyphonic,Voices,voices,167.22,188.34,0.45,0.51,21.12,1712
datased:polyphonic:001712,S-0295,DataSED - DataSED - Dataset for Sound Event Detection of environmental noise/SED_wav/S-0295.wav,polyphonic,Music,music,188.57,219.35,0.51,0.59,30.78,1713
datased:polyphonic:001713,S-0295,DataSED - DataSED - Dataset for Sound Event Detection of environmental noise/SED_wav/S-0295.wav,polyphonic,Voices,voices,219.35,241.82,0.59,0.65,22.47,1714
datased:polyphonic:001714,S-0295,DataSED - DataSED - Dataset for Sound Event Detection of environmental noise/SED_wav/S-0295.wav,polyphonic,Music,music,243.17,344.95,0.66,0.93,101.79,1715
datased:polyphonic:001715,S-0295,DataSED - DataSED - Dataset for Sound Event Detection of environmental noise/SED_wav/S-0295.wav,polyphonic,Voices,voices,346.53,369.67,0.93,1.0,23.14,1716
datased:polyphonic:001716,S-0296,DataSED - DataSED - Dataset for Sound Event Detection of environmental noise/SED_wav/S-0296.wav,polyphonic,Music,music,2.1,43.99,0.01,0.28,41.89,1717
datased:polyphonic:001717,S-0296,DataSED - DataSED - Dataset for Sound Event Detection of environmental noise/SED_wav/S-0296.wav,polyphonic,Music,music,53.54,105.7,0.34,0.66,52.17,1718
datased:polyphonic:001718,S-0296,DataSED - DataSED - Dataset for Sound Event Detection of environmental noise/SED_wav/S-0296.wav,polyphonic,Music,music,111.97,154.88,0.7,0.97,42.91,1719
datased:polyphonic:001719,S-0297,DataSED - DataSED - Dataset for Sound Event Detection of environmental noise/SED_wav/S-0297.wav,polyphonic,Music,music,0.39,15.38,0.01,0.53,14.99,1720
datased:polyphonic:001720,S-0297,DataSED - DataSED - Dataset for Sound Event Detection of environmental noise/SED_wav/S-0297.wav,polyphonic,Music,music,21.42,28.5,0.74,0.99,7.09,1721
datased:polyphonic:001721,S-0298,DataSED - DataSED - Dataset for Sound Event Detection of environmental noise/SED_wav/S-0298.wav,polyphonic,Music,music,7.16,29.49,0.03,0.12,22.32,1722
datased:polyphonic:001722,S-0298,DataSED - DataSED - Dataset for Sound Event Detection of environmental noise/SED_wav/S-0298.wav,polyphonic,Music,music,42.2,84.06,0.16,0.33,41.86,1723
datased:polyphonic:001723,S-0298,DataSED - DataSED - Dataset for Sound Event Detection of environmental noise/SED_wav/S-0298.wav,polyphonic,Music,music,95.22,133.2,0.37,0.52,37.98,1724
datased:polyphonic:001724,S-0298,DataSED - DataSED - Dataset for Sound Event Detection of environmental noise/SED_wav/S-0298.wav,polyphonic,Music,music,143.12,163.12,0.56,0.64,20.0,1725
datased:polyphonic:001725,S-0298,DataSED - DataSED - Dataset for Sound Event Detection of environmental noise/SED_wav/S-0298.wav,polyphonic,Music,music,171.34,195.06,0.67,0.76,23.72,1726
datased:polyphonic:001726,S-0298,DataSED - DataSED - Dataset for Sound Event Detection of environmental noise/SED_wav/S-0298.wav,polyphonic,Music,music,199.4,231.49,0.78,0.9,32.09,1727
datased:polyphonic:001727,S-0298,DataSED - DataSED - Dataset for Sound Event Detection of environmental noise/SED_wav/S-0298.wav,polyphonic,Vehicle pass-by,vehicle_pass_by,244.2,249.94,0.95,0.98,5.74,1728
datased:polyphonic:001728,S-0298,DataSED - DataSED - Dataset for Sound Event Detection of environmental noise/SED_wav/S-0298.wav,polyphonic,Music,music,249.78,256.14,0.98,1.0,6.36,1729
datased:polyphonic:001729,S-0299,DataSED - DataSED - Dataset for Sound Event Detection of environmental noise/SED_wav/S-0299.wav,polyphonic,Music,music,1.82,20.5,0.01,0.17,18.69,1730
datased:polyphonic:001730,S-0299,DataSED - DataSED - Dataset for Sound Event Detection of environmental noise/SED_wav/S-0299.wav,polyphonic,Music,music,24.25,39.41,0.2,0.32,15.16,1731
datased:polyphonic:001731,S-0299,DataSED - DataSED - Dataset for Sound Event Detection of environmental noise/SED_wav/S-0299.wav,polyphonic,Music,music,43.47,58.62,0.35,0.47,15.16,1732
datased:polyphonic:001732,S-0299,DataSED - DataSED - Dataset for Sound Event Detection of environmental noise/SED_wav/S-0299.wav,polyphonic,Music,music,62.53,77.54,0.5,0.63,15.01,1733
datased:polyphonic:001733,S-0299,DataSED - DataSED - Dataset for Sound Event Detection of environmental noise/SED_wav/S-0299.wav,polyphonic,Music,music,81.44,99.15,0.66,0.8,17.71,1734
datased:polyphonic:001734,S-0299,DataSED - DataSED - Dataset for Sound Event Detection of environmental noise/SED_wav/S-0299.wav,polyphonic,Music,music,103.05,111.76,0.83,0.9,8.71,1735
datased:polyphonic:001735,S-0299,DataSED - DataSED - Dataset for Sound Event Detection of environmental noise/SED_wav/S-0299.wav,polyphonic,Music,music,115.88,123.16,0.93,0.99,7.28,1736
datased:polyphonic:001736,S-0300,DataSED - DataSED - Dataset for Sound Event Detection of environmental noise/SED_wav/S-0300.wav,polyphonic,Music,music,6.14,69.7,0.08,0.96,63.55,1737
datased:polyphonic:001737,S-0301,DataSED - DataSED - Dataset for Sound Event Detection of environmental noise/SED_wav/S-0301.wav,polyphonic,Music,music,1.25,59.81,0.01,0.35,58.57,1738
datased:polyphonic:001738,S-0301,DataSED - DataSED - Dataset for Sound Event Detection of environmental noise/SED_wav/S-0301.wav,polyphonic,Vehicle pass-by,vehicle_pass_by,57.29,88.13,0.34,0.52,30.84,1739
datased:polyphonic:001739,S-0301,DataSED - DataSED - Dataset for Sound Event Detection of environmental noise/SED_wav/S-0301.wav,polyphonic,Vehicle idling,vehicle_idling,88.74,121.04,0.53,0.72,32.3,1740
datased:polyphonic:001740,S-0301,DataSED - DataSED - Dataset for Sound Event Detection of environmental noise/SED_wav/S-0301.wav,polyphonic,Horn,horn,109.69,111.33,0.65,0.66,1.64,1741
datased:polyphonic:001741,S-0301,DataSED - DataSED - Dataset for Sound Event Detection of environmental noise/SED_wav/S-0301.wav,polyphonic,Vehicle idling,vehicle_idling,128.91,147.31,0.76,0.87,18.4,1742
datased:polyphonic:001742,S-0301,DataSED - DataSED - Dataset for Sound Event Detection of environmental noise/SED_wav/S-0301.wav,polyphonic,Voices,voices,147.21,167.85,0.87,0.99,20.65,1743
datased:polyphonic:001743,S-0302,DataSED - DataSED - Dataset for Sound Event Detection of environmental noise/SED_wav/S-0302.wav,polyphonic,Train,train,0.7,22.27,0.03,0.99,21.58,1744
datased:polyphonic:001744,S-0303,DataSED - DataSED - Dataset for Sound Event Detection of environmental noise/SED_wav/S-0303.wav,polyphonic,Music,music,0.0,30.22,0.0,0.15,30.22,1745
datased:polyphonic:001745,S-0303,DataSED - DataSED - Dataset for Sound Event Detection of environmental noise/SED_wav/S-0303.wav,polyphonic,Music,music,35.19,77.59,0.18,0.4,42.39,1746
datased:polyphonic:001746,S-0303,DataSED - DataSED - Dataset for Sound Event Detection of environmental noise/SED_wav/S-0303.wav,polyphonic,Music,music,83.98,133.71,0.43,0.68,49.73,1747
datased:polyphonic:001747,S-0303,DataSED - DataSED - Dataset for Sound Event Detection of environmental noise/SED_wav/S-0303.wav,polyphonic,Music,music,138.45,180.37,0.71,0.92,41.92,1748
datased:polyphonic:001748,S-0304,DataSED - DataSED - Dataset for Sound Event Detection of environmental noise/SED_wav/S-0304.wav,polyphonic,Propeller aircrafts,propeller_aircrafts,3.11,78.64,0.04,0.92,75.53,1749
datased:polyphonic:001749,S-0305,DataSED - DataSED - Dataset for Sound Event Detection of environmental noise/SED_wav/S-0305.wav,polyphonic,Voices,voices,4.4,7.95,0.02,0.03,3.56,1750
datased:polyphonic:001750,S-0305,DataSED - DataSED - Dataset for Sound Event Detection of environmental noise/SED_wav/S-0305.wav,polyphonic,Music,music,8.44,255.76,0.03,0.96,247.32,1751
datased:polyphonic:001751,S-0306,DataSED - DataSED - Dataset for Sound Event Detection of environmental noise/SED_wav/S-0306.wav,polyphonic,Vehicle pass-by,vehicle_pass_by,1.22,12.16,0.07,0.69,10.93,1752
datased:polyphonic:001752,S-0307,DataSED - DataSED - Dataset for Sound Event Detection of environmental noise/SED_wav/S-0307.wav,polyphonic,Propeller aircrafts,propeller_aircrafts,2.41,90.19,0.03,0.98,87.78,1753
datased:polyphonic:001753,S-0308,DataSED - DataSED - Dataset for Sound Event Detection of environmental noise/SED_wav/S-0308.wav,polyphonic,Jet aircrafts,jet_aircrafts,1.45,48.65,0.03,0.92,47.19,1754
datased:polyphonic:001754,S-0309,DataSED - DataSED - Dataset for Sound Event Detection of environmental noise/SED_wav/S-0309.wav,polyphonic,Sirens and alarms,sirens_and_alarms,3.89,7.87,0.47,0.96,3.98,1755
datased:polyphonic:001755,S-0310,DataSED - DataSED - Dataset for Sound Event Detection of environmental noise/SED_wav/S-0310.wav,polyphonic,Sirens and alarms,sirens_and_alarms,0.61,12.02,0.04,0.73,11.41,1756
datased:polyphonic:001756,S-0311,DataSED - DataSED - Dataset for Sound Event Detection of environmental noise/SED_wav/S-0311.wav,polyphonic,Sirens and alarms,sirens_and_alarms,1.32,22.33,0.06,0.96,21.01,1757
datased:polyphonic:001757,S-0311,DataSED - DataSED - Dataset for Sound Event Detection of environmental noise/SED_wav/S-0311.wav,polyphonic,Vehicle pass-by,vehicle_pass_by,11.56,12.78,0.49,0.55,1.22,1758
datased:polyphonic:001758,S-0312,DataSED - DataSED - Dataset for Sound Event Detection of environmental noise/SED_wav/S-0312.wav,polyphonic,Sirens and alarms,sirens_and_alarms,5.57,25.99,0.05,0.25,20.42,1759
datased:polyphonic:001759,S-0312,DataSED - DataSED - Dataset for Sound Event Detection of environmental noise/SED_wav/S-0312.wav,polyphonic,Birds,birds,33.61,43.35,0.33,0.42,9.74,1760
datased:polyphonic:001760,S-0312,DataSED - DataSED - Dataset for Sound Event Detection of environmental noise/SED_wav/S-0312.wav,polyphonic,Jet aircrafts,jet_aircrafts,44.03,61.83,0.43,0.6,17.8,1761
datased:polyphonic:001761,S-0312,DataSED - DataSED - Dataset for Sound Event Detection of environmental noise/SED_wav/S-0312.wav,polyphonic,Sirens and alarms,sirens_and_alarms,62.58,81.68,0.61,0.79,19.11,1762
datased:polyphonic:001762,S-0312,DataSED - DataSED - Dataset for Sound Event Detection of environmental noise/SED_wav/S-0312.wav,polyphonic,Birds,birds,81.93,90.3,0.79,0.88,8.37,1763
datased:polyphonic:001763,S-0312,DataSED - DataSED - Dataset for Sound Event Detection of environmental noise/SED_wav/S-0312.wav,polyphonic,Vehicle pass-by,vehicle_pass_by,90.43,101.48,0.88,0.98,11.05,1764
datased:polyphonic:001764,S-0313,DataSED - DataSED - Dataset for Sound Event Detection of environmental noise/SED_wav/S-0313.wav,polyphonic,Sirens and alarms,sirens_and_alarms,0.0,22.15,0.0,0.99,22.15,1765
datased:polyphonic:001765,S-0313,DataSED - DataSED - Dataset for Sound Event Detection of environmental noise/SED_wav/S-0313.wav,polyphonic,Horn,horn,11.75,14.13,0.53,0.63,2.38,1766
datased:polyphonic:001766,S-0314,DataSED - DataSED - Dataset for Sound Event Detection of environmental noise/SED_wav/S-0314.wav,polyphonic,Sirens and alarms,sirens_and_alarms,0.0,25.0,0.0,0.86,25.0,1767
datased:polyphonic:001767,S-0314,DataSED - DataSED - Dataset for Sound Event Detection of environmental noise/SED_wav/S-0314.wav,polyphonic,Dog barkings and howlings,dog_barkings_and_howlings,2.77,3.62,0.1,0.12,0.85,1768
datased:polyphonic:001768,S-0314,DataSED - DataSED - Dataset for Sound Event Detection of environmental noise/SED_wav/S-0314.wav,polyphonic,Dog barkings and howlings,dog_barkings_and_howlings,6.0,7.72,0.21,0.26,1.71,1769
datased:polyphonic:001769,S-0315,DataSED - DataSED - Dataset for Sound Event Detection of environmental noise/SED_wav/S-0315.wav,polyphonic,Sirens and alarms,sirens_and_alarms,0.94,48.15,0.01,0.28,47.2,1770
datased:polyphonic:001770,S-0315,DataSED - DataSED - Dataset for Sound Event Detection of environmental noise/SED_wav/S-0315.wav,polyphonic,Horn,horn,19.21,20.54,0.11,0.12,1.33,1771
datased:polyphonic:001771,S-0315,DataSED - DataSED - Dataset for Sound Event Detection of environmental noise/SED_wav/S-0315.wav,polyphonic,Vehicle idling,vehicle_idling,61.79,74.42,0.36,0.44,12.62,1772
datased:polyphonic:001772,S-0315,DataSED - DataSED - Dataset for Sound Event Detection of environmental noise/SED_wav/S-0315.wav,polyphonic,Vehicle pass-by,vehicle_pass_by,81.39,86.01,0.48,0.51,4.62,1773
datased:polyphonic:001773,S-0315,DataSED - DataSED - Dataset for Sound Event Detection of environmental noise/SED_wav/S-0315.wav,polyphonic,Vehicle pass-by,vehicle_pass_by,87.55,92.89,0.52,0.55,5.34,1774
datased:polyphonic:001774,S-0315,DataSED - DataSED - Dataset for Sound Event Detection of environmental noise/SED_wav/S-0315.wav,polyphonic,Vehicle idling,vehicle_idling,96.38,102.12,0.57,0.6,5.75,1775
datased:polyphonic:001775,S-0315,DataSED - DataSED - Dataset for Sound Event Detection of environmental noise/SED_wav/S-0315.wav,polyphonic,Vehicle idling,vehicle_idling,113.72,157.53,0.67,0.93,43.81,1776
datased:polyphonic:001776,S-0316,DataSED - DataSED - Dataset for Sound Event Detection of environmental noise/SED_wav/S-0316.wav,polyphonic,Vehicle idling,vehicle_idling,3.1,12.16,0.05,0.19,9.06,1777
datased:polyphonic:001777,S-0316,DataSED - DataSED - Dataset for Sound Event Detection of environmental noise/SED_wav/S-0316.wav,polyphonic,Voices,voices,3.49,5.99,0.05,0.09,2.49,1778
datased:polyphonic:001778,S-0316,DataSED - DataSED - Dataset for Sound Event Detection of environmental noise/SED_wav/S-0316.wav,polyphonic,Dog barkings and howlings,dog_barkings_and_howlings,8.8,9.23,0.13,0.14,0.44,1779
datased:polyphonic:001779,S-0316,DataSED - DataSED - Dataset for Sound Event Detection of environmental noise/SED_wav/S-0316.wav,polyphonic,Sirens and alarms,sirens_and_alarms,13.03,40.82,0.2,0.62,27.79,1780
datased:polyphonic:001780,S-0316,DataSED - DataSED - Dataset for Sound Event Detection of environmental noise/SED_wav/S-0316.wav,polyphonic,Vehicle idling,vehicle_idling,43.51,51.03,0.67,0.78,7.52,1781
datased:polyphonic:001781,S-0316,DataSED - DataSED - Dataset for Sound Event Detection of environmental noise/SED_wav/S-0316.wav,polyphonic,Voices,voices,51.86,55.54,0.79,0.85,3.68,1782
datased:polyphonic:001782,S-0316,DataSED - DataSED - Dataset for Sound Event Detection of environmental noise/SED_wav/S-0316.wav,polyphonic,Vehicle pass-by,vehicle_pass_by,55.78,57.37,0.85,0.88,1.58,1783
datased:polyphonic:001783,S-0316,DataSED - DataSED - Dataset for Sound Event Detection of environmental noise/SED_wav/S-0316.wav,polyphonic,Voices,voices,60.49,61.52,0.92,0.94,1.03,1784
datased:polyphonic:001784,S-0316,DataSED - DataSED - Dataset for Sound Event Detection of environmental noise/SED_wav/S-0316.wav,polyphonic,Voices,voices,63.58,65.39,0.97,1.0,1.81,1785
datased:polyphonic:001785,S-0317,DataSED - DataSED - Dataset for Sound Event Detection of environmental noise/SED_wav/S-0317.wav,polyphonic,Sirens and alarms,sirens_and_alarms,0.1,13.0,0.01,0.93,12.9,1786
datased:polyphonic:001786,S-0318,DataSED - DataSED - Dataset for Sound Event Detection of environmental noise/SED_wav/S-0318.wav,polyphonic,Sirens and alarms,sirens_and_alarms,8.35,48.64,0.09,0.55,40.29,1787
datased:polyphonic:001787,S-0318,DataSED - DataSED - Dataset for Sound Event Detection of environmental noise/SED_wav/S-0318.wav,polyphonic,Sirens and alarms,sirens_and_alarms,49.98,51.58,0.57,0.58,1.6,1788
datased:polyphonic:001788,S-0318,DataSED - DataSED - Dataset for Sound Event Detection of environmental noise/SED_wav/S-0318.wav,polyphonic,Sirens and alarms,sirens_and_alarms,51.95,53.24,0.59,0.6,1.28,1789
datased:polyphonic:001789,S-0318,DataSED - DataSED - Dataset for Sound Event Detection of environmental noise/SED_wav/S-0318.wav,polyphonic,Sirens and alarms,sirens_and_alarms,54.89,86.96,0.62,0.98,32.06,1790
datased:polyphonic:001790,S-0319,DataSED - DataSED - Dataset for Sound Event Detection of environmental noise/SED_wav/S-0319.wav,polyphonic,Vehicle pass-by,vehicle_pass_by,4.66,9.96,0.08,0.17,5.3,1791
datased:polyphonic:001791,S-0319,DataSED - DataSED - Dataset for Sound Event Detection of environmental noise/SED_wav/S-0319.wav,polyphonic,Sirens and alarms,sirens_and_alarms,9.82,18.56,0.17,0.32,8.74,1792
datased:polyphonic:001792,S-0319,DataSED - DataSED - Dataset for Sound Event Detection of environmental noise/SED_wav/S-0319.wav,polyphonic,Sirens and alarms,sirens_and_alarms,24.71,53.24,0.42,0.91,28.54,1793
datased:polyphonic:001793,S-0320,DataSED - DataSED - Dataset for Sound Event Detection of environmental noise/SED_wav/S-0320.wav,polyphonic,Sirens and alarms,sirens_and_alarms,0.24,14.69,0.01,0.49,14.45,1794
datased:polyphonic:001794,S-0320,DataSED - DataSED - Dataset for Sound Event Detection of environmental noise/SED_wav/S-0320.wav,polyphonic,Sirens and alarms,sirens_and_alarms,17.42,27.06,0.58,0.91,9.64,1795
datased:polyphonic:001795,S-0321,DataSED - DataSED - Dataset for Sound Event Detection of environmental noise/SED_wav/S-0321.wav,polyphonic,Birds,birds,0.0,13.89,0.0,0.07,13.89,1796
datased:polyphonic:001796,S-0321,DataSED - DataSED - Dataset for Sound Event Detection of environmental noise/SED_wav/S-0321.wav,polyphonic,Vehicle pass-by,vehicle_pass_by,7.83,11.21,0.04,0.06,3.38,1797
datased:polyphonic:001797,S-0321,DataSED - DataSED - Dataset for Sound Event Detection of environmental noise/SED_wav/S-0321.wav,polyphonic,Sirens and alarms,sirens_and_alarms,14.36,55.95,0.07,0.29,41.6,1798
datased:polyphonic:001798,S-0321,DataSED - DataSED - Dataset for Sound Event Detection of environmental noise/SED_wav/S-0321.wav,polyphonic,Sirens and alarms,sirens_and_alarms,65.62,187.15,0.34,0.97,121.52,1799
datased:polyphonic:001799,S-0321,DataSED - DataSED - Dataset for Sound Event Detection of environmental noise/SED_wav/S-0321.wav,polyphonic,Dog barkings and howlings,dog_barkings_and_howlings,188.78,190.64,0.98,0.99,1.86,1800
datased:polyphonic:001800,S-0322,DataSED - DataSED - Dataset for Sound Event Detection of environmental noise/SED_wav/S-0322.wav,polyphonic,Sirens and alarms,sirens_and_alarms,7.45,95.61,0.03,0.37,88.15,1801
datased:polyphonic:001801,S-0322,DataSED - DataSED - Dataset for Sound Event Detection of environmental noise/SED_wav/S-0322.wav,polyphonic,Sirens and alarms,sirens_and_alarms,115.1,242.84,0.45,0.95,127.75,1802
datased:polyphonic:001802,S-0322,DataSED - DataSED - Dataset for Sound Event Detection of environmental noise/SED_wav/S-0322.wav,polyphonic,Birds,birds,243.15,255.52,0.95,1.0,12.37,1803
datased:polyphonic:001803,S-0323,DataSED - DataSED - Dataset for Sound Event Detection of environmental noise/SED_wav/S-0323.wav,polyphonic,Sirens and alarms,sirens_and_alarms,1.06,56.38,0.02,0.91,55.32,1804
datased:polyphonic:001804,S-0324,DataSED - DataSED - Dataset for Sound Event Detection of environmental noise/SED_wav/S-0324.wav,polyphonic,Train,train,0.37,22.72,0.01,0.9,22.36,1805
datased:polyphonic:001805,S-0325,DataSED - DataSED - Dataset for Sound Event Detection of environmental noise/SED_wav/S-0325.wav,polyphonic,Sirens and alarms,sirens_and_alarms,3.98,6.92,0.03,0.05,2.94,1806
datased:polyphonic:001806,S-0325,DataSED - DataSED - Dataset for Sound Event Detection of environmental noise/SED_wav/S-0325.wav,polyphonic,Vehicle pass-by,vehicle_pass_by,9.5,38.76,0.06,0.25,29.26,1807
datased:polyphonic:001807,S-0325,DataSED - DataSED - Dataset for Sound Event Detection of environmental noise/SED_wav/S-0325.wav,polyphonic,Sirens and alarms,sirens_and_alarms,38.21,57.16,0.25,0.38,18.96,1808
datased:polyphonic:001808,S-0325,DataSED - DataSED - Dataset for Sound Event Detection of environmental noise/SED_wav/S-0325.wav,polyphonic,Sirens and alarms,sirens_and_alarms,57.35,128.02,0.38,0.84,70.67,1809
datased:polyphonic:001809,S-0326,DataSED - DataSED - Dataset for Sound Event Detection of environmental noise/SED_wav/S-0326.wav,polyphonic,Train,train,1.04,17.98,0.06,0.96,16.94,1810
datased:polyphonic:001810,S-0327,DataSED - DataSED - Dataset for Sound Event Detection of environmental noise/SED_wav/S-0327.wav,polyphonic,Train,train,7.49,77.21,0.04,0.45,69.72,1811
datased:polyphonic:001811,S-0327,DataSED - DataSED - Dataset for Sound Event Detection of environmental noise/SED_wav/S-0327.wav,polyphonic,Jet aircrafts,jet_aircrafts,123.69,132.51,0.72,0.77,8.82,1812
datased:polyphonic:001812,S-0328,DataSED - DataSED - Dataset for Sound Event Detection of environmental noise/SED_wav/S-0328.wav,polyphonic,Voices,voices,0.46,3.51,0.01,0.09,3.06,1813
datased:polyphonic:001813,S-0328,DataSED - DataSED - Dataset for Sound Event Detection of environmental noise/SED_wav/S-0328.wav,polyphonic,Horn,horn,5.58,7.4,0.14,0.19,1.83,1814
datased:polyphonic:001814,S-0328,DataSED - DataSED - Dataset for Sound Event Detection of environmental noise/SED_wav/S-0328.wav,polyphonic,Train,train,8.42,33.55,0.21,0.86,25.13,1815
datased:polyphonic:001815,S-0328,DataSED - DataSED - Dataset for Sound Event Detection of environmental noise/SED_wav/S-0328.wav,polyphonic,Horn,horn,16.55,17.69,0.42,0.45,1.14,1816
datased:polyphonic:001816,S-0329,DataSED - DataSED - Dataset for Sound Event Detection of environmental noise/SED_wav/S-0329.wav,polyphonic,Train,train,5.34,51.94,0.07,0.7,46.6,1817
datased:polyphonic:001817,S-0329,DataSED - DataSED - Dataset for Sound Event Detection of environmental noise/SED_wav/S-0329.wav,polyphonic,Horn,horn,49.83,50.55,0.67,0.68,0.72,1818
datased:polyphonic:001818,S-0329,DataSED - DataSED - Dataset for Sound Event Detection of environmental noise/SED_wav/S-0329.wav,polyphonic,Horn,horn,59.87,62.33,0.81,0.84,2.46,1819
datased:polyphonic:001819,S-0330,DataSED - DataSED - Dataset for Sound Event Detection of environmental noise/SED_wav/S-0330.wav,polyphonic,Sirens and alarms,sirens_and_alarms,1.16,19.92,0.01,0.19,18.76,1820
datased:polyphonic:001820,S-0330,DataSED - DataSED - Dataset for Sound Event Detection of environmental noise/SED_wav/S-0330.wav,polyphonic,Horn,horn,15.66,18.71,0.15,0.18,3.05,1821
datased:polyphonic:001821,S-0330,DataSED - DataSED - Dataset for Sound Event Detection of environmental noise/SED_wav/S-0330.wav,polyphonic,Horn,horn,19.99,23.74,0.19,0.23,3.75,1822
datased:polyphonic:001822,S-0330,DataSED - DataSED - Dataset for Sound Event Detection of environmental noise/SED_wav/S-0330.wav,polyphonic,Train,train,23.68,93.77,0.23,0.89,70.1,1823
datased:polyphonic:001823,S-0330,DataSED - DataSED - Dataset for Sound Event Detection of environmental noise/SED_wav/S-0330.wav,polyphonic,Vehicle idling,vehicle_idling,93.9,103.44,0.89,0.98,9.54,1824
datased:polyphonic:001824,S-0331,DataSED - DataSED - Dataset for Sound Event Detection of environmental noise/SED_wav/S-0331.wav,polyphonic,Sirens and alarms,sirens_and_alarms,0.29,22.12,0.0,0.34,21.83,1825
datased:polyphonic:001825,S-0331,DataSED - DataSED - Dataset for Sound Event Detection of environmental noise/SED_wav/S-0331.wav,polyphonic,Train,train,32.66,49.62,0.5,0.76,16.96,1826
datased:polyphonic:001826,S-0331,DataSED - DataSED - Dataset for Sound Event Detection of environmental noise/SED_wav/S-0331.wav,polyphonic,Vehicle pass-by,vehicle_pass_by,53.15,61.07,0.81,0.93,7.93,1827
datased:polyphonic:001827,S-0332,DataSED - DataSED - Dataset for Sound Event Detection of environmental noise/SED_wav/S-0332.wav,polyphonic,Vehicle idling,vehicle_idling,0.0,24.35,0.0,0.25,24.35,1828
datased:polyphonic:001828,S-0332,DataSED - DataSED - Dataset for Sound Event Detection of environmental noise/SED_wav/S-0332.wav,polyphonic,Vehicle idling,vehicle_idling,27.15,35.48,0.28,0.36,8.33,1829
datased:polyphonic:001829,S-0332,DataSED - DataSED - Dataset for Sound Event Detection of environmental noise/SED_wav/S-0332.wav,polyphonic,Horn,horn,32.14,33.27,0.33,0.34,1.13,1830
datased:polyphonic:001830,S-0332,DataSED - DataSED - Dataset for Sound Event Detection of environmental noise/SED_wav/S-0332.wav,polyphonic,Vehicle idling,vehicle_idling,38.51,49.34,0.39,0.5,10.83,1831
datased:polyphonic:001831,S-0332,DataSED - DataSED - Dataset for Sound Event Detection of environmental noise/SED_wav/S-0332.wav,polyphonic,Train,train,51.84,93.55,0.53,0.95,41.71,1832
datased:polyphonic:001832,S-0332,DataSED - DataSED - Dataset for Sound Event Detection of environmental noise/SED_wav/S-0332.wav,polyphonic,Sirens and alarms,sirens_and_alarms,92.06,93.07,0.94,0.95,1.01,1833
datased:polyphonic:001833,S-0333,DataSED - DataSED - Dataset for Sound Event Detection of environmental noise/SED_wav/S-0333.wav,polyphonic,Train,train,0.53,11.09,0.0,0.1,10.56,1834
datased:polyphonic:001834,S-0333,DataSED - DataSED - Dataset for Sound Event Detection of environmental noise/SED_wav/S-0333.wav,polyphonic,Birds,birds,11.54,19.03,0.11,0.18,7.49,1835
datased:polyphonic:001835,S-0333,DataSED - DataSED - Dataset for Sound Event Detection of environmental noise/SED_wav/S-0333.wav,polyphonic,Vehicle pass-by,vehicle_pass_by,19.09,25.81,0.18,0.24,6.72,1836
datased:polyphonic:001836,S-0333,DataSED - DataSED - Dataset for Sound Event Detection of environmental noise/SED_wav/S-0333.wav,polyphonic,Train,train,35.74,42.14,0.34,0.4,6.4,1837
datased:polyphonic:001837,S-0333,DataSED - DataSED - Dataset for Sound Event Detection of environmental noise/SED_wav/S-0333.wav,polyphonic,Vehicle idling,vehicle_idling,48.67,58.78,0.46,0.56,10.12,1838
datased:polyphonic:001838,S-0333,DataSED - DataSED - Dataset for Sound Event Detection of environmental noise/SED_wav/S-0333.wav,polyphonic,Birds,birds,59.1,69.79,0.56,0.66,10.69,1839
datased:polyphonic:001839,S-0333,DataSED - DataSED - Dataset for Sound Event Detection of environmental noise/SED_wav/S-0333.wav,polyphonic,Train,train,79.72,97.51,0.75,0.92,17.8,1840
datased:polyphonic:001840,S-0333,DataSED - DataSED - Dataset for Sound Event Detection of environmental noise/SED_wav/S-0333.wav,polyphonic,Birds,birds,97.83,103.72,0.92,0.98,5.89,1841
datased:polyphonic:001841,S-0333,DataSED - DataSED - Dataset for Sound Event Detection of environmental noise/SED_wav/S-0333.wav,polyphonic,Crows seagulls and magpies,crows_seagulls_magpies,104.04,105.77,0.98,1.0,1.73,1842
datased:polyphonic:001842,S-0334,DataSED - DataSED - Dataset for Sound Event Detection of environmental noise/SED_wav/S-0334.wav,polyphonic,Train,train,7.32,26.97,0.17,0.63,19.65,1843
datased:polyphonic:001843,S-0334,DataSED - DataSED - Dataset for Sound Event Detection of environmental noise/SED_wav/S-0334.wav,polyphonic,Voices,voices,31.14,33.9,0.72,0.79,2.76,1844
datased:polyphonic:001844,S-0334,DataSED - DataSED - Dataset for Sound Event Detection of environmental noise/SED_wav/S-0334.wav,polyphonic,Voices,voices,36.27,37.83,0.84,0.88,1.56,1845
datased:polyphonic:001845,S-0335,DataSED - DataSED - Dataset for Sound Event Detection of environmental noise/SED_wav/S-0335.wav,polyphonic,Train,train,2.11,23.93,0.09,0.98,21.81,1846
datased:polyphonic:001846,S-0336,DataSED - DataSED - Dataset for Sound Event Detection of environmental noise/SED_wav/S-0336.wav,polyphonic,Train,train,0.0,112.75,0.0,0.84,112.75,1847
datased:polyphonic:001847,S-0337,DataSED - DataSED - Dataset for Sound Event Detection of environmental noise/SED_wav/S-0337.wav,polyphonic,Birds,birds,0.0,9.41,0.0,0.19,9.41,1848
datased:polyphonic:001848,S-0337,DataSED - DataSED - Dataset for Sound Event Detection of environmental noise/SED_wav/S-0337.wav,polyphonic,Train,train,9.38,38.13,0.18,0.75,28.75,1849
datased:polyphonic:001849,S-0337,DataSED - DataSED - Dataset for Sound Event Detection of environmental noise/SED_wav/S-0337.wav,polyphonic,Birds,birds,38.19,49.57,0.75,0.98,11.38,1850
datased:polyphonic:001850,S-0338,DataSED - DataSED - Dataset for Sound Event Detection of environmental noise/SED_wav/S-0338.wav,polyphonic,Train,train,10.97,28.91,0.25,0.65,17.94,1851
datased:polyphonic:001851,S-0339,DataSED - DataSED - Dataset for Sound Event Detection of environmental noise/SED_wav/S-0339.wav,polyphonic,Birds,birds,2.09,13.64,0.01,0.09,11.54,1852
datased:polyphonic:001852,S-0339,DataSED - DataSED - Dataset for Sound Event Detection of environmental noise/SED_wav/S-0339.wav,polyphonic,Train,train,13.64,41.5,0.09,0.28,27.87,1853
datased:polyphonic:001853,S-0339,DataSED - DataSED - Dataset for Sound Event Detection of environmental noise/SED_wav/S-0339.wav,polyphonic,Vehicle pass-by,vehicle_pass_by,46.82,63.69,0.31,0.43,16.86,1854
datased:polyphonic:001854,S-0339,DataSED - DataSED - Dataset for Sound Event Detection of environmental noise/SED_wav/S-0339.wav,polyphonic,Music,music,65.31,69.37,0.44,0.47,4.06,1855
datased:polyphonic:001855,S-0339,DataSED - DataSED - Dataset for Sound Event Detection of environmental noise/SED_wav/S-0339.wav,polyphonic,Horn,horn,87.95,89.3,0.59,0.6,1.35,1856
datased:polyphonic:001856,S-0339,DataSED - DataSED - Dataset for Sound Event Detection of environmental noise/SED_wav/S-0339.wav,polyphonic,Train,train,93.27,134.39,0.63,0.9,41.12,1857
datased:polyphonic:001857,S-0339,DataSED - DataSED - Dataset for Sound Event Detection of environmental noise/SED_wav/S-0339.wav,polyphonic,Birds,birds,134.84,147.83,0.9,0.99,12.99,1858
datased:polyphonic:001858,S-0339,DataSED - DataSED - Dataset for Sound Event Detection of environmental noise/SED_wav/S-0339.wav,polyphonic,Vehicle idling,vehicle_idling,143.32,147.2,0.96,0.99,3.88,1859
datased:polyphonic:001859,S-0340,DataSED - DataSED - Dataset for Sound Event Detection of environmental noise/SED_wav/S-0340.wav,polyphonic,Train,train,2.55,15.41,0.09,0.56,12.86,1860
datased:polyphonic:001860,S-0341,DataSED - DataSED - Dataset for Sound Event Detection of environmental noise/SED_wav/S-0341.wav,polyphonic,Voices,voices,0.0,14.66,0.0,0.23,14.66,1861
datased:polyphonic:001861,S-0341,DataSED - DataSED - Dataset for Sound Event Detection of environmental noise/SED_wav/S-0341.wav,polyphonic,Train,train,15.15,25.4,0.24,0.41,10.26,1862
datased:polyphonic:001862,S-0341,DataSED - DataSED - Dataset for Sound Event Detection of environmental noise/SED_wav/S-0341.wav,polyphonic,Voices,voices,22.98,62.54,0.37,1.0,39.55,1863
datased:polyphonic:001863,S-0342,DataSED - DataSED - Dataset for Sound Event Detection of environmental noise/SED_wav/S-0342.wav,polyphonic,Horn,horn,5.05,9.14,0.03,0.05,4.09,1864
datased:polyphonic:001864,S-0342,DataSED - DataSED - Dataset for Sound Event Detection of environmental noise/SED_wav/S-0342.wav,polyphonic,Horn,horn,11.36,15.79,0.06,0.08,4.44,1865
datased:polyphonic:001865,S-0342,DataSED - DataSED - Dataset for Sound Event Detection of environmental noise/SED_wav/S-0342.wav,polyphonic,Horn,horn,17.08,22.8,0.09,0.12,5.72,1866
datased:polyphonic:001866,S-0342,DataSED - DataSED - Dataset for Sound Event Detection of environmental noise/SED_wav/S-0342.wav,polyphonic,Train,train,23.04,182.38,0.12,0.94,159.35,1867
datased:polyphonic:001867,S-0343,DataSED - DataSED - Dataset for Sound Event Detection of environmental noise/SED_wav/S-0343.wav,polyphonic,Train,train,1.5,16.03,0.08,0.82,14.52,1868
datased:polyphonic:001868,S-0344,DataSED - DataSED - Dataset for Sound Event Detection of environmental noise/SED_wav/S-0344.wav,polyphonic,Train,train,0.66,10.1,0.03,0.45,9.43,1869
datased:polyphonic:001869,S-0345,DataSED - DataSED - Dataset for Sound Event Detection of environmental noise/SED_wav/S-0345.wav,polyphonic,Train,train,9.37,30.61,0.24,0.79,21.25,1870
datased:polyphonic:001870,S-0346,DataSED - DataSED - Dataset for Sound Event Detection of environmental noise/SED_wav/S-0346.wav,polyphonic,Train,train,0.82,35.5,0.02,0.84,34.67,1871
datased:polyphonic:001871,S-0347,DataSED - DataSED - Dataset for Sound Event Detection of environmental noise/SED_wav/S-0347.wav,polyphonic,Vehicle idling,vehicle_idling,0.0,53.35,0.0,0.3,53.35,1872
datased:polyphonic:001872,S-0347,DataSED - DataSED - Dataset for Sound Event Detection of environmental noise/SED_wav/S-0347.wav,polyphonic,Horn,horn,61.17,80.23,0.35,0.45,19.06,1873
datased:polyphonic:001873,S-0347,DataSED - DataSED - Dataset for Sound Event Detection of environmental noise/SED_wav/S-0347.wav,polyphonic,Train,train,80.23,173.07,0.45,0.98,92.84,1874
datased:polyphonic:001874,S-0347,DataSED - DataSED - Dataset for Sound Event Detection of environmental noise/SED_wav/S-0347.wav,polyphonic,Horn,horn,85.79,88.15,0.48,0.5,2.36,1875
datased:polyphonic:001875,S-0347,DataSED - DataSED - Dataset for Sound Event Detection of environmental noise/SED_wav/S-0347.wav,polyphonic,Horn,horn,90.72,96.07,0.51,0.54,5.35,1876
datased:polyphonic:001876,S-0347,DataSED - DataSED - Dataset for Sound Event Detection of environmental noise/SED_wav/S-0347.wav,polyphonic,Horn,horn,101.96,106.57,0.58,0.6,4.6,1877
datased:polyphonic:001877,S-0348,DataSED - DataSED - Dataset for Sound Event Detection of environmental noise/SED_wav/S-0348.wav,polyphonic,Voices,voices,0.8,22.67,0.04,1.0,21.87,1878
datased:polyphonic:001878,S-0348,DataSED - DataSED - Dataset for Sound Event Detection of environmental noise/SED_wav/S-0348.wav,polyphonic,Glass breaking,glass_breaking,4.97,7.86,0.22,0.35,2.89,1879
datased:polyphonic:001879,S-0348,DataSED - DataSED - Dataset for Sound Event Detection of environmental noise/SED_wav/S-0348.wav,polyphonic,Glass breaking,glass_breaking,15.23,17.08,0.67,0.75,1.86,1880
datased:polyphonic:001880,S-0349,DataSED - DataSED - Dataset for Sound Event Detection of environmental noise/SED_wav/S-0349.wav,polyphonic,Music,music,0.0,3.56,0.0,0.04,3.56,1881
datased:polyphonic:001881,S-0349,DataSED - DataSED - Dataset for Sound Event Detection of environmental noise/SED_wav/S-0349.wav,polyphonic,Voices,voices,3.77,27.99,0.04,0.32,24.22,1882
datased:polyphonic:001882,S-0349,DataSED - DataSED - Dataset for Sound Event Detection of environmental noise/SED_wav/S-0349.wav,polyphonic,Music,music,28.25,40.15,0.33,0.47,11.9,1883
datased:polyphonic:001883,S-0349,DataSED - DataSED - Dataset for Sound Event Detection of environmental noise/SED_wav/S-0349.wav,polyphonic,Voices,voices,40.41,54.29,0.47,0.63,13.88,1884
datased:polyphonic:001884,S-0349,DataSED - DataSED - Dataset for Sound Event Detection of environmental noise/SED_wav/S-0349.wav,polyphonic,Music,music,54.4,84.62,0.63,0.98,30.22,1885
datased:polyphonic:001885,S-0350,DataSED - DataSED - Dataset for Sound Event Detection of environmental noise/SED_wav/S-0350.wav,polyphonic,Workshop,workshop,1.79,167.87,0.01,0.98,166.09,1886
datased:polyphonic:001886,S-0351,DataSED - DataSED - Dataset for Sound Event Detection of environmental noise/SED_wav/S-0351.wav,polyphonic,Horn,horn,0.0,6.92,0.0,0.05,6.92,1887
datased:polyphonic:001887,S-0351,DataSED - DataSED - Dataset for Sound Event Detection of environmental noise/SED_wav/S-0351.wav,polyphonic,Horn,horn,8.12,12.01,0.06,0.09,3.89,1888
datased:polyphonic:001888,S-0351,DataSED - DataSED - Dataset for Sound Event Detection of environmental noise/SED_wav/S-0351.wav,polyphonic,Horn,horn,12.4,17.8,0.09,0.14,5.4,1889
datased:polyphonic:001889,S-0351,DataSED - DataSED - Dataset for Sound Event Detection of environmental noise/SED_wav/S-0351.wav,polyphonic,Horn,horn,18.44,27.81,0.14,0.21,9.37,1890
datased:polyphonic:001890,S-0351,DataSED - DataSED - Dataset for Sound Event Detection of environmental noise/SED_wav/S-0351.wav,polyphonic,Train,train,29.24,129.85,0.22,0.99,100.61,1891
datased:polyphonic:001891,S-0352,DataSED - DataSED - Dataset for Sound Event Detection of environmental noise/SED_wav/S-0352.wav,polyphonic,Sirens and alarms,sirens_and_alarms,0.0,10.7,0.0,0.96,10.7,1892
datased:polyphonic:001892,S-0353,DataSED - DataSED - Dataset for Sound Event Detection of environmental noise/SED_wav/S-0353.wav,polyphonic,Train,train,8.26,26.81,0.26,0.85,18.55,1893
datased:polyphonic:001893,S-0354,DataSED - DataSED - Dataset for Sound Event Detection of environmental noise/SED_wav/S-0354.wav,polyphonic,Sirens and alarms,sirens_and_alarms,0.91,24.9,0.04,0.99,23.99,1894
datased:polyphonic:001894,S-0354,DataSED - DataSED - Dataset for Sound Event Detection of environmental noise/SED_wav/S-0354.wav,polyphonic,Voices,voices,18.03,19.15,0.72,0.76,1.12,1895
datased:polyphonic:001895,S-0355,DataSED - DataSED - Dataset for Sound Event Detection of environmental noise/SED_wav/S-0355.wav,polyphonic,Vehicle pass-by,vehicle_pass_by,15.05,20.94,0.14,0.2,5.89,1896
datased:polyphonic:001896,S-0355,DataSED - DataSED - Dataset for Sound Event Detection of environmental noise/SED_wav/S-0355.wav,polyphonic,Train,train,22.03,40.78,0.21,0.39,18.75,1897
datased:polyphonic:001897,S-0355,DataSED - DataSED - Dataset for Sound Event Detection of environmental noise/SED_wav/S-0355.wav,polyphonic,Vehicle pass-by,vehicle_pass_by,40.97,45.99,0.39,0.44,5.02,1898
datased:polyphonic:001898,S-0355,DataSED - DataSED - Dataset for Sound Event Detection of environmental noise/SED_wav/S-0355.wav,polyphonic,Vehicle pass-by,vehicle_pass_by,48.58,56.9,0.46,0.54,8.32,1899
datased:polyphonic:001899,S-0355,DataSED - DataSED - Dataset for Sound Event Detection of environmental noise/SED_wav/S-0355.wav,polyphonic,Jet aircrafts,jet_aircrafts,64.01,101.06,0.61,0.96,37.05,1900
datased:polyphonic:001900,S-0355,DataSED - DataSED - Dataset for Sound Event Detection of environmental noise/SED_wav/S-0355.wav,polyphonic,Vehicle idling,vehicle_idling,90.24,95.43,0.85,0.9,5.18,1901
datased:polyphonic:001901,S-0356,DataSED - DataSED - Dataset for Sound Event Detection of environmental noise/SED_wav/S-0356.wav,polyphonic,Music,music,1.82,11.38,0.01,0.07,9.56,1902
datased:polyphonic:001902,S-0356,DataSED - DataSED - Dataset for Sound Event Detection of environmental noise/SED_wav/S-0356.wav,polyphonic,Music,music,14.69,26.9,0.09,0.17,12.21,1903
datased:polyphonic:001903,S-0356,DataSED - DataSED - Dataset for Sound Event Detection of environmental noise/SED_wav/S-0356.wav,polyphonic,Music,music,29.93,37.03,0.19,0.24,7.1,1904
datased:polyphonic:001904,S-0356,DataSED - DataSED - Dataset for Sound Event Detection of environmental noise/SED_wav/S-0356.wav,polyphonic,Music,music,39.96,57.94,0.26,0.37,17.98,1905
datased:polyphonic:001905,S-0356,DataSED - DataSED - Dataset for Sound Event Detection of environmental noise/SED_wav/S-0356.wav,polyphonic,Music,music,59.08,69.11,0.38,0.44,10.03,1906
datased:polyphonic:001906,S-0356,DataSED - DataSED - Dataset for Sound Event Detection of environmental noise/SED_wav/S-0356.wav,polyphonic,Music,music,72.24,90.96,0.46,0.58,18.72,1907
datased:polyphonic:001907,S-0356,DataSED - DataSED - Dataset for Sound Event Detection of environmental noise/SED_wav/S-0356.wav,polyphonic,Music,music,103.19,108.11,0.66,0.69,4.92,1908
datased:polyphonic:001908,S-0356,DataSED - DataSED - Dataset for Sound Event Detection of environmental noise/SED_wav/S-0356.wav,polyphonic,Music,music,109.24,131.96,0.7,0.84,22.72,1909
datased:polyphonic:001909,S-0356,DataSED - DataSED - Dataset for Sound Event Detection of environmental noise/SED_wav/S-0356.wav,polyphonic,Music,music,134.89,156.19,0.86,1.0,21.3,1910
datased:polyphonic:001910,S-0357,DataSED - DataSED - Dataset for Sound Event Detection of environmental noise/SED_wav/S-0357.wav,polyphonic,Sirens and alarms,sirens_and_alarms,0.0,1.36,0.0,0.04,1.36,1911
datased:polyphonic:001911,S-0357,DataSED - DataSED - Dataset for Sound Event Detection of environmental noise/SED_wav/S-0357.wav,polyphonic,Sirens and alarms,sirens_and_alarms,1.78,3.22,0.05,0.09,1.44,1912
datased:polyphonic:001912,S-0357,DataSED - DataSED - Dataset for Sound Event Detection of environmental noise/SED_wav/S-0357.wav,polyphonic,Sirens and alarms,sirens_and_alarms,4.09,24.94,0.12,0.71,20.85,1913
datased:polyphonic:001913,S-0357,DataSED - DataSED - Dataset for Sound Event Detection of environmental noise/SED_wav/S-0357.wav,polyphonic,Sirens and alarms,sirens_and_alarms,30.92,31.56,0.88,0.9,0.63,1914
datased:polyphonic:001914,S-0358,DataSED - DataSED - Dataset for Sound Event Detection of environmental noise/SED_wav/S-0358.wav,polyphonic,Music,music,0.0,6.36,0.0,0.06,6.36,1915
datased:polyphonic:001915,S-0358,DataSED - DataSED - Dataset for Sound Event Detection of environmental noise/SED_wav/S-0358.wav,polyphonic,Music,music,9.43,23.14,0.08,0.21,13.71,1916
datased:polyphonic:001916,S-0358,DataSED - DataSED - Dataset for Sound Event Detection of environmental noise/SED_wav/S-0358.wav,polyphonic,Music,music,26.21,38.55,0.23,0.34,12.35,1917
datased:polyphonic:001917,S-0358,DataSED - DataSED - Dataset for Sound Event Detection of environmental noise/SED_wav/S-0358.wav,polyphonic,Music,music,41.55,56.97,0.37,0.51,15.41,1918
datased:polyphonic:001918,S-0358,DataSED - DataSED - Dataset for Sound Event Detection of environmental noise/SED_wav/S-0358.wav,polyphonic,Music,music,60.1,71.02,0.53,0.63,10.91,1919
datased:polyphonic:001919,S-0358,DataSED - DataSED - Dataset for Sound Event Detection of environmental noise/SED_wav/S-0358.wav,polyphonic,Music,music,74.22,82.48,0.66,0.73,8.25,1920
datased:polyphonic:001920,S-0358,DataSED - DataSED - Dataset for Sound Event Detection of environmental noise/SED_wav/S-0358.wav,polyphonic,Music,music,85.68,95.3,0.76,0.85,9.62,1921
datased:polyphonic:001921,S-0358,DataSED - DataSED - Dataset for Sound Event Detection of environmental noise/SED_wav/S-0358.wav,polyphonic,Music,music,98.44,103.83,0.87,0.92,5.39,1922
datased:polyphonic:001922,S-0358,DataSED - DataSED - Dataset for Sound Event Detection of environmental noise/SED_wav/S-0358.wav,polyphonic,Music,music,106.83,111.4,0.95,0.99,4.57,1923
datased:polyphonic:001923,S-0359,DataSED - DataSED - Dataset for Sound Event Detection of environmental noise/SED_wav/S-0359.wav,polyphonic,Music,music,3.71,11.64,0.03,0.11,7.92,1924
datased:polyphonic:001924,S-0359,DataSED - DataSED - Dataset for Sound Event Detection of environmental noise/SED_wav/S-0359.wav,polyphonic,Music,music,14.37,18.72,0.13,0.17,4.35,1925
datased:polyphonic:001925,S-0359,DataSED - DataSED - Dataset for Sound Event Detection of environmental noise/SED_wav/S-0359.wav,polyphonic,Music,music,21.51,29.43,0.2,0.27,7.92,1926
datased:polyphonic:001926,S-0359,DataSED - DataSED - Dataset for Sound Event Detection of environmental noise/SED_wav/S-0359.wav,polyphonic,Music,music,32.29,35.08,0.3,0.33,2.79,1927
datased:polyphonic:001927,S-0359,DataSED - DataSED - Dataset for Sound Event Detection of environmental noise/SED_wav/S-0359.wav,polyphonic,Music,music,37.81,43.72,0.35,0.41,5.91,1928
datased:polyphonic:001928,S-0359,DataSED - DataSED - Dataset for Sound Event Detection of environmental noise/SED_wav/S-0359.wav,polyphonic,Music,music,46.58,51.64,0.43,0.48,5.07,1929
datased:polyphonic:001929,S-0359,DataSED - DataSED - Dataset for Sound Event Detection of environmental noise/SED_wav/S-0359.wav,polyphonic,Music,music,54.56,62.49,0.51,0.58,7.92,1930
datased:polyphonic:001930,S-0359,DataSED - DataSED - Dataset for Sound Event Detection of environmental noise/SED_wav/S-0359.wav,polyphonic,Music,music,65.28,71.84,0.61,0.67,6.56,1931
datased:polyphonic:001931,S-0359,DataSED - DataSED - Dataset for Sound Event Detection of environmental noise/SED_wav/S-0359.wav,polyphonic,Music,music,74.57,83.01,0.69,0.77,8.44,1932
datased:polyphonic:001932,S-0359,DataSED - DataSED - Dataset for Sound Event Detection of environmental noise/SED_wav/S-0359.wav,polyphonic,Music,music,85.87,93.72,0.8,0.87,7.86,1933
datased:polyphonic:001933,S-0359,DataSED - DataSED - Dataset for Sound Event Detection of environmental noise/SED_wav/S-0359.wav,polyphonic,Music,music,96.65,104.57,0.9,0.97,7.92,1934
datased:polyphonic:001934,S-0360,DataSED - DataSED - Dataset for Sound Event Detection of environmental noise/SED_wav/S-0360.wav,polyphonic,Music,music,0.0,17.87,0.0,0.78,17.87,1935
datased:polyphonic:001935,S-0361,DataSED - DataSED - Dataset for Sound Event Detection of environmental noise/SED_wav/S-0361.wav,polyphonic,Music,music,0.71,17.0,0.01,0.25,16.29,1936
datased:polyphonic:001936,S-0361,DataSED - DataSED - Dataset for Sound Event Detection of environmental noise/SED_wav/S-0361.wav,polyphonic,Music,music,21.8,36.35,0.32,0.53,14.55,1937
datased:polyphonic:001937,S-0361,DataSED - DataSED - Dataset for Sound Event Detection of environmental noise/SED_wav/S-0361.wav,polyphonic,Music,music,41.23,51.85,0.6,0.76,10.62,1938
datased:polyphonic:001938,S-0361,DataSED - DataSED - Dataset for Sound Event Detection of environmental noise/SED_wav/S-0361.wav,polyphonic,Music,music,57.35,65.41,0.84,0.96,8.06,1939
datased:polyphonic:001939,S-0362,DataSED - DataSED - Dataset for Sound Event Detection of environmental noise/SED_wav/S-0362.wav,polyphonic,Horn,horn,1.44,12.73,0.04,0.33,11.29,1940
datased:polyphonic:001940,S-0362,DataSED - DataSED - Dataset for Sound Event Detection of environmental noise/SED_wav/S-0362.wav,polyphonic,Horn,horn,19.33,33.26,0.5,0.85,13.93,1941
datased:polyphonic:001941,S-0363,DataSED - DataSED - Dataset for Sound Event Detection of environmental noise/SED_wav/S-0363.wav,polyphonic,Music,music,0.0,8.5,0.0,0.08,8.5,1942
datased:polyphonic:001942,S-0363,DataSED - DataSED - Dataset for Sound Event Detection of environmental noise/SED_wav/S-0363.wav,polyphonic,Crows seagulls and magpies,crows_seagulls_magpies,8.63,11.79,0.08,0.12,3.16,1943
datased:polyphonic:001943,S-0363,DataSED - DataSED - Dataset for Sound Event Detection of environmental noise/SED_wav/S-0363.wav,polyphonic,Music,music,11.97,20.4,0.12,0.2,8.43,1944
datased:polyphonic:001944,S-0363,DataSED - DataSED - Dataset for Sound Event Detection of environmental noise/SED_wav/S-0363.wav,polyphonic,Crows seagulls and magpies,crows_seagulls_magpies,20.65,23.81,0.2,0.23,3.16,1945
datased:polyphonic:001945,S-0363,DataSED - DataSED - Dataset for Sound Event Detection of environmental noise/SED_wav/S-0363.wav,polyphonic,Music,music,23.87,34.28,0.23,0.33,10.41,1946
datased:polyphonic:001946,S-0363,DataSED - DataSED - Dataset for Sound Event Detection of environmental noise/SED_wav/S-0363.wav,polyphonic,Crows seagulls and magpies,crows_seagulls_magpies,34.34,37.51,0.34,0.37,3.16,1947
datased:polyphonic:001947,S-0363,DataSED - DataSED - Dataset for Sound Event Detection of environmental noise/SED_wav/S-0363.wav,polyphonic,Music,music,37.51,47.92,0.37,0.47,10.41,1948
datased:polyphonic:001948,S-0363,DataSED - DataSED - Dataset for Sound Event Detection of environmental noise/SED_wav/S-0363.wav,polyphonic,Crows seagulls and magpies,crows_seagulls_magpies,47.85,50.89,0.47,0.5,3.04,1949
datased:polyphonic:001949,S-0363,DataSED - DataSED - Dataset for Sound Event Detection of environmental noise/SED_wav/S-0363.wav,polyphonic,Music,music,51.02,59.75,0.5,0.58,8.74,1950
datased:polyphonic:001950,S-0363,DataSED - DataSED - Dataset for Sound Event Detection of environmental noise/SED_wav/S-0363.wav,polyphonic,Crows seagulls and magpies,crows_seagulls_magpies,60.0,62.98,0.59,0.62,2.97,1951
datased:polyphonic:001951,S-0363,DataSED - DataSED - Dataset for Sound Event Detection of environmental noise/SED_wav/S-0363.wav,polyphonic,Music,music,63.04,70.78,0.62,0.69,7.75,1952
datased:polyphonic:001952,S-0363,DataSED - DataSED - Dataset for Sound Event Detection of environmental noise/SED_wav/S-0363.wav,polyphonic,Crows seagulls and magpies,crows_seagulls_magpies,70.78,73.88,0.69,0.72,3.1,1953
datased:polyphonic:001953,S-0363,DataSED - DataSED - Dataset for Sound Event Detection of environmental noise/SED_wav/S-0363.wav,polyphonic,Music,music,73.7,78.65,0.72,0.77,4.96,1954
datased:polyphonic:001954,S-0363,DataSED - DataSED - Dataset for Sound Event Detection of environmental noise/SED_wav/S-0363.wav,polyphonic,Crows seagulls and magpies,crows_seagulls_magpies,78.72,81.81,0.77,0.8,3.1,1955
datased:polyphonic:001955,S-0363,DataSED - DataSED - Dataset for Sound Event Detection of environmental noise/SED_wav/S-0363.wav,polyphonic,Music,music,81.75,90.55,0.8,0.88,8.8,1956
datased:polyphonic:001956,S-0363,DataSED - DataSED - Dataset for Sound Event Detection of environmental noise/SED_wav/S-0363.wav,polyphonic,Crows seagulls and magpies,crows_seagulls_magpies,90.74,93.78,0.89,0.92,3.04,1957
datased:polyphonic:001957,S-0363,DataSED - DataSED - Dataset for Sound Event Detection of environmental noise/SED_wav/S-0363.wav,polyphonic,Music,music,93.71,101.65,0.92,0.99,7.93,1958
datased:polyphonic:001958,S-0363,DataSED - DataSED - Dataset for Sound Event Detection of environmental noise/SED_wav/S-0363.wav,polyphonic,Voices,voices,101.77,102.39,0.99,1.0,0.62,1959
datased:polyphonic:001959,S-0364,DataSED - DataSED - Dataset for Sound Event Detection of environmental noise/SED_wav/S-0364.wav,polyphonic,Music,music,6.21,45.78,0.06,0.42,39.57,1960
datased:polyphonic:001960,S-0364,DataSED - DataSED - Dataset for Sound Event Detection of environmental noise/SED_wav/S-0364.wav,polyphonic,Music,music,60.16,103.23,0.55,0.95,43.07,1961
datased:polyphonic:001961,S-0365,DataSED - DataSED - Dataset for Sound Event Detection of environmental noise/SED_wav/S-0365.wav,polyphonic,Birds,birds,0.4,3.92,0.01,0.12,3.51,1962
datased:polyphonic:001962,S-0365,DataSED - DataSED - Dataset for Sound Event Detection of environmental noise/SED_wav/S-0365.wav,polyphonic,Sirens and alarms,sirens_and_alarms,3.86,31.2,0.12,0.99,27.34,1963
datased:polyphonic:001963,S-0365,DataSED - DataSED - Dataset for Sound Event Detection of environmental noise/SED_wav/S-0365.wav,polyphonic,Vehicle idling,vehicle_idling,15.89,19.44,0.5,0.62,3.55,1964
datased:polyphonic:001964,S-0366,DataSED - DataSED - Dataset for Sound Event Detection of environmental noise/SED_wav/S-0366.wav,polyphonic,Sirens and alarms,sirens_and_alarms,3.29,69.19,0.02,0.41,65.9,1965
datased:polyphonic:001965,S-0366,DataSED - DataSED - Dataset for Sound Event Detection of environmental noise/SED_wav/S-0366.wav,polyphonic,Sirens and alarms,sirens_and_alarms,76.43,85.51,0.45,0.51,9.08,1966
datased:polyphonic:001966,S-0366,DataSED - DataSED - Dataset for Sound Event Detection of environmental noise/SED_wav/S-0366.wav,polyphonic,Workshop,workshop,85.1,88.47,0.5,0.52,3.37,1967
datased:polyphonic:001967,S-0366,DataSED - DataSED - Dataset for Sound Event Detection of environmental noise/SED_wav/S-0366.wav,polyphonic,Workshop,workshop,94.49,103.36,0.56,0.61,8.88,1968
datased:polyphonic:001968,S-0366,DataSED - DataSED - Dataset for Sound Event Detection of environmental noise/SED_wav/S-0366.wav,polyphonic,Workshop,workshop,110.4,138.25,0.66,0.82,27.85,1969
datased:polyphonic:001969,S-0366,DataSED - DataSED - Dataset for Sound Event Detection of environmental noise/SED_wav/S-0366.wav,polyphonic,Workshop,workshop,144.47,159.06,0.86,0.94,14.59,1970
datased:polyphonic:001970,S-0367,DataSED - DataSED - Dataset for Sound Event Detection of environmental noise/SED_wav/S-0367.wav,polyphonic,Birds,birds,0.0,3.34,0.0,0.05,3.34,1971
datased:polyphonic:001971,S-0367,DataSED - DataSED - Dataset for Sound Event Detection of environmental noise/SED_wav/S-0367.wav,polyphonic,Sirens and alarms,sirens_and_alarms,4.36,54.99,0.06,0.78,50.63,1972
datased:polyphonic:001972,S-0367,DataSED - DataSED - Dataset for Sound Event Detection of environmental noise/SED_wav/S-0367.wav,polyphonic,Vehicle pass-by,vehicle_pass_by,56.57,69.87,0.8,0.99,13.31,1973
datased:polyphonic:001973,S-0368,DataSED - DataSED - Dataset for Sound Event Detection of environmental noise/SED_wav/S-0368.wav,polyphonic,Train,train,1.21,13.09,0.08,0.86,11.88,1974
datased:polyphonic:001974,S-0369,DataSED - DataSED - Dataset for Sound Event Detection of environmental noise/SED_wav/S-0369.wav,polyphonic,Train,train,10.85,26.55,0.35,0.85,15.69,1975
datased:polyphonic:001975,S-0370,DataSED - DataSED - Dataset for Sound Event Detection of environmental noise/SED_wav/S-0370.wav,polyphonic,Music,music,0.0,34.04,0.0,0.42,34.04,1976
datased:polyphonic:001976,S-0370,DataSED - DataSED - Dataset for Sound Event Detection of environmental noise/SED_wav/S-0370.wav,polyphonic,Voices,voices,34.29,39.4,0.42,0.48,5.11,1977
datased:polyphonic:001977,S-0370,DataSED - DataSED - Dataset for Sound Event Detection of environmental noise/SED_wav/S-0370.wav,polyphonic,Music,music,39.55,77.05,0.48,0.94,37.5,1978
datased:polyphonic:001978,S-0370,DataSED - DataSED - Dataset for Sound Event Detection of environmental noise/SED_wav/S-0370.wav,polyphonic,Voices,voices,77.7,81.97,0.95,1.0,4.27,1979
datased:polyphonic:001979,S-0371,DataSED - DataSED - Dataset for Sound Event Detection of environmental noise/SED_wav/S-0371.wav,polyphonic,Voices,voices,1.1,8.93,0.01,0.1,7.83,1980
datased:polyphonic:001980,S-0371,DataSED - DataSED - Dataset for Sound Event Detection of environmental noise/SED_wav/S-0371.wav,polyphonic,Propeller aircrafts,propeller_aircrafts,9.55,51.17,0.11,0.6,41.62,1981
datased:polyphonic:001981,S-0371,DataSED - DataSED - Dataset for Sound Event Detection of environmental noise/SED_wav/S-0371.wav,polyphonic,Vehicle idling,vehicle_idling,13.27,26.71,0.16,0.31,13.43,1982
datased:polyphonic:001982,S-0371,DataSED - DataSED - Dataset for Sound Event Detection of environmental noise/SED_wav/S-0371.wav,polyphonic,Voices,voices,33.44,38.89,0.39,0.45,5.44,1983
datased:polyphonic:001983,S-0371,DataSED - DataSED - Dataset for Sound Event Detection of environmental noise/SED_wav/S-0371.wav,polyphonic,Music,music,52.62,81.76,0.61,0.95,29.13,1984
datased:polyphonic:001984,S-0371,DataSED - DataSED - Dataset for Sound Event Detection of environmental noise/SED_wav/S-0371.wav,polyphonic,Dog barkings and howlings,dog_barkings_and_howlings,82.07,84.4,0.96,0.99,2.33,1985
datased:polyphonic:001985,S-0372,DataSED - DataSED - Dataset for Sound Event Detection of environmental noise/SED_wav/S-0372.wav,polyphonic,Chicken coop,chicken_coop,0.0,2.07,0.0,0.14,2.07,1986
datased:polyphonic:001986,S-0372,DataSED - DataSED - Dataset for Sound Event Detection of environmental noise/SED_wav/S-0372.wav,polyphonic,Chicken coop,chicken_coop,4.61,7.45,0.31,0.5,2.84,1987
datased:polyphonic:001987,S-0373,DataSED - DataSED - Dataset for Sound Event Detection of environmental noise/SED_wav/S-0373.wav,polyphonic,Chicken coop,chicken_coop,1.09,2.6,0.07,0.18,1.51,1988
datased:polyphonic:001988,S-0373,DataSED - DataSED - Dataset for Sound Event Detection of environmental noise/SED_wav/S-0373.wav,polyphonic,Chicken coop,chicken_coop,5.19,6.9,0.36,0.47,1.71,1989
datased:polyphonic:001989,S-0373,DataSED - DataSED - Dataset for Sound Event Detection of environmental noise/SED_wav/S-0373.wav,polyphonic,Chicken coop,chicken_coop,8.7,10.59,0.6,0.73,1.89,1990
datased:polyphonic:001990,S-0373,DataSED - DataSED - Dataset for Sound Event Detection of environmental noise/SED_wav/S-0373.wav,polyphonic,Chicken coop,chicken_coop,10.78,11.96,0.74,0.82,1.18,1991
datased:polyphonic:001991,S-0373,DataSED - DataSED - Dataset for Sound Event Detection of environmental noise/SED_wav/S-0373.wav,polyphonic,Chicken coop,chicken_coop,12.2,14.07,0.84,0.96,1.87,1992
datased:polyphonic:001992,S-0374,DataSED - DataSED - Dataset for Sound Event Detection of environmental noise/SED_wav/S-0374.wav,polyphonic,Chicken coop,chicken_coop,1.93,4.15,0.13,0.28,2.22,1993
datased:polyphonic:001993,S-0374,DataSED - DataSED - Dataset for Sound Event Detection of environmental noise/SED_wav/S-0374.wav,polyphonic,Chicken coop,chicken_coop,9.8,12.28,0.67,0.84,2.48,1994
datased:polyphonic:001994,S-0375,DataSED - DataSED - Dataset for Sound Event Detection of environmental noise/SED_wav/S-0375.wav,polyphonic,Cicadas and crickets,cicadas_and_crickets,0.0,1.17,0.0,0.08,1.17,1995
datased:polyphonic:001995,S-0375,DataSED - DataSED - Dataset for Sound Event Detection of environmental noise/SED_wav/S-0375.wav,polyphonic,Chicken coop,chicken_coop,1.2,3.52,0.08,0.23,2.32,1996
datased:polyphonic:001996,S-0375,DataSED - DataSED - Dataset for Sound Event Detection of environmental noise/SED_wav/S-0375.wav,polyphonic,Cicadas and crickets,cicadas_and_crickets,3.64,8.36,0.24,0.54,4.72,1997
datased:polyphonic:001997,S-0375,DataSED - DataSED - Dataset for Sound Event Detection of environmental noise/SED_wav/S-0375.wav,polyphonic,Chicken coop,chicken_coop,8.41,10.53,0.54,0.68,2.12,1998
datased:polyphonic:001998,S-0375,DataSED - DataSED - Dataset for Sound Event Detection of environmental noise/SED_wav/S-0375.wav,polyphonic,Cicadas and crickets,cicadas_and_crickets,10.62,12.91,0.69,0.83,2.28,1999
datased:polyphonic:001999,S-0375,DataSED - DataSED - Dataset for Sound Event Detection of environmental noise/SED_wav/S-0375.wav,polyphonic,Chicken coop,chicken_coop,12.96,15.35,0.84,0.99,2.39,2000
datased:polyphonic:002000,S-0376,DataSED - DataSED - Dataset for Sound Event Detection of environmental noise/SED_wav/S-0376.wav,polyphonic,Chicken coop,chicken_coop,1.11,2.44,0.33,0.73,1.33,2001
datased:polyphonic:002001,S-0377,DataSED - DataSED - Dataset for Sound Event Detection of environmental noise/SED_wav/S-0377.wav,polyphonic,Chicken coop,chicken_coop,0.08,3.04,0.01,0.4,2.96,2002
datased:polyphonic:002002,S-0377,DataSED - DataSED - Dataset for Sound Event Detection of environmental noise/SED_wav/S-0377.wav,polyphonic,Chicken coop,chicken_coop,4.01,6.94,0.53,0.92,2.93,2003
datased:polyphonic:002003,S-0378,DataSED - DataSED - Dataset for Sound Event Detection of environmental noise/SED_wav/S-0378.wav,polyphonic,Chicken coop,chicken_coop,0.52,2.22,0.23,0.97,1.7,2004
datased:polyphonic:002004,S-0379,DataSED - DataSED - Dataset for Sound Event Detection of environmental noise/SED_wav/S-0379.wav,polyphonic,Chicken coop,chicken_coop,1.02,3.22,0.24,0.76,2.21,2005
datased:polyphonic:002005,S-0380,DataSED - DataSED - Dataset for Sound Event Detection of environmental noise/SED_wav/S-0380.wav,polyphonic,Chicken coop,chicken_coop,0.33,2.89,0.01,0.12,2.56,2006
datased:polyphonic:002006,S-0380,DataSED - DataSED - Dataset for Sound Event Detection of environmental noise/SED_wav/S-0380.wav,polyphonic,Voices,voices,2.95,3.71,0.12,0.15,0.76,2007
datased:polyphonic:002007,S-0380,DataSED - DataSED - Dataset for Sound Event Detection of environmental noise/SED_wav/S-0380.wav,polyphonic,Chicken coop,chicken_coop,3.93,6.27,0.16,0.25,2.34,2008
datased:polyphonic:002008,S-0380,DataSED - DataSED - Dataset for Sound Event Detection of environmental noise/SED_wav/S-0380.wav,polyphonic,Voices,voices,6.33,6.98,0.26,0.28,0.65,2009
datased:polyphonic:002009,S-0380,DataSED - DataSED - Dataset for Sound Event Detection of environmental noise/SED_wav/S-0380.wav,polyphonic,Chicken coop,chicken_coop,7.0,9.84,0.28,0.4,2.84,2010
datased:polyphonic:002010,S-0380,DataSED - DataSED - Dataset for Sound Event Detection of environmental noise/SED_wav/S-0380.wav,polyphonic,Voices,voices,10.24,13.01,0.42,0.53,2.77,2011
datased:polyphonic:002011,S-0380,DataSED - DataSED - Dataset for Sound Event Detection of environmental noise/SED_wav/S-0380.wav,polyphonic,Chicken coop,chicken_coop,13.13,15.51,0.53,0.63,2.38,2012
datased:polyphonic:002012,S-0380,DataSED - DataSED - Dataset for Sound Event Detection of environmental noise/SED_wav/S-0380.wav,polyphonic,Voices,voices,15.91,17.58,0.65,0.71,1.67,2013
datased:polyphonic:002013,S-0380,DataSED - DataSED - Dataset for Sound Event Detection of environmental noise/SED_wav/S-0380.wav,polyphonic,Chicken coop,chicken_coop,17.8,19.75,0.72,0.8,1.95,2014
datased:polyphonic:002014,S-0380,DataSED - DataSED - Dataset for Sound Event Detection of environmental noise/SED_wav/S-0380.wav,polyphonic,Voices,voices,19.82,20.51,0.81,0.83,0.68,2015
datased:polyphonic:002015,S-0380,DataSED - DataSED - Dataset for Sound Event Detection of environmental noise/SED_wav/S-0380.wav,polyphonic,Chicken coop,chicken_coop,20.55,22.74,0.84,0.92,2.19,2016
datased:polyphonic:002016,S-0380,DataSED - DataSED - Dataset for Sound Event Detection of environmental noise/SED_wav/S-0380.wav,polyphonic,Voices,voices,22.76,23.89,0.93,0.97,1.13,2017
datased:polyphonic:002017,S-0380,DataSED - DataSED - Dataset for Sound Event Detection of environmental noise/SED_wav/S-0380.wav,polyphonic,Chicken coop,chicken_coop,23.93,24.59,0.97,1.0,0.65,2018
datased:polyphonic:002018,S-0381,DataSED - DataSED - Dataset for Sound Event Detection of environmental noise/SED_wav/S-0381.wav,polyphonic,Birds,birds,0.0,4.23,0.0,0.05,4.23,2019
datased:polyphonic:002019,S-0381,DataSED - DataSED - Dataset for Sound Event Detection of environmental noise/SED_wav/S-0381.wav,polyphonic,Crows seagulls and magpies,crows_seagulls_magpies,4.28,7.61,0.05,0.09,3.33,2020
datased:polyphonic:002020,S-0381,DataSED - DataSED - Dataset for Sound Event Detection of environmental noise/SED_wav/S-0381.wav,polyphonic,Crows seagulls and magpies,crows_seagulls_magpies,16.25,19.58,0.19,0.23,3.33,2021
datased:polyphonic:002021,S-0381,DataSED - DataSED - Dataset for Sound Event Detection of environmental noise/SED_wav/S-0381.wav,polyphonic,Birds,birds,19.84,31.56,0.23,0.37,11.71,2022
datased:polyphonic:002022,S-0381,DataSED - DataSED - Dataset for Sound Event Detection of environmental noise/SED_wav/S-0381.wav,polyphonic,Vehicle pass-by,vehicle_pass_by,31.87,36.09,0.37,0.42,4.22,2023
datased:polyphonic:002023,S-0381,DataSED - DataSED - Dataset for Sound Event Detection of environmental noise/SED_wav/S-0381.wav,polyphonic,Crows seagulls and magpies,crows_seagulls_magpies,36.09,39.42,0.42,0.46,3.33,2024
datased:polyphonic:002024,S-0381,DataSED - DataSED - Dataset for Sound Event Detection of environmental noise/SED_wav/S-0381.wav,polyphonic,Vehicle pass-by,vehicle_pass_by,40.35,47.8,0.47,0.56,7.44,2025
datased:polyphonic:002025,S-0381,DataSED - DataSED - Dataset for Sound Event Detection of environmental noise/SED_wav/S-0381.wav,polyphonic,Birds,birds,50.87,52.02,0.59,0.6,1.15,2026
datased:polyphonic:002026,S-0381,DataSED - DataSED - Dataset for Sound Event Detection of environmental noise/SED_wav/S-0381.wav,polyphonic,Birds,birds,56.28,57.43,0.65,0.67,1.15,2027
datased:polyphonic:002027,S-0381,DataSED - DataSED - Dataset for Sound Event Detection of environmental noise/SED_wav/S-0381.wav,polyphonic,Birds,birds,68.15,80.49,0.79,0.94,12.34,2028
datased:polyphonic:002028,S-0381,DataSED - DataSED - Dataset for Sound Event Detection of environmental noise/SED_wav/S-0381.wav,polyphonic,Chicken coop,chicken_coop,81.95,84.91,0.95,0.99,2.97,2029
datased:polyphonic:002029,S-0382,DataSED - DataSED - Dataset for Sound Event Detection of environmental noise/SED_wav/S-0382.wav,polyphonic,Birds,birds,0.0,6.4,0.0,0.06,6.4,2030
datased:polyphonic:002030,S-0382,DataSED - DataSED - Dataset for Sound Event Detection of environmental noise/SED_wav/S-0382.wav,polyphonic,Bells,bells,6.61,17.63,0.06,0.15,11.02,2031
datased:polyphonic:002031,S-0382,DataSED - DataSED - Dataset for Sound Event Detection of environmental noise/SED_wav/S-0382.wav,polyphonic,Vehicle idling,vehicle_idling,19.53,32.3,0.17,0.28,12.77,2032
datased:polyphonic:002032,S-0382,DataSED - DataSED - Dataset for Sound Event Detection of environmental noise/SED_wav/S-0382.wav,polyphonic,Birds,birds,32.65,43.95,0.28,0.38,11.3,2033
datased:polyphonic:002033,S-0382,DataSED - DataSED - Dataset for Sound Event Detection of environmental noise/SED_wav/S-0382.wav,polyphonic,Bells,bells,43.95,55.32,0.38,0.48,11.37,2034
datased:polyphonic:002034,S-0382,DataSED - DataSED - Dataset for Sound Event Detection of environmental noise/SED_wav/S-0382.wav,polyphonic,Birds,birds,55.81,68.31,0.48,0.59,12.49,2035
datased:polyphonic:002035,S-0382,DataSED - DataSED - Dataset for Sound Event Detection of environmental noise/SED_wav/S-0382.wav,polyphonic,Chicken coop,chicken_coop,68.38,72.03,0.59,0.62,3.65,2036
datased:polyphonic:002036,S-0382,DataSED - DataSED - Dataset for Sound Event Detection of environmental noise/SED_wav/S-0382.wav,polyphonic,Birds,birds,73.57,77.78,0.63,0.67,4.21,2037
datased:polyphonic:002037,S-0382,DataSED - DataSED - Dataset for Sound Event Detection of environmental noise/SED_wav/S-0382.wav,polyphonic,Chicken coop,chicken_coop,77.85,81.57,0.67,0.7,3.72,2038
datased:polyphonic:002038,S-0382,DataSED - DataSED - Dataset for Sound Event Detection of environmental noise/SED_wav/S-0382.wav,polyphonic,Birds,birds,81.64,87.89,0.7,0.76,6.25,2039
datased:polyphonic:002039,S-0382,DataSED - DataSED - Dataset for Sound Event Detection of environmental noise/SED_wav/S-0382.wav,polyphonic,Chicken coop,chicken_coop,88.03,90.0,0.76,0.78,1.97,2040
datased:polyphonic:002040,S-0382,DataSED - DataSED - Dataset for Sound Event Detection of environmental noise/SED_wav/S-0382.wav,polyphonic,Birds,birds,90.0,94.42,0.78,0.81,4.42,2041
datased:polyphonic:002041,S-0382,DataSED - DataSED - Dataset for Sound Event Detection of environmental noise/SED_wav/S-0382.wav,polyphonic,Chicken coop,chicken_coop,94.91,97.02,0.82,0.84,2.11,2042
datased:polyphonic:002042,S-0382,DataSED - DataSED - Dataset for Sound Event Detection of environmental noise/SED_wav/S-0382.wav,polyphonic,Birds,birds,97.3,99.4,0.84,0.86,2.11,2043
datased:polyphonic:002043,S-0382,DataSED - DataSED - Dataset for Sound Event Detection of environmental noise/SED_wav/S-0382.wav,polyphonic,Chicken coop,chicken_coop,99.47,102.49,0.86,0.88,3.02,2044
datased:polyphonic:002044,S-0382,DataSED - DataSED - Dataset for Sound Event Detection of environmental noise/SED_wav/S-0382.wav,polyphonic,Chicken coop,chicken_coop,102.7,104.95,0.89,0.9,2.25,2045
datased:polyphonic:002045,S-0382,DataSED - DataSED - Dataset for Sound Event Detection of environmental noise/SED_wav/S-0382.wav,polyphonic,Chicken coop,chicken_coop,105.23,107.4,0.91,0.93,2.18,2046
datased:polyphonic:002046,S-0382,DataSED - DataSED - Dataset for Sound Event Detection of environmental noise/SED_wav/S-0382.wav,polyphonic,Birds,birds,107.47,109.02,0.93,0.94,1.54,2047
datased:polyphonic:002047,S-0382,DataSED - DataSED - Dataset for Sound Event Detection of environmental noise/SED_wav/S-0382.wav,polyphonic,Chicken coop,chicken_coop,109.23,111.05,0.94,0.96,1.82,2048
datased:polyphonic:002048,S-0382,DataSED - DataSED - Dataset for Sound Event Detection of environmental noise/SED_wav/S-0382.wav,polyphonic,Birds,birds,111.19,114.91,0.96,0.99,3.72,2049
datased:polyphonic:002049,S-0383,DataSED - DataSED - Dataset for Sound Event Detection of environmental noise/SED_wav/S-0383.wav,polyphonic,Chicken coop,chicken_coop,1.35,3.97,0.3,0.88,2.62,2050
datased:polyphonic:002050,S-0384,DataSED - DataSED - Dataset for Sound Event Detection of environmental noise/SED_wav/S-0384.wav,polyphonic,Chicken coop,chicken_coop,1.78,3.22,0.02,0.03,1.44,2051
datased:polyphonic:002051,S-0384,DataSED - DataSED - Dataset for Sound Event Detection of environmental noise/SED_wav/S-0384.wav,polyphonic,Birds,birds,3.48,4.33,0.03,0.04,0.85,2052
datased:polyphonic:002052,S-0384,DataSED - DataSED - Dataset for Sound Event Detection of environmental noise/SED_wav/S-0384.wav,polyphonic,Chicken coop,chicken_coop,5.18,7.67,0.05,0.07,2.49,2053
datased:polyphonic:002053,S-0384,DataSED - DataSED - Dataset for Sound Event Detection of environmental noise/SED_wav/S-0384.wav,polyphonic,Birds,birds,8.11,11.07,0.08,0.1,2.96,2054
datased:polyphonic:002054,S-0384,DataSED - DataSED - Dataset for Sound Event Detection of environmental noise/SED_wav/S-0384.wav,polyphonic,Chicken coop,chicken_coop,11.14,12.25,0.1,0.11,1.11,2055
datased:polyphonic:002055,S-0384,DataSED - DataSED - Dataset for Sound Event Detection of environmental noise/SED_wav/S-0384.wav,polyphonic,Birds,birds,12.32,13.82,0.11,0.13,1.51,2056
datased:polyphonic:002056,S-0384,DataSED - DataSED - Dataset for Sound Event Detection of environmental noise/SED_wav/S-0384.wav,polyphonic,Birds,birds,15.33,15.92,0.14,0.15,0.59,2057
datased:polyphonic:002057,S-0384,DataSED - DataSED - Dataset for Sound Event Detection of environmental noise/SED_wav/S-0384.wav,polyphonic,Birds,birds,15.92,20.04,0.15,0.19,4.12,2058
datased:polyphonic:002058,S-0384,DataSED - DataSED - Dataset for Sound Event Detection of environmental noise/SED_wav/S-0384.wav,polyphonic,Chicken coop,chicken_coop,20.3,22.33,0.19,0.21,2.03,2059
datased:polyphonic:002059,S-0384,DataSED - DataSED - Dataset for Sound Event Detection of environmental noise/SED_wav/S-0384.wav,polyphonic,Chicken coop,chicken_coop,22.53,24.62,0.21,0.23,2.09,2060
datased:polyphonic:002060,S-0384,DataSED - DataSED - Dataset for Sound Event Detection of environmental noise/SED_wav/S-0384.wav,polyphonic,Birds,birds,25.08,29.53,0.23,0.27,4.45,2061
datased:polyphonic:002061,S-0384,DataSED - DataSED - Dataset for Sound Event Detection of environmental noise/SED_wav/S-0384.wav,polyphonic,Chicken coop,chicken_coop,29.99,32.28,0.28,0.3,2.29,2062
datased:polyphonic:002062,S-0384,DataSED - DataSED - Dataset for Sound Event Detection of environmental noise/SED_wav/S-0384.wav,polyphonic,Chicken coop,chicken_coop,34.51,36.4,0.32,0.34,1.9,2063
datased:polyphonic:002063,S-0384,DataSED - DataSED - Dataset for Sound Event Detection of environmental noise/SED_wav/S-0384.wav,polyphonic,Birds,birds,37.45,47.14,0.35,0.44,9.69,2064
datased:polyphonic:002064,S-0384,DataSED - DataSED - Dataset for Sound Event Detection of environmental noise/SED_wav/S-0384.wav,polyphonic,Chicken coop,chicken_coop,50.28,54.01,0.46,0.5,3.73,2065
datased:polyphonic:002065,S-0384,DataSED - DataSED - Dataset for Sound Event Detection of environmental noise/SED_wav/S-0384.wav,polyphonic,Chicken coop,chicken_coop,54.8,56.69,0.51,0.52,1.9,2066
datased:polyphonic:002066,S-0384,DataSED - DataSED - Dataset for Sound Event Detection of environmental noise/SED_wav/S-0384.wav,polyphonic,Chicken coop,chicken_coop,57.35,58.72,0.53,0.54,1.37,2067
datased:polyphonic:002067,S-0384,DataSED - DataSED - Dataset for Sound Event Detection of environmental noise/SED_wav/S-0384.wav,polyphonic,Chicken coop,chicken_coop,60.03,62.06,0.56,0.57,2.03,2068
datased:polyphonic:002068,S-0384,DataSED - DataSED - Dataset for Sound Event Detection of environmental noise/SED_wav/S-0384.wav,polyphonic,Birds,birds,62.52,65.14,0.58,0.6,2.62,2069
datased:polyphonic:002069,S-0384,DataSED - DataSED - Dataset for Sound Event Detection of environmental noise/SED_wav/S-0384.wav,polyphonic,Chicken coop,chicken_coop,65.2,68.28,0.6,0.63,3.08,2070
datased:polyphonic:002070,S-0384,DataSED - DataSED - Dataset for Sound Event Detection of environmental noise/SED_wav/S-0384.wav,polyphonic,Birds,birds,68.47,73.91,0.63,0.68,5.43,2071
datased:polyphonic:002071,S-0384,DataSED - DataSED - Dataset for Sound Event Detection of environmental noise/SED_wav/S-0384.wav,polyphonic,Chicken coop,chicken_coop,74.1,76.0,0.69,0.7,1.9,2072
datased:polyphonic:002072,S-0384,DataSED - DataSED - Dataset for Sound Event Detection of environmental noise/SED_wav/S-0384.wav,polyphonic,Birds,birds,76.26,79.73,0.71,0.74,3.47,2073
datased:polyphonic:002073,S-0384,DataSED - DataSED - Dataset for Sound Event Detection of environmental noise/SED_wav/S-0384.wav,polyphonic,Chicken coop,chicken_coop,80.06,82.09,0.74,0.76,2.03,2074
datased:polyphonic:002074,S-0384,DataSED - DataSED - Dataset for Sound Event Detection of environmental noise/SED_wav/S-0384.wav,polyphonic,Birds,birds,82.28,84.51,0.76,0.78,2.23,2075
datased:polyphonic:002075,S-0384,DataSED - DataSED - Dataset for Sound Event Detection of environmental noise/SED_wav/S-0384.wav,polyphonic,Chicken coop,chicken_coop,84.77,87.39,0.78,0.81,2.62,2076
datased:polyphonic:002076,S-0384,DataSED - DataSED - Dataset for Sound Event Detection of environmental noise/SED_wav/S-0384.wav,polyphonic,Chicken coop,chicken_coop,87.52,90.27,0.81,0.83,2.75,2077
datased:polyphonic:002077,S-0384,DataSED - DataSED - Dataset for Sound Event Detection of environmental noise/SED_wav/S-0384.wav,polyphonic,Birds,birds,90.53,94.65,0.84,0.88,4.12,2078
datased:polyphonic:002078,S-0384,DataSED - DataSED - Dataset for Sound Event Detection of environmental noise/SED_wav/S-0384.wav,polyphonic,Chicken coop,chicken_coop,94.92,97.27,0.88,0.9,2.36,2079
datased:polyphonic:002079,S-0384,DataSED - DataSED - Dataset for Sound Event Detection of environmental noise/SED_wav/S-0384.wav,polyphonic,Birds,birds,97.4,99.63,0.9,0.92,2.23,2080
datased:polyphonic:002080,S-0384,DataSED - DataSED - Dataset for Sound Event Detection of environmental noise/SED_wav/S-0384.wav,polyphonic,Chicken coop,chicken_coop,99.96,102.12,0.92,0.94,2.16,2081
datased:polyphonic:002081,S-0384,DataSED - DataSED - Dataset for Sound Event Detection of environmental noise/SED_wav/S-0384.wav,polyphonic,Birds,birds,102.31,104.93,0.95,0.97,2.62,2082
datased:polyphonic:002082,S-0384,DataSED - DataSED - Dataset for Sound Event Detection of environmental noise/SED_wav/S-0384.wav,polyphonic,Chicken coop,chicken_coop,105.32,107.42,0.97,0.99,2.09,2083
datased:polyphonic:002083,S-0385,DataSED - DataSED - Dataset for Sound Event Detection of environmental noise/SED_wav/S-0385.wav,polyphonic,Chicken coop,chicken_coop,3.46,6.2,0.03,0.06,2.74,2084
datased:polyphonic:002084,S-0385,DataSED - DataSED - Dataset for Sound Event Detection of environmental noise/SED_wav/S-0385.wav,polyphonic,Cicadas and crickets,cicadas_and_crickets,6.39,15.38,0.06,0.15,8.99,2085
datased:polyphonic:002085,S-0385,DataSED - DataSED - Dataset for Sound Event Detection of environmental noise/SED_wav/S-0385.wav,polyphonic,Chicken coop,chicken_coop,15.58,19.34,0.15,0.18,3.76,2086
datased:polyphonic:002086,S-0385,DataSED - DataSED - Dataset for Sound Event Detection of environmental noise/SED_wav/S-0385.wav,polyphonic,Cicadas and crickets,cicadas_and_crickets,19.85,23.1,0.19,0.22,3.25,2087
datased:polyphonic:002087,S-0385,DataSED - DataSED - Dataset for Sound Event Detection of environmental noise/SED_wav/S-0385.wav,polyphonic,Chicken coop,chicken_coop,23.04,25.72,0.22,0.24,2.68,2088
datased:polyphonic:002088,S-0385,DataSED - DataSED - Dataset for Sound Event Detection of environmental noise/SED_wav/S-0385.wav,polyphonic,Cicadas and crickets,cicadas_and_crickets,26.04,34.01,0.25,0.32,7.97,2089
datased:polyphonic:002089,S-0385,DataSED - DataSED - Dataset for Sound Event Detection of environmental noise/SED_wav/S-0385.wav,polyphonic,Chicken coop,chicken_coop,34.26,36.75,0.33,0.35,2.49,2090
datased:polyphonic:002090,S-0385,DataSED - DataSED - Dataset for Sound Event Detection of environmental noise/SED_wav/S-0385.wav,polyphonic,Cicadas and crickets,cicadas_and_crickets,36.88,51.17,0.35,0.49,14.29,2091
datased:polyphonic:002091,S-0385,DataSED - DataSED - Dataset for Sound Event Detection of environmental noise/SED_wav/S-0385.wav,polyphonic,Chicken coop,chicken_coop,51.29,53.46,0.49,0.51,2.17,2092
datased:polyphonic:002092,S-0385,DataSED - DataSED - Dataset for Sound Event Detection of environmental noise/SED_wav/S-0385.wav,polyphonic,Cicadas and crickets,cicadas_and_crickets,53.72,61.88,0.51,0.59,8.16,2093
datased:polyphonic:002093,S-0385,DataSED - DataSED - Dataset for Sound Event Detection of environmental noise/SED_wav/S-0385.wav,polyphonic,Chicken coop,chicken_coop,62.14,63.99,0.59,0.61,1.85,2094
datased:polyphonic:002094,S-0385,DataSED - DataSED - Dataset for Sound Event Detection of environmental noise/SED_wav/S-0385.wav,polyphonic,Cicadas and crickets,cicadas_and_crickets,64.24,81.46,0.61,0.77,17.22,2095
datased:polyphonic:002095,S-0385,DataSED - DataSED - Dataset for Sound Event Detection of environmental noise/SED_wav/S-0385.wav,polyphonic,Chicken coop,chicken_coop,81.72,84.59,0.78,0.8,2.87,2096
datased:polyphonic:002096,S-0385,DataSED - DataSED - Dataset for Sound Event Detection of environmental noise/SED_wav/S-0385.wav,polyphonic,Cicadas and crickets,cicadas_and_crickets,84.72,92.88,0.8,0.88,8.16,2097
datased:polyphonic:002097,S-0385,DataSED - DataSED - Dataset for Sound Event Detection of environmental noise/SED_wav/S-0385.wav,polyphonic,Chicken coop,chicken_coop,93.26,97.09,0.89,0.92,3.83,2098
datased:polyphonic:002098,S-0385,DataSED - DataSED - Dataset for Sound Event Detection of environmental noise/SED_wav/S-0385.wav,polyphonic,Cicadas and crickets,cicadas_and_crickets,97.34,105.38,0.92,1.0,8.04,2099
datased:polyphonic:002099,S-0386,DataSED - DataSED - Dataset for Sound Event Detection of environmental noise/SED_wav/S-0386.wav,polyphonic,Cicadas and crickets,cicadas_and_crickets,1.6,3.56,0.02,0.03,1.96,2100
datased:polyphonic:002100,S-0386,DataSED - DataSED - Dataset for Sound Event Detection of environmental noise/SED_wav/S-0386.wav,polyphonic,Chicken coop,chicken_coop,3.49,9.03,0.03,0.08,5.54,2101
datased:polyphonic:002101,S-0386,DataSED - DataSED - Dataset for Sound Event Detection of environmental noise/SED_wav/S-0386.wav,polyphonic,Cicadas and crickets,cicadas_and_crickets,9.29,14.12,0.09,0.13,4.83,2102
datased:polyphonic:002102,S-0386,DataSED - DataSED - Dataset for Sound Event Detection of environmental noise/SED_wav/S-0386.wav,polyphonic,Chicken coop,chicken_coop,14.25,17.6,0.13,0.17,3.35,2103
datased:polyphonic:002103,S-0386,DataSED - DataSED - Dataset for Sound Event Detection of environmental noise/SED_wav/S-0386.wav,polyphonic,Cicadas and crickets,cicadas_and_crickets,17.98,25.52,0.17,0.24,7.54,2104
datased:polyphonic:002104,S-0386,DataSED - DataSED - Dataset for Sound Event Detection of environmental noise/SED_wav/S-0386.wav,polyphonic,Chicken coop,chicken_coop,25.65,29.51,0.24,0.28,3.86,2105
datased:polyphonic:002105,S-0386,DataSED - DataSED - Dataset for Sound Event Detection of environmental noise/SED_wav/S-0386.wav,polyphonic,Cicadas and crickets,cicadas_and_crickets,29.9,37.76,0.28,0.35,7.86,2106
datased:polyphonic:002106,S-0386,DataSED - DataSED - Dataset for Sound Event Detection of environmental noise/SED_wav/S-0386.wav,polyphonic,Chicken coop,chicken_coop,37.76,40.4,0.35,0.38,2.64,2107
datased:polyphonic:002107,S-0386,DataSED - DataSED - Dataset for Sound Event Detection of environmental noise/SED_wav/S-0386.wav,polyphonic,Cicadas and crickets,cicadas_and_crickets,40.53,45.29,0.38,0.43,4.77,2108
datased:polyphonic:002108,S-0386,DataSED - DataSED - Dataset for Sound Event Detection of environmental noise/SED_wav/S-0386.wav,polyphonic,Chicken coop,chicken_coop,45.42,48.19,0.43,0.45,2.77,2109
datased:polyphonic:002109,S-0386,DataSED - DataSED - Dataset for Sound Event Detection of environmental noise/SED_wav/S-0386.wav,polyphonic,Cicadas and crickets,cicadas_and_crickets,48.26,55.86,0.45,0.52,7.6,2110
datased:polyphonic:002110,S-0386,DataSED - DataSED - Dataset for Sound Event Detection of environmental noise/SED_wav/S-0386.wav,polyphonic,Chicken coop,chicken_coop,55.98,58.17,0.53,0.55,2.19,2111
datased:polyphonic:002111,S-0386,DataSED - DataSED - Dataset for Sound Event Detection of environmental noise/SED_wav/S-0386.wav,polyphonic,Cicadas and crickets,cicadas_and_crickets,58.43,68.8,0.55,0.65,10.37,2112
datased:polyphonic:002112,S-0386,DataSED - DataSED - Dataset for Sound Event Detection of environmental noise/SED_wav/S-0386.wav,polyphonic,Chicken coop,chicken_coop,68.93,71.64,0.65,0.67,2.71,2113
datased:polyphonic:002113,S-0386,DataSED - DataSED - Dataset for Sound Event Detection of environmental noise/SED_wav/S-0386.wav,polyphonic,Cicadas and crickets,cicadas_and_crickets,71.83,86.45,0.67,0.81,14.62,2114
datased:polyphonic:002114,S-0386,DataSED - DataSED - Dataset for Sound Event Detection of environmental noise/SED_wav/S-0386.wav,polyphonic,Chicken coop,chicken_coop,86.84,89.03,0.82,0.84,2.19,2115
datased:polyphonic:002115,S-0386,DataSED - DataSED - Dataset for Sound Event Detection of environmental noise/SED_wav/S-0386.wav,polyphonic,Cicadas and crickets,cicadas_and_crickets,89.41,93.6,0.84,0.88,4.19,2116
datased:polyphonic:002116,S-0386,DataSED - DataSED - Dataset for Sound Event Detection of environmental noise/SED_wav/S-0386.wav,polyphonic,Chicken coop,chicken_coop,93.86,95.98,0.88,0.9,2.13,2117
datased:polyphonic:002117,S-0386,DataSED - DataSED - Dataset for Sound Event Detection of environmental noise/SED_wav/S-0386.wav,polyphonic,Cicadas and crickets,cicadas_and_crickets,96.3,100.81,0.9,0.95,4.51,2118
datased:polyphonic:002118,S-0386,DataSED - DataSED - Dataset for Sound Event Detection of environmental noise/SED_wav/S-0386.wav,polyphonic,Chicken coop,chicken_coop,101.01,103.65,0.95,0.97,2.64,2119
datased:polyphonic:002119,S-0386,DataSED - DataSED - Dataset for Sound Event Detection of environmental noise/SED_wav/S-0386.wav,polyphonic,Cicadas and crickets,cicadas_and_crickets,103.65,105.64,0.97,0.99,2.0,2120
datased:polyphonic:002120,S-0387,DataSED - DataSED - Dataset for Sound Event Detection of environmental noise/SED_wav/S-0387.wav,polyphonic,Chicken coop,chicken_coop,1.32,3.62,0.02,0.04,2.3,2121
datased:polyphonic:002121,S-0387,DataSED - DataSED - Dataset for Sound Event Detection of environmental noise/SED_wav/S-0387.wav,polyphonic,Cicadas and crickets,cicadas_and_crickets,3.83,16.23,0.04,0.19,12.4,2122
datased:polyphonic:002122,S-0387,DataSED - DataSED - Dataset for Sound Event Detection of environmental noise/SED_wav/S-0387.wav,polyphonic,Chicken coop,chicken_coop,16.28,18.58,0.19,0.21,2.3,2123
datased:polyphonic:002123,S-0387,DataSED - DataSED - Dataset for Sound Event Detection of environmental noise/SED_wav/S-0387.wav,polyphonic,Cicadas and crickets,cicadas_and_crickets,18.79,28.83,0.22,0.33,10.04,2124
datased:polyphonic:002124,S-0387,DataSED - DataSED - Dataset for Sound Event Detection of environmental noise/SED_wav/S-0387.wav,polyphonic,Chicken coop,chicken_coop,28.99,31.76,0.34,0.37,2.77,2125
datased:polyphonic:002125,S-0387,DataSED - DataSED - Dataset for Sound Event Detection of environmental noise/SED_wav/S-0387.wav,polyphonic,Cicadas and crickets,cicadas_and_crickets,31.87,40.24,0.37,0.47,8.37,2126
datased:polyphonic:002126,S-0387,DataSED - DataSED - Dataset for Sound Event Detection of environmental noise/SED_wav/S-0387.wav,polyphonic,Chicken coop,chicken_coop,40.34,42.75,0.47,0.49,2.41,2127
datased:polyphonic:002127,S-0387,DataSED - DataSED - Dataset for Sound Event Detection of environmental noise/SED_wav/S-0387.wav,polyphonic,Cicadas and crickets,cicadas_and_crickets,42.85,51.64,0.5,0.6,8.79,2128
datased:polyphonic:002128,S-0387,DataSED - DataSED - Dataset for Sound Event Detection of environmental noise/SED_wav/S-0387.wav,polyphonic,Chicken coop,chicken_coop,51.85,54.41,0.6,0.63,2.56,2129
datased:polyphonic:002129,S-0387,DataSED - DataSED - Dataset for Sound Event Detection of environmental noise/SED_wav/S-0387.wav,polyphonic,Cicadas and crickets,cicadas_and_crickets,54.46,64.14,0.63,0.74,9.68,2130
datased:polyphonic:002130,S-0387,DataSED - DataSED - Dataset for Sound Event Detection of environmental noise/SED_wav/S-0387.wav,polyphonic,Chicken coop,chicken_coop,64.3,66.86,0.74,0.77,2.56,2131
datased:polyphonic:002131,S-0387,DataSED - DataSED - Dataset for Sound Event Detection of environmental noise/SED_wav/S-0387.wav,polyphonic,Cicadas and crickets,cicadas_and_crickets,66.91,79.36,0.77,0.92,12.45,2132
datased:polyphonic:002132,S-0387,DataSED - DataSED - Dataset for Sound Event Detection of environmental noise/SED_wav/S-0387.wav,polyphonic,Chicken coop,chicken_coop,79.57,81.56,0.92,0.94,1.99,2133
datased:polyphonic:002133,S-0387,DataSED - DataSED - Dataset for Sound Event Detection of environmental noise/SED_wav/S-0387.wav,polyphonic,Cicadas and crickets,cicadas_and_crickets,81.61,84.65,0.94,0.98,3.03,2134
datased:polyphonic:002134,S-0387,DataSED - DataSED - Dataset for Sound Event Detection of environmental noise/SED_wav/S-0387.wav,polyphonic,Birds,birds,84.7,85.54,0.98,0.99,0.84,2135
datased:polyphonic:002135,S-0388,DataSED - DataSED - Dataset for Sound Event Detection of environmental noise/SED_wav/S-0388.wav,polyphonic,Cicadas and crickets,cicadas_and_crickets,0.0,3.65,0.0,0.03,3.65,2136
datased:polyphonic:002136,S-0388,DataSED - DataSED - Dataset for Sound Event Detection of environmental noise/SED_wav/S-0388.wav,polyphonic,Chicken coop,chicken_coop,3.52,6.38,0.03,0.06,2.86,2137
datased:polyphonic:002137,S-0388,DataSED - DataSED - Dataset for Sound Event Detection of environmental noise/SED_wav/S-0388.wav,polyphonic,Cicadas and crickets,cicadas_and_crickets,6.77,19.04,0.06,0.18,12.27,2138
datased:polyphonic:002138,S-0388,DataSED - DataSED - Dataset for Sound Event Detection of environmental noise/SED_wav/S-0388.wav,polyphonic,Chicken coop,chicken_coop,19.24,21.64,0.18,0.2,2.4,2139
datased:polyphonic:002139,S-0388,DataSED - DataSED - Dataset for Sound Event Detection of environmental noise/SED_wav/S-0388.wav,polyphonic,Cicadas and crickets,cicadas_and_crickets,22.03,25.41,0.21,0.24,3.38,2140
datased:polyphonic:002140,S-0388,DataSED - DataSED - Dataset for Sound Event Detection of environmental noise/SED_wav/S-0388.wav,polyphonic,Chicken coop,chicken_coop,25.41,26.97,0.24,0.25,1.56,2141
datased:polyphonic:002141,S-0388,DataSED - DataSED - Dataset for Sound Event Detection of environmental noise/SED_wav/S-0388.wav,polyphonic,Cicadas and crickets,cicadas_and_crickets,27.42,34.82,0.26,0.32,7.4,2142
datased:polyphonic:002142,S-0388,DataSED - DataSED - Dataset for Sound Event Detection of environmental noise/SED_wav/S-0388.wav,polyphonic,Chicken coop,chicken_coop,34.95,37.62,0.33,0.35,2.66,2143
datased:polyphonic:002143,S-0388,DataSED - DataSED - Dataset for Sound Event Detection of environmental noise/SED_wav/S-0388.wav,polyphonic,Cicadas and crickets,cicadas_and_crickets,37.75,49.24,0.35,0.46,11.5,2144
datased:polyphonic:002144,S-0388,DataSED - DataSED - Dataset for Sound Event Detection of environmental noise/SED_wav/S-0388.wav,polyphonic,Propeller aircrafts,propeller_aircrafts,39.76,82.49,0.37,0.77,42.73,2145
datased:polyphonic:002145,S-0388,DataSED - DataSED - Dataset for Sound Event Detection of environmental noise/SED_wav/S-0388.wav,polyphonic,Chicken coop,chicken_coop,49.37,50.73,0.46,0.47,1.36,2146
datased:polyphonic:002146,S-0388,DataSED - DataSED - Dataset for Sound Event Detection of environmental noise/SED_wav/S-0388.wav,polyphonic,Cicadas and crickets,cicadas_and_crickets,50.86,52.62,0.47,0.49,1.75,2147
datased:polyphonic:002147,S-0388,DataSED - DataSED - Dataset for Sound Event Detection of environmental noise/SED_wav/S-0388.wav,polyphonic,Chicken coop,chicken_coop,52.81,55.28,0.49,0.52,2.47,2148
datased:polyphonic:002148,S-0388,DataSED - DataSED - Dataset for Sound Event Detection of environmental noise/SED_wav/S-0388.wav,polyphonic,Cicadas and crickets,cicadas_and_crickets,55.41,68.53,0.52,0.64,13.12,2149
datased:polyphonic:002149,S-0388,DataSED - DataSED - Dataset for Sound Event Detection of environmental noise/SED_wav/S-0388.wav,polyphonic,Chicken coop,chicken_coop,68.79,71.78,0.64,0.67,2.99,2150
datased:polyphonic:002150,S-0388,DataSED - DataSED - Dataset for Sound Event Detection of environmental noise/SED_wav/S-0388.wav,polyphonic,Cicadas and crickets,cicadas_and_crickets,71.91,78.6,0.67,0.73,6.69,2151
datased:polyphonic:002151,S-0388,DataSED - DataSED - Dataset for Sound Event Detection of environmental noise/SED_wav/S-0388.wav,polyphonic,Chicken coop,chicken_coop,78.99,81.45,0.74,0.76,2.47,2152
datased:polyphonic:002152,S-0388,DataSED - DataSED - Dataset for Sound Event Detection of environmental noise/SED_wav/S-0388.wav,polyphonic,Cicadas and crickets,cicadas_and_crickets,81.52,83.99,0.76,0.78,2.47,2153
datased:polyphonic:002153,S-0388,DataSED - DataSED - Dataset for Sound Event Detection of environmental noise/SED_wav/S-0388.wav,polyphonic,Chicken coop,chicken_coop,84.44,87.36,0.79,0.81,2.92,2154
datased:polyphonic:002154,S-0388,DataSED - DataSED - Dataset for Sound Event Detection of environmental noise/SED_wav/S-0388.wav,polyphonic,Cicadas and crickets,cicadas_and_crickets,87.49,107.3,0.82,1.0,19.81,2155
datased:polyphonic:002155,S-0389,DataSED - DataSED - Dataset for Sound Event Detection of environmental noise/SED_wav/S-0389.wav,polyphonic,Cicadas and crickets,cicadas_and_crickets,0.0,27.37,0.0,0.47,27.37,2156
datased:polyphonic:002156,S-0389,DataSED - DataSED - Dataset for Sound Event Detection of environmental noise/SED_wav/S-0389.wav,polyphonic,Jet aircrafts,jet_aircrafts,2.14,39.35,0.04,0.68,37.2,2157
datased:polyphonic:002157,S-0389,DataSED - DataSED - Dataset for Sound Event Detection of environmental noise/SED_wav/S-0389.wav,polyphonic,Chicken coop,chicken_coop,27.44,28.84,0.47,0.5,1.4,2158
datased:polyphonic:002158,S-0389,DataSED - DataSED - Dataset for Sound Event Detection of environmental noise/SED_wav/S-0389.wav,polyphonic,Cicadas and crickets,cicadas_and_crickets,29.01,31.43,0.5,0.54,2.42,2159
datased:polyphonic:002159,S-0389,DataSED - DataSED - Dataset for Sound Event Detection of environmental noise/SED_wav/S-0389.wav,polyphonic,Chicken coop,chicken_coop,31.47,33.74,0.54,0.58,2.28,2160
datased:polyphonic:002160,S-0389,DataSED - DataSED - Dataset for Sound Event Detection of environmental noise/SED_wav/S-0389.wav,polyphonic,Cicadas and crickets,cicadas_and_crickets,34.02,47.79,0.59,0.83,13.77,2161
datased:polyphonic:002161,S-0389,DataSED - DataSED - Dataset for Sound Event Detection of environmental noise/SED_wav/S-0389.wav,polyphonic,Chicken coop,chicken_coop,47.79,49.79,0.83,0.86,2.0,2162
datased:polyphonic:002162,S-0389,DataSED - DataSED - Dataset for Sound Event Detection of environmental noise/SED_wav/S-0389.wav,polyphonic,Cicadas and crickets,cicadas_and_crickets,49.82,54.17,0.86,0.94,4.34,2163
datased:polyphonic:002163,S-0389,DataSED - DataSED - Dataset for Sound Event Detection of environmental noise/SED_wav/S-0389.wav,polyphonic,Chicken coop,chicken_coop,54.27,56.52,0.94,0.98,2.24,2164
datased:polyphonic:002164,S-0389,DataSED - DataSED - Dataset for Sound Event Detection of environmental noise/SED_wav/S-0389.wav,polyphonic,Cicadas and crickets,cicadas_and_crickets,56.52,57.22,0.98,0.99,0.7,2165
datased:polyphonic:002165,S-0390,DataSED - DataSED - Dataset for Sound Event Detection of environmental noise/SED_wav/S-0390.wav,polyphonic,Birds,birds,0.0,12.04,0.0,1.0,12.04,2166
datased:polyphonic:002166,S-0390,DataSED - DataSED - Dataset for Sound Event Detection of environmental noise/SED_wav/S-0390.wav,polyphonic,Chicken coop,chicken_coop,2.32,3.59,0.19,0.3,1.27,2167
datased:polyphonic:002167,S-0390,DataSED - DataSED - Dataset for Sound Event Detection of environmental noise/SED_wav/S-0390.wav,polyphonic,Chicken coop,chicken_coop,5.78,7.83,0.48,0.65,2.05,2168
datased:polyphonic:002168,S-0390,DataSED - DataSED - Dataset for Sound Event Detection of environmental noise/SED_wav/S-0390.wav,polyphonic,Chicken coop,chicken_coop,8.87,11.93,0.74,0.99,3.07,2169
datased:polyphonic:002169,S-0391,DataSED - DataSED - Dataset for Sound Event Detection of environmental noise/SED_wav/S-0391.wav,polyphonic,Chicken coop,chicken_coop,0.3,2.45,0.05,0.42,2.15,2170
datased:polyphonic:002170,S-0391,DataSED - DataSED - Dataset for Sound Event Detection of environmental noise/SED_wav/S-0391.wav,polyphonic,Chicken coop,chicken_coop,4.13,5.8,0.7,0.99,1.67,2171
datased:polyphonic:002171,S-0392,DataSED - DataSED - Dataset for Sound Event Detection of environmental noise/SED_wav/S-0392.wav,polyphonic,Chicken coop,chicken_coop,0.0,1.63,0.0,0.02,1.63,2172
datased:polyphonic:002172,S-0392,DataSED - DataSED - Dataset for Sound Event Detection of environmental noise/SED_wav/S-0392.wav,polyphonic,Propeller aircrafts,propeller_aircrafts,2.14,20.71,0.03,0.26,18.57,2173
datased:polyphonic:002173,S-0392,DataSED - DataSED - Dataset for Sound Event Detection of environmental noise/SED_wav/S-0392.wav,polyphonic,Crows seagulls and magpies,crows_seagulls_magpies,29.47,30.94,0.36,0.38,1.47,2174
datased:polyphonic:002174,S-0392,DataSED - DataSED - Dataset for Sound Event Detection of environmental noise/SED_wav/S-0392.wav,polyphonic,Chicken coop,chicken_coop,31.77,35.83,0.39,0.44,4.06,2175
datased:polyphonic:002175,S-0392,DataSED - DataSED - Dataset for Sound Event Detection of environmental noise/SED_wav/S-0392.wav,polyphonic,Birds,birds,38.92,40.48,0.48,0.5,1.57,2176
datased:polyphonic:002176,S-0392,DataSED - DataSED - Dataset for Sound Event Detection of environmental noise/SED_wav/S-0392.wav,polyphonic,Birds,birds,43.62,45.23,0.54,0.56,1.62,2177
datased:polyphonic:002177,S-0392,DataSED - DataSED - Dataset for Sound Event Detection of environmental noise/SED_wav/S-0392.wav,polyphonic,Birds,birds,48.56,49.73,0.6,0.62,1.17,2178
datased:polyphonic:002178,S-0392,DataSED - DataSED - Dataset for Sound Event Detection of environmental noise/SED_wav/S-0392.wav,polyphonic,Propeller aircrafts,propeller_aircrafts,49.93,75.28,0.62,0.93,25.36,2179
datased:polyphonic:002179,S-0392,DataSED - DataSED - Dataset for Sound Event Detection of environmental noise/SED_wav/S-0392.wav,polyphonic,Chicken coop,chicken_coop,55.9,57.61,0.69,0.71,1.71,2180
datased:polyphonic:002180,S-0392,DataSED - DataSED - Dataset for Sound Event Detection of environmental noise/SED_wav/S-0392.wav,polyphonic,Chicken coop,chicken_coop,63.98,67.4,0.79,0.83,3.43,2181
datased:polyphonic:002181,S-0392,DataSED - DataSED - Dataset for Sound Event Detection of environmental noise/SED_wav/S-0392.wav,polyphonic,Crows seagulls and magpies,crows_seagulls_magpies,78.94,80.06,0.98,0.99,1.13,2182
datased:polyphonic:002182,S-0393,DataSED - DataSED - Dataset for Sound Event Detection of environmental noise/SED_wav/S-0393.wav,polyphonic,Chicken coop,chicken_coop,0.1,2.01,0.0,0.04,1.91,2183
datased:polyphonic:002183,S-0393,DataSED - DataSED - Dataset for Sound Event Detection of environmental noise/SED_wav/S-0393.wav,polyphonic,Birds,birds,2.73,5.95,0.05,0.12,3.22,2184
datased:polyphonic:002184,S-0393,DataSED - DataSED - Dataset for Sound Event Detection of environmental noise/SED_wav/S-0393.wav,polyphonic,Vehicle pass-by,vehicle_pass_by,6.27,12.59,0.12,0.24,6.32,2185
datased:polyphonic:002185,S-0393,DataSED - DataSED - Dataset for Sound Event Detection of environmental noise/SED_wav/S-0393.wav,polyphonic,Chicken coop,chicken_coop,13.47,15.44,0.26,0.3,1.97,2186
datased:polyphonic:002186,S-0393,DataSED - DataSED - Dataset for Sound Event Detection of environmental noise/SED_wav/S-0393.wav,polyphonic,Chicken coop,chicken_coop,17.13,19.04,0.33,0.37,1.91,2187
datased:polyphonic:002187,S-0393,DataSED - DataSED - Dataset for Sound Event Detection of environmental noise/SED_wav/S-0393.wav,polyphonic,Chicken coop,chicken_coop,22.74,24.24,0.44,0.47,1.5,2188
datased:polyphonic:002188,S-0393,DataSED - DataSED - Dataset for Sound Event Detection of environmental noise/SED_wav/S-0393.wav,polyphonic,Chicken coop,chicken_coop,26.93,29.09,0.52,0.56,2.16,2189
datased:polyphonic:002189,S-0393,DataSED - DataSED - Dataset for Sound Event Detection of environmental noise/SED_wav/S-0393.wav,polyphonic,Chicken coop,chicken_coop,31.63,33.79,0.61,0.65,2.16,2190
datased:polyphonic:002190,S-0393,DataSED - DataSED - Dataset for Sound Event Detection of environmental noise/SED_wav/S-0393.wav,polyphonic,Chicken coop,chicken_coop,35.79,37.17,0.69,0.72,1.38,2191
datased:polyphonic:002191,S-0393,DataSED - DataSED - Dataset for Sound Event Detection of environmental noise/SED_wav/S-0393.wav,polyphonic,Chicken coop,chicken_coop,38.39,40.71,0.74,0.79,2.32,2192
datased:polyphonic:002192,S-0393,DataSED - DataSED - Dataset for Sound Event Detection of environmental noise/SED_wav/S-0393.wav,polyphonic,Chicken coop,chicken_coop,41.83,43.62,0.81,0.84,1.78,2193
datased:polyphonic:002193,S-0393,DataSED - DataSED - Dataset for Sound Event Detection of environmental noise/SED_wav/S-0393.wav,polyphonic,Chicken coop,chicken_coop,46.22,47.69,0.89,0.92,1.47,2194
datased:polyphonic:002194,S-0393,DataSED - DataSED - Dataset for Sound Event Detection of environmental noise/SED_wav/S-0393.wav,polyphonic,Chicken coop,chicken_coop,49.28,50.29,0.95,0.97,1.0,2195
datased:polyphonic:002195,S-0394,DataSED - DataSED - Dataset for Sound Event Detection of environmental noise/SED_wav/S-0394.wav,polyphonic,Voices,voices,0.68,5.17,0.05,0.4,4.49,2196
datased:polyphonic:002196,S-0394,DataSED - DataSED - Dataset for Sound Event Detection of environmental noise/SED_wav/S-0394.wav,polyphonic,Glass breaking,glass_breaking,5.49,7.13,0.42,0.55,1.64,2197
datased:polyphonic:002197,S-0394,DataSED - DataSED - Dataset for Sound Event Detection of environmental noise/SED_wav/S-0394.wav,polyphonic,Voices,voices,7.3,8.22,0.56,0.64,0.92,2198
datased:polyphonic:002198,S-0394,DataSED - DataSED - Dataset for Sound Event Detection of environmental noise/SED_wav/S-0394.wav,polyphonic,Voices,voices,8.96,10.04,0.69,0.78,1.08,2199
datased:polyphonic:002199,S-0394,DataSED - DataSED - Dataset for Sound Event Detection of environmental noise/SED_wav/S-0394.wav,polyphonic,Glass breaking,glass_breaking,10.74,12.04,0.83,0.93,1.31,2200
datased:polyphonic:002200,S-0395,DataSED - DataSED - Dataset for Sound Event Detection of environmental noise/SED_wav/S-0395.wav,polyphonic,Birds,birds,0.0,35.98,0.0,0.19,35.98,2201
datased:polyphonic:002201,S-0395,DataSED - DataSED - Dataset for Sound Event Detection of environmental noise/SED_wav/S-0395.wav,polyphonic,Jet aircrafts,jet_aircrafts,36.54,58.6,0.2,0.32,22.07,2202
datased:polyphonic:002202,S-0395,DataSED - DataSED - Dataset for Sound Event Detection of environmental noise/SED_wav/S-0395.wav,polyphonic,Birds,birds,78.65,101.28,0.43,0.55,22.63,2203
datased:polyphonic:002203,S-0395,DataSED - DataSED - Dataset for Sound Event Detection of environmental noise/SED_wav/S-0395.wav,polyphonic,Train,train,100.94,117.63,0.55,0.64,16.69,2204
datased:polyphonic:002204,S-0395,DataSED - DataSED - Dataset for Sound Event Detection of environmental noise/SED_wav/S-0395.wav,polyphonic,Jet aircrafts,jet_aircrafts,127.37,141.71,0.69,0.77,14.34,2205
datased:polyphonic:002205,S-0396,DataSED - DataSED - Dataset for Sound Event Detection of environmental noise/SED_wav/S-0396.wav,polyphonic,Train,train,7.27,22.65,0.03,0.11,15.38,2206
datased:polyphonic:002206,S-0396,DataSED - DataSED - Dataset for Sound Event Detection of environmental noise/SED_wav/S-0396.wav,polyphonic,Vehicle idling,vehicle_idling,61.81,76.93,0.29,0.37,15.13,2207
datased:polyphonic:002207,S-0396,DataSED - DataSED - Dataset for Sound Event Detection of environmental noise/SED_wav/S-0396.wav,polyphonic,Chicken coop,chicken_coop,131.21,133.63,0.62,0.64,2.42,2208
datased:polyphonic:002208,S-0396,DataSED - DataSED - Dataset for Sound Event Detection of environmental noise/SED_wav/S-0396.wav,polyphonic,Chicken coop,chicken_coop,134.01,139.09,0.64,0.66,5.08,2209
datased:polyphonic:002209,S-0396,DataSED - DataSED - Dataset for Sound Event Detection of environmental noise/SED_wav/S-0396.wav,polyphonic,Lawn mower brush cutter and olive shaker,lawn_mower_brush_cutter_olive_shaker,157.78,171.64,0.75,0.82,13.86,2210
datased:polyphonic:002210,S-0396,DataSED - DataSED - Dataset for Sound Event Detection of environmental noise/SED_wav/S-0396.wav,polyphonic,Train,train,172.78,185.75,0.82,0.88,12.97,2211
datased:polyphonic:002211,S-0397,DataSED - DataSED - Dataset for Sound Event Detection of environmental noise/SED_wav/S-0397.wav,polyphonic,Lawn mower brush cutter and olive shaker,lawn_mower_brush_cutter_olive_shaker,0.0,20.28,0.0,0.16,20.28,2212
datased:polyphonic:002212,S-0397,DataSED - DataSED - Dataset for Sound Event Detection of environmental noise/SED_wav/S-0397.wav,polyphonic,Train,train,23.9,34.75,0.19,0.28,10.85,2213
datased:polyphonic:002213,S-0397,DataSED - DataSED - Dataset for Sound Event Detection of environmental noise/SED_wav/S-0397.wav,polyphonic,Vehicle pass-by,vehicle_pass_by,40.7,47.1,0.33,0.38,6.4,2214
datased:polyphonic:002214,S-0397,DataSED - DataSED - Dataset for Sound Event Detection of environmental noise/SED_wav/S-0397.wav,polyphonic,Lawn mower brush cutter and olive shaker,lawn_mower_brush_cutter_olive_shaker,50.45,95.02,0.41,0.76,44.57,2215
datased:polyphonic:002215,S-0397,DataSED - DataSED - Dataset for Sound Event Detection of environmental noise/SED_wav/S-0397.wav,polyphonic,Vehicle pass-by,vehicle_pass_by,96.75,103.91,0.78,0.83,7.16,2216
datased:polyphonic:002216,S-0397,DataSED - DataSED - Dataset for Sound Event Detection of environmental noise/SED_wav/S-0397.wav,polyphonic,Lawn mower brush cutter and olive shaker,lawn_mower_brush_cutter_olive_shaker,103.41,123.95,0.83,1.0,20.54,2217
datased:polyphonic:002217,S-0398,DataSED - DataSED - Dataset for Sound Event Detection of environmental noise/SED_wav/S-0398.wav,polyphonic,Cicadas and crickets,cicadas_and_crickets,5.86,17.4,0.05,0.14,11.54,2218
datased:polyphonic:002218,S-0398,DataSED - DataSED - Dataset for Sound Event Detection of environmental noise/SED_wav/S-0398.wav,polyphonic,Cicadas and crickets,cicadas_and_crickets,22.19,32.13,0.18,0.26,9.95,2219
datased:polyphonic:002219,S-0398,DataSED - DataSED - Dataset for Sound Event Detection of environmental noise/SED_wav/S-0398.wav,polyphonic,Cicadas and crickets,cicadas_and_crickets,39.04,48.84,0.31,0.39,9.8,2220
datased:polyphonic:002220,S-0398,DataSED - DataSED - Dataset for Sound Event Detection of environmental noise/SED_wav/S-0398.wav,polyphonic,Cicadas and crickets,cicadas_and_crickets,55.9,65.47,0.45,0.52,9.57,2221
datased:polyphonic:002221,S-0398,DataSED - DataSED - Dataset for Sound Event Detection of environmental noise/SED_wav/S-0398.wav,polyphonic,Cicadas and crickets,cicadas_and_crickets,72.3,80.96,0.58,0.65,8.66,2222
datased:polyphonic:002222,S-0398,DataSED - DataSED - Dataset for Sound Event Detection of environmental noise/SED_wav/S-0398.wav,polyphonic,Cicadas and crickets,cicadas_and_crickets,87.87,92.35,0.7,0.74,4.48,2223
datased:polyphonic:002223,S-0398,DataSED - DataSED - Dataset for Sound Event Detection of environmental noise/SED_wav/S-0398.wav,polyphonic,Cicadas and crickets,cicadas_and_crickets,100.47,105.71,0.8,0.84,5.24,2224
datased:polyphonic:002224,S-0398,DataSED - DataSED - Dataset for Sound Event Detection of environmental noise/SED_wav/S-0398.wav,polyphonic,Cicadas and crickets,cicadas_and_crickets,113.46,121.58,0.9,0.97,8.12,2225
datased:polyphonic:002225,S-0399,DataSED - DataSED - Dataset for Sound Event Detection of environmental noise/SED_wav/S-0399.wav,polyphonic,Cicadas and crickets,cicadas_and_crickets,3.72,13.34,0.02,0.07,9.61,2226
datased:polyphonic:002226,S-0399,DataSED - DataSED - Dataset for Sound Event Detection of environmental noise/SED_wav/S-0399.wav,polyphonic,Cicadas and crickets,cicadas_and_crickets,19.25,33.43,0.09,0.16,14.18,2227
datased:polyphonic:002227,S-0399,DataSED - DataSED - Dataset for Sound Event Detection of environmental noise/SED_wav/S-0399.wav,polyphonic,Cicadas and crickets,cicadas_and_crickets,39.35,46.37,0.19,0.23,7.03,2228
datased:polyphonic:002228,S-0399,DataSED - DataSED - Dataset for Sound Event Detection of environmental noise/SED_wav/S-0399.wav,polyphonic,Cicadas and crickets,cicadas_and_crickets,52.41,60.3,0.26,0.3,7.89,2229
datased:polyphonic:002229,S-0399,DataSED - DataSED - Dataset for Sound Event Detection of environmental noise/SED_wav/S-0399.wav,polyphonic,Cicadas and crickets,cicadas_and_crickets,67.21,76.33,0.33,0.37,9.12,2230
datased:polyphonic:002230,S-0399,DataSED - DataSED - Dataset for Sound Event Detection of environmental noise/SED_wav/S-0399.wav,polyphonic,Cicadas and crickets,cicadas_and_crickets,83.85,89.27,0.41,0.44,5.42,2231
datased:polyphonic:002231,S-0399,DataSED - DataSED - Dataset for Sound Event Detection of environmental noise/SED_wav/S-0399.wav,polyphonic,Cicadas and crickets,cicadas_and_crickets,94.69,100.24,0.46,0.49,5.55,2232
datased:polyphonic:002232,S-0399,DataSED - DataSED - Dataset for Sound Event Detection of environmental noise/SED_wav/S-0399.wav,polyphonic,Cicadas and crickets,cicadas_and_crickets,105.91,110.97,0.52,0.54,5.05,2233
datased:polyphonic:002233,S-0399,DataSED - DataSED - Dataset for Sound Event Detection of environmental noise/SED_wav/S-0399.wav,polyphonic,Cicadas and crickets,cicadas_and_crickets,116.51,124.16,0.57,0.61,7.64,2234
datased:polyphonic:002234,S-0399,DataSED - DataSED - Dataset for Sound Event Detection of environmental noise/SED_wav/S-0399.wav,polyphonic,Cicadas and crickets,cicadas_and_crickets,129.21,135.37,0.63,0.66,6.16,2235
datased:polyphonic:002235,S-0399,DataSED - DataSED - Dataset for Sound Event Detection of environmental noise/SED_wav/S-0399.wav,polyphonic,Cicadas and crickets,cicadas_and_crickets,139.81,146.1,0.69,0.72,6.29,2236
datased:polyphonic:002236,S-0399,DataSED - DataSED - Dataset for Sound Event Detection of environmental noise/SED_wav/S-0399.wav,polyphonic,Cicadas and crickets,cicadas_and_crickets,150.9,156.45,0.74,0.77,5.55,2237
datased:polyphonic:002237,S-0399,DataSED - DataSED - Dataset for Sound Event Detection of environmental noise/SED_wav/S-0399.wav,polyphonic,Cicadas and crickets,cicadas_and_crickets,161.14,166.68,0.79,0.82,5.55,2238
datased:polyphonic:002238,S-0399,DataSED - DataSED - Dataset for Sound Event Detection of environmental noise/SED_wav/S-0399.wav,polyphonic,Cicadas and crickets,cicadas_and_crickets,171.12,177.16,0.84,0.87,6.04,2239
datased:polyphonic:002239,S-0399,DataSED - DataSED - Dataset for Sound Event Detection of environmental noise/SED_wav/S-0399.wav,polyphonic,Cicadas and crickets,cicadas_and_crickets,182.71,196.51,0.9,0.96,13.81,2240
datased:polyphonic:002240,S-0400,DataSED - DataSED - Dataset for Sound Event Detection of environmental noise/SED_wav/S-0400.wav,polyphonic,Cicadas and crickets,cicadas_and_crickets,5.05,19.18,0.04,0.16,14.13,2241
datased:polyphonic:002241,S-0400,DataSED - DataSED - Dataset for Sound Event Detection of environmental noise/SED_wav/S-0400.wav,polyphonic,Cicadas and crickets,cicadas_and_crickets,26.95,36.72,0.22,0.3,9.77,2242
datased:polyphonic:002242,S-0400,DataSED - DataSED - Dataset for Sound Event Detection of environmental noise/SED_wav/S-0400.wav,polyphonic,Cicadas and crickets,cicadas_and_crickets,44.93,52.48,0.37,0.43,7.55,2243
datased:polyphonic:002243,S-0400,DataSED - DataSED - Dataset for Sound Event Detection of environmental noise/SED_wav/S-0400.wav,polyphonic,Cicadas and crickets,cicadas_and_crickets,62.54,72.23,0.51,0.59,9.69,2244
datased:polyphonic:002244,S-0400,DataSED - DataSED - Dataset for Sound Event Detection of environmental noise/SED_wav/S-0400.wav,polyphonic,Cicadas and crickets,cicadas_and_crickets,82.0,87.92,0.67,0.72,5.92,2245
datased:polyphonic:002245,S-0400,DataSED - DataSED - Dataset for Sound Event Detection of environmental noise/SED_wav/S-0400.wav,polyphonic,Cicadas and crickets,cicadas_and_crickets,93.62,100.43,0.77,0.82,6.81,2246
datased:polyphonic:002246,S-0400,DataSED - DataSED - Dataset for Sound Event Detection of environmental noise/SED_wav/S-0400.wav,polyphonic,Cicadas and crickets,cicadas_and_crickets,106.57,114.26,0.87,0.93,7.7,2247
datased:polyphonic:002247,S-0401,DataSED - DataSED - Dataset for Sound Event Detection of environmental noise/SED_wav/S-0401.wav,polyphonic,Cicadas and crickets,cicadas_and_crickets,0.0,3.14,0.0,0.07,3.14,2248
datased:polyphonic:002248,S-0401,DataSED - DataSED - Dataset for Sound Event Detection of environmental noise/SED_wav/S-0401.wav,polyphonic,Cicadas and crickets,cicadas_and_crickets,6.04,9.14,0.13,0.19,3.1,2249
datased:polyphonic:002249,S-0401,DataSED - DataSED - Dataset for Sound Event Detection of environmental noise/SED_wav/S-0401.wav,polyphonic,Cicadas and crickets,cicadas_and_crickets,12.01,15.09,0.25,0.32,3.07,2250
datased:polyphonic:002250,S-0401,DataSED - DataSED - Dataset for Sound Event Detection of environmental noise/SED_wav/S-0401.wav,polyphonic,Cicadas and crickets,cicadas_and_crickets,17.87,21.03,0.38,0.44,3.16,2251
datased:polyphonic:002251,S-0401,DataSED - DataSED - Dataset for Sound Event Detection of environmental noise/SED_wav/S-0401.wav,polyphonic,Cicadas and crickets,cicadas_and_crickets,23.93,27.04,0.5,0.57,3.1,2252
datased:polyphonic:002252,S-0401,DataSED - DataSED - Dataset for Sound Event Detection of environmental noise/SED_wav/S-0401.wav,polyphonic,Cicadas and crickets,cicadas_and_crickets,29.85,32.98,0.63,0.69,3.13,2253
datased:polyphonic:002253,S-0401,DataSED - DataSED - Dataset for Sound Event Detection of environmental noise/SED_wav/S-0401.wav,polyphonic,Cicadas and crickets,cicadas_and_crickets,35.82,39.07,0.75,0.82,3.25,2254
datased:polyphonic:002254,S-0401,DataSED - DataSED - Dataset for Sound Event Detection of environmental noise/SED_wav/S-0401.wav,polyphonic,Cicadas and crickets,cicadas_and_crickets,41.91,44.56,0.88,0.94,2.64,2255
datased:polyphonic:002255,S-0402,DataSED - DataSED - Dataset for Sound Event Detection of environmental noise/SED_wav/S-0402.wav,polyphonic,Cicadas and crickets,cicadas_and_crickets,3.42,10.29,0.03,0.1,6.87,2256
datased:polyphonic:002256,S-0402,DataSED - DataSED - Dataset for Sound Event Detection of environmental noise/SED_wav/S-0402.wav,polyphonic,Cicadas and crickets,cicadas_and_crickets,12.79,17.23,0.12,0.16,4.43,2257
datased:polyphonic:002257,S-0402,DataSED - DataSED - Dataset for Sound Event Detection of environmental noise/SED_wav/S-0402.wav,polyphonic,Cicadas and crickets,cicadas_and_crickets,19.99,23.2,0.19,0.22,3.21,2258
datased:polyphonic:002258,S-0402,DataSED - DataSED - Dataset for Sound Event Detection of environmental noise/SED_wav/S-0402.wav,polyphonic,Cicadas and crickets,cicadas_and_crickets,25.96,30.39,0.24,0.29,4.43,2259
datased:polyphonic:002259,S-0402,DataSED - DataSED - Dataset for Sound Event Detection of environmental noise/SED_wav/S-0402.wav,polyphonic,Birds,birds,26.86,30.39,0.25,0.29,3.53,2260
datased:polyphonic:002260,S-0402,DataSED - DataSED - Dataset for Sound Event Detection of environmental noise/SED_wav/S-0402.wav,polyphonic,Cicadas and crickets,cicadas_and_crickets,33.15,36.94,0.31,0.35,3.79,2261
datased:polyphonic:002261,S-0402,DataSED - DataSED - Dataset for Sound Event Detection of environmental noise/SED_wav/S-0402.wav,polyphonic,Birds,birds,33.54,36.81,0.32,0.35,3.28,2262
datased:polyphonic:002262,S-0402,DataSED - DataSED - Dataset for Sound Event Detection of environmental noise/SED_wav/S-0402.wav,polyphonic,Cicadas and crickets,cicadas_and_crickets,39.9,44.84,0.38,0.42,4.95,2263
datased:polyphonic:002263,S-0402,DataSED - DataSED - Dataset for Sound Event Detection of environmental noise/SED_wav/S-0402.wav,polyphonic,Birds,birds,39.9,43.04,0.38,0.41,3.15,2264
datased:polyphonic:002264,S-0402,DataSED - DataSED - Dataset for Sound Event Detection of environmental noise/SED_wav/S-0402.wav,polyphonic,Cicadas and crickets,cicadas_and_crickets,47.67,52.81,0.45,0.5,5.14,2265
datased:polyphonic:002265,S-0402,DataSED - DataSED - Dataset for Sound Event Detection of environmental noise/SED_wav/S-0402.wav,polyphonic,Cicadas and crickets,cicadas_and_crickets,55.7,60.32,0.52,0.57,4.62,2266
datased:polyphonic:002266,S-0402,DataSED - DataSED - Dataset for Sound Event Detection of environmental noise/SED_wav/S-0402.wav,polyphonic,Cicadas and crickets,cicadas_and_crickets,63.15,67.83,0.6,0.64,4.69,2267
datased:polyphonic:002267,S-0402,DataSED - DataSED - Dataset for Sound Event Detection of environmental noise/SED_wav/S-0402.wav,polyphonic,Cicadas and crickets,cicadas_and_crickets,70.72,75.35,0.67,0.71,4.62,2268
datased:polyphonic:002268,S-0402,DataSED - DataSED - Dataset for Sound Event Detection of environmental noise/SED_wav/S-0402.wav,polyphonic,Cicadas and crickets,cicadas_and_crickets,77.98,81.19,0.73,0.77,3.21,2269
datased:polyphonic:002269,S-0402,DataSED - DataSED - Dataset for Sound Event Detection of environmental noise/SED_wav/S-0402.wav,polyphonic,Cicadas and crickets,cicadas_and_crickets,83.89,86.84,0.79,0.82,2.95,2270
datased:polyphonic:002270,S-0402,DataSED - DataSED - Dataset for Sound Event Detection of environmental noise/SED_wav/S-0402.wav,polyphonic,Cicadas and crickets,cicadas_and_crickets,89.73,92.88,0.85,0.88,3.15,2271
datased:polyphonic:002271,S-0402,DataSED - DataSED - Dataset for Sound Event Detection of environmental noise/SED_wav/S-0402.wav,polyphonic,Cicadas and crickets,cicadas_and_crickets,95.71,97.89,0.9,0.92,2.18,2272
datased:polyphonic:002272,S-0402,DataSED - DataSED - Dataset for Sound Event Detection of environmental noise/SED_wav/S-0402.wav,polyphonic,Cicadas and crickets,cicadas_and_crickets,100.72,103.41,0.95,0.97,2.7,2273
datased:polyphonic:002273,S-0403,DataSED - DataSED - Dataset for Sound Event Detection of environmental noise/SED_wav/S-0403.wav,polyphonic,Cicadas and crickets,cicadas_and_crickets,2.6,5.7,0.03,0.07,3.1,2274
datased:polyphonic:002274,S-0403,DataSED - DataSED - Dataset for Sound Event Detection of environmental noise/SED_wav/S-0403.wav,polyphonic,Cicadas and crickets,cicadas_and_crickets,8.65,11.86,0.1,0.14,3.21,2275
datased:polyphonic:002275,S-0403,DataSED - DataSED - Dataset for Sound Event Detection of environmental noise/SED_wav/S-0403.wav,polyphonic,Cicadas and crickets,cicadas_and_crickets,14.86,18.11,0.17,0.21,3.26,2276
datased:polyphonic:002276,S-0403,DataSED - DataSED - Dataset for Sound Event Detection of environmental noise/SED_wav/S-0403.wav,polyphonic,Cicadas and crickets,cicadas_and_crickets,21.06,24.58,0.25,0.29,3.52,2277
datased:polyphonic:002277,S-0403,DataSED - DataSED - Dataset for Sound Event Detection of environmental noise/SED_wav/S-0403.wav,polyphonic,Cicadas and crickets,cicadas_and_crickets,27.32,31.51,0.32,0.37,4.19,2278
datased:polyphonic:002278,S-0403,DataSED - DataSED - Dataset for Sound Event Detection of environmental noise/SED_wav/S-0403.wav,polyphonic,Cicadas and crickets,cicadas_and_crickets,34.3,38.29,0.4,0.45,3.98,2279
datased:polyphonic:002279,S-0403,DataSED - DataSED - Dataset for Sound Event Detection of environmental noise/SED_wav/S-0403.wav,polyphonic,Cicadas and crickets,cicadas_and_crickets,40.92,45.06,0.48,0.53,4.14,2280
datased:polyphonic:002280,S-0403,DataSED - DataSED - Dataset for Sound Event Detection of environmental noise/SED_wav/S-0403.wav,polyphonic,Cicadas and crickets,cicadas_and_crickets,47.85,51.99,0.56,0.61,4.14,2281
datased:polyphonic:002281,S-0403,DataSED - DataSED - Dataset for Sound Event Detection of environmental noise/SED_wav/S-0403.wav,polyphonic,Cicadas and crickets,cicadas_and_crickets,54.84,60.42,0.64,0.71,5.59,2282
datased:polyphonic:002282,S-0403,DataSED - DataSED - Dataset for Sound Event Detection of environmental noise/SED_wav/S-0403.wav,polyphonic,Cicadas and crickets,cicadas_and_crickets,63.01,65.7,0.74,0.77,2.69,2283
datased:polyphonic:002283,S-0403,DataSED - DataSED - Dataset for Sound Event Detection of environmental noise/SED_wav/S-0403.wav,polyphonic,Cicadas and crickets,cicadas_and_crickets,68.28,71.13,0.8,0.83,2.84,2284
datased:polyphonic:002284,S-0403,DataSED - DataSED - Dataset for Sound Event Detection of environmental noise/SED_wav/S-0403.wav,polyphonic,Cicadas and crickets,cicadas_and_crickets,73.82,76.3,0.86,0.89,2.48,2285
datased:polyphonic:002285,S-0403,DataSED - DataSED - Dataset for Sound Event Detection of environmental noise/SED_wav/S-0403.wav,polyphonic,Cicadas and crickets,cicadas_and_crickets,78.99,82.46,0.92,0.96,3.47,2286
datased:polyphonic:002286,S-0404,DataSED - DataSED - Dataset for Sound Event Detection of environmental noise/SED_wav/S-0404.wav,polyphonic,Cicadas and crickets,cicadas_and_crickets,3.08,5.72,0.05,0.09,2.63,2287
datased:polyphonic:002287,S-0404,DataSED - DataSED - Dataset for Sound Event Detection of environmental noise/SED_wav/S-0404.wav,polyphonic,Cicadas and crickets,cicadas_and_crickets,7.54,10.05,0.11,0.15,2.51,2288
datased:polyphonic:002288,S-0404,DataSED - DataSED - Dataset for Sound Event Detection of environmental noise/SED_wav/S-0404.wav,polyphonic,Cicadas and crickets,cicadas_and_crickets,12.96,15.39,0.19,0.23,2.43,2289
datased:polyphonic:002289,S-0404,DataSED - DataSED - Dataset for Sound Event Detection of environmental noise/SED_wav/S-0404.wav,polyphonic,Cicadas and crickets,cicadas_and_crickets,17.25,20.12,0.26,0.3,2.87,2290
datased:polyphonic:002290,S-0404,DataSED - DataSED - Dataset for Sound Event Detection of environmental noise/SED_wav/S-0404.wav,polyphonic,Cicadas and crickets,cicadas_and_crickets,22.92,26.24,0.34,0.39,3.32,2291
datased:polyphonic:002291,S-0404,DataSED - DataSED - Dataset for Sound Event Detection of environmental noise/SED_wav/S-0404.wav,polyphonic,Cicadas and crickets,cicadas_and_crickets,28.87,32.27,0.43,0.48,3.4,2292
datased:polyphonic:002292,S-0404,DataSED - DataSED - Dataset for Sound Event Detection of environmental noise/SED_wav/S-0404.wav,polyphonic,Cicadas and crickets,cicadas_and_crickets,35.06,38.18,0.52,0.57,3.12,2293
datased:polyphonic:002293,S-0404,DataSED - DataSED - Dataset for Sound Event Detection of environmental noise/SED_wav/S-0404.wav,polyphonic,Cicadas and crickets,cicadas_and_crickets,41.13,43.96,0.62,0.66,2.83,2294
datased:polyphonic:002294,S-0404,DataSED - DataSED - Dataset for Sound Event Detection of environmental noise/SED_wav/S-0404.wav,polyphonic,Cicadas and crickets,cicadas_and_crickets,46.88,49.1,0.7,0.73,2.23,2295
datased:polyphonic:002295,S-0404,DataSED - DataSED - Dataset for Sound Event Detection of environmental noise/SED_wav/S-0404.wav,polyphonic,Cicadas and crickets,cicadas_and_crickets,50.97,53.15,0.76,0.79,2.19,2296
datased:polyphonic:002296,S-0404,DataSED - DataSED - Dataset for Sound Event Detection of environmental noise/SED_wav/S-0404.wav,polyphonic,Cicadas and crickets,cicadas_and_crickets,54.97,57.28,0.82,0.86,2.31,2297
datased:polyphonic:002297,S-0404,DataSED - DataSED - Dataset for Sound Event Detection of environmental noise/SED_wav/S-0404.wav,polyphonic,Cicadas and crickets,cicadas_and_crickets,58.94,61.0,0.88,0.91,2.06,2298
datased:polyphonic:002298,S-0404,DataSED - DataSED - Dataset for Sound Event Detection of environmental noise/SED_wav/S-0404.wav,polyphonic,Cicadas and crickets,cicadas_and_crickets,62.87,65.13,0.94,0.97,2.27,2299
datased:polyphonic:002299,S-0405,DataSED - DataSED - Dataset for Sound Event Detection of environmental noise/SED_wav/S-0405.wav,polyphonic,Cicadas and crickets,cicadas_and_crickets,1.67,2.74,0.15,0.24,1.07,2300
datased:polyphonic:002300,S-0405,DataSED - DataSED - Dataset for Sound Event Detection of environmental noise/SED_wav/S-0405.wav,polyphonic,Cicadas and crickets,cicadas_and_crickets,4.07,5.37,0.35,0.47,1.3,2301
datased:polyphonic:002301,S-0405,DataSED - DataSED - Dataset for Sound Event Detection of environmental noise/SED_wav/S-0405.wav,polyphonic,Cicadas and crickets,cicadas_and_crickets,6.54,7.85,0.57,0.68,1.31,2302
datased:polyphonic:002302,S-0405,DataSED - DataSED - Dataset for Sound Event Detection of environmental noise/SED_wav/S-0405.wav,polyphonic,Cicadas and crickets,cicadas_and_crickets,9.11,10.38,0.79,0.9,1.26,2303
datased:polyphonic:002303,S-0406,DataSED - DataSED - Dataset for Sound Event Detection of environmental noise/SED_wav/S-0406.wav,polyphonic,Vehicle idling,vehicle_idling,0.0,11.43,0.0,0.09,11.43,2304
datased:polyphonic:002304,S-0406,DataSED - DataSED - Dataset for Sound Event Detection of environmental noise/SED_wav/S-0406.wav,polyphonic,Glass breaking,glass_breaking,11.82,12.77,0.09,0.1,0.94,2305
datased:polyphonic:002305,S-0406,DataSED - DataSED - Dataset for Sound Event Detection of environmental noise/SED_wav/S-0406.wav,polyphonic,Glass breaking,glass_breaking,14.5,18.35,0.11,0.14,3.86,2306
datased:polyphonic:002306,S-0406,DataSED - DataSED - Dataset for Sound Event Detection of environmental noise/SED_wav/S-0406.wav,polyphonic,Glass breaking,glass_breaking,20.09,22.92,0.15,0.18,2.83,2307
datased:polyphonic:002307,S-0406,DataSED - DataSED - Dataset for Sound Event Detection of environmental noise/SED_wav/S-0406.wav,polyphonic,Glass breaking,glass_breaking,24.26,26.7,0.19,0.21,2.44,2308
datased:polyphonic:002308,S-0406,DataSED - DataSED - Dataset for Sound Event Detection of environmental noise/SED_wav/S-0406.wav,polyphonic,Glass breaking,glass_breaking,28.67,29.92,0.22,0.23,1.26,2309
datased:polyphonic:002309,S-0406,DataSED - DataSED - Dataset for Sound Event Detection of environmental noise/SED_wav/S-0406.wav,polyphonic,Glass breaking,glass_breaking,31.26,33.07,0.24,0.25,1.81,2310
datased:polyphonic:002310,S-0406,DataSED - DataSED - Dataset for Sound Event Detection of environmental noise/SED_wav/S-0406.wav,polyphonic,Vehicle idling,vehicle_idling,33.47,44.33,0.26,0.34,10.86,2311
datased:polyphonic:002311,S-0406,DataSED - DataSED - Dataset for Sound Event Detection of environmental noise/SED_wav/S-0406.wav,polyphonic,Vehicle pass-by,vehicle_pass_by,45.04,50.94,0.35,0.39,5.9,2312
datased:polyphonic:002312,S-0406,DataSED - DataSED - Dataset for Sound Event Detection of environmental noise/SED_wav/S-0406.wav,polyphonic,Glass breaking,glass_breaking,53.69,54.72,0.41,0.42,1.02,2313
datased:polyphonic:002313,S-0406,DataSED - DataSED - Dataset for Sound Event Detection of environmental noise/SED_wav/S-0406.wav,polyphonic,Vehicle idling,vehicle_idling,62.75,81.4,0.48,0.63,18.65,2314
datased:polyphonic:002314,S-0406,DataSED - DataSED - Dataset for Sound Event Detection of environmental noise/SED_wav/S-0406.wav,polyphonic,Glass breaking,glass_breaking,75.02,75.89,0.58,0.58,0.87,2315
datased:polyphonic:002315,S-0406,DataSED - DataSED - Dataset for Sound Event Detection of environmental noise/SED_wav/S-0406.wav,polyphonic,Glass breaking,glass_breaking,77.78,78.96,0.6,0.61,1.18,2316
datased:polyphonic:002316,S-0406,DataSED - DataSED - Dataset for Sound Event Detection of environmental noise/SED_wav/S-0406.wav,polyphonic,Glass breaking,glass_breaking,83.13,86.2,0.64,0.66,3.07,2317
datased:polyphonic:002317,S-0406,DataSED - DataSED - Dataset for Sound Event Detection of environmental noise/SED_wav/S-0406.wav,polyphonic,Glass breaking,glass_breaking,88.17,89.35,0.68,0.69,1.18,2318
datased:polyphonic:002318,S-0406,DataSED - DataSED - Dataset for Sound Event Detection of environmental noise/SED_wav/S-0406.wav,polyphonic,Vehicle pass-by,vehicle_pass_by,89.66,99.03,0.69,0.76,9.37,2319
datased:polyphonic:002319,S-0406,DataSED - DataSED - Dataset for Sound Event Detection of environmental noise/SED_wav/S-0406.wav,polyphonic,Vehicle idling,vehicle_idling,99.19,107.14,0.76,0.82,7.95,2320
datased:polyphonic:002320,S-0406,DataSED - DataSED - Dataset for Sound Event Detection of environmental noise/SED_wav/S-0406.wav,polyphonic,Glass breaking,glass_breaking,109.65,111.15,0.84,0.85,1.5,2321
datased:polyphonic:002321,S-0406,DataSED - DataSED - Dataset for Sound Event Detection of environmental noise/SED_wav/S-0406.wav,polyphonic,Vehicle idling,vehicle_idling,111.46,119.49,0.86,0.92,8.03,2322
datased:polyphonic:002322,S-0406,DataSED - DataSED - Dataset for Sound Event Detection of environmental noise/SED_wav/S-0406.wav,polyphonic,Voices,voices,120.83,127.05,0.93,0.98,6.22,2323
datased:polyphonic:002323,S-0407,DataSED - DataSED - Dataset for Sound Event Detection of environmental noise/SED_wav/S-0407.wav,polyphonic,Glass breaking,glass_breaking,2.02,3.3,0.02,0.02,1.28,2324
datased:polyphonic:002324,S-0407,DataSED - DataSED - Dataset for Sound Event Detection of environmental noise/SED_wav/S-0407.wav,polyphonic,Glass breaking,glass_breaking,3.78,4.74,0.03,0.04,0.96,2325
datased:polyphonic:002325,S-0407,DataSED - DataSED - Dataset for Sound Event Detection of environmental noise/SED_wav/S-0407.wav,polyphonic,Glass breaking,glass_breaking,5.94,7.62,0.04,0.06,1.68,2326
datased:polyphonic:002326,S-0407,DataSED - DataSED - Dataset for Sound Event Detection of environmental noise/SED_wav/S-0407.wav,polyphonic,Glass breaking,glass_breaking,8.26,9.46,0.06,0.07,1.2,2327
datased:polyphonic:002327,S-0407,DataSED - DataSED - Dataset for Sound Event Detection of environmental noise/SED_wav/S-0407.wav,polyphonic,Glass breaking,glass_breaking,10.1,12.1,0.08,0.09,2.0,2328
datased:polyphonic:002328,S-0407,DataSED - DataSED - Dataset for Sound Event Detection of environmental noise/SED_wav/S-0407.wav,polyphonic,Glass breaking,glass_breaking,19.7,20.5,0.15,0.16,0.8,2329
datased:polyphonic:002329,S-0407,DataSED - DataSED - Dataset for Sound Event Detection of environmental noise/SED_wav/S-0407.wav,polyphonic,Glass breaking,glass_breaking,21.38,21.94,0.16,0.17,0.56,2330
datased:polyphonic:002330,S-0407,DataSED - DataSED - Dataset for Sound Event Detection of environmental noise/SED_wav/S-0407.wav,polyphonic,Glass breaking,glass_breaking,23.06,26.18,0.17,0.2,3.12,2331
datased:polyphonic:002331,S-0407,DataSED - DataSED - Dataset for Sound Event Detection of environmental noise/SED_wav/S-0407.wav,polyphonic,Glass breaking,glass_breaking,26.58,28.74,0.2,0.22,2.16,2332
datased:polyphonic:002332,S-0407,DataSED - DataSED - Dataset for Sound Event Detection of environmental noise/SED_wav/S-0407.wav,polyphonic,Glass breaking,glass_breaking,34.02,35.62,0.26,0.27,1.6,2333
datased:polyphonic:002333,S-0407,DataSED - DataSED - Dataset for Sound Event Detection of environmental noise/SED_wav/S-0407.wav,polyphonic,Glass breaking,glass_breaking,36.34,38.02,0.27,0.29,1.68,2334
datased:polyphonic:002334,S-0407,DataSED - DataSED - Dataset for Sound Event Detection of environmental noise/SED_wav/S-0407.wav,polyphonic,Glass breaking,glass_breaking,39.3,40.74,0.3,0.31,1.44,2335
datased:polyphonic:002335,S-0407,DataSED - DataSED - Dataset for Sound Event Detection of environmental noise/SED_wav/S-0407.wav,polyphonic,Voices,voices,43.62,49.06,0.33,0.37,5.44,2336
datased:polyphonic:002336,S-0407,DataSED - DataSED - Dataset for Sound Event Detection of environmental noise/SED_wav/S-0407.wav,polyphonic,Glass breaking,glass_breaking,51.38,52.82,0.39,0.4,1.44,2337
datased:polyphonic:002337,S-0407,DataSED - DataSED - Dataset for Sound Event Detection of environmental noise/SED_wav/S-0407.wav,polyphonic,Vehicle idling,vehicle_idling,53.86,60.98,0.41,0.46,7.12,2338
datased:polyphonic:002338,S-0407,DataSED - DataSED - Dataset for Sound Event Detection of environmental noise/SED_wav/S-0407.wav,polyphonic,Glass breaking,glass_breaking,53.94,54.74,0.41,0.41,0.8,2339
datased:polyphonic:002339,S-0407,DataSED - DataSED - Dataset for Sound Event Detection of environmental noise/SED_wav/S-0407.wav,polyphonic,Vehicle idling,vehicle_idling,63.46,86.82,0.48,0.66,23.36,2340
datased:polyphonic:002340,S-0407,DataSED - DataSED - Dataset for Sound Event Detection of environmental noise/SED_wav/S-0407.wav,polyphonic,Glass breaking,glass_breaking,92.9,95.86,0.7,0.73,2.96,2341
datased:polyphonic:002341,S-0407,DataSED - DataSED - Dataset for Sound Event Detection of environmental noise/SED_wav/S-0407.wav,polyphonic,Glass breaking,glass_breaking,98.98,100.82,0.75,0.76,1.84,2342
datased:polyphonic:002342,S-0407,DataSED - DataSED - Dataset for Sound Event Detection of environmental noise/SED_wav/S-0407.wav,polyphonic,Glass breaking,glass_breaking,101.22,102.5,0.77,0.78,1.28,2343
datased:polyphonic:002343,S-0407,DataSED - DataSED - Dataset for Sound Event Detection of environmental noise/SED_wav/S-0407.wav,polyphonic,Glass breaking,glass_breaking,103.94,107.14,0.79,0.81,3.2,2344
datased:polyphonic:002344,S-0407,DataSED - DataSED - Dataset for Sound Event Detection of environmental noise/SED_wav/S-0407.wav,polyphonic,Glass breaking,glass_breaking,111.94,114.02,0.85,0.86,2.08,2345
datased:polyphonic:002345,S-0407,DataSED - DataSED - Dataset for Sound Event Detection of environmental noise/SED_wav/S-0407.wav,polyphonic,Glass breaking,glass_breaking,115.3,122.18,0.87,0.92,6.88,2346
datased:polyphonic:002346,S-0407,DataSED - DataSED - Dataset for Sound Event Detection of environmental noise/SED_wav/S-0407.wav,polyphonic,Glass breaking,glass_breaking,123.3,126.02,0.93,0.95,2.72,2347
datased:polyphonic:002347,S-0407,DataSED - DataSED - Dataset for Sound Event Detection of environmental noise/SED_wav/S-0407.wav,polyphonic,Glass breaking,glass_breaking,126.9,128.66,0.96,0.97,1.76,2348
datased:polyphonic:002348,S-0408,DataSED - DataSED - Dataset for Sound Event Detection of environmental noise/SED_wav/S-0408.wav,polyphonic,Voices,voices,2.22,8.93,0.02,0.06,6.7,2349
datased:polyphonic:002349,S-0408,DataSED - DataSED - Dataset for Sound Event Detection of environmental noise/SED_wav/S-0408.wav,polyphonic,Glass breaking,glass_breaking,9.52,10.71,0.07,0.08,1.19,2350
datased:polyphonic:002350,S-0408,DataSED - DataSED - Dataset for Sound Event Detection of environmental noise/SED_wav/S-0408.wav,polyphonic,Voices,voices,10.71,12.07,0.08,0.09,1.36,2351
datased:polyphonic:002351,S-0408,DataSED - DataSED - Dataset for Sound Event Detection of environmental noise/SED_wav/S-0408.wav,polyphonic,Glass breaking,glass_breaking,12.83,14.78,0.09,0.11,1.95,2352
datased:polyphonic:002352,S-0408,DataSED - DataSED - Dataset for Sound Event Detection of environmental noise/SED_wav/S-0408.wav,polyphonic,Glass breaking,glass_breaking,17.92,23.52,0.13,0.17,5.6,2353
datased:polyphonic:002353,S-0408,DataSED - DataSED - Dataset for Sound Event Detection of environmental noise/SED_wav/S-0408.wav,polyphonic,Voices,voices,23.95,25.48,0.17,0.18,1.53,2354
datased:polyphonic:002354,S-0408,DataSED - DataSED - Dataset for Sound Event Detection of environmental noise/SED_wav/S-0408.wav,polyphonic,Glass breaking,glass_breaking,26.75,28.87,0.19,0.21,2.12,2355
datased:polyphonic:002355,S-0408,DataSED - DataSED - Dataset for Sound Event Detection of environmental noise/SED_wav/S-0408.wav,polyphonic,Glass breaking,glass_breaking,30.48,35.15,0.22,0.25,4.67,2356
datased:polyphonic:002356,S-0408,DataSED - DataSED - Dataset for Sound Event Detection of environmental noise/SED_wav/S-0408.wav,polyphonic,Glass breaking,glass_breaking,37.7,41.6,0.27,0.3,3.9,2357
datased:polyphonic:002357,S-0408,DataSED - DataSED - Dataset for Sound Event Detection of environmental noise/SED_wav/S-0408.wav,polyphonic,Glass breaking,glass_breaking,43.89,45.59,0.31,0.33,1.7,2358
datased:polyphonic:002358,S-0408,DataSED - DataSED - Dataset for Sound Event Detection of environmental noise/SED_wav/S-0408.wav,polyphonic,Glass breaking,glass_breaking,46.78,49.92,0.33,0.36,3.14,2359
datased:polyphonic:002359,S-0408,DataSED - DataSED - Dataset for Sound Event Detection of environmental noise/SED_wav/S-0408.wav,polyphonic,Vehicle pass-by,vehicle_pass_by,51.53,62.56,0.37,0.45,11.03,2360
datased:polyphonic:002360,S-0408,DataSED - DataSED - Dataset for Sound Event Detection of environmental noise/SED_wav/S-0408.wav,polyphonic,Glass breaking,glass_breaking,64.34,69.43,0.46,0.5,5.09,2361
datased:polyphonic:002361,S-0408,DataSED - DataSED - Dataset for Sound Event Detection of environmental noise/SED_wav/S-0408.wav,polyphonic,Glass breaking,glass_breaking,71.98,78.51,0.51,0.56,6.53,2362
datased:polyphonic:002362,S-0408,DataSED - DataSED - Dataset for Sound Event Detection of environmental noise/SED_wav/S-0408.wav,polyphonic,Glass breaking,glass_breaking,83.52,86.58,0.6,0.62,3.06,2363
datased:polyphonic:002363,S-0408,DataSED - DataSED - Dataset for Sound Event Detection of environmental noise/SED_wav/S-0408.wav,polyphonic,Glass breaking,glass_breaking,91.33,92.26,0.65,0.66,0.93,2364
datased:polyphonic:002364,S-0408,DataSED - DataSED - Dataset for Sound Event Detection of environmental noise/SED_wav/S-0408.wav,polyphonic,Vehicle pass-by,vehicle_pass_by,93.2,103.04,0.66,0.73,9.84,2365
datased:polyphonic:002365,S-0408,DataSED - DataSED - Dataset for Sound Event Detection of environmental noise/SED_wav/S-0408.wav,polyphonic,Vehicle idling,vehicle_idling,104.14,114.5,0.74,0.82,10.35,2366
datased:polyphonic:002366,S-0408,DataSED - DataSED - Dataset for Sound Event Detection of environmental noise/SED_wav/S-0408.wav,polyphonic,Glass breaking,glass_breaking,115.01,117.04,0.82,0.83,2.04,2367
datased:polyphonic:002367,S-0408,DataSED - DataSED - Dataset for Sound Event Detection of environmental noise/SED_wav/S-0408.wav,polyphonic,Glass breaking,glass_breaking,117.47,118.06,0.84,0.84,0.59,2368
datased:polyphonic:002368,S-0408,DataSED - DataSED - Dataset for Sound Event Detection of environmental noise/SED_wav/S-0408.wav,polyphonic,Glass breaking,glass_breaking,119.08,119.84,0.85,0.85,0.76,2369
datased:polyphonic:002369,S-0408,DataSED - DataSED - Dataset for Sound Event Detection of environmental noise/SED_wav/S-0408.wav,polyphonic,Vehicle pass-by,vehicle_pass_by,122.22,131.13,0.87,0.94,8.91,2370
datased:polyphonic:002370,S-0408,DataSED - DataSED - Dataset for Sound Event Detection of environmental noise/SED_wav/S-0408.wav,polyphonic,Voices,voices,131.55,139.87,0.94,1.0,8.32,2371
datased:polyphonic:002371,S-0409,DataSED - DataSED - Dataset for Sound Event Detection of environmental noise/SED_wav/S-0409.wav,polyphonic,Vehicle idling,vehicle_idling,0.0,24.25,0.0,0.14,24.25,2372
datased:polyphonic:002372,S-0409,DataSED - DataSED - Dataset for Sound Event Detection of environmental noise/SED_wav/S-0409.wav,polyphonic,Train,train,24.14,38.58,0.14,0.22,14.43,2373
datased:polyphonic:002373,S-0409,DataSED - DataSED - Dataset for Sound Event Detection of environmental noise/SED_wav/S-0409.wav,polyphonic,Vehicle idling,vehicle_idling,38.58,67.97,0.22,0.39,29.39,2374
datased:polyphonic:002374,S-0409,DataSED - DataSED - Dataset for Sound Event Detection of environmental noise/SED_wav/S-0409.wav,polyphonic,Jet aircrafts,jet_aircrafts,38.58,85.77,0.22,0.49,47.19,2375
datased:polyphonic:002375,S-0409,DataSED - DataSED - Dataset for Sound Event Detection of environmental noise/SED_wav/S-0409.wav,polyphonic,Vehicle idling,vehicle_idling,96.83,174.04,0.56,1.0,77.21,2376
datased:polyphonic:002376,S-0409,DataSED - DataSED - Dataset for Sound Event Detection of environmental noise/SED_wav/S-0409.wav,polyphonic,Vehicle pass-by,vehicle_pass_by,106.1,111.68,0.61,0.64,5.58,2377
datased:polyphonic:002377,S-0409,DataSED - DataSED - Dataset for Sound Event Detection of environmental noise/SED_wav/S-0409.wav,polyphonic,Dog barkings and howlings,dog_barkings_and_howlings,157.4,170.15,0.9,0.98,12.75,2378
datased:polyphonic:002378,S-0410,DataSED - DataSED - Dataset for Sound Event Detection of environmental noise/SED_wav/S-0410.wav,polyphonic,Vehicle idling,vehicle_idling,0.0,39.96,0.0,0.24,39.96,2379
datased:polyphonic:002379,S-0410,DataSED - DataSED - Dataset for Sound Event Detection of environmental noise/SED_wav/S-0410.wav,polyphonic,Jet aircrafts,jet_aircrafts,19.84,107.41,0.12,0.64,87.57,2380
datased:polyphonic:002380,S-0410,DataSED - DataSED - Dataset for Sound Event Detection of environmental noise/SED_wav/S-0410.wav,polyphonic,Vehicle idling,vehicle_idling,80.21,85.77,0.48,0.51,5.56,2381
datased:polyphonic:002381,S-0410,DataSED - DataSED - Dataset for Sound Event Detection of environmental noise/SED_wav/S-0410.wav,polyphonic,Vehicle idling,vehicle_idling,106.19,167.07,0.64,1.0,60.87,2382
datased:polyphonic:002382,S-0411,DataSED - DataSED - Dataset for Sound Event Detection of environmental noise/SED_wav/S-0411.wav,polyphonic,Vehicle idling,vehicle_idling,0.0,10.39,0.0,0.06,10.39,2383
datased:polyphonic:002383,S-0411,DataSED - DataSED - Dataset for Sound Event Detection of environmental noise/SED_wav/S-0411.wav,polyphonic,Vehicle pass-by,vehicle_pass_by,10.39,16.33,0.06,0.09,5.94,2384
datased:polyphonic:002384,S-0411,DataSED - DataSED - Dataset for Sound Event Detection of environmental noise/SED_wav/S-0411.wav,polyphonic,Vehicle idling,vehicle_idling,16.87,75.3,0.09,0.42,58.43,2385
datased:polyphonic:002385,S-0411,DataSED - DataSED - Dataset for Sound Event Detection of environmental noise/SED_wav/S-0411.wav,polyphonic,Train,train,75.19,92.37,0.42,0.52,17.17,2386
datased:polyphonic:002386,S-0411,DataSED - DataSED - Dataset for Sound Event Detection of environmental noise/SED_wav/S-0411.wav,polyphonic,Vehicle idling,vehicle_idling,92.48,125.74,0.52,0.7,33.27,2387
datased:polyphonic:002387,S-0411,DataSED - DataSED - Dataset for Sound Event Detection of environmental noise/SED_wav/S-0411.wav,polyphonic,Vehicle pass-by,vehicle_pass_by,126.07,133.95,0.71,0.75,7.88,2388
datased:polyphonic:002388,S-0411,DataSED - DataSED - Dataset for Sound Event Detection of environmental noise/SED_wav/S-0411.wav,polyphonic,Vehicle idling,vehicle_idling,134.38,151.34,0.75,0.85,16.96,2389
datased:polyphonic:002389,S-0411,DataSED - DataSED - Dataset for Sound Event Detection of environmental noise/SED_wav/S-0411.wav,polyphonic,Vehicle pass-by,vehicle_pass_by,151.66,161.49,0.85,0.9,9.83,2390
datased:polyphonic:002390,S-0411,DataSED - DataSED - Dataset for Sound Event Detection of environmental noise/SED_wav/S-0411.wav,polyphonic,Vehicle idling,vehicle_idling,162.14,178.45,0.91,1.0,16.31,2391
datased:polyphonic:002391,S-0412,DataSED - DataSED - Dataset for Sound Event Detection of environmental noise/SED_wav/S-0412.wav,polyphonic,Vehicle idling,vehicle_idling,0.84,15.71,0.01,0.1,14.87,2392
datased:polyphonic:002392,S-0412,DataSED - DataSED - Dataset for Sound Event Detection of environmental noise/SED_wav/S-0412.wav,polyphonic,Train,train,15.71,35.82,0.1,0.24,20.11,2393
datased:polyphonic:002393,S-0412,DataSED - DataSED - Dataset for Sound Event Detection of environmental noise/SED_wav/S-0412.wav,polyphonic,Vehicle idling,vehicle_idling,36.09,90.88,0.24,0.6,54.79,2394
datased:polyphonic:002394,S-0412,DataSED - DataSED - Dataset for Sound Event Detection of environmental noise/SED_wav/S-0412.wav,polyphonic,Horn,horn,54.54,55.55,0.36,0.37,1.01,2395
datased:polyphonic:002395,S-0412,DataSED - DataSED - Dataset for Sound Event Detection of environmental noise/SED_wav/S-0412.wav,polyphonic,Train,train,91.07,142.56,0.6,0.94,51.49,2396
datased:polyphonic:002396,S-0412,DataSED - DataSED - Dataset for Sound Event Detection of environmental noise/SED_wav/S-0412.wav,polyphonic,Vehicle idling,vehicle_idling,142.65,151.65,0.94,1.0,8.99,2397
datased:polyphonic:002397,S-0413,DataSED - DataSED - Dataset for Sound Event Detection of environmental noise/SED_wav/S-0413.wav,polyphonic,Birds,birds,0.0,1.53,0.0,0.01,1.53,2398
datased:polyphonic:002398,S-0413,DataSED - DataSED - Dataset for Sound Event Detection of environmental noise/SED_wav/S-0413.wav,polyphonic,Birds,birds,5.43,7.02,0.05,0.06,1.59,2399
datased:polyphonic:002399,S-0413,DataSED - DataSED - Dataset for Sound Event Detection of environmental noise/SED_wav/S-0413.wav,polyphonic,Vehicle idling,vehicle_idling,11.5,21.75,0.1,0.18,10.26,2400
datased:polyphonic:002400,S-0413,DataSED - DataSED - Dataset for Sound Event Detection of environmental noise/SED_wav/S-0413.wav,polyphonic,Vehicle idling,vehicle_idling,22.84,63.7,0.19,0.53,40.86,2401
datased:polyphonic:002401,S-0413,DataSED - DataSED - Dataset for Sound Event Detection of environmental noise/SED_wav/S-0413.wav,polyphonic,Vehicle idling,vehicle_idling,76.07,106.37,0.64,0.89,30.3,2402
datased:polyphonic:002402,S-0413,DataSED - DataSED - Dataset for Sound Event Detection of environmental noise/SED_wav/S-0413.wav,polyphonic,Voices,voices,107.49,108.79,0.9,0.91,1.3,2403
datased:polyphonic:002403,S-0414,DataSED - DataSED - Dataset for Sound Event Detection of environmental noise/SED_wav/S-0414.wav,polyphonic,Birds,birds,2.95,4.12,0.02,0.02,1.17,2404
datased:polyphonic:002404,S-0414,DataSED - DataSED - Dataset for Sound Event Detection of environmental noise/SED_wav/S-0414.wav,polyphonic,Jet aircrafts,jet_aircrafts,19.55,110.84,0.1,0.57,91.3,2405
datased:polyphonic:002405,S-0414,DataSED - DataSED - Dataset for Sound Event Detection of environmental noise/SED_wav/S-0414.wav,polyphonic,Sirens and alarms,sirens_and_alarms,36.61,147.43,0.19,0.76,110.82,2406
datased:polyphonic:002406,S-0414,DataSED - DataSED - Dataset for Sound Event Detection of environmental noise/SED_wav/S-0414.wav,polyphonic,Dog barkings and howlings,dog_barkings_and_howlings,149.53,151.4,0.77,0.78,1.87,2407
datased:polyphonic:002407,S-0414,DataSED - DataSED - Dataset for Sound Event Detection of environmental noise/SED_wav/S-0414.wav,polyphonic,Dog barkings and howlings,dog_barkings_and_howlings,154.44,162.51,0.8,0.84,8.07,2408
datased:polyphonic:002408,S-0414,DataSED - DataSED - Dataset for Sound Event Detection of environmental noise/SED_wav/S-0414.wav,polyphonic,Dog barkings and howlings,dog_barkings_and_howlings,163.21,164.38,0.85,0.85,1.17,2409
datased:polyphonic:002409,S-0414,DataSED - DataSED - Dataset for Sound Event Detection of environmental noise/SED_wav/S-0414.wav,polyphonic,Train,train,163.91,186.82,0.85,0.97,22.91,2410
datased:polyphonic:002410,S-0414,DataSED - DataSED - Dataset for Sound Event Detection of environmental noise/SED_wav/S-0414.wav,polyphonic,Dog barkings and howlings,dog_barkings_and_howlings,169.29,171.8,0.88,0.89,2.51,2411
datased:polyphonic:002411,S-0414,DataSED - DataSED - Dataset for Sound Event Detection of environmental noise/SED_wav/S-0414.wav,polyphonic,Dog barkings and howlings,dog_barkings_and_howlings,180.04,182.03,0.93,0.94,1.99,2412
datased:polyphonic:002412,S-0414,DataSED - DataSED - Dataset for Sound Event Detection of environmental noise/SED_wav/S-0414.wav,polyphonic,Dog barkings and howlings,dog_barkings_and_howlings,182.5,184.84,0.94,0.96,2.34,2413
datased:polyphonic:002413,S-0415,DataSED - DataSED - Dataset for Sound Event Detection of environmental noise/SED_wav/S-0415.wav,polyphonic,Propeller aircrafts,propeller_aircrafts,3.69,38.28,0.02,0.23,34.59,2414
datased:polyphonic:002414,S-0415,DataSED - DataSED - Dataset for Sound Event Detection of environmental noise/SED_wav/S-0415.wav,polyphonic,Dog barkings and howlings,dog_barkings_and_howlings,17.26,20.63,0.11,0.13,3.37,2415
datased:polyphonic:002415,S-0415,DataSED - DataSED - Dataset for Sound Event Detection of environmental noise/SED_wav/S-0415.wav,polyphonic,Vehicle pass-by,vehicle_pass_by,95.66,100.91,0.58,0.62,5.25,2416
datased:polyphonic:002416,S-0415,DataSED - DataSED - Dataset for Sound Event Detection of environmental noise/SED_wav/S-0415.wav,polyphonic,Propeller aircrafts,propeller_aircrafts,107.95,125.29,0.66,0.77,17.34,2417
datased:polyphonic:002417,S-0415,DataSED - DataSED - Dataset for Sound Event Detection of environmental noise/SED_wav/S-0415.wav,polyphonic,Vehicle idling,vehicle_idling,115.28,137.97,0.7,0.84,22.7,2418
datased:polyphonic:002418,S-0415,DataSED - DataSED - Dataset for Sound Event Detection of environmental noise/SED_wav/S-0415.wav,polyphonic,Dog barkings and howlings,dog_barkings_and_howlings,123.41,126.08,0.75,0.77,2.68,2419
datased:polyphonic:002419,S-0415,DataSED - DataSED - Dataset for Sound Event Detection of environmental noise/SED_wav/S-0415.wav,polyphonic,Dog barkings and howlings,dog_barkings_and_howlings,130.27,137.68,0.8,0.84,7.4,2420
datased:polyphonic:002420,S-0415,DataSED - DataSED - Dataset for Sound Event Detection of environmental noise/SED_wav/S-0415.wav,polyphonic,Dog barkings and howlings,dog_barkings_and_howlings,139.56,141.25,0.85,0.86,1.68,2421
datased:polyphonic:002421,S-0415,DataSED - DataSED - Dataset for Sound Event Detection of environmental noise/SED_wav/S-0415.wav,polyphonic,Dog barkings and howlings,dog_barkings_and_howlings,144.62,145.9,0.88,0.89,1.29,2422
datased:polyphonic:002422,S-0415,DataSED - DataSED - Dataset for Sound Event Detection of environmental noise/SED_wav/S-0415.wav,polyphonic,Dog barkings and howlings,dog_barkings_and_howlings,147.39,147.98,0.9,0.9,0.59,2423
datased:polyphonic:002423,S-0415,DataSED - DataSED - Dataset for Sound Event Detection of environmental noise/SED_wav/S-0415.wav,polyphonic,Dog barkings and howlings,dog_barkings_and_howlings,149.07,156.11,0.91,0.95,7.04,2424
datased:polyphonic:002424,S-0415,DataSED - DataSED - Dataset for Sound Event Detection of environmental noise/SED_wav/S-0415.wav,polyphonic,Dog barkings and howlings,dog_barkings_and_howlings,157.2,163.54,0.96,1.0,6.34,2425
datased:polyphonic:002425,S-0416,DataSED - DataSED - Dataset for Sound Event Detection of environmental noise/SED_wav/S-0416.wav,polyphonic,Vehicle idling,vehicle_idling,7.74,23.64,0.09,0.27,15.89,2426
datased:polyphonic:002426,S-0416,DataSED - DataSED - Dataset for Sound Event Detection of environmental noise/SED_wav/S-0416.wav,polyphonic,Vehicle idling,vehicle_idling,43.53,52.76,0.49,0.6,9.23,2427
datased:polyphonic:002427,S-0416,DataSED - DataSED - Dataset for Sound Event Detection of environmental noise/SED_wav/S-0416.wav,polyphonic,Train,train,54.15,87.86,0.61,1.0,33.71,2428
datased:polyphonic:002428,S-0417,DataSED - DataSED - Dataset for Sound Event Detection of environmental noise/SED_wav/S-0417.wav,polyphonic,Vehicle idling,vehicle_idling,0.0,10.43,0.0,0.13,10.43,2429
datased:polyphonic:002429,S-0417,DataSED - DataSED - Dataset for Sound Event Detection of environmental noise/SED_wav/S-0417.wav,polyphonic,Vehicle pass-by,vehicle_pass_by,10.47,22.72,0.13,0.29,12.24,2430
datased:polyphonic:002430,S-0417,DataSED - DataSED - Dataset for Sound Event Detection of environmental noise/SED_wav/S-0417.wav,polyphonic,Vehicle idling,vehicle_idling,23.05,28.33,0.29,0.36,5.28,2431
datased:polyphonic:002431,S-0417,DataSED - DataSED - Dataset for Sound Event Detection of environmental noise/SED_wav/S-0417.wav,polyphonic,Vehicle pass-by,vehicle_pass_by,28.48,32.46,0.36,0.41,3.98,2432
datased:polyphonic:002432,S-0417,DataSED - DataSED - Dataset for Sound Event Detection of environmental noise/SED_wav/S-0417.wav,polyphonic,Vehicle idling,vehicle_idling,32.6,34.19,0.41,0.43,1.58,2433
datased:polyphonic:002433,S-0417,DataSED - DataSED - Dataset for Sound Event Detection of environmental noise/SED_wav/S-0417.wav,polyphonic,Vehicle pass-by,vehicle_pass_by,34.28,37.79,0.43,0.48,3.5,2434
datased:polyphonic:002434,S-0417,DataSED - DataSED - Dataset for Sound Event Detection of environmental noise/SED_wav/S-0417.wav,polyphonic,Vehicle idling,vehicle_idling,37.88,40.52,0.48,0.51,2.64,2435
datased:polyphonic:002435,S-0417,DataSED - DataSED - Dataset for Sound Event Detection of environmental noise/SED_wav/S-0417.wav,polyphonic,Vehicle pass-by,vehicle_pass_by,40.56,45.71,0.51,0.58,5.15,2436
datased:polyphonic:002436,S-0417,DataSED - DataSED - Dataset for Sound Event Detection of environmental noise/SED_wav/S-0417.wav,polyphonic,Vehicle idling,vehicle_idling,45.8,64.81,0.58,0.82,19.01,2437
datased:polyphonic:002437,S-0417,DataSED - DataSED - Dataset for Sound Event Detection of environmental noise/SED_wav/S-0417.wav,polyphonic,Jet aircrafts,jet_aircrafts,65.15,71.82,0.82,0.91,6.67,2438
datased:polyphonic:002438,S-0417,DataSED - DataSED - Dataset for Sound Event Detection of environmental noise/SED_wav/S-0417.wav,polyphonic,Vehicle pass-by,vehicle_pass_by,71.63,78.21,0.9,0.99,6.58,2439
datased:polyphonic:002439,S-0418,DataSED - DataSED - Dataset for Sound Event Detection of environmental noise/SED_wav/S-0418.wav,polyphonic,Jet aircrafts,jet_aircrafts,0.99,47.54,0.01,0.4,46.55,2440
datased:polyphonic:002440,S-0418,DataSED - DataSED - Dataset for Sound Event Detection of environmental noise/SED_wav/S-0418.wav,polyphonic,Vehicle idling,vehicle_idling,47.83,49.91,0.4,0.42,2.09,2441
datased:polyphonic:002441,S-0418,DataSED - DataSED - Dataset for Sound Event Detection of environmental noise/SED_wav/S-0418.wav,polyphonic,Vehicle pass-by,vehicle_pass_by,49.99,52.87,0.42,0.44,2.88,2442
datased:polyphonic:002442,S-0418,DataSED - DataSED - Dataset for Sound Event Detection of environmental noise/SED_wav/S-0418.wav,polyphonic,Birds,birds,52.51,56.18,0.44,0.47,3.67,2443
datased:polyphonic:002443,S-0418,DataSED - DataSED - Dataset for Sound Event Detection of environmental noise/SED_wav/S-0418.wav,polyphonic,Vehicle pass-by,vehicle_pass_by,55.46,59.06,0.47,0.5,3.6,2444
datased:polyphonic:002444,S-0418,DataSED - DataSED - Dataset for Sound Event Detection of environmental noise/SED_wav/S-0418.wav,polyphonic,Vehicle idling,vehicle_idling,59.35,61.15,0.5,0.51,1.8,2445
datased:polyphonic:002445,S-0418,DataSED - DataSED - Dataset for Sound Event Detection of environmental noise/SED_wav/S-0418.wav,polyphonic,Vehicle pass-by,vehicle_pass_by,61.51,76.12,0.52,0.64,14.62,2446
datased:polyphonic:002446,S-0418,DataSED - DataSED - Dataset for Sound Event Detection of environmental noise/SED_wav/S-0418.wav,polyphonic,Birds,birds,61.58,63.52,0.52,0.53,1.94,2447
datased:polyphonic:002447,S-0418,DataSED - DataSED - Dataset for Sound Event Detection of environmental noise/SED_wav/S-0418.wav,polyphonic,Birds,birds,73.96,75.26,0.62,0.63,1.3,2448
datased:polyphonic:002448,S-0418,DataSED - DataSED - Dataset for Sound Event Detection of environmental noise/SED_wav/S-0418.wav,polyphonic,Birds,birds,76.63,102.12,0.64,0.86,25.49,2449
datased:polyphonic:002449,S-0418,DataSED - DataSED - Dataset for Sound Event Detection of environmental noise/SED_wav/S-0418.wav,polyphonic,Vehicle idling,vehicle_idling,76.63,102.26,0.64,0.86,25.63,2450
datased:polyphonic:002450,S-0418,DataSED - DataSED - Dataset for Sound Event Detection of environmental noise/SED_wav/S-0418.wav,polyphonic,Vehicle pass-by,vehicle_pass_by,102.69,110.61,0.86,0.93,7.92,2451
datased:polyphonic:002451,S-0418,DataSED - DataSED - Dataset for Sound Event Detection of environmental noise/SED_wav/S-0418.wav,polyphonic,Vehicle idling,vehicle_idling,110.61,114.57,0.93,0.96,3.96,2452
datased:polyphonic:002452,S-0418,DataSED - DataSED - Dataset for Sound Event Detection of environmental noise/SED_wav/S-0418.wav,polyphonic,Birds,birds,114.93,116.59,0.97,0.98,1.66,2453
datased:polyphonic:002453,S-0418,DataSED - DataSED - Dataset for Sound Event Detection of environmental noise/SED_wav/S-0418.wav,polyphonic,Vehicle idling,vehicle_idling,116.59,118.97,0.98,1.0,2.38,2454
datased:polyphonic:002454,S-0419,DataSED - DataSED - Dataset for Sound Event Detection of environmental noise/SED_wav/S-0419.wav,polyphonic,Vehicle idling,vehicle_idling,0.0,5.92,0.0,0.04,5.92,2455
datased:polyphonic:002455,S-0419,DataSED - DataSED - Dataset for Sound Event Detection of environmental noise/SED_wav/S-0419.wav,polyphonic,Vehicle pass-by,vehicle_pass_by,5.92,25.29,0.04,0.17,19.37,2456
datased:polyphonic:002456,S-0419,DataSED - DataSED - Dataset for Sound Event Detection of environmental noise/SED_wav/S-0419.wav,polyphonic,Vehicle idling,vehicle_idling,25.84,31.38,0.17,0.21,5.53,2457
datased:polyphonic:002457,S-0419,DataSED - DataSED - Dataset for Sound Event Detection of environmental noise/SED_wav/S-0419.wav,polyphonic,Vehicle idling,vehicle_idling,31.75,34.97,0.21,0.23,3.23,2458
datased:polyphonic:002458,S-0419,DataSED - DataSED - Dataset for Sound Event Detection of environmental noise/SED_wav/S-0419.wav,polyphonic,Vehicle idling,vehicle_idling,35.43,48.62,0.23,0.32,13.19,2459
datased:polyphonic:002459,S-0419,DataSED - DataSED - Dataset for Sound Event Detection of environmental noise/SED_wav/S-0419.wav,polyphonic,Vehicle pass-by,vehicle_pass_by,48.9,67.49,0.32,0.44,18.59,2460
datased:polyphonic:002460,S-0419,DataSED - DataSED - Dataset for Sound Event Detection of environmental noise/SED_wav/S-0419.wav,polyphonic,Vehicle idling,vehicle_idling,67.9,74.45,0.45,0.49,6.55,2461
datased:polyphonic:002461,S-0419,DataSED - DataSED - Dataset for Sound Event Detection of environmental noise/SED_wav/S-0419.wav,polyphonic,Vehicle pass-by,vehicle_pass_by,74.69,85.88,0.49,0.56,11.19,2462
datased:polyphonic:002462,S-0419,DataSED - DataSED - Dataset for Sound Event Detection of environmental noise/SED_wav/S-0419.wav,polyphonic,Vehicle idling,vehicle_idling,85.79,90.49,0.56,0.59,4.7,2463
datased:polyphonic:002463,S-0419,DataSED - DataSED - Dataset for Sound Event Detection of environmental noise/SED_wav/S-0419.wav,polyphonic,Vehicle pass-by,vehicle_pass_by,90.77,96.49,0.6,0.63,5.72,2464
datased:polyphonic:002464,S-0419,DataSED - DataSED - Dataset for Sound Event Detection of environmental noise/SED_wav/S-0419.wav,polyphonic,Jet aircrafts,jet_aircrafts,96.02,141.96,0.63,0.93,45.94,2465
datased:polyphonic:002465,S-0419,DataSED - DataSED - Dataset for Sound Event Detection of environmental noise/SED_wav/S-0419.wav,polyphonic,Vehicle pass-by,vehicle_pass_by,130.89,137.44,0.86,0.9,6.55,2466
datased:polyphonic:002466,S-0419,DataSED - DataSED - Dataset for Sound Event Detection of environmental noise/SED_wav/S-0419.wav,polyphonic,Vehicle idling,vehicle_idling,142.05,144.45,0.93,0.95,2.4,2467
datased:polyphonic:002467,S-0419,DataSED - DataSED - Dataset for Sound Event Detection of environmental noise/SED_wav/S-0419.wav,polyphonic,Vehicle pass-by,vehicle_pass_by,144.63,148.87,0.95,0.98,4.24,2468
datased:polyphonic:002468,S-0419,DataSED - DataSED - Dataset for Sound Event Detection of environmental noise/SED_wav/S-0419.wav,polyphonic,Vehicle idling,vehicle_idling,149.15,152.38,0.98,1.0,3.23,2469
datased:polyphonic:002469,S-0420,DataSED - DataSED - Dataset for Sound Event Detection of environmental noise/SED_wav/S-0420.wav,polyphonic,Jet aircrafts,jet_aircrafts,0.0,48.45,0.0,0.65,48.45,2470
datased:polyphonic:002470,S-0420,DataSED - DataSED - Dataset for Sound Event Detection of environmental noise/SED_wav/S-0420.wav,polyphonic,Vehicle idling,vehicle_idling,48.49,74.17,0.65,1.0,25.68,2471
datased:polyphonic:002471,S-0421,DataSED - DataSED - Dataset for Sound Event Detection of environmental noise/SED_wav/S-0421.wav,polyphonic,Vehicle idling,vehicle_idling,0.0,11.09,0.0,0.18,11.09,2472
datased:polyphonic:002472,S-0421,DataSED - DataSED - Dataset for Sound Event Detection of environmental noise/SED_wav/S-0421.wav,polyphonic,Horn,horn,1.32,1.83,0.02,0.03,0.51,2473
datased:polyphonic:002473,S-0421,DataSED - DataSED - Dataset for Sound Event Detection of environmental noise/SED_wav/S-0421.wav,polyphonic,Jet aircrafts,jet_aircrafts,11.01,50.81,0.18,0.84,39.8,2474
datased:polyphonic:002474,S-0421,DataSED - DataSED - Dataset for Sound Event Detection of environmental noise/SED_wav/S-0421.wav,polyphonic,Vehicle pass-by,vehicle_pass_by,40.32,47.17,0.67,0.78,6.85,2475
datased:polyphonic:002475,S-0421,DataSED - DataSED - Dataset for Sound Event Detection of environmental noise/SED_wav/S-0421.wav,polyphonic,Vehicle idling,vehicle_idling,50.89,60.22,0.85,1.0,9.33,2476
datased:polyphonic:002476,S-0422,DataSED - DataSED - Dataset for Sound Event Detection of environmental noise/SED_wav/S-0422.wav,polyphonic,Vehicle pass-by,vehicle_pass_by,3.97,17.66,0.03,0.14,13.69,2477
datased:polyphonic:002477,S-0422,DataSED - DataSED - Dataset for Sound Event Detection of environmental noise/SED_wav/S-0422.wav,polyphonic,Horn,horn,4.84,5.95,0.04,0.05,1.11,2478
datased:polyphonic:002478,S-0422,DataSED - DataSED - Dataset for Sound Event Detection of environmental noise/SED_wav/S-0422.wav,polyphonic,Vehicle idling,vehicle_idling,18.05,22.09,0.14,0.17,4.03,2479
datased:polyphonic:002479,S-0422,DataSED - DataSED - Dataset for Sound Event Detection of environmental noise/SED_wav/S-0422.wav,polyphonic,Voices,voices,18.85,19.64,0.14,0.15,0.79,2480
datased:polyphonic:002480,S-0422,DataSED - DataSED - Dataset for Sound Event Detection of environmental noise/SED_wav/S-0422.wav,polyphonic,Vehicle pass-by,vehicle_pass_by,22.09,28.66,0.17,0.22,6.57,2481
datased:polyphonic:002481,S-0422,DataSED - DataSED - Dataset for Sound Event Detection of environmental noise/SED_wav/S-0422.wav,polyphonic,Vehicle idling,vehicle_idling,28.89,36.88,0.22,0.28,7.99,2482
datased:polyphonic:002482,S-0422,DataSED - DataSED - Dataset for Sound Event Detection of environmental noise/SED_wav/S-0422.wav,polyphonic,Vehicle pass-by,vehicle_pass_by,36.88,48.75,0.28,0.37,11.87,2483
datased:polyphonic:002483,S-0422,DataSED - DataSED - Dataset for Sound Event Detection of environmental noise/SED_wav/S-0422.wav,polyphonic,Vehicle idling,vehicle_idling,48.59,77.55,0.37,0.59,28.96,2484
datased:polyphonic:002484,S-0422,DataSED - DataSED - Dataset for Sound Event Detection of environmental noise/SED_wav/S-0422.wav,polyphonic,Vehicle pass-by,vehicle_pass_by,77.39,87.2,0.59,0.67,9.81,2485
datased:polyphonic:002485,S-0422,DataSED - DataSED - Dataset for Sound Event Detection of environmental noise/SED_wav/S-0422.wav,polyphonic,Vehicle pass-by,vehicle_pass_by,88.78,100.57,0.68,0.77,11.79,2486
datased:polyphonic:002486,S-0422,DataSED - DataSED - Dataset for Sound Event Detection of environmental noise/SED_wav/S-0422.wav,polyphonic,Jet aircrafts,jet_aircrafts,100.81,124.23,0.77,0.95,23.42,2487
datased:polyphonic:002487,S-0422,DataSED - DataSED - Dataset for Sound Event Detection of environmental noise/SED_wav/S-0422.wav,polyphonic,Voices,voices,111.02,112.44,0.85,0.86,1.42,2488
datased:polyphonic:002488,S-0422,DataSED - DataSED - Dataset for Sound Event Detection of environmental noise/SED_wav/S-0422.wav,polyphonic,Vehicle pass-by,vehicle_pass_by,115.92,121.22,0.89,0.93,5.3,2489
datased:polyphonic:002489,S-0422,DataSED - DataSED - Dataset for Sound Event Detection of environmental noise/SED_wav/S-0422.wav,polyphonic,Vehicle idling,vehicle_idling,124.15,130.72,0.95,1.0,6.57,2490
datased:polyphonic:002490,S-0423,DataSED - DataSED - Dataset for Sound Event Detection of environmental noise/SED_wav/S-0423.wav,polyphonic,Vacuum cleaner fan and hairdryer,vacuum_cleaner_fan_hairdryer,9.01,31.69,0.06,0.23,22.68,2491
datased:polyphonic:002491,S-0423,DataSED - DataSED - Dataset for Sound Event Detection of environmental noise/SED_wav/S-0423.wav,polyphonic,Vehicle pass-by,vehicle_pass_by,32.61,35.38,0.23,0.25,2.77,2492
datased:polyphonic:002492,S-0423,DataSED - DataSED - Dataset for Sound Event Detection of environmental noise/SED_wav/S-0423.wav,polyphonic,Vehicle pass-by,vehicle_pass_by,38.66,47.06,0.28,0.34,8.4,2493
datased:polyphonic:002493,S-0423,DataSED - DataSED - Dataset for Sound Event Detection of environmental noise/SED_wav/S-0423.wav,polyphonic,Vacuum cleaner fan and hairdryer,vacuum_cleaner_fan_hairdryer,72.77,91.83,0.52,0.66,19.07,2494
datased:polyphonic:002494,S-0423,DataSED - DataSED - Dataset for Sound Event Detection of environmental noise/SED_wav/S-0423.wav,polyphonic,Vehicle pass-by,vehicle_pass_by,91.58,98.39,0.66,0.71,6.8,2495
datased:polyphonic:002495,S-0423,DataSED - DataSED - Dataset for Sound Event Detection of environmental noise/SED_wav/S-0423.wav,polyphonic,Vehicle pass-by,vehicle_pass_by,115.61,129.47,0.83,0.93,13.86,2496
datased:polyphonic:002496,S-0423,DataSED - DataSED - Dataset for Sound Event Detection of environmental noise/SED_wav/S-0423.wav,polyphonic,Music,music,130.73,138.79,0.94,1.0,8.06,2497
datased:polyphonic:002497,S-0424,DataSED - DataSED - Dataset for Sound Event Detection of environmental noise/SED_wav/S-0424.wav,polyphonic,Vacuum cleaner fan and hairdryer,vacuum_cleaner_fan_hairdryer,7.41,16.33,0.06,0.13,8.92,2498
datased:polyphonic:002498,S-0424,DataSED - DataSED - Dataset for Sound Event Detection of environmental noise/SED_wav/S-0424.wav,polyphonic,Vehicle pass-by,vehicle_pass_by,15.41,20.06,0.12,0.16,4.65,2499
datased:polyphonic:002499,S-0424,DataSED - DataSED - Dataset for Sound Event Detection of environmental noise/SED_wav/S-0424.wav,polyphonic,Vehicle pass-by,vehicle_pass_by,23.57,32.56,0.19,0.26,8.99,2500
datased:polyphonic:002500,S-0424,DataSED - DataSED - Dataset for Sound Event Detection of environmental noise/SED_wav/S-0424.wav,polyphonic,Vacuum cleaner fan and hairdryer,vacuum_cleaner_fan_hairdryer,32.41,52.23,0.26,0.41,19.82,2501
datased:polyphonic:002501,S-0424,DataSED - DataSED - Dataset for Sound Event Detection of environmental noise/SED_wav/S-0424.wav,polyphonic,Vehicle pass-by,vehicle_pass_by,52.46,57.19,0.42,0.45,4.73,2502
datased:polyphonic:002502,S-0424,DataSED - DataSED - Dataset for Sound Event Detection of environmental noise/SED_wav/S-0424.wav,polyphonic,Vacuum cleaner fan and hairdryer,vacuum_cleaner_fan_hairdryer,61.91,81.04,0.49,0.64,19.13,2503
datased:polyphonic:002503,S-0424,DataSED - DataSED - Dataset for Sound Event Detection of environmental noise/SED_wav/S-0424.wav,polyphonic,Vehicle pass-by,vehicle_pass_by,103.53,114.2,0.82,0.91,10.67,2504
datased:polyphonic:002504,S-0425,DataSED - DataSED - Dataset for Sound Event Detection of environmental noise/SED_wav/S-0425.wav,polyphonic,Vacuum cleaner fan and hairdryer,vacuum_cleaner_fan_hairdryer,13.35,40.12,0.07,0.22,26.77,2505
datased:polyphonic:002505,S-0425,DataSED - DataSED - Dataset for Sound Event Detection of environmental noise/SED_wav/S-0425.wav,polyphonic,Music,music,46.51,104.3,0.25,0.56,57.8,2506
datased:polyphonic:002506,S-0425,DataSED - DataSED - Dataset for Sound Event Detection of environmental noise/SED_wav/S-0425.wav,polyphonic,Music,music,109.01,112.03,0.59,0.61,3.02,2507
datased:polyphonic:002507,S-0425,DataSED - DataSED - Dataset for Sound Event Detection of environmental noise/SED_wav/S-0425.wav,polyphonic,Vehicle pass-by,vehicle_pass_by,111.36,126.37,0.6,0.68,15.01,2508
datased:polyphonic:002508,S-0425,DataSED - DataSED - Dataset for Sound Event Detection of environmental noise/SED_wav/S-0425.wav,polyphonic,Music,music,127.37,178.67,0.69,0.97,51.3,2509
datased:polyphonic:002509,S-0425,DataSED - DataSED - Dataset for Sound Event Detection of environmental noise/SED_wav/S-0425.wav,polyphonic,Vehicle pass-by,vehicle_pass_by,162.94,168.09,0.88,0.91,5.16,2510
datased:polyphonic:002510,S-0426,DataSED - DataSED - Dataset for Sound Event Detection of environmental noise/SED_wav/S-0426.wav,polyphonic,Vehicle pass-by,vehicle_pass_by,17.01,26.99,0.11,0.18,9.99,2511
datased:polyphonic:002511,S-0426,DataSED - DataSED - Dataset for Sound Event Detection of environmental noise/SED_wav/S-0426.wav,polyphonic,Music,music,31.75,57.33,0.21,0.37,25.57,2512
datased:polyphonic:002512,S-0426,DataSED - DataSED - Dataset for Sound Event Detection of environmental noise/SED_wav/S-0426.wav,polyphonic,Vehicle pass-by,vehicle_pass_by,83.74,92.52,0.54,0.6,8.77,2513
datased:polyphonic:002513,S-0426,DataSED - DataSED - Dataset for Sound Event Detection of environmental noise/SED_wav/S-0426.wav,polyphonic,Music,music,102.23,132.19,0.66,0.86,29.96,2514
datased:polyphonic:002514,S-0426,DataSED - DataSED - Dataset for Sound Event Detection of environmental noise/SED_wav/S-0426.wav,polyphonic,Vacuum cleaner fan and hairdryer,vacuum_cleaner_fan_hairdryer,133.21,153.84,0.86,1.0,20.63,2515
datased:polyphonic:002515,S-0427,DataSED - DataSED - Dataset for Sound Event Detection of environmental noise/SED_wav/S-0427.wav,polyphonic,Vacuum cleaner fan and hairdryer,vacuum_cleaner_fan_hairdryer,4.13,19.39,0.04,0.2,15.25,2516
datased:polyphonic:002516,S-0427,DataSED - DataSED - Dataset for Sound Event Detection of environmental noise/SED_wav/S-0427.wav,polyphonic,Vacuum cleaner fan and hairdryer,vacuum_cleaner_fan_hairdryer,22.34,35.05,0.23,0.37,12.7,2517
datased:polyphonic:002517,S-0427,DataSED - DataSED - Dataset for Sound Event Detection of environmental noise/SED_wav/S-0427.wav,polyphonic,Vehicle pass-by,vehicle_pass_by,34.99,38.99,0.37,0.41,4.0,2518
datased:polyphonic:002518,S-0427,DataSED - DataSED - Dataset for Sound Event Detection of environmental noise/SED_wav/S-0427.wav,polyphonic,Music,music,42.41,48.5,0.44,0.51,6.09,2519
datased:polyphonic:002519,S-0427,DataSED - DataSED - Dataset for Sound Event Detection of environmental noise/SED_wav/S-0427.wav,polyphonic,Vehicle pass-by,vehicle_pass_by,54.3,58.77,0.57,0.61,4.47,2520
datased:polyphonic:002520,S-0427,DataSED - DataSED - Dataset for Sound Event Detection of environmental noise/SED_wav/S-0427.wav,polyphonic,Vehicle pass-by,vehicle_pass_by,74.78,87.6,0.78,0.91,12.82,2521
datased:polyphonic:002521,S-0427,DataSED - DataSED - Dataset for Sound Event Detection of environmental noise/SED_wav/S-0427.wav,polyphonic,Vehicle idling,vehicle_idling,87.48,95.02,0.91,0.99,7.54,2522
datased:polyphonic:002522,S-0428,DataSED - DataSED - Dataset for Sound Event Detection of environmental noise/SED_wav/S-0428.wav,polyphonic,Vehicle pass-by,vehicle_pass_by,4.84,18.39,0.03,0.13,13.55,2523
datased:polyphonic:002523,S-0428,DataSED - DataSED - Dataset for Sound Event Detection of environmental noise/SED_wav/S-0428.wav,polyphonic,Vacuum cleaner fan and hairdryer,vacuum_cleaner_fan_hairdryer,23.73,55.39,0.17,0.4,31.67,2524
datased:polyphonic:002524,S-0428,DataSED - DataSED - Dataset for Sound Event Detection of environmental noise/SED_wav/S-0428.wav,polyphonic,Vehicle pass-by,vehicle_pass_by,101.71,116.95,0.73,0.84,15.24,2525
datased:polyphonic:002525,S-0428,DataSED - DataSED - Dataset for Sound Event Detection of environmental noise/SED_wav/S-0428.wav,polyphonic,Vacuum cleaner fan and hairdryer,vacuum_cleaner_fan_hairdryer,105.52,108.57,0.75,0.78,3.05,2526
datased:polyphonic:002526,S-0428,DataSED - DataSED - Dataset for Sound Event Detection of environmental noise/SED_wav/S-0428.wav,polyphonic,Vacuum cleaner fan and hairdryer,vacuum_cleaner_fan_hairdryer,121.18,135.58,0.87,0.97,14.39,2527
datased:polyphonic:002527,S-0429,DataSED - DataSED - Dataset for Sound Event Detection of environmental noise/SED_wav/S-0429.wav,polyphonic,Vehicle idling,vehicle_idling,8.02,29.27,0.15,0.55,21.26,2528
datased:polyphonic:002528,S-0429,DataSED - DataSED - Dataset for Sound Event Detection of environmental noise/SED_wav/S-0429.wav,polyphonic,Vehicle idling,vehicle_idling,31.77,37.94,0.59,0.71,6.16,2529
datased:polyphonic:002529,S-0429,DataSED - DataSED - Dataset for Sound Event Detection of environmental noise/SED_wav/S-0429.wav,polyphonic,Vehicle pass-by,vehicle_pass_by,38.88,47.05,0.73,0.88,8.18,2530
datased:polyphonic:002530,S-0430,DataSED - DataSED - Dataset for Sound Event Detection of environmental noise/SED_wav/S-0430.wav,polyphonic,Voices,voices,2.8,6.15,0.01,0.03,3.35,2531
datased:polyphonic:002531,S-0430,DataSED - DataSED - Dataset for Sound Event Detection of environmental noise/SED_wav/S-0430.wav,polyphonic,Workshop,workshop,6.5,31.36,0.03,0.16,24.86,2532
datased:polyphonic:002532,S-0430,DataSED - DataSED - Dataset for Sound Event Detection of environmental noise/SED_wav/S-0430.wav,polyphonic,Voices,voices,33.1,50.23,0.17,0.26,17.13,2533
datased:polyphonic:002533,S-0430,DataSED - DataSED - Dataset for Sound Event Detection of environmental noise/SED_wav/S-0430.wav,polyphonic,Workshop,workshop,50.33,72.88,0.26,0.38,22.55,2534
datased:polyphonic:002534,S-0430,DataSED - DataSED - Dataset for Sound Event Detection of environmental noise/SED_wav/S-0430.wav,polyphonic,Voices,voices,73.23,101.21,0.38,0.53,27.99,2535
datased:polyphonic:002535,S-0430,DataSED - DataSED - Dataset for Sound Event Detection of environmental noise/SED_wav/S-0430.wav,polyphonic,Workshop,workshop,101.68,124.11,0.53,0.65,22.44,2536
datased:polyphonic:002536,S-0430,DataSED - DataSED - Dataset for Sound Event Detection of environmental noise/SED_wav/S-0430.wav,polyphonic,Voices,voices,124.57,128.16,0.65,0.67,3.59,2537
datased:polyphonic:002537,S-0430,DataSED - DataSED - Dataset for Sound Event Detection of environmental noise/SED_wav/S-0430.wav,polyphonic,Workshop,workshop,128.27,149.32,0.67,0.78,21.05,2538
datased:polyphonic:002538,S-0430,DataSED - DataSED - Dataset for Sound Event Detection of environmental noise/SED_wav/S-0430.wav,polyphonic,Voices,voices,148.4,165.63,0.78,0.87,17.23,2539
datased:polyphonic:002539,S-0430,DataSED - DataSED - Dataset for Sound Event Detection of environmental noise/SED_wav/S-0430.wav,polyphonic,Workshop,workshop,164.7,184.48,0.86,0.97,19.78,2540
datased:polyphonic:002540,S-0430,DataSED - DataSED - Dataset for Sound Event Detection of environmental noise/SED_wav/S-0430.wav,polyphonic,Voices,voices,184.94,191.07,0.97,1.0,6.13,2541
datased:polyphonic:002541,S-0431,DataSED - DataSED - Dataset for Sound Event Detection of environmental noise/SED_wav/S-0431.wav,polyphonic,Workshop,workshop,0.0,3.53,0.0,0.07,3.53,2542
datased:polyphonic:002542,S-0431,DataSED - DataSED - Dataset for Sound Event Detection of environmental noise/SED_wav/S-0431.wav,polyphonic,Workshop,workshop,4.39,5.47,0.09,0.11,1.07,2543
datased:polyphonic:002543,S-0431,DataSED - DataSED - Dataset for Sound Event Detection of environmental noise/SED_wav/S-0431.wav,polyphonic,Workshop,workshop,5.56,7.46,0.11,0.15,1.9,2544
datased:polyphonic:002544,S-0431,DataSED - DataSED - Dataset for Sound Event Detection of environmental noise/SED_wav/S-0431.wav,polyphonic,Workshop,workshop,7.77,14.05,0.15,0.28,6.29,2545
datased:polyphonic:002545,S-0431,DataSED - DataSED - Dataset for Sound Event Detection of environmental noise/SED_wav/S-0431.wav,polyphonic,Workshop,workshop,14.08,16.35,0.28,0.32,2.27,2546
datased:polyphonic:002546,S-0431,DataSED - DataSED - Dataset for Sound Event Detection of environmental noise/SED_wav/S-0431.wav,polyphonic,Workshop,workshop,17.06,18.93,0.34,0.37,1.87,2547
datased:polyphonic:002547,S-0431,DataSED - DataSED - Dataset for Sound Event Detection of environmental noise/SED_wav/S-0431.wav,polyphonic,Workshop,workshop,18.95,20.71,0.37,0.41,1.76,2548
datased:polyphonic:002548,S-0431,DataSED - DataSED - Dataset for Sound Event Detection of environmental noise/SED_wav/S-0431.wav,polyphonic,Workshop,workshop,21.38,23.71,0.42,0.47,2.33,2549
datased:polyphonic:002549,S-0431,DataSED - DataSED - Dataset for Sound Event Detection of environmental noise/SED_wav/S-0431.wav,polyphonic,Workshop,workshop,25.09,31.93,0.5,0.63,6.84,2550
datased:polyphonic:002550,S-0431,DataSED - DataSED - Dataset for Sound Event Detection of environmental noise/SED_wav/S-0431.wav,polyphonic,Vehicle idling,vehicle_idling,35.77,50.55,0.71,1.0,14.78,2551
datased:polyphonic:002551,S-0432,DataSED - DataSED - Dataset for Sound Event Detection of environmental noise/SED_wav/S-0432.wav,polyphonic,Workshop,workshop,0.0,10.03,0.0,0.25,10.03,2552
datased:polyphonic:002552,S-0432,DataSED - DataSED - Dataset for Sound Event Detection of environmental noise/SED_wav/S-0432.wav,polyphonic,Workshop,workshop,14.72,25.85,0.37,0.65,11.13,2553
datased:polyphonic:002553,S-0432,DataSED - DataSED - Dataset for Sound Event Detection of environmental noise/SED_wav/S-0432.wav,polyphonic,Workshop,workshop,30.49,38.88,0.77,0.98,8.39,2554
datased:polyphonic:002554,S-0433,DataSED - DataSED - Dataset for Sound Event Detection of environmental noise/SED_wav/S-0433.wav,polyphonic,Vacuum cleaner fan and hairdryer,vacuum_cleaner_fan_hairdryer,2.67,21.77,0.01,0.11,19.11,2555
datased:polyphonic:002555,S-0433,DataSED - DataSED - Dataset for Sound Event Detection of environmental noise/SED_wav/S-0433.wav,polyphonic,Vacuum cleaner fan and hairdryer,vacuum_cleaner_fan_hairdryer,25.74,46.77,0.13,0.24,21.03,2556
datased:polyphonic:002556,S-0433,DataSED - DataSED - Dataset for Sound Event Detection of environmental noise/SED_wav/S-0433.wav,polyphonic,Vacuum cleaner fan and hairdryer,vacuum_cleaner_fan_hairdryer,51.1,62.63,0.26,0.32,11.54,2557
datased:polyphonic:002557,S-0433,DataSED - DataSED - Dataset for Sound Event Detection of environmental noise/SED_wav/S-0433.wav,polyphonic,Vacuum cleaner fan and hairdryer,vacuum_cleaner_fan_hairdryer,67.08,83.06,0.34,0.42,15.98,2558
datased:polyphonic:002558,S-0434,DataSED - DataSED - Dataset for Sound Event Detection of environmental noise/SED_wav/S-0434.wav,polyphonic,Vacuum cleaner fan and hairdryer,vacuum_cleaner_fan_hairdryer,2.22,44.17,0.02,0.39,41.96,2559
datased:polyphonic:002559,S-0434,DataSED - DataSED - Dataset for Sound Event Detection of environmental noise/SED_wav/S-0434.wav,polyphonic,Vacuum cleaner fan and hairdryer,vacuum_cleaner_fan_hairdryer,48.1,77.52,0.42,0.68,29.42,2560
datased:polyphonic:002560,S-0434,DataSED - DataSED - Dataset for Sound Event Detection of environmental noise/SED_wav/S-0434.wav,polyphonic,Vacuum cleaner fan and hairdryer,vacuum_cleaner_fan_hairdryer,82.27,111.62,0.72,0.98,29.35,2561
datased:polyphonic:002561,S-0435,DataSED - DataSED - Dataset for Sound Event Detection of environmental noise/SED_wav/S-0435.wav,polyphonic,Vacuum cleaner fan and hairdryer,vacuum_cleaner_fan_hairdryer,0.61,11.23,0.05,0.92,10.62,2562
datased:polyphonic:002562,S-0436,DataSED - DataSED - Dataset for Sound Event Detection of environmental noise/SED_wav/S-0436.wav,polyphonic,Vacuum cleaner fan and hairdryer,vacuum_cleaner_fan_hairdryer,2.62,15.21,0.03,0.19,12.58,2563
datased:polyphonic:002563,S-0436,DataSED - DataSED - Dataset for Sound Event Detection of environmental noise/SED_wav/S-0436.wav,polyphonic,Vacuum cleaner fan and hairdryer,vacuum_cleaner_fan_hairdryer,19.8,30.26,0.25,0.38,10.45,2564
datased:polyphonic:002564,S-0436,DataSED - DataSED - Dataset for Sound Event Detection of environmental noise/SED_wav/S-0436.wav,polyphonic,Vacuum cleaner fan and hairdryer,vacuum_cleaner_fan_hairdryer,35.05,60.27,0.44,0.75,25.22,2565
datased:polyphonic:002565,S-0436,DataSED - DataSED - Dataset for Sound Event Detection of environmental noise/SED_wav/S-0436.wav,polyphonic,Vacuum cleaner fan and hairdryer,vacuum_cleaner_fan_hairdryer,65.1,78.17,0.81,0.98,13.07,2566
datased:polyphonic:002566,S-0437,DataSED - DataSED - Dataset for Sound Event Detection of environmental noise/SED_wav/S-0437.wav,polyphonic,Vacuum cleaner fan and hairdryer,vacuum_cleaner_fan_hairdryer,1.14,20.52,0.01,0.17,19.38,2567
datased:polyphonic:002567,S-0437,DataSED - DataSED - Dataset for Sound Event Detection of environmental noise/SED_wav/S-0437.wav,polyphonic,Vacuum cleaner fan and hairdryer,vacuum_cleaner_fan_hairdryer,25.1,40.2,0.2,0.32,15.1,2568
datased:polyphonic:002568,S-0437,DataSED - DataSED - Dataset for Sound Event Detection of environmental noise/SED_wav/S-0437.wav,polyphonic,Vacuum cleaner fan and hairdryer,vacuum_cleaner_fan_hairdryer,44.86,65.74,0.36,0.53,20.88,2569
datased:polyphonic:002569,S-0437,DataSED - DataSED - Dataset for Sound Event Detection of environmental noise/SED_wav/S-0437.wav,polyphonic,Vacuum cleaner fan and hairdryer,vacuum_cleaner_fan_hairdryer,70.4,87.53,0.57,0.71,17.13,2570
datased:polyphonic:002570,S-0437,DataSED - DataSED - Dataset for Sound Event Detection of environmental noise/SED_wav/S-0437.wav,polyphonic,Vacuum cleaner fan and hairdryer,vacuum_cleaner_fan_hairdryer,92.18,121.78,0.74,0.98,29.6,2571
datased:polyphonic:002571,S-0438,DataSED - DataSED - Dataset for Sound Event Detection of environmental noise/SED_wav/S-0438.wav,polyphonic,Vacuum cleaner fan and hairdryer,vacuum_cleaner_fan_hairdryer,0.43,10.17,0.04,0.86,9.74,2572
datased:polyphonic:002572,S-0439,DataSED - DataSED - Dataset for Sound Event Detection of environmental noise/SED_wav/S-0439.wav,polyphonic,Vacuum cleaner fan and hairdryer,vacuum_cleaner_fan_hairdryer,2.41,23.32,0.03,0.27,20.92,2573
datased:polyphonic:002573,S-0439,DataSED - DataSED - Dataset for Sound Event Detection of environmental noise/SED_wav/S-0439.wav,polyphonic,Vacuum cleaner fan and hairdryer,vacuum_cleaner_fan_hairdryer,27.0,48.29,0.31,0.55,21.29,2574
datased:polyphonic:002574,S-0439,DataSED - DataSED - Dataset for Sound Event Detection of environmental noise/SED_wav/S-0439.wav,polyphonic,Vacuum cleaner fan and hairdryer,vacuum_cleaner_fan_hairdryer,52.17,68.99,0.59,0.78,16.82,2575
datased:polyphonic:002575,S-0439,DataSED - DataSED - Dataset for Sound Event Detection of environmental noise/SED_wav/S-0439.wav,polyphonic,Vacuum cleaner fan and hairdryer,vacuum_cleaner_fan_hairdryer,73.62,84.16,0.84,0.96,10.54,2576
datased:polyphonic:002576,S-0440,DataSED - DataSED - Dataset for Sound Event Detection of environmental noise/SED_wav/S-0440.wav,polyphonic,Vacuum cleaner fan and hairdryer,vacuum_cleaner_fan_hairdryer,1.43,20.16,0.01,0.18,18.73,2577
datased:polyphonic:002577,S-0440,DataSED - DataSED - Dataset for Sound Event Detection of environmental noise/SED_wav/S-0440.wav,polyphonic,Vacuum cleaner fan and hairdryer,vacuum_cleaner_fan_hairdryer,22.86,45.04,0.2,0.4,22.17,2578
datased:polyphonic:002578,S-0440,DataSED - DataSED - Dataset for Sound Event Detection of environmental noise/SED_wav/S-0440.wav,polyphonic,Vacuum cleaner fan and hairdryer,vacuum_cleaner_fan_hairdryer,47.88,68.36,0.43,0.61,20.48,2579
datased:polyphonic:002579,S-0440,DataSED - DataSED - Dataset for Sound Event Detection of environmental noise/SED_wav/S-0440.wav,polyphonic,Vacuum cleaner fan and hairdryer,vacuum_cleaner_fan_hairdryer,70.93,89.45,0.64,0.8,18.52,2580
datased:polyphonic:002580,S-0440,DataSED - DataSED - Dataset for Sound Event Detection of environmental noise/SED_wav/S-0440.wav,polyphonic,Vacuum cleaner fan and hairdryer,vacuum_cleaner_fan_hairdryer,92.16,110.34,0.83,0.99,18.18,2581
datased:polyphonic:002581,S-0441,DataSED - DataSED - Dataset for Sound Event Detection of environmental noise/SED_wav/S-0441.wav,polyphonic,Vacuum cleaner fan and hairdryer,vacuum_cleaner_fan_hairdryer,0.38,5.14,0.05,0.66,4.76,2582
datased:polyphonic:002582,S-0442,DataSED - DataSED - Dataset for Sound Event Detection of environmental noise/SED_wav/S-0442.wav,polyphonic,Vacuum cleaner fan and hairdryer,vacuum_cleaner_fan_hairdryer,0.42,5.92,0.06,0.87,5.5,2583
datased:polyphonic:002583,S-0443,DataSED - DataSED - Dataset for Sound Event Detection of environmental noise/SED_wav/S-0443.wav,polyphonic,Workshop,workshop,2.8,23.78,0.02,0.21,20.98,2584
datased:polyphonic:002584,S-0443,DataSED - DataSED - Dataset for Sound Event Detection of environmental noise/SED_wav/S-0443.wav,polyphonic,Workshop,workshop,28.4,42.86,0.25,0.38,14.46,2585
datased:polyphonic:002585,S-0443,DataSED - DataSED - Dataset for Sound Event Detection of environmental noise/SED_wav/S-0443.wav,polyphonic,Workshop,workshop,47.68,65.6,0.43,0.58,17.93,2586
datased:polyphonic:002586,S-0443,DataSED - DataSED - Dataset for Sound Event Detection of environmental noise/SED_wav/S-0443.wav,polyphonic,Workshop,workshop,70.29,87.4,0.63,0.78,17.11,2587
datased:polyphonic:002587,S-0443,DataSED - DataSED - Dataset for Sound Event Detection of environmental noise/SED_wav/S-0443.wav,polyphonic,Workshop,workshop,92.02,109.94,0.82,0.98,17.93,2588
datased:polyphonic:002588,S-0444,DataSED - DataSED - Dataset for Sound Event Detection of environmental noise/SED_wav/S-0444.wav,polyphonic,Workshop,workshop,1.78,15.78,0.01,0.11,14.0,2589
datased:polyphonic:002589,S-0444,DataSED - DataSED - Dataset for Sound Event Detection of environmental noise/SED_wav/S-0444.wav,polyphonic,Workshop,workshop,19.97,40.09,0.14,0.29,20.12,2590
datased:polyphonic:002590,S-0444,DataSED - DataSED - Dataset for Sound Event Detection of environmental noise/SED_wav/S-0444.wav,polyphonic,Workshop,workshop,44.79,59.54,0.32,0.43,14.76,2591
datased:polyphonic:002591,S-0444,DataSED - DataSED - Dataset for Sound Event Detection of environmental noise/SED_wav/S-0444.wav,polyphonic,Workshop,workshop,64.49,84.86,0.47,0.61,20.37,2592
datased:polyphonic:002592,S-0444,DataSED - DataSED - Dataset for Sound Event Detection of environmental noise/SED_wav/S-0444.wav,polyphonic,Workshop,workshop,89.47,102.88,0.65,0.74,13.41,2593
datased:polyphonic:002593,S-0444,DataSED - DataSED - Dataset for Sound Event Detection of environmental noise/SED_wav/S-0444.wav,polyphonic,Workshop,workshop,107.58,119.48,0.78,0.86,11.9,2594
datased:polyphonic:002594,S-0444,DataSED - DataSED - Dataset for Sound Event Detection of environmental noise/SED_wav/S-0444.wav,polyphonic,Workshop,workshop,124.09,136.5,0.9,0.99,12.41,2595
datased:polyphonic:002595,S-0445,DataSED - DataSED - Dataset for Sound Event Detection of environmental noise/SED_wav/S-0445.wav,polyphonic,Workshop,workshop,2.69,19.75,0.02,0.16,17.07,2596
datased:polyphonic:002596,S-0445,DataSED - DataSED - Dataset for Sound Event Detection of environmental noise/SED_wav/S-0445.wav,polyphonic,Workshop,workshop,24.28,38.16,0.2,0.31,13.88,2597
datased:polyphonic:002597,S-0445,DataSED - DataSED - Dataset for Sound Event Detection of environmental noise/SED_wav/S-0445.wav,polyphonic,Workshop,workshop,42.91,52.41,0.35,0.43,9.5,2598
datased:polyphonic:002598,S-0445,DataSED - DataSED - Dataset for Sound Event Detection of environmental noise/SED_wav/S-0445.wav,polyphonic,Workshop,workshop,57.01,72.0,0.46,0.59,14.99,2599
datased:polyphonic:002599,S-0445,DataSED - DataSED - Dataset for Sound Event Detection of environmental noise/SED_wav/S-0445.wav,polyphonic,Workshop,workshop,76.45,90.33,0.62,0.74,13.88,2600
datased:polyphonic:002600,S-0445,DataSED - DataSED - Dataset for Sound Event Detection of environmental noise/SED_wav/S-0445.wav,polyphonic,Workshop,workshop,94.7,106.65,0.77,0.87,11.95,2601
datased:polyphonic:002601,S-0445,DataSED - DataSED - Dataset for Sound Event Detection of environmental noise/SED_wav/S-0445.wav,polyphonic,Workshop,workshop,111.33,120.45,0.91,0.98,9.13,2602
datased:polyphonic:002602,S-0446,DataSED - DataSED - Dataset for Sound Event Detection of environmental noise/SED_wav/S-0446.wav,polyphonic,Workshop,workshop,2.56,20.39,0.03,0.25,17.84,2603
datased:polyphonic:002603,S-0446,DataSED - DataSED - Dataset for Sound Event Detection of environmental noise/SED_wav/S-0446.wav,polyphonic,Workshop,workshop,25.15,41.41,0.31,0.51,16.27,2604
datased:polyphonic:002604,S-0446,DataSED - DataSED - Dataset for Sound Event Detection of environmental noise/SED_wav/S-0446.wav,polyphonic,Workshop,workshop,46.26,58.51,0.57,0.72,12.25,2605
datased:polyphonic:002605,S-0446,DataSED - DataSED - Dataset for Sound Event Detection of environmental noise/SED_wav/S-0446.wav,polyphonic,Workshop,workshop,63.27,75.37,0.78,0.93,12.1,2606
datased:polyphonic:002606,S-0447,DataSED - DataSED - Dataset for Sound Event Detection of environmental noise/SED_wav/S-0447.wav,polyphonic,Workshop,workshop,6.3,25.4,0.05,0.21,19.09,2607
datased:polyphonic:002607,S-0447,DataSED - DataSED - Dataset for Sound Event Detection of environmental noise/SED_wav/S-0447.wav,polyphonic,Workshop,workshop,30.11,49.88,0.24,0.4,19.77,2608
datased:polyphonic:002608,S-0447,DataSED - DataSED - Dataset for Sound Event Detection of environmental noise/SED_wav/S-0447.wav,polyphonic,Workshop,workshop,56.62,84.4,0.46,0.68,27.78,2609
datased:polyphonic:002609,S-0447,DataSED - DataSED - Dataset for Sound Event Detection of environmental noise/SED_wav/S-0447.wav,polyphonic,Workshop,workshop,89.26,120.41,0.72,0.97,31.15,2610
datased:polyphonic:002610,S-0448,DataSED - DataSED - Dataset for Sound Event Detection of environmental noise/SED_wav/S-0448.wav,polyphonic,Workshop,workshop,3.37,14.46,0.04,0.16,11.09,2611
datased:polyphonic:002611,S-0448,DataSED - DataSED - Dataset for Sound Event Detection of environmental noise/SED_wav/S-0448.wav,polyphonic,Workshop,workshop,17.11,33.88,0.19,0.38,16.77,2612
datased:polyphonic:002612,S-0448,DataSED - DataSED - Dataset for Sound Event Detection of environmental noise/SED_wav/S-0448.wav,polyphonic,Workshop,workshop,35.29,58.77,0.39,0.66,23.48,2613
datased:polyphonic:002613,S-0448,DataSED - DataSED - Dataset for Sound Event Detection of environmental noise/SED_wav/S-0448.wav,polyphonic,Workshop,workshop,61.75,85.72,0.69,0.96,23.97,2614
datased:polyphonic:002614,S-0449,DataSED - DataSED - Dataset for Sound Event Detection of environmental noise/SED_wav/S-0449.wav,polyphonic,Workshop,workshop,5.81,25.25,0.06,0.25,19.44,2615
datased:polyphonic:002615,S-0449,DataSED - DataSED - Dataset for Sound Event Detection of environmental noise/SED_wav/S-0449.wav,polyphonic,Workshop,workshop,30.02,50.06,0.3,0.5,20.04,2616
datased:polyphonic:002616,S-0449,DataSED - DataSED - Dataset for Sound Event Detection of environmental noise/SED_wav/S-0449.wav,polyphonic,Workshop,workshop,54.71,75.24,0.55,0.75,20.53,2617
datased:polyphonic:002617,S-0449,DataSED - DataSED - Dataset for Sound Event Detection of environmental noise/SED_wav/S-0449.wav,polyphonic,Workshop,workshop,80.07,98.6,0.8,0.99,18.53,2618
datased:polyphonic:002618,S-0450,DataSED - DataSED - Dataset for Sound Event Detection of environmental noise/SED_wav/S-0450.wav,polyphonic,Workshop,workshop,3.93,23.96,0.03,0.2,20.02,2619
datased:polyphonic:002619,S-0450,DataSED - DataSED - Dataset for Sound Event Detection of environmental noise/SED_wav/S-0450.wav,polyphonic,Workshop,workshop,28.82,45.36,0.24,0.38,16.54,2620
datased:polyphonic:002620,S-0450,DataSED - DataSED - Dataset for Sound Event Detection of environmental noise/SED_wav/S-0450.wav,polyphonic,Workshop,workshop,50.07,70.6,0.42,0.59,20.53,2621
datased:polyphonic:002621,S-0450,DataSED - DataSED - Dataset for Sound Event Detection of environmental noise/SED_wav/S-0450.wav,polyphonic,Workshop,workshop,75.32,95.63,0.63,0.8,20.31,2622
datased:polyphonic:002622,S-0450,DataSED - DataSED - Dataset for Sound Event Detection of environmental noise/SED_wav/S-0450.wav,polyphonic,Workshop,workshop,100.28,115.8,0.84,0.97,15.53,2623
datased:polyphonic:002623,S-0451,DataSED - DataSED - Dataset for Sound Event Detection of environmental noise/SED_wav/S-0451.wav,polyphonic,Workshop,workshop,2.88,22.49,0.03,0.27,19.61,2624
datased:polyphonic:002624,S-0451,DataSED - DataSED - Dataset for Sound Event Detection of environmental noise/SED_wav/S-0451.wav,polyphonic,Workshop,workshop,27.47,47.44,0.33,0.57,19.97,2625
datased:polyphonic:002625,S-0451,DataSED - DataSED - Dataset for Sound Event Detection of environmental noise/SED_wav/S-0451.wav,polyphonic,Workshop,workshop,52.16,76.96,0.63,0.93,24.79,2626
datased:polyphonic:002626,S-0452,DataSED - DataSED - Dataset for Sound Event Detection of environmental noise/SED_wav/S-0452.wav,polyphonic,Workshop,workshop,1.13,22.57,0.01,0.18,21.44,2627
datased:polyphonic:002627,S-0452,DataSED - DataSED - Dataset for Sound Event Detection of environmental noise/SED_wav/S-0452.wav,polyphonic,Workshop,workshop,27.69,46.9,0.23,0.38,19.21,2628
datased:polyphonic:002628,S-0452,DataSED - DataSED - Dataset for Sound Event Detection of environmental noise/SED_wav/S-0452.wav,polyphonic,Workshop,workshop,51.79,70.19,0.42,0.57,18.4,2629
datased:polyphonic:002629,S-0452,DataSED - DataSED - Dataset for Sound Event Detection of environmental noise/SED_wav/S-0452.wav,polyphonic,Workshop,workshop,74.87,95.19,0.61,0.78,20.33,2630
datased:polyphonic:002630,S-0452,DataSED - DataSED - Dataset for Sound Event Detection of environmental noise/SED_wav/S-0452.wav,polyphonic,Workshop,workshop,100.09,120.41,0.82,0.98,20.33,2631
datased:polyphonic:002631,S-0453,DataSED - DataSED - Dataset for Sound Event Detection of environmental noise/SED_wav/S-0453.wav,polyphonic,Vacuum cleaner fan and hairdryer,vacuum_cleaner_fan_hairdryer,2.12,15.76,0.02,0.15,13.64,2632
datased:polyphonic:002632,S-0453,DataSED - DataSED - Dataset for Sound Event Detection of environmental noise/SED_wav/S-0453.wav,polyphonic,Vacuum cleaner fan and hairdryer,vacuum_cleaner_fan_hairdryer,18.3,28.23,0.18,0.28,9.92,2633
datased:polyphonic:002633,S-0453,DataSED - DataSED - Dataset for Sound Event Detection of environmental noise/SED_wav/S-0453.wav,polyphonic,Vacuum cleaner fan and hairdryer,vacuum_cleaner_fan_hairdryer,30.77,38.02,0.3,0.37,7.25,2634
datased:polyphonic:002634,S-0453,DataSED - DataSED - Dataset for Sound Event Detection of environmental noise/SED_wav/S-0453.wav,polyphonic,Vacuum cleaner fan and hairdryer,vacuum_cleaner_fan_hairdryer,40.69,54.08,0.4,0.53,13.39,2635
datased:polyphonic:002635,S-0453,DataSED - DataSED - Dataset for Sound Event Detection of environmental noise/SED_wav/S-0453.wav,polyphonic,Vacuum cleaner fan and hairdryer,vacuum_cleaner_fan_hairdryer,57.06,66.61,0.56,0.65,9.55,2636
datased:polyphonic:002636,S-0453,DataSED - DataSED - Dataset for Sound Event Detection of environmental noise/SED_wav/S-0453.wav,polyphonic,Vacuum cleaner fan and hairdryer,vacuum_cleaner_fan_hairdryer,69.52,80.19,0.68,0.78,10.67,2637
datased:polyphonic:002637,S-0453,DataSED - DataSED - Dataset for Sound Event Detection of environmental noise/SED_wav/S-0453.wav,polyphonic,Vacuum cleaner fan and hairdryer,vacuum_cleaner_fan_hairdryer,82.67,96.74,0.81,0.94,14.08,2638
datased:polyphonic:002638,S-0454,DataSED - DataSED - Dataset for Sound Event Detection of environmental noise/SED_wav/S-0454.wav,polyphonic,Workshop,workshop,3.06,20.32,0.03,0.17,17.26,2639
datased:polyphonic:002639,S-0454,DataSED - DataSED - Dataset for Sound Event Detection of environmental noise/SED_wav/S-0454.wav,polyphonic,Workshop,workshop,24.96,45.19,0.21,0.38,20.23,2640
datased:polyphonic:002640,S-0454,DataSED - DataSED - Dataset for Sound Event Detection of environmental noise/SED_wav/S-0454.wav,polyphonic,Workshop,workshop,49.9,70.06,0.42,0.58,20.16,2641
datased:polyphonic:002641,S-0454,DataSED - DataSED - Dataset for Sound Event Detection of environmental noise/SED_wav/S-0454.wav,polyphonic,Workshop,workshop,74.84,89.34,0.62,0.75,14.5,2642
datased:polyphonic:002642,S-0454,DataSED - DataSED - Dataset for Sound Event Detection of environmental noise/SED_wav/S-0454.wav,polyphonic,Workshop,workshop,94.13,111.75,0.79,0.93,17.62,2643
datased:polyphonic:002643,S-0455,DataSED - DataSED - Dataset for Sound Event Detection of environmental noise/SED_wav/S-0455.wav,polyphonic,Horn,horn,1.93,9.99,0.15,0.76,8.06,2644
datased:polyphonic:002644,S-0456,DataSED - DataSED - Dataset for Sound Event Detection of environmental noise/SED_wav/S-0456.wav,polyphonic,Vacuum cleaner fan and hairdryer,vacuum_cleaner_fan_hairdryer,0.81,21.35,0.0,0.11,20.54,2645
datased:polyphonic:002645,S-0456,DataSED - DataSED - Dataset for Sound Event Detection of environmental noise/SED_wav/S-0456.wav,polyphonic,Vacuum cleaner fan and hairdryer,vacuum_cleaner_fan_hairdryer,24.96,43.35,0.13,0.23,18.39,2646
datased:polyphonic:002646,S-0456,DataSED - DataSED - Dataset for Sound Event Detection of environmental noise/SED_wav/S-0456.wav,polyphonic,Vacuum cleaner fan and hairdryer,vacuum_cleaner_fan_hairdryer,47.19,64.57,0.25,0.35,17.38,2647
datased:polyphonic:002647,S-0456,DataSED - DataSED - Dataset for Sound Event Detection of environmental noise/SED_wav/S-0456.wav,polyphonic,Vacuum cleaner fan and hairdryer,vacuum_cleaner_fan_hairdryer,69.08,82.96,0.37,0.44,13.88,2648
datased:polyphonic:002648,S-0456,DataSED - DataSED - Dataset for Sound Event Detection of environmental noise/SED_wav/S-0456.wav,polyphonic,Vacuum cleaner fan and hairdryer,vacuum_cleaner_fan_hairdryer,87.25,104.52,0.47,0.56,17.27,2649
datased:polyphonic:002649,S-0456,DataSED - DataSED - Dataset for Sound Event Detection of environmental noise/SED_wav/S-0456.wav,polyphonic,Vacuum cleaner fan and hairdryer,vacuum_cleaner_fan_hairdryer,109.14,124.94,0.59,0.67,15.8,2650
datased:polyphonic:002650,S-0456,DataSED - DataSED - Dataset for Sound Event Detection of environmental noise/SED_wav/S-0456.wav,polyphonic,Vacuum cleaner fan and hairdryer,vacuum_cleaner_fan_hairdryer,129.45,144.46,0.69,0.77,15.01,2651
datased:polyphonic:002651,S-0456,DataSED - DataSED - Dataset for Sound Event Detection of environmental noise/SED_wav/S-0456.wav,polyphonic,Vacuum cleaner fan and hairdryer,vacuum_cleaner_fan_hairdryer,148.75,163.31,0.8,0.88,14.56,2652
datased:polyphonic:002652,S-0456,DataSED - DataSED - Dataset for Sound Event Detection of environmental noise/SED_wav/S-0456.wav,polyphonic,Vacuum cleaner fan and hairdryer,vacuum_cleaner_fan_hairdryer,168.05,182.49,0.9,0.98,14.44,2653
datased:polyphonic:002653,S-0457,DataSED - DataSED - Dataset for Sound Event Detection of environmental noise/SED_wav/S-0457.wav,polyphonic,Vacuum cleaner fan and hairdryer,vacuum_cleaner_fan_hairdryer,2.37,15.37,0.01,0.1,13.0,2654
datased:polyphonic:002654,S-0457,DataSED - DataSED - Dataset for Sound Event Detection of environmental noise/SED_wav/S-0457.wav,polyphonic,Vacuum cleaner fan and hairdryer,vacuum_cleaner_fan_hairdryer,19.08,44.89,0.12,0.28,25.81,2655
datased:polyphonic:002655,S-0457,DataSED - DataSED - Dataset for Sound Event Detection of environmental noise/SED_wav/S-0457.wav,polyphonic,Vacuum cleaner fan and hairdryer,vacuum_cleaner_fan_hairdryer,48.51,68.84,0.3,0.43,20.33,2656
datased:polyphonic:002656,S-0457,DataSED - DataSED - Dataset for Sound Event Detection of environmental noise/SED_wav/S-0457.wav,polyphonic,Vacuum cleaner fan and hairdryer,vacuum_cleaner_fan_hairdryer,72.65,84.67,0.45,0.52,12.02,2657
datased:polyphonic:002657,S-0457,DataSED - DataSED - Dataset for Sound Event Detection of environmental noise/SED_wav/S-0457.wav,polyphonic,Vacuum cleaner fan and hairdryer,vacuum_cleaner_fan_hairdryer,88.19,105.4,0.55,0.65,17.2,2658
datased:polyphonic:002658,S-0457,DataSED - DataSED - Dataset for Sound Event Detection of environmental noise/SED_wav/S-0457.wav,polyphonic,Vacuum cleaner fan and hairdryer,vacuum_cleaner_fan_hairdryer,109.21,125.14,0.68,0.77,15.93,2659
datased:polyphonic:002659,S-0457,DataSED - DataSED - Dataset for Sound Event Detection of environmental noise/SED_wav/S-0457.wav,polyphonic,Vacuum cleaner fan and hairdryer,vacuum_cleaner_fan_hairdryer,128.66,155.64,0.8,0.96,26.98,2660
datased:polyphonic:002660,S-0458,DataSED - DataSED - Dataset for Sound Event Detection of environmental noise/SED_wav/S-0458.wav,polyphonic,Vacuum cleaner fan and hairdryer,vacuum_cleaner_fan_hairdryer,2.22,19.29,0.01,0.1,17.07,2661
datased:polyphonic:002661,S-0458,DataSED - DataSED - Dataset for Sound Event Detection of environmental noise/SED_wav/S-0458.wav,polyphonic,Vacuum cleaner fan and hairdryer,vacuum_cleaner_fan_hairdryer,22.17,38.56,0.12,0.2,16.38,2662
datased:polyphonic:002662,S-0458,DataSED - DataSED - Dataset for Sound Event Detection of environmental noise/SED_wav/S-0458.wav,polyphonic,Vacuum cleaner fan and hairdryer,vacuum_cleaner_fan_hairdryer,41.67,63.01,0.22,0.33,21.34,2663
datased:polyphonic:002663,S-0458,DataSED - DataSED - Dataset for Sound Event Detection of environmental noise/SED_wav/S-0458.wav,polyphonic,Vacuum cleaner fan and hairdryer,vacuum_cleaner_fan_hairdryer,66.13,86.55,0.35,0.45,20.42,2664
datased:polyphonic:002664,S-0458,DataSED - DataSED - Dataset for Sound Event Detection of environmental noise/SED_wav/S-0458.wav,polyphonic,Vacuum cleaner fan and hairdryer,vacuum_cleaner_fan_hairdryer,90.24,110.08,0.47,0.58,19.84,2665
datased:polyphonic:002665,S-0458,DataSED - DataSED - Dataset for Sound Event Detection of environmental noise/SED_wav/S-0458.wav,polyphonic,Vacuum cleaner fan and hairdryer,vacuum_cleaner_fan_hairdryer,113.43,134.08,0.6,0.7,20.65,2666
datased:polyphonic:002666,S-0458,DataSED - DataSED - Dataset for Sound Event Detection of environmental noise/SED_wav/S-0458.wav,polyphonic,Vacuum cleaner fan and hairdryer,vacuum_cleaner_fan_hairdryer,138.0,158.42,0.72,0.83,20.42,2667
datased:polyphonic:002667,S-0458,DataSED - DataSED - Dataset for Sound Event Detection of environmental noise/SED_wav/S-0458.wav,polyphonic,Vacuum cleaner fan and hairdryer,vacuum_cleaner_fan_hairdryer,162.35,186.69,0.85,0.98,24.34,2668
datased:polyphonic:002668,S-0459,DataSED - DataSED - Dataset for Sound Event Detection of environmental noise/SED_wav/S-0459.wav,polyphonic,Vacuum cleaner fan and hairdryer,vacuum_cleaner_fan_hairdryer,0.19,6.71,0.02,0.64,6.53,2669
datased:polyphonic:002669,S-0460,DataSED - DataSED - Dataset for Sound Event Detection of environmental noise/SED_wav/S-0460.wav,polyphonic,Workshop,workshop,4.97,6.82,0.05,0.06,1.85,2670
datased:polyphonic:002670,S-0460,DataSED - DataSED - Dataset for Sound Event Detection of environmental noise/SED_wav/S-0460.wav,polyphonic,Workshop,workshop,10.26,12.37,0.09,0.11,2.11,2671
datased:polyphonic:002671,S-0460,DataSED - DataSED - Dataset for Sound Event Detection of environmental noise/SED_wav/S-0460.wav,polyphonic,Workshop,workshop,15.87,17.86,0.15,0.16,1.98,2672
datased:polyphonic:002672,S-0460,DataSED - DataSED - Dataset for Sound Event Detection of environmental noise/SED_wav/S-0460.wav,polyphonic,Workshop,workshop,20.43,22.68,0.19,0.21,2.25,2673
datased:polyphonic:002673,S-0460,DataSED - DataSED - Dataset for Sound Event Detection of environmental noise/SED_wav/S-0460.wav,polyphonic,Workshop,workshop,24.99,26.71,0.23,0.24,1.72,2674
datased:polyphonic:002674,S-0460,DataSED - DataSED - Dataset for Sound Event Detection of environmental noise/SED_wav/S-0460.wav,polyphonic,Workshop,workshop,29.29,32.13,0.27,0.29,2.84,2675
datased:polyphonic:002675,S-0460,DataSED - DataSED - Dataset for Sound Event Detection of environmental noise/SED_wav/S-0460.wav,polyphonic,Workshop,workshop,34.77,36.16,0.32,0.33,1.39,2676
datased:polyphonic:002676,S-0460,DataSED - DataSED - Dataset for Sound Event Detection of environmental noise/SED_wav/S-0460.wav,polyphonic,Workshop,workshop,40.85,44.82,0.37,0.41,3.97,2677
datased:polyphonic:002677,S-0460,DataSED - DataSED - Dataset for Sound Event Detection of environmental noise/SED_wav/S-0460.wav,polyphonic,Workshop,workshop,49.11,53.67,0.45,0.49,4.56,2678
datased:polyphonic:002678,S-0460,DataSED - DataSED - Dataset for Sound Event Detection of environmental noise/SED_wav/S-0460.wav,polyphonic,Workshop,workshop,58.3,63.78,0.53,0.58,5.48,2679
datased:polyphonic:002679,S-0460,DataSED - DataSED - Dataset for Sound Event Detection of environmental noise/SED_wav/S-0460.wav,polyphonic,Workshop,workshop,68.28,70.06,0.63,0.64,1.78,2680
datased:polyphonic:002680,S-0460,DataSED - DataSED - Dataset for Sound Event Detection of environmental noise/SED_wav/S-0460.wav,polyphonic,Workshop,workshop,74.62,76.61,0.68,0.7,1.98,2681
datased:polyphonic:002681,S-0460,DataSED - DataSED - Dataset for Sound Event Detection of environmental noise/SED_wav/S-0460.wav,polyphonic,Workshop,workshop,81.1,83.15,0.74,0.76,2.05,2682
datased:polyphonic:002682,S-0460,DataSED - DataSED - Dataset for Sound Event Detection of environmental noise/SED_wav/S-0460.wav,polyphonic,Workshop,workshop,85.86,88.1,0.79,0.81,2.25,2683
datased:polyphonic:002683,S-0460,DataSED - DataSED - Dataset for Sound Event Detection of environmental noise/SED_wav/S-0460.wav,polyphonic,Workshop,workshop,90.55,94.45,0.83,0.87,3.9,2684
datased:polyphonic:002684,S-0460,DataSED - DataSED - Dataset for Sound Event Detection of environmental noise/SED_wav/S-0460.wav,polyphonic,Workshop,workshop,97.16,99.67,0.89,0.91,2.51,2685
datased:polyphonic:002685,S-0460,DataSED - DataSED - Dataset for Sound Event Detection of environmental noise/SED_wav/S-0460.wav,polyphonic,Workshop,workshop,103.04,105.95,0.94,0.97,2.91,2686
datased:polyphonic:002686,S-0461,DataSED - DataSED - Dataset for Sound Event Detection of environmental noise/SED_wav/S-0461.wav,polyphonic,Workshop,workshop,2.59,5.22,0.02,0.05,2.64,2687
datased:polyphonic:002687,S-0461,DataSED - DataSED - Dataset for Sound Event Detection of environmental noise/SED_wav/S-0461.wav,polyphonic,Workshop,workshop,7.28,8.89,0.07,0.08,1.61,2688
datased:polyphonic:002688,S-0461,DataSED - DataSED - Dataset for Sound Event Detection of environmental noise/SED_wav/S-0461.wav,polyphonic,Workshop,workshop,11.85,13.45,0.11,0.13,1.61,2689
datased:polyphonic:002689,S-0461,DataSED - DataSED - Dataset for Sound Event Detection of environmental noise/SED_wav/S-0461.wav,polyphonic,Workshop,workshop,16.15,17.83,0.15,0.17,1.67,2690
datased:polyphonic:002690,S-0461,DataSED - DataSED - Dataset for Sound Event Detection of environmental noise/SED_wav/S-0461.wav,polyphonic,Workshop,workshop,20.72,22.01,0.2,0.21,1.29,2691
datased:polyphonic:002691,S-0461,DataSED - DataSED - Dataset for Sound Event Detection of environmental noise/SED_wav/S-0461.wav,polyphonic,Workshop,workshop,24.64,26.12,0.23,0.25,1.48,2692
datased:polyphonic:002692,S-0461,DataSED - DataSED - Dataset for Sound Event Detection of environmental noise/SED_wav/S-0461.wav,polyphonic,Workshop,workshop,28.7,30.24,0.27,0.28,1.54,2693
datased:polyphonic:002693,S-0461,DataSED - DataSED - Dataset for Sound Event Detection of environmental noise/SED_wav/S-0461.wav,polyphonic,Workshop,workshop,33.65,35.9,0.32,0.34,2.25,2694
datased:polyphonic:002694,S-0461,DataSED - DataSED - Dataset for Sound Event Detection of environmental noise/SED_wav/S-0461.wav,polyphonic,Workshop,workshop,38.08,40.01,0.36,0.38,1.93,2695
datased:polyphonic:002695,S-0461,DataSED - DataSED - Dataset for Sound Event Detection of environmental noise/SED_wav/S-0461.wav,polyphonic,Workshop,workshop,43.42,45.35,0.41,0.43,1.93,2696
datased:polyphonic:002696,S-0461,DataSED - DataSED - Dataset for Sound Event Detection of environmental noise/SED_wav/S-0461.wav,polyphonic,Workshop,workshop,47.8,49.4,0.45,0.46,1.61,2697
datased:polyphonic:002697,S-0461,DataSED - DataSED - Dataset for Sound Event Detection of environmental noise/SED_wav/S-0461.wav,polyphonic,Workshop,workshop,52.04,53.91,0.49,0.51,1.86,2698
datased:polyphonic:002698,S-0461,DataSED - DataSED - Dataset for Sound Event Detection of environmental noise/SED_wav/S-0461.wav,polyphonic,Workshop,workshop,56.35,57.89,0.53,0.54,1.54,2699
datased:polyphonic:002699,S-0461,DataSED - DataSED - Dataset for Sound Event Detection of environmental noise/SED_wav/S-0461.wav,polyphonic,Workshop,workshop,60.53,62.01,0.57,0.58,1.48,2700
datased:polyphonic:002700,S-0461,DataSED - DataSED - Dataset for Sound Event Detection of environmental noise/SED_wav/S-0461.wav,polyphonic,Workshop,workshop,64.26,66.38,0.6,0.62,2.12,2701
datased:polyphonic:002701,S-0461,DataSED - DataSED - Dataset for Sound Event Detection of environmental noise/SED_wav/S-0461.wav,polyphonic,Workshop,workshop,67.8,69.47,0.64,0.65,1.67,2702
datased:polyphonic:002702,S-0461,DataSED - DataSED - Dataset for Sound Event Detection of environmental noise/SED_wav/S-0461.wav,polyphonic,Workshop,workshop,71.91,73.58,0.68,0.69,1.67,2703
datased:polyphonic:002703,S-0461,DataSED - DataSED - Dataset for Sound Event Detection of environmental noise/SED_wav/S-0461.wav,polyphonic,Workshop,workshop,78.09,80.01,0.73,0.75,1.93,2704
datased:polyphonic:002704,S-0461,DataSED - DataSED - Dataset for Sound Event Detection of environmental noise/SED_wav/S-0461.wav,polyphonic,Workshop,workshop,82.52,84.9,0.78,0.8,2.38,2705
datased:polyphonic:002705,S-0461,DataSED - DataSED - Dataset for Sound Event Detection of environmental noise/SED_wav/S-0461.wav,polyphonic,Workshop,workshop,87.41,89.4,0.82,0.84,1.99,2706
datased:polyphonic:002706,S-0461,DataSED - DataSED - Dataset for Sound Event Detection of environmental noise/SED_wav/S-0461.wav,polyphonic,Workshop,workshop,91.85,93.84,0.86,0.88,1.99,2707
datased:polyphonic:002707,S-0461,DataSED - DataSED - Dataset for Sound Event Detection of environmental noise/SED_wav/S-0461.wav,polyphonic,Workshop,workshop,95.96,97.83,0.9,0.92,1.86,2708
datased:polyphonic:002708,S-0461,DataSED - DataSED - Dataset for Sound Event Detection of environmental noise/SED_wav/S-0461.wav,polyphonic,Workshop,workshop,99.95,101.56,0.94,0.96,1.61,2709
datased:polyphonic:002709,S-0462,DataSED - DataSED - Dataset for Sound Event Detection of environmental noise/SED_wav/S-0462.wav,polyphonic,Workshop,workshop,1.76,5.11,0.01,0.04,3.35,2710
datased:polyphonic:002710,S-0462,DataSED - DataSED - Dataset for Sound Event Detection of environmental noise/SED_wav/S-0462.wav,polyphonic,Workshop,workshop,9.26,15.73,0.08,0.13,6.48,2711
datased:polyphonic:002711,S-0462,DataSED - DataSED - Dataset for Sound Event Detection of environmental noise/SED_wav/S-0462.wav,polyphonic,Workshop,workshop,20.46,30.36,0.17,0.25,9.9,2712
datased:polyphonic:002712,S-0462,DataSED - DataSED - Dataset for Sound Event Detection of environmental noise/SED_wav/S-0462.wav,polyphonic,Workshop,workshop,34.8,38.8,0.29,0.32,4.0,2713
datased:polyphonic:002713,S-0462,DataSED - DataSED - Dataset for Sound Event Detection of environmental noise/SED_wav/S-0462.wav,polyphonic,Workshop,workshop,43.16,51.39,0.36,0.43,8.22,2714
datased:polyphonic:002714,S-0462,DataSED - DataSED - Dataset for Sound Event Detection of environmental noise/SED_wav/S-0462.wav,polyphonic,Workshop,workshop,55.68,59.83,0.46,0.5,4.15,2715
datased:polyphonic:002715,S-0462,DataSED - DataSED - Dataset for Sound Event Detection of environmental noise/SED_wav/S-0462.wav,polyphonic,Workshop,workshop,64.26,71.76,0.53,0.6,7.49,2716
datased:polyphonic:002716,S-0462,DataSED - DataSED - Dataset for Sound Event Detection of environmental noise/SED_wav/S-0462.wav,polyphonic,Workshop,workshop,76.05,87.77,0.63,0.73,11.71,2717
datased:polyphonic:002717,S-0462,DataSED - DataSED - Dataset for Sound Event Detection of environmental noise/SED_wav/S-0462.wav,polyphonic,Workshop,workshop,92.28,103.27,0.77,0.86,10.99,2718
datased:polyphonic:002718,S-0462,DataSED - DataSED - Dataset for Sound Event Detection of environmental noise/SED_wav/S-0462.wav,polyphonic,Workshop,workshop,107.41,118.84,0.89,0.99,11.42,2719
datased:polyphonic:002719,S-0463,DataSED - DataSED - Dataset for Sound Event Detection of environmental noise/SED_wav/S-0463.wav,polyphonic,Workshop,workshop,2.85,7.22,0.02,0.06,4.37,2720
datased:polyphonic:002720,S-0463,DataSED - DataSED - Dataset for Sound Event Detection of environmental noise/SED_wav/S-0463.wav,polyphonic,Workshop,workshop,11.37,18.57,0.09,0.15,7.2,2721
datased:polyphonic:002721,S-0463,DataSED - DataSED - Dataset for Sound Event Detection of environmental noise/SED_wav/S-0463.wav,polyphonic,Workshop,workshop,22.57,26.28,0.19,0.22,3.71,2722
datased:polyphonic:002722,S-0463,DataSED - DataSED - Dataset for Sound Event Detection of environmental noise/SED_wav/S-0463.wav,polyphonic,Workshop,workshop,30.5,37.19,0.25,0.31,6.69,2723
datased:polyphonic:002723,S-0463,DataSED - DataSED - Dataset for Sound Event Detection of environmental noise/SED_wav/S-0463.wav,polyphonic,Workshop,workshop,42.58,50.73,0.35,0.42,8.15,2724
datased:polyphonic:002724,S-0463,DataSED - DataSED - Dataset for Sound Event Detection of environmental noise/SED_wav/S-0463.wav,polyphonic,Workshop,workshop,56.11,64.62,0.47,0.54,8.51,2725
datased:polyphonic:002725,S-0463,DataSED - DataSED - Dataset for Sound Event Detection of environmental noise/SED_wav/S-0463.wav,polyphonic,Workshop,workshop,69.14,72.77,0.58,0.61,3.64,2726
datased:polyphonic:002726,S-0463,DataSED - DataSED - Dataset for Sound Event Detection of environmental noise/SED_wav/S-0463.wav,polyphonic,Workshop,workshop,78.3,83.98,0.65,0.7,5.68,2727
datased:polyphonic:002727,S-0463,DataSED - DataSED - Dataset for Sound Event Detection of environmental noise/SED_wav/S-0463.wav,polyphonic,Workshop,workshop,89.36,92.85,0.74,0.77,3.49,2728
datased:polyphonic:002728,S-0463,DataSED - DataSED - Dataset for Sound Event Detection of environmental noise/SED_wav/S-0463.wav,polyphonic,Workshop,workshop,96.2,100.57,0.8,0.84,4.37,2729
datased:polyphonic:002729,S-0463,DataSED - DataSED - Dataset for Sound Event Detection of environmental noise/SED_wav/S-0463.wav,polyphonic,Workshop,workshop,105.95,112.94,0.88,0.94,6.98,2730
datased:polyphonic:002730,S-0464,DataSED - DataSED - Dataset for Sound Event Detection of environmental noise/SED_wav/S-0464.wav,polyphonic,Workshop,workshop,2.83,15.06,0.08,0.45,12.23,2731
datased:polyphonic:002731,S-0464,DataSED - DataSED - Dataset for Sound Event Detection of environmental noise/SED_wav/S-0464.wav,polyphonic,Workshop,workshop,19.9,31.2,0.6,0.94,11.3,2732
datased:polyphonic:002732,S-0465,DataSED - DataSED - Dataset for Sound Event Detection of environmental noise/SED_wav/S-0465.wav,polyphonic,Workshop,workshop,2.13,5.47,0.05,0.12,3.34,2733
datased:polyphonic:002733,S-0465,DataSED - DataSED - Dataset for Sound Event Detection of environmental noise/SED_wav/S-0465.wav,polyphonic,Workshop,workshop,6.61,10.6,0.14,0.23,3.99,2734
datased:polyphonic:002734,S-0465,DataSED - DataSED - Dataset for Sound Event Detection of environmental noise/SED_wav/S-0465.wav,polyphonic,Workshop,workshop,11.28,15.64,0.24,0.33,4.36,2735
datased:polyphonic:002735,S-0465,DataSED - DataSED - Dataset for Sound Event Detection of environmental noise/SED_wav/S-0465.wav,polyphonic,Workshop,workshop,16.49,24.77,0.35,0.53,8.27,2736
datased:polyphonic:002736,S-0465,DataSED - DataSED - Dataset for Sound Event Detection of environmental noise/SED_wav/S-0465.wav,polyphonic,Workshop,workshop,25.59,31.31,0.55,0.67,5.72,2737
datased:polyphonic:002737,S-0465,DataSED - DataSED - Dataset for Sound Event Detection of environmental noise/SED_wav/S-0465.wav,polyphonic,Workshop,workshop,31.85,35.81,0.68,0.77,3.97,2738
datased:polyphonic:002738,S-0465,DataSED - DataSED - Dataset for Sound Event Detection of environmental noise/SED_wav/S-0465.wav,polyphonic,Workshop,workshop,37.15,38.42,0.79,0.82,1.27,2739
datased:polyphonic:002739,S-0465,DataSED - DataSED - Dataset for Sound Event Detection of environmental noise/SED_wav/S-0465.wav,polyphonic,Workshop,workshop,39.04,45.05,0.83,0.96,6.01,2740
datased:polyphonic:002740,S-0466,DataSED - DataSED - Dataset for Sound Event Detection of environmental noise/SED_wav/S-0466.wav,polyphonic,Workshop,workshop,2.87,13.78,0.09,0.43,10.91,2741
datased:polyphonic:002741,S-0466,DataSED - DataSED - Dataset for Sound Event Detection of environmental noise/SED_wav/S-0466.wav,polyphonic,Workshop,workshop,16.54,29.32,0.51,0.91,12.78,2742
datased:polyphonic:002742,S-0467,DataSED - DataSED - Dataset for Sound Event Detection of environmental noise/SED_wav/S-0467.wav,polyphonic,Workshop,workshop,1.93,8.89,0.18,0.82,6.96,2743
datased:polyphonic:002743,S-0468,DataSED - DataSED - Dataset for Sound Event Detection of environmental noise/SED_wav/S-0468.wav,polyphonic,Workshop,workshop,0.46,6.19,0.03,0.38,5.73,2744
datased:polyphonic:002744,S-0468,DataSED - DataSED - Dataset for Sound Event Detection of environmental noise/SED_wav/S-0468.wav,polyphonic,Workshop,workshop,7.12,13.74,0.43,0.83,6.61,2745
datased:polyphonic:002745,S-0469,DataSED - DataSED - Dataset for Sound Event Detection of environmental noise/SED_wav/S-0469.wav,polyphonic,Workshop,workshop,0.1,3.73,0.02,0.62,3.63,2746
datased:polyphonic:002746,S-0470,DataSED - DataSED - Dataset for Sound Event Detection of environmental noise/SED_wav/S-0470.wav,polyphonic,Workshop,workshop,0.28,11.69,0.02,0.74,11.41,2747
datased:polyphonic:002747,S-0471,DataSED - DataSED - Dataset for Sound Event Detection of environmental noise/SED_wav/S-0471.wav,polyphonic,Workshop,workshop,1.86,15.97,0.07,0.63,14.11,2748
datased:polyphonic:002748,S-0471,DataSED - DataSED - Dataset for Sound Event Detection of environmental noise/SED_wav/S-0471.wav,polyphonic,Workshop,workshop,19.25,21.23,0.76,0.84,1.98,2749
datased:polyphonic:002749,S-0472,DataSED - DataSED - Dataset for Sound Event Detection of environmental noise/SED_wav/S-0472.wav,polyphonic,Workshop,workshop,2.58,16.91,0.06,0.41,14.33,2750
datased:polyphonic:002750,S-0472,DataSED - DataSED - Dataset for Sound Event Detection of environmental noise/SED_wav/S-0472.wav,polyphonic,Workshop,workshop,21.98,37.84,0.54,0.93,15.86,2751
datased:polyphonic:002751,S-0473,DataSED - DataSED - Dataset for Sound Event Detection of environmental noise/SED_wav/S-0473.wav,polyphonic,Workshop,workshop,1.89,6.32,0.1,0.34,4.43,2752
datased:polyphonic:002752,S-0473,DataSED - DataSED - Dataset for Sound Event Detection of environmental noise/SED_wav/S-0473.wav,polyphonic,Workshop,workshop,8.11,16.74,0.43,0.89,8.64,2753
datased:polyphonic:002753,S-0474,DataSED - DataSED - Dataset for Sound Event Detection of environmental noise/SED_wav/S-0474.wav,polyphonic,Workshop,workshop,2.62,10.58,0.21,0.84,7.96,2754
datased:polyphonic:002754,S-0475,DataSED - DataSED - Dataset for Sound Event Detection of environmental noise/SED_wav/S-0475.wav,polyphonic,Workshop,workshop,5.33,18.27,0.06,0.2,12.94,2755
datased:polyphonic:002755,S-0475,DataSED - DataSED - Dataset for Sound Event Detection of environmental noise/SED_wav/S-0475.wav,polyphonic,Workshop,workshop,23.03,46.73,0.25,0.5,23.7,2756
datased:polyphonic:002756,S-0475,DataSED - DataSED - Dataset for Sound Event Detection of environmental noise/SED_wav/S-0475.wav,polyphonic,Workshop,workshop,52.39,73.17,0.57,0.79,20.78,2757
datased:polyphonic:002757,S-0475,DataSED - DataSED - Dataset for Sound Event Detection of environmental noise/SED_wav/S-0475.wav,polyphonic,Workshop,workshop,78.1,87.51,0.84,0.95,9.41,2758
datased:polyphonic:002758,S-0476,DataSED - DataSED - Dataset for Sound Event Detection of environmental noise/SED_wav/S-0476.wav,polyphonic,Workshop,workshop,3.91,16.27,0.03,0.12,12.36,2759
datased:polyphonic:002759,S-0476,DataSED - DataSED - Dataset for Sound Event Detection of environmental noise/SED_wav/S-0476.wav,polyphonic,Workshop,workshop,19.74,33.46,0.14,0.24,13.71,2760
datased:polyphonic:002760,S-0476,DataSED - DataSED - Dataset for Sound Event Detection of environmental noise/SED_wav/S-0476.wav,polyphonic,Workshop,workshop,37.18,64.44,0.27,0.46,27.26,2761
datased:polyphonic:002761,S-0476,DataSED - DataSED - Dataset for Sound Event Detection of environmental noise/SED_wav/S-0476.wav,polyphonic,Workshop,workshop,67.57,71.13,0.48,0.51,3.56,2762
datased:polyphonic:002762,S-0476,DataSED - DataSED - Dataset for Sound Event Detection of environmental noise/SED_wav/S-0476.wav,polyphonic,Workshop,workshop,74.52,98.39,0.53,0.7,23.87,2763
datased:polyphonic:002763,S-0476,DataSED - DataSED - Dataset for Sound Event Detection of environmental noise/SED_wav/S-0476.wav,polyphonic,Workshop,workshop,101.61,108.72,0.73,0.78,7.11,2764
datased:polyphonic:002764,S-0476,DataSED - DataSED - Dataset for Sound Event Detection of environmental noise/SED_wav/S-0476.wav,polyphonic,Workshop,workshop,112.02,138.35,0.8,0.99,26.33,2765
datased:polyphonic:002765,S-0477,DataSED - DataSED - Dataset for Sound Event Detection of environmental noise/SED_wav/S-0477.wav,polyphonic,Workshop,workshop,1.87,10.82,0.02,0.1,8.95,2766
datased:polyphonic:002766,S-0477,DataSED - DataSED - Dataset for Sound Event Detection of environmental noise/SED_wav/S-0477.wav,polyphonic,Workshop,workshop,14.14,32.17,0.13,0.3,18.03,2767
datased:polyphonic:002767,S-0477,DataSED - DataSED - Dataset for Sound Event Detection of environmental noise/SED_wav/S-0477.wav,polyphonic,Workshop,workshop,35.43,52.12,0.34,0.49,16.69,2768
datased:polyphonic:002768,S-0477,DataSED - DataSED - Dataset for Sound Event Detection of environmental noise/SED_wav/S-0477.wav,polyphonic,Workshop,workshop,56.28,73.67,0.53,0.7,17.39,2769
datased:polyphonic:002769,S-0477,DataSED - DataSED - Dataset for Sound Event Detection of environmental noise/SED_wav/S-0477.wav,polyphonic,Workshop,workshop,78.08,89.52,0.74,0.85,11.44,2770
datased:polyphonic:002770,S-0477,DataSED - DataSED - Dataset for Sound Event Detection of environmental noise/SED_wav/S-0477.wav,polyphonic,Workshop,workshop,93.8,102.82,0.89,0.97,9.01,2771
datased:polyphonic:002771,S-0478,DataSED - DataSED - Dataset for Sound Event Detection of environmental noise/SED_wav/S-0478.wav,polyphonic,Workshop,workshop,2.01,9.84,0.06,0.31,7.83,2772
datased:polyphonic:002772,S-0478,DataSED - DataSED - Dataset for Sound Event Detection of environmental noise/SED_wav/S-0478.wav,polyphonic,Workshop,workshop,11.62,19.88,0.37,0.64,8.27,2773
datased:polyphonic:002773,S-0478,DataSED - DataSED - Dataset for Sound Event Detection of environmental noise/SED_wav/S-0478.wav,polyphonic,Workshop,workshop,21.72,29.29,0.69,0.94,7.57,2774
datased:polyphonic:002774,S-0479,DataSED - DataSED - Dataset for Sound Event Detection of environmental noise/SED_wav/S-0479.wav,polyphonic,Workshop,workshop,3.4,15.74,0.03,0.16,12.34,2775
datased:polyphonic:002775,S-0479,DataSED - DataSED - Dataset for Sound Event Detection of environmental noise/SED_wav/S-0479.wav,polyphonic,Workshop,workshop,20.21,36.12,0.2,0.36,15.91,2776
datased:polyphonic:002776,S-0479,DataSED - DataSED - Dataset for Sound Event Detection of environmental noise/SED_wav/S-0479.wav,polyphonic,Workshop,workshop,40.53,56.44,0.41,0.56,15.91,2777
datased:polyphonic:002777,S-0479,DataSED - DataSED - Dataset for Sound Event Detection of environmental noise/SED_wav/S-0479.wav,polyphonic,Workshop,workshop,61.16,74.94,0.61,0.75,13.79,2778
datased:polyphonic:002778,S-0479,DataSED - DataSED - Dataset for Sound Event Detection of environmental noise/SED_wav/S-0479.wav,polyphonic,Workshop,workshop,79.78,96.6,0.8,0.97,16.81,2779
datased:polyphonic:002779,S-0480,DataSED - DataSED - Dataset for Sound Event Detection of environmental noise/SED_wav/S-0480.wav,polyphonic,Workshop,workshop,5.11,22.92,0.04,0.19,17.82,2780
datased:polyphonic:002780,S-0480,DataSED - DataSED - Dataset for Sound Event Detection of environmental noise/SED_wav/S-0480.wav,polyphonic,Workshop,workshop,24.64,47.25,0.2,0.38,22.61,2781
datased:polyphonic:002781,S-0480,DataSED - DataSED - Dataset for Sound Event Detection of environmental noise/SED_wav/S-0480.wav,polyphonic,Workshop,workshop,52.19,80.41,0.42,0.65,28.22,2782
datased:polyphonic:002782,S-0480,DataSED - DataSED - Dataset for Sound Event Detection of environmental noise/SED_wav/S-0480.wav,polyphonic,Workshop,workshop,84.83,118.36,0.69,0.96,33.54,2783
datased:polyphonic:002783,S-0481,DataSED - DataSED - Dataset for Sound Event Detection of environmental noise/SED_wav/S-0481.wav,polyphonic,Workshop,workshop,3.03,15.27,0.06,0.29,12.24,2784
datased:polyphonic:002784,S-0481,DataSED - DataSED - Dataset for Sound Event Detection of environmental noise/SED_wav/S-0481.wav,polyphonic,Workshop,workshop,19.05,33.25,0.37,0.64,14.2,2785
datased:polyphonic:002785,S-0481,DataSED - DataSED - Dataset for Sound Event Detection of environmental noise/SED_wav/S-0481.wav,polyphonic,Workshop,workshop,36.9,48.95,0.71,0.94,12.06,2786
datased:polyphonic:002786,S-0482,DataSED - DataSED - Dataset for Sound Event Detection of environmental noise/SED_wav/S-0482.wav,polyphonic,Workshop,workshop,1.92,19.75,0.02,0.26,17.83,2787
datased:polyphonic:002787,S-0482,DataSED - DataSED - Dataset for Sound Event Detection of environmental noise/SED_wav/S-0482.wav,polyphonic,Workshop,workshop,24.55,37.99,0.32,0.49,13.44,2788
datased:polyphonic:002788,S-0482,DataSED - DataSED - Dataset for Sound Event Detection of environmental noise/SED_wav/S-0482.wav,polyphonic,Workshop,workshop,42.57,49.8,0.55,0.65,7.23,2789
datased:polyphonic:002789,S-0482,DataSED - DataSED - Dataset for Sound Event Detection of environmental noise/SED_wav/S-0482.wav,polyphonic,Workshop,workshop,52.64,74.62,0.68,0.97,21.98,2790
datased:polyphonic:002790,S-0483,DataSED - DataSED - Dataset for Sound Event Detection of environmental noise/SED_wav/S-0483.wav,polyphonic,Workshop,workshop,2.94,13.86,0.04,0.17,10.92,2791
datased:polyphonic:002791,S-0483,DataSED - DataSED - Dataset for Sound Event Detection of environmental noise/SED_wav/S-0483.wav,polyphonic,Workshop,workshop,18.48,25.84,0.23,0.33,7.36,2792
datased:polyphonic:002792,S-0483,DataSED - DataSED - Dataset for Sound Event Detection of environmental noise/SED_wav/S-0483.wav,polyphonic,Workshop,workshop,28.49,44.27,0.36,0.56,15.78,2793
datased:polyphonic:002793,S-0483,DataSED - DataSED - Dataset for Sound Event Detection of environmental noise/SED_wav/S-0483.wav,polyphonic,Workshop,workshop,47.11,59.37,0.59,0.75,12.27,2794
datased:polyphonic:002794,S-0483,DataSED - DataSED - Dataset for Sound Event Detection of environmental noise/SED_wav/S-0483.wav,polyphonic,Workshop,workshop,61.97,76.6,0.78,0.96,14.62,2795
datased:polyphonic:002795,S-0484,DataSED - DataSED - Dataset for Sound Event Detection of environmental noise/SED_wav/S-0484.wav,polyphonic,Workshop,workshop,1.92,9.4,0.06,0.3,7.48,2796
datased:polyphonic:002796,S-0484,DataSED - DataSED - Dataset for Sound Event Detection of environmental noise/SED_wav/S-0484.wav,polyphonic,Workshop,workshop,11.57,19.34,0.37,0.62,7.77,2797
datased:polyphonic:002797,S-0484,DataSED - DataSED - Dataset for Sound Event Detection of environmental noise/SED_wav/S-0484.wav,polyphonic,Workshop,workshop,21.58,29.52,0.69,0.94,7.94,2798
datased:polyphonic:002798,S-0485,DataSED - DataSED - Dataset for Sound Event Detection of environmental noise/SED_wav/S-0485.wav,polyphonic,Workshop,workshop,2.09,17.86,0.02,0.19,15.76,2799
datased:polyphonic:002799,S-0485,DataSED - DataSED - Dataset for Sound Event Detection of environmental noise/SED_wav/S-0485.wav,polyphonic,Workshop,workshop,20.56,36.27,0.22,0.39,15.71,2800
datased:polyphonic:002800,S-0485,DataSED - DataSED - Dataset for Sound Event Detection of environmental noise/SED_wav/S-0485.wav,polyphonic,Workshop,workshop,38.97,56.48,0.42,0.61,17.51,2801
datased:polyphonic:002801,S-0485,DataSED - DataSED - Dataset for Sound Event Detection of environmental noise/SED_wav/S-0485.wav,polyphonic,Workshop,workshop,59.13,74.78,0.64,0.8,15.65,2802
datased:polyphonic:002802,S-0485,DataSED - DataSED - Dataset for Sound Event Detection of environmental noise/SED_wav/S-0485.wav,polyphonic,Workshop,workshop,78.55,88.63,0.84,0.95,10.08,2803
datased:polyphonic:002803,S-0486,DataSED - DataSED - Dataset for Sound Event Detection of environmental noise/SED_wav/S-0486.wav,polyphonic,Workshop,workshop,3.1,34.52,0.02,0.24,31.42,2804
datased:polyphonic:002804,S-0486,DataSED - DataSED - Dataset for Sound Event Detection of environmental noise/SED_wav/S-0486.wav,polyphonic,Workshop,workshop,36.74,42.48,0.26,0.3,5.74,2805
datased:polyphonic:002805,S-0486,DataSED - DataSED - Dataset for Sound Event Detection of environmental noise/SED_wav/S-0486.wav,polyphonic,Workshop,workshop,46.76,96.59,0.33,0.68,49.83,2806
datased:polyphonic:002806,S-0486,DataSED - DataSED - Dataset for Sound Event Detection of environmental noise/SED_wav/S-0486.wav,polyphonic,Workshop,workshop,101.55,116.19,0.72,0.82,14.64,2807
datased:polyphonic:002807,S-0486,DataSED - DataSED - Dataset for Sound Event Detection of environmental noise/SED_wav/S-0486.wav,polyphonic,Workshop,workshop,120.82,138.37,0.85,0.98,17.55,2808
datased:polyphonic:002808,S-0487,DataSED - DataSED - Dataset for Sound Event Detection of environmental noise/SED_wav/S-0487.wav,polyphonic,Workshop,workshop,0.21,3.47,0.0,0.07,3.26,2809
datased:polyphonic:002809,S-0487,DataSED - DataSED - Dataset for Sound Event Detection of environmental noise/SED_wav/S-0487.wav,polyphonic,Workshop,workshop,5.64,13.79,0.12,0.28,8.15,2810
datased:polyphonic:002810,S-0487,DataSED - DataSED - Dataset for Sound Event Detection of environmental noise/SED_wav/S-0487.wav,polyphonic,Workshop,workshop,16.25,24.49,0.33,0.5,8.24,2811
datased:polyphonic:002811,S-0487,DataSED - DataSED - Dataset for Sound Event Detection of environmental noise/SED_wav/S-0487.wav,polyphonic,Workshop,workshop,27.43,31.85,0.56,0.65,4.42,2812
datased:polyphonic:002812,S-0487,DataSED - DataSED - Dataset for Sound Event Detection of environmental noise/SED_wav/S-0487.wav,polyphonic,Workshop,workshop,33.63,39.38,0.69,0.8,5.75,2813
datased:polyphonic:002813,S-0487,DataSED - DataSED - Dataset for Sound Event Detection of environmental noise/SED_wav/S-0487.wav,polyphonic,Workshop,workshop,41.45,47.17,0.85,0.96,5.72,2814
datased:polyphonic:002814,S-0488,DataSED - DataSED - Dataset for Sound Event Detection of environmental noise/SED_wav/S-0488.wav,polyphonic,Jet aircrafts,jet_aircrafts,1.29,48.3,0.03,0.98,47.01,2815
datased:polyphonic:002815,S-0489,DataSED - DataSED - Dataset for Sound Event Detection of environmental noise/SED_wav/S-0489.wav,polyphonic,Jet aircrafts,jet_aircrafts,1.01,40.85,0.02,0.98,39.84,2816
datased:polyphonic:002816,S-0490,DataSED - DataSED - Dataset for Sound Event Detection of environmental noise/SED_wav/S-0490.wav,polyphonic,Bells,bells,1.37,116.49,0.01,0.99,115.12,2817
datased:polyphonic:002817,S-0491,DataSED - DataSED - Dataset for Sound Event Detection of environmental noise/SED_wav/S-0491.wav,polyphonic,Bells,bells,0.68,3.73,0.05,0.25,3.05,2818
datased:polyphonic:002818,S-0491,DataSED - DataSED - Dataset for Sound Event Detection of environmental noise/SED_wav/S-0491.wav,polyphonic,Bells,bells,6.51,12.87,0.44,0.87,6.36,2819
datased:polyphonic:002819,S-0492,DataSED - DataSED - Dataset for Sound Event Detection of environmental noise/SED_wav/S-0492.wav,polyphonic,Bells,bells,0.96,3.96,0.02,0.1,3.0,2820
datased:polyphonic:002820,S-0492,DataSED - DataSED - Dataset for Sound Event Detection of environmental noise/SED_wav/S-0492.wav,polyphonic,Bells,bells,5.71,7.94,0.14,0.2,2.23,2821
datased:polyphonic:002821,S-0492,DataSED - DataSED - Dataset for Sound Event Detection of environmental noise/SED_wav/S-0492.wav,polyphonic,Bells,bells,10.6,13.09,0.27,0.33,2.49,2822
datased:polyphonic:002822,S-0492,DataSED - DataSED - Dataset for Sound Event Detection of environmental noise/SED_wav/S-0492.wav,polyphonic,Bells,bells,16.04,18.58,0.41,0.47,2.54,2823
datased:polyphonic:002823,S-0492,DataSED - DataSED - Dataset for Sound Event Detection of environmental noise/SED_wav/S-0492.wav,polyphonic,Bells,bells,20.69,22.58,0.52,0.57,1.89,2824
datased:polyphonic:002824,S-0492,DataSED - DataSED - Dataset for Sound Event Detection of environmental noise/SED_wav/S-0492.wav,polyphonic,Bells,bells,25.27,27.64,0.64,0.7,2.37,2825
datased:polyphonic:002825,S-0492,DataSED - DataSED - Dataset for Sound Event Detection of environmental noise/SED_wav/S-0492.wav,polyphonic,Bells,bells,30.35,32.48,0.77,0.82,2.13,2826
datased:polyphonic:002826,S-0492,DataSED - DataSED - Dataset for Sound Event Detection of environmental noise/SED_wav/S-0492.wav,polyphonic,Bells,bells,35.69,37.92,0.9,0.96,2.23,2827
datased:polyphonic:002827,S-0493,DataSED - DataSED - Dataset for Sound Event Detection of environmental noise/SED_wav/S-0493.wav,polyphonic,Bells,bells,0.92,7.6,0.01,0.12,6.68,2828
datased:polyphonic:002828,S-0493,DataSED - DataSED - Dataset for Sound Event Detection of environmental noise/SED_wav/S-0493.wav,polyphonic,Workshop,workshop,6.76,12.62,0.11,0.2,5.86,2829
datased:polyphonic:002829,S-0493,DataSED - DataSED - Dataset for Sound Event Detection of environmental noise/SED_wav/S-0493.wav,polyphonic,Bells,bells,12.69,19.76,0.2,0.31,7.07,2830
datased:polyphonic:002830,S-0493,DataSED - DataSED - Dataset for Sound Event Detection of environmental noise/SED_wav/S-0493.wav,polyphonic,Workshop,workshop,19.08,24.24,0.3,0.39,5.16,2831
datased:polyphonic:002831,S-0493,DataSED - DataSED - Dataset for Sound Event Detection of environmental noise/SED_wav/S-0493.wav,polyphonic,Bells,bells,24.43,32.37,0.39,0.52,7.94,2832
datased:polyphonic:002832,S-0493,DataSED - DataSED - Dataset for Sound Event Detection of environmental noise/SED_wav/S-0493.wav,polyphonic,Workshop,workshop,30.62,36.09,0.49,0.58,5.47,2833
datased:polyphonic:002833,S-0493,DataSED - DataSED - Dataset for Sound Event Detection of environmental noise/SED_wav/S-0493.wav,polyphonic,Bells,bells,36.17,54.21,0.58,0.86,18.04,2834
datased:polyphonic:002834,S-0493,DataSED - DataSED - Dataset for Sound Event Detection of environmental noise/SED_wav/S-0493.wav,polyphonic,Workshop,workshop,52.5,56.23,0.84,0.9,3.72,2835
datased:polyphonic:002835,S-0493,DataSED - DataSED - Dataset for Sound Event Detection of environmental noise/SED_wav/S-0493.wav,polyphonic,Vehicle pass-by,vehicle_pass_by,56.07,58.5,0.89,0.93,2.43,2836
datased:polyphonic:002836,S-0494,DataSED - DataSED - Dataset for Sound Event Detection of environmental noise/SED_wav/S-0494.wav,polyphonic,Bells,bells,0.59,24.95,0.02,0.82,24.36,2837
datased:polyphonic:002837,S-0495,DataSED - DataSED - Dataset for Sound Event Detection of environmental noise/SED_wav/S-0495.wav,polyphonic,Vehicle pass-by,vehicle_pass_by,2.23,22.27,0.02,0.24,20.04,2838
datased:polyphonic:002838,S-0495,DataSED - DataSED - Dataset for Sound Event Detection of environmental noise/SED_wav/S-0495.wav,polyphonic,Sirens and alarms,sirens_and_alarms,37.03,50.9,0.4,0.56,13.87,2839
datased:polyphonic:002839,S-0495,DataSED - DataSED - Dataset for Sound Event Detection of environmental noise/SED_wav/S-0495.wav,polyphonic,Jet aircrafts,jet_aircrafts,50.68,87.53,0.55,0.95,36.85,2840
datased:polyphonic:002840,S-0496,DataSED - DataSED - Dataset for Sound Event Detection of environmental noise/SED_wav/S-0496.wav,polyphonic,Crows seagulls and magpies,crows_seagulls_magpies,0.97,6.06,0.01,0.06,5.09,2841
datased:polyphonic:002841,S-0496,DataSED - DataSED - Dataset for Sound Event Detection of environmental noise/SED_wav/S-0496.wav,polyphonic,Crows seagulls and magpies,crows_seagulls_magpies,8.78,16.3,0.09,0.17,7.52,2842
datased:polyphonic:002842,S-0496,DataSED - DataSED - Dataset for Sound Event Detection of environmental noise/SED_wav/S-0496.wav,polyphonic,Crows seagulls and magpies,crows_seagulls_magpies,18.96,26.37,0.2,0.28,7.41,2843
datased:polyphonic:002843,S-0496,DataSED - DataSED - Dataset for Sound Event Detection of environmental noise/SED_wav/S-0496.wav,polyphonic,Crows seagulls and magpies,crows_seagulls_magpies,28.74,33.33,0.31,0.36,4.58,2844
datased:polyphonic:002844,S-0496,DataSED - DataSED - Dataset for Sound Event Detection of environmental noise/SED_wav/S-0496.wav,polyphonic,Crows seagulls and magpies,crows_seagulls_magpies,33.78,39.04,0.36,0.42,5.26,2845
datased:polyphonic:002845,S-0496,DataSED - DataSED - Dataset for Sound Event Detection of environmental noise/SED_wav/S-0496.wav,polyphonic,Crows seagulls and magpies,crows_seagulls_magpies,41.36,48.82,0.44,0.52,7.47,2846
datased:polyphonic:002846,S-0496,DataSED - DataSED - Dataset for Sound Event Detection of environmental noise/SED_wav/S-0496.wav,polyphonic,Crows seagulls and magpies,crows_seagulls_magpies,50.92,58.27,0.54,0.62,7.35,2847
datased:polyphonic:002847,S-0496,DataSED - DataSED - Dataset for Sound Event Detection of environmental noise/SED_wav/S-0496.wav,polyphonic,Crows seagulls and magpies,crows_seagulls_magpies,60.36,65.17,0.65,0.7,4.81,2848
datased:polyphonic:002848,S-0496,DataSED - DataSED - Dataset for Sound Event Detection of environmental noise/SED_wav/S-0496.wav,polyphonic,Crows seagulls and magpies,crows_seagulls_magpies,68.51,81.23,0.73,0.87,12.73,2849
datased:polyphonic:002849,S-0496,DataSED - DataSED - Dataset for Sound Event Detection of environmental noise/SED_wav/S-0496.wav,polyphonic,Crows seagulls and magpies,crows_seagulls_magpies,83.72,89.15,0.9,0.95,5.43,2850
datased:polyphonic:002850,S-0497,DataSED - DataSED - Dataset for Sound Event Detection of environmental noise/SED_wav/S-0497.wav,polyphonic,Jet aircrafts,jet_aircrafts,0.0,19.49,0.0,0.24,19.49,2851
datased:polyphonic:002851,S-0497,DataSED - DataSED - Dataset for Sound Event Detection of environmental noise/SED_wav/S-0497.wav,polyphonic,Birds,birds,5.38,10.65,0.07,0.13,5.27,2852
datased:polyphonic:002852,S-0497,DataSED - DataSED - Dataset for Sound Event Detection of environmental noise/SED_wav/S-0497.wav,polyphonic,Crows seagulls and magpies,crows_seagulls_magpies,13.82,33.48,0.17,0.42,19.65,2853
datased:polyphonic:002853,S-0497,DataSED - DataSED - Dataset for Sound Event Detection of environmental noise/SED_wav/S-0497.wav,polyphonic,Crows seagulls and magpies,crows_seagulls_magpies,39.75,44.1,0.49,0.55,4.35,2854
datased:polyphonic:002854,S-0497,DataSED - DataSED - Dataset for Sound Event Detection of environmental noise/SED_wav/S-0497.wav,polyphonic,Crows seagulls and magpies,crows_seagulls_magpies,47.75,54.74,0.59,0.68,6.99,2855
datased:polyphonic:002855,S-0497,DataSED - DataSED - Dataset for Sound Event Detection of environmental noise/SED_wav/S-0497.wav,polyphonic,Crows seagulls and magpies,crows_seagulls_magpies,60.55,65.06,0.75,0.81,4.51,2856
datased:polyphonic:002856,S-0497,DataSED - DataSED - Dataset for Sound Event Detection of environmental noise/SED_wav/S-0497.wav,polyphonic,Crows seagulls and magpies,crows_seagulls_magpies,67.05,68.02,0.83,0.84,0.98,2857
datased:polyphonic:002857,S-0497,DataSED - DataSED - Dataset for Sound Event Detection of environmental noise/SED_wav/S-0497.wav,polyphonic,Crows seagulls and magpies,crows_seagulls_magpies,69.0,71.69,0.86,0.89,2.69,2858
datased:polyphonic:002858,S-0497,DataSED - DataSED - Dataset for Sound Event Detection of environmental noise/SED_wav/S-0497.wav,polyphonic,Crows seagulls and magpies,crows_seagulls_magpies,73.47,80.67,0.91,1.0,7.2,2859
datased:polyphonic:002859,S-0498,DataSED - DataSED - Dataset for Sound Event Detection of environmental noise/SED_wav/S-0498.wav,polyphonic,Jet aircrafts,jet_aircrafts,1.31,27.64,0.05,0.96,26.32,2860
datased:polyphonic:002860,S-0499,DataSED - DataSED - Dataset for Sound Event Detection of environmental noise/SED_wav/S-0499.wav,polyphonic,Jet aircrafts,jet_aircrafts,11.19,45.0,0.1,0.41,33.81,2861
datased:polyphonic:002861,S-0499,DataSED - DataSED - Dataset for Sound Event Detection of environmental noise/SED_wav/S-0499.wav,polyphonic,Vehicle pass-by,vehicle_pass_by,60.02,70.67,0.55,0.65,10.65,2862
datased:polyphonic:002862,S-0499,DataSED - DataSED - Dataset for Sound Event Detection of environmental noise/SED_wav/S-0499.wav,polyphonic,Vehicle pass-by,vehicle_pass_by,74.57,84.83,0.68,0.78,10.25,2863
datased:polyphonic:002863,S-0499,DataSED - DataSED - Dataset for Sound Event Detection of environmental noise/SED_wav/S-0499.wav,polyphonic,Crows seagulls and magpies,crows_seagulls_magpies,84.56,87.54,0.77,0.8,2.98,2864
datased:polyphonic:002864,S-0500,DataSED - DataSED - Dataset for Sound Event Detection of environmental noise/SED_wav/S-0500.wav,polyphonic,Jet aircrafts,jet_aircrafts,5.43,82.65,0.05,0.82,77.23,2865
datased:polyphonic:002865,S-0501,DataSED - DataSED - Dataset for Sound Event Detection of environmental noise/SED_wav/S-0501.wav,polyphonic,Sirens and alarms,sirens_and_alarms,0.23,11.21,0.01,0.61,10.99,2866
datased:polyphonic:002866,S-0501,DataSED - DataSED - Dataset for Sound Event Detection of environmental noise/SED_wav/S-0501.wav,polyphonic,Dog barkings and howlings,dog_barkings_and_howlings,1.02,1.68,0.06,0.09,0.66,2867
datased:polyphonic:002867,S-0501,DataSED - DataSED - Dataset for Sound Event Detection of environmental noise/SED_wav/S-0501.wav,polyphonic,Dog barkings and howlings,dog_barkings_and_howlings,3.36,4.77,0.18,0.26,1.41,2868
datased:polyphonic:002868,S-0501,DataSED - DataSED - Dataset for Sound Event Detection of environmental noise/SED_wav/S-0501.wav,polyphonic,Dog barkings and howlings,dog_barkings_and_howlings,8.42,9.29,0.46,0.5,0.87,2869
datased:polyphonic:002869,S-0501,DataSED - DataSED - Dataset for Sound Event Detection of environmental noise/SED_wav/S-0501.wav,polyphonic,Dog barkings and howlings,dog_barkings_and_howlings,12.76,13.5,0.69,0.73,0.74,2870
datased:polyphonic:002870,S-0501,DataSED - DataSED - Dataset for Sound Event Detection of environmental noise/SED_wav/S-0501.wav,polyphonic,Vehicle pass-by,vehicle_pass_by,13.48,18.49,0.73,1.0,5.01,2871
datased:polyphonic:002871,S-0502,DataSED - DataSED - Dataset for Sound Event Detection of environmental noise/SED_wav/S-0502.wav,polyphonic,Bells,bells,0.96,22.17,0.01,0.17,21.21,2872
datased:polyphonic:002872,S-0502,DataSED - DataSED - Dataset for Sound Event Detection of environmental noise/SED_wav/S-0502.wav,polyphonic,Vehicle pass-by,vehicle_pass_by,15.57,21.93,0.12,0.17,6.36,2873
datased:polyphonic:002873,S-0502,DataSED - DataSED - Dataset for Sound Event Detection of environmental noise/SED_wav/S-0502.wav,polyphonic,Vehicle pass-by,vehicle_pass_by,22.72,36.46,0.18,0.28,13.75,2874
datased:polyphonic:002874,S-0502,DataSED - DataSED - Dataset for Sound Event Detection of environmental noise/SED_wav/S-0502.wav,polyphonic,Bells,bells,37.25,48.87,0.29,0.38,11.63,2875
datased:polyphonic:002875,S-0502,DataSED - DataSED - Dataset for Sound Event Detection of environmental noise/SED_wav/S-0502.wav,polyphonic,Vehicle pass-by,vehicle_pass_by,49.11,63.48,0.38,0.49,14.37,2876
datased:polyphonic:002876,S-0502,DataSED - DataSED - Dataset for Sound Event Detection of environmental noise/SED_wav/S-0502.wav,polyphonic,Bells,bells,63.88,102.13,0.49,0.79,38.25,2877
datased:polyphonic:002877,S-0502,DataSED - DataSED - Dataset for Sound Event Detection of environmental noise/SED_wav/S-0502.wav,polyphonic,Vehicle pass-by,vehicle_pass_by,105.9,122.79,0.82,0.95,16.89,2878
datased:polyphonic:002878,S-0503,DataSED - DataSED - Dataset for Sound Event Detection of environmental noise/SED_wav/S-0503.wav,polyphonic,Bells,bells,0.32,34.32,0.0,0.27,34.01,2879
datased:polyphonic:002879,S-0503,DataSED - DataSED - Dataset for Sound Event Detection of environmental noise/SED_wav/S-0503.wav,polyphonic,Music,music,34.17,36.06,0.27,0.29,1.89,2880
datased:polyphonic:002880,S-0503,DataSED - DataSED - Dataset for Sound Event Detection of environmental noise/SED_wav/S-0503.wav,polyphonic,Voices,voices,39.16,41.43,0.31,0.33,2.27,2881
datased:polyphonic:002881,S-0503,DataSED - DataSED - Dataset for Sound Event Detection of environmental noise/SED_wav/S-0503.wav,polyphonic,Bells,bells,43.47,72.41,0.35,0.58,28.94,2882
datased:polyphonic:002882,S-0503,DataSED - DataSED - Dataset for Sound Event Detection of environmental noise/SED_wav/S-0503.wav,polyphonic,Vehicle pass-by,vehicle_pass_by,74.07,81.85,0.59,0.66,7.78,2883
datased:polyphonic:002883,S-0503,DataSED - DataSED - Dataset for Sound Event Detection of environmental noise/SED_wav/S-0503.wav,polyphonic,Voices,voices,77.85,81.85,0.62,0.66,4.01,2884
datased:polyphonic:002884,S-0503,DataSED - DataSED - Dataset for Sound Event Detection of environmental noise/SED_wav/S-0503.wav,polyphonic,Bells,bells,82.61,114.73,0.66,0.92,32.12,2885
datased:polyphonic:002885,S-0503,DataSED - DataSED - Dataset for Sound Event Detection of environmental noise/SED_wav/S-0503.wav,polyphonic,Vehicle pass-by,vehicle_pass_by,114.73,118.2,0.92,0.95,3.48,2886
datased:polyphonic:002886,S-0504,DataSED - DataSED - Dataset for Sound Event Detection of environmental noise/SED_wav/S-0504.wav,polyphonic,Bells,bells,0.78,8.83,0.01,0.06,8.05,2887
datased:polyphonic:002887,S-0504,DataSED - DataSED - Dataset for Sound Event Detection of environmental noise/SED_wav/S-0504.wav,polyphonic,Voices,voices,9.26,17.65,0.07,0.13,8.39,2888
datased:polyphonic:002888,S-0504,DataSED - DataSED - Dataset for Sound Event Detection of environmental noise/SED_wav/S-0504.wav,polyphonic,Vehicle pass-by,vehicle_pass_by,10.27,16.63,0.07,0.12,6.36,2889
datased:polyphonic:002889,S-0504,DataSED - DataSED - Dataset for Sound Event Detection of environmental noise/SED_wav/S-0504.wav,polyphonic,Bells,bells,17.31,33.93,0.12,0.24,16.62,2890
datased:polyphonic:002890,S-0504,DataSED - DataSED - Dataset for Sound Event Detection of environmental noise/SED_wav/S-0504.wav,polyphonic,Voices,voices,34.26,43.17,0.24,0.31,8.9,2891
datased:polyphonic:002891,S-0504,DataSED - DataSED - Dataset for Sound Event Detection of environmental noise/SED_wav/S-0504.wav,polyphonic,Horn,horn,39.01,42.49,0.28,0.3,3.48,2892
datased:polyphonic:002892,S-0504,DataSED - DataSED - Dataset for Sound Event Detection of environmental noise/SED_wav/S-0504.wav,polyphonic,Bells,bells,43.42,81.91,0.31,0.58,38.49,2893
datased:polyphonic:002893,S-0504,DataSED - DataSED - Dataset for Sound Event Detection of environmental noise/SED_wav/S-0504.wav,polyphonic,Voices,voices,79.11,87.5,0.56,0.62,8.39,2894
datased:polyphonic:002894,S-0504,DataSED - DataSED - Dataset for Sound Event Detection of environmental noise/SED_wav/S-0504.wav,polyphonic,Bells,bells,88.52,129.21,0.63,0.92,40.69,2895
datased:polyphonic:002895,S-0504,DataSED - DataSED - Dataset for Sound Event Detection of environmental noise/SED_wav/S-0504.wav,polyphonic,Music,music,129.21,131.8,0.92,0.94,2.6,2896
datased:polyphonic:002896,S-0504,DataSED - DataSED - Dataset for Sound Event Detection of environmental noise/SED_wav/S-0504.wav,polyphonic,Vehicle idling,vehicle_idling,133.36,137.26,0.95,0.98,3.9,2897
datased:polyphonic:002897,S-0505,DataSED - DataSED - Dataset for Sound Event Detection of environmental noise/SED_wav/S-0505.wav,polyphonic,Cat fight and moans,cat_fights_and_moans,0.85,2.41,0.01,0.02,1.56,2898
datased:polyphonic:002898,S-0505,DataSED - DataSED - Dataset for Sound Event Detection of environmental noise/SED_wav/S-0505.wav,polyphonic,Cat fight and moans,cat_fights_and_moans,3.52,5.45,0.02,0.04,1.93,2899
datased:polyphonic:002899,S-0505,DataSED - DataSED - Dataset for Sound Event Detection of environmental noise/SED_wav/S-0505.wav,polyphonic,Cat fight and moans,cat_fights_and_moans,8.21,9.96,0.05,0.07,1.75,2900
datased:polyphonic:002900,S-0505,DataSED - DataSED - Dataset for Sound Event Detection of environmental noise/SED_wav/S-0505.wav,polyphonic,Cat fight and moans,cat_fights_and_moans,11.71,15.3,0.08,0.1,3.59,2901
datased:polyphonic:002901,S-0505,DataSED - DataSED - Dataset for Sound Event Detection of environmental noise/SED_wav/S-0505.wav,polyphonic,Cat fight and moans,cat_fights_and_moans,19.71,21.28,0.13,0.14,1.56,2902
datased:polyphonic:002902,S-0505,DataSED - DataSED - Dataset for Sound Event Detection of environmental noise/SED_wav/S-0505.wav,polyphonic,Cat fight and moans,cat_fights_and_moans,23.67,25.51,0.16,0.17,1.84,2903
datased:polyphonic:002903,S-0505,DataSED - DataSED - Dataset for Sound Event Detection of environmental noise/SED_wav/S-0505.wav,polyphonic,Cat fight and moans,cat_fights_and_moans,28.64,30.11,0.19,0.2,1.47,2904
datased:polyphonic:002904,S-0505,DataSED - DataSED - Dataset for Sound Event Detection of environmental noise/SED_wav/S-0505.wav,polyphonic,Cat fight and moans,cat_fights_and_moans,31.31,33.06,0.21,0.22,1.75,2905
datased:polyphonic:002905,S-0505,DataSED - DataSED - Dataset for Sound Event Detection of environmental noise/SED_wav/S-0505.wav,polyphonic,Cat fight and moans,cat_fights_and_moans,36.28,38.12,0.24,0.25,1.84,2906
datased:polyphonic:002906,S-0505,DataSED - DataSED - Dataset for Sound Event Detection of environmental noise/SED_wav/S-0505.wav,polyphonic,Cat fight and moans,cat_fights_and_moans,39.96,41.8,0.26,0.27,1.84,2907
datased:polyphonic:002907,S-0505,DataSED - DataSED - Dataset for Sound Event Detection of environmental noise/SED_wav/S-0505.wav,polyphonic,Cat fight and moans,cat_fights_and_moans,45.48,47.42,0.3,0.31,1.93,2908
datased:polyphonic:002908,S-0505,DataSED - DataSED - Dataset for Sound Event Detection of environmental noise/SED_wav/S-0505.wav,polyphonic,Cat fight and moans,cat_fights_and_moans,51.56,53.49,0.34,0.35,1.93,2909
datased:polyphonic:002909,S-0505,DataSED - DataSED - Dataset for Sound Event Detection of environmental noise/SED_wav/S-0505.wav,polyphonic,Cat fight and moans,cat_fights_and_moans,54.78,56.44,0.36,0.37,1.66,2910
datased:polyphonic:002910,S-0505,DataSED - DataSED - Dataset for Sound Event Detection of environmental noise/SED_wav/S-0505.wav,polyphonic,Cat fight and moans,cat_fights_and_moans,58.46,60.12,0.38,0.4,1.66,2911
datased:polyphonic:002911,S-0505,DataSED - DataSED - Dataset for Sound Event Detection of environmental noise/SED_wav/S-0505.wav,polyphonic,Cat fight and moans,cat_fights_and_moans,64.44,65.91,0.42,0.43,1.47,2912
datased:polyphonic:002912,S-0505,DataSED - DataSED - Dataset for Sound Event Detection of environmental noise/SED_wav/S-0505.wav,polyphonic,Cat fight and moans,cat_fights_and_moans,67.85,69.78,0.45,0.46,1.93,2913
datased:polyphonic:002913,S-0505,DataSED - DataSED - Dataset for Sound Event Detection of environmental noise/SED_wav/S-0505.wav,polyphonic,Cat fight and moans,cat_fights_and_moans,72.08,73.83,0.47,0.49,1.75,2914
datased:polyphonic:002914,S-0505,DataSED - DataSED - Dataset for Sound Event Detection of environmental noise/SED_wav/S-0505.wav,polyphonic,Cat fight and moans,cat_fights_and_moans,77.51,80.09,0.51,0.53,2.58,2915
datased:polyphonic:002915,S-0505,DataSED - DataSED - Dataset for Sound Event Detection of environmental noise/SED_wav/S-0505.wav,polyphonic,Cat fight and moans,cat_fights_and_moans,82.2,84.05,0.54,0.55,1.84,2916
datased:polyphonic:002916,S-0505,DataSED - DataSED - Dataset for Sound Event Detection of environmental noise/SED_wav/S-0505.wav,polyphonic,Cat fight and moans,cat_fights_and_moans,88.09,89.84,0.58,0.59,1.75,2917
datased:polyphonic:002917,S-0505,DataSED - DataSED - Dataset for Sound Event Detection of environmental noise/SED_wav/S-0505.wav,polyphonic,Cat fight and moans,cat_fights_and_moans,91.13,93.16,0.6,0.61,2.02,2918
datased:polyphonic:002918,S-0505,DataSED - DataSED - Dataset for Sound Event Detection of environmental noise/SED_wav/S-0505.wav,polyphonic,Cat fight and moans,cat_fights_and_moans,94.63,99.6,0.62,0.66,4.97,2919
datased:polyphonic:002919,S-0505,DataSED - DataSED - Dataset for Sound Event Detection of environmental noise/SED_wav/S-0505.wav,polyphonic,Cat fight and moans,cat_fights_and_moans,100.89,106.13,0.66,0.7,5.25,2920
datased:polyphonic:002920,S-0505,DataSED - DataSED - Dataset for Sound Event Detection of environmental noise/SED_wav/S-0505.wav,polyphonic,Cat fight and moans,cat_fights_and_moans,108.34,110.64,0.71,0.73,2.3,2921
datased:polyphonic:002921,S-0505,DataSED - DataSED - Dataset for Sound Event Detection of environmental noise/SED_wav/S-0505.wav,polyphonic,Cat fight and moans,cat_fights_and_moans,113.77,115.98,0.75,0.76,2.21,2922
datased:polyphonic:002922,S-0505,DataSED - DataSED - Dataset for Sound Event Detection of environmental noise/SED_wav/S-0505.wav,polyphonic,Cat fight and moans,cat_fights_and_moans,116.99,118.28,0.77,0.78,1.29,2923
datased:polyphonic:002923,S-0505,DataSED - DataSED - Dataset for Sound Event Detection of environmental noise/SED_wav/S-0505.wav,polyphonic,Cat fight and moans,cat_fights_and_moans,121.96,123.62,0.8,0.81,1.66,2924
datased:polyphonic:002924,S-0505,DataSED - DataSED - Dataset for Sound Event Detection of environmental noise/SED_wav/S-0505.wav,polyphonic,Cat fight and moans,cat_fights_and_moans,124.63,126.66,0.82,0.83,2.02,2925
datased:polyphonic:002925,S-0505,DataSED - DataSED - Dataset for Sound Event Detection of environmental noise/SED_wav/S-0505.wav,polyphonic,Cat fight and moans,cat_fights_and_moans,129.05,131.35,0.85,0.86,2.3,2926
datased:polyphonic:002926,S-0505,DataSED - DataSED - Dataset for Sound Event Detection of environmental noise/SED_wav/S-0505.wav,polyphonic,Cat fight and moans,cat_fights_and_moans,134.2,137.79,0.88,0.91,3.59,2927
datased:polyphonic:002927,S-0505,DataSED - DataSED - Dataset for Sound Event Detection of environmental noise/SED_wav/S-0505.wav,polyphonic,Cat fight and moans,cat_fights_and_moans,138.62,140.28,0.91,0.92,1.66,2928
datased:polyphonic:002928,S-0505,DataSED - DataSED - Dataset for Sound Event Detection of environmental noise/SED_wav/S-0505.wav,polyphonic,Cat fight and moans,cat_fights_and_moans,141.75,143.87,0.93,0.95,2.12,2929
datased:polyphonic:002929,S-0505,DataSED - DataSED - Dataset for Sound Event Detection of environmental noise/SED_wav/S-0505.wav,polyphonic,Cat fight and moans,cat_fights_and_moans,147.0,149.66,0.97,0.98,2.67,2930
datased:polyphonic:002930,S-0506,DataSED - DataSED - Dataset for Sound Event Detection of environmental noise/SED_wav/S-0506.wav,polyphonic,Crows seagulls and magpies,crows_seagulls_magpies,7.58,20.34,0.05,0.14,12.75,2931
datased:polyphonic:002931,S-0506,DataSED - DataSED - Dataset for Sound Event Detection of environmental noise/SED_wav/S-0506.wav,polyphonic,Crows seagulls and magpies,crows_seagulls_magpies,22.8,27.82,0.16,0.2,5.02,2932
datased:polyphonic:002932,S-0506,DataSED - DataSED - Dataset for Sound Event Detection of environmental noise/SED_wav/S-0506.wav,polyphonic,Crows seagulls and magpies,crows_seagulls_magpies,29.35,50.26,0.21,0.36,20.92,2933
datased:polyphonic:002933,S-0506,DataSED - DataSED - Dataset for Sound Event Detection of environmental noise/SED_wav/S-0506.wav,polyphonic,Crows seagulls and magpies,crows_seagulls_magpies,50.86,64.8,0.36,0.46,13.94,2934
datased:polyphonic:002934,S-0506,DataSED - DataSED - Dataset for Sound Event Detection of environmental noise/SED_wav/S-0506.wav,polyphonic,Crows seagulls and magpies,crows_seagulls_magpies,66.84,73.82,0.48,0.53,6.97,2935
datased:polyphonic:002935,S-0506,DataSED - DataSED - Dataset for Sound Event Detection of environmental noise/SED_wav/S-0506.wav,polyphonic,Crows seagulls and magpies,crows_seagulls_magpies,75.86,80.19,0.54,0.57,4.34,2936
datased:polyphonic:002936,S-0506,DataSED - DataSED - Dataset for Sound Event Detection of environmental noise/SED_wav/S-0506.wav,polyphonic,Propeller aircrafts,propeller_aircrafts,81.96,128.14,0.58,0.91,46.18,2937
datased:polyphonic:002937,S-0506,DataSED - DataSED - Dataset for Sound Event Detection of environmental noise/SED_wav/S-0506.wav,polyphonic,Crows seagulls and magpies,crows_seagulls_magpies,132.82,135.37,0.95,0.96,2.55,2938
datased:polyphonic:002938,S-0506,DataSED - DataSED - Dataset for Sound Event Detection of environmental noise/SED_wav/S-0506.wav,polyphonic,Birds,birds,135.63,140.47,0.97,1.0,4.85,2939
datased:polyphonic:002939,S-0507,DataSED - DataSED - Dataset for Sound Event Detection of environmental noise/SED_wav/S-0507.wav,polyphonic,Crows seagulls and magpies,crows_seagulls_magpies,1.18,2.39,0.03,0.05,1.2,2940
datased:polyphonic:002940,S-0507,DataSED - DataSED - Dataset for Sound Event Detection of environmental noise/SED_wav/S-0507.wav,polyphonic,Crows seagulls and magpies,crows_seagulls_magpies,5.18,12.08,0.11,0.27,6.9,2941
datased:polyphonic:002941,S-0507,DataSED - DataSED - Dataset for Sound Event Detection of environmental noise/SED_wav/S-0507.wav,polyphonic,Crows seagulls and magpies,crows_seagulls_magpies,14.71,17.48,0.33,0.39,2.77,2942
datased:polyphonic:002942,S-0507,DataSED - DataSED - Dataset for Sound Event Detection of environmental noise/SED_wav/S-0507.wav,polyphonic,Crows seagulls and magpies,crows_seagulls_magpies,18.71,21.23,0.41,0.47,2.52,2943
datased:polyphonic:002943,S-0507,DataSED - DataSED - Dataset for Sound Event Detection of environmental noise/SED_wav/S-0507.wav,polyphonic,Crows seagulls and magpies,crows_seagulls_magpies,24.27,28.24,0.54,0.62,3.97,2944
datased:polyphonic:002944,S-0507,DataSED - DataSED - Dataset for Sound Event Detection of environmental noise/SED_wav/S-0507.wav,polyphonic,Crows seagulls and magpies,crows_seagulls_magpies,29.74,32.32,0.66,0.71,2.57,2945
datased:polyphonic:002945,S-0507,DataSED - DataSED - Dataset for Sound Event Detection of environmental noise/SED_wav/S-0507.wav,polyphonic,Crows seagulls and magpies,crows_seagulls_magpies,35.41,41.38,0.78,0.91,5.97,2946
datased:polyphonic:002946,S-0507,DataSED - DataSED - Dataset for Sound Event Detection of environmental noise/SED_wav/S-0507.wav,polyphonic,Crows seagulls and magpies,crows_seagulls_magpies,43.43,44.94,0.96,0.99,1.51,2947
datased:polyphonic:002947,S-0508,DataSED - DataSED - Dataset for Sound Event Detection of environmental noise/SED_wav/S-0508.wav,polyphonic,Crows seagulls and magpies,crows_seagulls_magpies,0.36,3.74,0.01,0.11,3.37,2948
datased:polyphonic:002948,S-0508,DataSED - DataSED - Dataset for Sound Event Detection of environmental noise/SED_wav/S-0508.wav,polyphonic,Crows seagulls and magpies,crows_seagulls_magpies,11.0,14.55,0.33,0.44,3.55,2949
datased:polyphonic:002949,S-0508,DataSED - DataSED - Dataset for Sound Event Detection of environmental noise/SED_wav/S-0508.wav,polyphonic,Crows seagulls and magpies,crows_seagulls_magpies,16.99,19.22,0.52,0.58,2.24,2950
datased:polyphonic:002950,S-0508,DataSED - DataSED - Dataset for Sound Event Detection of environmental noise/SED_wav/S-0508.wav,polyphonic,Vehicle idling,vehicle_idling,20.36,32.98,0.62,1.0,12.61,2951
datased:polyphonic:002951,S-0508,DataSED - DataSED - Dataset for Sound Event Detection of environmental noise/SED_wav/S-0508.wav,polyphonic,Crows seagulls and magpies,crows_seagulls_magpies,23.92,24.74,0.73,0.75,0.82,2952
datased:polyphonic:002952,S-0508,DataSED - DataSED - Dataset for Sound Event Detection of environmental noise/SED_wav/S-0508.wav,polyphonic,Crows seagulls and magpies,crows_seagulls_magpies,26.67,29.02,0.81,0.88,2.36,2953
datased:polyphonic:002953,S-0509,DataSED - DataSED - Dataset for Sound Event Detection of environmental noise/SED_wav/S-0509.wav,polyphonic,Birds,birds,0.0,2.56,0.0,0.04,2.56,2954
datased:polyphonic:002954,S-0509,DataSED - DataSED - Dataset for Sound Event Detection of environmental noise/SED_wav/S-0509.wav,polyphonic,Crows seagulls and magpies,crows_seagulls_magpies,2.63,6.84,0.05,0.12,4.21,2955
datased:polyphonic:002955,S-0509,DataSED - DataSED - Dataset for Sound Event Detection of environmental noise/SED_wav/S-0509.wav,polyphonic,Birds,birds,6.81,8.15,0.12,0.14,1.34,2956
datased:polyphonic:002956,S-0509,DataSED - DataSED - Dataset for Sound Event Detection of environmental noise/SED_wav/S-0509.wav,polyphonic,Crows seagulls and magpies,crows_seagulls_magpies,8.22,9.98,0.14,0.18,1.76,2957
datased:polyphonic:002957,S-0509,DataSED - DataSED - Dataset for Sound Event Detection of environmental noise/SED_wav/S-0509.wav,polyphonic,Birds,birds,10.22,11.47,0.18,0.2,1.24,2958
datased:polyphonic:002958,S-0509,DataSED - DataSED - Dataset for Sound Event Detection of environmental noise/SED_wav/S-0509.wav,polyphonic,Crows seagulls and magpies,crows_seagulls_magpies,11.54,13.88,0.2,0.24,2.35,2959
datased:polyphonic:002959,S-0509,DataSED - DataSED - Dataset for Sound Event Detection of environmental noise/SED_wav/S-0509.wav,polyphonic,Thunder fireworks and gunshot,thunder_fireworks_gunshot,13.4,14.02,0.23,0.25,0.62,2960
datased:polyphonic:002960,S-0509,DataSED - DataSED - Dataset for Sound Event Detection of environmental noise/SED_wav/S-0509.wav,polyphonic,Birds,birds,14.99,18.68,0.26,0.33,3.69,2961
datased:polyphonic:002961,S-0509,DataSED - DataSED - Dataset for Sound Event Detection of environmental noise/SED_wav/S-0509.wav,polyphonic,Crows seagulls and magpies,crows_seagulls_magpies,18.68,25.64,0.33,0.45,6.96,2962
datased:polyphonic:002962,S-0509,DataSED - DataSED - Dataset for Sound Event Detection of environmental noise/SED_wav/S-0509.wav,polyphonic,Thunder fireworks and gunshot,thunder_fireworks_gunshot,26.21,27.45,0.46,0.48,1.24,2963
datased:polyphonic:002963,S-0509,DataSED - DataSED - Dataset for Sound Event Detection of environmental noise/SED_wav/S-0509.wav,polyphonic,Crows seagulls and magpies,crows_seagulls_magpies,27.97,29.0,0.49,0.51,1.04,2964
datased:polyphonic:002964,S-0509,DataSED - DataSED - Dataset for Sound Event Detection of environmental noise/SED_wav/S-0509.wav,polyphonic,Birds,birds,29.55,30.83,0.52,0.54,1.28,2965
datased:polyphonic:002965,S-0509,DataSED - DataSED - Dataset for Sound Event Detection of environmental noise/SED_wav/S-0509.wav,polyphonic,Crows seagulls and magpies,crows_seagulls_magpies,30.93,32.66,0.54,0.57,1.73,2966
datased:polyphonic:002966,S-0509,DataSED - DataSED - Dataset for Sound Event Detection of environmental noise/SED_wav/S-0509.wav,polyphonic,Birds,birds,32.9,34.7,0.58,0.61,1.79,2967
datased:polyphonic:002967,S-0509,DataSED - DataSED - Dataset for Sound Event Detection of environmental noise/SED_wav/S-0509.wav,polyphonic,Crows seagulls and magpies,crows_seagulls_magpies,34.8,40.12,0.61,0.7,5.32,2968
datased:polyphonic:002968,S-0509,DataSED - DataSED - Dataset for Sound Event Detection of environmental noise/SED_wav/S-0509.wav,polyphonic,Birds,birds,40.46,42.26,0.71,0.74,1.79,2969
datased:polyphonic:002969,S-0509,DataSED - DataSED - Dataset for Sound Event Detection of environmental noise/SED_wav/S-0509.wav,polyphonic,Dog barkings and howlings,dog_barkings_and_howlings,41.63,42.26,0.73,0.74,0.62,2970
datased:polyphonic:002970,S-0509,DataSED - DataSED - Dataset for Sound Event Detection of environmental noise/SED_wav/S-0509.wav,polyphonic,Crows seagulls and magpies,crows_seagulls_magpies,42.19,44.15,0.74,0.77,1.97,2971
datased:polyphonic:002971,S-0509,DataSED - DataSED - Dataset for Sound Event Detection of environmental noise/SED_wav/S-0509.wav,polyphonic,Birds,birds,44.15,49.75,0.77,0.87,5.59,2972
datased:polyphonic:002972,S-0509,DataSED - DataSED - Dataset for Sound Event Detection of environmental noise/SED_wav/S-0509.wav,polyphonic,Crows seagulls and magpies,crows_seagulls_magpies,49.92,54.34,0.88,0.95,4.42,2973
datased:polyphonic:002973,S-0509,DataSED - DataSED - Dataset for Sound Event Detection of environmental noise/SED_wav/S-0509.wav,polyphonic,Thunder fireworks and gunshot,thunder_fireworks_gunshot,53.09,54.27,0.93,0.95,1.17,2974
datased:polyphonic:002974,S-0509,DataSED - DataSED - Dataset for Sound Event Detection of environmental noise/SED_wav/S-0509.wav,polyphonic,Birds,birds,54.44,57.03,0.95,1.0,2.59,2975
datased:polyphonic:002975,S-0510,DataSED - DataSED - Dataset for Sound Event Detection of environmental noise/SED_wav/S-0510.wav,polyphonic,Crows seagulls and magpies,crows_seagulls_magpies,0.7,2.15,0.08,0.25,1.45,2976
datased:polyphonic:002976,S-0510,DataSED - DataSED - Dataset for Sound Event Detection of environmental noise/SED_wav/S-0510.wav,polyphonic,Crows seagulls and magpies,crows_seagulls_magpies,3.01,4.44,0.35,0.51,1.42,2977
datased:polyphonic:002977,S-0510,DataSED - DataSED - Dataset for Sound Event Detection of environmental noise/SED_wav/S-0510.wav,polyphonic,Crows seagulls and magpies,crows_seagulls_magpies,5.04,6.3,0.58,0.73,1.26,2978
datased:polyphonic:002978,S-0510,DataSED - DataSED - Dataset for Sound Event Detection of environmental noise/SED_wav/S-0510.wav,polyphonic,Crows seagulls and magpies,crows_seagulls_magpies,7.21,8.02,0.83,0.92,0.81,2979
datased:polyphonic:002979,S-0511,DataSED - DataSED - Dataset for Sound Event Detection of environmental noise/SED_wav/S-0511.wav,polyphonic,Birds,birds,0.62,3.1,0.02,0.11,2.49,2980
datased:polyphonic:002980,S-0511,DataSED - DataSED - Dataset for Sound Event Detection of environmental noise/SED_wav/S-0511.wav,polyphonic,Crows seagulls and magpies,crows_seagulls_magpies,3.19,5.33,0.11,0.18,2.14,2981
datased:polyphonic:002981,S-0511,DataSED - DataSED - Dataset for Sound Event Detection of environmental noise/SED_wav/S-0511.wav,polyphonic,Birds,birds,5.47,12.93,0.19,0.45,7.46,2982
datased:polyphonic:002982,S-0511,DataSED - DataSED - Dataset for Sound Event Detection of environmental noise/SED_wav/S-0511.wav,polyphonic,Crows seagulls and magpies,crows_seagulls_magpies,13.04,15.47,0.45,0.53,2.44,2983
datased:polyphonic:002983,S-0511,DataSED - DataSED - Dataset for Sound Event Detection of environmental noise/SED_wav/S-0511.wav,polyphonic,Birds,birds,15.63,23.72,0.54,0.82,8.09,2984
datased:polyphonic:002984,S-0511,DataSED - DataSED - Dataset for Sound Event Detection of environmental noise/SED_wav/S-0511.wav,polyphonic,Crows seagulls and magpies,crows_seagulls_magpies,23.78,25.32,0.82,0.87,1.54,2985
datased:polyphonic:002985,S-0511,DataSED - DataSED - Dataset for Sound Event Detection of environmental noise/SED_wav/S-0511.wav,polyphonic,Birds,birds,25.46,28.1,0.88,0.97,2.65,2986
datased:polyphonic:002986,S-0512,DataSED - DataSED - Dataset for Sound Event Detection of environmental noise/SED_wav/S-0512.wav,polyphonic,Crows seagulls and magpies,crows_seagulls_magpies,1.14,6.87,0.07,0.41,5.73,2987
datased:polyphonic:002987,S-0512,DataSED - DataSED - Dataset for Sound Event Detection of environmental noise/SED_wav/S-0512.wav,polyphonic,Crows seagulls and magpies,crows_seagulls_magpies,6.88,7.87,0.41,0.47,0.99,2988
datased:polyphonic:002988,S-0512,DataSED - DataSED - Dataset for Sound Event Detection of environmental noise/SED_wav/S-0512.wav,polyphonic,Crows seagulls and magpies,crows_seagulls_magpies,7.88,15.64,0.47,0.94,7.76,2989
datased:polyphonic:002989,S-0513,DataSED - DataSED - Dataset for Sound Event Detection of environmental noise/SED_wav/S-0513.wav,polyphonic,Crows seagulls and magpies,crows_seagulls_magpies,2.04,8.72,0.05,0.21,6.68,2990
datased:polyphonic:002990,S-0513,DataSED - DataSED - Dataset for Sound Event Detection of environmental noise/SED_wav/S-0513.wav,polyphonic,Crows seagulls and magpies,crows_seagulls_magpies,9.66,10.49,0.23,0.25,0.83,2991
datased:polyphonic:002991,S-0513,DataSED - DataSED - Dataset for Sound Event Detection of environmental noise/SED_wav/S-0513.wav,polyphonic,Crows seagulls and magpies,crows_seagulls_magpies,10.95,12.51,0.26,0.3,1.57,2992
datased:polyphonic:002992,S-0513,DataSED - DataSED - Dataset for Sound Event Detection of environmental noise/SED_wav/S-0513.wav,polyphonic,Crows seagulls and magpies,crows_seagulls_magpies,14.18,15.32,0.34,0.37,1.14,2993
datased:polyphonic:002993,S-0513,DataSED - DataSED - Dataset for Sound Event Detection of environmental noise/SED_wav/S-0513.wav,polyphonic,Crows seagulls and magpies,crows_seagulls_magpies,16.88,19.41,0.4,0.46,2.53,2994
datased:polyphonic:002994,S-0513,DataSED - DataSED - Dataset for Sound Event Detection of environmental noise/SED_wav/S-0513.wav,polyphonic,Crows seagulls and magpies,crows_seagulls_magpies,26.82,27.62,0.64,0.66,0.81,2995
datased:polyphonic:002995,S-0513,DataSED - DataSED - Dataset for Sound Event Detection of environmental noise/SED_wav/S-0513.wav,polyphonic,Crows seagulls and magpies,crows_seagulls_magpies,27.9,40.54,0.67,0.97,12.63,2996
datased:polyphonic:002996,S-0514,DataSED - DataSED - Dataset for Sound Event Detection of environmental noise/SED_wav/S-0514.wav,polyphonic,Propeller aircrafts,propeller_aircrafts,1.44,56.41,0.02,0.93,54.96,2997
datased:polyphonic:002997,S-0515,DataSED - DataSED - Dataset for Sound Event Detection of environmental noise/SED_wav/S-0515.wav,polyphonic,Jet aircrafts,jet_aircrafts,4.83,91.86,0.03,0.62,87.03,2998
datased:polyphonic:002998,S-0515,DataSED - DataSED - Dataset for Sound Event Detection of environmental noise/SED_wav/S-0515.wav,polyphonic,Jet aircrafts,jet_aircrafts,103.72,119.32,0.7,0.81,15.6,2999
datased:polyphonic:002999,S-0515,DataSED - DataSED - Dataset for Sound Event Detection of environmental noise/SED_wav/S-0515.wav,polyphonic,Jet aircrafts,jet_aircrafts,123.96,131.54,0.84,0.89,7.58,3000
datased:polyphonic:003000,S-0516,DataSED - DataSED - Dataset for Sound Event Detection of environmental noise/SED_wav/S-0516.wav,polyphonic,Cat fight and moans,cat_fights_and_moans,0.0,5.31,0.0,0.03,5.31,3001
datased:polyphonic:003001,S-0516,DataSED - DataSED - Dataset for Sound Event Detection of environmental noise/SED_wav/S-0516.wav,polyphonic,Birds,birds,4.98,10.28,0.03,0.06,5.29,3002
datased:polyphonic:003002,S-0516,DataSED - DataSED - Dataset for Sound Event Detection of environmental noise/SED_wav/S-0516.wav,polyphonic,Cat fight and moans,cat_fights_and_moans,10.72,15.35,0.06,0.08,4.63,3003
datased:polyphonic:003003,S-0516,DataSED - DataSED - Dataset for Sound Event Detection of environmental noise/SED_wav/S-0516.wav,polyphonic,Birds,birds,16.01,18.44,0.09,0.1,2.43,3004
datased:polyphonic:003004,S-0516,DataSED - DataSED - Dataset for Sound Event Detection of environmental noise/SED_wav/S-0516.wav,polyphonic,Cat fight and moans,cat_fights_and_moans,18.44,20.64,0.1,0.11,2.21,3005
datased:polyphonic:003005,S-0516,DataSED - DataSED - Dataset for Sound Event Detection of environmental noise/SED_wav/S-0516.wav,polyphonic,Birds,birds,20.86,22.63,0.11,0.12,1.76,3006
datased:polyphonic:003006,S-0516,DataSED - DataSED - Dataset for Sound Event Detection of environmental noise/SED_wav/S-0516.wav,polyphonic,Cat fight and moans,cat_fights_and_moans,22.74,24.83,0.12,0.14,2.09,3007
datased:polyphonic:003007,S-0516,DataSED - DataSED - Dataset for Sound Event Detection of environmental noise/SED_wav/S-0516.wav,polyphonic,Birds,birds,24.5,40.16,0.13,0.22,15.66,3008
datased:polyphonic:003008,S-0516,DataSED - DataSED - Dataset for Sound Event Detection of environmental noise/SED_wav/S-0516.wav,polyphonic,Cat fight and moans,cat_fights_and_moans,40.49,42.03,0.22,0.23,1.54,3009
datased:polyphonic:003009,S-0516,DataSED - DataSED - Dataset for Sound Event Detection of environmental noise/SED_wav/S-0516.wav,polyphonic,Birds,birds,42.03,44.35,0.23,0.24,2.32,3010
datased:polyphonic:003010,S-0516,DataSED - DataSED - Dataset for Sound Event Detection of environmental noise/SED_wav/S-0516.wav,polyphonic,Cat fight and moans,cat_fights_and_moans,44.24,46.11,0.24,0.25,1.87,3011
datased:polyphonic:003011,S-0516,DataSED - DataSED - Dataset for Sound Event Detection of environmental noise/SED_wav/S-0516.wav,polyphonic,Cat fight and moans,cat_fights_and_moans,47.43,48.98,0.26,0.27,1.54,3012
datased:polyphonic:003012,S-0516,DataSED - DataSED - Dataset for Sound Event Detection of environmental noise/SED_wav/S-0516.wav,polyphonic,Birds,birds,49.31,54.6,0.27,0.3,5.29,3013
datased:polyphonic:003013,S-0516,DataSED - DataSED - Dataset for Sound Event Detection of environmental noise/SED_wav/S-0516.wav,polyphonic,Cat fight and moans,cat_fights_and_moans,55.04,59.34,0.3,0.33,4.3,3014
datased:polyphonic:003014,S-0516,DataSED - DataSED - Dataset for Sound Event Detection of environmental noise/SED_wav/S-0516.wav,polyphonic,Birds,birds,59.45,67.72,0.33,0.37,8.27,3015
datased:polyphonic:003015,S-0516,DataSED - DataSED - Dataset for Sound Event Detection of environmental noise/SED_wav/S-0516.wav,polyphonic,Cat fight and moans,cat_fights_and_moans,67.94,69.59,0.37,0.38,1.65,3016
datased:polyphonic:003016,S-0516,DataSED - DataSED - Dataset for Sound Event Detection of environmental noise/SED_wav/S-0516.wav,polyphonic,Cat fight and moans,cat_fights_and_moans,72.46,74.45,0.4,0.41,1.98,3017
datased:polyphonic:003017,S-0516,DataSED - DataSED - Dataset for Sound Event Detection of environmental noise/SED_wav/S-0516.wav,polyphonic,Cat fight and moans,cat_fights_and_moans,88.45,89.88,0.49,0.49,1.43,3018
datased:polyphonic:003018,S-0516,DataSED - DataSED - Dataset for Sound Event Detection of environmental noise/SED_wav/S-0516.wav,polyphonic,Cat fight and moans,cat_fights_and_moans,91.87,93.85,0.5,0.52,1.98,3019
datased:polyphonic:003019,S-0516,DataSED - DataSED - Dataset for Sound Event Detection of environmental noise/SED_wav/S-0516.wav,polyphonic,Cat fight and moans,cat_fights_and_moans,95.39,97.05,0.52,0.53,1.65,3020
datased:polyphonic:003020,S-0516,DataSED - DataSED - Dataset for Sound Event Detection of environmental noise/SED_wav/S-0516.wav,polyphonic,Jet aircrafts,jet_aircrafts,96.83,108.85,0.53,0.6,12.02,3021
datased:polyphonic:003021,S-0516,DataSED - DataSED - Dataset for Sound Event Detection of environmental noise/SED_wav/S-0516.wav,polyphonic,Cat fight and moans,cat_fights_and_moans,108.63,149.68,0.6,0.82,41.05,3022
datased:polyphonic:003022,S-0516,DataSED - DataSED - Dataset for Sound Event Detection of environmental noise/SED_wav/S-0516.wav,polyphonic,Birds,birds,150.41,159.78,0.83,0.88,9.37,3023
datased:polyphonic:003023,S-0516,DataSED - DataSED - Dataset for Sound Event Detection of environmental noise/SED_wav/S-0516.wav,polyphonic,Cat fight and moans,cat_fights_and_moans,160.12,172.35,0.88,0.95,12.24,3024
datased:polyphonic:003024,S-0516,DataSED - DataSED - Dataset for Sound Event Detection of environmental noise/SED_wav/S-0516.wav,polyphonic,Cat fight and moans,cat_fights_and_moans,174.56,180.07,0.96,0.99,5.51,3025
datased:polyphonic:003025,S-0517,DataSED - DataSED - Dataset for Sound Event Detection of environmental noise/SED_wav/S-0517.wav,polyphonic,Bells,bells,4.39,28.09,0.02,0.14,23.7,3026
datased:polyphonic:003026,S-0517,DataSED - DataSED - Dataset for Sound Event Detection of environmental noise/SED_wav/S-0517.wav,polyphonic,Bells,bells,33.08,59.15,0.16,0.29,26.07,3027
datased:polyphonic:003027,S-0517,DataSED - DataSED - Dataset for Sound Event Detection of environmental noise/SED_wav/S-0517.wav,polyphonic,Bells,bells,64.77,67.88,0.31,0.33,3.12,3028
datased:polyphonic:003028,S-0517,DataSED - DataSED - Dataset for Sound Event Detection of environmental noise/SED_wav/S-0517.wav,polyphonic,Bells,bells,73.25,83.73,0.36,0.41,10.48,3029
datased:polyphonic:003029,S-0517,DataSED - DataSED - Dataset for Sound Event Detection of environmental noise/SED_wav/S-0517.wav,polyphonic,Birds,birds,85.1,99.82,0.41,0.48,14.72,3030
datased:polyphonic:003030,S-0517,DataSED - DataSED - Dataset for Sound Event Detection of environmental noise/SED_wav/S-0517.wav,polyphonic,Bells,bells,89.09,90.84,0.43,0.44,1.75,3031
datased:polyphonic:003031,S-0517,DataSED - DataSED - Dataset for Sound Event Detection of environmental noise/SED_wav/S-0517.wav,polyphonic,Bells,bells,96.7,99.19,0.47,0.48,2.49,3032
datased:polyphonic:003032,S-0517,DataSED - DataSED - Dataset for Sound Event Detection of environmental noise/SED_wav/S-0517.wav,polyphonic,Bells,bells,104.18,121.52,0.51,0.59,17.34,3033
datased:polyphonic:003033,S-0517,DataSED - DataSED - Dataset for Sound Event Detection of environmental noise/SED_wav/S-0517.wav,polyphonic,Bells,bells,127.51,148.22,0.62,0.72,20.71,3034
datased:polyphonic:003034,S-0517,DataSED - DataSED - Dataset for Sound Event Detection of environmental noise/SED_wav/S-0517.wav,polyphonic,Bells,bells,153.46,164.31,0.74,0.8,10.85,3035
datased:polyphonic:003035,S-0517,DataSED - DataSED - Dataset for Sound Event Detection of environmental noise/SED_wav/S-0517.wav,polyphonic,Bells,bells,170.05,172.42,0.83,0.84,2.37,3036
datased:polyphonic:003036,S-0517,DataSED - DataSED - Dataset for Sound Event Detection of environmental noise/SED_wav/S-0517.wav,polyphonic,Bells,bells,177.9,196.24,0.86,0.95,18.34,3037
datased:polyphonic:003037,S-0517,DataSED - DataSED - Dataset for Sound Event Detection of environmental noise/SED_wav/S-0517.wav,polyphonic,Bells,bells,202.1,203.35,0.98,0.99,1.25,3038
datased:polyphonic:003038,S-0518,DataSED - DataSED - Dataset for Sound Event Detection of environmental noise/SED_wav/S-0518.wav,polyphonic,Crows seagulls and magpies,crows_seagulls_magpies,3.21,5.95,0.04,0.07,2.75,3039
datased:polyphonic:003039,S-0518,DataSED - DataSED - Dataset for Sound Event Detection of environmental noise/SED_wav/S-0518.wav,polyphonic,Crows seagulls and magpies,crows_seagulls_magpies,6.95,8.9,0.08,0.11,1.95,3040
datased:polyphonic:003040,S-0518,DataSED - DataSED - Dataset for Sound Event Detection of environmental noise/SED_wav/S-0518.wav,polyphonic,Vehicle pass-by,vehicle_pass_by,9.45,20.68,0.11,0.25,11.23,3041
datased:polyphonic:003041,S-0518,DataSED - DataSED - Dataset for Sound Event Detection of environmental noise/SED_wav/S-0518.wav,polyphonic,Crows seagulls and magpies,crows_seagulls_magpies,13.29,15.64,0.16,0.19,2.35,3042
datased:polyphonic:003042,S-0518,DataSED - DataSED - Dataset for Sound Event Detection of environmental noise/SED_wav/S-0518.wav,polyphonic,Crows seagulls and magpies,crows_seagulls_magpies,22.33,34.01,0.27,0.41,11.68,3043
datased:polyphonic:003043,S-0518,DataSED - DataSED - Dataset for Sound Event Detection of environmental noise/SED_wav/S-0518.wav,polyphonic,Crows seagulls and magpies,crows_seagulls_magpies,43.09,44.14,0.52,0.54,1.05,3044
datased:polyphonic:003044,S-0518,DataSED - DataSED - Dataset for Sound Event Detection of environmental noise/SED_wav/S-0518.wav,polyphonic,Crows seagulls and magpies,crows_seagulls_magpies,50.13,54.58,0.61,0.66,4.44,3045
datased:polyphonic:003045,S-0518,DataSED - DataSED - Dataset for Sound Event Detection of environmental noise/SED_wav/S-0518.wav,polyphonic,Crows seagulls and magpies,crows_seagulls_magpies,56.57,58.67,0.69,0.71,2.1,3046
datased:polyphonic:003046,S-0518,DataSED - DataSED - Dataset for Sound Event Detection of environmental noise/SED_wav/S-0518.wav,polyphonic,Horn,horn,60.82,61.47,0.74,0.75,0.65,3047
datased:polyphonic:003047,S-0518,DataSED - DataSED - Dataset for Sound Event Detection of environmental noise/SED_wav/S-0518.wav,polyphonic,Crows seagulls and magpies,crows_seagulls_magpies,68.36,69.5,0.83,0.84,1.15,3048
datased:polyphonic:003048,S-0518,DataSED - DataSED - Dataset for Sound Event Detection of environmental noise/SED_wav/S-0518.wav,polyphonic,Vehicle idling,vehicle_idling,73.5,82.49,0.89,1.0,8.99,3049
datased:polyphonic:003049,S-0519,DataSED - DataSED - Dataset for Sound Event Detection of environmental noise/SED_wav/S-0519.wav,polyphonic,Train,train,5.18,80.82,0.03,0.43,75.64,3050
datased:polyphonic:003050,S-0519,DataSED - DataSED - Dataset for Sound Event Detection of environmental noise/SED_wav/S-0519.wav,polyphonic,Jet aircrafts,jet_aircrafts,112.91,164.83,0.6,0.87,51.92,3051
datased:polyphonic:003051,S-0520,DataSED - DataSED - Dataset for Sound Event Detection of environmental noise/SED_wav/S-0520.wav,polyphonic,Crows seagulls and magpies,crows_seagulls_magpies,4.62,9.19,0.06,0.12,4.57,3052
datased:polyphonic:003052,S-0520,DataSED - DataSED - Dataset for Sound Event Detection of environmental noise/SED_wav/S-0520.wav,polyphonic,Crows seagulls and magpies,crows_seagulls_magpies,13.08,13.8,0.18,0.18,0.72,3053
datased:polyphonic:003053,S-0520,DataSED - DataSED - Dataset for Sound Event Detection of environmental noise/SED_wav/S-0520.wav,polyphonic,Crows seagulls and magpies,crows_seagulls_magpies,15.75,18.37,0.21,0.25,2.62,3054
datased:polyphonic:003054,S-0520,DataSED - DataSED - Dataset for Sound Event Detection of environmental noise/SED_wav/S-0520.wav,polyphonic,Crows seagulls and magpies,crows_seagulls_magpies,21.62,25.02,0.29,0.33,3.39,3055
datased:polyphonic:003055,S-0520,DataSED - DataSED - Dataset for Sound Event Detection of environmental noise/SED_wav/S-0520.wav,polyphonic,Crows seagulls and magpies,crows_seagulls_magpies,29.36,32.52,0.39,0.44,3.17,3056
datased:polyphonic:003056,S-0520,DataSED - DataSED - Dataset for Sound Event Detection of environmental noise/SED_wav/S-0520.wav,polyphonic,Vehicle pass-by,vehicle_pass_by,33.97,43.33,0.45,0.58,9.36,3057
datased:polyphonic:003057,S-0520,DataSED - DataSED - Dataset for Sound Event Detection of environmental noise/SED_wav/S-0520.wav,polyphonic,Crows seagulls and magpies,crows_seagulls_magpies,44.32,45.36,0.59,0.61,1.04,3058
datased:polyphonic:003058,S-0520,DataSED - DataSED - Dataset for Sound Event Detection of environmental noise/SED_wav/S-0520.wav,polyphonic,Vehicle pass-by,vehicle_pass_by,45.45,55.45,0.61,0.74,9.99,3059
datased:polyphonic:003059,S-0520,DataSED - DataSED - Dataset for Sound Event Detection of environmental noise/SED_wav/S-0520.wav,polyphonic,Crows seagulls and magpies,crows_seagulls_magpies,60.01,62.37,0.8,0.83,2.35,3060
datased:polyphonic:003060,S-0520,DataSED - DataSED - Dataset for Sound Event Detection of environmental noise/SED_wav/S-0520.wav,polyphonic,Propeller aircrafts,propeller_aircrafts,62.55,74.71,0.84,1.0,12.16,3061
datased:polyphonic:003061,S-0521,DataSED - DataSED - Dataset for Sound Event Detection of environmental noise/SED_wav/S-0521.wav,polyphonic,Crows seagulls and magpies,crows_seagulls_magpies,0.65,7.7,0.02,0.23,7.05,3062
datased:polyphonic:003062,S-0521,DataSED - DataSED - Dataset for Sound Event Detection of environmental noise/SED_wav/S-0521.wav,polyphonic,Crows seagulls and magpies,crows_seagulls_magpies,9.82,11.13,0.3,0.34,1.3,3063
datased:polyphonic:003063,S-0521,DataSED - DataSED - Dataset for Sound Event Detection of environmental noise/SED_wav/S-0521.wav,polyphonic,Crows seagulls and magpies,crows_seagulls_magpies,15.13,17.27,0.46,0.52,2.15,3064
datased:polyphonic:003064,S-0521,DataSED - DataSED - Dataset for Sound Event Detection of environmental noise/SED_wav/S-0521.wav,polyphonic,Crows seagulls and magpies,crows_seagulls_magpies,19.14,20.99,0.58,0.63,1.84,3065
datased:polyphonic:003065,S-0521,DataSED - DataSED - Dataset for Sound Event Detection of environmental noise/SED_wav/S-0521.wav,polyphonic,Crows seagulls and magpies,crows_seagulls_magpies,23.91,31.05,0.72,0.94,7.13,3066
datased:polyphonic:003066,S-0522,DataSED - DataSED - Dataset for Sound Event Detection of environmental noise/SED_wav/S-0522.wav,polyphonic,Workshop,workshop,5.42,16.3,0.05,0.14,10.88,3067
datased:polyphonic:003067,S-0522,DataSED - DataSED - Dataset for Sound Event Detection of environmental noise/SED_wav/S-0522.wav,polyphonic,Workshop,workshop,22.2,30.83,0.19,0.27,8.63,3068
datased:polyphonic:003068,S-0522,DataSED - DataSED - Dataset for Sound Event Detection of environmental noise/SED_wav/S-0522.wav,polyphonic,Workshop,workshop,36.73,54.21,0.32,0.47,17.48,3069
datased:polyphonic:003069,S-0522,DataSED - DataSED - Dataset for Sound Event Detection of environmental noise/SED_wav/S-0522.wav,polyphonic,Workshop,workshop,59.68,84.95,0.51,0.73,25.27,3070
datased:polyphonic:003070,S-0522,DataSED - DataSED - Dataset for Sound Event Detection of environmental noise/SED_wav/S-0522.wav,polyphonic,Workshop,workshop,92.04,113.38,0.79,0.98,21.34,3071
datased:polyphonic:003071,S-0523,DataSED - DataSED - Dataset for Sound Event Detection of environmental noise/SED_wav/S-0523.wav,polyphonic,Workshop,workshop,2.76,20.74,0.04,0.28,17.99,3072
datased:polyphonic:003072,S-0523,DataSED - DataSED - Dataset for Sound Event Detection of environmental noise/SED_wav/S-0523.wav,polyphonic,Workshop,workshop,25.88,45.51,0.35,0.62,19.63,3073
datased:polyphonic:003073,S-0523,DataSED - DataSED - Dataset for Sound Event Detection of environmental noise/SED_wav/S-0523.wav,polyphonic,Workshop,workshop,51.4,65.36,0.7,0.89,13.96,3074
datased:polyphonic:003074,S-0524,DataSED - DataSED - Dataset for Sound Event Detection of environmental noise/SED_wav/S-0524.wav,polyphonic,Workshop,workshop,4.88,9.82,0.09,0.18,4.94,3075
datased:polyphonic:003075,S-0524,DataSED - DataSED - Dataset for Sound Event Detection of environmental noise/SED_wav/S-0524.wav,polyphonic,Workshop,workshop,14.39,20.12,0.26,0.37,5.73,3076
datased:polyphonic:003076,S-0524,DataSED - DataSED - Dataset for Sound Event Detection of environmental noise/SED_wav/S-0524.wav,polyphonic,Workshop,workshop,24.86,29.31,0.46,0.54,4.44,3077
datased:polyphonic:003077,S-0524,DataSED - DataSED - Dataset for Sound Event Detection of environmental noise/SED_wav/S-0524.wav,polyphonic,Workshop,workshop,34.15,39.38,0.63,0.72,5.23,3078
datased:polyphonic:003078,S-0524,DataSED - DataSED - Dataset for Sound Event Detection of environmental noise/SED_wav/S-0524.wav,polyphonic,Workshop,workshop,43.96,49.52,0.81,0.91,5.56,3079
datased:polyphonic:003079,S-0525,DataSED - DataSED - Dataset for Sound Event Detection of environmental noise/SED_wav/S-0525.wav,polyphonic,Workshop,workshop,4.75,19.47,0.05,0.19,14.71,3080
datased:polyphonic:003080,S-0525,DataSED - DataSED - Dataset for Sound Event Detection of environmental noise/SED_wav/S-0525.wav,polyphonic,Workshop,workshop,25.24,39.47,0.25,0.39,14.23,3081
datased:polyphonic:003081,S-0525,DataSED - DataSED - Dataset for Sound Event Detection of environmental noise/SED_wav/S-0525.wav,polyphonic,Workshop,workshop,43.85,51.69,0.44,0.51,7.84,3082
datased:polyphonic:003082,S-0525,DataSED - DataSED - Dataset for Sound Event Detection of environmental noise/SED_wav/S-0525.wav,polyphonic,Workshop,workshop,56.37,64.16,0.56,0.64,7.78,3083
datased:polyphonic:003083,S-0525,DataSED - DataSED - Dataset for Sound Event Detection of environmental noise/SED_wav/S-0525.wav,polyphonic,Workshop,workshop,69.02,75.4,0.69,0.75,6.38,3084
datased:polyphonic:003084,S-0525,DataSED - DataSED - Dataset for Sound Event Detection of environmental noise/SED_wav/S-0525.wav,polyphonic,Workshop,workshop,79.9,85.68,0.8,0.85,5.78,3085
datased:polyphonic:003085,S-0525,DataSED - DataSED - Dataset for Sound Event Detection of environmental noise/SED_wav/S-0525.wav,polyphonic,Workshop,workshop,90.24,95.65,0.9,0.95,5.41,3086
datased:polyphonic:003086,S-0526,DataSED - DataSED - Dataset for Sound Event Detection of environmental noise/SED_wav/S-0526.wav,polyphonic,Workshop,workshop,4.84,19.39,0.03,0.14,14.55,3087
datased:polyphonic:003087,S-0526,DataSED - DataSED - Dataset for Sound Event Detection of environmental noise/SED_wav/S-0526.wav,polyphonic,Workshop,workshop,25.16,44.96,0.18,0.32,19.8,3088
datased:polyphonic:003088,S-0526,DataSED - DataSED - Dataset for Sound Event Detection of environmental noise/SED_wav/S-0526.wav,polyphonic,Workshop,workshop,49.0,61.83,0.34,0.43,12.83,3089
datased:polyphonic:003089,S-0526,DataSED - DataSED - Dataset for Sound Event Detection of environmental noise/SED_wav/S-0526.wav,polyphonic,Workshop,workshop,66.65,73.36,0.47,0.52,6.71,3090
datased:polyphonic:003090,S-0526,DataSED - DataSED - Dataset for Sound Event Detection of environmental noise/SED_wav/S-0526.wav,polyphonic,Workshop,workshop,77.93,99.19,0.55,0.7,21.26,3091
datased:polyphonic:003091,S-0526,DataSED - DataSED - Dataset for Sound Event Detection of environmental noise/SED_wav/S-0526.wav,polyphonic,Workshop,workshop,103.41,113.4,0.73,0.8,9.99,3092
datased:polyphonic:003092,S-0526,DataSED - DataSED - Dataset for Sound Event Detection of environmental noise/SED_wav/S-0526.wav,polyphonic,Workshop,workshop,117.61,123.64,0.83,0.87,6.03,3093
datased:polyphonic:003093,S-0526,DataSED - DataSED - Dataset for Sound Event Detection of environmental noise/SED_wav/S-0526.wav,polyphonic,Workshop,workshop,128.12,137.59,0.9,0.97,9.47,3094
datased:polyphonic:003094,S-0527,DataSED - DataSED - Dataset for Sound Event Detection of environmental noise/SED_wav/S-0527.wav,polyphonic,Workshop,workshop,4.97,25.16,0.03,0.15,20.19,3095
datased:polyphonic:003095,S-0527,DataSED - DataSED - Dataset for Sound Event Detection of environmental noise/SED_wav/S-0527.wav,polyphonic,Workshop,workshop,29.2,47.47,0.18,0.28,18.27,3096
datased:polyphonic:003096,S-0527,DataSED - DataSED - Dataset for Sound Event Detection of environmental noise/SED_wav/S-0527.wav,polyphonic,Workshop,workshop,51.71,62.51,0.31,0.37,10.8,3097
datased:polyphonic:003097,S-0527,DataSED - DataSED - Dataset for Sound Event Detection of environmental noise/SED_wav/S-0527.wav,polyphonic,Workshop,workshop,66.65,82.8,0.4,0.5,16.15,3098
datased:polyphonic:003098,S-0527,DataSED - DataSED - Dataset for Sound Event Detection of environmental noise/SED_wav/S-0527.wav,polyphonic,Workshop,workshop,86.64,100.87,0.52,0.6,14.23,3099
datased:polyphonic:003099,S-0527,DataSED - DataSED - Dataset for Sound Event Detection of environmental noise/SED_wav/S-0527.wav,polyphonic,Workshop,workshop,104.71,114.3,0.63,0.69,9.59,3100
datased:polyphonic:003100,S-0527,DataSED - DataSED - Dataset for Sound Event Detection of environmental noise/SED_wav/S-0527.wav,polyphonic,Workshop,workshop,118.84,130.45,0.71,0.78,11.61,3101
datased:polyphonic:003101,S-0527,DataSED - DataSED - Dataset for Sound Event Detection of environmental noise/SED_wav/S-0527.wav,polyphonic,Workshop,workshop,134.79,161.95,0.81,0.97,27.16,3102
datased:polyphonic:003102,S-0528,DataSED - DataSED - Dataset for Sound Event Detection of environmental noise/SED_wav/S-0528.wav,polyphonic,Workshop,workshop,4.84,13.88,0.04,0.11,9.04,3103
datased:polyphonic:003103,S-0528,DataSED - DataSED - Dataset for Sound Event Detection of environmental noise/SED_wav/S-0528.wav,polyphonic,Workshop,workshop,18.1,31.96,0.15,0.26,13.86,3104
datased:polyphonic:003104,S-0528,DataSED - DataSED - Dataset for Sound Event Detection of environmental noise/SED_wav/S-0528.wav,polyphonic,Workshop,workshop,36.33,44.77,0.29,0.36,8.44,3105
datased:polyphonic:003105,S-0528,DataSED - DataSED - Dataset for Sound Event Detection of environmental noise/SED_wav/S-0528.wav,polyphonic,Workshop,workshop,49.29,57.12,0.4,0.46,7.84,3106
datased:polyphonic:003106,S-0528,DataSED - DataSED - Dataset for Sound Event Detection of environmental noise/SED_wav/S-0528.wav,polyphonic,Workshop,workshop,61.57,80.78,0.49,0.65,19.21,3107
datased:polyphonic:003107,S-0528,DataSED - DataSED - Dataset for Sound Event Detection of environmental noise/SED_wav/S-0528.wav,polyphonic,Workshop,workshop,87.04,110.09,0.7,0.88,23.05,3108
datased:polyphonic:003108,S-0528,DataSED - DataSED - Dataset for Sound Event Detection of environmental noise/SED_wav/S-0528.wav,polyphonic,Workshop,workshop,114.61,122.3,0.92,0.98,7.68,3109
datased:polyphonic:003109,S-0529,DataSED - DataSED - Dataset for Sound Event Detection of environmental noise/SED_wav/S-0529.wav,polyphonic,Workshop,workshop,2.17,17.82,0.02,0.15,15.66,3110
datased:polyphonic:003110,S-0529,DataSED - DataSED - Dataset for Sound Event Detection of environmental noise/SED_wav/S-0529.wav,polyphonic,Workshop,workshop,22.28,38.87,0.19,0.33,16.59,3111
datased:polyphonic:003111,S-0529,DataSED - DataSED - Dataset for Sound Event Detection of environmental noise/SED_wav/S-0529.wav,polyphonic,Workshop,workshop,43.25,69.82,0.36,0.59,26.57,3112
datased:polyphonic:003112,S-0529,DataSED - DataSED - Dataset for Sound Event Detection of environmental noise/SED_wav/S-0529.wav,polyphonic,Workshop,workshop,74.77,96.89,0.63,0.82,22.12,3113
datased:polyphonic:003113,S-0529,DataSED - DataSED - Dataset for Sound Event Detection of environmental noise/SED_wav/S-0529.wav,polyphonic,Workshop,workshop,101.2,113.33,0.85,0.96,12.14,3114
datased:polyphonic:003114,S-0530,DataSED - DataSED - Dataset for Sound Event Detection of environmental noise/SED_wav/S-0530.wav,polyphonic,Workshop,workshop,4.84,13.53,0.04,0.11,8.69,3115
datased:polyphonic:003115,S-0530,DataSED - DataSED - Dataset for Sound Event Detection of environmental noise/SED_wav/S-0530.wav,polyphonic,Workshop,workshop,18.06,24.85,0.15,0.21,6.79,3116
datased:polyphonic:003116,S-0530,DataSED - DataSED - Dataset for Sound Event Detection of environmental noise/SED_wav/S-0530.wav,polyphonic,Workshop,workshop,29.31,37.56,0.24,0.31,8.25,3117
datased:polyphonic:003117,S-0530,DataSED - DataSED - Dataset for Sound Event Detection of environmental noise/SED_wav/S-0530.wav,polyphonic,Workshop,workshop,42.09,50.86,0.35,0.42,8.77,3118
datased:polyphonic:003118,S-0530,DataSED - DataSED - Dataset for Sound Event Detection of environmental noise/SED_wav/S-0530.wav,polyphonic,Workshop,workshop,53.19,62.4,0.44,0.52,9.2,3119
datased:polyphonic:003119,S-0530,DataSED - DataSED - Dataset for Sound Event Detection of environmental noise/SED_wav/S-0530.wav,polyphonic,Workshop,workshop,65.1,76.27,0.54,0.63,11.17,3120
datased:polyphonic:003120,S-0530,DataSED - DataSED - Dataset for Sound Event Detection of environmental noise/SED_wav/S-0530.wav,polyphonic,Workshop,workshop,79.12,99.43,0.66,0.82,20.31,3121
datased:polyphonic:003121,S-0530,DataSED - DataSED - Dataset for Sound Event Detection of environmental noise/SED_wav/S-0530.wav,polyphonic,Workshop,workshop,102.28,118.57,0.85,0.98,16.29,3122
datased:polyphonic:003122,S-0531,DataSED - DataSED - Dataset for Sound Event Detection of environmental noise/SED_wav/S-0531.wav,polyphonic,Workshop,workshop,2.8,11.86,0.03,0.12,9.05,3123
datased:polyphonic:003123,S-0531,DataSED - DataSED - Dataset for Sound Event Detection of environmental noise/SED_wav/S-0531.wav,polyphonic,Workshop,workshop,16.7,31.39,0.16,0.31,14.7,3124
datased:polyphonic:003124,S-0531,DataSED - DataSED - Dataset for Sound Event Detection of environmental noise/SED_wav/S-0531.wav,polyphonic,Workshop,workshop,36.17,46.84,0.35,0.46,10.67,3125
datased:polyphonic:003125,S-0531,DataSED - DataSED - Dataset for Sound Event Detection of environmental noise/SED_wav/S-0531.wav,polyphonic,Workshop,workshop,51.55,71.83,0.5,0.7,20.28,3126
datased:polyphonic:003126,S-0531,DataSED - DataSED - Dataset for Sound Event Detection of environmental noise/SED_wav/S-0531.wav,polyphonic,Workshop,workshop,76.48,97.63,0.75,0.95,21.15,3127
datased:polyphonic:003127,S-0532,DataSED - DataSED - Dataset for Sound Event Detection of environmental noise/SED_wav/S-0532.wav,polyphonic,Workshop,workshop,2.89,7.57,0.04,0.1,4.67,3128
datased:polyphonic:003128,S-0532,DataSED - DataSED - Dataset for Sound Event Detection of environmental noise/SED_wav/S-0532.wav,polyphonic,Workshop,workshop,10.27,16.87,0.14,0.23,6.6,3129
datased:polyphonic:003129,S-0532,DataSED - DataSED - Dataset for Sound Event Detection of environmental noise/SED_wav/S-0532.wav,polyphonic,Workshop,workshop,20.01,30.01,0.28,0.42,10.0,3130
datased:polyphonic:003130,S-0532,DataSED - DataSED - Dataset for Sound Event Detection of environmental noise/SED_wav/S-0532.wav,polyphonic,Workshop,workshop,33.77,39.32,0.47,0.54,5.55,3131
datased:polyphonic:003131,S-0532,DataSED - DataSED - Dataset for Sound Event Detection of environmental noise/SED_wav/S-0532.wav,polyphonic,Workshop,workshop,42.86,47.97,0.59,0.66,5.11,3132
datased:polyphonic:003132,S-0532,DataSED - DataSED - Dataset for Sound Event Detection of environmental noise/SED_wav/S-0532.wav,polyphonic,Workshop,workshop,52.77,61.03,0.73,0.85,8.25,3133
datased:polyphonic:003133,S-0532,DataSED - DataSED - Dataset for Sound Event Detection of environmental noise/SED_wav/S-0532.wav,polyphonic,Workshop,workshop,63.69,69.15,0.88,0.96,5.46,3134
datased:polyphonic:003134,S-0533,DataSED - DataSED - Dataset for Sound Event Detection of environmental noise/SED_wav/S-0533.wav,polyphonic,Workshop,workshop,4.86,12.99,0.04,0.12,8.13,3135
datased:polyphonic:003135,S-0533,DataSED - DataSED - Dataset for Sound Event Detection of environmental noise/SED_wav/S-0533.wav,polyphonic,Workshop,workshop,17.52,23.22,0.16,0.21,5.7,3136
datased:polyphonic:003136,S-0533,DataSED - DataSED - Dataset for Sound Event Detection of environmental noise/SED_wav/S-0533.wav,polyphonic,Workshop,workshop,27.55,32.53,0.25,0.3,4.98,3137
datased:polyphonic:003137,S-0533,DataSED - DataSED - Dataset for Sound Event Detection of environmental noise/SED_wav/S-0533.wav,polyphonic,Workshop,workshop,37.12,45.58,0.34,0.42,8.46,3138
datased:polyphonic:003138,S-0533,DataSED - DataSED - Dataset for Sound Event Detection of environmental noise/SED_wav/S-0533.wav,polyphonic,Workshop,workshop,49.97,54.49,0.46,0.5,4.52,3139
datased:polyphonic:003139,S-0533,DataSED - DataSED - Dataset for Sound Event Detection of environmental noise/SED_wav/S-0533.wav,polyphonic,Workshop,workshop,58.16,63.54,0.54,0.59,5.38,3140
datased:polyphonic:003140,S-0533,DataSED - DataSED - Dataset for Sound Event Detection of environmental noise/SED_wav/S-0533.wav,polyphonic,Workshop,workshop,67.61,75.54,0.62,0.7,7.93,3141
datased:polyphonic:003141,S-0533,DataSED - DataSED - Dataset for Sound Event Detection of environmental noise/SED_wav/S-0533.wav,polyphonic,Workshop,workshop,79.86,92.32,0.74,0.85,12.46,3142
datased:polyphonic:003142,S-0533,DataSED - DataSED - Dataset for Sound Event Detection of environmental noise/SED_wav/S-0533.wav,polyphonic,Workshop,workshop,96.91,105.56,0.89,0.97,8.65,3143
datased:polyphonic:003143,S-0534,DataSED - DataSED - Dataset for Sound Event Detection of environmental noise/SED_wav/S-0534.wav,polyphonic,Workshop,workshop,2.91,24.73,0.03,0.28,21.82,3144
datased:polyphonic:003144,S-0534,DataSED - DataSED - Dataset for Sound Event Detection of environmental noise/SED_wav/S-0534.wav,polyphonic,Workshop,workshop,27.79,38.7,0.32,0.44,10.91,3145
datased:polyphonic:003145,S-0534,DataSED - DataSED - Dataset for Sound Event Detection of environmental noise/SED_wav/S-0534.wav,polyphonic,Workshop,workshop,41.28,55.41,0.47,0.64,14.13,3146
datased:polyphonic:003146,S-0534,DataSED - DataSED - Dataset for Sound Event Detection of environmental noise/SED_wav/S-0534.wav,polyphonic,Workshop,workshop,57.88,70.8,0.66,0.81,12.91,3147
datased:polyphonic:003147,S-0534,DataSED - DataSED - Dataset for Sound Event Detection of environmental noise/SED_wav/S-0534.wav,polyphonic,Workshop,workshop,73.33,84.08,0.84,0.97,10.75,3148
datased:polyphonic:003148,S-0535,DataSED - DataSED - Dataset for Sound Event Detection of environmental noise/SED_wav/S-0535.wav,polyphonic,Workshop,workshop,2.43,11.55,0.17,0.8,9.13,3149
datased:polyphonic:003149,S-0536,DataSED - DataSED - Dataset for Sound Event Detection of environmental noise/SED_wav/S-0536.wav,polyphonic,Workshop,workshop,3.79,17.03,0.03,0.13,13.24,3150
datased:polyphonic:003150,S-0536,DataSED - DataSED - Dataset for Sound Event Detection of environmental noise/SED_wav/S-0536.wav,polyphonic,Workshop,workshop,19.42,33.67,0.15,0.26,14.25,3151
datased:polyphonic:003151,S-0536,DataSED - DataSED - Dataset for Sound Event Detection of environmental noise/SED_wav/S-0536.wav,polyphonic,Workshop,workshop,39.21,52.61,0.31,0.41,13.4,3152
datased:polyphonic:003152,S-0536,DataSED - DataSED - Dataset for Sound Event Detection of environmental noise/SED_wav/S-0536.wav,polyphonic,Workshop,workshop,56.54,62.54,0.44,0.49,6.01,3153
datased:polyphonic:003153,S-0536,DataSED - DataSED - Dataset for Sound Event Detection of environmental noise/SED_wav/S-0536.wav,polyphonic,Workshop,workshop,65.16,111.9,0.51,0.88,46.74,3154
datased:polyphonic:003154,S-0536,DataSED - DataSED - Dataset for Sound Event Detection of environmental noise/SED_wav/S-0536.wav,polyphonic,Workshop,workshop,113.36,118.91,0.89,0.93,5.54,3155
datased:polyphonic:003155,S-0536,DataSED - DataSED - Dataset for Sound Event Detection of environmental noise/SED_wav/S-0536.wav,polyphonic,Workshop,workshop,120.52,123.45,0.95,0.97,2.93,3156
datased:polyphonic:003156,S-0537,DataSED - DataSED - Dataset for Sound Event Detection of environmental noise/SED_wav/S-0537.wav,polyphonic,Workshop,workshop,2.87,5.67,0.05,0.1,2.8,3157
datased:polyphonic:003157,S-0537,DataSED - DataSED - Dataset for Sound Event Detection of environmental noise/SED_wav/S-0537.wav,polyphonic,Workshop,workshop,8.57,11.44,0.15,0.2,2.87,3158
datased:polyphonic:003158,S-0537,DataSED - DataSED - Dataset for Sound Event Detection of environmental noise/SED_wav/S-0537.wav,polyphonic,Workshop,workshop,18.62,22.38,0.32,0.38,3.75,3159
datased:polyphonic:003159,S-0537,DataSED - DataSED - Dataset for Sound Event Detection of environmental noise/SED_wav/S-0537.wav,polyphonic,Workshop,workshop,29.49,32.68,0.5,0.56,3.19,3160
datased:polyphonic:003160,S-0537,DataSED - DataSED - Dataset for Sound Event Detection of environmental noise/SED_wav/S-0537.wav,polyphonic,Workshop,workshop,42.2,46.59,0.72,0.8,4.39,3161
datased:polyphonic:003161,S-0537,DataSED - DataSED - Dataset for Sound Event Detection of environmental noise/SED_wav/S-0537.wav,polyphonic,Workshop,workshop,49.98,54.51,0.85,0.93,4.53,3162
datased:polyphonic:003162,S-0538,DataSED - DataSED - Dataset for Sound Event Detection of environmental noise/SED_wav/S-0538.wav,polyphonic,Workshop,workshop,4.31,9.12,0.11,0.24,4.81,3163
datased:polyphonic:003163,S-0538,DataSED - DataSED - Dataset for Sound Event Detection of environmental noise/SED_wav/S-0538.wav,polyphonic,Workshop,workshop,12.43,16.81,0.33,0.45,4.38,3164
datased:polyphonic:003164,S-0538,DataSED - DataSED - Dataset for Sound Event Detection of environmental noise/SED_wav/S-0538.wav,polyphonic,Workshop,workshop,21.43,25.24,0.57,0.67,3.81,3165
datased:polyphonic:003165,S-0538,DataSED - DataSED - Dataset for Sound Event Detection of environmental noise/SED_wav/S-0538.wav,polyphonic,Workshop,workshop,29.87,34.22,0.79,0.91,4.35,3166
datased:polyphonic:003166,S-0539,DataSED - DataSED - Dataset for Sound Event Detection of environmental noise/SED_wav/S-0539.wav,polyphonic,Workshop,workshop,4.71,17.81,0.05,0.18,13.1,3167
datased:polyphonic:003167,S-0539,DataSED - DataSED - Dataset for Sound Event Detection of environmental noise/SED_wav/S-0539.wav,polyphonic,Workshop,workshop,22.51,36.49,0.23,0.38,13.98,3168
datased:polyphonic:003168,S-0539,DataSED - DataSED - Dataset for Sound Event Detection of environmental noise/SED_wav/S-0539.wav,polyphonic,Workshop,workshop,41.13,48.58,0.42,0.5,7.46,3169
datased:polyphonic:003169,S-0539,DataSED - DataSED - Dataset for Sound Event Detection of environmental noise/SED_wav/S-0539.wav,polyphonic,Workshop,workshop,53.34,61.09,0.55,0.63,7.75,3170
datased:polyphonic:003170,S-0539,DataSED - DataSED - Dataset for Sound Event Detection of environmental noise/SED_wav/S-0539.wav,polyphonic,Workshop,workshop,65.68,72.14,0.68,0.74,6.46,3171
datased:polyphonic:003171,S-0539,DataSED - DataSED - Dataset for Sound Event Detection of environmental noise/SED_wav/S-0539.wav,polyphonic,Workshop,workshop,76.66,82.36,0.79,0.85,5.7,3172
datased:polyphonic:003172,S-0539,DataSED - DataSED - Dataset for Sound Event Detection of environmental noise/SED_wav/S-0539.wav,polyphonic,Workshop,workshop,86.88,92.28,0.9,0.95,5.4,3173
datased:polyphonic:003173,S-0540,DataSED - DataSED - Dataset for Sound Event Detection of environmental noise/SED_wav/S-0540.wav,polyphonic,Workshop,workshop,3.94,10.77,0.04,0.11,6.82,3174
datased:polyphonic:003174,S-0540,DataSED - DataSED - Dataset for Sound Event Detection of environmental noise/SED_wav/S-0540.wav,polyphonic,Workshop,workshop,11.81,16.43,0.12,0.17,4.63,3175
datased:polyphonic:003175,S-0540,DataSED - DataSED - Dataset for Sound Event Detection of environmental noise/SED_wav/S-0540.wav,polyphonic,Workshop,workshop,19.32,24.12,0.2,0.25,4.8,3176
datased:polyphonic:003176,S-0540,DataSED - DataSED - Dataset for Sound Event Detection of environmental noise/SED_wav/S-0540.wav,polyphonic,Workshop,workshop,26.61,31.93,0.28,0.33,5.32,3177
datased:polyphonic:003177,S-0540,DataSED - DataSED - Dataset for Sound Event Detection of environmental noise/SED_wav/S-0540.wav,polyphonic,Workshop,workshop,34.82,40.83,0.36,0.43,6.01,3178
datased:polyphonic:003178,S-0540,DataSED - DataSED - Dataset for Sound Event Detection of environmental noise/SED_wav/S-0540.wav,polyphonic,Workshop,workshop,45.0,51.41,0.47,0.54,6.42,3179
datased:polyphonic:003179,S-0540,DataSED - DataSED - Dataset for Sound Event Detection of environmental noise/SED_wav/S-0540.wav,polyphonic,Workshop,workshop,54.13,57.02,0.57,0.6,2.89,3180
datased:polyphonic:003180,S-0540,DataSED - DataSED - Dataset for Sound Event Detection of environmental noise/SED_wav/S-0540.wav,polyphonic,Workshop,workshop,57.66,65.12,0.6,0.68,7.46,3181
datased:polyphonic:003181,S-0540,DataSED - DataSED - Dataset for Sound Event Detection of environmental noise/SED_wav/S-0540.wav,polyphonic,Workshop,workshop,68.24,78.53,0.71,0.82,10.29,3182
datased:polyphonic:003182,S-0540,DataSED - DataSED - Dataset for Sound Event Detection of environmental noise/SED_wav/S-0540.wav,polyphonic,Workshop,workshop,82.29,92.46,0.86,0.97,10.18,3183
datased:polyphonic:003183,S-0541,DataSED - DataSED - Dataset for Sound Event Detection of environmental noise/SED_wav/S-0541.wav,polyphonic,Workshop,workshop,1.91,9.75,0.06,0.3,7.84,3184
datased:polyphonic:003184,S-0541,DataSED - DataSED - Dataset for Sound Event Detection of environmental noise/SED_wav/S-0541.wav,polyphonic,Workshop,workshop,11.63,17.44,0.36,0.54,5.81,3185
datased:polyphonic:003185,S-0541,DataSED - DataSED - Dataset for Sound Event Detection of environmental noise/SED_wav/S-0541.wav,polyphonic,Workshop,workshop,19.03,24.75,0.58,0.76,5.71,3186
datased:polyphonic:003186,S-0541,DataSED - DataSED - Dataset for Sound Event Detection of environmental noise/SED_wav/S-0541.wav,polyphonic,Workshop,workshop,26.26,30.75,0.81,0.94,4.49,3187
datased:polyphonic:003187,S-0542,DataSED - DataSED - Dataset for Sound Event Detection of environmental noise/SED_wav/S-0542.wav,polyphonic,Workshop,workshop,1.81,6.58,0.08,0.31,4.76,3188
datased:polyphonic:003188,S-0542,DataSED - DataSED - Dataset for Sound Event Detection of environmental noise/SED_wav/S-0542.wav,polyphonic,Workshop,workshop,8.37,13.54,0.39,0.63,5.17,3189
datased:polyphonic:003189,S-0542,DataSED - DataSED - Dataset for Sound Event Detection of environmental noise/SED_wav/S-0542.wav,polyphonic,Workshop,workshop,15.41,19.53,0.72,0.91,4.11,3190
datased:polyphonic:003190,S-0543,DataSED - DataSED - Dataset for Sound Event Detection of environmental noise/SED_wav/S-0543.wav,polyphonic,Workshop,workshop,2.97,6.71,0.04,0.08,3.74,3191
datased:polyphonic:003191,S-0543,DataSED - DataSED - Dataset for Sound Event Detection of environmental noise/SED_wav/S-0543.wav,polyphonic,Workshop,workshop,8.22,16.38,0.1,0.2,8.16,3192
datased:polyphonic:003192,S-0543,DataSED - DataSED - Dataset for Sound Event Detection of environmental noise/SED_wav/S-0543.wav,polyphonic,Workshop,workshop,19.15,31.35,0.24,0.39,12.19,3193
datased:polyphonic:003193,S-0543,DataSED - DataSED - Dataset for Sound Event Detection of environmental noise/SED_wav/S-0543.wav,polyphonic,Workshop,workshop,33.92,37.86,0.42,0.47,3.94,3194
datased:polyphonic:003194,S-0543,DataSED - DataSED - Dataset for Sound Event Detection of environmental noise/SED_wav/S-0543.wav,polyphonic,Workshop,workshop,41.36,44.76,0.52,0.56,3.4,3195
datased:polyphonic:003195,S-0543,DataSED - DataSED - Dataset for Sound Event Detection of environmental noise/SED_wav/S-0543.wav,polyphonic,Workshop,workshop,47.28,57.34,0.59,0.71,10.06,3196
datased:polyphonic:003196,S-0543,DataSED - DataSED - Dataset for Sound Event Detection of environmental noise/SED_wav/S-0543.wav,polyphonic,Workshop,workshop,59.96,68.22,0.75,0.85,8.26,3197
datased:polyphonic:003197,S-0543,DataSED - DataSED - Dataset for Sound Event Detection of environmental noise/SED_wav/S-0543.wav,polyphonic,Workshop,workshop,70.7,77.55,0.88,0.97,6.85,3198
datased:polyphonic:003198,S-0544,DataSED - DataSED - Dataset for Sound Event Detection of environmental noise/SED_wav/S-0544.wav,polyphonic,Voices,voices,5.53,15.68,0.05,0.13,10.16,3199
datased:polyphonic:003199,S-0544,DataSED - DataSED - Dataset for Sound Event Detection of environmental noise/SED_wav/S-0544.wav,polyphonic,Voices,voices,20.91,31.06,0.17,0.26,10.16,3200
datased:polyphonic:003200,S-0544,DataSED - DataSED - Dataset for Sound Event Detection of environmental noise/SED_wav/S-0544.wav,polyphonic,Voices,voices,35.92,52.82,0.3,0.44,16.9,3201
datased:polyphonic:003201,S-0544,DataSED - DataSED - Dataset for Sound Event Detection of environmental noise/SED_wav/S-0544.wav,polyphonic,Workshop,workshop,56.3,72.7,0.47,0.61,16.39,3202
datased:polyphonic:003202,S-0544,DataSED - DataSED - Dataset for Sound Event Detection of environmental noise/SED_wav/S-0544.wav,polyphonic,Workshop,workshop,76.03,88.51,0.63,0.74,12.48,3203
datased:polyphonic:003203,S-0544,DataSED - DataSED - Dataset for Sound Event Detection of environmental noise/SED_wav/S-0544.wav,polyphonic,Workshop,workshop,91.99,106.86,0.77,0.89,14.87,3204
datased:polyphonic:003204,S-0544,DataSED - DataSED - Dataset for Sound Event Detection of environmental noise/SED_wav/S-0544.wav,polyphonic,Workshop,workshop,110.27,116.65,0.92,0.97,6.38,3205
datased:polyphonic:003205,S-0545,DataSED - DataSED - Dataset for Sound Event Detection of environmental noise/SED_wav/S-0545.wav,polyphonic,Workshop,workshop,4.44,10.6,0.08,0.19,6.17,3206
datased:polyphonic:003206,S-0545,DataSED - DataSED - Dataset for Sound Event Detection of environmental noise/SED_wav/S-0545.wav,polyphonic,Workshop,workshop,14.07,23.24,0.26,0.42,9.17,3207
datased:polyphonic:003207,S-0545,DataSED - DataSED - Dataset for Sound Event Detection of environmental noise/SED_wav/S-0545.wav,polyphonic,Workshop,workshop,26.9,29.93,0.49,0.54,3.03,3208
datased:polyphonic:003208,S-0545,DataSED - DataSED - Dataset for Sound Event Detection of environmental noise/SED_wav/S-0545.wav,polyphonic,Workshop,workshop,33.63,37.97,0.61,0.69,4.33,3209
datased:polyphonic:003209,S-0545,DataSED - DataSED - Dataset for Sound Event Detection of environmental noise/SED_wav/S-0545.wav,polyphonic,Workshop,workshop,41.4,51.36,0.75,0.93,9.96,3210
datased:polyphonic:003210,S-0546,DataSED - DataSED - Dataset for Sound Event Detection of environmental noise/SED_wav/S-0546.wav,polyphonic,Workshop,workshop,4.8,37.9,0.04,0.32,33.1,3211
datased:polyphonic:003211,S-0546,DataSED - DataSED - Dataset for Sound Event Detection of environmental noise/SED_wav/S-0546.wav,polyphonic,Workshop,workshop,43.41,75.72,0.37,0.64,32.31,3212
datased:polyphonic:003212,S-0546,DataSED - DataSED - Dataset for Sound Event Detection of environmental noise/SED_wav/S-0546.wav,polyphonic,Workshop,workshop,84.16,115.11,0.71,0.97,30.96,3213
datased:polyphonic:003213,S-0547,DataSED - DataSED - Dataset for Sound Event Detection of environmental noise/SED_wav/S-0547.wav,polyphonic,Workshop,workshop,4.43,21.6,0.05,0.25,17.18,3214
datased:polyphonic:003214,S-0547,DataSED - DataSED - Dataset for Sound Event Detection of environmental noise/SED_wav/S-0547.wav,polyphonic,Workshop,workshop,27.14,61.55,0.31,0.7,34.41,3215
datased:polyphonic:003215,S-0547,DataSED - DataSED - Dataset for Sound Event Detection of environmental noise/SED_wav/S-0547.wav,polyphonic,Workshop,workshop,69.2,85.11,0.79,0.97,15.9,3216
datased:polyphonic:003216,S-0548,DataSED - DataSED - Dataset for Sound Event Detection of environmental noise/SED_wav/S-0548.wav,polyphonic,Workshop,workshop,2.99,6.98,0.08,0.19,3.99,3217
datased:polyphonic:003217,S-0548,DataSED - DataSED - Dataset for Sound Event Detection of environmental noise/SED_wav/S-0548.wav,polyphonic,Workshop,workshop,9.44,15.13,0.26,0.42,5.69,3218
datased:polyphonic:003218,S-0548,DataSED - DataSED - Dataset for Sound Event Detection of environmental noise/SED_wav/S-0548.wav,polyphonic,Workshop,workshop,17.81,22.29,0.49,0.62,4.49,3219
datased:polyphonic:003219,S-0548,DataSED - DataSED - Dataset for Sound Event Detection of environmental noise/SED_wav/S-0548.wav,polyphonic,Workshop,workshop,25.72,32.34,0.71,0.9,6.62,3220
datased:polyphonic:003220,S-0549,DataSED - DataSED - Dataset for Sound Event Detection of environmental noise/SED_wav/S-0549.wav,polyphonic,Voices,voices,0.6,6.6,0.02,0.22,6.0,3221
datased:polyphonic:003221,S-0549,DataSED - DataSED - Dataset for Sound Event Detection of environmental noise/SED_wav/S-0549.wav,polyphonic,Workshop,workshop,6.64,13.11,0.22,0.44,6.47,3222
datased:polyphonic:003222,S-0549,DataSED - DataSED - Dataset for Sound Event Detection of environmental noise/SED_wav/S-0549.wav,polyphonic,Voices,voices,15.33,18.68,0.51,0.62,3.35,3223
datased:polyphonic:003223,S-0549,DataSED - DataSED - Dataset for Sound Event Detection of environmental noise/SED_wav/S-0549.wav,polyphonic,Workshop,workshop,15.57,16.42,0.52,0.55,0.85,3224
datased:polyphonic:003224,S-0549,DataSED - DataSED - Dataset for Sound Event Detection of environmental noise/SED_wav/S-0549.wav,polyphonic,Workshop,workshop,19.39,27.99,0.65,0.93,8.6,3225
datased:polyphonic:003225,S-0550,DataSED - DataSED - Dataset for Sound Event Detection of environmental noise/SED_wav/S-0550.wav,polyphonic,Workshop,workshop,1.19,5.57,0.05,0.22,4.39,3226
datased:polyphonic:003226,S-0550,DataSED - DataSED - Dataset for Sound Event Detection of environmental noise/SED_wav/S-0550.wav,polyphonic,Workshop,workshop,7.2,10.58,0.29,0.42,3.38,3227
datased:polyphonic:003227,S-0550,DataSED - DataSED - Dataset for Sound Event Detection of environmental noise/SED_wav/S-0550.wav,polyphonic,Workshop,workshop,12.24,17.74,0.49,0.71,5.5,3228
datased:polyphonic:003228,S-0550,DataSED - DataSED - Dataset for Sound Event Detection of environmental noise/SED_wav/S-0550.wav,polyphonic,Workshop,workshop,19.5,23.25,0.78,0.93,3.75,3229
datased:polyphonic:003229,S-0551,DataSED - DataSED - Dataset for Sound Event Detection of environmental noise/SED_wav/S-0551.wav,polyphonic,Workshop,workshop,1.11,6.93,0.06,0.36,5.82,3230
datased:polyphonic:003230,S-0551,DataSED - DataSED - Dataset for Sound Event Detection of environmental noise/SED_wav/S-0551.wav,polyphonic,Workshop,workshop,8.39,17.45,0.44,0.92,9.06,3231
datased:polyphonic:003231,S-0552,DataSED - DataSED - Dataset for Sound Event Detection of environmental noise/SED_wav/S-0552.wav,polyphonic,Cicadas and crickets,cicadas_and_crickets,3.36,23.57,0.03,0.2,20.21,3232
datased:polyphonic:003232,S-0552,DataSED - DataSED - Dataset for Sound Event Detection of environmental noise/SED_wav/S-0552.wav,polyphonic,Cicadas and crickets,cicadas_and_crickets,34.96,51.62,0.3,0.44,16.65,3233
datased:polyphonic:003233,S-0552,DataSED - DataSED - Dataset for Sound Event Detection of environmental noise/SED_wav/S-0552.wav,polyphonic,Cicadas and crickets,cicadas_and_crickets,56.1,69.76,0.48,0.59,13.67,3234
datased:polyphonic:003234,S-0552,DataSED - DataSED - Dataset for Sound Event Detection of environmental noise/SED_wav/S-0552.wav,polyphonic,Cicadas and crickets,cicadas_and_crickets,74.39,79.52,0.63,0.68,5.12,3235
datased:polyphonic:003235,S-0552,DataSED - DataSED - Dataset for Sound Event Detection of environmental noise/SED_wav/S-0552.wav,polyphonic,Horn,horn,77.17,77.88,0.66,0.66,0.71,3236
datased:polyphonic:003236,S-0552,DataSED - DataSED - Dataset for Sound Event Detection of environmental noise/SED_wav/S-0552.wav,polyphonic,Cicadas and crickets,cicadas_and_crickets,86.21,93.39,0.73,0.79,7.19,3237
datased:polyphonic:003237,S-0552,DataSED - DataSED - Dataset for Sound Event Detection of environmental noise/SED_wav/S-0552.wav,polyphonic,Horn,horn,87.99,88.55,0.75,0.75,0.57,3238
datased:polyphonic:003238,S-0552,DataSED - DataSED - Dataset for Sound Event Detection of environmental noise/SED_wav/S-0552.wav,polyphonic,Horn,horn,88.7,89.48,0.75,0.76,0.78,3239
datased:polyphonic:003239,S-0552,DataSED - DataSED - Dataset for Sound Event Detection of environmental noise/SED_wav/S-0552.wav,polyphonic,Horn,horn,90.4,92.04,0.77,0.78,1.64,3240
datased:polyphonic:003240,S-0552,DataSED - DataSED - Dataset for Sound Event Detection of environmental noise/SED_wav/S-0552.wav,polyphonic,Cicadas and crickets,cicadas_and_crickets,103.0,111.97,0.88,0.95,8.97,3241
datased:polyphonic:003241,S-0552,DataSED - DataSED - Dataset for Sound Event Detection of environmental noise/SED_wav/S-0552.wav,polyphonic,Horn,horn,104.35,105.14,0.89,0.89,0.78,3242
datased:polyphonic:003242,S-0552,DataSED - DataSED - Dataset for Sound Event Detection of environmental noise/SED_wav/S-0552.wav,polyphonic,Horn,horn,110.33,111.76,0.94,0.95,1.42,3243
datased:polyphonic:003243,S-0553,DataSED - DataSED - Dataset for Sound Event Detection of environmental noise/SED_wav/S-0553.wav,polyphonic,Cicadas and crickets,cicadas_and_crickets,3.86,12.34,0.03,0.09,8.48,3244
datased:polyphonic:003244,S-0553,DataSED - DataSED - Dataset for Sound Event Detection of environmental noise/SED_wav/S-0553.wav,polyphonic,Dog barkings and howlings,dog_barkings_and_howlings,8.9,12.34,0.07,0.09,3.44,3245
datased:polyphonic:003245,S-0553,DataSED - DataSED - Dataset for Sound Event Detection of environmental noise/SED_wav/S-0553.wav,polyphonic,Cicadas and crickets,cicadas_and_crickets,26.82,35.3,0.2,0.27,8.48,3246
datased:polyphonic:003246,S-0553,DataSED - DataSED - Dataset for Sound Event Detection of environmental noise/SED_wav/S-0553.wav,polyphonic,Dog barkings and howlings,dog_barkings_and_howlings,26.82,35.3,0.2,0.27,8.48,3247
datased:polyphonic:003247,S-0553,DataSED - DataSED - Dataset for Sound Event Detection of environmental noise/SED_wav/S-0553.wav,polyphonic,Cicadas and crickets,cicadas_and_crickets,45.06,51.31,0.34,0.39,6.24,3248
datased:polyphonic:003248,S-0553,DataSED - DataSED - Dataset for Sound Event Detection of environmental noise/SED_wav/S-0553.wav,polyphonic,Dog barkings and howlings,dog_barkings_and_howlings,45.06,51.39,0.34,0.39,6.32,3249
datased:polyphonic:003249,S-0553,DataSED - DataSED - Dataset for Sound Event Detection of environmental noise/SED_wav/S-0553.wav,polyphonic,Cicadas and crickets,cicadas_and_crickets,61.23,68.11,0.46,0.52,6.88,3250
datased:polyphonic:003250,S-0553,DataSED - DataSED - Dataset for Sound Event Detection of environmental noise/SED_wav/S-0553.wav,polyphonic,Dog barkings and howlings,dog_barkings_and_howlings,61.23,63.47,0.46,0.48,2.24,3251
datased:polyphonic:003251,S-0553,DataSED - DataSED - Dataset for Sound Event Detection of environmental noise/SED_wav/S-0553.wav,polyphonic,Dog barkings and howlings,dog_barkings_and_howlings,65.95,67.79,0.5,0.51,1.84,3252
datased:polyphonic:003252,S-0553,DataSED - DataSED - Dataset for Sound Event Detection of environmental noise/SED_wav/S-0553.wav,polyphonic,Cicadas and crickets,cicadas_and_crickets,77.31,85.15,0.58,0.64,7.84,3253
datased:polyphonic:003253,S-0553,DataSED - DataSED - Dataset for Sound Event Detection of environmental noise/SED_wav/S-0553.wav,polyphonic,Horn,horn,77.55,78.19,0.59,0.59,0.64,3254
datased:polyphonic:003254,S-0553,DataSED - DataSED - Dataset for Sound Event Detection of environmental noise/SED_wav/S-0553.wav,polyphonic,Dog barkings and howlings,dog_barkings_and_howlings,78.43,79.39,0.59,0.6,0.96,3255
datased:polyphonic:003255,S-0553,DataSED - DataSED - Dataset for Sound Event Detection of environmental noise/SED_wav/S-0553.wav,polyphonic,Dog barkings and howlings,dog_barkings_and_howlings,80.67,81.63,0.61,0.62,0.96,3256
datased:polyphonic:003256,S-0553,DataSED - DataSED - Dataset for Sound Event Detection of environmental noise/SED_wav/S-0553.wav,polyphonic,Cicadas and crickets,cicadas_and_crickets,97.15,104.44,0.73,0.79,7.28,3257
datased:polyphonic:003257,S-0553,DataSED - DataSED - Dataset for Sound Event Detection of environmental noise/SED_wav/S-0553.wav,polyphonic,Horn,horn,102.6,103.24,0.78,0.78,0.64,3258
datased:polyphonic:003258,S-0553,DataSED - DataSED - Dataset for Sound Event Detection of environmental noise/SED_wav/S-0553.wav,polyphonic,Cicadas and crickets,cicadas_and_crickets,108.92,112.28,0.82,0.85,3.36,3259
datased:polyphonic:003259,S-0553,DataSED - DataSED - Dataset for Sound Event Detection of environmental noise/SED_wav/S-0553.wav,polyphonic,Cicadas and crickets,cicadas_and_crickets,121.56,128.28,0.92,0.97,6.72,3260
datased:polyphonic:003260,S-0554,DataSED - DataSED - Dataset for Sound Event Detection of environmental noise/SED_wav/S-0554.wav,polyphonic,Cicadas and crickets,cicadas_and_crickets,1.27,12.0,0.01,0.09,10.73,3261
datased:polyphonic:003261,S-0554,DataSED - DataSED - Dataset for Sound Event Detection of environmental noise/SED_wav/S-0554.wav,polyphonic,Cicadas and crickets,cicadas_and_crickets,19.71,29.34,0.14,0.21,9.64,3262
datased:polyphonic:003262,S-0554,DataSED - DataSED - Dataset for Sound Event Detection of environmental noise/SED_wav/S-0554.wav,polyphonic,Cicadas and crickets,cicadas_and_crickets,39.15,45.6,0.28,0.33,6.45,3263
datased:polyphonic:003263,S-0554,DataSED - DataSED - Dataset for Sound Event Detection of environmental noise/SED_wav/S-0554.wav,polyphonic,Cicadas and crickets,cicadas_and_crickets,57.08,72.24,0.41,0.52,15.17,3264
datased:polyphonic:003264,S-0554,DataSED - DataSED - Dataset for Sound Event Detection of environmental noise/SED_wav/S-0554.wav,polyphonic,Cicadas and crickets,cicadas_and_crickets,81.71,88.5,0.59,0.64,6.79,3265
datased:polyphonic:003265,S-0554,DataSED - DataSED - Dataset for Sound Event Detection of environmental noise/SED_wav/S-0554.wav,polyphonic,Cicadas and crickets,cicadas_and_crickets,96.21,110.54,0.69,0.8,14.33,3266
datased:polyphonic:003266,S-0554,DataSED - DataSED - Dataset for Sound Event Detection of environmental noise/SED_wav/S-0554.wav,polyphonic,Cicadas and crickets,cicadas_and_crickets,122.6,134.16,0.89,0.97,11.56,3267
datased:polyphonic:003267,S-0555,DataSED - DataSED - Dataset for Sound Event Detection of environmental noise/SED_wav/S-0555.wav,polyphonic,Cicadas and crickets,cicadas_and_crickets,5.77,12.71,0.05,0.1,6.94,3268
datased:polyphonic:003268,S-0555,DataSED - DataSED - Dataset for Sound Event Detection of environmental noise/SED_wav/S-0555.wav,polyphonic,Cicadas and crickets,cicadas_and_crickets,22.57,31.75,0.18,0.26,9.18,3269
datased:polyphonic:003269,S-0555,DataSED - DataSED - Dataset for Sound Event Detection of environmental noise/SED_wav/S-0555.wav,polyphonic,Cicadas and crickets,cicadas_and_crickets,41.24,48.7,0.33,0.39,7.47,3270
datased:polyphonic:003270,S-0555,DataSED - DataSED - Dataset for Sound Event Detection of environmental noise/SED_wav/S-0555.wav,polyphonic,Cicadas and crickets,cicadas_and_crickets,58.41,67.37,0.47,0.55,8.96,3271
datased:polyphonic:003271,S-0555,DataSED - DataSED - Dataset for Sound Event Detection of environmental noise/SED_wav/S-0555.wav,polyphonic,Cicadas and crickets,cicadas_and_crickets,76.71,83.2,0.62,0.67,6.5,3272
datased:polyphonic:003272,S-0555,DataSED - DataSED - Dataset for Sound Event Detection of environmental noise/SED_wav/S-0555.wav,polyphonic,Cicadas and crickets,cicadas_and_crickets,92.83,100.97,0.75,0.82,8.14,3273
datased:polyphonic:003273,S-0555,DataSED - DataSED - Dataset for Sound Event Detection of environmental noise/SED_wav/S-0555.wav,polyphonic,Cicadas and crickets,cicadas_and_crickets,110.46,117.18,0.9,0.95,6.72,3274
datased:polyphonic:003274,S-0556,DataSED - DataSED - Dataset for Sound Event Detection of environmental noise/SED_wav/S-0556.wav,polyphonic,Cicadas and crickets,cicadas_and_crickets,3.15,11.55,0.03,0.1,8.4,3275
datased:polyphonic:003275,S-0556,DataSED - DataSED - Dataset for Sound Event Detection of environmental noise/SED_wav/S-0556.wav,polyphonic,Cicadas and crickets,cicadas_and_crickets,21.11,29.0,0.18,0.24,7.88,3276
datased:polyphonic:003276,S-0556,DataSED - DataSED - Dataset for Sound Event Detection of environmental noise/SED_wav/S-0556.wav,polyphonic,Cicadas and crickets,cicadas_and_crickets,38.63,46.3,0.32,0.38,7.67,3277
datased:polyphonic:003277,S-0556,DataSED - DataSED - Dataset for Sound Event Detection of environmental noise/SED_wav/S-0556.wav,polyphonic,Cicadas and crickets,cicadas_and_crickets,57.83,65.79,0.48,0.55,7.96,3278
datased:polyphonic:003278,S-0556,DataSED - DataSED - Dataset for Sound Event Detection of environmental noise/SED_wav/S-0556.wav,polyphonic,Cicadas and crickets,cicadas_and_crickets,75.57,84.11,0.63,0.7,8.54,3279
datased:polyphonic:003279,S-0556,DataSED - DataSED - Dataset for Sound Event Detection of environmental noise/SED_wav/S-0556.wav,polyphonic,Cicadas and crickets,cicadas_and_crickets,93.82,99.88,0.78,0.83,6.06,3280
datased:polyphonic:003280,S-0556,DataSED - DataSED - Dataset for Sound Event Detection of environmental noise/SED_wav/S-0556.wav,polyphonic,Cicadas and crickets,cicadas_and_crickets,109.37,115.8,0.91,0.96,6.42,3281
datased:polyphonic:003281,S-0557,DataSED - DataSED - Dataset for Sound Event Detection of environmental noise/SED_wav/S-0557.wav,polyphonic,Cicadas and crickets,cicadas_and_crickets,4.68,9.03,0.04,0.07,4.35,3282
datased:polyphonic:003282,S-0557,DataSED - DataSED - Dataset for Sound Event Detection of environmental noise/SED_wav/S-0557.wav,polyphonic,Cicadas and crickets,cicadas_and_crickets,18.43,25.18,0.14,0.2,6.76,3283
datased:polyphonic:003283,S-0557,DataSED - DataSED - Dataset for Sound Event Detection of environmental noise/SED_wav/S-0557.wav,polyphonic,Cicadas and crickets,cicadas_and_crickets,34.74,43.91,0.27,0.34,9.17,3284
datased:polyphonic:003284,S-0557,DataSED - DataSED - Dataset for Sound Event Detection of environmental noise/SED_wav/S-0557.wav,polyphonic,Cicadas and crickets,cicadas_and_crickets,53.54,60.84,0.42,0.47,7.3,3285
datased:polyphonic:003285,S-0557,DataSED - DataSED - Dataset for Sound Event Detection of environmental noise/SED_wav/S-0557.wav,polyphonic,Cicadas and crickets,cicadas_and_crickets,70.08,79.02,0.55,0.62,8.93,3286
datased:polyphonic:003286,S-0557,DataSED - DataSED - Dataset for Sound Event Detection of environmental noise/SED_wav/S-0557.wav,polyphonic,Cicadas and crickets,cicadas_and_crickets,88.57,94.24,0.69,0.73,5.67,3287
datased:polyphonic:003287,S-0557,DataSED - DataSED - Dataset for Sound Event Detection of environmental noise/SED_wav/S-0557.wav,polyphonic,Cicadas and crickets,cicadas_and_crickets,103.8,109.0,0.81,0.85,5.2,3288
datased:polyphonic:003288,S-0557,DataSED - DataSED - Dataset for Sound Event Detection of environmental noise/SED_wav/S-0557.wav,polyphonic,Cicadas and crickets,cicadas_and_crickets,118.56,124.07,0.92,0.97,5.52,3289
datased:polyphonic:003289,S-0558,DataSED - DataSED - Dataset for Sound Event Detection of environmental noise/SED_wav/S-0558.wav,polyphonic,Cicadas and crickets,cicadas_and_crickets,5.64,9.32,0.05,0.08,3.68,3290
datased:polyphonic:003290,S-0558,DataSED - DataSED - Dataset for Sound Event Detection of environmental noise/SED_wav/S-0558.wav,polyphonic,Cicadas and crickets,cicadas_and_crickets,18.92,25.37,0.15,0.2,6.45,3291
datased:polyphonic:003291,S-0558,DataSED - DataSED - Dataset for Sound Event Detection of environmental noise/SED_wav/S-0558.wav,polyphonic,Cicadas and crickets,cicadas_and_crickets,35.04,41.94,0.28,0.34,6.9,3292
datased:polyphonic:003292,S-0558,DataSED - DataSED - Dataset for Sound Event Detection of environmental noise/SED_wav/S-0558.wav,polyphonic,Cicadas and crickets,cicadas_and_crickets,51.25,57.1,0.41,0.46,5.85,3293
datased:polyphonic:003293,S-0558,DataSED - DataSED - Dataset for Sound Event Detection of environmental noise/SED_wav/S-0558.wav,polyphonic,Cicadas and crickets,cicadas_and_crickets,66.25,72.7,0.53,0.59,6.45,3294
datased:polyphonic:003294,S-0558,DataSED - DataSED - Dataset for Sound Event Detection of environmental noise/SED_wav/S-0558.wav,polyphonic,Cicadas and crickets,cicadas_and_crickets,82.0,86.57,0.66,0.7,4.58,3295
datased:polyphonic:003295,S-0558,DataSED - DataSED - Dataset for Sound Event Detection of environmental noise/SED_wav/S-0558.wav,polyphonic,Cicadas and crickets,cicadas_and_crickets,96.4,100.45,0.78,0.81,4.05,3296
datased:polyphonic:003296,S-0558,DataSED - DataSED - Dataset for Sound Event Detection of environmental noise/SED_wav/S-0558.wav,polyphonic,Cicadas and crickets,cicadas_and_crickets,110.13,117.93,0.89,0.95,7.8,3297
datased:polyphonic:003297,S-0559,DataSED - DataSED - Dataset for Sound Event Detection of environmental noise/SED_wav/S-0559.wav,polyphonic,Cicadas and crickets,cicadas_and_crickets,3.83,14.13,0.02,0.09,10.3,3298
datased:polyphonic:003298,S-0559,DataSED - DataSED - Dataset for Sound Event Detection of environmental noise/SED_wav/S-0559.wav,polyphonic,Cicadas and crickets,cicadas_and_crickets,23.38,29.2,0.15,0.19,5.82,3299
datased:polyphonic:003299,S-0559,DataSED - DataSED - Dataset for Sound Event Detection of environmental noise/SED_wav/S-0559.wav,polyphonic,Cicadas and crickets,cicadas_and_crickets,38.64,43.41,0.25,0.28,4.77,3300
datased:polyphonic:003300,S-0559,DataSED - DataSED - Dataset for Sound Event Detection of environmental noise/SED_wav/S-0559.wav,polyphonic,Cicadas and crickets,cicadas_and_crickets,52.57,62.39,0.33,0.4,9.82,3301
datased:polyphonic:003301,S-0559,DataSED - DataSED - Dataset for Sound Event Detection of environmental noise/SED_wav/S-0559.wav,polyphonic,Cicadas and crickets,cicadas_and_crickets,71.64,78.89,0.45,0.5,7.25,3302
datased:polyphonic:003302,S-0559,DataSED - DataSED - Dataset for Sound Event Detection of environmental noise/SED_wav/S-0559.wav,polyphonic,Cicadas and crickets,cicadas_and_crickets,87.95,96.34,0.56,0.61,8.39,3303
datased:polyphonic:003303,S-0559,DataSED - DataSED - Dataset for Sound Event Detection of environmental noise/SED_wav/S-0559.wav,polyphonic,Cicadas and crickets,cicadas_and_crickets,105.97,110.55,0.67,0.7,4.58,3304
datased:polyphonic:003304,S-0559,DataSED - DataSED - Dataset for Sound Event Detection of environmental noise/SED_wav/S-0559.wav,polyphonic,Cicadas and crickets,cicadas_and_crickets,119.8,125.61,0.76,0.8,5.82,3305
datased:polyphonic:003305,S-0559,DataSED - DataSED - Dataset for Sound Event Detection of environmental noise/SED_wav/S-0559.wav,polyphonic,Cicadas and crickets,cicadas_and_crickets,135.44,138.68,0.86,0.88,3.24,3306
datased:polyphonic:003306,S-0559,DataSED - DataSED - Dataset for Sound Event Detection of environmental noise/SED_wav/S-0559.wav,polyphonic,Cicadas and crickets,cicadas_and_crickets,148.03,154.89,0.94,0.98,6.87,3307
datased:polyphonic:003307,S-0560,DataSED - DataSED - Dataset for Sound Event Detection of environmental noise/SED_wav/S-0560.wav,polyphonic,Cicadas and crickets,cicadas_and_crickets,0.55,7.43,0.0,0.06,6.89,3308
datased:polyphonic:003308,S-0560,DataSED - DataSED - Dataset for Sound Event Detection of environmental noise/SED_wav/S-0560.wav,polyphonic,Cicadas and crickets,cicadas_and_crickets,16.89,26.05,0.14,0.21,9.16,3309
datased:polyphonic:003309,S-0560,DataSED - DataSED - Dataset for Sound Event Detection of environmental noise/SED_wav/S-0560.wav,polyphonic,Cicadas and crickets,cicadas_and_crickets,35.58,44.82,0.28,0.36,9.23,3310
datased:polyphonic:003310,S-0560,DataSED - DataSED - Dataset for Sound Event Detection of environmental noise/SED_wav/S-0560.wav,polyphonic,Cicadas and crickets,cicadas_and_crickets,54.28,64.11,0.43,0.51,9.84,3311
datased:polyphonic:003311,S-0560,DataSED - DataSED - Dataset for Sound Event Detection of environmental noise/SED_wav/S-0560.wav,polyphonic,Cicadas and crickets,cicadas_and_crickets,73.8,85.61,0.59,0.68,11.81,3312
datased:polyphonic:003312,S-0560,DataSED - DataSED - Dataset for Sound Event Detection of environmental noise/SED_wav/S-0560.wav,polyphonic,Cicadas and crickets,cicadas_and_crickets,93.25,100.13,0.75,0.8,6.89,3313
datased:polyphonic:003313,S-0560,DataSED - DataSED - Dataset for Sound Event Detection of environmental noise/SED_wav/S-0560.wav,polyphonic,Cicadas and crickets,cicadas_and_crickets,111.79,120.72,0.89,0.97,8.93,3314
datased:polyphonic:003314,S-0561,DataSED - DataSED - Dataset for Sound Event Detection of environmental noise/SED_wav/S-0561.wav,polyphonic,Cicadas and crickets,cicadas_and_crickets,0.0,12.42,0.0,0.11,12.42,3315
datased:polyphonic:003315,S-0561,DataSED - DataSED - Dataset for Sound Event Detection of environmental noise/SED_wav/S-0561.wav,polyphonic,Cicadas and crickets,cicadas_and_crickets,17.77,37.05,0.16,0.34,19.28,3316
datased:polyphonic:003316,S-0561,DataSED - DataSED - Dataset for Sound Event Detection of environmental noise/SED_wav/S-0561.wav,polyphonic,Cicadas and crickets,cicadas_and_crickets,46.75,62.0,0.43,0.57,15.25,3317
datased:polyphonic:003317,S-0561,DataSED - DataSED - Dataset for Sound Event Detection of environmental noise/SED_wav/S-0561.wav,polyphonic,Cicadas and crickets,cicadas_and_crickets,71.24,93.16,0.65,0.85,21.92,3318
datased:polyphonic:003318,S-0561,DataSED - DataSED - Dataset for Sound Event Detection of environmental noise/SED_wav/S-0561.wav,polyphonic,Cicadas and crickets,cicadas_and_crickets,100.75,109.07,0.92,1.0,8.32,3319
datased:polyphonic:003319,S-0562,DataSED - DataSED - Dataset for Sound Event Detection of environmental noise/SED_wav/S-0562.wav,polyphonic,Cicadas and crickets,cicadas_and_crickets,0.0,1.48,0.0,0.07,1.48,3320
datased:polyphonic:003320,S-0562,DataSED - DataSED - Dataset for Sound Event Detection of environmental noise/SED_wav/S-0562.wav,polyphonic,Cicadas and crickets,cicadas_and_crickets,4.89,6.17,0.23,0.29,1.29,3321
datased:polyphonic:003321,S-0562,DataSED - DataSED - Dataset for Sound Event Detection of environmental noise/SED_wav/S-0562.wav,polyphonic,Cicadas and crickets,cicadas_and_crickets,10.49,12.03,0.49,0.57,1.54,3322
datased:polyphonic:003322,S-0562,DataSED - DataSED - Dataset for Sound Event Detection of environmental noise/SED_wav/S-0562.wav,polyphonic,Cicadas and crickets,cicadas_and_crickets,15.56,17.15,0.73,0.81,1.59,3323
datased:polyphonic:003323,S-0562,DataSED - DataSED - Dataset for Sound Event Detection of environmental noise/SED_wav/S-0562.wav,polyphonic,Cicadas and crickets,cicadas_and_crickets,20.23,21.24,0.95,1.0,1.0,3324
datased:polyphonic:003324,S-0563,DataSED - DataSED - Dataset for Sound Event Detection of environmental noise/SED_wav/S-0563.wav,polyphonic,Cicadas and crickets,cicadas_and_crickets,0.44,1.52,0.02,0.06,1.08,3325
datased:polyphonic:003325,S-0563,DataSED - DataSED - Dataset for Sound Event Detection of environmental noise/SED_wav/S-0563.wav,polyphonic,Cicadas and crickets,cicadas_and_crickets,5.24,6.31,0.19,0.23,1.08,3326
datased:polyphonic:003326,S-0563,DataSED - DataSED - Dataset for Sound Event Detection of environmental noise/SED_wav/S-0563.wav,polyphonic,Cicadas and crickets,cicadas_and_crickets,9.72,10.86,0.36,0.4,1.14,3327
datased:polyphonic:003327,S-0563,DataSED - DataSED - Dataset for Sound Event Detection of environmental noise/SED_wav/S-0563.wav,polyphonic,Cicadas and crickets,cicadas_and_crickets,17.11,18.23,0.64,0.68,1.13,3328
datased:polyphonic:003328,S-0563,DataSED - DataSED - Dataset for Sound Event Detection of environmental noise/SED_wav/S-0563.wav,polyphonic,Cicadas and crickets,cicadas_and_crickets,22.93,24.07,0.85,0.89,1.14,3329
datased:polyphonic:003329,S-0563,DataSED - DataSED - Dataset for Sound Event Detection of environmental noise/SED_wav/S-0563.wav,polyphonic,Cicadas and crickets,cicadas_and_crickets,24.92,26.08,0.92,0.97,1.16,3330
datased:polyphonic:003330,S-0564,DataSED - DataSED - Dataset for Sound Event Detection of environmental noise/SED_wav/S-0564.wav,polyphonic,Cicadas and crickets,cicadas_and_crickets,0.0,0.75,0.0,0.03,0.75,3331
datased:polyphonic:003331,S-0564,DataSED - DataSED - Dataset for Sound Event Detection of environmental noise/SED_wav/S-0564.wav,polyphonic,Cicadas and crickets,cicadas_and_crickets,3.12,5.71,0.13,0.24,2.6,3332
datased:polyphonic:003332,S-0564,DataSED - DataSED - Dataset for Sound Event Detection of environmental noise/SED_wav/S-0564.wav,polyphonic,Cicadas and crickets,cicadas_and_crickets,8.34,11.26,0.34,0.46,2.92,3333
datased:polyphonic:003333,S-0564,DataSED - DataSED - Dataset for Sound Event Detection of environmental noise/SED_wav/S-0564.wav,polyphonic,Cicadas and crickets,cicadas_and_crickets,13.89,15.77,0.57,0.65,1.88,3334
datased:polyphonic:003334,S-0564,DataSED - DataSED - Dataset for Sound Event Detection of environmental noise/SED_wav/S-0564.wav,polyphonic,Cicadas and crickets,cicadas_and_crickets,18.52,19.87,0.76,0.82,1.35,3335
datased:polyphonic:003335,S-0564,DataSED - DataSED - Dataset for Sound Event Detection of environmental noise/SED_wav/S-0564.wav,polyphonic,Cicadas and crickets,cicadas_and_crickets,22.58,24.26,0.93,1.0,1.67,3336
datased:polyphonic:003336,S-0565,DataSED - DataSED - Dataset for Sound Event Detection of environmental noise/SED_wav/S-0565.wav,polyphonic,Cicadas and crickets,cicadas_and_crickets,0.08,1.3,0.0,0.06,1.22,3337
datased:polyphonic:003337,S-0565,DataSED - DataSED - Dataset for Sound Event Detection of environmental noise/SED_wav/S-0565.wav,polyphonic,Cicadas and crickets,cicadas_and_crickets,3.89,5.26,0.18,0.24,1.37,3338
datased:polyphonic:003338,S-0565,DataSED - DataSED - Dataset for Sound Event Detection of environmental noise/SED_wav/S-0565.wav,polyphonic,Cicadas and crickets,cicadas_and_crickets,7.6,8.45,0.34,0.38,0.84,3339
datased:polyphonic:003339,S-0565,DataSED - DataSED - Dataset for Sound Event Detection of environmental noise/SED_wav/S-0565.wav,polyphonic,Cicadas and crickets,cicadas_and_crickets,10.5,11.54,0.47,0.52,1.05,3340
datased:polyphonic:003340,S-0565,DataSED - DataSED - Dataset for Sound Event Detection of environmental noise/SED_wav/S-0565.wav,polyphonic,Cicadas and crickets,cicadas_and_crickets,16.3,17.68,0.74,0.8,1.38,3341
datased:polyphonic:003341,S-0566,DataSED - DataSED - Dataset for Sound Event Detection of environmental noise/SED_wav/S-0566.wav,polyphonic,Cicadas and crickets,cicadas_and_crickets,0.1,1.2,0.0,0.04,1.1,3342
datased:polyphonic:003342,S-0566,DataSED - DataSED - Dataset for Sound Event Detection of environmental noise/SED_wav/S-0566.wav,polyphonic,Cicadas and crickets,cicadas_and_crickets,3.84,5.56,0.14,0.21,1.72,3343
datased:polyphonic:003343,S-0566,DataSED - DataSED - Dataset for Sound Event Detection of environmental noise/SED_wav/S-0566.wav,polyphonic,Cicadas and crickets,cicadas_and_crickets,7.71,10.19,0.28,0.38,2.48,3344
datased:polyphonic:003344,S-0566,DataSED - DataSED - Dataset for Sound Event Detection of environmental noise/SED_wav/S-0566.wav,polyphonic,Cicadas and crickets,cicadas_and_crickets,13.71,15.17,0.51,0.56,1.46,3345
datased:polyphonic:003345,S-0566,DataSED - DataSED - Dataset for Sound Event Detection of environmental noise/SED_wav/S-0566.wav,polyphonic,Cicadas and crickets,cicadas_and_crickets,17.63,19.71,0.65,0.73,2.08,3346
datased:polyphonic:003346,S-0566,DataSED - DataSED - Dataset for Sound Event Detection of environmental noise/SED_wav/S-0566.wav,polyphonic,Cicadas and crickets,cicadas_and_crickets,22.42,24.16,0.83,0.89,1.74,3347
datased:polyphonic:003347,S-0567,DataSED - DataSED - Dataset for Sound Event Detection of environmental noise/SED_wav/S-0567.wav,polyphonic,Cicadas and crickets,cicadas_and_crickets,0.0,2.15,0.0,0.06,2.15,3348
datased:polyphonic:003348,S-0567,DataSED - DataSED - Dataset for Sound Event Detection of environmental noise/SED_wav/S-0567.wav,polyphonic,Cicadas and crickets,cicadas_and_crickets,4.87,7.71,0.13,0.2,2.84,3349
datased:polyphonic:003349,S-0567,DataSED - DataSED - Dataset for Sound Event Detection of environmental noise/SED_wav/S-0567.wav,polyphonic,Cicadas and crickets,cicadas_and_crickets,12.36,14.34,0.32,0.38,1.98,3350
datased:polyphonic:003350,S-0567,DataSED - DataSED - Dataset for Sound Event Detection of environmental noise/SED_wav/S-0567.wav,polyphonic,Cicadas and crickets,cicadas_and_crickets,17.35,18.47,0.46,0.48,1.12,3351
datased:polyphonic:003351,S-0567,DataSED - DataSED - Dataset for Sound Event Detection of environmental noise/SED_wav/S-0567.wav,polyphonic,Cicadas and crickets,cicadas_and_crickets,20.09,22.0,0.53,0.58,1.91,3352
datased:polyphonic:003352,S-0567,DataSED - DataSED - Dataset for Sound Event Detection of environmental noise/SED_wav/S-0567.wav,polyphonic,Cicadas and crickets,cicadas_and_crickets,27.05,33.32,0.71,0.87,6.27,3353
datased:polyphonic:003353,S-0568,DataSED - DataSED - Dataset for Sound Event Detection of environmental noise/SED_wav/S-0568.wav,polyphonic,Cicadas and crickets,cicadas_and_crickets,0.14,2.42,0.01,0.11,2.28,3354
datased:polyphonic:003354,S-0568,DataSED - DataSED - Dataset for Sound Event Detection of environmental noise/SED_wav/S-0568.wav,polyphonic,Cicadas and crickets,cicadas_and_crickets,5.7,7.18,0.25,0.31,1.48,3355
datased:polyphonic:003355,S-0568,DataSED - DataSED - Dataset for Sound Event Detection of environmental noise/SED_wav/S-0568.wav,polyphonic,Voices,voices,5.7,7.18,0.25,0.31,1.48,3356
datased:polyphonic:003356,S-0568,DataSED - DataSED - Dataset for Sound Event Detection of environmental noise/SED_wav/S-0568.wav,polyphonic,Cicadas and crickets,cicadas_and_crickets,9.68,11.1,0.42,0.49,1.42,3357
datased:polyphonic:003357,S-0568,DataSED - DataSED - Dataset for Sound Event Detection of environmental noise/SED_wav/S-0568.wav,polyphonic,Voices,voices,9.68,11.1,0.42,0.49,1.42,3358
datased:polyphonic:003358,S-0568,DataSED - DataSED - Dataset for Sound Event Detection of environmental noise/SED_wav/S-0568.wav,polyphonic,Cicadas and crickets,cicadas_and_crickets,13.72,15.52,0.6,0.68,1.79,3359
datased:polyphonic:003359,S-0568,DataSED - DataSED - Dataset for Sound Event Detection of environmental noise/SED_wav/S-0568.wav,polyphonic,Cicadas and crickets,cicadas_and_crickets,17.37,20.65,0.76,0.91,3.29,3360
datased:polyphonic:003360,S-0569,DataSED - DataSED - Dataset for Sound Event Detection of environmental noise/SED_wav/S-0569.wav,polyphonic,Cicadas and crickets,cicadas_and_crickets,5.36,14.34,0.04,0.11,8.98,3361
datased:polyphonic:003361,S-0569,DataSED - DataSED - Dataset for Sound Event Detection of environmental noise/SED_wav/S-0569.wav,polyphonic,Cicadas and crickets,cicadas_and_crickets,18.99,28.98,0.15,0.23,9.99,3362
datased:polyphonic:003362,S-0569,DataSED - DataSED - Dataset for Sound Event Detection of environmental noise/SED_wav/S-0569.wav,polyphonic,Cicadas and crickets,cicadas_and_crickets,33.32,38.43,0.26,0.3,5.11,3363
datased:polyphonic:003363,S-0569,DataSED - DataSED - Dataset for Sound Event Detection of environmental noise/SED_wav/S-0569.wav,polyphonic,Cicadas and crickets,cicadas_and_crickets,42.92,47.41,0.34,0.37,4.49,3364
datased:polyphonic:003364,S-0569,DataSED - DataSED - Dataset for Sound Event Detection of environmental noise/SED_wav/S-0569.wav,polyphonic,Cicadas and crickets,cicadas_and_crickets,51.83,58.1,0.41,0.45,6.27,3365
datased:polyphonic:003365,S-0569,DataSED - DataSED - Dataset for Sound Event Detection of environmental noise/SED_wav/S-0569.wav,polyphonic,Cicadas and crickets,cicadas_and_crickets,62.36,70.57,0.49,0.55,8.21,3366
datased:polyphonic:003366,S-0569,DataSED - DataSED - Dataset for Sound Event Detection of environmental noise/SED_wav/S-0569.wav,polyphonic,Cicadas and crickets,cicadas_and_crickets,75.06,80.95,0.59,0.63,5.89,3367
datased:polyphonic:003367,S-0569,DataSED - DataSED - Dataset for Sound Event Detection of environmental noise/SED_wav/S-0569.wav,polyphonic,Cicadas and crickets,cicadas_and_crickets,85.52,91.09,0.67,0.71,5.58,3368
datased:polyphonic:003368,S-0569,DataSED - DataSED - Dataset for Sound Event Detection of environmental noise/SED_wav/S-0569.wav,polyphonic,Cicadas and crickets,cicadas_and_crickets,95.51,99.22,0.75,0.78,3.72,3369
datased:polyphonic:003369,S-0569,DataSED - DataSED - Dataset for Sound Event Detection of environmental noise/SED_wav/S-0569.wav,polyphonic,Cicadas and crickets,cicadas_and_crickets,103.48,110.22,0.81,0.86,6.74,3370
datased:polyphonic:003370,S-0569,DataSED - DataSED - Dataset for Sound Event Detection of environmental noise/SED_wav/S-0569.wav,polyphonic,Cicadas and crickets,cicadas_and_crickets,114.48,118.51,0.89,0.93,4.03,3371
datased:polyphonic:003371,S-0569,DataSED - DataSED - Dataset for Sound Event Detection of environmental noise/SED_wav/S-0569.wav,polyphonic,Cicadas and crickets,cicadas_and_crickets,122.77,126.56,0.96,0.99,3.79,3372
datased:polyphonic:003372,S-0570,DataSED - DataSED - Dataset for Sound Event Detection of environmental noise/SED_wav/S-0570.wav,polyphonic,Cicadas and crickets,cicadas_and_crickets,2.08,5.03,0.01,0.03,2.95,3373
datased:polyphonic:003373,S-0570,DataSED - DataSED - Dataset for Sound Event Detection of environmental noise/SED_wav/S-0570.wav,polyphonic,Cicadas and crickets,cicadas_and_crickets,8.37,12.3,0.05,0.08,3.93,3374
datased:polyphonic:003374,S-0570,DataSED - DataSED - Dataset for Sound Event Detection of environmental noise/SED_wav/S-0570.wav,polyphonic,Cicadas and crickets,cicadas_and_crickets,15.94,18.59,0.1,0.11,2.65,3375
datased:polyphonic:003375,S-0570,DataSED - DataSED - Dataset for Sound Event Detection of environmental noise/SED_wav/S-0570.wav,polyphonic,Cicadas and crickets,cicadas_and_crickets,22.72,29.4,0.14,0.18,6.68,3376
datased:polyphonic:003376,S-0570,DataSED - DataSED - Dataset for Sound Event Detection of environmental noise/SED_wav/S-0570.wav,polyphonic,Cicadas and crickets,cicadas_and_crickets,33.52,36.67,0.21,0.23,3.14,3377
datased:polyphonic:003377,S-0570,DataSED - DataSED - Dataset for Sound Event Detection of environmental noise/SED_wav/S-0570.wav,polyphonic,Cicadas and crickets,cicadas_and_crickets,41.97,45.71,0.26,0.28,3.73,3378
datased:polyphonic:003378,S-0570,DataSED - DataSED - Dataset for Sound Event Detection of environmental noise/SED_wav/S-0570.wav,polyphonic,Cicadas and crickets,cicadas_and_crickets,49.24,52.58,0.3,0.32,3.34,3379
datased:polyphonic:003379,S-0570,DataSED - DataSED - Dataset for Sound Event Detection of environmental noise/SED_wav/S-0570.wav,polyphonic,Cicadas and crickets,cicadas_and_crickets,55.04,59.46,0.34,0.37,4.42,3380
datased:polyphonic:003380,S-0570,DataSED - DataSED - Dataset for Sound Event Detection of environmental noise/SED_wav/S-0570.wav,polyphonic,Cicadas and crickets,cicadas_and_crickets,61.52,65.45,0.38,0.4,3.93,3381
datased:polyphonic:003381,S-0570,DataSED - DataSED - Dataset for Sound Event Detection of environmental noise/SED_wav/S-0570.wav,polyphonic,Cicadas and crickets,cicadas_and_crickets,68.01,74.39,0.42,0.46,6.39,3382
datased:polyphonic:003382,S-0570,DataSED - DataSED - Dataset for Sound Event Detection of environmental noise/SED_wav/S-0570.wav,polyphonic,Cicadas and crickets,cicadas_and_crickets,78.62,81.76,0.48,0.5,3.14,3383
datased:polyphonic:003383,S-0570,DataSED - DataSED - Dataset for Sound Event Detection of environmental noise/SED_wav/S-0570.wav,polyphonic,Cicadas and crickets,cicadas_and_crickets,86.68,91.69,0.53,0.56,5.01,3384
datased:polyphonic:003384,S-0570,DataSED - DataSED - Dataset for Sound Event Detection of environmental noise/SED_wav/S-0570.wav,polyphonic,Cicadas and crickets,cicadas_and_crickets,96.11,98.96,0.59,0.61,2.85,3385
datased:polyphonic:003385,S-0570,DataSED - DataSED - Dataset for Sound Event Detection of environmental noise/SED_wav/S-0570.wav,polyphonic,Cicadas and crickets,cicadas_and_crickets,103.38,107.11,0.64,0.66,3.73,3386
datased:polyphonic:003386,S-0570,DataSED - DataSED - Dataset for Sound Event Detection of environmental noise/SED_wav/S-0570.wav,polyphonic,Cicadas and crickets,cicadas_and_crickets,109.08,114.19,0.67,0.7,5.11,3387
datased:polyphonic:003387,S-0570,DataSED - DataSED - Dataset for Sound Event Detection of environmental noise/SED_wav/S-0570.wav,polyphonic,Cicadas and crickets,cicadas_and_crickets,118.41,124.8,0.73,0.77,6.39,3388
datased:polyphonic:003388,S-0570,DataSED - DataSED - Dataset for Sound Event Detection of environmental noise/SED_wav/S-0570.wav,polyphonic,Cicadas and crickets,cicadas_and_crickets,129.12,132.46,0.8,0.82,3.34,3389
datased:polyphonic:003389,S-0570,DataSED - DataSED - Dataset for Sound Event Detection of environmental noise/SED_wav/S-0570.wav,polyphonic,Cicadas and crickets,cicadas_and_crickets,136.68,141.69,0.84,0.87,5.01,3390
datased:polyphonic:003390,S-0570,DataSED - DataSED - Dataset for Sound Event Detection of environmental noise/SED_wav/S-0570.wav,polyphonic,Cicadas and crickets,cicadas_and_crickets,146.31,153.88,0.9,0.95,7.57,3391
datased:polyphonic:003391,S-0571,DataSED - DataSED - Dataset for Sound Event Detection of environmental noise/SED_wav/S-0571.wav,polyphonic,Cicadas and crickets,cicadas_and_crickets,2.28,5.13,0.01,0.03,2.85,3392
datased:polyphonic:003392,S-0571,DataSED - DataSED - Dataset for Sound Event Detection of environmental noise/SED_wav/S-0571.wav,polyphonic,Cicadas and crickets,cicadas_and_crickets,8.27,12.3,0.05,0.08,4.03,3393
datased:polyphonic:003393,S-0571,DataSED - DataSED - Dataset for Sound Event Detection of environmental noise/SED_wav/S-0571.wav,polyphonic,Cicadas and crickets,cicadas_and_crickets,15.84,18.49,0.1,0.11,2.65,3394
datased:polyphonic:003394,S-0571,DataSED - DataSED - Dataset for Sound Event Detection of environmental noise/SED_wav/S-0571.wav,polyphonic,Cicadas and crickets,cicadas_and_crickets,22.62,29.1,0.14,0.18,6.48,3395
datased:polyphonic:003395,S-0571,DataSED - DataSED - Dataset for Sound Event Detection of environmental noise/SED_wav/S-0571.wav,polyphonic,Cicadas and crickets,cicadas_and_crickets,33.52,36.37,0.21,0.22,2.85,3396
datased:polyphonic:003396,S-0571,DataSED - DataSED - Dataset for Sound Event Detection of environmental noise/SED_wav/S-0571.wav,polyphonic,Cicadas and crickets,cicadas_and_crickets,41.97,45.9,0.26,0.28,3.93,3397
datased:polyphonic:003397,S-0571,DataSED - DataSED - Dataset for Sound Event Detection of environmental noise/SED_wav/S-0571.wav,polyphonic,Cicadas and crickets,cicadas_and_crickets,49.14,52.48,0.3,0.32,3.34,3398
datased:polyphonic:003398,S-0571,DataSED - DataSED - Dataset for Sound Event Detection of environmental noise/SED_wav/S-0571.wav,polyphonic,Cicadas and crickets,cicadas_and_crickets,55.04,59.56,0.34,0.37,4.52,3399
datased:polyphonic:003399,S-0571,DataSED - DataSED - Dataset for Sound Event Detection of environmental noise/SED_wav/S-0571.wav,polyphonic,Cicadas and crickets,cicadas_and_crickets,61.92,65.16,0.38,0.4,3.24,3400
datased:polyphonic:003400,S-0571,DataSED - DataSED - Dataset for Sound Event Detection of environmental noise/SED_wav/S-0571.wav,polyphonic,Cicadas and crickets,cicadas_and_crickets,67.81,74.3,0.42,0.46,6.48,3401
datased:polyphonic:003401,S-0571,DataSED - DataSED - Dataset for Sound Event Detection of environmental noise/SED_wav/S-0571.wav,polyphonic,Cicadas and crickets,cicadas_and_crickets,78.91,82.06,0.49,0.51,3.14,3402
datased:polyphonic:003402,S-0571,DataSED - DataSED - Dataset for Sound Event Detection of environmental noise/SED_wav/S-0571.wav,polyphonic,Cicadas and crickets,cicadas_and_crickets,86.28,91.98,0.53,0.57,5.7,3403
datased:polyphonic:003403,S-0571,DataSED - DataSED - Dataset for Sound Event Detection of environmental noise/SED_wav/S-0571.wav,polyphonic,Cicadas and crickets,cicadas_and_crickets,96.11,98.86,0.59,0.61,2.75,3404
datased:polyphonic:003404,S-0571,DataSED - DataSED - Dataset for Sound Event Detection of environmental noise/SED_wav/S-0571.wav,polyphonic,Cicadas and crickets,cicadas_and_crickets,103.38,106.72,0.64,0.66,3.34,3405
datased:polyphonic:003405,S-0571,DataSED - DataSED - Dataset for Sound Event Detection of environmental noise/SED_wav/S-0571.wav,polyphonic,Cicadas and crickets,cicadas_and_crickets,109.47,114.19,0.67,0.7,4.72,3406
datased:polyphonic:003406,S-0571,DataSED - DataSED - Dataset for Sound Event Detection of environmental noise/SED_wav/S-0571.wav,polyphonic,Cicadas and crickets,cicadas_and_crickets,118.41,124.89,0.73,0.77,6.48,3407
datased:polyphonic:003407,S-0571,DataSED - DataSED - Dataset for Sound Event Detection of environmental noise/SED_wav/S-0571.wav,polyphonic,Cicadas and crickets,cicadas_and_crickets,129.32,132.07,0.8,0.81,2.75,3408
datased:polyphonic:003408,S-0571,DataSED - DataSED - Dataset for Sound Event Detection of environmental noise/SED_wav/S-0571.wav,polyphonic,Cicadas and crickets,cicadas_and_crickets,136.59,141.79,0.84,0.87,5.21,3409
datased:polyphonic:003409,S-0571,DataSED - DataSED - Dataset for Sound Event Detection of environmental noise/SED_wav/S-0571.wav,polyphonic,Cicadas and crickets,cicadas_and_crickets,146.51,153.78,0.9,0.95,7.27,3410
datased:polyphonic:003410,S-0572,DataSED - DataSED - Dataset for Sound Event Detection of environmental noise/SED_wav/S-0572.wav,polyphonic,Cicadas and crickets,cicadas_and_crickets,5.51,14.42,0.04,0.11,8.91,3411
datased:polyphonic:003411,S-0572,DataSED - DataSED - Dataset for Sound Event Detection of environmental noise/SED_wav/S-0572.wav,polyphonic,Cicadas and crickets,cicadas_and_crickets,18.99,28.98,0.15,0.23,9.99,3412
datased:polyphonic:003412,S-0572,DataSED - DataSED - Dataset for Sound Event Detection of environmental noise/SED_wav/S-0572.wav,polyphonic,Cicadas and crickets,cicadas_and_crickets,33.24,38.58,0.26,0.3,5.34,3413
datased:polyphonic:003413,S-0572,DataSED - DataSED - Dataset for Sound Event Detection of environmental noise/SED_wav/S-0572.wav,polyphonic,Cicadas and crickets,cicadas_and_crickets,42.92,47.41,0.34,0.37,4.49,3414
datased:polyphonic:003414,S-0572,DataSED - DataSED - Dataset for Sound Event Detection of environmental noise/SED_wav/S-0572.wav,polyphonic,Cicadas and crickets,cicadas_and_crickets,51.9,57.87,0.41,0.45,5.96,3415
datased:polyphonic:003415,S-0572,DataSED - DataSED - Dataset for Sound Event Detection of environmental noise/SED_wav/S-0572.wav,polyphonic,Cicadas and crickets,cicadas_and_crickets,62.36,70.57,0.49,0.55,8.21,3416
datased:polyphonic:003416,S-0572,DataSED - DataSED - Dataset for Sound Event Detection of environmental noise/SED_wav/S-0572.wav,polyphonic,Cicadas and crickets,cicadas_and_crickets,74.91,81.1,0.59,0.63,6.2,3417
datased:polyphonic:003417,S-0572,DataSED - DataSED - Dataset for Sound Event Detection of environmental noise/SED_wav/S-0572.wav,polyphonic,Cicadas and crickets,cicadas_and_crickets,85.59,90.78,0.67,0.71,5.19,3418
datased:polyphonic:003418,S-0572,DataSED - DataSED - Dataset for Sound Event Detection of environmental noise/SED_wav/S-0572.wav,polyphonic,Cicadas and crickets,cicadas_and_crickets,95.2,99.15,0.74,0.77,3.95,3419
datased:polyphonic:003419,S-0572,DataSED - DataSED - Dataset for Sound Event Detection of environmental noise/SED_wav/S-0572.wav,polyphonic,Cicadas and crickets,cicadas_and_crickets,103.41,110.07,0.81,0.86,6.66,3420
datased:polyphonic:003420,S-0572,DataSED - DataSED - Dataset for Sound Event Detection of environmental noise/SED_wav/S-0572.wav,polyphonic,Cicadas and crickets,cicadas_and_crickets,114.4,118.35,0.89,0.92,3.95,3421
datased:polyphonic:003421,S-0572,DataSED - DataSED - Dataset for Sound Event Detection of environmental noise/SED_wav/S-0572.wav,polyphonic,Cicadas and crickets,cicadas_and_crickets,122.92,126.1,0.96,0.99,3.18,3422
datased:polyphonic:003422,S-0573,DataSED - DataSED - Dataset for Sound Event Detection of environmental noise/SED_wav/S-0573.wav,polyphonic,Birds,birds,0.1,2.21,0.0,0.06,2.11,3423
datased:polyphonic:003423,S-0573,DataSED - DataSED - Dataset for Sound Event Detection of environmental noise/SED_wav/S-0573.wav,polyphonic,Cicadas and crickets,cicadas_and_crickets,2.24,4.22,0.06,0.11,1.97,3424
datased:polyphonic:003424,S-0573,DataSED - DataSED - Dataset for Sound Event Detection of environmental noise/SED_wav/S-0573.wav,polyphonic,Cicadas and crickets,cicadas_and_crickets,8.1,18.22,0.21,0.47,10.11,3425
datased:polyphonic:003425,S-0573,DataSED - DataSED - Dataset for Sound Event Detection of environmental noise/SED_wav/S-0573.wav,polyphonic,Birds,birds,10.09,11.99,0.26,0.31,1.9,3426
datased:polyphonic:003426,S-0573,DataSED - DataSED - Dataset for Sound Event Detection of environmental noise/SED_wav/S-0573.wav,polyphonic,Birds,birds,13.96,16.39,0.36,0.42,2.43,3427
datased:polyphonic:003427,S-0573,DataSED - DataSED - Dataset for Sound Event Detection of environmental noise/SED_wav/S-0573.wav,polyphonic,Cicadas and crickets,cicadas_and_crickets,22.18,25.38,0.57,0.66,3.21,3428
datased:polyphonic:003428,S-0573,DataSED - DataSED - Dataset for Sound Event Detection of environmental noise/SED_wav/S-0573.wav,polyphonic,Cicadas and crickets,cicadas_and_crickets,30.06,33.3,0.78,0.86,3.23,3429
datased:polyphonic:003429,S-0574,DataSED - DataSED - Dataset for Sound Event Detection of environmental noise/SED_wav/S-0574.wav,polyphonic,Cicadas and crickets,cicadas_and_crickets,1.26,4.71,0.04,0.15,3.46,3430
datased:polyphonic:003430,S-0574,DataSED - DataSED - Dataset for Sound Event Detection of environmental noise/SED_wav/S-0574.wav,polyphonic,Cicadas and crickets,cicadas_and_crickets,7.45,9.65,0.24,0.31,2.2,3431
datased:polyphonic:003431,S-0574,DataSED - DataSED - Dataset for Sound Event Detection of environmental noise/SED_wav/S-0574.wav,polyphonic,Birds,birds,7.64,9.6,0.24,0.31,1.96,3432
datased:polyphonic:003432,S-0574,DataSED - DataSED - Dataset for Sound Event Detection of environmental noise/SED_wav/S-0574.wav,polyphonic,Cicadas and crickets,cicadas_and_crickets,13.39,14.5,0.43,0.46,1.1,3433
datased:polyphonic:003433,S-0574,DataSED - DataSED - Dataset for Sound Event Detection of environmental noise/SED_wav/S-0574.wav,polyphonic,Birds,birds,13.57,14.27,0.43,0.45,0.7,3434
datased:polyphonic:003434,S-0574,DataSED - DataSED - Dataset for Sound Event Detection of environmental noise/SED_wav/S-0574.wav,polyphonic,Cicadas and crickets,cicadas_and_crickets,17.95,21.12,0.57,0.67,3.17,3435
datased:polyphonic:003435,S-0574,DataSED - DataSED - Dataset for Sound Event Detection of environmental noise/SED_wav/S-0574.wav,polyphonic,Cicadas and crickets,cicadas_and_crickets,24.32,26.88,0.77,0.86,2.56,3436
datased:polyphonic:003436,S-0575,DataSED - DataSED - Dataset for Sound Event Detection of environmental noise/SED_wav/S-0575.wav,polyphonic,Cicadas and crickets,cicadas_and_crickets,3.26,12.49,0.03,0.12,9.23,3437
datased:polyphonic:003437,S-0575,DataSED - DataSED - Dataset for Sound Event Detection of environmental noise/SED_wav/S-0575.wav,polyphonic,Birds,birds,10.18,12.37,0.1,0.12,2.18,3438
datased:polyphonic:003438,S-0575,DataSED - DataSED - Dataset for Sound Event Detection of environmental noise/SED_wav/S-0575.wav,polyphonic,Cicadas and crickets,cicadas_and_crickets,20.16,27.59,0.2,0.27,7.42,3439
datased:polyphonic:003439,S-0575,DataSED - DataSED - Dataset for Sound Event Detection of environmental noise/SED_wav/S-0575.wav,polyphonic,Birds,birds,20.23,21.97,0.2,0.21,1.75,3440
datased:polyphonic:003440,S-0575,DataSED - DataSED - Dataset for Sound Event Detection of environmental noise/SED_wav/S-0575.wav,polyphonic,Cicadas and crickets,cicadas_and_crickets,35.07,42.25,0.34,0.41,7.17,3441
datased:polyphonic:003441,S-0575,DataSED - DataSED - Dataset for Sound Event Detection of environmental noise/SED_wav/S-0575.wav,polyphonic,Birds,birds,35.57,41.81,0.35,0.41,6.24,3442
datased:polyphonic:003442,S-0575,DataSED - DataSED - Dataset for Sound Event Detection of environmental noise/SED_wav/S-0575.wav,polyphonic,Cicadas and crickets,cicadas_and_crickets,51.67,58.91,0.5,0.57,7.24,3443
datased:polyphonic:003443,S-0575,DataSED - DataSED - Dataset for Sound Event Detection of environmental noise/SED_wav/S-0575.wav,polyphonic,Birds,birds,52.11,52.79,0.51,0.51,0.69,3444
datased:polyphonic:003444,S-0575,DataSED - DataSED - Dataset for Sound Event Detection of environmental noise/SED_wav/S-0575.wav,polyphonic,Birds,birds,57.41,58.47,0.56,0.57,1.06,3445
datased:polyphonic:003445,S-0575,DataSED - DataSED - Dataset for Sound Event Detection of environmental noise/SED_wav/S-0575.wav,polyphonic,Cicadas and crickets,cicadas_and_crickets,64.4,67.2,0.62,0.65,2.81,3446
datased:polyphonic:003446,S-0575,DataSED - DataSED - Dataset for Sound Event Detection of environmental noise/SED_wav/S-0575.wav,polyphonic,Birds,birds,65.89,67.27,0.64,0.65,1.37,3447
datased:polyphonic:003447,S-0575,DataSED - DataSED - Dataset for Sound Event Detection of environmental noise/SED_wav/S-0575.wav,polyphonic,Cicadas and crickets,cicadas_and_crickets,72.88,78.81,0.71,0.76,5.93,3448
datased:polyphonic:003448,S-0575,DataSED - DataSED - Dataset for Sound Event Detection of environmental noise/SED_wav/S-0575.wav,polyphonic,Voices,voices,72.88,74.56,0.71,0.72,1.68,3449
datased:polyphonic:003449,S-0575,DataSED - DataSED - Dataset for Sound Event Detection of environmental noise/SED_wav/S-0575.wav,polyphonic,Birds,birds,74.19,78.62,0.72,0.76,4.43,3450
datased:polyphonic:003450,S-0575,DataSED - DataSED - Dataset for Sound Event Detection of environmental noise/SED_wav/S-0575.wav,polyphonic,Cicadas and crickets,cicadas_and_crickets,84.36,89.23,0.82,0.87,4.87,3451
datased:polyphonic:003451,S-0575,DataSED - DataSED - Dataset for Sound Event Detection of environmental noise/SED_wav/S-0575.wav,polyphonic,Birds,birds,84.92,89.04,0.82,0.86,4.12,3452
datased:polyphonic:003452,S-0575,DataSED - DataSED - Dataset for Sound Event Detection of environmental noise/SED_wav/S-0575.wav,polyphonic,Cicadas and crickets,cicadas_and_crickets,96.84,102.2,0.94,0.99,5.37,3453
datased:polyphonic:003453,S-0575,DataSED - DataSED - Dataset for Sound Event Detection of environmental noise/SED_wav/S-0575.wav,polyphonic,Birds,birds,97.27,99.64,0.94,0.97,2.37,3454
datased:polyphonic:003454,S-0576,DataSED - DataSED - Dataset for Sound Event Detection of environmental noise/SED_wav/S-0576.wav,polyphonic,Cicadas and crickets,cicadas_and_crickets,0.0,91.41,0.0,0.41,91.41,3455
datased:polyphonic:003455,S-0576,DataSED - DataSED - Dataset for Sound Event Detection of environmental noise/SED_wav/S-0576.wav,polyphonic,Birds,birds,5.49,8.63,0.02,0.04,3.14,3456
datased:polyphonic:003456,S-0576,DataSED - DataSED - Dataset for Sound Event Detection of environmental noise/SED_wav/S-0576.wav,polyphonic,Birds,birds,12.46,15.87,0.06,0.07,3.41,3457
datased:polyphonic:003457,S-0576,DataSED - DataSED - Dataset for Sound Event Detection of environmental noise/SED_wav/S-0576.wav,polyphonic,Birds,birds,22.16,24.75,0.1,0.11,2.6,3458
datased:polyphonic:003458,S-0576,DataSED - DataSED - Dataset for Sound Event Detection of environmental noise/SED_wav/S-0576.wav,polyphonic,Birds,birds,32.67,49.06,0.14,0.22,16.39,3459
datased:polyphonic:003459,S-0576,DataSED - DataSED - Dataset for Sound Event Detection of environmental noise/SED_wav/S-0576.wav,polyphonic,Birds,birds,55.62,59.85,0.25,0.27,4.23,3460
datased:polyphonic:003460,S-0576,DataSED - DataSED - Dataset for Sound Event Detection of environmental noise/SED_wav/S-0576.wav,polyphonic,Birds,birds,66.82,72.01,0.3,0.32,5.19,3461
datased:polyphonic:003461,S-0576,DataSED - DataSED - Dataset for Sound Event Detection of environmental noise/SED_wav/S-0576.wav,polyphonic,Birds,birds,88.81,91.41,0.39,0.41,2.6,3462
datased:polyphonic:003462,S-0576,DataSED - DataSED - Dataset for Sound Event Detection of environmental noise/SED_wav/S-0576.wav,polyphonic,Cicadas and crickets,cicadas_and_crickets,93.18,101.51,0.41,0.45,8.33,3463
datased:polyphonic:003463,S-0576,DataSED - DataSED - Dataset for Sound Event Detection of environmental noise/SED_wav/S-0576.wav,polyphonic,Birds,birds,100.28,101.65,0.44,0.45,1.37,3464
datased:polyphonic:003464,S-0576,DataSED - DataSED - Dataset for Sound Event Detection of environmental noise/SED_wav/S-0576.wav,polyphonic,Cicadas and crickets,cicadas_and_crickets,109.03,118.18,0.48,0.52,9.15,3465
datased:polyphonic:003465,S-0576,DataSED - DataSED - Dataset for Sound Event Detection of environmental noise/SED_wav/S-0576.wav,polyphonic,Birds,birds,116.68,117.9,0.52,0.52,1.23,3466
datased:polyphonic:003466,S-0576,DataSED - DataSED - Dataset for Sound Event Detection of environmental noise/SED_wav/S-0576.wav,polyphonic,Cicadas and crickets,cicadas_and_crickets,125.01,135.25,0.55,0.6,10.24,3467
datased:polyphonic:003467,S-0576,DataSED - DataSED - Dataset for Sound Event Detection of environmental noise/SED_wav/S-0576.wav,polyphonic,Birds,birds,126.1,134.3,0.56,0.6,8.2,3468
datased:polyphonic:003468,S-0576,DataSED - DataSED - Dataset for Sound Event Detection of environmental noise/SED_wav/S-0576.wav,polyphonic,Cicadas and crickets,cicadas_and_crickets,142.35,150.14,0.63,0.67,7.79,3469
datased:polyphonic:003469,S-0576,DataSED - DataSED - Dataset for Sound Event Detection of environmental noise/SED_wav/S-0576.wav,polyphonic,Cicadas and crickets,cicadas_and_crickets,157.38,164.62,0.7,0.73,7.24,3470
datased:polyphonic:003470,S-0576,DataSED - DataSED - Dataset for Sound Event Detection of environmental noise/SED_wav/S-0576.wav,polyphonic,Cicadas and crickets,cicadas_and_crickets,173.77,181.69,0.77,0.81,7.92,3471
datased:polyphonic:003471,S-0576,DataSED - DataSED - Dataset for Sound Event Detection of environmental noise/SED_wav/S-0576.wav,polyphonic,Birds,birds,180.05,181.28,0.8,0.8,1.23,3472
datased:polyphonic:003472,S-0576,DataSED - DataSED - Dataset for Sound Event Detection of environmental noise/SED_wav/S-0576.wav,polyphonic,Cicadas and crickets,cicadas_and_crickets,186.75,190.02,0.83,0.84,3.28,3473
datased:polyphonic:003473,S-0576,DataSED - DataSED - Dataset for Sound Event Detection of environmental noise/SED_wav/S-0576.wav,polyphonic,Birds,birds,187.29,189.89,0.83,0.84,2.6,3474
datased:polyphonic:003474,S-0576,DataSED - DataSED - Dataset for Sound Event Detection of environmental noise/SED_wav/S-0576.wav,polyphonic,Cicadas and crickets,cicadas_and_crickets,195.08,201.63,0.86,0.89,6.56,3475
datased:polyphonic:003475,S-0576,DataSED - DataSED - Dataset for Sound Event Detection of environmental noise/SED_wav/S-0576.wav,polyphonic,Voices,voices,196.31,198.08,0.87,0.88,1.78,3476
datased:polyphonic:003476,S-0576,DataSED - DataSED - Dataset for Sound Event Detection of environmental noise/SED_wav/S-0576.wav,polyphonic,Birds,birds,198.49,200.68,0.88,0.89,2.19,3477
datased:polyphonic:003477,S-0576,DataSED - DataSED - Dataset for Sound Event Detection of environmental noise/SED_wav/S-0576.wav,polyphonic,Cicadas and crickets,cicadas_and_crickets,207.1,211.74,0.92,0.94,4.64,3478
datased:polyphonic:003478,S-0576,DataSED - DataSED - Dataset for Sound Event Detection of environmental noise/SED_wav/S-0576.wav,polyphonic,Birds,birds,208.19,211.47,0.92,0.94,3.28,3479
datased:polyphonic:003479,S-0576,DataSED - DataSED - Dataset for Sound Event Detection of environmental noise/SED_wav/S-0576.wav,polyphonic,Cicadas and crickets,cicadas_and_crickets,219.12,223.76,0.97,0.99,4.64,3480
datased:polyphonic:003480,S-0577,DataSED - DataSED - Dataset for Sound Event Detection of environmental noise/SED_wav/S-0577.wav,polyphonic,Birds,birds,0.83,11.34,0.01,0.09,10.51,3481
datased:polyphonic:003481,S-0577,DataSED - DataSED - Dataset for Sound Event Detection of environmental noise/SED_wav/S-0577.wav,polyphonic,Cicadas and crickets,cicadas_and_crickets,0.83,11.34,0.01,0.09,10.51,3482
datased:polyphonic:003482,S-0577,DataSED - DataSED - Dataset for Sound Event Detection of environmental noise/SED_wav/S-0577.wav,polyphonic,Birds,birds,19.77,26.13,0.16,0.21,6.36,3483
datased:polyphonic:003483,S-0577,DataSED - DataSED - Dataset for Sound Event Detection of environmental noise/SED_wav/S-0577.wav,polyphonic,Cicadas and crickets,cicadas_and_crickets,19.77,26.13,0.16,0.21,6.36,3484
datased:polyphonic:003484,S-0577,DataSED - DataSED - Dataset for Sound Event Detection of environmental noise/SED_wav/S-0577.wav,polyphonic,Chicken coop,chicken_coop,20.51,22.73,0.17,0.19,2.22,3485
datased:polyphonic:003485,S-0577,DataSED - DataSED - Dataset for Sound Event Detection of environmental noise/SED_wav/S-0577.wav,polyphonic,Cicadas and crickets,cicadas_and_crickets,34.12,39.38,0.28,0.32,5.25,3486
datased:polyphonic:003486,S-0577,DataSED - DataSED - Dataset for Sound Event Detection of environmental noise/SED_wav/S-0577.wav,polyphonic,Birds,birds,34.12,39.38,0.28,0.32,5.25,3487
datased:polyphonic:003487,S-0577,DataSED - DataSED - Dataset for Sound Event Detection of environmental noise/SED_wav/S-0577.wav,polyphonic,Birds,birds,47.52,54.47,0.39,0.45,6.96,3488
datased:polyphonic:003488,S-0577,DataSED - DataSED - Dataset for Sound Event Detection of environmental noise/SED_wav/S-0577.wav,polyphonic,Cicadas and crickets,cicadas_and_crickets,47.52,54.47,0.39,0.45,6.96,3489
datased:polyphonic:003489,S-0577,DataSED - DataSED - Dataset for Sound Event Detection of environmental noise/SED_wav/S-0577.wav,polyphonic,Cicadas and crickets,cicadas_and_crickets,62.98,69.79,0.52,0.57,6.81,3490
datased:polyphonic:003490,S-0577,DataSED - DataSED - Dataset for Sound Event Detection of environmental noise/SED_wav/S-0577.wav,polyphonic,Birds,birds,62.98,69.79,0.52,0.57,6.81,3491
datased:polyphonic:003491,S-0577,DataSED - DataSED - Dataset for Sound Event Detection of environmental noise/SED_wav/S-0577.wav,polyphonic,Cicadas and crickets,cicadas_and_crickets,78.22,84.51,0.64,0.69,6.29,3492
datased:polyphonic:003492,S-0577,DataSED - DataSED - Dataset for Sound Event Detection of environmental noise/SED_wav/S-0577.wav,polyphonic,Birds,birds,78.22,84.51,0.64,0.69,6.29,3493
datased:polyphonic:003493,S-0577,DataSED - DataSED - Dataset for Sound Event Detection of environmental noise/SED_wav/S-0577.wav,polyphonic,Birds,birds,92.95,96.87,0.76,0.79,3.92,3494
datased:polyphonic:003494,S-0577,DataSED - DataSED - Dataset for Sound Event Detection of environmental noise/SED_wav/S-0577.wav,polyphonic,Cicadas and crickets,cicadas_and_crickets,92.95,96.87,0.76,0.79,3.92,3495
datased:polyphonic:003495,S-0577,DataSED - DataSED - Dataset for Sound Event Detection of environmental noise/SED_wav/S-0577.wav,polyphonic,Cicadas and crickets,cicadas_and_crickets,105.01,112.92,0.86,0.92,7.92,3496
datased:polyphonic:003496,S-0577,DataSED - DataSED - Dataset for Sound Event Detection of environmental noise/SED_wav/S-0577.wav,polyphonic,Birds,birds,105.01,112.92,0.86,0.92,7.92,3497
datased:polyphonic:003497,S-0577,DataSED - DataSED - Dataset for Sound Event Detection of environmental noise/SED_wav/S-0577.wav,polyphonic,Chicken coop,chicken_coop,111.44,113.07,0.91,0.92,1.63,3498
datased:polyphonic:003498,S-0578,DataSED - DataSED - Dataset for Sound Event Detection of environmental noise/SED_wav/S-0578.wav,polyphonic,Cicadas and crickets,cicadas_and_crickets,3.35,12.82,0.03,0.1,9.47,3499
datased:polyphonic:003499,S-0578,DataSED - DataSED - Dataset for Sound Event Detection of environmental noise/SED_wav/S-0578.wav,polyphonic,Cicadas and crickets,cicadas_and_crickets,17.56,27.8,0.14,0.22,10.24,3500
datased:polyphonic:003500,S-0578,DataSED - DataSED - Dataset for Sound Event Detection of environmental noise/SED_wav/S-0578.wav,polyphonic,Cicadas and crickets,cicadas_and_crickets,32.38,37.66,0.25,0.29,5.28,3501
datased:polyphonic:003501,S-0578,DataSED - DataSED - Dataset for Sound Event Detection of environmental noise/SED_wav/S-0578.wav,polyphonic,Cicadas and crickets,cicadas_and_crickets,42.55,50.46,0.33,0.39,7.92,3502
datased:polyphonic:003502,S-0578,DataSED - DataSED - Dataset for Sound Event Detection of environmental noise/SED_wav/S-0578.wav,polyphonic,Cicadas and crickets,cicadas_and_crickets,58.61,65.83,0.46,0.51,7.22,3503
datased:polyphonic:003503,S-0578,DataSED - DataSED - Dataset for Sound Event Detection of environmental noise/SED_wav/S-0578.wav,polyphonic,Cicadas and crickets,cicadas_and_crickets,72.27,77.16,0.56,0.6,4.89,3504
datased:polyphonic:003504,S-0578,DataSED - DataSED - Dataset for Sound Event Detection of environmental noise/SED_wav/S-0578.wav,polyphonic,Cicadas and crickets,cicadas_and_crickets,83.06,87.72,0.65,0.68,4.66,3505
datased:polyphonic:003505,S-0578,DataSED - DataSED - Dataset for Sound Event Detection of environmental noise/SED_wav/S-0578.wav,polyphonic,Cicadas and crickets,cicadas_and_crickets,94.08,100.91,0.73,0.79,6.83,3506
datased:polyphonic:003506,S-0578,DataSED - DataSED - Dataset for Sound Event Detection of environmental noise/SED_wav/S-0578.wav,polyphonic,Cicadas and crickets,cicadas_and_crickets,107.12,113.09,0.84,0.88,5.98,3507
datased:polyphonic:003507,S-0578,DataSED - DataSED - Dataset for Sound Event Detection of environmental noise/SED_wav/S-0578.wav,polyphonic,Cicadas and crickets,cicadas_and_crickets,119.69,127.53,0.93,0.99,7.84,3508
datased:polyphonic:003508,S-0579,DataSED - DataSED - Dataset for Sound Event Detection of environmental noise/SED_wav/S-0579.wav,polyphonic,Cicadas and crickets,cicadas_and_crickets,6.07,24.21,0.04,0.16,18.14,3509
datased:polyphonic:003509,S-0579,DataSED - DataSED - Dataset for Sound Event Detection of environmental noise/SED_wav/S-0579.wav,polyphonic,Cicadas and crickets,cicadas_and_crickets,30.62,45.74,0.2,0.3,15.12,3510
datased:polyphonic:003510,S-0579,DataSED - DataSED - Dataset for Sound Event Detection of environmental noise/SED_wav/S-0579.wav,polyphonic,Cicadas and crickets,cicadas_and_crickets,53.07,63.61,0.35,0.42,10.54,3511
datased:polyphonic:003511,S-0579,DataSED - DataSED - Dataset for Sound Event Detection of environmental noise/SED_wav/S-0579.wav,polyphonic,Cicadas and crickets,cicadas_and_crickets,69.65,76.98,0.46,0.51,7.33,3512
datased:polyphonic:003512,S-0579,DataSED - DataSED - Dataset for Sound Event Detection of environmental noise/SED_wav/S-0579.wav,polyphonic,Cicadas and crickets,cicadas_and_crickets,83.58,96.13,0.55,0.64,12.55,3513
datased:polyphonic:003513,S-0579,DataSED - DataSED - Dataset for Sound Event Detection of environmental noise/SED_wav/S-0579.wav,polyphonic,Cicadas and crickets,cicadas_and_crickets,102.82,110.97,0.68,0.73,8.15,3514
datased:polyphonic:003514,S-0579,DataSED - DataSED - Dataset for Sound Event Detection of environmental noise/SED_wav/S-0579.wav,polyphonic,Cicadas and crickets,cicadas_and_crickets,117.3,122.98,0.77,0.81,5.68,3515
datased:polyphonic:003515,S-0579,DataSED - DataSED - Dataset for Sound Event Detection of environmental noise/SED_wav/S-0579.wav,polyphonic,Cicadas and crickets,cicadas_and_crickets,129.76,145.7,0.86,0.96,15.94,3516
datased:polyphonic:003516,S-0580,DataSED - DataSED - Dataset for Sound Event Detection of environmental noise/SED_wav/S-0580.wav,polyphonic,Cicadas and crickets,cicadas_and_crickets,3.92,7.95,0.04,0.08,4.03,3517
datased:polyphonic:003517,S-0580,DataSED - DataSED - Dataset for Sound Event Detection of environmental noise/SED_wav/S-0580.wav,polyphonic,Cicadas and crickets,cicadas_and_crickets,10.52,13.03,0.11,0.14,2.51,3518
datased:polyphonic:003518,S-0580,DataSED - DataSED - Dataset for Sound Event Detection of environmental noise/SED_wav/S-0580.wav,polyphonic,Cicadas and crickets,cicadas_and_crickets,16.01,18.06,0.17,0.19,2.04,3519
datased:polyphonic:003519,S-0580,DataSED - DataSED - Dataset for Sound Event Detection of environmental noise/SED_wav/S-0580.wav,polyphonic,Cicadas and crickets,cicadas_and_crickets,20.68,22.96,0.21,0.24,2.28,3520
datased:polyphonic:003520,S-0580,DataSED - DataSED - Dataset for Sound Event Detection of environmental noise/SED_wav/S-0580.wav,polyphonic,Cicadas and crickets,cicadas_and_crickets,25.42,27.28,0.26,0.28,1.87,3521
datased:polyphonic:003521,S-0580,DataSED - DataSED - Dataset for Sound Event Detection of environmental noise/SED_wav/S-0580.wav,polyphonic,Cicadas and crickets,cicadas_and_crickets,30.44,32.6,0.32,0.34,2.16,3522
datased:polyphonic:003522,S-0580,DataSED - DataSED - Dataset for Sound Event Detection of environmental noise/SED_wav/S-0580.wav,polyphonic,Cicadas and crickets,cicadas_and_crickets,35.17,37.09,0.36,0.38,1.93,3523
datased:polyphonic:003523,S-0580,DataSED - DataSED - Dataset for Sound Event Detection of environmental noise/SED_wav/S-0580.wav,polyphonic,Cicadas and crickets,cicadas_and_crickets,40.66,43.4,0.42,0.45,2.74,3524
datased:polyphonic:003524,S-0580,DataSED - DataSED - Dataset for Sound Event Detection of environmental noise/SED_wav/S-0580.wav,polyphonic,Cicadas and crickets,cicadas_and_crickets,46.2,48.77,0.48,0.51,2.57,3525
datased:polyphonic:003525,S-0580,DataSED - DataSED - Dataset for Sound Event Detection of environmental noise/SED_wav/S-0580.wav,polyphonic,Cicadas and crickets,cicadas_and_crickets,51.87,58.06,0.54,0.6,6.19,3526
datased:polyphonic:003526,S-0580,DataSED - DataSED - Dataset for Sound Event Detection of environmental noise/SED_wav/S-0580.wav,polyphonic,Cicadas and crickets,cicadas_and_crickets,60.69,65.13,0.63,0.67,4.44,3527
datased:polyphonic:003527,S-0580,DataSED - DataSED - Dataset for Sound Event Detection of environmental noise/SED_wav/S-0580.wav,polyphonic,Cicadas and crickets,cicadas_and_crickets,67.75,71.49,0.7,0.74,3.74,3528
datased:polyphonic:003528,S-0580,DataSED - DataSED - Dataset for Sound Event Detection of environmental noise/SED_wav/S-0580.wav,polyphonic,Cicadas and crickets,cicadas_and_crickets,75.35,89.54,0.78,0.93,14.19,3529
datased:polyphonic:003529,S-0581,DataSED - DataSED - Dataset for Sound Event Detection of environmental noise/SED_wav/S-0581.wav,polyphonic,Cicadas and crickets,cicadas_and_crickets,1.43,7.9,0.03,0.15,6.47,3530
datased:polyphonic:003530,S-0581,DataSED - DataSED - Dataset for Sound Event Detection of environmental noise/SED_wav/S-0581.wav,polyphonic,Cicadas and crickets,cicadas_and_crickets,12.23,19.09,0.23,0.36,6.86,3531
datased:polyphonic:003531,S-0581,DataSED - DataSED - Dataset for Sound Event Detection of environmental noise/SED_wav/S-0581.wav,polyphonic,Cicadas and crickets,cicadas_and_crickets,23.2,29.73,0.43,0.56,6.53,3532
datased:polyphonic:003532,S-0581,DataSED - DataSED - Dataset for Sound Event Detection of environmental noise/SED_wav/S-0581.wav,polyphonic,Cicadas and crickets,cicadas_and_crickets,35.23,45.61,0.66,0.85,10.38,3533
datased:polyphonic:003533,S-0582,DataSED - DataSED - Dataset for Sound Event Detection of environmental noise/SED_wav/S-0582.wav,polyphonic,Cicadas and crickets,cicadas_and_crickets,0.0,5.09,0.0,0.05,5.09,3534
datased:polyphonic:003534,S-0582,DataSED - DataSED - Dataset for Sound Event Detection of environmental noise/SED_wav/S-0582.wav,polyphonic,Cicadas and crickets,cicadas_and_crickets,9.55,13.56,0.1,0.15,4.01,3535
datased:polyphonic:003535,S-0582,DataSED - DataSED - Dataset for Sound Event Detection of environmental noise/SED_wav/S-0582.wav,polyphonic,Cicadas and crickets,cicadas_and_crickets,18.19,20.22,0.2,0.22,2.03,3536
datased:polyphonic:003536,S-0582,DataSED - DataSED - Dataset for Sound Event Detection of environmental noise/SED_wav/S-0582.wav,polyphonic,Cicadas and crickets,cicadas_and_crickets,24.74,27.33,0.27,0.29,2.6,3537
datased:polyphonic:003537,S-0582,DataSED - DataSED - Dataset for Sound Event Detection of environmental noise/SED_wav/S-0582.wav,polyphonic,Cicadas and crickets,cicadas_and_crickets,29.76,32.3,0.32,0.35,2.54,3538
datased:polyphonic:003538,S-0582,DataSED - DataSED - Dataset for Sound Event Detection of environmental noise/SED_wav/S-0582.wav,polyphonic,Cicadas and crickets,cicadas_and_crickets,36.99,39.81,0.4,0.43,2.82,3539
datased:polyphonic:003539,S-0582,DataSED - DataSED - Dataset for Sound Event Detection of environmental noise/SED_wav/S-0582.wav,polyphonic,Cicadas and crickets,cicadas_and_crickets,44.04,48.22,0.47,0.52,4.18,3540
datased:polyphonic:003540,S-0582,DataSED - DataSED - Dataset for Sound Event Detection of environmental noise/SED_wav/S-0582.wav,polyphonic,Cicadas and crickets,cicadas_and_crickets,52.51,55.84,0.56,0.6,3.33,3541
datased:polyphonic:003541,S-0582,DataSED - DataSED - Dataset for Sound Event Detection of environmental noise/SED_wav/S-0582.wav,polyphonic,Cicadas and crickets,cicadas_and_crickets,60.19,62.67,0.65,0.67,2.48,3542
datased:polyphonic:003542,S-0582,DataSED - DataSED - Dataset for Sound Event Detection of environmental noise/SED_wav/S-0582.wav,polyphonic,Cicadas and crickets,cicadas_and_crickets,67.02,68.88,0.72,0.74,1.86,3543
datased:polyphonic:003543,S-0582,DataSED - DataSED - Dataset for Sound Event Detection of environmental noise/SED_wav/S-0582.wav,polyphonic,Cicadas and crickets,cicadas_and_crickets,73.39,76.73,0.79,0.82,3.33,3544
datased:polyphonic:003544,S-0582,DataSED - DataSED - Dataset for Sound Event Detection of environmental noise/SED_wav/S-0582.wav,polyphonic,Cicadas and crickets,cicadas_and_crickets,83.61,88.01,0.9,0.94,4.4,3545
datased:polyphonic:003545,S-0583,DataSED - DataSED - Dataset for Sound Event Detection of environmental noise/SED_wav/S-0583.wav,polyphonic,Cicadas and crickets,cicadas_and_crickets,3.04,5.96,0.08,0.15,2.92,3546
datased:polyphonic:003546,S-0583,DataSED - DataSED - Dataset for Sound Event Detection of environmental noise/SED_wav/S-0583.wav,polyphonic,Cicadas and crickets,cicadas_and_crickets,8.66,11.77,0.22,0.3,3.11,3547
datased:polyphonic:003547,S-0583,DataSED - DataSED - Dataset for Sound Event Detection of environmental noise/SED_wav/S-0583.wav,polyphonic,Cicadas and crickets,cicadas_and_crickets,14.33,16.87,0.37,0.43,2.54,3548
datased:polyphonic:003548,S-0583,DataSED - DataSED - Dataset for Sound Event Detection of environmental noise/SED_wav/S-0583.wav,polyphonic,Cicadas and crickets,cicadas_and_crickets,19.62,21.94,0.5,0.56,2.32,3549
datased:polyphonic:003549,S-0583,DataSED - DataSED - Dataset for Sound Event Detection of environmental noise/SED_wav/S-0583.wav,polyphonic,Cicadas and crickets,cicadas_and_crickets,27.52,29.91,0.7,0.76,2.4,3550
datased:polyphonic:003550,S-0583,DataSED - DataSED - Dataset for Sound Event Detection of environmental noise/SED_wav/S-0583.wav,polyphonic,Cicadas and crickets,cicadas_and_crickets,32.71,34.66,0.83,0.88,1.94,3551
datased:polyphonic:003551,S-0583,DataSED - DataSED - Dataset for Sound Event Detection of environmental noise/SED_wav/S-0583.wav,polyphonic,Cicadas and crickets,cicadas_and_crickets,37.22,39.19,0.95,1.0,1.97,3552
datased:polyphonic:003552,S-0584,DataSED - DataSED - Dataset for Sound Event Detection of environmental noise/SED_wav/S-0584.wav,polyphonic,Jet aircrafts,jet_aircrafts,2.04,33.08,0.02,0.31,31.03,3553
datased:polyphonic:003553,S-0584,DataSED - DataSED - Dataset for Sound Event Detection of environmental noise/SED_wav/S-0584.wav,polyphonic,Propeller aircrafts,propeller_aircrafts,40.8,101.89,0.38,0.94,61.09,3554
datased:polyphonic:003554,S-0585,DataSED - DataSED - Dataset for Sound Event Detection of environmental noise/SED_wav/S-0585.wav,polyphonic,Propeller aircrafts,propeller_aircrafts,0.0,21.64,0.0,0.17,21.64,3555
datased:polyphonic:003555,S-0585,DataSED - DataSED - Dataset for Sound Event Detection of environmental noise/SED_wav/S-0585.wav,polyphonic,Train,train,21.56,36.71,0.17,0.29,15.14,3556
datased:polyphonic:003556,S-0585,DataSED - DataSED - Dataset for Sound Event Detection of environmental noise/SED_wav/S-0585.wav,polyphonic,Vehicle pass-by,vehicle_pass_by,39.04,49.74,0.31,0.4,10.7,3557
datased:polyphonic:003557,S-0585,DataSED - DataSED - Dataset for Sound Event Detection of environmental noise/SED_wav/S-0585.wav,polyphonic,Propeller aircrafts,propeller_aircrafts,50.42,96.45,0.41,0.77,46.03,3558
datased:polyphonic:003558,S-0585,DataSED - DataSED - Dataset for Sound Event Detection of environmental noise/SED_wav/S-0585.wav,polyphonic,Vehicle pass-by,vehicle_pass_by,96.52,104.66,0.78,0.84,8.14,3559
datased:polyphonic:003559,S-0585,DataSED - DataSED - Dataset for Sound Event Detection of environmental noise/SED_wav/S-0585.wav,polyphonic,Propeller aircrafts,propeller_aircrafts,103.53,124.47,0.83,1.0,20.94,3560
datased:polyphonic:003560,S-0586,DataSED - DataSED - Dataset for Sound Event Detection of environmental noise/SED_wav/S-0586.wav,polyphonic,Propeller aircrafts,propeller_aircrafts,0.17,16.89,0.01,1.0,16.72,3561
datased:polyphonic:003561,S-0587,DataSED - DataSED - Dataset for Sound Event Detection of environmental noise/SED_wav/S-0587.wav,polyphonic,Propeller aircrafts,propeller_aircrafts,1.74,98.4,0.0,0.25,96.66,3562
datased:polyphonic:003562,S-0587,DataSED - DataSED - Dataset for Sound Event Detection of environmental noise/SED_wav/S-0587.wav,polyphonic,Propeller aircrafts,propeller_aircrafts,99.13,395.63,0.25,0.99,296.5,3563
datased:polyphonic:003563,S-0587,DataSED - DataSED - Dataset for Sound Event Detection of environmental noise/SED_wav/S-0587.wav,polyphonic,Voices,voices,384.27,390.8,0.96,0.98,6.52,3564
datased:polyphonic:003564,S-0587,DataSED - DataSED - Dataset for Sound Event Detection of environmental noise/SED_wav/S-0587.wav,polyphonic,Dog barkings and howlings,dog_barkings_and_howlings,392.25,395.39,0.98,0.99,3.14,3565
datased:polyphonic:003565,S-0588,DataSED - DataSED - Dataset for Sound Event Detection of environmental noise/SED_wav/S-0588.wav,polyphonic,Propeller aircrafts,propeller_aircrafts,0.4,39.79,0.01,0.98,39.39,3566
datased:polyphonic:003566,S-0589,DataSED - DataSED - Dataset for Sound Event Detection of environmental noise/SED_wav/S-0589.wav,polyphonic,Birds,birds,3.02,7.88,0.04,0.1,4.86,3567
datased:polyphonic:003567,S-0589,DataSED - DataSED - Dataset for Sound Event Detection of environmental noise/SED_wav/S-0589.wav,polyphonic,Propeller aircrafts,propeller_aircrafts,5.75,14.22,0.08,0.19,8.47,3568
datased:polyphonic:003568,S-0589,DataSED - DataSED - Dataset for Sound Event Detection of environmental noise/SED_wav/S-0589.wav,polyphonic,Birds,birds,12.56,16.91,0.16,0.22,4.35,3569
datased:polyphonic:003569,S-0589,DataSED - DataSED - Dataset for Sound Event Detection of environmental noise/SED_wav/S-0589.wav,polyphonic,Birds,birds,18.8,24.45,0.25,0.32,5.65,3570
datased:polyphonic:003570,S-0589,DataSED - DataSED - Dataset for Sound Event Detection of environmental noise/SED_wav/S-0589.wav,polyphonic,Birds,birds,25.47,75.83,0.33,0.99,50.36,3571
datased:polyphonic:003571,S-0589,DataSED - DataSED - Dataset for Sound Event Detection of environmental noise/SED_wav/S-0589.wav,polyphonic,Propeller aircrafts,propeller_aircrafts,25.84,75.38,0.34,0.99,49.53,3572
datased:polyphonic:003572,S-0590,DataSED - DataSED - Dataset for Sound Event Detection of environmental noise/SED_wav/S-0590.wav,polyphonic,Cicadas and crickets,cicadas_and_crickets,1.0,201.31,0.0,1.0,200.31,3573
datased:polyphonic:003573,S-0590,DataSED - DataSED - Dataset for Sound Event Detection of environmental noise/SED_wav/S-0590.wav,polyphonic,Propeller aircrafts,propeller_aircrafts,39.69,188.28,0.2,0.93,148.59,3574
datased:polyphonic:003574,S-0591,DataSED - DataSED - Dataset for Sound Event Detection of environmental noise/SED_wav/S-0591.wav,polyphonic,Propeller aircrafts,propeller_aircrafts,0.0,57.02,0.0,0.84,57.02,3575
datased:polyphonic:003575,S-0592,DataSED - DataSED - Dataset for Sound Event Detection of environmental noise/SED_wav/S-0592.wav,polyphonic,Propeller aircrafts,propeller_aircrafts,4.76,38.58,0.12,0.93,33.81,3576
datased:polyphonic:003576,S-0593,DataSED - DataSED - Dataset for Sound Event Detection of environmental noise/SED_wav/S-0593.wav,polyphonic,Birds,birds,0.0,25.29,0.0,0.14,25.29,3577
datased:polyphonic:003577,S-0593,DataSED - DataSED - Dataset for Sound Event Detection of environmental noise/SED_wav/S-0593.wav,polyphonic,Propeller aircrafts,propeller_aircrafts,16.94,91.36,0.1,0.52,74.42,3578
datased:polyphonic:003578,S-0593,DataSED - DataSED - Dataset for Sound Event Detection of environmental noise/SED_wav/S-0593.wav,polyphonic,Birds,birds,91.36,96.6,0.52,0.55,5.25,3579
datased:polyphonic:003579,S-0593,DataSED - DataSED - Dataset for Sound Event Detection of environmental noise/SED_wav/S-0593.wav,polyphonic,Propeller aircrafts,propeller_aircrafts,96.93,170.17,0.55,0.96,73.24,3580
datased:polyphonic:003580,S-0593,DataSED - DataSED - Dataset for Sound Event Detection of environmental noise/SED_wav/S-0593.wav,polyphonic,Birds,birds,171.13,176.91,0.97,1.0,5.78,3581
datased:polyphonic:003581,S-0594,DataSED - DataSED - Dataset for Sound Event Detection of environmental noise/SED_wav/S-0594.wav,polyphonic,Propeller aircrafts,propeller_aircrafts,0.71,16.8,0.01,0.19,16.09,3582
datased:polyphonic:003582,S-0594,DataSED - DataSED - Dataset for Sound Event Detection of environmental noise/SED_wav/S-0594.wav,polyphonic,Propeller aircrafts,propeller_aircrafts,20.63,47.49,0.23,0.53,26.86,3583
datased:polyphonic:003583,S-0594,DataSED - DataSED - Dataset for Sound Event Detection of environmental noise/SED_wav/S-0594.wav,polyphonic,Propeller aircrafts,propeller_aircrafts,50.77,85.76,0.57,0.96,34.99,3584
datased:polyphonic:003584,S-0595,DataSED - DataSED - Dataset for Sound Event Detection of environmental noise/SED_wav/S-0595.wav,polyphonic,Voices,voices,0.0,1.04,0.0,0.03,1.04,3585
datased:polyphonic:003585,S-0595,DataSED - DataSED - Dataset for Sound Event Detection of environmental noise/SED_wav/S-0595.wav,polyphonic,Propeller aircrafts,propeller_aircrafts,1.12,33.64,0.03,0.96,32.52,3586
datased:polyphonic:003586,S-0595,DataSED - DataSED - Dataset for Sound Event Detection of environmental noise/SED_wav/S-0595.wav,polyphonic,Voices,voices,9.96,10.91,0.29,0.31,0.95,3587
datased:polyphonic:003587,S-0595,DataSED - DataSED - Dataset for Sound Event Detection of environmental noise/SED_wav/S-0595.wav,polyphonic,Voices,voices,19.96,20.87,0.57,0.6,0.91,3588
datased:polyphonic:003588,S-0595,DataSED - DataSED - Dataset for Sound Event Detection of environmental noise/SED_wav/S-0595.wav,polyphonic,Voices,voices,29.94,31.29,0.86,0.9,1.35,3589
datased:polyphonic:003589,S-0596,DataSED - DataSED - Dataset for Sound Event Detection of environmental noise/SED_wav/S-0596.wav,polyphonic,Voices,voices,0.0,1.11,0.0,0.06,1.11,3590
datased:polyphonic:003590,S-0596,DataSED - DataSED - Dataset for Sound Event Detection of environmental noise/SED_wav/S-0596.wav,polyphonic,Propeller aircrafts,propeller_aircrafts,1.08,16.77,0.06,0.95,15.7,3591
datased:polyphonic:003591,S-0596,DataSED - DataSED - Dataset for Sound Event Detection of environmental noise/SED_wav/S-0596.wav,polyphonic,Voices,voices,10.21,11.37,0.58,0.64,1.16,3592
datased:polyphonic:003592,S-0597,DataSED - DataSED - Dataset for Sound Event Detection of environmental noise/SED_wav/S-0597.wav,polyphonic,Voices,voices,1.33,2.04,0.03,0.04,0.72,3593
datased:polyphonic:003593,S-0597,DataSED - DataSED - Dataset for Sound Event Detection of environmental noise/SED_wav/S-0597.wav,polyphonic,Propeller aircrafts,propeller_aircrafts,2.21,41.87,0.05,0.92,39.66,3594
datased:polyphonic:003594,S-0597,DataSED - DataSED - Dataset for Sound Event Detection of environmental noise/SED_wav/S-0597.wav,polyphonic,Voices,voices,7.99,9.09,0.18,0.2,1.1,3595
datased:polyphonic:003595,S-0597,DataSED - DataSED - Dataset for Sound Event Detection of environmental noise/SED_wav/S-0597.wav,polyphonic,Voices,voices,15.81,16.83,0.35,0.37,1.02,3596
datased:polyphonic:003596,S-0597,DataSED - DataSED - Dataset for Sound Event Detection of environmental noise/SED_wav/S-0597.wav,polyphonic,Voices,voices,23.75,24.79,0.52,0.54,1.05,3597
datased:polyphonic:003597,S-0597,DataSED - DataSED - Dataset for Sound Event Detection of environmental noise/SED_wav/S-0597.wav,polyphonic,Voices,voices,30.25,31.24,0.66,0.69,0.99,3598
datased:polyphonic:003598,S-0597,DataSED - DataSED - Dataset for Sound Event Detection of environmental noise/SED_wav/S-0597.wav,polyphonic,Voices,voices,37.38,38.45,0.82,0.85,1.07,3599
datased:polyphonic:003599,S-0598,DataSED - DataSED - Dataset for Sound Event Detection of environmental noise/SED_wav/S-0598.wav,polyphonic,Voices,voices,1.03,1.98,0.02,0.04,0.94,3600
datased:polyphonic:003600,S-0598,DataSED - DataSED - Dataset for Sound Event Detection of environmental noise/SED_wav/S-0598.wav,polyphonic,Propeller aircrafts,propeller_aircrafts,2.03,44.15,0.04,0.94,42.12,3601
datased:polyphonic:003601,S-0598,DataSED - DataSED - Dataset for Sound Event Detection of environmental noise/SED_wav/S-0598.wav,polyphonic,Voices,voices,9.29,10.29,0.2,0.22,1.0,3602
datased:polyphonic:003602,S-0598,DataSED - DataSED - Dataset for Sound Event Detection of environmental noise/SED_wav/S-0598.wav,polyphonic,Voices,voices,17.85,19.05,0.38,0.4,1.2,3603
datased:polyphonic:003603,S-0598,DataSED - DataSED - Dataset for Sound Event Detection of environmental noise/SED_wav/S-0598.wav,polyphonic,Voices,voices,27.02,28.19,0.57,0.6,1.17,3604
datased:polyphonic:003604,S-0598,DataSED - DataSED - Dataset for Sound Event Detection of environmental noise/SED_wav/S-0598.wav,polyphonic,Voices,voices,35.9,36.95,0.76,0.78,1.06,3605
datased:polyphonic:003605,S-0599,DataSED - DataSED - Dataset for Sound Event Detection of environmental noise/SED_wav/S-0599.wav,polyphonic,Voices,voices,0.95,2.02,0.03,0.07,1.07,3606
datased:polyphonic:003606,S-0599,DataSED - DataSED - Dataset for Sound Event Detection of environmental noise/SED_wav/S-0599.wav,polyphonic,Propeller aircrafts,propeller_aircrafts,2.13,29.11,0.07,0.97,26.98,3607
datased:polyphonic:003607,S-0599,DataSED - DataSED - Dataset for Sound Event Detection of environmental noise/SED_wav/S-0599.wav,polyphonic,Voices,voices,11.03,12.08,0.37,0.4,1.05,3608
datased:polyphonic:003608,S-0599,DataSED - DataSED - Dataset for Sound Event Detection of environmental noise/SED_wav/S-0599.wav,polyphonic,Voices,voices,20.9,22.08,0.7,0.74,1.18,3609
datased:polyphonic:003609,S-0600,DataSED - DataSED - Dataset for Sound Event Detection of environmental noise/SED_wav/S-0600.wav,polyphonic,Voices,voices,0.0,1.56,0.0,0.06,1.56,3610
datased:polyphonic:003610,S-0600,DataSED - DataSED - Dataset for Sound Event Detection of environmental noise/SED_wav/S-0600.wav,polyphonic,Propeller aircrafts,propeller_aircrafts,1.61,27.01,0.06,0.99,25.4,3611
datased:polyphonic:003611,S-0600,DataSED - DataSED - Dataset for Sound Event Detection of environmental noise/SED_wav/S-0600.wav,polyphonic,Voices,voices,9.94,11.02,0.36,0.4,1.07,3612
datased:polyphonic:003612,S-0600,DataSED - DataSED - Dataset for Sound Event Detection of environmental noise/SED_wav/S-0600.wav,polyphonic,Voices,voices,19.95,21.22,0.73,0.78,1.27,3613
datased:polyphonic:003613,S-0601,DataSED - DataSED - Dataset for Sound Event Detection of environmental noise/SED_wav/S-0601.wav,polyphonic,Voices,voices,0.0,1.16,0.0,0.06,1.16,3614
datased:polyphonic:003614,S-0601,DataSED - DataSED - Dataset for Sound Event Detection of environmental noise/SED_wav/S-0601.wav,polyphonic,Jet aircrafts,jet_aircrafts,1.65,19.61,0.08,0.98,17.96,3615
datased:polyphonic:003615,S-0601,DataSED - DataSED - Dataset for Sound Event Detection of environmental noise/SED_wav/S-0601.wav,polyphonic,Voices,voices,9.98,10.91,0.5,0.54,0.92,3616
datased:polyphonic:003616,S-0602,DataSED - DataSED - Dataset for Sound Event Detection of environmental noise/SED_wav/S-0602.wav,polyphonic,Voices,voices,0.0,1.04,0.0,0.03,1.04,3617
datased:polyphonic:003617,S-0602,DataSED - DataSED - Dataset for Sound Event Detection of environmental noise/SED_wav/S-0602.wav,polyphonic,Propeller aircrafts,propeller_aircrafts,0.4,31.11,0.01,0.99,30.71,3618
datased:polyphonic:003618,S-0602,DataSED - DataSED - Dataset for Sound Event Detection of environmental noise/SED_wav/S-0602.wav,polyphonic,Voices,voices,10.24,11.09,0.33,0.35,0.85,3619
datased:polyphonic:003619,S-0602,DataSED - DataSED - Dataset for Sound Event Detection of environmental noise/SED_wav/S-0602.wav,polyphonic,Voices,voices,19.64,21.01,0.63,0.67,1.36,3620
datased:polyphonic:003620,S-0602,DataSED - DataSED - Dataset for Sound Event Detection of environmental noise/SED_wav/S-0602.wav,polyphonic,Voices,voices,30.6,31.23,0.98,1.0,0.63,3621
datased:polyphonic:003621,S-0603,DataSED - DataSED - Dataset for Sound Event Detection of environmental noise/SED_wav/S-0603.wav,polyphonic,Propeller aircrafts,propeller_aircrafts,1.46,60.03,0.02,1.0,58.57,3622
datased:polyphonic:003622,S-0603,DataSED - DataSED - Dataset for Sound Event Detection of environmental noise/SED_wav/S-0603.wav,polyphonic,Voices,voices,2.72,4.01,0.05,0.07,1.29,3623
datased:polyphonic:003623,S-0603,DataSED - DataSED - Dataset for Sound Event Detection of environmental noise/SED_wav/S-0603.wav,polyphonic,Crows seagulls and magpies,crows_seagulls_magpies,7.6,16.4,0.13,0.27,8.8,3624
datased:polyphonic:003624,S-0603,DataSED - DataSED - Dataset for Sound Event Detection of environmental noise/SED_wav/S-0603.wav,polyphonic,Voices,voices,12.99,14.29,0.22,0.24,1.31,3625
datased:polyphonic:003625,S-0603,DataSED - DataSED - Dataset for Sound Event Detection of environmental noise/SED_wav/S-0603.wav,polyphonic,Voices,voices,22.91,24.26,0.38,0.4,1.35,3626
datased:polyphonic:003626,S-0603,DataSED - DataSED - Dataset for Sound Event Detection of environmental noise/SED_wav/S-0603.wav,polyphonic,Voices,voices,32.91,34.29,0.55,0.57,1.38,3627
datased:polyphonic:003627,S-0603,DataSED - DataSED - Dataset for Sound Event Detection of environmental noise/SED_wav/S-0603.wav,polyphonic,Voices,voices,42.84,44.0,0.71,0.73,1.16,3628
datased:polyphonic:003628,S-0603,DataSED - DataSED - Dataset for Sound Event Detection of environmental noise/SED_wav/S-0603.wav,polyphonic,Voices,voices,52.76,54.14,0.88,0.9,1.38,3629
datased:polyphonic:003629,S-0604,DataSED - DataSED - Dataset for Sound Event Detection of environmental noise/SED_wav/S-0604.wav,polyphonic,Propeller aircrafts,propeller_aircrafts,0.17,14.12,0.01,0.83,13.96,3630
datased:polyphonic:003630,S-0604,DataSED - DataSED - Dataset for Sound Event Detection of environmental noise/SED_wav/S-0604.wav,polyphonic,Voices,voices,1.2,2.41,0.07,0.14,1.22,3631
datased:polyphonic:003631,S-0604,DataSED - DataSED - Dataset for Sound Event Detection of environmental noise/SED_wav/S-0604.wav,polyphonic,Voices,voices,6.01,7.06,0.35,0.41,1.05,3632
datased:polyphonic:003632,S-0604,DataSED - DataSED - Dataset for Sound Event Detection of environmental noise/SED_wav/S-0604.wav,polyphonic,Voices,voices,11.19,12.72,0.66,0.75,1.54,3633
datased:polyphonic:003633,S-0605,DataSED - DataSED - Dataset for Sound Event Detection of environmental noise/SED_wav/S-0605.wav,polyphonic,Propeller aircrafts,propeller_aircrafts,0.0,15.55,0.0,0.97,15.55,3634
datased:polyphonic:003634,S-0605,DataSED - DataSED - Dataset for Sound Event Detection of environmental noise/SED_wav/S-0605.wav,polyphonic,Voices,voices,0.0,1.48,0.0,0.09,1.48,3635
datased:polyphonic:003635,S-0605,DataSED - DataSED - Dataset for Sound Event Detection of environmental noise/SED_wav/S-0605.wav,polyphonic,Voices,voices,9.97,10.98,0.62,0.69,1.02,3636
datased:polyphonic:003636,S-0606,DataSED - DataSED - Dataset for Sound Event Detection of environmental noise/SED_wav/S-0606.wav,polyphonic,Propeller aircrafts,propeller_aircrafts,0.32,25.23,0.01,0.82,24.91,3637
datased:polyphonic:003637,S-0606,DataSED - DataSED - Dataset for Sound Event Detection of environmental noise/SED_wav/S-0606.wav,polyphonic,Voices,voices,1.14,2.21,0.04,0.07,1.08,3638
datased:polyphonic:003638,S-0606,DataSED - DataSED - Dataset for Sound Event Detection of environmental noise/SED_wav/S-0606.wav,polyphonic,Voices,voices,7.71,8.62,0.25,0.28,0.91,3639
datased:polyphonic:003639,S-0606,DataSED - DataSED - Dataset for Sound Event Detection of environmental noise/SED_wav/S-0606.wav,polyphonic,Voices,voices,14.55,15.39,0.47,0.5,0.84,3640
datased:polyphonic:003640,S-0606,DataSED - DataSED - Dataset for Sound Event Detection of environmental noise/SED_wav/S-0606.wav,polyphonic,Voices,voices,21.52,22.56,0.7,0.73,1.04,3641
datased:polyphonic:003641,S-0607,DataSED - DataSED - Dataset for Sound Event Detection of environmental noise/SED_wav/S-0607.wav,polyphonic,Propeller aircrafts,propeller_aircrafts,0.73,31.1,0.02,0.98,30.37,3642
datased:polyphonic:003642,S-0607,DataSED - DataSED - Dataset for Sound Event Detection of environmental noise/SED_wav/S-0607.wav,polyphonic,Voices,voices,4.02,4.96,0.13,0.16,0.94,3643
datased:polyphonic:003643,S-0607,DataSED - DataSED - Dataset for Sound Event Detection of environmental noise/SED_wav/S-0607.wav,polyphonic,Voices,voices,14.37,15.22,0.45,0.48,0.84,3644
datased:polyphonic:003644,S-0607,DataSED - DataSED - Dataset for Sound Event Detection of environmental noise/SED_wav/S-0607.wav,polyphonic,Voices,voices,23.99,24.78,0.76,0.78,0.79,3645
datased:polyphonic:003645,S-0608,DataSED - DataSED - Dataset for Sound Event Detection of environmental noise/SED_wav/S-0608.wav,polyphonic,Propeller aircrafts,propeller_aircrafts,0.25,23.56,0.01,0.98,23.31,3646
datased:polyphonic:003646,S-0608,DataSED - DataSED - Dataset for Sound Event Detection of environmental noise/SED_wav/S-0608.wav,polyphonic,Voices,voices,1.35,2.27,0.06,0.09,0.92,3647
datased:polyphonic:003647,S-0608,DataSED - DataSED - Dataset for Sound Event Detection of environmental noise/SED_wav/S-0608.wav,polyphonic,Voices,voices,11.21,12.29,0.47,0.51,1.08,3648
datased:polyphonic:003648,S-0608,DataSED - DataSED - Dataset for Sound Event Detection of environmental noise/SED_wav/S-0608.wav,polyphonic,Voices,voices,21.1,22.02,0.88,0.92,0.92,3649
datased:polyphonic:003649,S-0609,DataSED - DataSED - Dataset for Sound Event Detection of environmental noise/SED_wav/S-0609.wav,polyphonic,Propeller aircrafts,propeller_aircrafts,0.3,14.66,0.02,0.98,14.36,3650
datased:polyphonic:003650,S-0609,DataSED - DataSED - Dataset for Sound Event Detection of environmental noise/SED_wav/S-0609.wav,polyphonic,Voices,voices,1.17,1.97,0.08,0.13,0.8,3651
datased:polyphonic:003651,S-0609,DataSED - DataSED - Dataset for Sound Event Detection of environmental noise/SED_wav/S-0609.wav,polyphonic,Voices,voices,11.08,11.96,0.74,0.8,0.88,3652
datased:polyphonic:003652,S-0610,DataSED - DataSED - Dataset for Sound Event Detection of environmental noise/SED_wav/S-0610.wav,polyphonic,Propeller aircrafts,propeller_aircrafts,0.71,21.99,0.03,0.98,21.28,3653
datased:polyphonic:003653,S-0610,DataSED - DataSED - Dataset for Sound Event Detection of environmental noise/SED_wav/S-0610.wav,polyphonic,Voices,voices,4.25,5.21,0.19,0.23,0.97,3654
datased:polyphonic:003654,S-0610,DataSED - DataSED - Dataset for Sound Event Detection of environmental noise/SED_wav/S-0610.wav,polyphonic,Voices,voices,14.05,15.01,0.63,0.67,0.97,3655
datased:polyphonic:003655,S-0611,DataSED - DataSED - Dataset for Sound Event Detection of environmental noise/SED_wav/S-0611.wav,polyphonic,Propeller aircrafts,propeller_aircrafts,0.12,30.07,0.0,0.97,29.95,3656
datased:polyphonic:003656,S-0611,DataSED - DataSED - Dataset for Sound Event Detection of environmental noise/SED_wav/S-0611.wav,polyphonic,Voices,voices,4.07,4.89,0.13,0.16,0.82,3657
datased:polyphonic:003657,S-0611,DataSED - DataSED - Dataset for Sound Event Detection of environmental noise/SED_wav/S-0611.wav,polyphonic,Voices,voices,14.26,15.05,0.46,0.49,0.79,3658
datased:polyphonic:003658,S-0611,DataSED - DataSED - Dataset for Sound Event Detection of environmental noise/SED_wav/S-0611.wav,polyphonic,Voices,voices,23.96,24.91,0.78,0.81,0.95,3659
datased:polyphonic:003659,S-0612,DataSED - DataSED - Dataset for Sound Event Detection of environmental noise/SED_wav/S-0612.wav,polyphonic,Propeller aircrafts,propeller_aircrafts,0.41,29.93,0.01,0.98,29.52,3660
datased:polyphonic:003660,S-0612,DataSED - DataSED - Dataset for Sound Event Detection of environmental noise/SED_wav/S-0612.wav,polyphonic,Voices,voices,4.25,5.43,0.14,0.18,1.18,3661
datased:polyphonic:003661,S-0612,DataSED - DataSED - Dataset for Sound Event Detection of environmental noise/SED_wav/S-0612.wav,polyphonic,Voices,voices,13.97,15.0,0.46,0.49,1.03,3662
datased:polyphonic:003662,S-0612,DataSED - DataSED - Dataset for Sound Event Detection of environmental noise/SED_wav/S-0612.wav,polyphonic,Voices,voices,23.79,25.0,0.78,0.82,1.22,3663
datased:polyphonic:003663,S-0613,DataSED - DataSED - Dataset for Sound Event Detection of environmental noise/SED_wav/S-0613.wav,polyphonic,Propeller aircrafts,propeller_aircrafts,0.31,31.21,0.01,0.98,30.9,3664
datased:polyphonic:003664,S-0613,DataSED - DataSED - Dataset for Sound Event Detection of environmental noise/SED_wav/S-0613.wav,polyphonic,Voices,voices,4.0,4.91,0.13,0.15,0.91,3665
datased:polyphonic:003665,S-0613,DataSED - DataSED - Dataset for Sound Event Detection of environmental noise/SED_wav/S-0613.wav,polyphonic,Voices,voices,14.05,15.01,0.44,0.47,0.96,3666
datased:polyphonic:003666,S-0613,DataSED - DataSED - Dataset for Sound Event Detection of environmental noise/SED_wav/S-0613.wav,polyphonic,Voices,voices,24.02,24.93,0.75,0.78,0.91,3667
datased:polyphonic:003667,S-0614,DataSED - DataSED - Dataset for Sound Event Detection of environmental noise/SED_wav/S-0614.wav,polyphonic,Propeller aircrafts,propeller_aircrafts,0.26,29.01,0.01,0.98,28.75,3668
datased:polyphonic:003668,S-0614,DataSED - DataSED - Dataset for Sound Event Detection of environmental noise/SED_wav/S-0614.wav,polyphonic,Voices,voices,3.98,5.04,0.13,0.17,1.06,3669
datased:polyphonic:003669,S-0614,DataSED - DataSED - Dataset for Sound Event Detection of environmental noise/SED_wav/S-0614.wav,polyphonic,Voices,voices,14.02,15.01,0.47,0.5,0.99,3670
datased:polyphonic:003670,S-0614,DataSED - DataSED - Dataset for Sound Event Detection of environmental noise/SED_wav/S-0614.wav,polyphonic,Voices,voices,23.95,24.82,0.81,0.83,0.86,3671
datased:polyphonic:003671,S-0615,DataSED - DataSED - Dataset for Sound Event Detection of environmental noise/SED_wav/S-0615.wav,polyphonic,Voices,voices,0.0,1.19,0.0,0.05,1.19,3672
datased:polyphonic:003672,S-0615,DataSED - DataSED - Dataset for Sound Event Detection of environmental noise/SED_wav/S-0615.wav,polyphonic,Propeller aircrafts,propeller_aircrafts,1.23,22.51,0.05,0.97,21.27,3673
datased:polyphonic:003673,S-0615,DataSED - DataSED - Dataset for Sound Event Detection of environmental noise/SED_wav/S-0615.wav,polyphonic,Voices,voices,10.01,11.09,0.43,0.48,1.08,3674
datased:polyphonic:003674,S-0615,DataSED - DataSED - Dataset for Sound Event Detection of environmental noise/SED_wav/S-0615.wav,polyphonic,Voices,voices,20.06,21.11,0.87,0.91,1.05,3675
datased:polyphonic:003675,S-0616,DataSED - DataSED - Dataset for Sound Event Detection of environmental noise/SED_wav/S-0616.wav,polyphonic,Voices,voices,0.09,0.58,0.01,0.06,0.49,3676
datased:polyphonic:003676,S-0616,DataSED - DataSED - Dataset for Sound Event Detection of environmental noise/SED_wav/S-0616.wav,polyphonic,Propeller aircrafts,propeller_aircrafts,0.55,8.81,0.06,0.98,8.26,3677
datased:polyphonic:003677,S-0616,DataSED - DataSED - Dataset for Sound Event Detection of environmental noise/SED_wav/S-0616.wav,polyphonic,Voices,voices,5.03,5.65,0.56,0.62,0.62,3678
datased:polyphonic:003678,S-0617,DataSED - DataSED - Dataset for Sound Event Detection of environmental noise/SED_wav/S-0617.wav,polyphonic,Propeller aircrafts,propeller_aircrafts,0.17,25.58,0.01,0.92,25.4,3679
datased:polyphonic:003679,S-0617,DataSED - DataSED - Dataset for Sound Event Detection of environmental noise/SED_wav/S-0617.wav,polyphonic,Voices,voices,3.13,4.1,0.11,0.15,0.97,3680
datased:polyphonic:003680,S-0617,DataSED - DataSED - Dataset for Sound Event Detection of environmental noise/SED_wav/S-0617.wav,polyphonic,Voices,voices,8.32,9.62,0.3,0.35,1.31,3681
datased:polyphonic:003681,S-0617,DataSED - DataSED - Dataset for Sound Event Detection of environmental noise/SED_wav/S-0617.wav,polyphonic,Voices,voices,15.1,16.01,0.54,0.58,0.91,3682
datased:polyphonic:003682,S-0618,DataSED - DataSED - Dataset for Sound Event Detection of environmental noise/SED_wav/S-0618.wav,polyphonic,Voices,voices,0.0,1.31,0.0,0.03,1.31,3683
datased:polyphonic:003683,S-0618,DataSED - DataSED - Dataset for Sound Event Detection of environmental noise/SED_wav/S-0618.wav,polyphonic,Propeller aircrafts,propeller_aircrafts,1.17,40.36,0.03,0.88,39.19,3684
datased:polyphonic:003684,S-0618,DataSED - DataSED - Dataset for Sound Event Detection of environmental noise/SED_wav/S-0618.wav,polyphonic,Voices,voices,9.96,11.07,0.22,0.24,1.11,3685
datased:polyphonic:003685,S-0618,DataSED - DataSED - Dataset for Sound Event Detection of environmental noise/SED_wav/S-0618.wav,polyphonic,Voices,voices,19.88,21.16,0.43,0.46,1.28,3686
datased:polyphonic:003686,S-0618,DataSED - DataSED - Dataset for Sound Event Detection of environmental noise/SED_wav/S-0618.wav,polyphonic,Voices,voices,30.02,31.22,0.65,0.68,1.2,3687
datased:polyphonic:003687,S-0618,DataSED - DataSED - Dataset for Sound Event Detection of environmental noise/SED_wav/S-0618.wav,polyphonic,Voices,voices,39.86,41.2,0.87,0.9,1.33,3688
datased:polyphonic:003688,S-0619,DataSED - DataSED - Dataset for Sound Event Detection of environmental noise/SED_wav/S-0619.wav,polyphonic,Propeller aircrafts,propeller_aircrafts,2.92,54.79,0.05,0.95,51.87,3689
datased:polyphonic:003689,S-0619,DataSED - DataSED - Dataset for Sound Event Detection of environmental noise/SED_wav/S-0619.wav,polyphonic,Voices,voices,7.75,9.09,0.13,0.16,1.33,3690
datased:polyphonic:003690,S-0619,DataSED - DataSED - Dataset for Sound Event Detection of environmental noise/SED_wav/S-0619.wav,polyphonic,Voices,voices,17.88,19.11,0.31,0.33,1.23,3691
datased:polyphonic:003691,S-0619,DataSED - DataSED - Dataset for Sound Event Detection of environmental noise/SED_wav/S-0619.wav,polyphonic,Voices,voices,27.8,29.1,0.48,0.5,1.3,3692
datased:polyphonic:003692,S-0619,DataSED - DataSED - Dataset for Sound Event Detection of environmental noise/SED_wav/S-0619.wav,polyphonic,Voices,voices,37.83,38.98,0.65,0.67,1.16,3693
datased:polyphonic:003693,S-0619,DataSED - DataSED - Dataset for Sound Event Detection of environmental noise/SED_wav/S-0619.wav,polyphonic,Voices,voices,47.54,48.8,0.82,0.84,1.26,3694
datased:polyphonic:003694,S-0619,DataSED - DataSED - Dataset for Sound Event Detection of environmental noise/SED_wav/S-0619.wav,polyphonic,Voices,voices,55.28,56.68,0.95,0.98,1.4,3695
datased:polyphonic:003695,S-0620,DataSED - DataSED - Dataset for Sound Event Detection of environmental noise/SED_wav/S-0620.wav,polyphonic,Voices,voices,0.68,1.79,0.03,0.07,1.1,3696
datased:polyphonic:003696,S-0620,DataSED - DataSED - Dataset for Sound Event Detection of environmental noise/SED_wav/S-0620.wav,polyphonic,Propeller aircrafts,propeller_aircrafts,1.71,23.5,0.07,0.9,21.79,3697
datased:polyphonic:003697,S-0620,DataSED - DataSED - Dataset for Sound Event Detection of environmental noise/SED_wav/S-0620.wav,polyphonic,Voices,voices,5.51,6.63,0.21,0.25,1.12,3698
datased:polyphonic:003698,S-0620,DataSED - DataSED - Dataset for Sound Event Detection of environmental noise/SED_wav/S-0620.wav,polyphonic,Voices,voices,10.18,11.19,0.39,0.43,1.01,3699
datased:polyphonic:003699,S-0620,DataSED - DataSED - Dataset for Sound Event Detection of environmental noise/SED_wav/S-0620.wav,polyphonic,Voices,voices,15.01,16.07,0.58,0.62,1.06,3700
datased:polyphonic:003700,S-0620,DataSED - DataSED - Dataset for Sound Event Detection of environmental noise/SED_wav/S-0620.wav,polyphonic,Voices,voices,19.4,20.5,0.74,0.79,1.1,3701
datased:polyphonic:003701,S-0621,DataSED - DataSED - Dataset for Sound Event Detection of environmental noise/SED_wav/S-0621.wav,polyphonic,Propeller aircrafts,propeller_aircrafts,0.6,31.41,0.02,0.99,30.8,3702
datased:polyphonic:003702,S-0621,DataSED - DataSED - Dataset for Sound Event Detection of environmental noise/SED_wav/S-0621.wav,polyphonic,Voices,voices,1.01,2.42,0.03,0.08,1.41,3703
datased:polyphonic:003703,S-0621,DataSED - DataSED - Dataset for Sound Event Detection of environmental noise/SED_wav/S-0621.wav,polyphonic,Voices,voices,10.98,12.43,0.34,0.39,1.45,3704
datased:polyphonic:003704,S-0621,DataSED - DataSED - Dataset for Sound Event Detection of environmental noise/SED_wav/S-0621.wav,polyphonic,Voices,voices,20.95,22.09,0.66,0.69,1.14,3705
datased:polyphonic:003705,S-0622,DataSED - DataSED - Dataset for Sound Event Detection of environmental noise/SED_wav/S-0622.wav,polyphonic,Propeller aircrafts,propeller_aircrafts,0.21,25.88,0.01,0.84,25.67,3706
datased:polyphonic:003706,S-0622,DataSED - DataSED - Dataset for Sound Event Detection of environmental noise/SED_wav/S-0622.wav,polyphonic,Voices,voices,1.12,2.18,0.04,0.07,1.06,3707
datased:polyphonic:003707,S-0622,DataSED - DataSED - Dataset for Sound Event Detection of environmental noise/SED_wav/S-0622.wav,polyphonic,Voices,voices,7.71,8.62,0.25,0.28,0.91,3708
datased:polyphonic:003708,S-0622,DataSED - DataSED - Dataset for Sound Event Detection of environmental noise/SED_wav/S-0622.wav,polyphonic,Voices,voices,14.46,15.47,0.47,0.5,1.02,3709
datased:polyphonic:003709,S-0622,DataSED - DataSED - Dataset for Sound Event Detection of environmental noise/SED_wav/S-0622.wav,polyphonic,Voices,voices,21.55,22.54,0.7,0.73,0.98,3710
datased:polyphonic:003710,S-0623,DataSED - DataSED - Dataset for Sound Event Detection of environmental noise/SED_wav/S-0623.wav,polyphonic,Propeller aircrafts,propeller_aircrafts,0.79,31.29,0.02,0.98,30.5,3711
datased:polyphonic:003711,S-0623,DataSED - DataSED - Dataset for Sound Event Detection of environmental noise/SED_wav/S-0623.wav,polyphonic,Voices,voices,0.91,2.4,0.03,0.08,1.49,3712
datased:polyphonic:003712,S-0623,DataSED - DataSED - Dataset for Sound Event Detection of environmental noise/SED_wav/S-0623.wav,polyphonic,Voices,voices,10.96,12.29,0.34,0.39,1.33,3713
datased:polyphonic:003713,S-0623,DataSED - DataSED - Dataset for Sound Event Detection of environmental noise/SED_wav/S-0623.wav,polyphonic,Voices,voices,20.99,22.01,0.66,0.69,1.02,3714
datased:polyphonic:003714,S-0624,DataSED - DataSED - Dataset for Sound Event Detection of environmental noise/SED_wav/S-0624.wav,polyphonic,Propeller aircrafts,propeller_aircrafts,0.42,34.43,0.01,0.9,34.0,3715
datased:polyphonic:003715,S-0624,DataSED - DataSED - Dataset for Sound Event Detection of environmental noise/SED_wav/S-0624.wav,polyphonic,Voices,voices,0.96,1.94,0.02,0.05,0.98,3716
datased:polyphonic:003716,S-0624,DataSED - DataSED - Dataset for Sound Event Detection of environmental noise/SED_wav/S-0624.wav,polyphonic,Voices,voices,5.99,7.08,0.16,0.18,1.09,3717
datased:polyphonic:003717,S-0624,DataSED - DataSED - Dataset for Sound Event Detection of environmental noise/SED_wav/S-0624.wav,polyphonic,Voices,voices,12.01,12.99,0.31,0.34,0.98,3718
datased:polyphonic:003718,S-0624,DataSED - DataSED - Dataset for Sound Event Detection of environmental noise/SED_wav/S-0624.wav,polyphonic,Voices,voices,19.99,21.01,0.52,0.55,1.03,3719
datased:polyphonic:003719,S-0624,DataSED - DataSED - Dataset for Sound Event Detection of environmental noise/SED_wav/S-0624.wav,polyphonic,Voices,voices,26.51,27.49,0.69,0.71,0.98,3720
datased:polyphonic:003720,S-0625,DataSED - DataSED - Dataset for Sound Event Detection of environmental noise/SED_wav/S-0625.wav,polyphonic,Propeller aircrafts,propeller_aircrafts,0.39,31.21,0.01,0.98,30.83,3721
datased:polyphonic:003721,S-0625,DataSED - DataSED - Dataset for Sound Event Detection of environmental noise/SED_wav/S-0625.wav,polyphonic,Voices,voices,0.99,1.89,0.03,0.06,0.9,3722
datased:polyphonic:003722,S-0625,DataSED - DataSED - Dataset for Sound Event Detection of environmental noise/SED_wav/S-0625.wav,polyphonic,Voices,voices,10.8,11.88,0.34,0.37,1.08,3723
datased:polyphonic:003723,S-0625,DataSED - DataSED - Dataset for Sound Event Detection of environmental noise/SED_wav/S-0625.wav,polyphonic,Voices,voices,21.0,21.94,0.66,0.69,0.94,3724
datased:polyphonic:003724,S-0626,DataSED - DataSED - Dataset for Sound Event Detection of environmental noise/SED_wav/S-0626.wav,polyphonic,Voices,voices,0.0,1.15,0.0,0.05,1.15,3725
datased:polyphonic:003725,S-0626,DataSED - DataSED - Dataset for Sound Event Detection of environmental noise/SED_wav/S-0626.wav,polyphonic,Propeller aircrafts,propeller_aircrafts,1.09,24.17,0.04,0.98,23.07,3726
datased:polyphonic:003726,S-0626,DataSED - DataSED - Dataset for Sound Event Detection of environmental noise/SED_wav/S-0626.wav,polyphonic,Voices,voices,10.02,11.0,0.41,0.45,0.99,3727
datased:polyphonic:003727,S-0626,DataSED - DataSED - Dataset for Sound Event Detection of environmental noise/SED_wav/S-0626.wav,polyphonic,Voices,voices,20.05,21.09,0.81,0.86,1.04,3728
datased:polyphonic:003728,S-0627,DataSED - DataSED - Dataset for Sound Event Detection of environmental noise/SED_wav/S-0627.wav,polyphonic,Voices,voices,0.11,0.96,0.0,0.04,0.85,3729
datased:polyphonic:003729,S-0627,DataSED - DataSED - Dataset for Sound Event Detection of environmental noise/SED_wav/S-0627.wav,polyphonic,Propeller aircrafts,propeller_aircrafts,0.8,23.78,0.03,0.98,22.98,3730
datased:polyphonic:003730,S-0627,DataSED - DataSED - Dataset for Sound Event Detection of environmental noise/SED_wav/S-0627.wav,polyphonic,Voices,voices,10.03,10.85,0.41,0.45,0.82,3731
datased:polyphonic:003731,S-0627,DataSED - DataSED - Dataset for Sound Event Detection of environmental noise/SED_wav/S-0627.wav,polyphonic,Voices,voices,20.07,20.91,0.83,0.86,0.84,3732
datased:polyphonic:003732,S-0628,DataSED - DataSED - Dataset for Sound Event Detection of environmental noise/SED_wav/S-0628.wav,polyphonic,Sirens and alarms,sirens_and_alarms,0.4,3.28,0.03,0.22,2.88,3733
datased:polyphonic:003733,S-0628,DataSED - DataSED - Dataset for Sound Event Detection of environmental noise/SED_wav/S-0628.wav,polyphonic,Sirens and alarms,sirens_and_alarms,4.87,7.8,0.32,0.51,2.93,3734
datased:polyphonic:003734,S-0628,DataSED - DataSED - Dataset for Sound Event Detection of environmental noise/SED_wav/S-0628.wav,polyphonic,Sirens and alarms,sirens_and_alarms,10.26,13.4,0.67,0.88,3.14,3735
datased:polyphonic:003735,S-0629,DataSED - DataSED - Dataset for Sound Event Detection of environmental noise/SED_wav/S-0629.wav,polyphonic,Sirens and alarms,sirens_and_alarms,0.81,30.1,0.03,0.95,29.29,3736
datased:polyphonic:003736,S-0630,DataSED - DataSED - Dataset for Sound Event Detection of environmental noise/SED_wav/S-0630.wav,polyphonic,Sirens and alarms,sirens_and_alarms,0.32,13.58,0.02,0.89,13.26,3737
datased:polyphonic:003737,S-0631,DataSED - DataSED - Dataset for Sound Event Detection of environmental noise/SED_wav/S-0631.wav,polyphonic,Sirens and alarms,sirens_and_alarms,0.34,33.48,0.01,0.97,33.14,3738
datased:polyphonic:003738,S-0632,DataSED - DataSED - Dataset for Sound Event Detection of environmental noise/SED_wav/S-0632.wav,polyphonic,Sirens and alarms,sirens_and_alarms,0.63,56.65,0.01,0.89,56.03,3739
datased:polyphonic:003739,S-0633,DataSED - DataSED - Dataset for Sound Event Detection of environmental noise/SED_wav/S-0633.wav,polyphonic,Sirens and alarms,sirens_and_alarms,0.59,49.47,0.01,0.93,48.88,3740
datased:polyphonic:003740,S-0634,DataSED - DataSED - Dataset for Sound Event Detection of environmental noise/SED_wav/S-0634.wav,polyphonic,Sirens and alarms,sirens_and_alarms,0.87,79.18,0.01,0.95,78.32,3741
datased:polyphonic:003741,S-0635,DataSED - DataSED - Dataset for Sound Event Detection of environmental noise/SED_wav/S-0635.wav,polyphonic,Sirens and alarms,sirens_and_alarms,0.88,11.03,0.04,0.54,10.14,3742
datased:polyphonic:003742,S-0636,DataSED - DataSED - Dataset for Sound Event Detection of environmental noise/SED_wav/S-0636.wav,polyphonic,Vehicle idling,vehicle_idling,0.35,2.46,0.02,0.12,2.11,3743
datased:polyphonic:003743,S-0636,DataSED - DataSED - Dataset for Sound Event Detection of environmental noise/SED_wav/S-0636.wav,polyphonic,Sirens and alarms,sirens_and_alarms,2.4,15.83,0.11,0.74,13.44,3744
datased:polyphonic:003744,S-0637,DataSED - DataSED - Dataset for Sound Event Detection of environmental noise/SED_wav/S-0637.wav,polyphonic,Sirens and alarms,sirens_and_alarms,1.09,16.08,0.05,0.78,14.99,3745
datased:polyphonic:003745,S-0638,DataSED - DataSED - Dataset for Sound Event Detection of environmental noise/SED_wav/S-0638.wav,polyphonic,Sirens and alarms,sirens_and_alarms,0.75,20.83,0.03,0.8,20.08,3746
datased:polyphonic:003746,S-0639,DataSED - DataSED - Dataset for Sound Event Detection of environmental noise/SED_wav/S-0639.wav,polyphonic,Sirens and alarms,sirens_and_alarms,2.96,25.49,0.08,0.73,22.53,3747
datased:polyphonic:003747,S-0640,DataSED - DataSED - Dataset for Sound Event Detection of environmental noise/SED_wav/S-0640.wav,polyphonic,Sirens and alarms,sirens_and_alarms,0.36,61.29,0.01,0.94,60.92,3748
datased:polyphonic:003748,S-0641,DataSED - DataSED - Dataset for Sound Event Detection of environmental noise/SED_wav/S-0641.wav,polyphonic,Sirens and alarms,sirens_and_alarms,2.81,43.81,0.06,0.9,41.0,3749
datased:polyphonic:003749,S-0642,DataSED - DataSED - Dataset for Sound Event Detection of environmental noise/SED_wav/S-0642.wav,polyphonic,Sirens and alarms,sirens_and_alarms,1.34,42.48,0.03,0.86,41.14,3750
datased:polyphonic:003750,S-0643,DataSED - DataSED - Dataset for Sound Event Detection of environmental noise/SED_wav/S-0643.wav,polyphonic,Sirens and alarms,sirens_and_alarms,1.73,25.7,0.06,0.83,23.98,3751
datased:polyphonic:003751,S-0644,DataSED - DataSED - Dataset for Sound Event Detection of environmental noise/SED_wav/S-0644.wav,polyphonic,Sirens and alarms,sirens_and_alarms,4.24,15.5,0.14,0.52,11.27,3752
datased:polyphonic:003752,S-0644,DataSED - DataSED - Dataset for Sound Event Detection of environmental noise/SED_wav/S-0644.wav,polyphonic,Sirens and alarms,sirens_and_alarms,18.59,25.68,0.63,0.87,7.09,3753
datased:polyphonic:003753,S-0645,DataSED - DataSED - Dataset for Sound Event Detection of environmental noise/SED_wav/S-0645.wav,polyphonic,Vehicle idling,vehicle_idling,0.0,14.57,0.0,0.12,14.57,3754
datased:polyphonic:003754,S-0645,DataSED - DataSED - Dataset for Sound Event Detection of environmental noise/SED_wav/S-0645.wav,polyphonic,Lawn mower brush cutter and olive shaker,lawn_mower_brush_cutter_olive_shaker,15.07,16.71,0.13,0.14,1.64,3755
datased:polyphonic:003755,S-0645,DataSED - DataSED - Dataset for Sound Event Detection of environmental noise/SED_wav/S-0645.wav,polyphonic,Voices,voices,16.93,18.35,0.14,0.16,1.43,3756
datased:polyphonic:003756,S-0645,DataSED - DataSED - Dataset for Sound Event Detection of environmental noise/SED_wav/S-0645.wav,polyphonic,Lawn mower brush cutter and olive shaker,lawn_mower_brush_cutter_olive_shaker,18.57,30.91,0.16,0.26,12.34,3757
datased:polyphonic:003757,S-0645,DataSED - DataSED - Dataset for Sound Event Detection of environmental noise/SED_wav/S-0645.wav,polyphonic,Vehicle idling,vehicle_idling,31.2,44.54,0.26,0.38,13.34,3758
datased:polyphonic:003758,S-0645,DataSED - DataSED - Dataset for Sound Event Detection of environmental noise/SED_wav/S-0645.wav,polyphonic,Lawn mower brush cutter and olive shaker,lawn_mower_brush_cutter_olive_shaker,44.47,47.89,0.38,0.41,3.43,3759
datased:polyphonic:003759,S-0645,DataSED - DataSED - Dataset for Sound Event Detection of environmental noise/SED_wav/S-0645.wav,polyphonic,Vehicle idling,vehicle_idling,48.04,61.59,0.41,0.52,13.56,3760
datased:polyphonic:003760,S-0645,DataSED - DataSED - Dataset for Sound Event Detection of environmental noise/SED_wav/S-0645.wav,polyphonic,Lawn mower brush cutter and olive shaker,lawn_mower_brush_cutter_olive_shaker,61.59,106.26,0.52,0.9,44.67,3761
datased:polyphonic:003761,S-0645,DataSED - DataSED - Dataset for Sound Event Detection of environmental noise/SED_wav/S-0645.wav,polyphonic,Vehicle idling,vehicle_idling,106.26,117.89,0.9,1.0,11.63,3762
datased:polyphonic:003762,S-0646,DataSED - DataSED - Dataset for Sound Event Detection of environmental noise/SED_wav/S-0646.wav,polyphonic,Vehicle idling,vehicle_idling,0.0,1.29,0.0,0.01,1.29,3763
datased:polyphonic:003763,S-0646,DataSED - DataSED - Dataset for Sound Event Detection of environmental noise/SED_wav/S-0646.wav,polyphonic,Lawn mower brush cutter and olive shaker,lawn_mower_brush_cutter_olive_shaker,1.4,71.38,0.01,0.64,69.98,3764
datased:polyphonic:003764,S-0646,DataSED - DataSED - Dataset for Sound Event Detection of environmental noise/SED_wav/S-0646.wav,polyphonic,Voices,voices,71.71,73.73,0.65,0.66,2.02,3765
datased:polyphonic:003765,S-0646,DataSED - DataSED - Dataset for Sound Event Detection of environmental noise/SED_wav/S-0646.wav,polyphonic,Lawn mower brush cutter and olive shaker,lawn_mower_brush_cutter_olive_shaker,76.42,104.6,0.69,0.94,28.18,3766
datased:polyphonic:003766,S-0646,DataSED - DataSED - Dataset for Sound Event Detection of environmental noise/SED_wav/S-0646.wav,polyphonic,Voices,voices,104.67,111.13,0.94,1.0,6.46,3767
datased:polyphonic:003767,S-0647,DataSED - DataSED - Dataset for Sound Event Detection of environmental noise/SED_wav/S-0647.wav,polyphonic,Voices,voices,0.0,4.95,0.0,0.04,4.95,3768
datased:polyphonic:003768,S-0647,DataSED - DataSED - Dataset for Sound Event Detection of environmental noise/SED_wav/S-0647.wav,polyphonic,Lawn mower brush cutter and olive shaker,lawn_mower_brush_cutter_olive_shaker,5.48,40.33,0.04,0.33,34.86,3769
datased:polyphonic:003769,S-0647,DataSED - DataSED - Dataset for Sound Event Detection of environmental noise/SED_wav/S-0647.wav,polyphonic,Lawn mower brush cutter and olive shaker,lawn_mower_brush_cutter_olive_shaker,43.25,76.53,0.35,0.62,33.29,3770
datased:polyphonic:003770,S-0647,DataSED - DataSED - Dataset for Sound Event Detection of environmental noise/SED_wav/S-0647.wav,polyphonic,Vehicle idling,vehicle_idling,77.73,106.38,0.63,0.86,28.65,3771
datased:polyphonic:003771,S-0647,DataSED - DataSED - Dataset for Sound Event Detection of environmental noise/SED_wav/S-0647.wav,polyphonic,Lawn mower brush cutter and olive shaker,lawn_mower_brush_cutter_olive_shaker,106.68,118.05,0.86,0.96,11.37,3772
datased:polyphonic:003772,S-0647,DataSED - DataSED - Dataset for Sound Event Detection of environmental noise/SED_wav/S-0647.wav,polyphonic,Voices,voices,118.27,123.58,0.96,1.0,5.31,3773
datased:polyphonic:003773,S-0648,DataSED - DataSED - Dataset for Sound Event Detection of environmental noise/SED_wav/S-0648.wav,polyphonic,Voices,voices,2.43,5.34,0.02,0.04,2.9,3774
datased:polyphonic:003774,S-0648,DataSED - DataSED - Dataset for Sound Event Detection of environmental noise/SED_wav/S-0648.wav,polyphonic,Lawn mower brush cutter and olive shaker,lawn_mower_brush_cutter_olive_shaker,5.82,51.93,0.04,0.39,46.11,3775
datased:polyphonic:003775,S-0648,DataSED - DataSED - Dataset for Sound Event Detection of environmental noise/SED_wav/S-0648.wav,polyphonic,Lawn mower brush cutter and olive shaker,lawn_mower_brush_cutter_olive_shaker,62.17,126.99,0.47,0.95,64.82,3776
datased:polyphonic:003776,S-0649,DataSED - DataSED - Dataset for Sound Event Detection of environmental noise/SED_wav/S-0649.wav,polyphonic,Lawn mower brush cutter and olive shaker,lawn_mower_brush_cutter_olive_shaker,7.12,62.34,0.05,0.44,55.21,3777
datased:polyphonic:003777,S-0649,DataSED - DataSED - Dataset for Sound Event Detection of environmental noise/SED_wav/S-0649.wav,polyphonic,Lawn mower brush cutter and olive shaker,lawn_mower_brush_cutter_olive_shaker,67.64,106.85,0.48,0.76,39.21,3778
datased:polyphonic:003778,S-0649,DataSED - DataSED - Dataset for Sound Event Detection of environmental noise/SED_wav/S-0649.wav,polyphonic,Lawn mower brush cutter and olive shaker,lawn_mower_brush_cutter_olive_shaker,112.24,138.95,0.79,0.98,26.71,3779
datased:polyphonic:003779,S-0650,DataSED - DataSED - Dataset for Sound Event Detection of environmental noise/SED_wav/S-0650.wav,polyphonic,Lawn mower brush cutter and olive shaker,lawn_mower_brush_cutter_olive_shaker,1.11,36.17,0.01,0.24,35.06,3780
datased:polyphonic:003780,S-0650,DataSED - DataSED - Dataset for Sound Event Detection of environmental noise/SED_wav/S-0650.wav,polyphonic,Lawn mower brush cutter and olive shaker,lawn_mower_brush_cutter_olive_shaker,41.62,66.05,0.28,0.44,24.43,3781
datased:polyphonic:003781,S-0650,DataSED - DataSED - Dataset for Sound Event Detection of environmental noise/SED_wav/S-0650.wav,polyphonic,Lawn mower brush cutter and olive shaker,lawn_mower_brush_cutter_olive_shaker,76.31,97.66,0.51,0.65,21.34,3782
datased:polyphonic:003782,S-0650,DataSED - DataSED - Dataset for Sound Event Detection of environmental noise/SED_wav/S-0650.wav,polyphonic,Sirens and alarms,sirens_and_alarms,102.84,111.55,0.69,0.74,8.72,3783
datased:polyphonic:003783,S-0650,DataSED - DataSED - Dataset for Sound Event Detection of environmental noise/SED_wav/S-0650.wav,polyphonic,Lawn mower brush cutter and olive shaker,lawn_mower_brush_cutter_olive_shaker,102.84,124.27,0.69,0.83,21.44,3784
datased:polyphonic:003784,S-0650,DataSED - DataSED - Dataset for Sound Event Detection of environmental noise/SED_wav/S-0650.wav,polyphonic,Lawn mower brush cutter and olive shaker,lawn_mower_brush_cutter_olive_shaker,129.18,147.25,0.86,0.98,18.07,3785
datased:polyphonic:003785,S-0651,DataSED - DataSED - Dataset for Sound Event Detection of environmental noise/SED_wav/S-0651.wav,polyphonic,Lawn mower brush cutter and olive shaker,lawn_mower_brush_cutter_olive_shaker,2.67,17.35,0.02,0.15,14.69,3786
datased:polyphonic:003786,S-0651,DataSED - DataSED - Dataset for Sound Event Detection of environmental noise/SED_wav/S-0651.wav,polyphonic,Lawn mower brush cutter and olive shaker,lawn_mower_brush_cutter_olive_shaker,20.95,43.46,0.19,0.39,22.5,3787
datased:polyphonic:003787,S-0651,DataSED - DataSED - Dataset for Sound Event Detection of environmental noise/SED_wav/S-0651.wav,polyphonic,Lawn mower brush cutter and olive shaker,lawn_mower_brush_cutter_olive_shaker,49.64,61.47,0.44,0.55,11.83,3788
datased:polyphonic:003788,S-0651,DataSED - DataSED - Dataset for Sound Event Detection of environmental noise/SED_wav/S-0651.wav,polyphonic,Lawn mower brush cutter and olive shaker,lawn_mower_brush_cutter_olive_shaker,65.28,103.63,0.58,0.92,38.34,3789
datased:polyphonic:003789,S-0652,DataSED - DataSED - Dataset for Sound Event Detection of environmental noise/SED_wav/S-0652.wav,polyphonic,Jet aircrafts,jet_aircrafts,12.26,29.69,0.07,0.17,17.43,3790
datased:polyphonic:003790,S-0652,DataSED - DataSED - Dataset for Sound Event Detection of environmental noise/SED_wav/S-0652.wav,polyphonic,Vehicle idling,vehicle_idling,30.99,60.66,0.17,0.34,29.67,3791
datased:polyphonic:003791,S-0652,DataSED - DataSED - Dataset for Sound Event Detection of environmental noise/SED_wav/S-0652.wav,polyphonic,Voices,voices,71.6,75.06,0.4,0.42,3.46,3792
datased:polyphonic:003792,S-0652,DataSED - DataSED - Dataset for Sound Event Detection of environmental noise/SED_wav/S-0652.wav,polyphonic,Vehicle idling,vehicle_idling,75.28,103.32,0.42,0.58,28.04,3793
datased:polyphonic:003793,S-0652,DataSED - DataSED - Dataset for Sound Event Detection of environmental noise/SED_wav/S-0652.wav,polyphonic,Dog barkings and howlings,dog_barkings_and_howlings,109.39,110.9,0.61,0.62,1.52,3794
datased:polyphonic:003794,S-0652,DataSED - DataSED - Dataset for Sound Event Detection of environmental noise/SED_wav/S-0652.wav,polyphonic,Vehicle idling,vehicle_idling,111.44,136.67,0.62,0.76,25.23,3795
datased:polyphonic:003795,S-0652,DataSED - DataSED - Dataset for Sound Event Detection of environmental noise/SED_wav/S-0652.wav,polyphonic,Propeller aircrafts,propeller_aircrafts,137.11,156.49,0.77,0.87,19.38,3796
datased:polyphonic:003796,S-0652,DataSED - DataSED - Dataset for Sound Event Detection of environmental noise/SED_wav/S-0652.wav,polyphonic,Dog barkings and howlings,dog_barkings_and_howlings,140.35,142.09,0.78,0.79,1.73,3797
datased:polyphonic:003797,S-0652,DataSED - DataSED - Dataset for Sound Event Detection of environmental noise/SED_wav/S-0652.wav,polyphonic,Dog barkings and howlings,dog_barkings_and_howlings,146.42,147.72,0.82,0.83,1.3,3798
datased:polyphonic:003798,S-0652,DataSED - DataSED - Dataset for Sound Event Detection of environmental noise/SED_wav/S-0652.wav,polyphonic,Dog barkings and howlings,dog_barkings_and_howlings,147.82,149.56,0.83,0.84,1.73,3799
datased:polyphonic:003799,S-0652,DataSED - DataSED - Dataset for Sound Event Detection of environmental noise/SED_wav/S-0652.wav,polyphonic,Dog barkings and howlings,dog_barkings_and_howlings,157.25,158.33,0.88,0.89,1.08,3800
datased:polyphonic:003800,S-0652,DataSED - DataSED - Dataset for Sound Event Detection of environmental noise/SED_wav/S-0652.wav,polyphonic,Dog barkings and howlings,dog_barkings_and_howlings,165.47,166.88,0.92,0.93,1.41,3801
datased:polyphonic:003801,S-0652,DataSED - DataSED - Dataset for Sound Event Detection of environmental noise/SED_wav/S-0652.wav,polyphonic,Dog barkings and howlings,dog_barkings_and_howlings,172.08,173.92,0.96,0.97,1.84,3802
datased:polyphonic:003802,S-0652,DataSED - DataSED - Dataset for Sound Event Detection of environmental noise/SED_wav/S-0652.wav,polyphonic,Voices,voices,177.28,178.9,0.99,1.0,1.62,3803
datased:polyphonic:003803,S-0653,DataSED - DataSED - Dataset for Sound Event Detection of environmental noise/SED_wav/S-0653.wav,polyphonic,Jet aircrafts,jet_aircrafts,20.85,58.45,0.15,0.41,37.6,3804
datased:polyphonic:003804,S-0654,DataSED - DataSED - Dataset for Sound Event Detection of environmental noise/SED_wav/S-0654.wav,polyphonic,Vehicle idling,vehicle_idling,9.2,18.44,0.1,0.2,9.24,3805
datased:polyphonic:003805,S-0654,DataSED - DataSED - Dataset for Sound Event Detection of environmental noise/SED_wav/S-0654.wav,polyphonic,Vacuum cleaner fan and hairdryer,vacuum_cleaner_fan_hairdryer,24.12,40.38,0.26,0.44,16.26,3806
datased:polyphonic:003806,S-0654,DataSED - DataSED - Dataset for Sound Event Detection of environmental noise/SED_wav/S-0654.wav,polyphonic,Dog barkings and howlings,dog_barkings_and_howlings,41.83,46.4,0.45,0.5,4.57,3807
datased:polyphonic:003807,S-0654,DataSED - DataSED - Dataset for Sound Event Detection of environmental noise/SED_wav/S-0654.wav,polyphonic,Vacuum cleaner fan and hairdryer,vacuum_cleaner_fan_hairdryer,46.9,85.04,0.51,0.92,38.14,3808
datased:polyphonic:003808,S-0655,DataSED - DataSED - Dataset for Sound Event Detection of environmental noise/SED_wav/S-0655.wav,polyphonic,Vacuum cleaner fan and hairdryer,vacuum_cleaner_fan_hairdryer,14.32,26.56,0.13,0.23,12.23,3809
datased:polyphonic:003809,S-0655,DataSED - DataSED - Dataset for Sound Event Detection of environmental noise/SED_wav/S-0655.wav,polyphonic,Vacuum cleaner fan and hairdryer,vacuum_cleaner_fan_hairdryer,31.19,49.99,0.27,0.44,18.8,3810
datased:polyphonic:003810,S-0655,DataSED - DataSED - Dataset for Sound Event Detection of environmental noise/SED_wav/S-0655.wav,polyphonic,Vacuum cleaner fan and hairdryer,vacuum_cleaner_fan_hairdryer,54.97,68.58,0.48,0.6,13.62,3811
datased:polyphonic:003811,S-0655,DataSED - DataSED - Dataset for Sound Event Detection of environmental noise/SED_wav/S-0655.wav,polyphonic,Vacuum cleaner fan and hairdryer,vacuum_cleaner_fan_hairdryer,71.76,89.8,0.63,0.79,18.04,3812
datased:polyphonic:003812,S-0655,DataSED - DataSED - Dataset for Sound Event Detection of environmental noise/SED_wav/S-0655.wav,polyphonic,Voices,voices,92.36,94.99,0.81,0.83,2.63,3813
datased:polyphonic:003813,S-0655,DataSED - DataSED - Dataset for Sound Event Detection of environmental noise/SED_wav/S-0655.wav,polyphonic,Vacuum cleaner fan and hairdryer,vacuum_cleaner_fan_hairdryer,98.51,108.88,0.86,0.95,10.37,3814
datased:polyphonic:003814,S-0656,DataSED - DataSED - Dataset for Sound Event Detection of environmental noise/SED_wav/S-0656.wav,polyphonic,Vacuum cleaner fan and hairdryer,vacuum_cleaner_fan_hairdryer,3.68,11.89,0.03,0.11,8.21,3815
datased:polyphonic:003815,S-0656,DataSED - DataSED - Dataset for Sound Event Detection of environmental noise/SED_wav/S-0656.wav,polyphonic,Vacuum cleaner fan and hairdryer,vacuum_cleaner_fan_hairdryer,20.23,36.98,0.18,0.34,16.75,3816
datased:polyphonic:003816,S-0656,DataSED - DataSED - Dataset for Sound Event Detection of environmental noise/SED_wav/S-0656.wav,polyphonic,Vacuum cleaner fan and hairdryer,vacuum_cleaner_fan_hairdryer,44.99,76.69,0.41,0.7,31.7,3817
datased:polyphonic:003817,S-0656,DataSED - DataSED - Dataset for Sound Event Detection of environmental noise/SED_wav/S-0656.wav,polyphonic,Vacuum cleaner fan and hairdryer,vacuum_cleaner_fan_hairdryer,81.36,103.98,0.74,0.94,22.62,3818
datased:polyphonic:003818,S-0657,DataSED - DataSED - Dataset for Sound Event Detection of environmental noise/SED_wav/S-0657.wav,polyphonic,Sirens and alarms,sirens_and_alarms,0.17,2.7,0.0,0.07,2.54,3819
datased:polyphonic:003819,S-0657,DataSED - DataSED - Dataset for Sound Event Detection of environmental noise/SED_wav/S-0657.wav,polyphonic,Sirens and alarms,sirens_and_alarms,3.7,6.0,0.1,0.16,2.31,3820
datased:polyphonic:003820,S-0657,DataSED - DataSED - Dataset for Sound Event Detection of environmental noise/SED_wav/S-0657.wav,polyphonic,Sirens and alarms,sirens_and_alarms,6.72,9.14,0.18,0.24,2.42,3821
datased:polyphonic:003821,S-0657,DataSED - DataSED - Dataset for Sound Event Detection of environmental noise/SED_wav/S-0657.wav,polyphonic,Sirens and alarms,sirens_and_alarms,10.13,12.42,0.27,0.33,2.28,3822
datased:polyphonic:003822,S-0657,DataSED - DataSED - Dataset for Sound Event Detection of environmental noise/SED_wav/S-0657.wav,polyphonic,Sirens and alarms,sirens_and_alarms,13.23,19.57,0.35,0.51,6.35,3823
datased:polyphonic:003823,S-0657,DataSED - DataSED - Dataset for Sound Event Detection of environmental noise/SED_wav/S-0657.wav,polyphonic,Sirens and alarms,sirens_and_alarms,20.29,23.29,0.53,0.61,3.0,3824
datased:polyphonic:003824,S-0657,DataSED - DataSED - Dataset for Sound Event Detection of environmental noise/SED_wav/S-0657.wav,polyphonic,Sirens and alarms,sirens_and_alarms,23.89,27.07,0.63,0.71,3.18,3825
datased:polyphonic:003825,S-0657,DataSED - DataSED - Dataset for Sound Event Detection of environmental noise/SED_wav/S-0657.wav,polyphonic,Sirens and alarms,sirens_and_alarms,27.81,34.13,0.73,0.9,6.32,3826
datased:polyphonic:003826,S-0657,DataSED - DataSED - Dataset for Sound Event Detection of environmental noise/SED_wav/S-0657.wav,polyphonic,Sirens and alarms,sirens_and_alarms,34.85,37.92,0.91,0.99,3.07,3827
datased:polyphonic:003827,S-0658,DataSED - DataSED - Dataset for Sound Event Detection of environmental noise/SED_wav/S-0658.wav,polyphonic,Sirens and alarms,sirens_and_alarms,0.35,4.69,0.01,0.07,4.34,3828
datased:polyphonic:003828,S-0658,DataSED - DataSED - Dataset for Sound Event Detection of environmental noise/SED_wav/S-0658.wav,polyphonic,Sirens and alarms,sirens_and_alarms,6.73,11.64,0.11,0.18,4.91,3829
datased:polyphonic:003829,S-0658,DataSED - DataSED - Dataset for Sound Event Detection of environmental noise/SED_wav/S-0658.wav,polyphonic,Sirens and alarms,sirens_and_alarms,13.52,20.36,0.21,0.32,6.83,3830
datased:polyphonic:003830,S-0658,DataSED - DataSED - Dataset for Sound Event Detection of environmental noise/SED_wav/S-0658.wav,polyphonic,Sirens and alarms,sirens_and_alarms,22.24,33.72,0.35,0.53,11.48,3831
datased:polyphonic:003831,S-0658,DataSED - DataSED - Dataset for Sound Event Detection of environmental noise/SED_wav/S-0658.wav,polyphonic,Sirens and alarms,sirens_and_alarms,35.6,43.82,0.56,0.69,8.22,3832
datased:polyphonic:003832,S-0658,DataSED - DataSED - Dataset for Sound Event Detection of environmental noise/SED_wav/S-0658.wav,polyphonic,Sirens and alarms,sirens_and_alarms,45.66,51.3,0.72,0.81,5.64,3833
datased:polyphonic:003833,S-0658,DataSED - DataSED - Dataset for Sound Event Detection of environmental noise/SED_wav/S-0658.wav,polyphonic,Sirens and alarms,sirens_and_alarms,53.11,56.03,0.84,0.88,2.92,3834
datased:polyphonic:003834,S-0658,DataSED - DataSED - Dataset for Sound Event Detection of environmental noise/SED_wav/S-0658.wav,polyphonic,Sirens and alarms,sirens_and_alarms,57.91,61.17,0.91,0.96,3.26,3835
datased:polyphonic:003835,S-0659,DataSED - DataSED - Dataset for Sound Event Detection of environmental noise/SED_wav/S-0659.wav,polyphonic,Sirens and alarms,sirens_and_alarms,0.29,2.63,0.02,0.14,2.34,3836
datased:polyphonic:003836,S-0659,DataSED - DataSED - Dataset for Sound Event Detection of environmental noise/SED_wav/S-0659.wav,polyphonic,Sirens and alarms,sirens_and_alarms,3.79,6.24,0.21,0.34,2.45,3837
datased:polyphonic:003837,S-0659,DataSED - DataSED - Dataset for Sound Event Detection of environmental noise/SED_wav/S-0659.wav,polyphonic,Sirens and alarms,sirens_and_alarms,7.81,10.31,0.42,0.56,2.5,3838
datased:polyphonic:003838,S-0659,DataSED - DataSED - Dataset for Sound Event Detection of environmental noise/SED_wav/S-0659.wav,polyphonic,Sirens and alarms,sirens_and_alarms,12.59,17.09,0.68,0.93,4.5,3839
datased:polyphonic:003839,S-0660,DataSED - DataSED - Dataset for Sound Event Detection of environmental noise/SED_wav/S-0660.wav,polyphonic,Sirens and alarms,sirens_and_alarms,0.48,6.0,0.05,0.6,5.52,3840
datased:polyphonic:003840,S-0661,DataSED - DataSED - Dataset for Sound Event Detection of environmental noise/SED_wav/S-0661.wav,polyphonic,Propeller aircrafts,propeller_aircrafts,3.53,94.24,0.04,0.97,90.7,3841
datased:polyphonic:003841,S-0662,DataSED - DataSED - Dataset for Sound Event Detection of environmental noise/SED_wav/S-0662.wav,polyphonic,Propeller aircrafts,propeller_aircrafts,0.24,35.55,0.01,0.99,35.31,3842
datased:polyphonic:003842,S-0663,DataSED - DataSED - Dataset for Sound Event Detection of environmental noise/SED_wav/S-0663.wav,polyphonic,Propeller aircrafts,propeller_aircrafts,0.17,39.24,0.0,1.0,39.07,3843
datased:polyphonic:003843,S-0664,DataSED - DataSED - Dataset for Sound Event Detection of environmental noise/SED_wav/S-0664.wav,polyphonic,Propeller aircrafts,propeller_aircrafts,0.47,29.15,0.02,0.98,28.68,3844
datased:polyphonic:003844,S-0665,DataSED - DataSED - Dataset for Sound Event Detection of environmental noise/SED_wav/S-0665.wav,polyphonic,Propeller aircrafts,propeller_aircrafts,0.87,26.17,0.03,0.95,25.3,3845
datased:polyphonic:003845,S-0666,DataSED - DataSED - Dataset for Sound Event Detection of environmental noise/SED_wav/S-0666.wav,polyphonic,Propeller aircrafts,propeller_aircrafts,0.0,115.15,0.0,1.0,115.15,3846
datased:polyphonic:003846,S-0667,DataSED - DataSED - Dataset for Sound Event Detection of environmental noise/SED_wav/S-0667.wav,polyphonic,Propeller aircrafts,propeller_aircrafts,0.18,10.59,0.02,0.99,10.4,3847
datased:polyphonic:003847,S-0668,DataSED - DataSED - Dataset for Sound Event Detection of environmental noise/SED_wav/S-0668.wav,polyphonic,Vacuum cleaner fan and hairdryer,vacuum_cleaner_fan_hairdryer,1.2,11.33,0.02,0.16,10.14,3848
datased:polyphonic:003848,S-0668,DataSED - DataSED - Dataset for Sound Event Detection of environmental noise/SED_wav/S-0668.wav,polyphonic,Vacuum cleaner fan and hairdryer,vacuum_cleaner_fan_hairdryer,13.71,26.14,0.2,0.37,12.43,3849
datased:polyphonic:003849,S-0668,DataSED - DataSED - Dataset for Sound Event Detection of environmental noise/SED_wav/S-0668.wav,polyphonic,Sirens and alarms,sirens_and_alarms,28.98,69.87,0.41,1.0,40.89,3850
datased:polyphonic:003850,S-0669,DataSED - DataSED - Dataset for Sound Event Detection of environmental noise/SED_wav/S-0669.wav,polyphonic,Vacuum cleaner fan and hairdryer,vacuum_cleaner_fan_hairdryer,1.16,17.89,0.01,0.11,16.73,3851
datased:polyphonic:003851,S-0669,DataSED - DataSED - Dataset for Sound Event Detection of environmental noise/SED_wav/S-0669.wav,polyphonic,Vacuum cleaner fan and hairdryer,vacuum_cleaner_fan_hairdryer,23.68,39.75,0.15,0.25,16.06,3852
datased:polyphonic:003852,S-0669,DataSED - DataSED - Dataset for Sound Event Detection of environmental noise/SED_wav/S-0669.wav,polyphonic,Vacuum cleaner fan and hairdryer,vacuum_cleaner_fan_hairdryer,43.93,55.33,0.28,0.35,11.4,3853
datased:polyphonic:003853,S-0669,DataSED - DataSED - Dataset for Sound Event Detection of environmental noise/SED_wav/S-0669.wav,polyphonic,Vacuum cleaner fan and hairdryer,vacuum_cleaner_fan_hairdryer,61.6,74.53,0.39,0.47,12.93,3854
datased:polyphonic:003854,S-0669,DataSED - DataSED - Dataset for Sound Event Detection of environmental noise/SED_wav/S-0669.wav,polyphonic,Vacuum cleaner fan and hairdryer,vacuum_cleaner_fan_hairdryer,78.43,95.33,0.5,0.61,16.91,3855
datased:polyphonic:003855,S-0669,DataSED - DataSED - Dataset for Sound Event Detection of environmental noise/SED_wav/S-0669.wav,polyphonic,Vacuum cleaner fan and hairdryer,vacuum_cleaner_fan_hairdryer,99.81,128.32,0.64,0.82,28.51,3856
datased:polyphonic:003856,S-0669,DataSED - DataSED - Dataset for Sound Event Detection of environmental noise/SED_wav/S-0669.wav,polyphonic,Vacuum cleaner fan and hairdryer,vacuum_cleaner_fan_hairdryer,131.17,144.1,0.84,0.92,12.93,3857
datased:polyphonic:003857,S-0669,DataSED - DataSED - Dataset for Sound Event Detection of environmental noise/SED_wav/S-0669.wav,polyphonic,Vacuum cleaner fan and hairdryer,vacuum_cleaner_fan_hairdryer,149.23,153.41,0.95,0.98,4.18,3858
datased:polyphonic:003858,S-0670,DataSED - DataSED - Dataset for Sound Event Detection of environmental noise/SED_wav/S-0670.wav,polyphonic,Vacuum cleaner fan and hairdryer,vacuum_cleaner_fan_hairdryer,4.2,20.71,0.03,0.16,16.5,3859
datased:polyphonic:003859,S-0670,DataSED - DataSED - Dataset for Sound Event Detection of environmental noise/SED_wav/S-0670.wav,polyphonic,Vacuum cleaner fan and hairdryer,vacuum_cleaner_fan_hairdryer,30.02,45.82,0.23,0.35,15.79,3860
datased:polyphonic:003860,S-0670,DataSED - DataSED - Dataset for Sound Event Detection of environmental noise/SED_wav/S-0670.wav,polyphonic,Vacuum cleaner fan and hairdryer,vacuum_cleaner_fan_hairdryer,57.03,77.72,0.44,0.6,20.69,3861
datased:polyphonic:003861,S-0670,DataSED - DataSED - Dataset for Sound Event Detection of environmental noise/SED_wav/S-0670.wav,polyphonic,Vacuum cleaner fan and hairdryer,vacuum_cleaner_fan_hairdryer,89.96,108.12,0.69,0.83,18.16,3862
datased:polyphonic:003862,S-0670,DataSED - DataSED - Dataset for Sound Event Detection of environmental noise/SED_wav/S-0670.wav,polyphonic,Vacuum cleaner fan and hairdryer,vacuum_cleaner_fan_hairdryer,116.02,127.23,0.89,0.98,11.21,3863
datased:polyphonic:003863,S-0671,DataSED - DataSED - Dataset for Sound Event Detection of environmental noise/SED_wav/S-0671.wav,polyphonic,Vacuum cleaner fan and hairdryer,vacuum_cleaner_fan_hairdryer,0.33,13.79,0.0,0.13,13.46,3864
datased:polyphonic:003864,S-0671,DataSED - DataSED - Dataset for Sound Event Detection of environmental noise/SED_wav/S-0671.wav,polyphonic,Vacuum cleaner fan and hairdryer,vacuum_cleaner_fan_hairdryer,19.82,33.53,0.19,0.32,13.72,3865
datased:polyphonic:003865,S-0671,DataSED - DataSED - Dataset for Sound Event Detection of environmental noise/SED_wav/S-0671.wav,polyphonic,Vacuum cleaner fan and hairdryer,vacuum_cleaner_fan_hairdryer,39.13,56.22,0.37,0.53,17.09,3866
datased:polyphonic:003866,S-0671,DataSED - DataSED - Dataset for Sound Event Detection of environmental noise/SED_wav/S-0671.wav,polyphonic,Vacuum cleaner fan and hairdryer,vacuum_cleaner_fan_hairdryer,59.17,73.91,0.56,0.7,14.74,3867
datased:polyphonic:003867,S-0671,DataSED - DataSED - Dataset for Sound Event Detection of environmental noise/SED_wav/S-0671.wav,polyphonic,Vacuum cleaner fan and hairdryer,vacuum_cleaner_fan_hairdryer,78.46,95.58,0.74,0.9,17.11,3868
datased:polyphonic:003868,S-0672,DataSED - DataSED - Dataset for Sound Event Detection of environmental noise/SED_wav/S-0672.wav,polyphonic,Vacuum cleaner fan and hairdryer,vacuum_cleaner_fan_hairdryer,2.31,20.03,0.01,0.11,17.72,3869
datased:polyphonic:003869,S-0672,DataSED - DataSED - Dataset for Sound Event Detection of environmental noise/SED_wav/S-0672.wav,polyphonic,Vacuum cleaner fan and hairdryer,vacuum_cleaner_fan_hairdryer,22.96,42.97,0.13,0.24,20.0,3870
datased:polyphonic:003870,S-0672,DataSED - DataSED - Dataset for Sound Event Detection of environmental noise/SED_wav/S-0672.wav,polyphonic,Vacuum cleaner fan and hairdryer,vacuum_cleaner_fan_hairdryer,49.71,84.93,0.28,0.47,35.23,3871
datased:polyphonic:003871,S-0672,DataSED - DataSED - Dataset for Sound Event Detection of environmental noise/SED_wav/S-0672.wav,polyphonic,Vacuum cleaner fan and hairdryer,vacuum_cleaner_fan_hairdryer,91.46,107.98,0.51,0.6,16.53,3872
datased:polyphonic:003872,S-0672,DataSED - DataSED - Dataset for Sound Event Detection of environmental noise/SED_wav/S-0672.wav,polyphonic,Vacuum cleaner fan and hairdryer,vacuum_cleaner_fan_hairdryer,111.13,122.22,0.62,0.68,11.09,3873
datased:polyphonic:003873,S-0672,DataSED - DataSED - Dataset for Sound Event Detection of environmental noise/SED_wav/S-0672.wav,polyphonic,Vacuum cleaner fan and hairdryer,vacuum_cleaner_fan_hairdryer,125.92,134.29,0.7,0.75,8.37,3874
datased:polyphonic:003874,S-0672,DataSED - DataSED - Dataset for Sound Event Detection of environmental noise/SED_wav/S-0672.wav,polyphonic,Vacuum cleaner fan and hairdryer,vacuum_cleaner_fan_hairdryer,137.44,154.84,0.77,0.86,17.4,3875
datased:polyphonic:003875,S-0672,DataSED - DataSED - Dataset for Sound Event Detection of environmental noise/SED_wav/S-0672.wav,polyphonic,Vacuum cleaner fan and hairdryer,vacuum_cleaner_fan_hairdryer,163.97,178.98,0.91,1.0,15.0,3876
datased:polyphonic:003876,S-0673,DataSED - DataSED - Dataset for Sound Event Detection of environmental noise/SED_wav/S-0673.wav,polyphonic,Vacuum cleaner fan and hairdryer,vacuum_cleaner_fan_hairdryer,4.88,19.84,0.07,0.3,14.96,3877
datased:polyphonic:003877,S-0673,DataSED - DataSED - Dataset for Sound Event Detection of environmental noise/SED_wav/S-0673.wav,polyphonic,Jet aircrafts,jet_aircrafts,21.35,54.12,0.33,0.83,32.77,3878
datased:polyphonic:003878,S-0673,DataSED - DataSED - Dataset for Sound Event Detection of environmental noise/SED_wav/S-0673.wav,polyphonic,Vacuum cleaner fan and hairdryer,vacuum_cleaner_fan_hairdryer,62.97,64.12,0.96,0.98,1.15,3879
datased:polyphonic:003879,S-0674,DataSED - DataSED - Dataset for Sound Event Detection of environmental noise/SED_wav/S-0674.wav,polyphonic,Vacuum cleaner fan and hairdryer,vacuum_cleaner_fan_hairdryer,3.62,30.36,0.03,0.22,26.74,3880
datased:polyphonic:003880,S-0674,DataSED - DataSED - Dataset for Sound Event Detection of environmental noise/SED_wav/S-0674.wav,polyphonic,Vacuum cleaner fan and hairdryer,vacuum_cleaner_fan_hairdryer,50.06,72.36,0.36,0.52,22.3,3881
datased:polyphonic:003881,S-0674,DataSED - DataSED - Dataset for Sound Event Detection of environmental noise/SED_wav/S-0674.wav,polyphonic,Vacuum cleaner fan and hairdryer,vacuum_cleaner_fan_hairdryer,80.07,95.58,0.58,0.69,15.51,3882
datased:polyphonic:003882,S-0674,DataSED - DataSED - Dataset for Sound Event Detection of environmental noise/SED_wav/S-0674.wav,polyphonic,Vacuum cleaner fan and hairdryer,vacuum_cleaner_fan_hairdryer,102.04,117.04,0.74,0.85,15.01,3883
datased:polyphonic:003883,S-0675,DataSED - DataSED - Dataset for Sound Event Detection of environmental noise/SED_wav/S-0675.wav,polyphonic,Vacuum cleaner fan and hairdryer,vacuum_cleaner_fan_hairdryer,25.55,52.6,0.16,0.34,27.05,3884
datased:polyphonic:003884,S-0675,DataSED - DataSED - Dataset for Sound Event Detection of environmental noise/SED_wav/S-0675.wav,polyphonic,Vacuum cleaner fan and hairdryer,vacuum_cleaner_fan_hairdryer,62.81,81.82,0.4,0.52,19.01,3885
datased:polyphonic:003885,S-0675,DataSED - DataSED - Dataset for Sound Event Detection of environmental noise/SED_wav/S-0675.wav,polyphonic,Vacuum cleaner fan and hairdryer,vacuum_cleaner_fan_hairdryer,87.87,104.7,0.56,0.67,16.83,3886
datased:polyphonic:003886,S-0675,DataSED - DataSED - Dataset for Sound Event Detection of environmental noise/SED_wav/S-0675.wav,polyphonic,Vacuum cleaner fan and hairdryer,vacuum_cleaner_fan_hairdryer,108.49,133.83,0.69,0.86,25.34,3887
datased:polyphonic:003887,S-0675,DataSED - DataSED - Dataset for Sound Event Detection of environmental noise/SED_wav/S-0675.wav,polyphonic,Vacuum cleaner fan and hairdryer,vacuum_cleaner_fan_hairdryer,140.64,150.38,0.9,0.96,9.74,3888
datased:polyphonic:003888,S-0676,DataSED - DataSED - Dataset for Sound Event Detection of environmental noise/SED_wav/S-0676.wav,polyphonic,Jet aircrafts,jet_aircrafts,11.36,65.63,0.05,0.27,54.27,3889
datased:polyphonic:003889,S-0676,DataSED - DataSED - Dataset for Sound Event Detection of environmental noise/SED_wav/S-0676.wav,polyphonic,Vehicle pass-by,vehicle_pass_by,92.99,106.08,0.38,0.44,13.09,3890
datased:polyphonic:003890,S-0676,DataSED - DataSED - Dataset for Sound Event Detection of environmental noise/SED_wav/S-0676.wav,polyphonic,Jet aircrafts,jet_aircrafts,154.17,220.59,0.63,0.91,66.41,3891
datased:polyphonic:003891,S-0676,DataSED - DataSED - Dataset for Sound Event Detection of environmental noise/SED_wav/S-0676.wav,polyphonic,Vehicle pass-by,vehicle_pass_by,206.53,211.98,0.85,0.87,5.44,3892
datased:polyphonic:003892,S-0676,DataSED - DataSED - Dataset for Sound Event Detection of environmental noise/SED_wav/S-0676.wav,polyphonic,Vehicle pass-by,vehicle_pass_by,239.92,243.01,0.99,1.0,3.09,3893
datased:polyphonic:003893,S-0677,DataSED - DataSED - Dataset for Sound Event Detection of environmental noise/SED_wav/S-0677.wav,polyphonic,Workshop,workshop,2.46,4.89,0.02,0.04,2.44,3894
datased:polyphonic:003894,S-0677,DataSED - DataSED - Dataset for Sound Event Detection of environmental noise/SED_wav/S-0677.wav,polyphonic,Voices,voices,12.63,13.72,0.09,0.1,1.09,3895
datased:polyphonic:003895,S-0677,DataSED - DataSED - Dataset for Sound Event Detection of environmental noise/SED_wav/S-0677.wav,polyphonic,Voices,voices,20.03,21.97,0.14,0.16,1.93,3896
datased:polyphonic:003896,S-0677,DataSED - DataSED - Dataset for Sound Event Detection of environmental noise/SED_wav/S-0677.wav,polyphonic,Workshop,workshop,23.73,36.01,0.17,0.26,12.28,3897
datased:polyphonic:003897,S-0677,DataSED - DataSED - Dataset for Sound Event Detection of environmental noise/SED_wav/S-0677.wav,polyphonic,Music,music,42.15,54.93,0.3,0.4,12.78,3898
datased:polyphonic:003898,S-0677,DataSED - DataSED - Dataset for Sound Event Detection of environmental noise/SED_wav/S-0677.wav,polyphonic,Workshop,workshop,57.71,74.86,0.42,0.54,17.16,3899
datased:polyphonic:003899,S-0677,DataSED - DataSED - Dataset for Sound Event Detection of environmental noise/SED_wav/S-0677.wav,polyphonic,Music,music,78.48,94.37,0.56,0.68,15.89,3900
datased:polyphonic:003900,S-0677,DataSED - DataSED - Dataset for Sound Event Detection of environmental noise/SED_wav/S-0677.wav,polyphonic,Workshop,workshop,94.37,107.15,0.68,0.77,12.78,3901
datased:polyphonic:003901,S-0677,DataSED - DataSED - Dataset for Sound Event Detection of environmental noise/SED_wav/S-0677.wav,polyphonic,Music,music,107.49,120.44,0.77,0.87,12.95,3902
datased:polyphonic:003902,S-0677,DataSED - DataSED - Dataset for Sound Event Detection of environmental noise/SED_wav/S-0677.wav,polyphonic,Workshop,workshop,120.61,135.49,0.87,0.98,14.88,3903
datased:polyphonic:003903,S-0678,DataSED - DataSED - Dataset for Sound Event Detection of environmental noise/SED_wav/S-0678.wav,polyphonic,Voices,voices,2.69,8.26,0.02,0.07,5.57,3904
datased:polyphonic:003904,S-0678,DataSED - DataSED - Dataset for Sound Event Detection of environmental noise/SED_wav/S-0678.wav,polyphonic,Workshop,workshop,9.67,24.15,0.08,0.2,14.48,3905
datased:polyphonic:003905,S-0678,DataSED - DataSED - Dataset for Sound Event Detection of environmental noise/SED_wav/S-0678.wav,polyphonic,Music,music,25.71,38.04,0.21,0.31,12.33,3906
datased:polyphonic:003906,S-0678,DataSED - DataSED - Dataset for Sound Event Detection of environmental noise/SED_wav/S-0678.wav,polyphonic,Workshop,workshop,39.15,55.05,0.32,0.45,15.89,3907
datased:polyphonic:003907,S-0678,DataSED - DataSED - Dataset for Sound Event Detection of environmental noise/SED_wav/S-0678.wav,polyphonic,Music,music,55.72,78.81,0.45,0.64,23.1,3908
datased:polyphonic:003908,S-0678,DataSED - DataSED - Dataset for Sound Event Detection of environmental noise/SED_wav/S-0678.wav,polyphonic,Workshop,workshop,80.74,94.11,0.66,0.77,13.37,3909
datased:polyphonic:003909,S-0678,DataSED - DataSED - Dataset for Sound Event Detection of environmental noise/SED_wav/S-0678.wav,polyphonic,Workshop,workshop,103.62,118.92,0.84,0.97,15.3,3910
datased:polyphonic:003910,S-0679,DataSED - DataSED - Dataset for Sound Event Detection of environmental noise/SED_wav/S-0679.wav,polyphonic,Voices,voices,1.73,7.47,0.01,0.04,5.74,3911
datased:polyphonic:003911,S-0679,DataSED - DataSED - Dataset for Sound Event Detection of environmental noise/SED_wav/S-0679.wav,polyphonic,Voices,voices,8.68,12.01,0.05,0.07,3.32,3912
datased:polyphonic:003912,S-0679,DataSED - DataSED - Dataset for Sound Event Detection of environmental noise/SED_wav/S-0679.wav,polyphonic,Music,music,12.51,22.88,0.08,0.14,10.37,3913
datased:polyphonic:003913,S-0679,DataSED - DataSED - Dataset for Sound Event Detection of environmental noise/SED_wav/S-0679.wav,polyphonic,Workshop,workshop,23.39,37.89,0.14,0.23,14.5,3914
datased:polyphonic:003914,S-0679,DataSED - DataSED - Dataset for Sound Event Detection of environmental noise/SED_wav/S-0679.wav,polyphonic,Music,music,40.61,67.71,0.24,0.41,27.09,3915
datased:polyphonic:003915,S-0679,DataSED - DataSED - Dataset for Sound Event Detection of environmental noise/SED_wav/S-0679.wav,polyphonic,Workshop,workshop,67.91,81.81,0.41,0.49,13.9,3916
datased:polyphonic:003916,S-0679,DataSED - DataSED - Dataset for Sound Event Detection of environmental noise/SED_wav/S-0679.wav,polyphonic,Voices,voices,82.51,92.08,0.5,0.55,9.57,3917
datased:polyphonic:003917,S-0679,DataSED - DataSED - Dataset for Sound Event Detection of environmental noise/SED_wav/S-0679.wav,polyphonic,Workshop,workshop,92.28,108.6,0.55,0.65,16.32,3918
datased:polyphonic:003918,S-0679,DataSED - DataSED - Dataset for Sound Event Detection of environmental noise/SED_wav/S-0679.wav,polyphonic,Music,music,109.1,126.43,0.66,0.76,17.32,3919
datased:polyphonic:003919,S-0679,DataSED - DataSED - Dataset for Sound Event Detection of environmental noise/SED_wav/S-0679.wav,polyphonic,Workshop,workshop,126.53,144.16,0.76,0.87,17.63,3920
datased:polyphonic:003920,S-0679,DataSED - DataSED - Dataset for Sound Event Detection of environmental noise/SED_wav/S-0679.wav,polyphonic,Voices,voices,147.08,150.7,0.88,0.91,3.63,3921
datased:polyphonic:003921,S-0679,DataSED - DataSED - Dataset for Sound Event Detection of environmental noise/SED_wav/S-0679.wav,polyphonic,Workshop,workshop,151.11,163.8,0.91,0.98,12.69,3922
datased:polyphonic:003922,S-0680,DataSED - DataSED - Dataset for Sound Event Detection of environmental noise/SED_wav/S-0680.wav,polyphonic,Propeller aircrafts,propeller_aircrafts,6.09,19.42,0.13,0.42,13.34,3923
datased:polyphonic:003923,S-0680,DataSED - DataSED - Dataset for Sound Event Detection of environmental noise/SED_wav/S-0680.wav,polyphonic,Train,train,19.25,36.71,0.42,0.79,17.45,3924
datased:polyphonic:003924,S-0680,DataSED - DataSED - Dataset for Sound Event Detection of environmental noise/SED_wav/S-0680.wav,polyphonic,Vehicle pass-by,vehicle_pass_by,40.46,45.89,0.87,0.99,5.43,3925
datased:polyphonic:003925,S-0681,DataSED - DataSED - Dataset for Sound Event Detection of environmental noise/SED_wav/S-0681.wav,polyphonic,Vehicle pass-by,vehicle_pass_by,1.28,8.57,0.03,0.2,7.29,3926
datased:polyphonic:003926,S-0681,DataSED - DataSED - Dataset for Sound Event Detection of environmental noise/SED_wav/S-0681.wav,polyphonic,Jet aircrafts,jet_aircrafts,10.13,34.07,0.24,0.79,23.94,3927
datased:polyphonic:003927,S-0682,DataSED - DataSED - Dataset for Sound Event Detection of environmental noise/SED_wav/S-0682.wav,polyphonic,Dog barkings and howlings,dog_barkings_and_howlings,0.9,3.62,0.01,0.05,2.72,3928
datased:polyphonic:003928,S-0682,DataSED - DataSED - Dataset for Sound Event Detection of environmental noise/SED_wav/S-0682.wav,polyphonic,Train,train,9.98,57.95,0.15,0.87,47.97,3929
datased:polyphonic:003929,S-0682,DataSED - DataSED - Dataset for Sound Event Detection of environmental noise/SED_wav/S-0682.wav,polyphonic,Vehicle idling,vehicle_idling,61.88,66.71,0.92,1.0,4.83,3930
datased:polyphonic:003930,S-0683,DataSED - DataSED - Dataset for Sound Event Detection of environmental noise/SED_wav/S-0683.wav,polyphonic,Jet aircrafts,jet_aircrafts,0.31,18.99,0.01,0.41,18.68,3931
datased:polyphonic:003931,S-0683,DataSED - DataSED - Dataset for Sound Event Detection of environmental noise/SED_wav/S-0683.wav,polyphonic,Train,train,25.73,44.02,0.56,0.96,18.29,3932
datased:polyphonic:003932,S-0684,DataSED - DataSED - Dataset for Sound Event Detection of environmental noise/SED_wav/S-0684.wav,polyphonic,Train,train,3.63,40.99,0.06,0.67,37.36,3933
datased:polyphonic:003933,S-0684,DataSED - DataSED - Dataset for Sound Event Detection of environmental noise/SED_wav/S-0684.wav,polyphonic,Birds,birds,42.61,47.89,0.7,0.79,5.28,3934
datased:polyphonic:003934,S-0684,DataSED - DataSED - Dataset for Sound Event Detection of environmental noise/SED_wav/S-0684.wav,polyphonic,Vehicle pass-by,vehicle_pass_by,48.93,55.46,0.8,0.91,6.53,3935
datased:polyphonic:003935,S-0685,DataSED - DataSED - Dataset for Sound Event Detection of environmental noise/SED_wav/S-0685.wav,polyphonic,Workshop,workshop,4.79,16.56,0.09,0.31,11.77,3936
datased:polyphonic:003936,S-0685,DataSED - DataSED - Dataset for Sound Event Detection of environmental noise/SED_wav/S-0685.wav,polyphonic,Vehicle pass-by,vehicle_pass_by,17.49,27.85,0.33,0.53,10.36,3937
datased:polyphonic:003937,S-0685,DataSED - DataSED - Dataset for Sound Event Detection of environmental noise/SED_wav/S-0685.wav,polyphonic,Workshop,workshop,34.17,39.94,0.64,0.75,5.77,3938
datased:polyphonic:003938,S-0685,DataSED - DataSED - Dataset for Sound Event Detection of environmental noise/SED_wav/S-0685.wav,polyphonic,Workshop,workshop,42.41,47.07,0.8,0.89,4.65,3939
datased:polyphonic:003939,S-0685,DataSED - DataSED - Dataset for Sound Event Detection of environmental noise/SED_wav/S-0685.wav,polyphonic,Workshop,workshop,48.25,52.01,0.91,0.98,3.75,3940
datased:polyphonic:003940,S-0686,DataSED - DataSED - Dataset for Sound Event Detection of environmental noise/SED_wav/S-0686.wav,polyphonic,Vehicle pass-by,vehicle_pass_by,3.47,15.98,0.08,0.36,12.52,3941
datased:polyphonic:003941,S-0686,DataSED - DataSED - Dataset for Sound Event Detection of environmental noise/SED_wav/S-0686.wav,polyphonic,Vehicle pass-by,vehicle_pass_by,19.9,27.46,0.45,0.62,7.56,3942
datased:polyphonic:003942,S-0686,DataSED - DataSED - Dataset for Sound Event Detection of environmental noise/SED_wav/S-0686.wav,polyphonic,Vehicle pass-by,vehicle_pass_by,35.24,39.93,0.8,0.91,4.69,3943
datased:polyphonic:003943,S-0687,DataSED - DataSED - Dataset for Sound Event Detection of environmental noise/SED_wav/S-0687.wav,polyphonic,Workshop,workshop,1.21,6.5,0.03,0.17,5.29,3944
datased:polyphonic:003944,S-0687,DataSED - DataSED - Dataset for Sound Event Detection of environmental noise/SED_wav/S-0687.wav,polyphonic,Vehicle pass-by,vehicle_pass_by,6.52,10.72,0.17,0.27,4.2,3945
datased:polyphonic:003945,S-0687,DataSED - DataSED - Dataset for Sound Event Detection of environmental noise/SED_wav/S-0687.wav,polyphonic,Workshop,workshop,12.54,18.68,0.32,0.48,6.14,3946
datased:polyphonic:003946,S-0687,DataSED - DataSED - Dataset for Sound Event Detection of environmental noise/SED_wav/S-0687.wav,polyphonic,Workshop,workshop,20.32,25.14,0.52,0.64,4.82,3947
datased:polyphonic:003947,S-0687,DataSED - DataSED - Dataset for Sound Event Detection of environmental noise/SED_wav/S-0687.wav,polyphonic,Vehicle pass-by,vehicle_pass_by,26.49,30.2,0.68,0.77,3.71,3948
datased:polyphonic:003948,S-0687,DataSED - DataSED - Dataset for Sound Event Detection of environmental noise/SED_wav/S-0687.wav,polyphonic,Birds,birds,30.83,39.0,0.79,1.0,8.17,3949
datased:polyphonic:003949,S-0688,DataSED - DataSED - Dataset for Sound Event Detection of environmental noise/SED_wav/S-0688.wav,polyphonic,Lawn mower brush cutter and olive shaker,lawn_mower_brush_cutter_olive_shaker,0.0,8.31,0.0,0.33,8.31,3950
datased:polyphonic:003950,S-0688,DataSED - DataSED - Dataset for Sound Event Detection of environmental noise/SED_wav/S-0688.wav,polyphonic,Lawn mower brush cutter and olive shaker,lawn_mower_brush_cutter_olive_shaker,12.93,25.0,0.52,1.0,12.07,3951
datased:polyphonic:003951,S-0688,DataSED - DataSED - Dataset for Sound Event Detection of environmental noise/SED_wav/S-0688.wav,polyphonic,Voices,voices,21.25,21.91,0.85,0.88,0.67,3952
datased:polyphonic:003952,S-0688,DataSED - DataSED - Dataset for Sound Event Detection of environmental noise/SED_wav/S-0688.wav,polyphonic,Crows seagulls and magpies,crows_seagulls_magpies,24.14,25.0,0.97,1.0,0.86,3953
datased:polyphonic:003953,S-0689,DataSED - DataSED - Dataset for Sound Event Detection of environmental noise/SED_wav/S-0689.wav,polyphonic,Crows seagulls and magpies,crows_seagulls_magpies,10.29,15.11,0.23,0.34,4.82,3954
datased:polyphonic:003954,S-0689,DataSED - DataSED - Dataset for Sound Event Detection of environmental noise/SED_wav/S-0689.wav,polyphonic,Vehicle pass-by,vehicle_pass_by,22.67,29.25,0.52,0.66,6.58,3955
datased:polyphonic:003955,S-0689,DataSED - DataSED - Dataset for Sound Event Detection of environmental noise/SED_wav/S-0689.wav,polyphonic,Dog barkings and howlings,dog_barkings_and_howlings,30.76,31.27,0.7,0.71,0.51,3956
datased:polyphonic:003956,S-0689,DataSED - DataSED - Dataset for Sound Event Detection of environmental noise/SED_wav/S-0689.wav,polyphonic,Dog barkings and howlings,dog_barkings_and_howlings,32.36,33.43,0.74,0.76,1.07,3957
datased:polyphonic:003957,S-0689,DataSED - DataSED - Dataset for Sound Event Detection of environmental noise/SED_wav/S-0689.wav,polyphonic,Dog barkings and howlings,dog_barkings_and_howlings,34.2,34.89,0.78,0.79,0.69,3958
datased:polyphonic:003958,S-0689,DataSED - DataSED - Dataset for Sound Event Detection of environmental noise/SED_wav/S-0689.wav,polyphonic,Dog barkings and howlings,dog_barkings_and_howlings,35.37,35.82,0.8,0.81,0.45,3959
datased:polyphonic:003959,S-0689,DataSED - DataSED - Dataset for Sound Event Detection of environmental noise/SED_wav/S-0689.wav,polyphonic,Dog barkings and howlings,dog_barkings_and_howlings,36.38,37.02,0.83,0.84,0.64,3960
datased:polyphonic:003960,S-0689,DataSED - DataSED - Dataset for Sound Event Detection of environmental noise/SED_wav/S-0689.wav,polyphonic,Voices,voices,38.81,43.87,0.88,1.0,5.06,3961
datased:polyphonic:003961,S-0690,DataSED - DataSED - Dataset for Sound Event Detection of environmental noise/SED_wav/S-0690.wav,polyphonic,Chicken coop,chicken_coop,6.26,7.28,0.04,0.05,1.02,3962
datased:polyphonic:003962,S-0690,DataSED - DataSED - Dataset for Sound Event Detection of environmental noise/SED_wav/S-0690.wav,polyphonic,Dog barkings and howlings,dog_barkings_and_howlings,12.77,20.03,0.08,0.13,7.26,3963
datased:polyphonic:003963,S-0690,DataSED - DataSED - Dataset for Sound Event Detection of environmental noise/SED_wav/S-0690.wav,polyphonic,Dog barkings and howlings,dog_barkings_and_howlings,20.68,21.89,0.13,0.14,1.21,3964
datased:polyphonic:003964,S-0690,DataSED - DataSED - Dataset for Sound Event Detection of environmental noise/SED_wav/S-0690.wav,polyphonic,Dog barkings and howlings,dog_barkings_and_howlings,24.22,30.46,0.16,0.2,6.24,3965
datased:polyphonic:003965,S-0690,DataSED - DataSED - Dataset for Sound Event Detection of environmental noise/SED_wav/S-0690.wav,polyphonic,Dog barkings and howlings,dog_barkings_and_howlings,32.78,33.44,0.21,0.22,0.65,3966
datased:polyphonic:003966,S-0690,DataSED - DataSED - Dataset for Sound Event Detection of environmental noise/SED_wav/S-0690.wav,polyphonic,Dog barkings and howlings,dog_barkings_and_howlings,35.02,36.41,0.23,0.24,1.4,3967
datased:polyphonic:003967,S-0690,DataSED - DataSED - Dataset for Sound Event Detection of environmental noise/SED_wav/S-0690.wav,polyphonic,Dog barkings and howlings,dog_barkings_and_howlings,39.3,46.0,0.26,0.3,6.7,3968
datased:polyphonic:003968,S-0690,DataSED - DataSED - Dataset for Sound Event Detection of environmental noise/SED_wav/S-0690.wav,polyphonic,Dog barkings and howlings,dog_barkings_and_howlings,46.93,52.42,0.31,0.34,5.49,3969
datased:polyphonic:003969,S-0690,DataSED - DataSED - Dataset for Sound Event Detection of environmental noise/SED_wav/S-0690.wav,polyphonic,Sirens and alarms,sirens_and_alarms,77.84,79.51,0.51,0.52,1.68,3970
datased:polyphonic:003970,S-0690,DataSED - DataSED - Dataset for Sound Event Detection of environmental noise/SED_wav/S-0690.wav,polyphonic,Vehicle pass-by,vehicle_pass_by,97.48,103.99,0.63,0.68,6.52,3971
datased:polyphonic:003971,S-0690,DataSED - DataSED - Dataset for Sound Event Detection of environmental noise/SED_wav/S-0690.wav,polyphonic,Vehicle pass-by,vehicle_pass_by,109.86,112.84,0.71,0.73,2.98,3972
datased:polyphonic:003972,S-0691,DataSED - DataSED - Dataset for Sound Event Detection of environmental noise/SED_wav/S-0691.wav,polyphonic,Sirens and alarms,sirens_and_alarms,1.49,43.46,0.01,0.27,41.97,3973
datased:polyphonic:003973,S-0691,DataSED - DataSED - Dataset for Sound Event Detection of environmental noise/SED_wav/S-0691.wav,polyphonic,Jet aircrafts,jet_aircrafts,80.34,100.79,0.5,0.62,20.45,3974
datased:polyphonic:003974,S-0692,DataSED - DataSED - Dataset for Sound Event Detection of environmental noise/SED_wav/S-0692.wav,polyphonic,Jet aircrafts,jet_aircrafts,4.63,58.06,0.03,0.41,53.43,3975
datased:polyphonic:003975,S-0692,DataSED - DataSED - Dataset for Sound Event Detection of environmental noise/SED_wav/S-0692.wav,polyphonic,Vehicle idling,vehicle_idling,58.57,66.87,0.41,0.47,8.29,3976
datased:polyphonic:003976,S-0692,DataSED - DataSED - Dataset for Sound Event Detection of environmental noise/SED_wav/S-0692.wav,polyphonic,Jet aircrafts,jet_aircrafts,67.21,78.64,0.48,0.56,11.44,3977
datased:polyphonic:003977,S-0692,DataSED - DataSED - Dataset for Sound Event Detection of environmental noise/SED_wav/S-0692.wav,polyphonic,Vehicle pass-by,vehicle_pass_by,82.77,88.84,0.59,0.63,6.07,3978
datased:polyphonic:003978,S-0692,DataSED - DataSED - Dataset for Sound Event Detection of environmental noise/SED_wav/S-0692.wav,polyphonic,Vehicle pass-by,vehicle_pass_by,108.84,111.57,0.77,0.79,2.74,3979
datased:polyphonic:003979,S-0692,DataSED - DataSED - Dataset for Sound Event Detection of environmental noise/SED_wav/S-0692.wav,polyphonic,Jet aircrafts,jet_aircrafts,127.13,132.78,0.9,0.94,5.64,3980
datased:polyphonic:003980,S-0693,DataSED - DataSED - Dataset for Sound Event Detection of environmental noise/SED_wav/S-0693.wav,polyphonic,Jet aircrafts,jet_aircrafts,2.66,69.68,0.02,0.51,67.02,3981
datased:polyphonic:003981,S-0693,DataSED - DataSED - Dataset for Sound Event Detection of environmental noise/SED_wav/S-0693.wav,polyphonic,Vehicle idling,vehicle_idling,57.61,80.42,0.42,0.59,22.81,3982
datased:polyphonic:003982,S-0693,DataSED - DataSED - Dataset for Sound Event Detection of environmental noise/SED_wav/S-0693.wav,polyphonic,Vehicle pass-by,vehicle_pass_by,86.62,91.99,0.63,0.67,5.37,3983
datased:polyphonic:003983,S-0693,DataSED - DataSED - Dataset for Sound Event Detection of environmental noise/SED_wav/S-0693.wav,polyphonic,Vehicle pass-by,vehicle_pass_by,98.27,104.63,0.72,0.77,6.36,3984
datased:polyphonic:003984,S-0693,DataSED - DataSED - Dataset for Sound Event Detection of environmental noise/SED_wav/S-0693.wav,polyphonic,Vehicle pass-by,vehicle_pass_by,123.8,125.87,0.91,0.92,2.07,3985
datased:polyphonic:003985,S-0694,DataSED - DataSED - Dataset for Sound Event Detection of environmental noise/SED_wav/S-0694.wav,polyphonic,Jet aircrafts,jet_aircrafts,4.2,13.06,0.03,0.09,8.86,3986
datased:polyphonic:003986,S-0694,DataSED - DataSED - Dataset for Sound Event Detection of environmental noise/SED_wav/S-0694.wav,polyphonic,Jet aircrafts,jet_aircrafts,40.81,91.79,0.3,0.66,50.99,3987
datased:polyphonic:003987,S-0694,DataSED - DataSED - Dataset for Sound Event Detection of environmental noise/SED_wav/S-0694.wav,polyphonic,Vehicle pass-by,vehicle_pass_by,104.67,111.77,0.76,0.81,7.1,3988
datased:polyphonic:003988,S-0694,DataSED - DataSED - Dataset for Sound Event Detection of environmental noise/SED_wav/S-0694.wav,polyphonic,Vehicle pass-by,vehicle_pass_by,119.04,124.39,0.86,0.9,5.35,3989
datased:polyphonic:003989,S-0694,DataSED - DataSED - Dataset for Sound Event Detection of environmental noise/SED_wav/S-0694.wav,polyphonic,Vehicle pass-by,vehicle_pass_by,128.32,131.33,0.93,0.95,3.01,3990
datased:polyphonic:003990,S-0695,DataSED - DataSED - Dataset for Sound Event Detection of environmental noise/SED_wav/S-0695.wav,polyphonic,Jet aircrafts,jet_aircrafts,27.29,35.3,0.18,0.23,8.01,3991
datased:polyphonic:003991,S-0695,DataSED - DataSED - Dataset for Sound Event Detection of environmental noise/SED_wav/S-0695.wav,polyphonic,Jet aircrafts,jet_aircrafts,38.74,97.57,0.25,0.63,58.83,3992
datased:polyphonic:003992,S-0695,DataSED - DataSED - Dataset for Sound Event Detection of environmental noise/SED_wav/S-0695.wav,polyphonic,Workshop,workshop,101.01,102.22,0.66,0.66,1.21,3993
datased:polyphonic:003993,S-0695,DataSED - DataSED - Dataset for Sound Event Detection of environmental noise/SED_wav/S-0695.wav,polyphonic,Vehicle pass-by,vehicle_pass_by,125.4,130.15,0.82,0.85,4.75,3994
datased:polyphonic:003994,S-0696,DataSED - DataSED - Dataset for Sound Event Detection of environmental noise/SED_wav/S-0696.wav,polyphonic,Vehicle pass-by,vehicle_pass_by,23.99,31.67,0.13,0.17,7.69,3995
datased:polyphonic:003995,S-0696,DataSED - DataSED - Dataset for Sound Event Detection of environmental noise/SED_wav/S-0696.wav,polyphonic,Vehicle pass-by,vehicle_pass_by,50.66,56.65,0.27,0.3,5.99,3996
datased:polyphonic:003996,S-0696,DataSED - DataSED - Dataset for Sound Event Detection of environmental noise/SED_wav/S-0696.wav,polyphonic,Jet aircrafts,jet_aircrafts,63.66,124.24,0.34,0.67,60.58,3997
datased:polyphonic:003997,S-0696,DataSED - DataSED - Dataset for Sound Event Detection of environmental noise/SED_wav/S-0696.wav,polyphonic,Vehicle pass-by,vehicle_pass_by,153.86,162.9,0.82,0.87,9.04,3998
datased:polyphonic:003998,S-0697,DataSED - DataSED - Dataset for Sound Event Detection of environmental noise/SED_wav/S-0697.wav,polyphonic,Jet aircrafts,jet_aircrafts,69.86,83.95,0.46,0.55,14.1,3999
datased:polyphonic:003999,S-0697,DataSED - DataSED - Dataset for Sound Event Detection of environmental noise/SED_wav/S-0697.wav,polyphonic,Vehicle pass-by,vehicle_pass_by,134.26,141.9,0.88,0.93,7.65,4000
datased:polyphonic:004000,S-0698,DataSED - DataSED - Dataset for Sound Event Detection of environmental noise/SED_wav/S-0698.wav,polyphonic,Birds,birds,5.65,9.9,0.03,0.06,4.25,4001
datased:polyphonic:004001,S-0698,DataSED - DataSED - Dataset for Sound Event Detection of environmental noise/SED_wav/S-0698.wav,polyphonic,Vehicle pass-by,vehicle_pass_by,124.29,131.89,0.76,0.81,7.61,4002
datased:polyphonic:004002,S-0699,DataSED - DataSED - Dataset for Sound Event Detection of environmental noise/SED_wav/S-0699.wav,polyphonic,Vehicle pass-by,vehicle_pass_by,39.33,49.89,0.28,0.36,10.57,4003
datased:polyphonic:004003,S-0699,DataSED - DataSED - Dataset for Sound Event Detection of environmental noise/SED_wav/S-0699.wav,polyphonic,Propeller aircrafts,propeller_aircrafts,53.02,55.64,0.38,0.4,2.62,4004
datased:polyphonic:004004,S-0699,DataSED - DataSED - Dataset for Sound Event Detection of environmental noise/SED_wav/S-0699.wav,polyphonic,Dog barkings and howlings,dog_barkings_and_howlings,56.82,57.75,0.41,0.41,0.93,4005
datased:polyphonic:004005,S-0699,DataSED - DataSED - Dataset for Sound Event Detection of environmental noise/SED_wav/S-0699.wav,polyphonic,Vehicle pass-by,vehicle_pass_by,94.1,108.22,0.67,0.77,14.12,4006
datased:polyphonic:004006,S-0700,DataSED - DataSED - Dataset for Sound Event Detection of environmental noise/SED_wav/S-0700.wav,polyphonic,Lawn mower brush cutter and olive shaker,lawn_mower_brush_cutter_olive_shaker,2.38,10.36,0.02,0.08,7.98,4007
datased:polyphonic:004007,S-0700,DataSED - DataSED - Dataset for Sound Event Detection of environmental noise/SED_wav/S-0700.wav,polyphonic,Lawn mower brush cutter and olive shaker,lawn_mower_brush_cutter_olive_shaker,15.09,20.78,0.12,0.17,5.69,4008
datased:polyphonic:004008,S-0700,DataSED - DataSED - Dataset for Sound Event Detection of environmental noise/SED_wav/S-0700.wav,polyphonic,Lawn mower brush cutter and olive shaker,lawn_mower_brush_cutter_olive_shaker,23.15,24.48,0.19,0.2,1.33,4009
datased:polyphonic:004009,S-0700,DataSED - DataSED - Dataset for Sound Event Detection of environmental noise/SED_wav/S-0700.wav,polyphonic,Lawn mower brush cutter and olive shaker,lawn_mower_brush_cutter_olive_shaker,27.95,30.24,0.23,0.25,2.29,4010
datased:polyphonic:004010,S-0700,DataSED - DataSED - Dataset for Sound Event Detection of environmental noise/SED_wav/S-0700.wav,polyphonic,Lawn mower brush cutter and olive shaker,lawn_mower_brush_cutter_olive_shaker,36.6,48.5,0.3,0.4,11.9,4011
datased:polyphonic:004011,S-0700,DataSED - DataSED - Dataset for Sound Event Detection of environmental noise/SED_wav/S-0700.wav,polyphonic,Lawn mower brush cutter and olive shaker,lawn_mower_brush_cutter_olive_shaker,49.68,52.56,0.41,0.43,2.88,4012
datased:polyphonic:004012,S-0700,DataSED - DataSED - Dataset for Sound Event Detection of environmental noise/SED_wav/S-0700.wav,polyphonic,Lawn mower brush cutter and olive shaker,lawn_mower_brush_cutter_olive_shaker,53.08,57.15,0.43,0.47,4.06,4013
datased:polyphonic:004013,S-0700,DataSED - DataSED - Dataset for Sound Event Detection of environmental noise/SED_wav/S-0700.wav,polyphonic,Lawn mower brush cutter and olive shaker,lawn_mower_brush_cutter_olive_shaker,59.14,65.72,0.48,0.54,6.58,4014
datased:polyphonic:004014,S-0700,DataSED - DataSED - Dataset for Sound Event Detection of environmental noise/SED_wav/S-0700.wav,polyphonic,Lawn mower brush cutter and olive shaker,lawn_mower_brush_cutter_olive_shaker,70.89,73.85,0.58,0.6,2.96,4015
datased:polyphonic:004015,S-0700,DataSED - DataSED - Dataset for Sound Event Detection of environmental noise/SED_wav/S-0700.wav,polyphonic,Lawn mower brush cutter and olive shaker,lawn_mower_brush_cutter_olive_shaker,75.7,79.47,0.62,0.65,3.77,4016
datased:polyphonic:004016,S-0700,DataSED - DataSED - Dataset for Sound Event Detection of environmental noise/SED_wav/S-0700.wav,polyphonic,Lawn mower brush cutter and olive shaker,lawn_mower_brush_cutter_olive_shaker,83.46,86.19,0.68,0.71,2.73,4017
datased:polyphonic:004017,S-0700,DataSED - DataSED - Dataset for Sound Event Detection of environmental noise/SED_wav/S-0700.wav,polyphonic,Lawn mower brush cutter and olive shaker,lawn_mower_brush_cutter_olive_shaker,87.38,90.63,0.72,0.74,3.25,4018
datased:polyphonic:004018,S-0700,DataSED - DataSED - Dataset for Sound Event Detection of environmental noise/SED_wav/S-0700.wav,polyphonic,Lawn mower brush cutter and olive shaker,lawn_mower_brush_cutter_olive_shaker,96.84,100.16,0.79,0.82,3.33,4019
datased:polyphonic:004019,S-0700,DataSED - DataSED - Dataset for Sound Event Detection of environmental noise/SED_wav/S-0700.wav,polyphonic,Vehicle pass-by,vehicle_pass_by,108.81,119.38,0.89,0.98,10.57,4020
datased:polyphonic:004020,S-0700,DataSED - DataSED - Dataset for Sound Event Detection of environmental noise/SED_wav/S-0700.wav,polyphonic,Lawn mower brush cutter and olive shaker,lawn_mower_brush_cutter_olive_shaker,110.8,112.43,0.91,0.92,1.63,4021
datased:polyphonic:004021,S-0700,DataSED - DataSED - Dataset for Sound Event Detection of environmental noise/SED_wav/S-0700.wav,polyphonic,Lawn mower brush cutter and olive shaker,lawn_mower_brush_cutter_olive_shaker,113.91,115.02,0.93,0.94,1.11,4022
datased:polyphonic:004022,S-0700,DataSED - DataSED - Dataset for Sound Event Detection of environmental noise/SED_wav/S-0700.wav,polyphonic,Lawn mower brush cutter and olive shaker,lawn_mower_brush_cutter_olive_shaker,115.76,117.09,0.95,0.96,1.33,4023
datased:polyphonic:004023,S-0701,DataSED - DataSED - Dataset for Sound Event Detection of environmental noise/SED_wav/S-0701.wav,polyphonic,Lawn mower brush cutter and olive shaker,lawn_mower_brush_cutter_olive_shaker,15.05,25.48,0.14,0.23,10.43,4024
datased:polyphonic:004024,S-0701,DataSED - DataSED - Dataset for Sound Event Detection of environmental noise/SED_wav/S-0701.wav,polyphonic,Lawn mower brush cutter and olive shaker,lawn_mower_brush_cutter_olive_shaker,37.38,56.96,0.34,0.52,19.59,4025
datased:polyphonic:004025,S-0701,DataSED - DataSED - Dataset for Sound Event Detection of environmental noise/SED_wav/S-0701.wav,polyphonic,Lawn mower brush cutter and olive shaker,lawn_mower_brush_cutter_olive_shaker,59.04,63.78,0.53,0.58,4.75,4026
datased:polyphonic:004026,S-0701,DataSED - DataSED - Dataset for Sound Event Detection of environmental noise/SED_wav/S-0701.wav,polyphonic,Lawn mower brush cutter and olive shaker,lawn_mower_brush_cutter_olive_shaker,73.01,81.3,0.66,0.74,8.29,4027
datased:polyphonic:004027,S-0701,DataSED - DataSED - Dataset for Sound Event Detection of environmental noise/SED_wav/S-0701.wav,polyphonic,Lawn mower brush cutter and olive shaker,lawn_mower_brush_cutter_olive_shaker,83.9,92.99,0.76,0.84,9.09,4028
datased:polyphonic:004028,S-0702,DataSED - DataSED - Dataset for Sound Event Detection of environmental noise/SED_wav/S-0702.wav,polyphonic,Lawn mower brush cutter and olive shaker,lawn_mower_brush_cutter_olive_shaker,12.89,19.33,0.17,0.26,6.44,4029
datased:polyphonic:004029,S-0702,DataSED - DataSED - Dataset for Sound Event Detection of environmental noise/SED_wav/S-0702.wav,polyphonic,Lawn mower brush cutter and olive shaker,lawn_mower_brush_cutter_olive_shaker,25.91,42.55,0.35,0.57,16.65,4030
datased:polyphonic:004030,S-0702,DataSED - DataSED - Dataset for Sound Event Detection of environmental noise/SED_wav/S-0702.wav,polyphonic,Lawn mower brush cutter and olive shaker,lawn_mower_brush_cutter_olive_shaker,48.18,58.11,0.64,0.78,9.93,4031
datased:polyphonic:004031,S-0703,DataSED - DataSED - Dataset for Sound Event Detection of environmental noise/SED_wav/S-0703.wav,polyphonic,Jet aircrafts,jet_aircrafts,10.37,60.14,0.08,0.47,49.77,4032
datased:polyphonic:004032,S-0703,DataSED - DataSED - Dataset for Sound Event Detection of environmental noise/SED_wav/S-0703.wav,polyphonic,Vehicle idling,vehicle_idling,61.08,68.32,0.47,0.53,7.24,4033
datased:polyphonic:004033,S-0703,DataSED - DataSED - Dataset for Sound Event Detection of environmental noise/SED_wav/S-0703.wav,polyphonic,Vehicle pass-by,vehicle_pass_by,77.59,80.0,0.6,0.62,2.41,4034
datased:polyphonic:004034,S-0703,DataSED - DataSED - Dataset for Sound Event Detection of environmental noise/SED_wav/S-0703.wav,polyphonic,Vehicle pass-by,vehicle_pass_by,106.95,109.91,0.83,0.85,2.96,4035
