file_id,audio_relative_path,feature_relative_path,audio_sha256,feature_sha256,mel_bins,frames,feature_config_sha256
datased:DataSED - DataSED - Dataset for Sound Event Detection of environmental noise/SED_wav/S-0001.wav,DataSED - DataSED - Dataset for Sound Event Detection of environmental noise/SED_wav/S-0001.wav,DataSED - DataSED - Dataset for Sound Event Detection of environmental noise/SED_wav/S-0001.npy,892d55dc4566f14c05b169e34c617e813c6192e1cdd0851946c6d6eb3b9850cd,1f3ab7217518545928bc8c03a975746034d5733e102a557192e5ad5ea5112a36,64,2966,e53cd56e0e9911d829bd978c3ca766f775d83d12ffb2ff77f051561f6be1cd0c
datased:DataSED - DataSED - Dataset for Sound Event Detection of environmental noise/SED_wav/S-0002.wav,DataSED - DataSED - Dataset for Sound Event Detection of environmental noise/SED_wav/S-0002.wav,DataSED - DataSED - Dataset for Sound Event Detection of environmental noise/SED_wav/S-0002.npy,0f397a7e556786c2b3ec6204f6f011d4e971234fee9cc9228462486a7a680127,6baf1a88cac379743105d0a08f2a811ad66a07b71d0154722b46399fea2c038b,64,6200,e53cd56e0e9911d829bd978c3ca766f775d83d12ffb2ff77f051561f6be1cd0c
datased:DataSED - DataSED - Dataset for Sound Event Detection of environmental noise/SED_wav/S-0003.wav,DataSED - DataSED - Dataset for Sound Event Detection of environmental noise/SED_wav/S-0003.wav,DataSED - DataSED - Dataset for Sound Event Detection of environmental noise/SED_wav/S-0003.npy,eaefe1474212265aa3b1d2b102eb536a1918cd65ba419296f12dce7de952d6e0,1daf060f0092417e957d0da2c2b5850e002c084f41e4bd09db7ee2a4322c7578,64,4787,e53cd56e0e9911d829bd978c3ca766f775d83d12ffb2ff77f051561f6be1cd0c
datased:DataSED - DataSED - Dataset for Sound Event Detection of environmental noise/SED_wav/S-0004.wav,DataSED - DataSED - Dataset for Sound Event Detection of environmental noise/SED_wav/S-0004.wav,DataSED - DataSED - Dataset for Sound Event Detection of environmental noise/SED_wav/S-0004.npy,643de14799ebd130974e45205fc6a2c7e73e31beb7dd711b1abbdf70655d5f50,f95e7eec3274a40116fd7319a6def24c863ade3c72413eccee5f26d1f19e3053,64,5349,e53cd56e0e9911d829bd978c3ca766f775d83d12ffb2ff77f051561f6be1cd0c
datased:DataSED - DataSED - Dataset for Sound Event Detection of environmental noise/SED_wav/S-0005.wav,DataSED - DataSED - Dataset for Sound Event Detection of environmental noise/SED_wav/S-0005.wav,DataSED - DataSED - Dataset for Sound Event Detection of environmental noise/SED_wav/S-0005.npy,535361484a3829a5126785a0febea46703d1e7ab1f1377d8b16b2f9625a4cb8d,360957f66b9fec1b528ad85f8da04e310867a8d491ab749e870b64b6eed2a7dd,64,11666,e53cd56e0e9911d829bd978c3ca766f775d83d12ffb2ff77f051561f6be1cd0c
datased:DataSED - DataSED - Dataset for Sound Event Detection of environmental noise/SED_wav/S-0006.wav,DataSED - DataSED - Dataset for Sound Event Detection of environmental noise/SED_wav/S-0006.wav,DataSED - DataSED - Dataset for Sound Event Detection of environmental noise/SED_wav/S-0006.npy,21b6ce2ae67dcef4412e03f6be1a5767e0a19feab1f317fa410f63a168e527e6,385d0cb51ced0384994e814a6e5a8baf93b4e1243582a230ef29465068966ebb,64,5025,e53cd56e0e9911d829bd978c3ca766f775d83d12ffb2ff77f051561f6be1cd0c
datased:DataSED - DataSED - Dataset for Sound Event Detection of environmental noise/SED_wav/S-0007.wav,DataSED - DataSED - Dataset for Sound Event Detection of environmental noise/SED_wav/S-0007.wav,DataSED - DataSED - Dataset for Sound Event Detection of environmental noise/SED_wav/S-0007.npy,0ee8ffe254e47abb6c0377bde502ebaf55fb33a75828dcd3a85c1ceaf7dbb680,bc0d35525f0a2793324017a2a1384df3e3632159280308ca538bb5f3b4d53ef9,64,840,e53cd56e0e9911d829bd978c3ca766f775d83d12ffb2ff77f051561f6be1cd0c
datased:DataSED - DataSED - Dataset for Sound Event Detection of environmental noise/SED_wav/S-0008.wav,DataSED - DataSED - Dataset for Sound Event Detection of environmental noise/SED_wav/S-0008.wav,DataSED - DataSED - Dataset for Sound Event Detection of environmental noise/SED_wav/S-0008.npy,32286c180e5b8e9053d08a61d092c50cfd307ca338ae0571e47b273181b96b95,1ec7538b4aa356201f1ec8efff563dae7bac442347a44ce5d785061d472e84d8,64,2343,e53cd56e0e9911d829bd978c3ca766f775d83d12ffb2ff77f051561f6be1cd0c
datased:DataSED - DataSED - Dataset for Sound Event Detection of environmental noise/SED_wav/S-0009.wav,DataSED - DataSED - Dataset for Sound Event Detection of environmental noise/SED_wav/S-0009.wav,DataSED - DataSED - Dataset for Sound Event Detection of environmental noise/SED_wav/S-0009.npy,4b64fc19b3b6d4f0e8b96ff4dfafc06ec9057027c8bbc8dcea4669aa853d26d7,b492096c983ac5f917146e4fceb77beefae01a83d21b83c662381d7bd9f2fcfe,64,6273,e53cd56e0e9911d829bd978c3ca766f775d83d12ffb2ff77f051561f6be1cd0c
datased:DataSED - DataSED - Dataset for Sound Event Detection of environmental noise/SED_wav/S-0010.wav,DataSED - DataSED - Dataset for Sound Event Detection of environmental noise/SED_wav/S-0010.wav,DataSED - DataSED - Dataset for Sound Event Detection of environmental noise/SED_wav/S-0010.npy,98270ffd35df05e009ee4455fb1e7f1e27e54de2196cf9a2fb04354aeebac740,b4601c5bdce33106950d3e4b57e0f67226808b9376f564b50d7e77b3977b11ea,64,4214,e53cd56e0e9911d829bd978c3ca766f775d83d12ffb2ff77f051561f6be1cd0c
datased:DataSED - DataSED - Dataset for Sound Event Detection of environmental noise/SED_wav/S-0011.wav,DataSED - DataSED - Dataset for Sound Event Detection of environmental noise/SED_wav/S-0011.wav,DataSED - DataSED - Dataset for Sound Event Detection of environmental noise/SED_wav/S-0011.npy,b5e4263012788325d954826b3df217384bfa8f9fc44d993ff56baa62c8db3248,7c326ba4d126fc7bb73b7d89d0cdc1a847dbcc3d4aa85307962d8fe89df0cf15,64,4401,e53cd56e0e9911d829bd978c3ca766f775d83d12ffb2ff77f051561f6be1cd0c
datased:DataSED - DataSED - Dataset for Sound Event Detection of environmental noise/SED_wav/S-0012.wav,DataSED - DataSED - Dataset for Sound Event Detection of environmental noise/SED_wav/S-0012.wav,DataSED - DataSED - Dataset for Sound Event Detection of environmental noise/SED_wav/S-0012.npy,8cd1095b2bde69a4cae7beca68d7ddfd9a12b3e19c410bc2bcaf46596c61b51f,fbc8d2195bf1cd87fcd426d396a4d6c9e7ec1de31c74b9136adc6190a10b3899,64,4587,e53cd56e0e9911d829bd978c3ca766f775d83d12ffb2ff77f051561f6be1cd0c
datased:DataSED - DataSED - Dataset for Sound Event Detection of environmental noise/SED_wav/S-0013.wav,DataSED - DataSED - Dataset for Sound Event Detection of environmental noise/SED_wav/S-0013.wav,DataSED - DataSED - Dataset for Sound Event Detection of environmental noise/SED_wav/S-0013.npy,48e29d6561a6722ef0dfd11b9838b462a6df651e49b73d5e9f56f4e6f699b62e,e9a366045c3352733e2cfda4369b536ce5f3197c04bd3835168af836f6596ed5,64,7744,e53cd56e0e9911d829bd978c3ca766f775d83d12ffb2ff77f051561f6be1cd0c
datased:DataSED - DataSED - Dataset for Sound Event Detection of environmental noise/SED_wav/S-0014.wav,DataSED - DataSED - Dataset for Sound Event Detection of environmental noise/SED_wav/S-0014.wav,DataSED - DataSED - Dataset for Sound Event Detection of environmental noise/SED_wav/S-0014.npy,fd2b9877a820172f9ed568303303a90276e0d1357b39daabf02cfbb46152be5b,55f4734f47e8ad8abb9c2d84e85a41da70b175dc844f43a641895ecd32fd9c34,64,3396,e53cd56e0e9911d829bd978c3ca766f775d83d12ffb2ff77f051561f6be1cd0c
datased:DataSED - DataSED - Dataset for Sound Event Detection of environmental noise/SED_wav/S-0015.wav,DataSED - DataSED - Dataset for Sound Event Detection of environmental noise/SED_wav/S-0015.wav,DataSED - DataSED - Dataset for Sound Event Detection of environmental noise/SED_wav/S-0015.npy,85d4c7d76ee4d8b615c1c82486ad13689f3084682357dc71eed17f3e1e6314e7,89ce7e48c3e6f50669d460138d01624cbde55611cf26c7ac3bae50b6e0f156d0,64,4138,e53cd56e0e9911d829bd978c3ca766f775d83d12ffb2ff77f051561f6be1cd0c
datased:DataSED - DataSED - Dataset for Sound Event Detection of environmental noise/SED_wav/S-0016.wav,DataSED - DataSED - Dataset for Sound Event Detection of environmental noise/SED_wav/S-0016.wav,DataSED - DataSED - Dataset for Sound Event Detection of environmental noise/SED_wav/S-0016.npy,51abc7a3f7af48bc81cc9605c6048f08826888f7ff75471e267f88cb9b48397d,8155782d65263818fb7c9db9dac02ebb86fa2d62704c001dad8928b97a71e94e,64,3042,e53cd56e0e9911d829bd978c3ca766f775d83d12ffb2ff77f051561f6be1cd0c
datased:DataSED - DataSED - Dataset for Sound Event Detection of environmental noise/SED_wav/S-0017.wav,DataSED - DataSED - Dataset for Sound Event Detection of environmental noise/SED_wav/S-0017.wav,DataSED - DataSED - Dataset for Sound Event Detection of environmental noise/SED_wav/S-0017.npy,657412a49cbde07e5f3b82d04ad3bcd62a6cad70409acd69b3c53a751715a766,85307713d245789d04683d8d7b2e7bae42793f67e6bf592907257dbf4759eaf6,64,5087,e53cd56e0e9911d829bd978c3ca766f775d83d12ffb2ff77f051561f6be1cd0c
datased:DataSED - DataSED - Dataset for Sound Event Detection of environmental noise/SED_wav/S-0018.wav,DataSED - DataSED - Dataset for Sound Event Detection of environmental noise/SED_wav/S-0018.wav,DataSED - DataSED - Dataset for Sound Event Detection of environmental noise/SED_wav/S-0018.npy,e5ca1f16818653cb25d7c5ce50662f03a23a76ce0afe18525fbbdc810ba67f29,e15960000f446b0406ad336bceabbfbe95d126716a2d268554ae573f7a63d0f7,64,5350,e53cd56e0e9911d829bd978c3ca766f775d83d12ffb2ff77f051561f6be1cd0c
datased:DataSED - DataSED - Dataset for Sound Event Detection of environmental noise/SED_wav/S-0019.wav,DataSED - DataSED - Dataset for Sound Event Detection of environmental noise/SED_wav/S-0019.wav,DataSED - DataSED - Dataset for Sound Event Detection of environmental noise/SED_wav/S-0019.npy,7979287c8855bfc441c0d9a3995cfe9e5a27799d50cb998f84ccd31f6d994e80,f9fb5b092d8f0926f3f9709536b4f5764bedf04f0921c8c1ae06fee9eb9911c4,64,4051,e53cd56e0e9911d829bd978c3ca766f775d83d12ffb2ff77f051561f6be1cd0c
datased:DataSED - DataSED - Dataset for Sound Event Detection of environmental noise/SED_wav/S-0020.wav,DataSED - DataSED - Dataset for Sound Event Detection of environmental noise/SED_wav/S-0020.wav,DataSED - DataSED - Dataset for Sound Event Detection of environmental noise/SED_wav/S-0020.npy,112ac9c3e4e1cdcca32749b72276679ceb63c715a765b41e29713718a03ef0bf,b933d366e7d6b4292e59636abb11092c5ebefa87d9ed33c9a512394079252973,64,6022,e53cd56e0e9911d829bd978c3ca766f775d83d12ffb2ff77f051561f6be1cd0c
datased:DataSED - DataSED - Dataset for Sound Event Detection of environmental noise/SED_wav/S-0021.wav,DataSED - DataSED - Dataset for Sound Event Detection of environmental noise/SED_wav/S-0021.wav,DataSED - DataSED - Dataset for Sound Event Detection of environmental noise/SED_wav/S-0021.npy,e99fb056e426f0d3e027d24fda00b92111adc28ea3ebc5957fd83829fea16f97,22354b22d88e52cc74dba582a59f52fe69b3f2bca4cad25ee56eef1e7cf3d0ba,64,6335,e53cd56e0e9911d829bd978c3ca766f775d83d12ffb2ff77f051561f6be1cd0c
datased:DataSED - DataSED - Dataset for Sound Event Detection of environmental noise/SED_wav/S-0022.wav,DataSED - DataSED - Dataset for Sound Event Detection of environmental noise/SED_wav/S-0022.wav,DataSED - DataSED - Dataset for Sound Event Detection of environmental noise/SED_wav/S-0022.npy,e80a548e2009bb6b3b56ab703e620d7b7271fcbf7c3bfdd9c36f7b07fc53e928,4c242394ef335f1afaa56b0ce8c7b9d2c4b8915df1431f5222584ee1064809c5,64,1601,e53cd56e0e9911d829bd978c3ca766f775d83d12ffb2ff77f051561f6be1cd0c
datased:DataSED - DataSED - Dataset for Sound Event Detection of environmental noise/SED_wav/S-0023.wav,DataSED - DataSED - Dataset for Sound Event Detection of environmental noise/SED_wav/S-0023.wav,DataSED - DataSED - Dataset for Sound Event Detection of environmental noise/SED_wav/S-0023.npy,d47ce578a125cdf6e7c9fd6af79f357fd4274740fbe7d7035d0049b79127b94e,49e21da998ff79e1ba4a78562c497844628b4f37b9c0fba56fd38c17e32c3282,64,4933,e53cd56e0e9911d829bd978c3ca766f775d83d12ffb2ff77f051561f6be1cd0c
datased:DataSED - DataSED - Dataset for Sound Event Detection of environmental noise/SED_wav/S-0024.wav,DataSED - DataSED - Dataset for Sound Event Detection of environmental noise/SED_wav/S-0024.wav,DataSED - DataSED - Dataset for Sound Event Detection of environmental noise/SED_wav/S-0024.npy,d45b9dab26775404b6cc121812e8fa21ad4e74b8e0b823bc09e23645131f31f4,64ca036482fe21a363af1e3db7065da10ee6904568a13cc915579a5a2fcc212c,64,3841,e53cd56e0e9911d829bd978c3ca766f775d83d12ffb2ff77f051561f6be1cd0c
datased:DataSED - DataSED - Dataset for Sound Event Detection of environmental noise/SED_wav/S-0025.wav,DataSED - DataSED - Dataset for Sound Event Detection of environmental noise/SED_wav/S-0025.wav,DataSED - DataSED - Dataset for Sound Event Detection of environmental noise/SED_wav/S-0025.npy,767e4ad995304c4d7d9c697ccdd57788ceae9948a76b9f5e029b4fd06e2c6051,cbcb35c18cb6fa2a604856b3d963204b72f2c38481410e260ce992dbb68cb548,64,4651,e53cd56e0e9911d829bd978c3ca766f775d83d12ffb2ff77f051561f6be1cd0c
datased:DataSED - DataSED - Dataset for Sound Event Detection of environmental noise/SED_wav/S-0026.wav,DataSED - DataSED - Dataset for Sound Event Detection of environmental noise/SED_wav/S-0026.wav,DataSED - DataSED - Dataset for Sound Event Detection of environmental noise/SED_wav/S-0026.npy,110538b43d8f9bde230dbfb6fa200167db4e0cff61adb109ef9517b278776c12,545fda37e8a8a353a2881cd57555ac5aa7f0af5dc32af121267022de4ed99785,64,2048,e53cd56e0e9911d829bd978c3ca766f775d83d12ffb2ff77f051561f6be1cd0c
datased:DataSED - DataSED - Dataset for Sound Event Detection of environmental noise/SED_wav/S-0027.wav,DataSED - DataSED - Dataset for Sound Event Detection of environmental noise/SED_wav/S-0027.wav,DataSED - DataSED - Dataset for Sound Event Detection of environmental noise/SED_wav/S-0027.npy,7b2ab65eceee388560701d18b453c7008fad6e6f2c00d27534cf453c4a247495,8ece5080cb50e7b746e10118c15263a9209f2c0920dc4917a6c7ac209fe183a8,64,2387,e53cd56e0e9911d829bd978c3ca766f775d83d12ffb2ff77f051561f6be1cd0c
datased:DataSED - DataSED - Dataset for Sound Event Detection of environmental noise/SED_wav/S-0028.wav,DataSED - DataSED - Dataset for Sound Event Detection of environmental noise/SED_wav/S-0028.wav,DataSED - DataSED - Dataset for Sound Event Detection of environmental noise/SED_wav/S-0028.npy,38d5137fb5ac02f10835403540b32d73f5f723e06d78302ebf10034d2f59ce5b,3a91d23901d673fc7dea902487acaea82bae58512d99185f298437af6b1fbe48,64,3939,e53cd56e0e9911d829bd978c3ca766f775d83d12ffb2ff77f051561f6be1cd0c
datased:DataSED - DataSED - Dataset for Sound Event Detection of environmental noise/SED_wav/S-0029.wav,DataSED - DataSED - Dataset for Sound Event Detection of environmental noise/SED_wav/S-0029.wav,DataSED - DataSED - Dataset for Sound Event Detection of environmental noise/SED_wav/S-0029.npy,18c25cc1cd03446b93033e46d2e1e195f072ed5f3c85946b6721afc0a2568182,a4496f8953ba7fb31e1899e04077d573fdc13ecfbad46718c3a5454fda60927c,64,7638,e53cd56e0e9911d829bd978c3ca766f775d83d12ffb2ff77f051561f6be1cd0c
datased:DataSED - DataSED - Dataset for Sound Event Detection of environmental noise/SED_wav/S-0030.wav,DataSED - DataSED - Dataset for Sound Event Detection of environmental noise/SED_wav/S-0030.wav,DataSED - DataSED - Dataset for Sound Event Detection of environmental noise/SED_wav/S-0030.npy,bb93a213e768d830f86155716053c37d2b7a57403a3d4816ed8168050fc179e6,ee69dcd667cef1727e4710e49c6b4081a7c966c544ed3b55ea66fbdc83758ed6,64,7082,e53cd56e0e9911d829bd978c3ca766f775d83d12ffb2ff77f051561f6be1cd0c
datased:DataSED - DataSED - Dataset for Sound Event Detection of environmental noise/SED_wav/S-0031.wav,DataSED - DataSED - Dataset for Sound Event Detection of environmental noise/SED_wav/S-0031.wav,DataSED - DataSED - Dataset for Sound Event Detection of environmental noise/SED_wav/S-0031.npy,4a0711c6157f722e412a5709b236428397ea62311482a0eab1b04456b1d59a77,cf5b93b8e3dc4e198268e49d57554e279c05b27cb8e8c6799ec6adca044e74cb,64,6765,e53cd56e0e9911d829bd978c3ca766f775d83d12ffb2ff77f051561f6be1cd0c
datased:DataSED - DataSED - Dataset for Sound Event Detection of environmental noise/SED_wav/S-0032.wav,DataSED - DataSED - Dataset for Sound Event Detection of environmental noise/SED_wav/S-0032.wav,DataSED - DataSED - Dataset for Sound Event Detection of environmental noise/SED_wav/S-0032.npy,c1a7f3f6abb2e46440db486b41b48c30ee3968d79cfbd2199855101e49e993bc,5022edcec9cfcec24ddd0efb428593a9ef1f79cde7d29229b59f9ac77accd4a3,64,4492,e53cd56e0e9911d829bd978c3ca766f775d83d12ffb2ff77f051561f6be1cd0c
datased:DataSED - DataSED - Dataset for Sound Event Detection of environmental noise/SED_wav/S-0033.wav,DataSED - DataSED - Dataset for Sound Event Detection of environmental noise/SED_wav/S-0033.wav,DataSED - DataSED - Dataset for Sound Event Detection of environmental noise/SED_wav/S-0033.npy,f85f56ec36584e7acdbecf90251b32ba5a61ad1497fd46045735c268644941c5,528f5d1948bd07f07be427b9c794c2a4495fd1bc07abfb00b183e6a9917a4e21,64,7680,e53cd56e0e9911d829bd978c3ca766f775d83d12ffb2ff77f051561f6be1cd0c
datased:DataSED - DataSED - Dataset for Sound Event Detection of environmental noise/SED_wav/S-0034.wav,DataSED - DataSED - Dataset for Sound Event Detection of environmental noise/SED_wav/S-0034.wav,DataSED - DataSED - Dataset for Sound Event Detection of environmental noise/SED_wav/S-0034.npy,fb05bee502281861f9d0cc53b4197a758ca09cfff3f47f570816abe7f4472d6a,f87b94402f7701544ac99fe207af47bca32587cc47a2f48328700b37b478b823,64,2072,e53cd56e0e9911d829bd978c3ca766f775d83d12ffb2ff77f051561f6be1cd0c
datased:DataSED - DataSED - Dataset for Sound Event Detection of environmental noise/SED_wav/S-0035.wav,DataSED - DataSED - Dataset for Sound Event Detection of environmental noise/SED_wav/S-0035.wav,DataSED - DataSED - Dataset for Sound Event Detection of environmental noise/SED_wav/S-0035.npy,cb589fdafef3c0362c1721b61d2be75115cae4beffea11b87cba2b38e3a2c7c9,3f3a3d3fbab81ad2de120724110f2865ee4f2b3db3123ce602daf066070c0069,64,5907,e53cd56e0e9911d829bd978c3ca766f775d83d12ffb2ff77f051561f6be1cd0c
datased:DataSED - DataSED - Dataset for Sound Event Detection of environmental noise/SED_wav/S-0036.wav,DataSED - DataSED - Dataset for Sound Event Detection of environmental noise/SED_wav/S-0036.wav,DataSED - DataSED - Dataset for Sound Event Detection of environmental noise/SED_wav/S-0036.npy,ee83bc8a1b47825b531cbfe01ece036b14728897711047bd9e5aa5d4d1337eb4,4d44b369a939abaf963526bd50357cb1b16527566da8599c7e42a5db663a496c,64,4499,e53cd56e0e9911d829bd978c3ca766f775d83d12ffb2ff77f051561f6be1cd0c
datased:DataSED - DataSED - Dataset for Sound Event Detection of environmental noise/SED_wav/S-0037.wav,DataSED - DataSED - Dataset for Sound Event Detection of environmental noise/SED_wav/S-0037.wav,DataSED - DataSED - Dataset for Sound Event Detection of environmental noise/SED_wav/S-0037.npy,5eec03aa1a33df1b4699b56667637d6fb7ed5d0513af413a6965e0123bea5109,8eed600f7bb6555e86d33c00cbee2ae7363614947c26854a9f7ee62ace156a98,64,2162,e53cd56e0e9911d829bd978c3ca766f775d83d12ffb2ff77f051561f6be1cd0c
datased:DataSED - DataSED - Dataset for Sound Event Detection of environmental noise/SED_wav/S-0038.wav,DataSED - DataSED - Dataset for Sound Event Detection of environmental noise/SED_wav/S-0038.wav,DataSED - DataSED - Dataset for Sound Event Detection of environmental noise/SED_wav/S-0038.npy,ce75845534920d792141dfbc0df8cddd9bc27724677609bdc12b1378fae4c815,7af19d8f4d3c005436a1a78c92d4cff62a506818e3609907d5c60b953d8a3216,64,6414,e53cd56e0e9911d829bd978c3ca766f775d83d12ffb2ff77f051561f6be1cd0c
datased:DataSED - DataSED - Dataset for Sound Event Detection of environmental noise/SED_wav/S-0039.wav,DataSED - DataSED - Dataset for Sound Event Detection of environmental noise/SED_wav/S-0039.wav,DataSED - DataSED - Dataset for Sound Event Detection of environmental noise/SED_wav/S-0039.npy,f366411a71589eb04adc6d0d5cacf60d735666abcc29753bbbbcaf432847e085,5659977ce45c3201bc53b37daae0d9ddb2fae1a64227a6c9a27c804aaff480ec,64,7956,e53cd56e0e9911d829bd978c3ca766f775d83d12ffb2ff77f051561f6be1cd0c
datased:DataSED - DataSED - Dataset for Sound Event Detection of environmental noise/SED_wav/S-0040.wav,DataSED - DataSED - Dataset for Sound Event Detection of environmental noise/SED_wav/S-0040.wav,DataSED - DataSED - Dataset for Sound Event Detection of environmental noise/SED_wav/S-0040.npy,6162b81f43beed7e5135cce0d77c3470dcb69f8055a41b6ffa582c1ca9097a15,65d222b6352dc58872fd6c9720a4da4e1897528f12cf326aa30b21693f069822,64,4676,e53cd56e0e9911d829bd978c3ca766f775d83d12ffb2ff77f051561f6be1cd0c
datased:DataSED - DataSED - Dataset for Sound Event Detection of environmental noise/SED_wav/S-0041.wav,DataSED - DataSED - Dataset for Sound Event Detection of environmental noise/SED_wav/S-0041.wav,DataSED - DataSED - Dataset for Sound Event Detection of environmental noise/SED_wav/S-0041.npy,c11d97cad83f332b5d406528b9b95e22a3aaa85135d88a28b4b896b4cbe6abf9,090938cd5e862eb38fbe788d6615f6e5a245afb3d94244ecdc4f0f4da1ea7781,64,5997,e53cd56e0e9911d829bd978c3ca766f775d83d12ffb2ff77f051561f6be1cd0c
datased:DataSED - DataSED - Dataset for Sound Event Detection of environmental noise/SED_wav/S-0042.wav,DataSED - DataSED - Dataset for Sound Event Detection of environmental noise/SED_wav/S-0042.wav,DataSED - DataSED - Dataset for Sound Event Detection of environmental noise/SED_wav/S-0042.npy,129a9d119db80621bfbb893336106d58279077d3945dd660f6a1201e7d96fa29,fcd0ff807594a16a4f0e0bf0458a9fd298112cacaaab9822c547c674d50a0b91,64,12229,e53cd56e0e9911d829bd978c3ca766f775d83d12ffb2ff77f051561f6be1cd0c
datased:DataSED - DataSED - Dataset for Sound Event Detection of environmental noise/SED_wav/S-0043.wav,DataSED - DataSED - Dataset for Sound Event Detection of environmental noise/SED_wav/S-0043.wav,DataSED - DataSED - Dataset for Sound Event Detection of environmental noise/SED_wav/S-0043.npy,37e8bf877d1794ff9ca4cd932acfdf283d3ba285b4cc5746064d3a44e03daaa9,bb2161cdd124cd3cc42101d008f936c5aaf000cebcb87f222c9a54dc5b94f9e0,64,6160,e53cd56e0e9911d829bd978c3ca766f775d83d12ffb2ff77f051561f6be1cd0c
datased:DataSED - DataSED - Dataset for Sound Event Detection of environmental noise/SED_wav/S-0044.wav,DataSED - DataSED - Dataset for Sound Event Detection of environmental noise/SED_wav/S-0044.wav,DataSED - DataSED - Dataset for Sound Event Detection of environmental noise/SED_wav/S-0044.npy,279d74f5dc3b8da7d18a871b1060cf703afd48ab9567c2829ddac3992d3c7cca,aa2488b123c1fb47aeab566a75fa26ce945865e12a3005a7c584e3123d781c11,64,4950,e53cd56e0e9911d829bd978c3ca766f775d83d12ffb2ff77f051561f6be1cd0c
datased:DataSED - DataSED - Dataset for Sound Event Detection of environmental noise/SED_wav/S-0045.wav,DataSED - DataSED - Dataset for Sound Event Detection of environmental noise/SED_wav/S-0045.wav,DataSED - DataSED - Dataset for Sound Event Detection of environmental noise/SED_wav/S-0045.npy,8d458c627993f1d0afeef095ce0542f8a0f3521f92825305e0a5b34fa2ff67eb,cd18da766f9976ad6fcc8c0b1e883ef077a22414df6f56c547b54aa227499d98,64,4037,e53cd56e0e9911d829bd978c3ca766f775d83d12ffb2ff77f051561f6be1cd0c
datased:DataSED - DataSED - Dataset for Sound Event Detection of environmental noise/SED_wav/S-0046.wav,DataSED - DataSED - Dataset for Sound Event Detection of environmental noise/SED_wav/S-0046.wav,DataSED - DataSED - Dataset for Sound Event Detection of environmental noise/SED_wav/S-0046.npy,d0f44500155f1c009207ba31ce1ab7397212c825208ffa2df591ae44407bc1ae,b050025af14f019eaf9b11203e3e5cd90054891d514acbc5e5ffa2ec733cbea8,64,7771,e53cd56e0e9911d829bd978c3ca766f775d83d12ffb2ff77f051561f6be1cd0c
datased:DataSED - DataSED - Dataset for Sound Event Detection of environmental noise/SED_wav/S-0047.wav,DataSED - DataSED - Dataset for Sound Event Detection of environmental noise/SED_wav/S-0047.wav,DataSED - DataSED - Dataset for Sound Event Detection of environmental noise/SED_wav/S-0047.npy,a160fe8950d5dda0be87d0145762ce11a2f39e1b0b029ca346fb14f6abc0add2,35d3aca589e18b55b9842e61eecae54450f4abb6e8bc9ff4fd390ad33c83d8c4,64,5160,e53cd56e0e9911d829bd978c3ca766f775d83d12ffb2ff77f051561f6be1cd0c
datased:DataSED - DataSED - Dataset for Sound Event Detection of environmental noise/SED_wav/S-0048.wav,DataSED - DataSED - Dataset for Sound Event Detection of environmental noise/SED_wav/S-0048.wav,DataSED - DataSED - Dataset for Sound Event Detection of environmental noise/SED_wav/S-0048.npy,bbfc1a405db3a63a977ce606ccb5c8e831b405f7d904f7940c5c86e5f4030a11,54fe310782b0b2f7fad39b9f5c0841b507c95c4e4ffb97873ffefd9fa484fd29,64,5840,e53cd56e0e9911d829bd978c3ca766f775d83d12ffb2ff77f051561f6be1cd0c
datased:DataSED - DataSED - Dataset for Sound Event Detection of environmental noise/SED_wav/S-0049.wav,DataSED - DataSED - Dataset for Sound Event Detection of environmental noise/SED_wav/S-0049.wav,DataSED - DataSED - Dataset for Sound Event Detection of environmental noise/SED_wav/S-0049.npy,f738cbbd4eec15daf0aad6a0d5b73c917612b4c16f1ec783465543fd6c77d932,36970891a38c8b90bec6c94e73943e098b67aad8706f78885f383e96fa7738f8,64,7235,e53cd56e0e9911d829bd978c3ca766f775d83d12ffb2ff77f051561f6be1cd0c
datased:DataSED - DataSED - Dataset for Sound Event Detection of environmental noise/SED_wav/S-0050.wav,DataSED - DataSED - Dataset for Sound Event Detection of environmental noise/SED_wav/S-0050.wav,DataSED - DataSED - Dataset for Sound Event Detection of environmental noise/SED_wav/S-0050.npy,e87adbe265d9ec97db215778850f043714f2ce2c4fef33d78936ad321dac6205,0693dc6b44dca174d37d87ff680be23f9e84a171057bbda47dee2692e7beabc5,64,6852,e53cd56e0e9911d829bd978c3ca766f775d83d12ffb2ff77f051561f6be1cd0c
datased:DataSED - DataSED - Dataset for Sound Event Detection of environmental noise/SED_wav/S-0051.wav,DataSED - DataSED - Dataset for Sound Event Detection of environmental noise/SED_wav/S-0051.wav,DataSED - DataSED - Dataset for Sound Event Detection of environmental noise/SED_wav/S-0051.npy,0dc77bf81dd5eb5afd48eb2ceae6edf048bd31a7e7eb8086c859f79865332fa5,b33a24e8834e9b7813c382ba9e4d5045c2562fd993e6934bd417ccbdbc2d44ca,64,5596,e53cd56e0e9911d829bd978c3ca766f775d83d12ffb2ff77f051561f6be1cd0c
datased:DataSED - DataSED - Dataset for Sound Event Detection of environmental noise/SED_wav/S-0052.wav,DataSED - DataSED - Dataset for Sound Event Detection of environmental noise/SED_wav/S-0052.wav,DataSED - DataSED - Dataset for Sound Event Detection of environmental noise/SED_wav/S-0052.npy,64b053fdaf39544785b6d39d65d90d2e47c7da483650911959859aac8e9d5976,f01cfcc2ea1f75f2d160964d00d545caa900983c3272abdc5aeb0391ca4b86c1,64,6674,e53cd56e0e9911d829bd978c3ca766f775d83d12ffb2ff77f051561f6be1cd0c
datased:DataSED - DataSED - Dataset for Sound Event Detection of environmental noise/SED_wav/S-0053.wav,DataSED - DataSED - Dataset for Sound Event Detection of environmental noise/SED_wav/S-0053.wav,DataSED - DataSED - Dataset for Sound Event Detection of environmental noise/SED_wav/S-0053.npy,c1e4c66efb1d48d1541b26038a2b1321cac2db6fa13abdf4f33ecb99feb6d2af,cf2362e2464640ff370b96a4f57bad6c74844f214cc828f64328690b4a6cbe98,64,9471,e53cd56e0e9911d829bd978c3ca766f775d83d12ffb2ff77f051561f6be1cd0c
datased:DataSED - DataSED - Dataset for Sound Event Detection of environmental noise/SED_wav/S-0054.wav,DataSED - DataSED - Dataset for Sound Event Detection of environmental noise/SED_wav/S-0054.wav,DataSED - DataSED - Dataset for Sound Event Detection of environmental noise/SED_wav/S-0054.npy,57ff352869f28afeae9dac2df21a328eb52c13b3c1cf79e901ca6706656cafce,b9935586515d6d56e56b1a560de740d9615b53e827765d99e2071458a6933b7b,64,5966,e53cd56e0e9911d829bd978c3ca766f775d83d12ffb2ff77f051561f6be1cd0c
datased:DataSED - DataSED - Dataset for Sound Event Detection of environmental noise/SED_wav/S-0055.wav,DataSED - DataSED - Dataset for Sound Event Detection of environmental noise/SED_wav/S-0055.wav,DataSED - DataSED - Dataset for Sound Event Detection of environmental noise/SED_wav/S-0055.npy,36ef3dc0ea0e42f42014f7222e0adeba15e585f1c674507a878355ba32d78e1a,b49fc0e572f15f1982043c910ea8a40151fb0e24ab8d08ba83d08c4cb1b9a3ac,64,6808,e53cd56e0e9911d829bd978c3ca766f775d83d12ffb2ff77f051561f6be1cd0c
datased:DataSED - DataSED - Dataset for Sound Event Detection of environmental noise/SED_wav/S-0056.wav,DataSED - DataSED - Dataset for Sound Event Detection of environmental noise/SED_wav/S-0056.wav,DataSED - DataSED - Dataset for Sound Event Detection of environmental noise/SED_wav/S-0056.npy,2ab191c392dea8cff986c79ed8ec7929fad9a9f3174aed3d2835ae8e9002282b,ca60b3696a7024a570e9bc99d357fbc69d4894e81b388e225d752aea70fa6b25,64,6821,e53cd56e0e9911d829bd978c3ca766f775d83d12ffb2ff77f051561f6be1cd0c
datased:DataSED - DataSED - Dataset for Sound Event Detection of environmental noise/SED_wav/S-0057.wav,DataSED - DataSED - Dataset for Sound Event Detection of environmental noise/SED_wav/S-0057.wav,DataSED - DataSED - Dataset for Sound Event Detection of environmental noise/SED_wav/S-0057.npy,a89a1fac967f2d4e6ba48e176becbda60e99498158ac802e94a6a450e45040b7,74d8476100593db5821219b26c314f02a4bec16f6a1ce3317ed37becaa781f63,64,5825,e53cd56e0e9911d829bd978c3ca766f775d83d12ffb2ff77f051561f6be1cd0c
datased:DataSED - DataSED - Dataset for Sound Event Detection of environmental noise/SED_wav/S-0058.wav,DataSED - DataSED - Dataset for Sound Event Detection of environmental noise/SED_wav/S-0058.wav,DataSED - DataSED - Dataset for Sound Event Detection of environmental noise/SED_wav/S-0058.npy,21a5c7f6ece6c6ce84a2a756402fd3706b8451c6456954ff9dd0cc62172b01a0,11272dbfe9131694a6a5643dbf795c41ced32f34cf0dd93d823021689376833d,64,6738,e53cd56e0e9911d829bd978c3ca766f775d83d12ffb2ff77f051561f6be1cd0c
datased:DataSED - DataSED - Dataset for Sound Event Detection of environmental noise/SED_wav/S-0059.wav,DataSED - DataSED - Dataset for Sound Event Detection of environmental noise/SED_wav/S-0059.wav,DataSED - DataSED - Dataset for Sound Event Detection of environmental noise/SED_wav/S-0059.npy,0d4199852c61ef4536e2ba84ac4b57fe0a1bc014818d7bdbf7b7d097a1ee4ad9,2a288c2fe714e4e426ebc1bccfb9101bf91dee3e15b8a9d2125ee3798a3eca3a,64,4526,e53cd56e0e9911d829bd978c3ca766f775d83d12ffb2ff77f051561f6be1cd0c
datased:DataSED - DataSED - Dataset for Sound Event Detection of environmental noise/SED_wav/S-0060.wav,DataSED - DataSED - Dataset for Sound Event Detection of environmental noise/SED_wav/S-0060.wav,DataSED - DataSED - Dataset for Sound Event Detection of environmental noise/SED_wav/S-0060.npy,4d9e163a799431ea20d21799cdb1795db43c31127a3b8d09ab9fb94a07322998,bfaefdece96e1837d578a96f3b60677bfb9b30c9036d38b7b2294ef8d3df83ef,64,6021,e53cd56e0e9911d829bd978c3ca766f775d83d12ffb2ff77f051561f6be1cd0c
datased:DataSED - DataSED - Dataset for Sound Event Detection of environmental noise/SED_wav/S-0061.wav,DataSED - DataSED - Dataset for Sound Event Detection of environmental noise/SED_wav/S-0061.wav,DataSED - DataSED - Dataset for Sound Event Detection of environmental noise/SED_wav/S-0061.npy,2fd7256d3c45823e2f42b2f3b0592afc00b2a3f2dfa532e5a37ea35e147cdab1,cace4a483c238016f22eefa80dcd44e03ccfde6cb48e756f5774d138c63e2835,64,9020,e53cd56e0e9911d829bd978c3ca766f775d83d12ffb2ff77f051561f6be1cd0c
datased:DataSED - DataSED - Dataset for Sound Event Detection of environmental noise/SED_wav/S-0062.wav,DataSED - DataSED - Dataset for Sound Event Detection of environmental noise/SED_wav/S-0062.wav,DataSED - DataSED - Dataset for Sound Event Detection of environmental noise/SED_wav/S-0062.npy,6b4c1ca8e649ac34346833a0a6d9511d591024bb1751dad4d58a2b11591c9872,59132e9553ae96eda879f3d9ac5a38de6d3d1c058f156fb63be74c54ecceb244,64,5693,e53cd56e0e9911d829bd978c3ca766f775d83d12ffb2ff77f051561f6be1cd0c
datased:DataSED - DataSED - Dataset for Sound Event Detection of environmental noise/SED_wav/S-0063.wav,DataSED - DataSED - Dataset for Sound Event Detection of environmental noise/SED_wav/S-0063.wav,DataSED - DataSED - Dataset for Sound Event Detection of environmental noise/SED_wav/S-0063.npy,a8e8e8e8e127fd7a5d2da1529d16991d2ad444858f8043f6a3a5fc08f7a3476b,82da183942d030644796c42f61d7a6a23557fdf639cf41322e6c577e2621bddd,64,9001,e53cd56e0e9911d829bd978c3ca766f775d83d12ffb2ff77f051561f6be1cd0c
datased:DataSED - DataSED - Dataset for Sound Event Detection of environmental noise/SED_wav/S-0064.wav,DataSED - DataSED - Dataset for Sound Event Detection of environmental noise/SED_wav/S-0064.wav,DataSED - DataSED - Dataset for Sound Event Detection of environmental noise/SED_wav/S-0064.npy,0544c24ef6073ffdb2c8ab59a2c924e0689077d7646bd1b32b8ac652504473a6,92fab96f2e8344ce9bdd0ece7a6b7d8901d257e9ce92c9b2b84da82f45b9c25c,64,7707,e53cd56e0e9911d829bd978c3ca766f775d83d12ffb2ff77f051561f6be1cd0c
datased:DataSED - DataSED - Dataset for Sound Event Detection of environmental noise/SED_wav/S-0065.wav,DataSED - DataSED - Dataset for Sound Event Detection of environmental noise/SED_wav/S-0065.wav,DataSED - DataSED - Dataset for Sound Event Detection of environmental noise/SED_wav/S-0065.npy,71d7b644f12e3102537744e2db6ce04b06e824d2def24fa242fa94f17e2bf4ba,676ae9b422cfef266c2cbcc07891a50a6698f6e458bf88225720a56f9bc881da,64,7422,e53cd56e0e9911d829bd978c3ca766f775d83d12ffb2ff77f051561f6be1cd0c
datased:DataSED - DataSED - Dataset for Sound Event Detection of environmental noise/SED_wav/S-0066.wav,DataSED - DataSED - Dataset for Sound Event Detection of environmental noise/SED_wav/S-0066.wav,DataSED - DataSED - Dataset for Sound Event Detection of environmental noise/SED_wav/S-0066.npy,7499e3a77e2a210998536a220af6637023e726bbb508a6f9e6b519f5430fc5c3,26abbbed25cea71c5a0ae21c8cfb598e8c369cac614c0736ec5215f02dc40ec2,64,10571,e53cd56e0e9911d829bd978c3ca766f775d83d12ffb2ff77f051561f6be1cd0c
datased:DataSED - DataSED - Dataset for Sound Event Detection of environmental noise/SED_wav/S-0067.wav,DataSED - DataSED - Dataset for Sound Event Detection of environmental noise/SED_wav/S-0067.wav,DataSED - DataSED - Dataset for Sound Event Detection of environmental noise/SED_wav/S-0067.npy,e7e9bbb225356e665425fc2041eda8d952cd800ba2f6f1e1fd5c8a271db42491,408fab649d39a781135cf45667806d1f7752d9bb261f3258c28328d65fd618a9,64,6001,e53cd56e0e9911d829bd978c3ca766f775d83d12ffb2ff77f051561f6be1cd0c
datased:DataSED - DataSED - Dataset for Sound Event Detection of environmental noise/SED_wav/S-0068.wav,DataSED - DataSED - Dataset for Sound Event Detection of environmental noise/SED_wav/S-0068.wav,DataSED - DataSED - Dataset for Sound Event Detection of environmental noise/SED_wav/S-0068.npy,1445c3bb29c6836423ceb625d235a6df4c42c4ed633f93866c052cc5787bbfdd,938500d34eeaf035a26dee42156c7d6d3c6ec61f32262aa2bd4d29fe43c43fea,64,4576,e53cd56e0e9911d829bd978c3ca766f775d83d12ffb2ff77f051561f6be1cd0c
datased:DataSED - DataSED - Dataset for Sound Event Detection of environmental noise/SED_wav/S-0069.wav,DataSED - DataSED - Dataset for Sound Event Detection of environmental noise/SED_wav/S-0069.wav,DataSED - DataSED - Dataset for Sound Event Detection of environmental noise/SED_wav/S-0069.npy,0c4d5888e585b87fa0d02ed962335fd44b007e4d2c525d2d17bf752bfa258d83,70b0fce2e6a06b5cc4f09c338ea6bcbdf2a478f2dfe99a9ebafadaa387d88392,64,7501,e53cd56e0e9911d829bd978c3ca766f775d83d12ffb2ff77f051561f6be1cd0c
datased:DataSED - DataSED - Dataset for Sound Event Detection of environmental noise/SED_wav/S-0070.wav,DataSED - DataSED - Dataset for Sound Event Detection of environmental noise/SED_wav/S-0070.wav,DataSED - DataSED - Dataset for Sound Event Detection of environmental noise/SED_wav/S-0070.npy,5fb0cbbc2c6bbbc1e415079c7d57d3a78239d5fe9d10bc1fbbe2f5ac037c9065,26ed5fccc4e3a8fa81998b88e3b7f2e3692ab571b506d988e92bcd8a016c0d05,64,6306,e53cd56e0e9911d829bd978c3ca766f775d83d12ffb2ff77f051561f6be1cd0c
datased:DataSED - DataSED - Dataset for Sound Event Detection of environmental noise/SED_wav/S-0071.wav,DataSED - DataSED - Dataset for Sound Event Detection of environmental noise/SED_wav/S-0071.wav,DataSED - DataSED - Dataset for Sound Event Detection of environmental noise/SED_wav/S-0071.npy,06ab33bea75aa6d698583761099363a0a0178f003873501c21b7f4b723d79bfd,ddadd51e0d149c575dbea5c3684e4ef8ec7b7ebbf9c22cefc5028b4fbe2c452e,64,9001,e53cd56e0e9911d829bd978c3ca766f775d83d12ffb2ff77f051561f6be1cd0c
datased:DataSED - DataSED - Dataset for Sound Event Detection of environmental noise/SED_wav/S-0072.wav,DataSED - DataSED - Dataset for Sound Event Detection of environmental noise/SED_wav/S-0072.wav,DataSED - DataSED - Dataset for Sound Event Detection of environmental noise/SED_wav/S-0072.npy,7fcb7eeb8633449b13b4fbacebaae7ef615e5130bbbaac545da65ac6d28dabe8,f0a0f585073cc9c74dbafae13c8ba5783443db6ce68d784465ecd6a82033339d,64,7422,e53cd56e0e9911d829bd978c3ca766f775d83d12ffb2ff77f051561f6be1cd0c
datased:DataSED - DataSED - Dataset for Sound Event Detection of environmental noise/SED_wav/S-0073.wav,DataSED - DataSED - Dataset for Sound Event Detection of environmental noise/SED_wav/S-0073.wav,DataSED - DataSED - Dataset for Sound Event Detection of environmental noise/SED_wav/S-0073.npy,e257dde578aedea36d6f7efbee2918a41dbfb2810b00e6f4699c0934e283d368,84f15571da7947da647dda390c9b2543215c5f3a1c827b8df5b8a4aad3056fe1,64,8386,e53cd56e0e9911d829bd978c3ca766f775d83d12ffb2ff77f051561f6be1cd0c
datased:DataSED - DataSED - Dataset for Sound Event Detection of environmental noise/SED_wav/S-0074.wav,DataSED - DataSED - Dataset for Sound Event Detection of environmental noise/SED_wav/S-0074.wav,DataSED - DataSED - Dataset for Sound Event Detection of environmental noise/SED_wav/S-0074.npy,32a7d26380af512cda2b212e9ddf81398c3e2cc0a7322c741b0889e2aacd55ea,0c6524eed22be9789bdfe3fbc63d431542a7c11c85d66f0a5a6b6e9a5c05e751,64,7466,e53cd56e0e9911d829bd978c3ca766f775d83d12ffb2ff77f051561f6be1cd0c
datased:DataSED - DataSED - Dataset for Sound Event Detection of environmental noise/SED_wav/S-0075.wav,DataSED - DataSED - Dataset for Sound Event Detection of environmental noise/SED_wav/S-0075.wav,DataSED - DataSED - Dataset for Sound Event Detection of environmental noise/SED_wav/S-0075.npy,51e48dfaef96fc4708e84b4b2206d24539d4e871e07b4cbb2f0dcef153c95834,78fd6adc52c2cbf745678edbff8cf1d45263f589dc0f1f905a89683e0b4f9144,64,7641,e53cd56e0e9911d829bd978c3ca766f775d83d12ffb2ff77f051561f6be1cd0c
datased:DataSED - DataSED - Dataset for Sound Event Detection of environmental noise/SED_wav/S-0076.wav,DataSED - DataSED - Dataset for Sound Event Detection of environmental noise/SED_wav/S-0076.wav,DataSED - DataSED - Dataset for Sound Event Detection of environmental noise/SED_wav/S-0076.npy,1fd6a0f89a0d261bdbae32cb69b1f875dc4dbae5d2eec293221daf8ca1ae0b5a,c31a58e69cbe67c81c26f3955a3a047ac01047c757d9e6075bed367cd6723830,64,4576,e53cd56e0e9911d829bd978c3ca766f775d83d12ffb2ff77f051561f6be1cd0c
datased:DataSED - DataSED - Dataset for Sound Event Detection of environmental noise/SED_wav/S-0077.wav,DataSED - DataSED - Dataset for Sound Event Detection of environmental noise/SED_wav/S-0077.wav,DataSED - DataSED - Dataset for Sound Event Detection of environmental noise/SED_wav/S-0077.npy,46f8662f54b5c1f3a724af54ba57ca4f1e8424c98fd2a916953ac4511e78d8a0,a493d7535a7da578e9cebe5b548a3f3d87957e0a39595c8542d954248253cf0c,64,3941,e53cd56e0e9911d829bd978c3ca766f775d83d12ffb2ff77f051561f6be1cd0c
datased:DataSED - DataSED - Dataset for Sound Event Detection of environmental noise/SED_wav/S-0078.wav,DataSED - DataSED - Dataset for Sound Event Detection of environmental noise/SED_wav/S-0078.wav,DataSED - DataSED - Dataset for Sound Event Detection of environmental noise/SED_wav/S-0078.npy,960446092f96439a081a7730d1ca2bf0b1d7b0eacfeee0c33d9c981a56cab541,1a98ae7cb9fd5f54c3eff19282e9d7db7e621e3902e717fd4535ba7077188819,64,3810,e53cd56e0e9911d829bd978c3ca766f775d83d12ffb2ff77f051561f6be1cd0c
datased:DataSED - DataSED - Dataset for Sound Event Detection of environmental noise/SED_wav/S-0079.wav,DataSED - DataSED - Dataset for Sound Event Detection of environmental noise/SED_wav/S-0079.wav,DataSED - DataSED - Dataset for Sound Event Detection of environmental noise/SED_wav/S-0079.npy,7718ee5ddcf134003ef5a388a486ccaf9531be8acc66a906f21deada5c62cf00,b43a038141107426110bc64167f2b7ac6ef49eec60be858034d6e68378347732,64,8495,e53cd56e0e9911d829bd978c3ca766f775d83d12ffb2ff77f051561f6be1cd0c
datased:DataSED - DataSED - Dataset for Sound Event Detection of environmental noise/SED_wav/S-0080.wav,DataSED - DataSED - Dataset for Sound Event Detection of environmental noise/SED_wav/S-0080.wav,DataSED - DataSED - Dataset for Sound Event Detection of environmental noise/SED_wav/S-0080.npy,992d3b5f0c3bffda88c0bfa5c06cac43d3d97ec737afc6a77c9762a1792d2edd,a1be0077cb1506cc8bfc67be3db14287cc776562e69204d4ad77a2c35242c37e,64,7501,e53cd56e0e9911d829bd978c3ca766f775d83d12ffb2ff77f051561f6be1cd0c
datased:DataSED - DataSED - Dataset for Sound Event Detection of environmental noise/SED_wav/S-0081.wav,DataSED - DataSED - Dataset for Sound Event Detection of environmental noise/SED_wav/S-0081.wav,DataSED - DataSED - Dataset for Sound Event Detection of environmental noise/SED_wav/S-0081.npy,68ac8ddddc48ab23fc483c95749fa25b2353711c2cd0255ad3d41a6d874ed8ed,29f337ba460537045619f5fb95f1e956c0bf4904f66013ee6da8b0ac6a2236e9,64,7948,e53cd56e0e9911d829bd978c3ca766f775d83d12ffb2ff77f051561f6be1cd0c
datased:DataSED - DataSED - Dataset for Sound Event Detection of environmental noise/SED_wav/S-0082.wav,DataSED - DataSED - Dataset for Sound Event Detection of environmental noise/SED_wav/S-0082.wav,DataSED - DataSED - Dataset for Sound Event Detection of environmental noise/SED_wav/S-0082.npy,33a2c15df034ecf55228f218bc9aa53408060cfb49367a9e914ab1a0d75219b7,58bdb04a2e89bb03e1e19de363706029f5480b616e4a218b5f34c291667c81cc,64,5999,e53cd56e0e9911d829bd978c3ca766f775d83d12ffb2ff77f051561f6be1cd0c
datased:DataSED - DataSED - Dataset for Sound Event Detection of environmental noise/SED_wav/S-0083.wav,DataSED - DataSED - Dataset for Sound Event Detection of environmental noise/SED_wav/S-0083.wav,DataSED - DataSED - Dataset for Sound Event Detection of environmental noise/SED_wav/S-0083.npy,d6e0df6ba5aa627b50253ecd1dc829140b2163d3f54583676eec74816163139f,182ea542fd8aa63d9fd590c84cd528c7c6d566dd1a86420825b7b3c263350447,64,1501,e53cd56e0e9911d829bd978c3ca766f775d83d12ffb2ff77f051561f6be1cd0c
datased:DataSED - DataSED - Dataset for Sound Event Detection of environmental noise/SED_wav/S-0084.wav,DataSED - DataSED - Dataset for Sound Event Detection of environmental noise/SED_wav/S-0084.wav,DataSED - DataSED - Dataset for Sound Event Detection of environmental noise/SED_wav/S-0084.npy,fdb4e5731f7f5846004c5b1d4ab8e7c1ae0ff6122c70cbe2fbe315e934261ea2,c470e7758ccb015ee54d16ffd1a45580fb1f3ccf1ef0f902f661ebfa15738320,64,4510,e53cd56e0e9911d829bd978c3ca766f775d83d12ffb2ff77f051561f6be1cd0c
datased:DataSED - DataSED - Dataset for Sound Event Detection of environmental noise/SED_wav/S-0085.wav,DataSED - DataSED - Dataset for Sound Event Detection of environmental noise/SED_wav/S-0085.wav,DataSED - DataSED - Dataset for Sound Event Detection of environmental noise/SED_wav/S-0085.npy,cd1460bb52c79ae6e28929d32403180fc58318db7acfa40705d86ef499ebd6a8,4e5256456ba12e8a7f861d7f00a8954721fdb2a34f0e73f49c4a01ca965c472e,64,6594,e53cd56e0e9911d829bd978c3ca766f775d83d12ffb2ff77f051561f6be1cd0c
datased:DataSED - DataSED - Dataset for Sound Event Detection of environmental noise/SED_wav/S-0086.wav,DataSED - DataSED - Dataset for Sound Event Detection of environmental noise/SED_wav/S-0086.wav,DataSED - DataSED - Dataset for Sound Event Detection of environmental noise/SED_wav/S-0086.npy,ca224822917f9ffb7a6bf89c8c48bf197bfb67fc233c14ff5a544e3a2d0e3c98,f6229216c1ca4ed4990a295f1dfa6c5f2b00ecb4d0c2daadea046bc08a571532,64,4116,e53cd56e0e9911d829bd978c3ca766f775d83d12ffb2ff77f051561f6be1cd0c
datased:DataSED - DataSED - Dataset for Sound Event Detection of environmental noise/SED_wav/S-0087.wav,DataSED - DataSED - Dataset for Sound Event Detection of environmental noise/SED_wav/S-0087.wav,DataSED - DataSED - Dataset for Sound Event Detection of environmental noise/SED_wav/S-0087.npy,938212c51259b974191705e3fd8ec246f546b60515c60b6df11b7603547d305f,3c663273fec40a4e240c0f4872e62e1681c8ed7c36e74f510d13e1067ae7d1ff,64,3446,e53cd56e0e9911d829bd978c3ca766f775d83d12ffb2ff77f051561f6be1cd0c
datased:DataSED - DataSED - Dataset for Sound Event Detection of environmental noise/SED_wav/S-0088.wav,DataSED - DataSED - Dataset for Sound Event Detection of environmental noise/SED_wav/S-0088.wav,DataSED - DataSED - Dataset for Sound Event Detection of environmental noise/SED_wav/S-0088.npy,6d850f17d0b8fe63c0b0ef7ffe87b981758062f22aef531467fe019fd3078338,db1a91672a0ae0656be9341ebc4490acf3b5d653a527a3401edacfd4f2853bd4,64,3008,e53cd56e0e9911d829bd978c3ca766f775d83d12ffb2ff77f051561f6be1cd0c
datased:DataSED - DataSED - Dataset for Sound Event Detection of environmental noise/SED_wav/S-0089.wav,DataSED - DataSED - Dataset for Sound Event Detection of environmental noise/SED_wav/S-0089.wav,DataSED - DataSED - Dataset for Sound Event Detection of environmental noise/SED_wav/S-0089.npy,46d3fec4481ac594276eb54e2da57edb9b6548205f0fcd0d53997f6dbffe128a,04835d0b038b2a6c637a8903e3f6d22425f6c9f94ccbd0878405a186f4cf40ad,64,1946,e53cd56e0e9911d829bd978c3ca766f775d83d12ffb2ff77f051561f6be1cd0c
datased:DataSED - DataSED - Dataset for Sound Event Detection of environmental noise/SED_wav/S-0090.wav,DataSED - DataSED - Dataset for Sound Event Detection of environmental noise/SED_wav/S-0090.wav,DataSED - DataSED - Dataset for Sound Event Detection of environmental noise/SED_wav/S-0090.npy,7d8e1e78cc33faea69ea4da2c98bce63dbe2a58f80f1d673cb7ae29e909ab444,bf54e3098ee9eed37136a84a0a3c150cc331b6903a750631c6f113058e70805c,64,3593,e53cd56e0e9911d829bd978c3ca766f775d83d12ffb2ff77f051561f6be1cd0c
datased:DataSED - DataSED - Dataset for Sound Event Detection of environmental noise/SED_wav/S-0091.wav,DataSED - DataSED - Dataset for Sound Event Detection of environmental noise/SED_wav/S-0091.wav,DataSED - DataSED - Dataset for Sound Event Detection of environmental noise/SED_wav/S-0091.npy,6d868ebf318ef2ffc10613675ad0576a09a6b8a2240aa791d025ad1e8b4635d2,79076a6ef5c3289f3fe3390ad6c9063abf62eb1187bf1e2a10f9ddd33c9d4865,64,10877,e53cd56e0e9911d829bd978c3ca766f775d83d12ffb2ff77f051561f6be1cd0c
datased:DataSED - DataSED - Dataset for Sound Event Detection of environmental noise/SED_wav/S-0092.wav,DataSED - DataSED - Dataset for Sound Event Detection of environmental noise/SED_wav/S-0092.wav,DataSED - DataSED - Dataset for Sound Event Detection of environmental noise/SED_wav/S-0092.npy,b2fe9856b59e28ff148eafcfbaa1cc96e5b2ef23b05cba268e11823c4cafb4e4,91820cbeb163a14ceef41b66161b4eb15530c25195a8d071378d82387263ca4a,64,1538,e53cd56e0e9911d829bd978c3ca766f775d83d12ffb2ff77f051561f6be1cd0c
datased:DataSED - DataSED - Dataset for Sound Event Detection of environmental noise/SED_wav/S-0093.wav,DataSED - DataSED - Dataset for Sound Event Detection of environmental noise/SED_wav/S-0093.wav,DataSED - DataSED - Dataset for Sound Event Detection of environmental noise/SED_wav/S-0093.npy,a2394426f68cfab3ddc377715417e516ce2755593d05ff6f27e8149c33ea9b92,1b9d845a3d3cee26e01248c2f0bb13478b38f455ec4f0a272c09fca992d21c7d,64,6021,e53cd56e0e9911d829bd978c3ca766f775d83d12ffb2ff77f051561f6be1cd0c
datased:DataSED - DataSED - Dataset for Sound Event Detection of environmental noise/SED_wav/S-0094.wav,DataSED - DataSED - Dataset for Sound Event Detection of environmental noise/SED_wav/S-0094.wav,DataSED - DataSED - Dataset for Sound Event Detection of environmental noise/SED_wav/S-0094.npy,8806b933f11597be959a60b272bb254f714f998cbfebf1c5cc56543fa6e78e2b,0c3566733f6ea4700475eca15670bc186aa10aff2a6047b3e84eb27c553fff4f,64,8760,e53cd56e0e9911d829bd978c3ca766f775d83d12ffb2ff77f051561f6be1cd0c
datased:DataSED - DataSED - Dataset for Sound Event Detection of environmental noise/SED_wav/S-0095.wav,DataSED - DataSED - Dataset for Sound Event Detection of environmental noise/SED_wav/S-0095.wav,DataSED - DataSED - Dataset for Sound Event Detection of environmental noise/SED_wav/S-0095.npy,382c8f5888547dc9cb29d1b37804b663b2bb1013a70a31107cbd86eeae867b7d,057817f0bf454803e4370fdc6059c9d75231d384d893328bd6756f5d8baa71ad,64,11519,e53cd56e0e9911d829bd978c3ca766f775d83d12ffb2ff77f051561f6be1cd0c
datased:DataSED - DataSED - Dataset for Sound Event Detection of environmental noise/SED_wav/S-0096.wav,DataSED - DataSED - Dataset for Sound Event Detection of environmental noise/SED_wav/S-0096.wav,DataSED - DataSED - Dataset for Sound Event Detection of environmental noise/SED_wav/S-0096.npy,34698706a68b8e2191081f72421cd0585f1b568f482d28d6019cd7ca3c81cd08,060ef4537db2f619ffb03b3496ac17210172efb97613c1ab10b034f8521c2873,64,7437,e53cd56e0e9911d829bd978c3ca766f775d83d12ffb2ff77f051561f6be1cd0c
datased:DataSED - DataSED - Dataset for Sound Event Detection of environmental noise/SED_wav/S-0097.wav,DataSED - DataSED - Dataset for Sound Event Detection of environmental noise/SED_wav/S-0097.wav,DataSED - DataSED - Dataset for Sound Event Detection of environmental noise/SED_wav/S-0097.npy,a7ae548496a3f1ad84bf6a22a17b347c9dce31124568a74c077927b9885aa140,7932dfd8183a2b753f5db57ee0da84527854841429bca3182031ff16d9391d2e,64,13129,e53cd56e0e9911d829bd978c3ca766f775d83d12ffb2ff77f051561f6be1cd0c
datased:DataSED - DataSED - Dataset for Sound Event Detection of environmental noise/SED_wav/S-0098.wav,DataSED - DataSED - Dataset for Sound Event Detection of environmental noise/SED_wav/S-0098.wav,DataSED - DataSED - Dataset for Sound Event Detection of environmental noise/SED_wav/S-0098.npy,74a9c1ae3865c8f7dfca9287aa0515799014ba02963c4b78108ea0e29885ea00,a15dfff78fc114b561a5317e19bc34221596805dd7ec507ee5a356a9bc26890e,64,8785,e53cd56e0e9911d829bd978c3ca766f775d83d12ffb2ff77f051561f6be1cd0c
datased:DataSED - DataSED - Dataset for Sound Event Detection of environmental noise/SED_wav/S-0099.wav,DataSED - DataSED - Dataset for Sound Event Detection of environmental noise/SED_wav/S-0099.wav,DataSED - DataSED - Dataset for Sound Event Detection of environmental noise/SED_wav/S-0099.npy,c0ba507ea3ece48171bdf7e033dab7dcc9e203ac8229cac8c877d2d5ee756cfa,36002bf175640b685e757a03e21bb8dc11e523891671d4669f1a0babdd5f823f,64,11534,e53cd56e0e9911d829bd978c3ca766f775d83d12ffb2ff77f051561f6be1cd0c
datased:DataSED - DataSED - Dataset for Sound Event Detection of environmental noise/SED_wav/S-0100.wav,DataSED - DataSED - Dataset for Sound Event Detection of environmental noise/SED_wav/S-0100.wav,DataSED - DataSED - Dataset for Sound Event Detection of environmental noise/SED_wav/S-0100.npy,b23e3d73bb51dd4fe00303f7f95a0e721aac688d67e14a95c052ff90a8c65fc8,09047181cff0de0a108b0f2fa52f57cce1b40133a525dc2c760d097b7e659a05,64,4277,e53cd56e0e9911d829bd978c3ca766f775d83d12ffb2ff77f051561f6be1cd0c
datased:DataSED - DataSED - Dataset for Sound Event Detection of environmental noise/SED_wav/S-0101.wav,DataSED - DataSED - Dataset for Sound Event Detection of environmental noise/SED_wav/S-0101.wav,DataSED - DataSED - Dataset for Sound Event Detection of environmental noise/SED_wav/S-0101.npy,8e84017c383fdaa8396210fb1e50aad831ce4ffbfbe1bcacf2e3cbbd31051b8b,78aea0a0b8f558f6eacce88517d349c5b0f24a053c7f6d6089fd6aabb7ba06a6,64,5457,e53cd56e0e9911d829bd978c3ca766f775d83d12ffb2ff77f051561f6be1cd0c
datased:DataSED - DataSED - Dataset for Sound Event Detection of environmental noise/SED_wav/S-0102.wav,DataSED - DataSED - Dataset for Sound Event Detection of environmental noise/SED_wav/S-0102.wav,DataSED - DataSED - Dataset for Sound Event Detection of environmental noise/SED_wav/S-0102.npy,320072cabab7c132e3b3b13b789f872cd7c9c9ef1d1ea2a73def8a3bfc98bfe0,620d8fa21fbc889ee80dc7c4e380cebcaa99380d62e9443cbce51483a13923c9,64,15146,e53cd56e0e9911d829bd978c3ca766f775d83d12ffb2ff77f051561f6be1cd0c
datased:DataSED - DataSED - Dataset for Sound Event Detection of environmental noise/SED_wav/S-0103.wav,DataSED - DataSED - Dataset for Sound Event Detection of environmental noise/SED_wav/S-0103.wav,DataSED - DataSED - Dataset for Sound Event Detection of environmental noise/SED_wav/S-0103.npy,7aba7e1be5f14a5580e33f90932df6a1184f1ccbe23edeb4bfdd7b6f1adf9e69,27ad6494a4393a80bce231b0f514ed62221a790b8bcf9d4456f98583dd7261ec,64,18299,e53cd56e0e9911d829bd978c3ca766f775d83d12ffb2ff77f051561f6be1cd0c
datased:DataSED - DataSED - Dataset for Sound Event Detection of environmental noise/SED_wav/S-0104.wav,DataSED - DataSED - Dataset for Sound Event Detection of environmental noise/SED_wav/S-0104.wav,DataSED - DataSED - Dataset for Sound Event Detection of environmental noise/SED_wav/S-0104.npy,fa49f541bfa11753082ef0d30672da8cc8719f3f99e34389a09615ebc512842f,ba5c15e22b5bde2340f104e5808a42625f6ad64ff5f123c912ebee1b7091e1f5,64,6851,e53cd56e0e9911d829bd978c3ca766f775d83d12ffb2ff77f051561f6be1cd0c
datased:DataSED - DataSED - Dataset for Sound Event Detection of environmental noise/SED_wav/S-0105.wav,DataSED - DataSED - Dataset for Sound Event Detection of environmental noise/SED_wav/S-0105.wav,DataSED - DataSED - Dataset for Sound Event Detection of environmental noise/SED_wav/S-0105.npy,a1317277fe7fa1606484d13a17eedfcfe04dd87413a863abf5d129369790a373,81d88ece7af495772db7010f8ba9d63af7e9515b30196714696a8372a2a8f32a,64,3870,e53cd56e0e9911d829bd978c3ca766f775d83d12ffb2ff77f051561f6be1cd0c
datased:DataSED - DataSED - Dataset for Sound Event Detection of environmental noise/SED_wav/S-0106.wav,DataSED - DataSED - Dataset for Sound Event Detection of environmental noise/SED_wav/S-0106.wav,DataSED - DataSED - Dataset for Sound Event Detection of environmental noise/SED_wav/S-0106.npy,9b0d3d21d252e16e9305803035f0ca4b5f42fc4745b49cdf89317f4617095f73,1bc2ca7783419cf6e015375fe7a06d1a7ff2c561123bc05788ff4626e771f894,64,5322,e53cd56e0e9911d829bd978c3ca766f775d83d12ffb2ff77f051561f6be1cd0c
datased:DataSED - DataSED - Dataset for Sound Event Detection of environmental noise/SED_wav/S-0107.wav,DataSED - DataSED - Dataset for Sound Event Detection of environmental noise/SED_wav/S-0107.wav,DataSED - DataSED - Dataset for Sound Event Detection of environmental noise/SED_wav/S-0107.npy,7e65d7e0f83bbbde78ba26430fe43a830c0270d43b15bb8af598f86d808c98de,b7058d95425752ad1a24d9f19498a3fc425b129504dc57dfaf3ba7f2582df6bb,64,12974,e53cd56e0e9911d829bd978c3ca766f775d83d12ffb2ff77f051561f6be1cd0c
datased:DataSED - DataSED - Dataset for Sound Event Detection of environmental noise/SED_wav/S-0108.wav,DataSED - DataSED - Dataset for Sound Event Detection of environmental noise/SED_wav/S-0108.wav,DataSED - DataSED - Dataset for Sound Event Detection of environmental noise/SED_wav/S-0108.npy,548d9453b559baeff1f75059ce4783178f05517d776c656f52698727012b1567,160aecde2e089cf9460df9afb448b3f7613e6d5fb6dcb63ff552287b1a282587,64,3825,e53cd56e0e9911d829bd978c3ca766f775d83d12ffb2ff77f051561f6be1cd0c
datased:DataSED - DataSED - Dataset for Sound Event Detection of environmental noise/SED_wav/S-0109.wav,DataSED - DataSED - Dataset for Sound Event Detection of environmental noise/SED_wav/S-0109.wav,DataSED - DataSED - Dataset for Sound Event Detection of environmental noise/SED_wav/S-0109.npy,d5eddfae91ae5c4eebf1487583ed25e27f423a0c9b314abafc15600a2e247986,38e54785c127800db8228f235c11822a8180aba4c1eec812452815c44b2c78d5,64,8975,e53cd56e0e9911d829bd978c3ca766f775d83d12ffb2ff77f051561f6be1cd0c
datased:DataSED - DataSED - Dataset for Sound Event Detection of environmental noise/SED_wav/S-0110.wav,DataSED - DataSED - Dataset for Sound Event Detection of environmental noise/SED_wav/S-0110.wav,DataSED - DataSED - Dataset for Sound Event Detection of environmental noise/SED_wav/S-0110.npy,ea4eaf8097cd880fbda7334784b4eba78268c73191e6ab44149b1da00ad24f41,28b6055eb1b0bba9af2b3f3ed01f1a6c1a1f0f1d09ed71c73dd73bb3ac6f1cde,64,6052,e53cd56e0e9911d829bd978c3ca766f775d83d12ffb2ff77f051561f6be1cd0c
datased:DataSED - DataSED - Dataset for Sound Event Detection of environmental noise/SED_wav/S-0111.wav,DataSED - DataSED - Dataset for Sound Event Detection of environmental noise/SED_wav/S-0111.wav,DataSED - DataSED - Dataset for Sound Event Detection of environmental noise/SED_wav/S-0111.npy,b05cb588a1fb1db676ef3da1730cddcd77c0f613029728cddc5d7424c873c98b,55bb8381fe7bae2a4bdc546a12a8839662a6aa2fef90be7bd60915e67d81d68b,64,6001,e53cd56e0e9911d829bd978c3ca766f775d83d12ffb2ff77f051561f6be1cd0c
datased:DataSED - DataSED - Dataset for Sound Event Detection of environmental noise/SED_wav/S-0112.wav,DataSED - DataSED - Dataset for Sound Event Detection of environmental noise/SED_wav/S-0112.wav,DataSED - DataSED - Dataset for Sound Event Detection of environmental noise/SED_wav/S-0112.npy,5cdd5e36d464840566cb51cb30300f074123bdb3e878e5d0cafb333ca6b52119,867be4334c9e60a079e81df7026d87639c4cbbeb839a5799291a7139ba59f3a2,64,9001,e53cd56e0e9911d829bd978c3ca766f775d83d12ffb2ff77f051561f6be1cd0c
datased:DataSED - DataSED - Dataset for Sound Event Detection of environmental noise/SED_wav/S-0113.wav,DataSED - DataSED - Dataset for Sound Event Detection of environmental noise/SED_wav/S-0113.wav,DataSED - DataSED - Dataset for Sound Event Detection of environmental noise/SED_wav/S-0113.npy,04f581a91c4437d625997a2d78d21bfd6531829295b4ca1c8d10c3d86be4092a,95923ab175b2fce1dee9f505fe7e1a507a5f6719f57ac1954efed752075d8553,64,4601,e53cd56e0e9911d829bd978c3ca766f775d83d12ffb2ff77f051561f6be1cd0c
datased:DataSED - DataSED - Dataset for Sound Event Detection of environmental noise/SED_wav/S-0114.wav,DataSED - DataSED - Dataset for Sound Event Detection of environmental noise/SED_wav/S-0114.wav,DataSED - DataSED - Dataset for Sound Event Detection of environmental noise/SED_wav/S-0114.npy,41a64ff9b78f13f9ac14cb9c5ebadcb946a05e807352b2291231081db73b6894,bf9e612db33d19657c4bf3c747a89b0ffb4f27d3a727bb3148334a1b55d7512d,64,1715,e53cd56e0e9911d829bd978c3ca766f775d83d12ffb2ff77f051561f6be1cd0c
datased:DataSED - DataSED - Dataset for Sound Event Detection of environmental noise/SED_wav/S-0115.wav,DataSED - DataSED - Dataset for Sound Event Detection of environmental noise/SED_wav/S-0115.wav,DataSED - DataSED - Dataset for Sound Event Detection of environmental noise/SED_wav/S-0115.npy,0455b3bc7545e7daa2d92b29efbea42af1a74b5a9d1c8705bba02acc4a9597b7,30112012c2567021fff72b51c354332b2d6331fbd09f996411eebeb8ba08a95c,64,315,e53cd56e0e9911d829bd978c3ca766f775d83d12ffb2ff77f051561f6be1cd0c
datased:DataSED - DataSED - Dataset for Sound Event Detection of environmental noise/SED_wav/S-0116.wav,DataSED - DataSED - Dataset for Sound Event Detection of environmental noise/SED_wav/S-0116.wav,DataSED - DataSED - Dataset for Sound Event Detection of environmental noise/SED_wav/S-0116.npy,9a758fcb6b2a52c56d03a06f63d79110b19b0a2a939eb0f8b69515359a1e6ad5,a62e4f72bf19d763cc1857b5d5a7042bdb93cae8d87f4e745fbdbd81d33c05e7,64,3856,e53cd56e0e9911d829bd978c3ca766f775d83d12ffb2ff77f051561f6be1cd0c
datased:DataSED - DataSED - Dataset for Sound Event Detection of environmental noise/SED_wav/S-0117.wav,DataSED - DataSED - Dataset for Sound Event Detection of environmental noise/SED_wav/S-0117.wav,DataSED - DataSED - Dataset for Sound Event Detection of environmental noise/SED_wav/S-0117.npy,1a12d86a63b51500b839dae8950daa2f6f504a48123e610a5bb8537bbdcfbd4a,a00082bb6c79b352073c8fc4cc89b4625ecc65cda3df3110da7985748101b52c,64,1670,e53cd56e0e9911d829bd978c3ca766f775d83d12ffb2ff77f051561f6be1cd0c
datased:DataSED - DataSED - Dataset for Sound Event Detection of environmental noise/SED_wav/S-0118.wav,DataSED - DataSED - Dataset for Sound Event Detection of environmental noise/SED_wav/S-0118.wav,DataSED - DataSED - Dataset for Sound Event Detection of environmental noise/SED_wav/S-0118.npy,f5125a6a6913039c87ad53098b1317a50f271068d7cfa90adfeb1e79117ea02b,28860ec2d65adb1d3fd41253703695cf5158433e4c87e88fde661fd30761ad30,64,1308,e53cd56e0e9911d829bd978c3ca766f775d83d12ffb2ff77f051561f6be1cd0c
datased:DataSED - DataSED - Dataset for Sound Event Detection of environmental noise/SED_wav/S-0119.wav,DataSED - DataSED - Dataset for Sound Event Detection of environmental noise/SED_wav/S-0119.wav,DataSED - DataSED - Dataset for Sound Event Detection of environmental noise/SED_wav/S-0119.npy,fac69e391eb5c534a896a8e7d6193bbeafe42a717d22233b5facc03c7c9ab269,a1282677900571c798ea3d30f8df9c2370775782e3d969cebd5c8fdc5f6c18b9,64,4125,e53cd56e0e9911d829bd978c3ca766f775d83d12ffb2ff77f051561f6be1cd0c
datased:DataSED - DataSED - Dataset for Sound Event Detection of environmental noise/SED_wav/S-0120.wav,DataSED - DataSED - Dataset for Sound Event Detection of environmental noise/SED_wav/S-0120.wav,DataSED - DataSED - Dataset for Sound Event Detection of environmental noise/SED_wav/S-0120.npy,2bd7570687260ee08e9d7bf41146e12081c8b21307c82cc2d304e7128e38ff40,e425bcdf26a9f4f2500409cafa2e9b7e9f789f6f55917b1cb0c5b0e2dfc1916e,64,635,e53cd56e0e9911d829bd978c3ca766f775d83d12ffb2ff77f051561f6be1cd0c
datased:DataSED - DataSED - Dataset for Sound Event Detection of environmental noise/SED_wav/S-0121.wav,DataSED - DataSED - Dataset for Sound Event Detection of environmental noise/SED_wav/S-0121.wav,DataSED - DataSED - Dataset for Sound Event Detection of environmental noise/SED_wav/S-0121.npy,be1ddd59fc7bca3765801314c974d7d578fbe34530d218a8e271cf5d98de5549,799fe827c2df0b61cbb7ba9bec3c5648bb8396fcb29310e0651023536ec71ba0,64,591,e53cd56e0e9911d829bd978c3ca766f775d83d12ffb2ff77f051561f6be1cd0c
datased:DataSED - DataSED - Dataset for Sound Event Detection of environmental noise/SED_wav/S-0122.wav,DataSED - DataSED - Dataset for Sound Event Detection of environmental noise/SED_wav/S-0122.wav,DataSED - DataSED - Dataset for Sound Event Detection of environmental noise/SED_wav/S-0122.npy,0a1bfcacf952ee264682bd20895c9ed2733772da9ee66b9a61ab188971f10305,a779630f97264f94ee70236bf8c4933b7df906c54d5a39e080228818d617a29a,64,12381,e53cd56e0e9911d829bd978c3ca766f775d83d12ffb2ff77f051561f6be1cd0c
datased:DataSED - DataSED - Dataset for Sound Event Detection of environmental noise/SED_wav/S-0123.wav,DataSED - DataSED - Dataset for Sound Event Detection of environmental noise/SED_wav/S-0123.wav,DataSED - DataSED - Dataset for Sound Event Detection of environmental noise/SED_wav/S-0123.npy,9ca8266e0480c2f24ca6b0162afa5e370a05240c8b24339a505cda12366010be,bce11087eab0394a67ed355e91d83d842b47602589114feb9f84dcc4e280fa25,64,8497,e53cd56e0e9911d829bd978c3ca766f775d83d12ffb2ff77f051561f6be1cd0c
datased:DataSED - DataSED - Dataset for Sound Event Detection of environmental noise/SED_wav/S-0124.wav,DataSED - DataSED - Dataset for Sound Event Detection of environmental noise/SED_wav/S-0124.wav,DataSED - DataSED - Dataset for Sound Event Detection of environmental noise/SED_wav/S-0124.npy,63d42b6d52ed3249e6dc56596c3ec53cee966c165b2043a7f6497b18f8936202,8cd1b199397295258eec07a05a772d429ce1b09ffe9466822a8339603077917a,64,741,e53cd56e0e9911d829bd978c3ca766f775d83d12ffb2ff77f051561f6be1cd0c
datased:DataSED - DataSED - Dataset for Sound Event Detection of environmental noise/SED_wav/S-0125.wav,DataSED - DataSED - Dataset for Sound Event Detection of environmental noise/SED_wav/S-0125.wav,DataSED - DataSED - Dataset for Sound Event Detection of environmental noise/SED_wav/S-0125.npy,d375a54b5c8ef7c728a62cc1136037e8e7a929dcc3ff3b7760a9c6eb3480f8fa,27331581769c5dfe4531cebe74eca71cef674ec635336667a7795a8bb16736a8,64,12413,e53cd56e0e9911d829bd978c3ca766f775d83d12ffb2ff77f051561f6be1cd0c
datased:DataSED - DataSED - Dataset for Sound Event Detection of environmental noise/SED_wav/S-0126.wav,DataSED - DataSED - Dataset for Sound Event Detection of environmental noise/SED_wav/S-0126.wav,DataSED - DataSED - Dataset for Sound Event Detection of environmental noise/SED_wav/S-0126.npy,6b2550e46e3ea84fb088db27d3104b9be1ce04fb4954e2a14c6ab0c3bfc73b35,522430b302bd526da92705298e20a66b28e08933aa66833307880f04f01def22,64,3016,e53cd56e0e9911d829bd978c3ca766f775d83d12ffb2ff77f051561f6be1cd0c
datased:DataSED - DataSED - Dataset for Sound Event Detection of environmental noise/SED_wav/S-0127.wav,DataSED - DataSED - Dataset for Sound Event Detection of environmental noise/SED_wav/S-0127.wav,DataSED - DataSED - Dataset for Sound Event Detection of environmental noise/SED_wav/S-0127.npy,0d05bb09136c5a69c308dba2102f7d33d29c60760508ffd52b02c40e8d02da69,1b46a23349365c4381f67731075c461b516f8b87ea2b85915232fab9803d7f86,64,13459,e53cd56e0e9911d829bd978c3ca766f775d83d12ffb2ff77f051561f6be1cd0c
datased:DataSED - DataSED - Dataset for Sound Event Detection of environmental noise/SED_wav/S-0128.wav,DataSED - DataSED - Dataset for Sound Event Detection of environmental noise/SED_wav/S-0128.wav,DataSED - DataSED - Dataset for Sound Event Detection of environmental noise/SED_wav/S-0128.npy,4414c92efdf99eec6a48f1abe8d2bfce09caab4471d09e11b59ab8608243021a,99a35cc3447fc6f38b07563837a6a19a676105936f2dc8643920b9637e91a765,64,3046,e53cd56e0e9911d829bd978c3ca766f775d83d12ffb2ff77f051561f6be1cd0c
datased:DataSED - DataSED - Dataset for Sound Event Detection of environmental noise/SED_wav/S-0129.wav,DataSED - DataSED - Dataset for Sound Event Detection of environmental noise/SED_wav/S-0129.wav,DataSED - DataSED - Dataset for Sound Event Detection of environmental noise/SED_wav/S-0129.npy,ff8849d60f499bb19f6fc17ea13293e6f6c11556d30fa06903acaba29cf770b8,168e0b0d6c699d3b5bd1a8326222e72f3f6db4b5dfe3213bed236eaafcf19bcd,64,9233,e53cd56e0e9911d829bd978c3ca766f775d83d12ffb2ff77f051561f6be1cd0c
datased:DataSED - DataSED - Dataset for Sound Event Detection of environmental noise/SED_wav/S-0130.wav,DataSED - DataSED - Dataset for Sound Event Detection of environmental noise/SED_wav/S-0130.wav,DataSED - DataSED - Dataset for Sound Event Detection of environmental noise/SED_wav/S-0130.npy,427a581cebe9f161c7df541d6cfd907c7b9f668d23f6c91242ca32d34383787a,2d6dc9163d1d492ab36307e599864e77ee5bced917fb80fd30e9555bc0283507,64,3065,e53cd56e0e9911d829bd978c3ca766f775d83d12ffb2ff77f051561f6be1cd0c
datased:DataSED - DataSED - Dataset for Sound Event Detection of environmental noise/SED_wav/S-0131.wav,DataSED - DataSED - Dataset for Sound Event Detection of environmental noise/SED_wav/S-0131.wav,DataSED - DataSED - Dataset for Sound Event Detection of environmental noise/SED_wav/S-0131.npy,8d6eb87196f1af936483ba0f85ae4814948b007881d1b9f4bd6c68bd81f8923b,3c6d7fba89ea06699b435e390d2c40a37fcd87dc2ed89b693a87d69de9e6df86,64,341,e53cd56e0e9911d829bd978c3ca766f775d83d12ffb2ff77f051561f6be1cd0c
datased:DataSED - DataSED - Dataset for Sound Event Detection of environmental noise/SED_wav/S-0132.wav,DataSED - DataSED - Dataset for Sound Event Detection of environmental noise/SED_wav/S-0132.wav,DataSED - DataSED - Dataset for Sound Event Detection of environmental noise/SED_wav/S-0132.npy,1c8d4913d8f9348f211d37580ad6b0d3811d40ec034c20bd967cf78526d44ba5,c770fa6696c386f26acaf61b3afed33312d00115d66dc2693f190816b4295fc4,64,1715,e53cd56e0e9911d829bd978c3ca766f775d83d12ffb2ff77f051561f6be1cd0c
datased:DataSED - DataSED - Dataset for Sound Event Detection of environmental noise/SED_wav/S-0133.wav,DataSED - DataSED - Dataset for Sound Event Detection of environmental noise/SED_wav/S-0133.wav,DataSED - DataSED - Dataset for Sound Event Detection of environmental noise/SED_wav/S-0133.npy,dd61f679aaf9048d3af78a7ec538d89b5ae7821562f79afd7152dfcbe18fb187,78fe04a8b6f47a8f9aef8850fa93a4274c5a9d36b2b1df883bd0ba24cbead885,64,7523,e53cd56e0e9911d829bd978c3ca766f775d83d12ffb2ff77f051561f6be1cd0c
datased:DataSED - DataSED - Dataset for Sound Event Detection of environmental noise/SED_wav/S-0134.wav,DataSED - DataSED - Dataset for Sound Event Detection of environmental noise/SED_wav/S-0134.wav,DataSED - DataSED - Dataset for Sound Event Detection of environmental noise/SED_wav/S-0134.npy,3e92e3a88733675d627dd74e97db5645266e5d4c7d86b0d5d231b8326f7c902b,25bb82b09a7503f1c2359be37883f7c47e20a56ed0e354b34ba771a3496468e2,64,5986,e53cd56e0e9911d829bd978c3ca766f775d83d12ffb2ff77f051561f6be1cd0c
datased:DataSED - DataSED - Dataset for Sound Event Detection of environmental noise/SED_wav/S-0135.wav,DataSED - DataSED - Dataset for Sound Event Detection of environmental noise/SED_wav/S-0135.wav,DataSED - DataSED - Dataset for Sound Event Detection of environmental noise/SED_wav/S-0135.npy,45566ad506c2527028d256584d6aae27917349158be6428634b254a82d614cca,06a3e0e7049ee53223bc21d508911a78965ebe2b100e3b93918c24ca593bc206,64,996,e53cd56e0e9911d829bd978c3ca766f775d83d12ffb2ff77f051561f6be1cd0c
datased:DataSED - DataSED - Dataset for Sound Event Detection of environmental noise/SED_wav/S-0136.wav,DataSED - DataSED - Dataset for Sound Event Detection of environmental noise/SED_wav/S-0136.wav,DataSED - DataSED - Dataset for Sound Event Detection of environmental noise/SED_wav/S-0136.npy,a9d9cfb0fe15a3f4600232df098a4544897a82b8dcdb1d403dfd8ab57f55642d,da2412b1f1a462d38ca3587e5b6bdd80e837932d785cf745d084ce347c038675,64,1752,e53cd56e0e9911d829bd978c3ca766f775d83d12ffb2ff77f051561f6be1cd0c
datased:DataSED - DataSED - Dataset for Sound Event Detection of environmental noise/SED_wav/S-0137.wav,DataSED - DataSED - Dataset for Sound Event Detection of environmental noise/SED_wav/S-0137.wav,DataSED - DataSED - Dataset for Sound Event Detection of environmental noise/SED_wav/S-0137.npy,8e03c322c5e696fcd8d9108a68846131a946d271d4b09d878dcd562f80cbc255,4b0699dfb6f216a3b0757afc4c65c14754d267ce106a1c1c45dfbdb0251c1193,64,1752,e53cd56e0e9911d829bd978c3ca766f775d83d12ffb2ff77f051561f6be1cd0c
datased:DataSED - DataSED - Dataset for Sound Event Detection of environmental noise/SED_wav/S-0138.wav,DataSED - DataSED - Dataset for Sound Event Detection of environmental noise/SED_wav/S-0138.wav,DataSED - DataSED - Dataset for Sound Event Detection of environmental noise/SED_wav/S-0138.npy,36bee16a5f71e4b420197433dfe76c1134884f0dc3c6c8c29c858688c0c11e79,d0c695d8910f77ae0e65fe5691e630e0bc909ba9f053fc7cc37e81cf6946386c,64,1599,e53cd56e0e9911d829bd978c3ca766f775d83d12ffb2ff77f051561f6be1cd0c
datased:DataSED - DataSED - Dataset for Sound Event Detection of environmental noise/SED_wav/S-0139.wav,DataSED - DataSED - Dataset for Sound Event Detection of environmental noise/SED_wav/S-0139.wav,DataSED - DataSED - Dataset for Sound Event Detection of environmental noise/SED_wav/S-0139.npy,3990bd466402054c63f223a0ca4f6f52de8f2cc18d05e3ff23660292c737958a,993cc091826bb6b84b484297a7e943a8c56a0e609a9de2ec6ab76c04b6fec63c,64,4664,e53cd56e0e9911d829bd978c3ca766f775d83d12ffb2ff77f051561f6be1cd0c
datased:DataSED - DataSED - Dataset for Sound Event Detection of environmental noise/SED_wav/S-0140.wav,DataSED - DataSED - Dataset for Sound Event Detection of environmental noise/SED_wav/S-0140.wav,DataSED - DataSED - Dataset for Sound Event Detection of environmental noise/SED_wav/S-0140.npy,33af7fcf0a6d6c128528050677c58642b844e4e6812853ea14967ac1bb7b2a2b,aaac7205f15d0203bdaa067a67e65375c331ee42cdf829f608a7f11d67ccada7,64,1051,e53cd56e0e9911d829bd978c3ca766f775d83d12ffb2ff77f051561f6be1cd0c
datased:DataSED - DataSED - Dataset for Sound Event Detection of environmental noise/SED_wav/S-0141.wav,DataSED - DataSED - Dataset for Sound Event Detection of environmental noise/SED_wav/S-0141.wav,DataSED - DataSED - Dataset for Sound Event Detection of environmental noise/SED_wav/S-0141.npy,2f2ff9acfd0226a7a988a92ecfe8ed9838f469205cc9d9527793a69afeb42c06,ca823ea5df9f520fc9fb2145d8b8f8e27086bc2a585778999dddcf7fedfb96fe,64,273,e53cd56e0e9911d829bd978c3ca766f775d83d12ffb2ff77f051561f6be1cd0c
datased:DataSED - DataSED - Dataset for Sound Event Detection of environmental noise/SED_wav/S-0142.wav,DataSED - DataSED - Dataset for Sound Event Detection of environmental noise/SED_wav/S-0142.wav,DataSED - DataSED - Dataset for Sound Event Detection of environmental noise/SED_wav/S-0142.npy,9b682007dbb9f9b519e3c89684feeb06040922f20d9be8c7c1c741fe3d8c772a,f56b5487cfa8d4665177f00a2748841591b8906baf7e67ce17f03cb17b1ea0f3,64,1080,e53cd56e0e9911d829bd978c3ca766f775d83d12ffb2ff77f051561f6be1cd0c
datased:DataSED - DataSED - Dataset for Sound Event Detection of environmental noise/SED_wav/S-0143.wav,DataSED - DataSED - Dataset for Sound Event Detection of environmental noise/SED_wav/S-0143.wav,DataSED - DataSED - Dataset for Sound Event Detection of environmental noise/SED_wav/S-0143.npy,d38b553279d844902d7a0fb07cdccd5636b9fb2349768cc85d6ed4f2661bc2e7,8ffd5eb3744cf79c0196888cf8fdd9a01e0efa0ed0ac81343d0426d5a10da4b2,64,274,e53cd56e0e9911d829bd978c3ca766f775d83d12ffb2ff77f051561f6be1cd0c
datased:DataSED - DataSED - Dataset for Sound Event Detection of environmental noise/SED_wav/S-0144.wav,DataSED - DataSED - Dataset for Sound Event Detection of environmental noise/SED_wav/S-0144.wav,DataSED - DataSED - Dataset for Sound Event Detection of environmental noise/SED_wav/S-0144.npy,7688b3e4902a5e364872959a938625dcc050736b327abac052cdf2107c75cb68,23c40780d19ea507dbdc22424b450efffe56a19b49f03f838c0d9a0f0b58fe85,64,9489,e53cd56e0e9911d829bd978c3ca766f775d83d12ffb2ff77f051561f6be1cd0c
datased:DataSED - DataSED - Dataset for Sound Event Detection of environmental noise/SED_wav/S-0145.wav,DataSED - DataSED - Dataset for Sound Event Detection of environmental noise/SED_wav/S-0145.wav,DataSED - DataSED - Dataset for Sound Event Detection of environmental noise/SED_wav/S-0145.npy,0f5dcf2687c07c01d7501b27a12bad622a8b5197a0d269d8698e7b3806c4e000,e42c653c796a7cf299ebde040f07d4a182f4971ef9bada8957b0eaedd9bad44e,64,654,e53cd56e0e9911d829bd978c3ca766f775d83d12ffb2ff77f051561f6be1cd0c
datased:DataSED - DataSED - Dataset for Sound Event Detection of environmental noise/SED_wav/S-0146.wav,DataSED - DataSED - Dataset for Sound Event Detection of environmental noise/SED_wav/S-0146.wav,DataSED - DataSED - Dataset for Sound Event Detection of environmental noise/SED_wav/S-0146.npy,b2bebb1434ea236e0e30b0b6ec3b5bd3dd4eae2bd11bfdfc9906b0ad3f57f969,f07281c2f03d62e37785904a8b93aecabff990780624c7be7f0a117d2fa9cc13,64,6900,e53cd56e0e9911d829bd978c3ca766f775d83d12ffb2ff77f051561f6be1cd0c
datased:DataSED - DataSED - Dataset for Sound Event Detection of environmental noise/SED_wav/S-0147.wav,DataSED - DataSED - Dataset for Sound Event Detection of environmental noise/SED_wav/S-0147.wav,DataSED - DataSED - Dataset for Sound Event Detection of environmental noise/SED_wav/S-0147.npy,711f2e741a8532586c0ab10403d756825ed58ae3b3fbbaae8f1fb2dcf4d06e8b,e9b6dbf9e912c00ae10479e28b8bef8a3066f55cee8622ebb796a6d7677a7373,64,6969,e53cd56e0e9911d829bd978c3ca766f775d83d12ffb2ff77f051561f6be1cd0c
datased:DataSED - DataSED - Dataset for Sound Event Detection of environmental noise/SED_wav/S-0148.wav,DataSED - DataSED - Dataset for Sound Event Detection of environmental noise/SED_wav/S-0148.wav,DataSED - DataSED - Dataset for Sound Event Detection of environmental noise/SED_wav/S-0148.npy,0f48bc430246b6b4e13269aa5fbe0de80749d295ea77652de1efb6435b9dc6d1,4dced95cfca61ea20d30f2f3fdfc90e15c2ca43be059e3ccfbde4da90ad3d8d6,64,9760,e53cd56e0e9911d829bd978c3ca766f775d83d12ffb2ff77f051561f6be1cd0c
datased:DataSED - DataSED - Dataset for Sound Event Detection of environmental noise/SED_wav/S-0149.wav,DataSED - DataSED - Dataset for Sound Event Detection of environmental noise/SED_wav/S-0149.wav,DataSED - DataSED - Dataset for Sound Event Detection of environmental noise/SED_wav/S-0149.npy,1b8b212a36755ed98c69a4d6410c76ddf3a6b47a6441520cbd7def42db079b3f,640e0f320938bb28b162eb90f8401eca3c4b13ffcb63a204a706213123d33716,64,567,e53cd56e0e9911d829bd978c3ca766f775d83d12ffb2ff77f051561f6be1cd0c
datased:DataSED - DataSED - Dataset for Sound Event Detection of environmental noise/SED_wav/S-0150.wav,DataSED - DataSED - Dataset for Sound Event Detection of environmental noise/SED_wav/S-0150.wav,DataSED - DataSED - Dataset for Sound Event Detection of environmental noise/SED_wav/S-0150.npy,78ed37333d561fefbbf6937aedb4751b50b9cf272046333be4af16b8660b6e8c,b3f8b2bbd4321f0a12971c847ddca0f26a8b1b436fb05cd1b106201efa259d49,64,782,e53cd56e0e9911d829bd978c3ca766f775d83d12ffb2ff77f051561f6be1cd0c
datased:DataSED - DataSED - Dataset for Sound Event Detection of environmental noise/SED_wav/S-0151.wav,DataSED - DataSED - Dataset for Sound Event Detection of environmental noise/SED_wav/S-0151.wav,DataSED - DataSED - Dataset for Sound Event Detection of environmental noise/SED_wav/S-0151.npy,69c75ca4fc09b5ed8d534415ebfca73cd8f267a1e9515e0ac274f00677238708,2f4e0cbd27834f5d646bf7db407e1eff6554bad8a80e3b345ee79f14c6cef4d6,64,3971,e53cd56e0e9911d829bd978c3ca766f775d83d12ffb2ff77f051561f6be1cd0c
datased:DataSED - DataSED - Dataset for Sound Event Detection of environmental noise/SED_wav/S-0152.wav,DataSED - DataSED - Dataset for Sound Event Detection of environmental noise/SED_wav/S-0152.wav,DataSED - DataSED - Dataset for Sound Event Detection of environmental noise/SED_wav/S-0152.npy,19a01d7d89f59191005550feb9e7c3170e3b1880421ce36c4c98abe66902cd6f,74588eb4b886d374a2721b5014d6877e27875f76d39aecc95e135859fc8a3da8,64,3451,e53cd56e0e9911d829bd978c3ca766f775d83d12ffb2ff77f051561f6be1cd0c
datased:DataSED - DataSED - Dataset for Sound Event Detection of environmental noise/SED_wav/S-0153.wav,DataSED - DataSED - Dataset for Sound Event Detection of environmental noise/SED_wav/S-0153.wav,DataSED - DataSED - Dataset for Sound Event Detection of environmental noise/SED_wav/S-0153.npy,50a8b7e931e0490c1a30453e67c18bbd1e09a2ae305c690f98cf96ae0d2b001e,a42223e8a69149b00a548a21e55cf18574f5395c697c1fe232bdc886cd151861,64,4863,e53cd56e0e9911d829bd978c3ca766f775d83d12ffb2ff77f051561f6be1cd0c
datased:DataSED - DataSED - Dataset for Sound Event Detection of environmental noise/SED_wav/S-0154.wav,DataSED - DataSED - Dataset for Sound Event Detection of environmental noise/SED_wav/S-0154.wav,DataSED - DataSED - Dataset for Sound Event Detection of environmental noise/SED_wav/S-0154.npy,cbed420c92b257cc2e8f8a04c0d27545555d7a69204a094a880ea3f3407ac9ca,830e82b2246daf7f639c0785000704742f25916d3d7290455c9fd9854a13f105,64,1795,e53cd56e0e9911d829bd978c3ca766f775d83d12ffb2ff77f051561f6be1cd0c
datased:DataSED - DataSED - Dataset for Sound Event Detection of environmental noise/SED_wav/S-0155.wav,DataSED - DataSED - Dataset for Sound Event Detection of environmental noise/SED_wav/S-0155.wav,DataSED - DataSED - Dataset for Sound Event Detection of environmental noise/SED_wav/S-0155.npy,ba417bb002aed981959d84c43c2ab8bd019b334596fb08582fac653890d9c0f4,c7ad28479b4e435da88b9697aa9cddb6b3214a8bfbbe5f5368dfbeb4205ff78d,64,1980,e53cd56e0e9911d829bd978c3ca766f775d83d12ffb2ff77f051561f6be1cd0c
datased:DataSED - DataSED - Dataset for Sound Event Detection of environmental noise/SED_wav/S-0156.wav,DataSED - DataSED - Dataset for Sound Event Detection of environmental noise/SED_wav/S-0156.wav,DataSED - DataSED - Dataset for Sound Event Detection of environmental noise/SED_wav/S-0156.npy,1af5512a650d8789d0f4d27aafaa87a20427b3181b805595b2c654280df38f80,ed79fa3724569927fb0eea4a350f53a492b6343d76372571cc2ca077d1d74317,64,2682,e53cd56e0e9911d829bd978c3ca766f775d83d12ffb2ff77f051561f6be1cd0c
datased:DataSED - DataSED - Dataset for Sound Event Detection of environmental noise/SED_wav/S-0157.wav,DataSED - DataSED - Dataset for Sound Event Detection of environmental noise/SED_wav/S-0157.wav,DataSED - DataSED - Dataset for Sound Event Detection of environmental noise/SED_wav/S-0157.npy,d7fc9463ffa127f1155ca839bf65f4408befb73be20b2707f495cf467ccc2afe,51254499ab37155913d4e37c1d0812f88a4eb2f7606c025be02a5b2d49ea2e10,64,2622,e53cd56e0e9911d829bd978c3ca766f775d83d12ffb2ff77f051561f6be1cd0c
datased:DataSED - DataSED - Dataset for Sound Event Detection of environmental noise/SED_wav/S-0158.wav,DataSED - DataSED - Dataset for Sound Event Detection of environmental noise/SED_wav/S-0158.wav,DataSED - DataSED - Dataset for Sound Event Detection of environmental noise/SED_wav/S-0158.npy,30072de1fb7ce99bbc70ef4583c8094d155b59494324d14acf3379d7878b10bc,1f175b635efc231bd28d0e44cf5eabe5c7bb75e389ed7d779176dbe2fb54704a,64,3138,e53cd56e0e9911d829bd978c3ca766f775d83d12ffb2ff77f051561f6be1cd0c
datased:DataSED - DataSED - Dataset for Sound Event Detection of environmental noise/SED_wav/S-0159.wav,DataSED - DataSED - Dataset for Sound Event Detection of environmental noise/SED_wav/S-0159.wav,DataSED - DataSED - Dataset for Sound Event Detection of environmental noise/SED_wav/S-0159.npy,82e2a382456004da4687876644e1fbdc102473e6e643dac6afb69eb37aabbbfb,c5892b4b2bb02c5054c850ea8fd775a6009cbe17d6eab819808520c282fde597,64,1325,e53cd56e0e9911d829bd978c3ca766f775d83d12ffb2ff77f051561f6be1cd0c
datased:DataSED - DataSED - Dataset for Sound Event Detection of environmental noise/SED_wav/S-0160.wav,DataSED - DataSED - Dataset for Sound Event Detection of environmental noise/SED_wav/S-0160.wav,DataSED - DataSED - Dataset for Sound Event Detection of environmental noise/SED_wav/S-0160.npy,b503a6349432303dda7737b542b4981fb34c9832c542b4e31901bb1bdf39fbee,3d761a1f1f300fab3afc2a4d0c04c621b11e457ea84ac8b363b4a3895e8c3789,64,6125,e53cd56e0e9911d829bd978c3ca766f775d83d12ffb2ff77f051561f6be1cd0c
datased:DataSED - DataSED - Dataset for Sound Event Detection of environmental noise/SED_wav/S-0161.wav,DataSED - DataSED - Dataset for Sound Event Detection of environmental noise/SED_wav/S-0161.wav,DataSED - DataSED - Dataset for Sound Event Detection of environmental noise/SED_wav/S-0161.npy,6df0f0938d8cd0eab46a977e6c5c728084184107f16dbd0d74636c489323bb08,35bf5ae4344197b85e211aeec37149da3578962edfc5681d1639faae6c4f349c,64,5954,e53cd56e0e9911d829bd978c3ca766f775d83d12ffb2ff77f051561f6be1cd0c
datased:DataSED - DataSED - Dataset for Sound Event Detection of environmental noise/SED_wav/S-0162.wav,DataSED - DataSED - Dataset for Sound Event Detection of environmental noise/SED_wav/S-0162.wav,DataSED - DataSED - Dataset for Sound Event Detection of environmental noise/SED_wav/S-0162.npy,d60763be65db913202a01680296b4b330368cfe5c58bfb78f8715ddd7a9f3314,81c2238a081468b9414acd95699c425fb95b9ba45f06d3be09654078d6e52971,64,6421,e53cd56e0e9911d829bd978c3ca766f775d83d12ffb2ff77f051561f6be1cd0c
datased:DataSED - DataSED - Dataset for Sound Event Detection of environmental noise/SED_wav/S-0163.wav,DataSED - DataSED - Dataset for Sound Event Detection of environmental noise/SED_wav/S-0163.wav,DataSED - DataSED - Dataset for Sound Event Detection of environmental noise/SED_wav/S-0163.npy,c07744718819fe34dfefa1c7fab03c1b4d65c0c8c70749c2b8b1695e6e12398b,220514bdc6982932de4085884f914413107213d55e601800f28d1ac4d1a66ba3,64,5111,e53cd56e0e9911d829bd978c3ca766f775d83d12ffb2ff77f051561f6be1cd0c
datased:DataSED - DataSED - Dataset for Sound Event Detection of environmental noise/SED_wav/S-0164.wav,DataSED - DataSED - Dataset for Sound Event Detection of environmental noise/SED_wav/S-0164.wav,DataSED - DataSED - Dataset for Sound Event Detection of environmental noise/SED_wav/S-0164.npy,8035940af9bcdf816cd5a558ba48761cffb8a98da8bbb300782c6e44e8d98273,931bb2a0a06acd815ca5cae643fc2988e5365d24b1a82c022d83d5d2d1c18621,64,1433,e53cd56e0e9911d829bd978c3ca766f775d83d12ffb2ff77f051561f6be1cd0c
datased:DataSED - DataSED - Dataset for Sound Event Detection of environmental noise/SED_wav/S-0165.wav,DataSED - DataSED - Dataset for Sound Event Detection of environmental noise/SED_wav/S-0165.wav,DataSED - DataSED - Dataset for Sound Event Detection of environmental noise/SED_wav/S-0165.npy,0b262b1820bfc762579035789ddebbec76845fac69b2fb192940e2b547714c40,bee1fb11046f527a77893a0516db53bfaca09f1b836c73c118b10169139d08b3,64,8813,e53cd56e0e9911d829bd978c3ca766f775d83d12ffb2ff77f051561f6be1cd0c
datased:DataSED - DataSED - Dataset for Sound Event Detection of environmental noise/SED_wav/S-0166.wav,DataSED - DataSED - Dataset for Sound Event Detection of environmental noise/SED_wav/S-0166.wav,DataSED - DataSED - Dataset for Sound Event Detection of environmental noise/SED_wav/S-0166.npy,d6ebcf3574a996d262a469308a8cd18cf2b79aeae498ede06285d8262a4bf553,a231a5f7f4396285d34700e80b23c4d5ec77d7ee1da408470a9e532f649d61a9,64,5181,e53cd56e0e9911d829bd978c3ca766f775d83d12ffb2ff77f051561f6be1cd0c
datased:DataSED - DataSED - Dataset for Sound Event Detection of environmental noise/SED_wav/S-0167.wav,DataSED - DataSED - Dataset for Sound Event Detection of environmental noise/SED_wav/S-0167.wav,DataSED - DataSED - Dataset for Sound Event Detection of environmental noise/SED_wav/S-0167.npy,1397c2d48196e150ca9d781570fd33c705faac8d0615355bdb62703989ce7cab,d685a4d83efcd73a5f363551381b618e2bdfac3403112cd5812acc81ca87ac15,64,831,e53cd56e0e9911d829bd978c3ca766f775d83d12ffb2ff77f051561f6be1cd0c
datased:DataSED - DataSED - Dataset for Sound Event Detection of environmental noise/SED_wav/S-0168.wav,DataSED - DataSED - Dataset for Sound Event Detection of environmental noise/SED_wav/S-0168.wav,DataSED - DataSED - Dataset for Sound Event Detection of environmental noise/SED_wav/S-0168.npy,a41865bc296e87a6b6ae8a927cdd417a011c165f8658579f85083bba3de6dec5,f956586fdd48f60e4dfe6356bb471adc21848bf45fadcefb7e4cc7e820f512c1,64,2972,e53cd56e0e9911d829bd978c3ca766f775d83d12ffb2ff77f051561f6be1cd0c
datased:DataSED - DataSED - Dataset for Sound Event Detection of environmental noise/SED_wav/S-0169.wav,DataSED - DataSED - Dataset for Sound Event Detection of environmental noise/SED_wav/S-0169.wav,DataSED - DataSED - Dataset for Sound Event Detection of environmental noise/SED_wav/S-0169.npy,d2192a37e6a31ec4404817eda7db36f100a61e0ae086040e52042d6c0c502185,8421e5cb7e0f9efb48e35cc3814bec83fd6cf7b4f774498a96ca7697d782a0e1,64,1094,e53cd56e0e9911d829bd978c3ca766f775d83d12ffb2ff77f051561f6be1cd0c
datased:DataSED - DataSED - Dataset for Sound Event Detection of environmental noise/SED_wav/S-0170.wav,DataSED - DataSED - Dataset for Sound Event Detection of environmental noise/SED_wav/S-0170.wav,DataSED - DataSED - Dataset for Sound Event Detection of environmental noise/SED_wav/S-0170.npy,71227040011923bd2997281037e9fb4eed93261468273f9c058a801e02ba3c61,7377080e28a586c1dfd4b7a57e925bd62207a7b502ead689163833d265b45ffc,64,2322,e53cd56e0e9911d829bd978c3ca766f775d83d12ffb2ff77f051561f6be1cd0c
datased:DataSED - DataSED - Dataset for Sound Event Detection of environmental noise/SED_wav/S-0171.wav,DataSED - DataSED - Dataset for Sound Event Detection of environmental noise/SED_wav/S-0171.wav,DataSED - DataSED - Dataset for Sound Event Detection of environmental noise/SED_wav/S-0171.npy,b44299973e4d88e218b6ce014999c37792b13c8adb332806dc3dd8a66551dfb3,5bcca301b78cc51ebb6581ead0a1babb181a6dd2166fc861101463723a76443a,64,2754,e53cd56e0e9911d829bd978c3ca766f775d83d12ffb2ff77f051561f6be1cd0c
datased:DataSED - DataSED - Dataset for Sound Event Detection of environmental noise/SED_wav/S-0172.wav,DataSED - DataSED - Dataset for Sound Event Detection of environmental noise/SED_wav/S-0172.wav,DataSED - DataSED - Dataset for Sound Event Detection of environmental noise/SED_wav/S-0172.npy,9270a62b76544267146729d9943e43e9678eea00b5c91ca414bb28d81cd0c7f7,ffebad1835c54d188cad2d1d837b28ad38a2166a400dca1c492cdfbdf2676544,64,13172,e53cd56e0e9911d829bd978c3ca766f775d83d12ffb2ff77f051561f6be1cd0c
datased:DataSED - DataSED - Dataset for Sound Event Detection of environmental noise/SED_wav/S-0173.wav,DataSED - DataSED - Dataset for Sound Event Detection of environmental noise/SED_wav/S-0173.wav,DataSED - DataSED - Dataset for Sound Event Detection of environmental noise/SED_wav/S-0173.npy,b1886688d1bd656083d4e1d58e2af082fe3223c0539e0e45286d8411ecfeed33,cead47bb71011493a21319219884c37a04d9872a12f06cf1a83708ceddbd1719,64,2181,e53cd56e0e9911d829bd978c3ca766f775d83d12ffb2ff77f051561f6be1cd0c
datased:DataSED - DataSED - Dataset for Sound Event Detection of environmental noise/SED_wav/S-0174.wav,DataSED - DataSED - Dataset for Sound Event Detection of environmental noise/SED_wav/S-0174.wav,DataSED - DataSED - Dataset for Sound Event Detection of environmental noise/SED_wav/S-0174.npy,58089c940ded12fac8c2d895758d5e01c5391b63b0177a8b7dfb80f9b8903c0f,3d3fee41445fbf29f9ffd4269f4b9b5d43d497885ceddbed4f0d72eef7a25b57,64,2040,e53cd56e0e9911d829bd978c3ca766f775d83d12ffb2ff77f051561f6be1cd0c
datased:DataSED - DataSED - Dataset for Sound Event Detection of environmental noise/SED_wav/S-0175.wav,DataSED - DataSED - Dataset for Sound Event Detection of environmental noise/SED_wav/S-0175.wav,DataSED - DataSED - Dataset for Sound Event Detection of environmental noise/SED_wav/S-0175.npy,eec391055befcc86cbd22bb7629431aae77bd53b395b243de2269ab8afa38b83,ce687244367fa2ed694eb2180a63932a0d61fb356bbce20ef8a8675b67c3be9f,64,445,e53cd56e0e9911d829bd978c3ca766f775d83d12ffb2ff77f051561f6be1cd0c
datased:DataSED - DataSED - Dataset for Sound Event Detection of environmental noise/SED_wav/S-0176.wav,DataSED - DataSED - Dataset for Sound Event Detection of environmental noise/SED_wav/S-0176.wav,DataSED - DataSED - Dataset for Sound Event Detection of environmental noise/SED_wav/S-0176.npy,442919b63685e4d1af04ee7e00a10ecf78f4b6f8f2ffc33d83782b794834920a,0bca9eb1d37cb600d86424836a9f4dcfde006b2ad7ca2b9e65bce95e7b48d314,64,992,e53cd56e0e9911d829bd978c3ca766f775d83d12ffb2ff77f051561f6be1cd0c
datased:DataSED - DataSED - Dataset for Sound Event Detection of environmental noise/SED_wav/S-0177.wav,DataSED - DataSED - Dataset for Sound Event Detection of environmental noise/SED_wav/S-0177.wav,DataSED - DataSED - Dataset for Sound Event Detection of environmental noise/SED_wav/S-0177.npy,3e40e8e19c4c2c3c00c95780da9870440bf85a982fecd4a6dbf2e9f263dd3f66,a5854dfa310b7d0f3ced50d3a3e419f82ee93ead4159dd2c2e11251b022c098d,64,2869,e53cd56e0e9911d829bd978c3ca766f775d83d12ffb2ff77f051561f6be1cd0c
datased:DataSED - DataSED - Dataset for Sound Event Detection of environmental noise/SED_wav/S-0178.wav,DataSED - DataSED - Dataset for Sound Event Detection of environmental noise/SED_wav/S-0178.wav,DataSED - DataSED - Dataset for Sound Event Detection of environmental noise/SED_wav/S-0178.npy,3a444f8fec7ab5d915038740ee3962a0f72e26f2675e295fc3420461c3f836a2,48cf9856592f4550b1165f431c0e5b25ffc4b4407eee75146e81a816ff9f6a78,64,825,e53cd56e0e9911d829bd978c3ca766f775d83d12ffb2ff77f051561f6be1cd0c
datased:DataSED - DataSED - Dataset for Sound Event Detection of environmental noise/SED_wav/S-0179.wav,DataSED - DataSED - Dataset for Sound Event Detection of environmental noise/SED_wav/S-0179.wav,DataSED - DataSED - Dataset for Sound Event Detection of environmental noise/SED_wav/S-0179.npy,790b1e36fe2837213e69d3a787823fa9b5d4e4b6b99fb43591fa8d32783ea509,71c7ee70cae3b03f03350fa6feb97b1b3bb8e33981bbc8cf49b88131b833800a,64,3466,e53cd56e0e9911d829bd978c3ca766f775d83d12ffb2ff77f051561f6be1cd0c
datased:DataSED - DataSED - Dataset for Sound Event Detection of environmental noise/SED_wav/S-0180.wav,DataSED - DataSED - Dataset for Sound Event Detection of environmental noise/SED_wav/S-0180.wav,DataSED - DataSED - Dataset for Sound Event Detection of environmental noise/SED_wav/S-0180.npy,d0d08bb3a36a519ae4b596890e9c711132a2fdaed2fb02e691ec5bb1ae0a4dd6,21767a439405db60704629b315a59997ee3a20baa4a896ca37e45a4ab7e1bc54,64,676,e53cd56e0e9911d829bd978c3ca766f775d83d12ffb2ff77f051561f6be1cd0c
datased:DataSED - DataSED - Dataset for Sound Event Detection of environmental noise/SED_wav/S-0181.wav,DataSED - DataSED - Dataset for Sound Event Detection of environmental noise/SED_wav/S-0181.wav,DataSED - DataSED - Dataset for Sound Event Detection of environmental noise/SED_wav/S-0181.npy,ed8af300a2e8dac6f01199cf6d165134d1601d26bea6b41e59110ac249b9f8f2,5ea08fdc6d7e1878d496934c8494b741c3aad4110afa2a9eb2e5ab526acd6d08,64,741,e53cd56e0e9911d829bd978c3ca766f775d83d12ffb2ff77f051561f6be1cd0c
datased:DataSED - DataSED - Dataset for Sound Event Detection of environmental noise/SED_wav/S-0182.wav,DataSED - DataSED - Dataset for Sound Event Detection of environmental noise/SED_wav/S-0182.wav,DataSED - DataSED - Dataset for Sound Event Detection of environmental noise/SED_wav/S-0182.npy,9745ab3d98d822b44685c158a6ee0b4d2915b4aab5569f051cd8af9723e83b44,ba0c1ba7fd1680c33b0f9125c5e69de1a94d45182fe711b6a6326b9f881c5e53,64,4682,e53cd56e0e9911d829bd978c3ca766f775d83d12ffb2ff77f051561f6be1cd0c
datased:DataSED - DataSED - Dataset for Sound Event Detection of environmental noise/SED_wav/S-0183.wav,DataSED - DataSED - Dataset for Sound Event Detection of environmental noise/SED_wav/S-0183.wav,DataSED - DataSED - Dataset for Sound Event Detection of environmental noise/SED_wav/S-0183.npy,b9ea28b3cb28150c77f33c245f69ba9bc50a35460d72d2712b9aa5eb3500025f,9aa9dedf9fe55bfd8a775dabb05d21ec4297f93b00fa610ed1a97b3ee01b3a3a,64,12090,e53cd56e0e9911d829bd978c3ca766f775d83d12ffb2ff77f051561f6be1cd0c
datased:DataSED - DataSED - Dataset for Sound Event Detection of environmental noise/SED_wav/S-0184.wav,DataSED - DataSED - Dataset for Sound Event Detection of environmental noise/SED_wav/S-0184.wav,DataSED - DataSED - Dataset for Sound Event Detection of environmental noise/SED_wav/S-0184.npy,d496c388cf1a0822bc7d9e951caa4fcb156236ea47d0c8bdd4447c33ff34d52b,e77d8590bbd651fd1a454f52ccd258689e064dfd00e51d75cda4c720fd7fefd7,64,7987,e53cd56e0e9911d829bd978c3ca766f775d83d12ffb2ff77f051561f6be1cd0c
datased:DataSED - DataSED - Dataset for Sound Event Detection of environmental noise/SED_wav/S-0185.wav,DataSED - DataSED - Dataset for Sound Event Detection of environmental noise/SED_wav/S-0185.wav,DataSED - DataSED - Dataset for Sound Event Detection of environmental noise/SED_wav/S-0185.npy,6e25265b2fc8ef180ab0f5e9d43c377595d9c56374bb2bd81a162c566aa59890,3e596ae6ec13e0bef3b93881c1b2ca32f7de100f04d05512e6eb94d2765f1fda,64,6433,e53cd56e0e9911d829bd978c3ca766f775d83d12ffb2ff77f051561f6be1cd0c
datased:DataSED - DataSED - Dataset for Sound Event Detection of environmental noise/SED_wav/S-0186.wav,DataSED - DataSED - Dataset for Sound Event Detection of environmental noise/SED_wav/S-0186.wav,DataSED - DataSED - Dataset for Sound Event Detection of environmental noise/SED_wav/S-0186.npy,b6ba14a2dba5546fabcae76a9835c9d8989d8e02edbb9797e367bc81e57dbd4e,69c1be691ef1e7e102232352fddac77e6f088241bdd7c054229e5842d69b3f49,64,5729,e53cd56e0e9911d829bd978c3ca766f775d83d12ffb2ff77f051561f6be1cd0c
datased:DataSED - DataSED - Dataset for Sound Event Detection of environmental noise/SED_wav/S-0187.wav,DataSED - DataSED - Dataset for Sound Event Detection of environmental noise/SED_wav/S-0187.wav,DataSED - DataSED - Dataset for Sound Event Detection of environmental noise/SED_wav/S-0187.npy,c6559f360f1ecb01ecc0d089ef3d9d80eed73b6366e1779ab5a37ed69f4612f5,e8addc30e5e264130ca5b0c68008d03323b27006d2dd8065c41c7f960a60cb61,64,1444,e53cd56e0e9911d829bd978c3ca766f775d83d12ffb2ff77f051561f6be1cd0c
datased:DataSED - DataSED - Dataset for Sound Event Detection of environmental noise/SED_wav/S-0188.wav,DataSED - DataSED - Dataset for Sound Event Detection of environmental noise/SED_wav/S-0188.wav,DataSED - DataSED - Dataset for Sound Event Detection of environmental noise/SED_wav/S-0188.npy,cdeccd08784e2e3454469195cf62bed1e08045c46c2772e20240373b1b76639f,33de0d38a05bf22910a55edf791cf590b16fee88c67dd948f5ac7f7c9dce7558,64,1792,e53cd56e0e9911d829bd978c3ca766f775d83d12ffb2ff77f051561f6be1cd0c
datased:DataSED - DataSED - Dataset for Sound Event Detection of environmental noise/SED_wav/S-0189.wav,DataSED - DataSED - Dataset for Sound Event Detection of environmental noise/SED_wav/S-0189.wav,DataSED - DataSED - Dataset for Sound Event Detection of environmental noise/SED_wav/S-0189.npy,eba0397972bdff11a24a6db6637737e91d883576aa7e1315b4dba9c379532f1f,a5bb970eb9c6ed904e763ab49fbe9a11588472123176f7058e1213c64612fc6e,64,5173,e53cd56e0e9911d829bd978c3ca766f775d83d12ffb2ff77f051561f6be1cd0c
datased:DataSED - DataSED - Dataset for Sound Event Detection of environmental noise/SED_wav/S-0190.wav,DataSED - DataSED - Dataset for Sound Event Detection of environmental noise/SED_wav/S-0190.wav,DataSED - DataSED - Dataset for Sound Event Detection of environmental noise/SED_wav/S-0190.npy,e6e23929254e23730c8cc1cb9d1c8630d2a897c59eb47d9fdbff6fc8e57c8c44,154b5b48502639cf6a48a3716e1b826241cb6b80ecf2d1bbb3d75236a5a4a1e6,64,7436,e53cd56e0e9911d829bd978c3ca766f775d83d12ffb2ff77f051561f6be1cd0c
datased:DataSED - DataSED - Dataset for Sound Event Detection of environmental noise/SED_wav/S-0191.wav,DataSED - DataSED - Dataset for Sound Event Detection of environmental noise/SED_wav/S-0191.wav,DataSED - DataSED - Dataset for Sound Event Detection of environmental noise/SED_wav/S-0191.npy,30ecdc162a50fbd92ce1437cecef1b842fcb4d56b87228c82d0faa154175709e,78203e74916d29f127f3ab438b5ad8b4ef7396c0cbcebd0f20929fd4f7247f48,64,9786,e53cd56e0e9911d829bd978c3ca766f775d83d12ffb2ff77f051561f6be1cd0c
datased:DataSED - DataSED - Dataset for Sound Event Detection of environmental noise/SED_wav/S-0192.wav,DataSED - DataSED - Dataset for Sound Event Detection of environmental noise/SED_wav/S-0192.wav,DataSED - DataSED - Dataset for Sound Event Detection of environmental noise/SED_wav/S-0192.npy,314f8fd0751da4a8a06c54fca95f57dbc223973509db2dfb703a2c8f4bfacf48,26820ea3a919f6ce020e6a0698319c3816a260a20d32da91d50ee5426477a54c,64,7950,e53cd56e0e9911d829bd978c3ca766f775d83d12ffb2ff77f051561f6be1cd0c
datased:DataSED - DataSED - Dataset for Sound Event Detection of environmental noise/SED_wav/S-0193.wav,DataSED - DataSED - Dataset for Sound Event Detection of environmental noise/SED_wav/S-0193.wav,DataSED - DataSED - Dataset for Sound Event Detection of environmental noise/SED_wav/S-0193.npy,f7b02821eaf4ead5ba6a88e05372a8ab4ef560ddbd669b63a3a11af8ba65b14e,47e5374f1aa7a1b134d03edda8377a4171ed695a21dc0d2fc4ed7d970c53aba7,64,8354,e53cd56e0e9911d829bd978c3ca766f775d83d12ffb2ff77f051561f6be1cd0c
datased:DataSED - DataSED - Dataset for Sound Event Detection of environmental noise/SED_wav/S-0194.wav,DataSED - DataSED - Dataset for Sound Event Detection of environmental noise/SED_wav/S-0194.wav,DataSED - DataSED - Dataset for Sound Event Detection of environmental noise/SED_wav/S-0194.npy,2055da40f32d5f0d88ef9a168da692d1cd7fd2a43d86ff53a9f636de87d20763,473fced1603b98989e15ff774f69222fc4bd17b74bed36a45cef0d95cf872e25,64,8868,e53cd56e0e9911d829bd978c3ca766f775d83d12ffb2ff77f051561f6be1cd0c
datased:DataSED - DataSED - Dataset for Sound Event Detection of environmental noise/SED_wav/S-0195.wav,DataSED - DataSED - Dataset for Sound Event Detection of environmental noise/SED_wav/S-0195.wav,DataSED - DataSED - Dataset for Sound Event Detection of environmental noise/SED_wav/S-0195.npy,d9c203144a2fb8c92be6c91a79319aa8398239ec070f622b611624b5efd90147,d409c1509346a1bdd1b952627e05b0fa6b7e1074345aa58f518135ca0fa3c60c,64,4243,e53cd56e0e9911d829bd978c3ca766f775d83d12ffb2ff77f051561f6be1cd0c
datased:DataSED - DataSED - Dataset for Sound Event Detection of environmental noise/SED_wav/S-0196.wav,DataSED - DataSED - Dataset for Sound Event Detection of environmental noise/SED_wav/S-0196.wav,DataSED - DataSED - Dataset for Sound Event Detection of environmental noise/SED_wav/S-0196.npy,f5ac9e30b1d88da1ff6f1c3b7d6da0a4890ee121cb4cd5682e211d577d2aada9,2051214057a216506b371ee5bfbf5c69ff2e276bcfcf5bada779879204a95822,64,9345,e53cd56e0e9911d829bd978c3ca766f775d83d12ffb2ff77f051561f6be1cd0c
datased:DataSED - DataSED - Dataset for Sound Event Detection of environmental noise/SED_wav/S-0197.wav,DataSED - DataSED - Dataset for Sound Event Detection of environmental noise/SED_wav/S-0197.wav,DataSED - DataSED - Dataset for Sound Event Detection of environmental noise/SED_wav/S-0197.npy,9d0dea6b34bf19240e2681783b3189db42cc6afeb1459b569d9ae16f6732f270,06a44fa282166601fb1628959dc1b4c69612eb61831fa9e856bc133cb2406435,64,215,e53cd56e0e9911d829bd978c3ca766f775d83d12ffb2ff77f051561f6be1cd0c
datased:DataSED - DataSED - Dataset for Sound Event Detection of environmental noise/SED_wav/S-0198.wav,DataSED - DataSED - Dataset for Sound Event Detection of environmental noise/SED_wav/S-0198.wav,DataSED - DataSED - Dataset for Sound Event Detection of environmental noise/SED_wav/S-0198.npy,6b4c1ca8e649ac34346833a0a6d9511d591024bb1751dad4d58a2b11591c9872,59132e9553ae96eda879f3d9ac5a38de6d3d1c058f156fb63be74c54ecceb244,64,5693,e53cd56e0e9911d829bd978c3ca766f775d83d12ffb2ff77f051561f6be1cd0c
datased:DataSED - DataSED - Dataset for Sound Event Detection of environmental noise/SED_wav/S-0199.wav,DataSED - DataSED - Dataset for Sound Event Detection of environmental noise/SED_wav/S-0199.wav,DataSED - DataSED - Dataset for Sound Event Detection of environmental noise/SED_wav/S-0199.npy,0a310595d75337dcbe3610d444c24362296ad4bbcbfcff064600fb9a5f66e480,b6a2359407cfda502fb5d6d8e06bc65e1e95f19e340ce9baabaae1f8870fb288,64,868,e53cd56e0e9911d829bd978c3ca766f775d83d12ffb2ff77f051561f6be1cd0c
datased:DataSED - DataSED - Dataset for Sound Event Detection of environmental noise/SED_wav/S-0200.wav,DataSED - DataSED - Dataset for Sound Event Detection of environmental noise/SED_wav/S-0200.wav,DataSED - DataSED - Dataset for Sound Event Detection of environmental noise/SED_wav/S-0200.npy,a441cb2b2cd3cad90fb369ec0c4bbdfd17f433781ab436af01983765278bea32,e1e0b0fe245082c81e1165173faa6d086e603faab3b11c1f64d87151a3634a9a,64,579,e53cd56e0e9911d829bd978c3ca766f775d83d12ffb2ff77f051561f6be1cd0c
datased:DataSED - DataSED - Dataset for Sound Event Detection of environmental noise/SED_wav/S-0201.wav,DataSED - DataSED - Dataset for Sound Event Detection of environmental noise/SED_wav/S-0201.wav,DataSED - DataSED - Dataset for Sound Event Detection of environmental noise/SED_wav/S-0201.npy,c4be4c6b54d355793430b6d33c85e567703442b2f5b3755479710c7b6b77bf98,8f912ec27ad87db5feb43749340c41bbd3a728bd01d1e783b856fba991a8e26a,64,7393,e53cd56e0e9911d829bd978c3ca766f775d83d12ffb2ff77f051561f6be1cd0c
datased:DataSED - DataSED - Dataset for Sound Event Detection of environmental noise/SED_wav/S-0202.wav,DataSED - DataSED - Dataset for Sound Event Detection of environmental noise/SED_wav/S-0202.wav,DataSED - DataSED - Dataset for Sound Event Detection of environmental noise/SED_wav/S-0202.npy,251db8a0d3c29c6984127982ee87fde608855a88a59841100862acd75a5a7a00,69ba6818080e8e02414ca71565503d83f4e528dc3e6652ee92ff60a27fe39ed9,64,1491,e53cd56e0e9911d829bd978c3ca766f775d83d12ffb2ff77f051561f6be1cd0c
datased:DataSED - DataSED - Dataset for Sound Event Detection of environmental noise/SED_wav/S-0203.wav,DataSED - DataSED - Dataset for Sound Event Detection of environmental noise/SED_wav/S-0203.wav,DataSED - DataSED - Dataset for Sound Event Detection of environmental noise/SED_wav/S-0203.npy,8e013677a4e9fe545c3df15d1d2495b5474b9237122cb99efcce07fa5d450df3,bf07a99ac2d2b71bacb6cd03ea96da4f519386d6d33c993a1486261ca527497d,64,948,e53cd56e0e9911d829bd978c3ca766f775d83d12ffb2ff77f051561f6be1cd0c
datased:DataSED - DataSED - Dataset for Sound Event Detection of environmental noise/SED_wav/S-0204.wav,DataSED - DataSED - Dataset for Sound Event Detection of environmental noise/SED_wav/S-0204.wav,DataSED - DataSED - Dataset for Sound Event Detection of environmental noise/SED_wav/S-0204.npy,8a9a2d1dabdc9a968dac6fbd04bd1ac0e83ec5f63a5dda0efba33f289fd79458,09b42ce2b3a58ff57a6661e89050ab41242f4aea34aa4074b02b0e60fcf704eb,64,4609,e53cd56e0e9911d829bd978c3ca766f775d83d12ffb2ff77f051561f6be1cd0c
datased:DataSED - DataSED - Dataset for Sound Event Detection of environmental noise/SED_wav/S-0205.wav,DataSED - DataSED - Dataset for Sound Event Detection of environmental noise/SED_wav/S-0205.wav,DataSED - DataSED - Dataset for Sound Event Detection of environmental noise/SED_wav/S-0205.npy,d54da58290a5b0038ad94e5b7f41d22f3db67dd39f5cf407ec228fc86fc94a81,49875af581339831e528db6be9ba5756fabe68c7a1afcf6761f8f405f66b51ae,64,9979,e53cd56e0e9911d829bd978c3ca766f775d83d12ffb2ff77f051561f6be1cd0c
datased:DataSED - DataSED - Dataset for Sound Event Detection of environmental noise/SED_wav/S-0206.wav,DataSED - DataSED - Dataset for Sound Event Detection of environmental noise/SED_wav/S-0206.wav,DataSED - DataSED - Dataset for Sound Event Detection of environmental noise/SED_wav/S-0206.npy,14af423ae0ac1c40664d5b322075e2fd3dfcc6f5d1c31580cd2449c922cfa4a7,ff0228f5ce7aa44aec2eb308bac7632af0749d317aff0835ab46baada974bce2,64,3279,e53cd56e0e9911d829bd978c3ca766f775d83d12ffb2ff77f051561f6be1cd0c
datased:DataSED - DataSED - Dataset for Sound Event Detection of environmental noise/SED_wav/S-0207.wav,DataSED - DataSED - Dataset for Sound Event Detection of environmental noise/SED_wav/S-0207.wav,DataSED - DataSED - Dataset for Sound Event Detection of environmental noise/SED_wav/S-0207.npy,bd39b56aa2775905422654b15f2b85fafa34c02d767ff488176b0a0a9f292041,0480c0490d91bbe905d017ba98f7f225798b07d21c896092e5a9c7b4816a0849,64,960,e53cd56e0e9911d829bd978c3ca766f775d83d12ffb2ff77f051561f6be1cd0c
datased:DataSED - DataSED - Dataset for Sound Event Detection of environmental noise/SED_wav/S-0208.wav,DataSED - DataSED - Dataset for Sound Event Detection of environmental noise/SED_wav/S-0208.wav,DataSED - DataSED - Dataset for Sound Event Detection of environmental noise/SED_wav/S-0208.npy,0907d97e9e15b60e4bbf95f84157765606efe5fad52d8e491e049d65eb7859b2,fb1b9dff54d402550ef4009ee65532ea7257051f84dcc76d77dbb520ce89f29e,64,17628,e53cd56e0e9911d829bd978c3ca766f775d83d12ffb2ff77f051561f6be1cd0c
datased:DataSED - DataSED - Dataset for Sound Event Detection of environmental noise/SED_wav/S-0209.wav,DataSED - DataSED - Dataset for Sound Event Detection of environmental noise/SED_wav/S-0209.wav,DataSED - DataSED - Dataset for Sound Event Detection of environmental noise/SED_wav/S-0209.npy,31c3ccc5f9736a78cf501ae3dd2d66cd7e62782af627753eb195e17634e3c438,4ffd70bbde14a60796c3e7cc86549a4421939ed32e861397722227b6c8948630,64,4892,e53cd56e0e9911d829bd978c3ca766f775d83d12ffb2ff77f051561f6be1cd0c
datased:DataSED - DataSED - Dataset for Sound Event Detection of environmental noise/SED_wav/S-0210.wav,DataSED - DataSED - Dataset for Sound Event Detection of environmental noise/SED_wav/S-0210.wav,DataSED - DataSED - Dataset for Sound Event Detection of environmental noise/SED_wav/S-0210.npy,d2e01d3f001f40a0798e8fdc3e75a80bfe0df3589b9e69e296bec2d6af13554d,7ad643e9ee534e6b2f8cd5e673c65da9774ddbe89eb4851d91452408b9013509,64,2640,e53cd56e0e9911d829bd978c3ca766f775d83d12ffb2ff77f051561f6be1cd0c
datased:DataSED - DataSED - Dataset for Sound Event Detection of environmental noise/SED_wav/S-0211.wav,DataSED - DataSED - Dataset for Sound Event Detection of environmental noise/SED_wav/S-0211.wav,DataSED - DataSED - Dataset for Sound Event Detection of environmental noise/SED_wav/S-0211.npy,93e215bbba71bdb91fbf52cf0f99b203f3518fdba44bd493d92e14b6fc78b155,07613fd8b16622dd14f140bd00a7f07b5651352639324ff5bf0982b9f5b84397,64,660,e53cd56e0e9911d829bd978c3ca766f775d83d12ffb2ff77f051561f6be1cd0c
datased:DataSED - DataSED - Dataset for Sound Event Detection of environmental noise/SED_wav/S-0212.wav,DataSED - DataSED - Dataset for Sound Event Detection of environmental noise/SED_wav/S-0212.wav,DataSED - DataSED - Dataset for Sound Event Detection of environmental noise/SED_wav/S-0212.npy,9b3768bcc6b9651ee6859b720fc8fc81443accf0a7b713cdd777acc15b9ad3fa,f85192052df39b1d6cae15cb50c2d5d0e827cc38d36bb70edb8257b621d94703,64,1177,e53cd56e0e9911d829bd978c3ca766f775d83d12ffb2ff77f051561f6be1cd0c
datased:DataSED - DataSED - Dataset for Sound Event Detection of environmental noise/SED_wav/S-0213.wav,DataSED - DataSED - Dataset for Sound Event Detection of environmental noise/SED_wav/S-0213.wav,DataSED - DataSED - Dataset for Sound Event Detection of environmental noise/SED_wav/S-0213.npy,2ffe91d7139ee1f8e7f888645fd2b1f55b4a2471cf2fc197b2785db5930a41cd,7bf741b607d4aae9fa0961b85622c3ad37ad9d5fa58cfb3247450ef85c63d54b,64,2233,e53cd56e0e9911d829bd978c3ca766f775d83d12ffb2ff77f051561f6be1cd0c
datased:DataSED - DataSED - Dataset for Sound Event Detection of environmental noise/SED_wav/S-0214.wav,DataSED - DataSED - Dataset for Sound Event Detection of environmental noise/SED_wav/S-0214.wav,DataSED - DataSED - Dataset for Sound Event Detection of environmental noise/SED_wav/S-0214.npy,5dd8d740992439d92957b94ebde48411365dbf35da1418c8da8cad0564b7231d,c9b8d867bc0f7df4a6eea705b162007c7ed355ff0ffa0c5150ec3304180cfbe2,64,3900,e53cd56e0e9911d829bd978c3ca766f775d83d12ffb2ff77f051561f6be1cd0c
datased:DataSED - DataSED - Dataset for Sound Event Detection of environmental noise/SED_wav/S-0215.wav,DataSED - DataSED - Dataset for Sound Event Detection of environmental noise/SED_wav/S-0215.wav,DataSED - DataSED - Dataset for Sound Event Detection of environmental noise/SED_wav/S-0215.npy,2e67af98e556d16f75bb5e2064899b81537219b39e3b5fae6fca2e3a24358b05,8d6a9b456d3087cf23f389b3e0a50427b822ad332167d6aa66dc2df6d22fddac,64,1318,e53cd56e0e9911d829bd978c3ca766f775d83d12ffb2ff77f051561f6be1cd0c
datased:DataSED - DataSED - Dataset for Sound Event Detection of environmental noise/SED_wav/S-0216.wav,DataSED - DataSED - Dataset for Sound Event Detection of environmental noise/SED_wav/S-0216.wav,DataSED - DataSED - Dataset for Sound Event Detection of environmental noise/SED_wav/S-0216.npy,0c76ec5aadf32e94863733ba56779a966f6f1b5a296bc4ac98db72e467f8257b,62b4bc59a6a17e4e413e26a92a81beee12bea864a948f1704b11463f8564f711,64,1155,e53cd56e0e9911d829bd978c3ca766f775d83d12ffb2ff77f051561f6be1cd0c
datased:DataSED - DataSED - Dataset for Sound Event Detection of environmental noise/SED_wav/S-0217.wav,DataSED - DataSED - Dataset for Sound Event Detection of environmental noise/SED_wav/S-0217.wav,DataSED - DataSED - Dataset for Sound Event Detection of environmental noise/SED_wav/S-0217.npy,ad840c37bbe241dd13ccb4ffeedcb3718994a26fed61705e7635261ae3d967f0,f171326a60b99186fb66118e74b90f5c80da23cf5e648e0c131e48e471b6f70c,64,1656,e53cd56e0e9911d829bd978c3ca766f775d83d12ffb2ff77f051561f6be1cd0c
datased:DataSED - DataSED - Dataset for Sound Event Detection of environmental noise/SED_wav/S-0218.wav,DataSED - DataSED - Dataset for Sound Event Detection of environmental noise/SED_wav/S-0218.wav,DataSED - DataSED - Dataset for Sound Event Detection of environmental noise/SED_wav/S-0218.npy,c4247af32dbad46c28a1fbba731b9a2adb0c2497c07f3ec11f95ef83a245383a,273e0bc5fceba1a9f836e0066fd77163eeef93075aaff934b32d6df31141579e,64,1652,e53cd56e0e9911d829bd978c3ca766f775d83d12ffb2ff77f051561f6be1cd0c
datased:DataSED - DataSED - Dataset for Sound Event Detection of environmental noise/SED_wav/S-0219.wav,DataSED - DataSED - Dataset for Sound Event Detection of environmental noise/SED_wav/S-0219.wav,DataSED - DataSED - Dataset for Sound Event Detection of environmental noise/SED_wav/S-0219.npy,27f245d481036a20ba424f7922dce182358b96a51545f25ada51c8bb27b630c3,35c7f7442ff4482029bcaa48e72497a54c0c4ba529a732ac4021755756617c13,64,1351,e53cd56e0e9911d829bd978c3ca766f775d83d12ffb2ff77f051561f6be1cd0c
datased:DataSED - DataSED - Dataset for Sound Event Detection of environmental noise/SED_wav/S-0220.wav,DataSED - DataSED - Dataset for Sound Event Detection of environmental noise/SED_wav/S-0220.wav,DataSED - DataSED - Dataset for Sound Event Detection of environmental noise/SED_wav/S-0220.npy,47ffb6adbe9003f877ac94e19c8697d3baa3890c30350adae4545db33cdaed90,d36edbd68a68a44fe96346798195735dfb3b701a487f3ddbdbfb79ac3f7af5e9,64,1071,e53cd56e0e9911d829bd978c3ca766f775d83d12ffb2ff77f051561f6be1cd0c
datased:DataSED - DataSED - Dataset for Sound Event Detection of environmental noise/SED_wav/S-0221.wav,DataSED - DataSED - Dataset for Sound Event Detection of environmental noise/SED_wav/S-0221.wav,DataSED - DataSED - Dataset for Sound Event Detection of environmental noise/SED_wav/S-0221.npy,7f15040c07af5380aa492611ab6dd6eba54ed0ab32686a408a541ead4e2a9666,e62150267caa70e368e749ddde34ee9eed5390fd0910b34d19fee784a032d0ee,64,2161,e53cd56e0e9911d829bd978c3ca766f775d83d12ffb2ff77f051561f6be1cd0c
datased:DataSED - DataSED - Dataset for Sound Event Detection of environmental noise/SED_wav/S-0222.wav,DataSED - DataSED - Dataset for Sound Event Detection of environmental noise/SED_wav/S-0222.wav,DataSED - DataSED - Dataset for Sound Event Detection of environmental noise/SED_wav/S-0222.npy,79c5b04c642f293e2d6609d4f6bf1fc9a2df3b007dea3be54b66e817ccb86cb5,22301e0e1d9f64b99820dcc3605774c29f99a517be5695dea5b96ff6e253bddb,64,2684,e53cd56e0e9911d829bd978c3ca766f775d83d12ffb2ff77f051561f6be1cd0c
datased:DataSED - DataSED - Dataset for Sound Event Detection of environmental noise/SED_wav/S-0223.wav,DataSED - DataSED - Dataset for Sound Event Detection of environmental noise/SED_wav/S-0223.wav,DataSED - DataSED - Dataset for Sound Event Detection of environmental noise/SED_wav/S-0223.npy,4526ee22458af14d0b743b6e4f4161d523df7b130567168df099161bb5b6fe42,ec668f1969bab3b83116eb39bad5f356ca18a2acc30b43b8627698eeef6a60d4,64,3533,e53cd56e0e9911d829bd978c3ca766f775d83d12ffb2ff77f051561f6be1cd0c
datased:DataSED - DataSED - Dataset for Sound Event Detection of environmental noise/SED_wav/S-0224.wav,DataSED - DataSED - Dataset for Sound Event Detection of environmental noise/SED_wav/S-0224.wav,DataSED - DataSED - Dataset for Sound Event Detection of environmental noise/SED_wav/S-0224.npy,c9d61d514316af65cc423da24ac48b038345f3766e537a1239f2d174912f2104,3118be061ea1af3704865046427efcffc4befa3dc2872566fd854a1fef304158,64,4382,e53cd56e0e9911d829bd978c3ca766f775d83d12ffb2ff77f051561f6be1cd0c
datased:DataSED - DataSED - Dataset for Sound Event Detection of environmental noise/SED_wav/S-0225.wav,DataSED - DataSED - Dataset for Sound Event Detection of environmental noise/SED_wav/S-0225.wav,DataSED - DataSED - Dataset for Sound Event Detection of environmental noise/SED_wav/S-0225.npy,0dca909d4f8ab6b60cf6c3685ceefaf9eb9b6163e4ed848abe250dd9c8b694c3,482606d633f7431afedc1b454f2bf7fe8ccc2bd0754b4dd49ec1cbb94387e915,64,3379,e53cd56e0e9911d829bd978c3ca766f775d83d12ffb2ff77f051561f6be1cd0c
datased:DataSED - DataSED - Dataset for Sound Event Detection of environmental noise/SED_wav/S-0226.wav,DataSED - DataSED - Dataset for Sound Event Detection of environmental noise/SED_wav/S-0226.wav,DataSED - DataSED - Dataset for Sound Event Detection of environmental noise/SED_wav/S-0226.npy,1eaf5a5ea4622bdad5002b186ba7bdf74b8894662ba9a4ece0dcb5c22ae2ea38,3f3b915c1910b3c493b52790ea7d18c56e66b704457427ff7d4e09c32c8a7988,64,3076,e53cd56e0e9911d829bd978c3ca766f775d83d12ffb2ff77f051561f6be1cd0c
datased:DataSED - DataSED - Dataset for Sound Event Detection of environmental noise/SED_wav/S-0227.wav,DataSED - DataSED - Dataset for Sound Event Detection of environmental noise/SED_wav/S-0227.wav,DataSED - DataSED - Dataset for Sound Event Detection of environmental noise/SED_wav/S-0227.npy,3091ddf4078afaf3815e45676eea36025fddaedc5053112a52cff4ef1bbbb55a,a61eca2503bfc3478ba04cd90ec53b8b622527020695a9036e64009e328e0f23,64,5300,e53cd56e0e9911d829bd978c3ca766f775d83d12ffb2ff77f051561f6be1cd0c
datased:DataSED - DataSED - Dataset for Sound Event Detection of environmental noise/SED_wav/S-0228.wav,DataSED - DataSED - Dataset for Sound Event Detection of environmental noise/SED_wav/S-0228.wav,DataSED - DataSED - Dataset for Sound Event Detection of environmental noise/SED_wav/S-0228.npy,09f52a78ac0220655a4b236b649305b329d9c76ea4bf10fb18aecb5ec899002f,e7fd3e06178aa68803d07103fac5cdbb6534f7b79aad153ad3b20bfa210098b3,64,2239,e53cd56e0e9911d829bd978c3ca766f775d83d12ffb2ff77f051561f6be1cd0c
datased:DataSED - DataSED - Dataset for Sound Event Detection of environmental noise/SED_wav/S-0229.wav,DataSED - DataSED - Dataset for Sound Event Detection of environmental noise/SED_wav/S-0229.wav,DataSED - DataSED - Dataset for Sound Event Detection of environmental noise/SED_wav/S-0229.npy,84d518510f5c93865e2c1e2eaa506b4ceb79d29bd56fc461aa7702e34d770c78,63ee9cfa34a8cd84b1bae16b386bd2a75384f8fe5e0bfe2a562e11c1ccf58626,64,2456,e53cd56e0e9911d829bd978c3ca766f775d83d12ffb2ff77f051561f6be1cd0c
datased:DataSED - DataSED - Dataset for Sound Event Detection of environmental noise/SED_wav/S-0230.wav,DataSED - DataSED - Dataset for Sound Event Detection of environmental noise/SED_wav/S-0230.wav,DataSED - DataSED - Dataset for Sound Event Detection of environmental noise/SED_wav/S-0230.npy,a146209545f0642f55486147bf480b502224c97dc10bf859755b9059bbaf9aea,4bd2ea0bd75164f890b623d49cb15fe5b9e3b57fb212859e826a9f7240258fdd,64,2318,e53cd56e0e9911d829bd978c3ca766f775d83d12ffb2ff77f051561f6be1cd0c
datased:DataSED - DataSED - Dataset for Sound Event Detection of environmental noise/SED_wav/S-0231.wav,DataSED - DataSED - Dataset for Sound Event Detection of environmental noise/SED_wav/S-0231.wav,DataSED - DataSED - Dataset for Sound Event Detection of environmental noise/SED_wav/S-0231.npy,c23ca9b3cba3675ff249f61c5819f063d96553145357eae0d756ebcf2953803f,5150ef113f15128390180baf2e043d2e32b6637c7d4a37f056098dcd88736d6b,64,899,e53cd56e0e9911d829bd978c3ca766f775d83d12ffb2ff77f051561f6be1cd0c
datased:DataSED - DataSED - Dataset for Sound Event Detection of environmental noise/SED_wav/S-0232.wav,DataSED - DataSED - Dataset for Sound Event Detection of environmental noise/SED_wav/S-0232.wav,DataSED - DataSED - Dataset for Sound Event Detection of environmental noise/SED_wav/S-0232.npy,48fa0981f062fa990f1098e118a7eb8cd47eae7d160a3c9a0768bafb7f30de21,d5998dc75b67eedb07ddd22ba52b2045fd9603ae220ab4c488d9a8b91f883236,64,1511,e53cd56e0e9911d829bd978c3ca766f775d83d12ffb2ff77f051561f6be1cd0c
datased:DataSED - DataSED - Dataset for Sound Event Detection of environmental noise/SED_wav/S-0233.wav,DataSED - DataSED - Dataset for Sound Event Detection of environmental noise/SED_wav/S-0233.wav,DataSED - DataSED - Dataset for Sound Event Detection of environmental noise/SED_wav/S-0233.npy,8af42e3f5501357eb146bbebf2cca4046b32298aed2984ec09aaeb2501ef2c5b,ba48ff918229aea75343eb61b3e12dae9dfdedc44fea125efbb629267cefef77,64,1751,e53cd56e0e9911d829bd978c3ca766f775d83d12ffb2ff77f051561f6be1cd0c
datased:DataSED - DataSED - Dataset for Sound Event Detection of environmental noise/SED_wav/S-0234.wav,DataSED - DataSED - Dataset for Sound Event Detection of environmental noise/SED_wav/S-0234.wav,DataSED - DataSED - Dataset for Sound Event Detection of environmental noise/SED_wav/S-0234.npy,bc900e91737f31e18b3040a71fd852fe236be94ab0031fd749e1cb1fe3b0d759,842a57c68a363ba30e41ce9f4c844c56ca89d0da96cea025bb74ec3e020c8044,64,824,e53cd56e0e9911d829bd978c3ca766f775d83d12ffb2ff77f051561f6be1cd0c
datased:DataSED - DataSED - Dataset for Sound Event Detection of environmental noise/SED_wav/S-0235.wav,DataSED - DataSED - Dataset for Sound Event Detection of environmental noise/SED_wav/S-0235.wav,DataSED - DataSED - Dataset for Sound Event Detection of environmental noise/SED_wav/S-0235.npy,36c67efa7f37cfeb656caf946a83f4394529ad5999ade710f7cff55f6d7650e7,fb571bbe5ae492dc4180a0f62c57e605a6cdcb50b56f94ba793f9a1ab03e02f5,64,1201,e53cd56e0e9911d829bd978c3ca766f775d83d12ffb2ff77f051561f6be1cd0c
datased:DataSED - DataSED - Dataset for Sound Event Detection of environmental noise/SED_wav/S-0236.wav,DataSED - DataSED - Dataset for Sound Event Detection of environmental noise/SED_wav/S-0236.wav,DataSED - DataSED - Dataset for Sound Event Detection of environmental noise/SED_wav/S-0236.npy,9a384a0b756149bb713c99c725124e959a7cdcd603d85ebb4c36930dcc8da34f,6b596406ea1546474ebd7951f9e124ccef63f5a1339244e34d225b9c2d00e85b,64,1801,e53cd56e0e9911d829bd978c3ca766f775d83d12ffb2ff77f051561f6be1cd0c
datased:DataSED - DataSED - Dataset for Sound Event Detection of environmental noise/SED_wav/S-0237.wav,DataSED - DataSED - Dataset for Sound Event Detection of environmental noise/SED_wav/S-0237.wav,DataSED - DataSED - Dataset for Sound Event Detection of environmental noise/SED_wav/S-0237.npy,59af864e601b646f63377b5f8b53cf34f5a2d23f8e353e354024e82aaec12a45,1ea3f8287e963ee50126c14bff1a9bcd2141b600dcfdd629549af81a03a57ea3,64,1501,e53cd56e0e9911d829bd978c3ca766f775d83d12ffb2ff77f051561f6be1cd0c
datased:DataSED - DataSED - Dataset for Sound Event Detection of environmental noise/SED_wav/S-0238.wav,DataSED - DataSED - Dataset for Sound Event Detection of environmental noise/SED_wav/S-0238.wav,DataSED - DataSED - Dataset for Sound Event Detection of environmental noise/SED_wav/S-0238.npy,5c282d50ae6f6bc0c8fdd3df0430e7a43a3dd98f27d0b628941e0b4b079c13af,4debba4747c8162dc7143a6fc9455dfaee5b5f72dce8cb73abedd8fb85a7f4ee,64,3133,e53cd56e0e9911d829bd978c3ca766f775d83d12ffb2ff77f051561f6be1cd0c
datased:DataSED - DataSED - Dataset for Sound Event Detection of environmental noise/SED_wav/S-0239.wav,DataSED - DataSED - Dataset for Sound Event Detection of environmental noise/SED_wav/S-0239.wav,DataSED - DataSED - Dataset for Sound Event Detection of environmental noise/SED_wav/S-0239.npy,97d2105039c2aa097126097ee2f635530e9968895d005dfcc57b327111396855,35e7f7eb55e3048a678b5ef17162a60e2f45dd2b4d59c9ef2bfc693541703619,64,12101,e53cd56e0e9911d829bd978c3ca766f775d83d12ffb2ff77f051561f6be1cd0c
datased:DataSED - DataSED - Dataset for Sound Event Detection of environmental noise/SED_wav/S-0240.wav,DataSED - DataSED - Dataset for Sound Event Detection of environmental noise/SED_wav/S-0240.wav,DataSED - DataSED - Dataset for Sound Event Detection of environmental noise/SED_wav/S-0240.npy,ade692aaae4cddb8271135844e913b0a4d732b0006cc86648d5c18ff9ab9f1a4,822d3ed2ce5d00f9ad8100b54f4f471d2f2b9f47c07dee6af0106fc9c921b075,64,2642,e53cd56e0e9911d829bd978c3ca766f775d83d12ffb2ff77f051561f6be1cd0c
datased:DataSED - DataSED - Dataset for Sound Event Detection of environmental noise/SED_wav/S-0241.wav,DataSED - DataSED - Dataset for Sound Event Detection of environmental noise/SED_wav/S-0241.wav,DataSED - DataSED - Dataset for Sound Event Detection of environmental noise/SED_wav/S-0241.npy,ea701c27959f90778f520fb4b5a162de54fa756e675cb5770fec00189e5c48aa,5ea054a71efbf4f415e574ea4934c6059c75b1b0339f3661956a1751f2e6594f,64,1216,e53cd56e0e9911d829bd978c3ca766f775d83d12ffb2ff77f051561f6be1cd0c
datased:DataSED - DataSED - Dataset for Sound Event Detection of environmental noise/SED_wav/S-0242.wav,DataSED - DataSED - Dataset for Sound Event Detection of environmental noise/SED_wav/S-0242.wav,DataSED - DataSED - Dataset for Sound Event Detection of environmental noise/SED_wav/S-0242.npy,4d8989cd64c2d3919a06836b455b26b31c554488abca153473d95ec22a6ca85b,dca3328b2481c2865f20e6587534afb60a4ec631243f524ff838285e354738e2,64,1326,e53cd56e0e9911d829bd978c3ca766f775d83d12ffb2ff77f051561f6be1cd0c
datased:DataSED - DataSED - Dataset for Sound Event Detection of environmental noise/SED_wav/S-0243.wav,DataSED - DataSED - Dataset for Sound Event Detection of environmental noise/SED_wav/S-0243.wav,DataSED - DataSED - Dataset for Sound Event Detection of environmental noise/SED_wav/S-0243.npy,5a600ddced56b9dafcf8d451c2eaa82807b5f6ef55555c01f519265ea5c8eab1,b1f134088b66a84ff6d95431d44faa73a34abc323e06acf254b12ad3697f0b14,64,12380,e53cd56e0e9911d829bd978c3ca766f775d83d12ffb2ff77f051561f6be1cd0c
datased:DataSED - DataSED - Dataset for Sound Event Detection of environmental noise/SED_wav/S-0244.wav,DataSED - DataSED - Dataset for Sound Event Detection of environmental noise/SED_wav/S-0244.wav,DataSED - DataSED - Dataset for Sound Event Detection of environmental noise/SED_wav/S-0244.npy,95daf00c60c9a9a6747f1299cd0baf37f0db79a0c1be915b6492bf2d7e4514f6,572a9e4b1c3c6149a5acee816fce73f33c1a0f08d3901b821c02d50d3956d547,64,7534,e53cd56e0e9911d829bd978c3ca766f775d83d12ffb2ff77f051561f6be1cd0c
datased:DataSED - DataSED - Dataset for Sound Event Detection of environmental noise/SED_wav/S-0245.wav,DataSED - DataSED - Dataset for Sound Event Detection of environmental noise/SED_wav/S-0245.wav,DataSED - DataSED - Dataset for Sound Event Detection of environmental noise/SED_wav/S-0245.npy,d5275b750745247d73725904f7007e2f7d7d4a09e57c99f972cd314c0738213f,a372ce29ea67bfb714469b36f0f444800625aeed6a61c253da579a0be9dcbbcf,64,2405,e53cd56e0e9911d829bd978c3ca766f775d83d12ffb2ff77f051561f6be1cd0c
datased:DataSED - DataSED - Dataset for Sound Event Detection of environmental noise/SED_wav/S-0246.wav,DataSED - DataSED - Dataset for Sound Event Detection of environmental noise/SED_wav/S-0246.wav,DataSED - DataSED - Dataset for Sound Event Detection of environmental noise/SED_wav/S-0246.npy,3a8128b2b0f6a277aaefa90736f0d8e492e9c6a49db114ca0d13b28f3faa0659,3bb0e695a0c364f42ba666d4919f011415ded386a5cb0f17f110b7cb2de28713,64,760,e53cd56e0e9911d829bd978c3ca766f775d83d12ffb2ff77f051561f6be1cd0c
datased:DataSED - DataSED - Dataset for Sound Event Detection of environmental noise/SED_wav/S-0247.wav,DataSED - DataSED - Dataset for Sound Event Detection of environmental noise/SED_wav/S-0247.wav,DataSED - DataSED - Dataset for Sound Event Detection of environmental noise/SED_wav/S-0247.npy,5ee1b819113115782462c4d7007692641787ad2ad9d054b3d55861d6a24d6a38,859bb464d20f69b6f1210a3b79750bfa5dc3be825895989de882c12a069146a3,64,2675,e53cd56e0e9911d829bd978c3ca766f775d83d12ffb2ff77f051561f6be1cd0c
datased:DataSED - DataSED - Dataset for Sound Event Detection of environmental noise/SED_wav/S-0248.wav,DataSED - DataSED - Dataset for Sound Event Detection of environmental noise/SED_wav/S-0248.wav,DataSED - DataSED - Dataset for Sound Event Detection of environmental noise/SED_wav/S-0248.npy,3849aa217731336e92a5d928d25fde504186b5cc1fb91acca3df81222eae8a4b,31dc0e9bb027c9a393c28065ddb39b04506ffa8418fd79097bbc6e6856fb0776,64,3049,e53cd56e0e9911d829bd978c3ca766f775d83d12ffb2ff77f051561f6be1cd0c
datased:DataSED - DataSED - Dataset for Sound Event Detection of environmental noise/SED_wav/S-0249.wav,DataSED - DataSED - Dataset for Sound Event Detection of environmental noise/SED_wav/S-0249.wav,DataSED - DataSED - Dataset for Sound Event Detection of environmental noise/SED_wav/S-0249.npy,96eb544c17f08ab44dd886c347609608cc41b0ff9ed1b688e4d6588303c4dd46,d2a6a64553effa56e5fd71d9f387d4b3bc59c81a5acd8301e30b2958dbc34a62,64,631,e53cd56e0e9911d829bd978c3ca766f775d83d12ffb2ff77f051561f6be1cd0c
datased:DataSED - DataSED - Dataset for Sound Event Detection of environmental noise/SED_wav/S-0250.wav,DataSED - DataSED - Dataset for Sound Event Detection of environmental noise/SED_wav/S-0250.wav,DataSED - DataSED - Dataset for Sound Event Detection of environmental noise/SED_wav/S-0250.npy,c2f6b73a88f2b666806862b30a96552bc5976183f39095863c9ce8363e198419,9242b3b75ce4b869f2f58c516d56000ebbd7e9cb8f22369096e2822d731dcca4,64,3338,e53cd56e0e9911d829bd978c3ca766f775d83d12ffb2ff77f051561f6be1cd0c
datased:DataSED - DataSED - Dataset for Sound Event Detection of environmental noise/SED_wav/S-0251.wav,DataSED - DataSED - Dataset for Sound Event Detection of environmental noise/SED_wav/S-0251.wav,DataSED - DataSED - Dataset for Sound Event Detection of environmental noise/SED_wav/S-0251.npy,37c1262bb9528257935ec58610bca2f0decf9352468881675b5f0640c9dfd22e,342c7bb131a9a429f13203c4834eaa69ab15a9751120be2831e376a57bce8a71,64,801,e53cd56e0e9911d829bd978c3ca766f775d83d12ffb2ff77f051561f6be1cd0c
datased:DataSED - DataSED - Dataset for Sound Event Detection of environmental noise/SED_wav/S-0252.wav,DataSED - DataSED - Dataset for Sound Event Detection of environmental noise/SED_wav/S-0252.wav,DataSED - DataSED - Dataset for Sound Event Detection of environmental noise/SED_wav/S-0252.npy,0bc019f83b298a3e2f3834fb3580c7fe9b4c8b9932ebb85205713be24c626245,b4cf2a7cf096101841f1bbd4b5bd981a6d431b8fdfec40dca3b97feb99734c4b,64,1025,e53cd56e0e9911d829bd978c3ca766f775d83d12ffb2ff77f051561f6be1cd0c
datased:DataSED - DataSED - Dataset for Sound Event Detection of environmental noise/SED_wav/S-0253.wav,DataSED - DataSED - Dataset for Sound Event Detection of environmental noise/SED_wav/S-0253.wav,DataSED - DataSED - Dataset for Sound Event Detection of environmental noise/SED_wav/S-0253.npy,f6748c6016f944794a0a9cc10dbc3895b0a627f2413f31101bf9064d36ee75fd,8f553d4a1819a6351a9569967e76b9331ebbb78aaab4537ce946556b84496264,64,2265,e53cd56e0e9911d829bd978c3ca766f775d83d12ffb2ff77f051561f6be1cd0c
datased:DataSED - DataSED - Dataset for Sound Event Detection of environmental noise/SED_wav/S-0254.wav,DataSED - DataSED - Dataset for Sound Event Detection of environmental noise/SED_wav/S-0254.wav,DataSED - DataSED - Dataset for Sound Event Detection of environmental noise/SED_wav/S-0254.npy,9e6966e6f9a89f4d31dffb8c640e7b75ad437cdfc585ff18ada3d33474ce3928,24434d02c77ff558ac7a0e07cc3f5e9622fedcbdf27fd37c1abba5fc11d12fcd,64,2179,e53cd56e0e9911d829bd978c3ca766f775d83d12ffb2ff77f051561f6be1cd0c
datased:DataSED - DataSED - Dataset for Sound Event Detection of environmental noise/SED_wav/S-0255.wav,DataSED - DataSED - Dataset for Sound Event Detection of environmental noise/SED_wav/S-0255.wav,DataSED - DataSED - Dataset for Sound Event Detection of environmental noise/SED_wav/S-0255.npy,6dcdb5563b80f5dcd56a449a68d5e1182174be40e1b6787559935b1f98ecd26c,376c7484ba77138981b70feb327059bfa1a3201576631685ca8259d74f3fd397,64,2229,e53cd56e0e9911d829bd978c3ca766f775d83d12ffb2ff77f051561f6be1cd0c
datased:DataSED - DataSED - Dataset for Sound Event Detection of environmental noise/SED_wav/S-0256.wav,DataSED - DataSED - Dataset for Sound Event Detection of environmental noise/SED_wav/S-0256.wav,DataSED - DataSED - Dataset for Sound Event Detection of environmental noise/SED_wav/S-0256.npy,11b8a8493bb461551706678c5b278fd29574b077318fc30df07c07627b729074,277a4c1fd1e6a83f7b0ef16e5e44464d71d933294974358fc92c49e86295c668,64,2156,e53cd56e0e9911d829bd978c3ca766f775d83d12ffb2ff77f051561f6be1cd0c
datased:DataSED - DataSED - Dataset for Sound Event Detection of environmental noise/SED_wav/S-0257.wav,DataSED - DataSED - Dataset for Sound Event Detection of environmental noise/SED_wav/S-0257.wav,DataSED - DataSED - Dataset for Sound Event Detection of environmental noise/SED_wav/S-0257.npy,f1ee790c9ff455c4eb1a4539603534331fa4b60a97ba4912d8701d22b1e7e4bc,6a70e78c7e302c2a6e46ad587395a42aa4c70abbeb2c87c2579ca1f335d667bf,64,2346,e53cd56e0e9911d829bd978c3ca766f775d83d12ffb2ff77f051561f6be1cd0c
datased:DataSED - DataSED - Dataset for Sound Event Detection of environmental noise/SED_wav/S-0258.wav,DataSED - DataSED - Dataset for Sound Event Detection of environmental noise/SED_wav/S-0258.wav,DataSED - DataSED - Dataset for Sound Event Detection of environmental noise/SED_wav/S-0258.npy,a4ffe9033b0d984286f7a0ba050cd541f65ca181e2843fb8510c5f857959631a,74524674ca43f4d61f56c961fdcc2e4ee93a30484e7c1fd5f8b26fd2212db263,64,7853,e53cd56e0e9911d829bd978c3ca766f775d83d12ffb2ff77f051561f6be1cd0c
datased:DataSED - DataSED - Dataset for Sound Event Detection of environmental noise/SED_wav/S-0259.wav,DataSED - DataSED - Dataset for Sound Event Detection of environmental noise/SED_wav/S-0259.wav,DataSED - DataSED - Dataset for Sound Event Detection of environmental noise/SED_wav/S-0259.npy,5b5e304c12af2543a5107bd34f09db25c9cb672d3a370a903b60330359e76ebd,9825bdae7a322f3c9a0bc0267b90c232a5eaa7c795466ec790d8e2c7fec3bddd,64,2347,e53cd56e0e9911d829bd978c3ca766f775d83d12ffb2ff77f051561f6be1cd0c
datased:DataSED - DataSED - Dataset for Sound Event Detection of environmental noise/SED_wav/S-0260.wav,DataSED - DataSED - Dataset for Sound Event Detection of environmental noise/SED_wav/S-0260.wav,DataSED - DataSED - Dataset for Sound Event Detection of environmental noise/SED_wav/S-0260.npy,9ebd24ef581d9a3606a8ff57beb195af99a79a4b3ec0680da19179e3f9ca3a24,3dea963bc1d1f32936c8ca466df028b510cc74d909b211a6aa34dff0b2c28696,64,888,e53cd56e0e9911d829bd978c3ca766f775d83d12ffb2ff77f051561f6be1cd0c
datased:DataSED - DataSED - Dataset for Sound Event Detection of environmental noise/SED_wav/S-0261.wav,DataSED - DataSED - Dataset for Sound Event Detection of environmental noise/SED_wav/S-0261.wav,DataSED - DataSED - Dataset for Sound Event Detection of environmental noise/SED_wav/S-0261.npy,0b31b56c2ff21e30698ad5b9d577d80858fe83f996c5f8e57c9fec6ff8f5c73d,0a8c0319f49f17738a4d6fc2843f9edfbf9c9a0ae639db5d81ddeaae3678169b,64,2906,e53cd56e0e9911d829bd978c3ca766f775d83d12ffb2ff77f051561f6be1cd0c
datased:DataSED - DataSED - Dataset for Sound Event Detection of environmental noise/SED_wav/S-0262.wav,DataSED - DataSED - Dataset for Sound Event Detection of environmental noise/SED_wav/S-0262.wav,DataSED - DataSED - Dataset for Sound Event Detection of environmental noise/SED_wav/S-0262.npy,cc2b053c9937cb03e7b4ef74595d89bd362f25e0bc6b6b0b312a2f3bd7b1cc95,363583801f4eb4ed3295caa435e14c13800519633417bc00d52976a7cd8d7363,64,1902,e53cd56e0e9911d829bd978c3ca766f775d83d12ffb2ff77f051561f6be1cd0c
datased:DataSED - DataSED - Dataset for Sound Event Detection of environmental noise/SED_wav/S-0263.wav,DataSED - DataSED - Dataset for Sound Event Detection of environmental noise/SED_wav/S-0263.wav,DataSED - DataSED - Dataset for Sound Event Detection of environmental noise/SED_wav/S-0263.npy,1f4527ed4dd08c54aa98710fc7f6d9de5c5d80fefbb034ec373aed9e60212aa0,deeee1ab35fe11e30118f0083c0970a361661e07de74e143e78acf82fb11beec,64,929,e53cd56e0e9911d829bd978c3ca766f775d83d12ffb2ff77f051561f6be1cd0c
datased:DataSED - DataSED - Dataset for Sound Event Detection of environmental noise/SED_wav/S-0264.wav,DataSED - DataSED - Dataset for Sound Event Detection of environmental noise/SED_wav/S-0264.wav,DataSED - DataSED - Dataset for Sound Event Detection of environmental noise/SED_wav/S-0264.npy,4cee9feb1abefb61131513ff09aa32833bbce8bb9396c16b68e95995ebf4b1a1,411d4e909c11a26e21c5b2cfec4a7ba7245f21d63806d89277e6d19a51a1321d,64,1241,e53cd56e0e9911d829bd978c3ca766f775d83d12ffb2ff77f051561f6be1cd0c
datased:DataSED - DataSED - Dataset for Sound Event Detection of environmental noise/SED_wav/S-0265.wav,DataSED - DataSED - Dataset for Sound Event Detection of environmental noise/SED_wav/S-0265.wav,DataSED - DataSED - Dataset for Sound Event Detection of environmental noise/SED_wav/S-0265.npy,167cc08f434b87521350378abf826c5bef5d4dbb07d4f904a00f7455e7047c35,549c89de09e6f12bf761abedef49f0e259b79c922e148f95ce4fa81a78bebf5b,64,4386,e53cd56e0e9911d829bd978c3ca766f775d83d12ffb2ff77f051561f6be1cd0c
datased:DataSED - DataSED - Dataset for Sound Event Detection of environmental noise/SED_wav/S-0266.wav,DataSED - DataSED - Dataset for Sound Event Detection of environmental noise/SED_wav/S-0266.wav,DataSED - DataSED - Dataset for Sound Event Detection of environmental noise/SED_wav/S-0266.npy,7f32f6dfb3f0b6fb8d9d4bbcecea45dc3f979115d6bf920a853368b73bcc104d,4cc0fe6d16c676ffb83c6725e8ca91902680535c1bf6cc8a4f101a6ae5f195f5,64,2326,e53cd56e0e9911d829bd978c3ca766f775d83d12ffb2ff77f051561f6be1cd0c
datased:DataSED - DataSED - Dataset for Sound Event Detection of environmental noise/SED_wav/S-0267.wav,DataSED - DataSED - Dataset for Sound Event Detection of environmental noise/SED_wav/S-0267.wav,DataSED - DataSED - Dataset for Sound Event Detection of environmental noise/SED_wav/S-0267.npy,1a59988cc55d385cf0aae2ea188eea07d15b4b3b3b21605bd94b70cca10417da,da35122ff479c8702a48a5118814b6a69efe79ac6d29287f7347d287966627e3,64,4225,e53cd56e0e9911d829bd978c3ca766f775d83d12ffb2ff77f051561f6be1cd0c
datased:DataSED - DataSED - Dataset for Sound Event Detection of environmental noise/SED_wav/S-0268.wav,DataSED - DataSED - Dataset for Sound Event Detection of environmental noise/SED_wav/S-0268.wav,DataSED - DataSED - Dataset for Sound Event Detection of environmental noise/SED_wav/S-0268.npy,76b29e6bcb9a11a81bea0de626f12d17788c519c9c6465a518c9e5a892c72d21,c2cba7d8e261c822d8487942f351ab22711928669ed937d81daa827fec6b2d5c,64,895,e53cd56e0e9911d829bd978c3ca766f775d83d12ffb2ff77f051561f6be1cd0c
datased:DataSED - DataSED - Dataset for Sound Event Detection of environmental noise/SED_wav/S-0269.wav,DataSED - DataSED - Dataset for Sound Event Detection of environmental noise/SED_wav/S-0269.wav,DataSED - DataSED - Dataset for Sound Event Detection of environmental noise/SED_wav/S-0269.npy,777488ea6bbd29e415bdeb5bd61187b3d95928253bcc614ac7dd347f96749811,2b77c7e6307516a377937eeab0bd33f48ef06a79a2c2ea12adc40c2a722f8d33,64,2638,e53cd56e0e9911d829bd978c3ca766f775d83d12ffb2ff77f051561f6be1cd0c
datased:DataSED - DataSED - Dataset for Sound Event Detection of environmental noise/SED_wav/S-0270.wav,DataSED - DataSED - Dataset for Sound Event Detection of environmental noise/SED_wav/S-0270.wav,DataSED - DataSED - Dataset for Sound Event Detection of environmental noise/SED_wav/S-0270.npy,cf092ba9d3ab89687a92381f8fd4349315e4f463e34c6af3608da5711e234f72,5fd6babc4cccb10a560f448de1c02943c7306bd133beaf4101e5621a6bbd0cde,64,1571,e53cd56e0e9911d829bd978c3ca766f775d83d12ffb2ff77f051561f6be1cd0c
datased:DataSED - DataSED - Dataset for Sound Event Detection of environmental noise/SED_wav/S-0271.wav,DataSED - DataSED - Dataset for Sound Event Detection of environmental noise/SED_wav/S-0271.wav,DataSED - DataSED - Dataset for Sound Event Detection of environmental noise/SED_wav/S-0271.npy,00c27dd1e5a2ef5555d1e99f54c270530fc453e38ebf270e4a5cde80be2747eb,3fbd5fc5c1d0bc70a0dfc8e27058c7e385493d2a7458a525799c6271db25c5af,64,383,e53cd56e0e9911d829bd978c3ca766f775d83d12ffb2ff77f051561f6be1cd0c
datased:DataSED - DataSED - Dataset for Sound Event Detection of environmental noise/SED_wav/S-0272.wav,DataSED - DataSED - Dataset for Sound Event Detection of environmental noise/SED_wav/S-0272.wav,DataSED - DataSED - Dataset for Sound Event Detection of environmental noise/SED_wav/S-0272.npy,8bd080cb663ce486493d45e80155190618c205843548cccf576474a1edac23fa,32be999bd43945e005fcdc0ba5284a7e17885df10fbf85bbc34c506979d396d0,64,2579,e53cd56e0e9911d829bd978c3ca766f775d83d12ffb2ff77f051561f6be1cd0c
datased:DataSED - DataSED - Dataset for Sound Event Detection of environmental noise/SED_wav/S-0273.wav,DataSED - DataSED - Dataset for Sound Event Detection of environmental noise/SED_wav/S-0273.wav,DataSED - DataSED - Dataset for Sound Event Detection of environmental noise/SED_wav/S-0273.npy,8a6a0f1e9a831d2b6d598734fcf50c594023f70a7fc3ee02dad989b846a20078,767ed51a0e2c3c7acf2f1d966bf438e88d9befa054fb5704477cdafbe03f7ce1,64,1611,e53cd56e0e9911d829bd978c3ca766f775d83d12ffb2ff77f051561f6be1cd0c
datased:DataSED - DataSED - Dataset for Sound Event Detection of environmental noise/SED_wav/S-0274.wav,DataSED - DataSED - Dataset for Sound Event Detection of environmental noise/SED_wav/S-0274.wav,DataSED - DataSED - Dataset for Sound Event Detection of environmental noise/SED_wav/S-0274.npy,aac9c8f9acfb9515792bcd0165328a34893c10fa0378618d234757a381e3f0ef,27de199637d22750ffb707e1e173cfbb72a5432cf7a736e4210a44b6b1bc7043,64,963,e53cd56e0e9911d829bd978c3ca766f775d83d12ffb2ff77f051561f6be1cd0c
datased:DataSED - DataSED - Dataset for Sound Event Detection of environmental noise/SED_wav/S-0275.wav,DataSED - DataSED - Dataset for Sound Event Detection of environmental noise/SED_wav/S-0275.wav,DataSED - DataSED - Dataset for Sound Event Detection of environmental noise/SED_wav/S-0275.npy,1ffe53dd4d414b86dc528a0691082b6a7b77f8fc4b3d46a1d419b9041b27a938,eea45a98315c5ac3b9173a3404af4f49ed2dbd96ec4128918e004bfca7c2c6ed,64,5705,e53cd56e0e9911d829bd978c3ca766f775d83d12ffb2ff77f051561f6be1cd0c
datased:DataSED - DataSED - Dataset for Sound Event Detection of environmental noise/SED_wav/S-0276.wav,DataSED - DataSED - Dataset for Sound Event Detection of environmental noise/SED_wav/S-0276.wav,DataSED - DataSED - Dataset for Sound Event Detection of environmental noise/SED_wav/S-0276.npy,3394a2430f4dcf671fde626def5034453d4cc303781f8b3f2a723426c352ecc7,af7b92ba0391e8daa06fb865f5ab7afbe7e89074aaaf1c5f5b81ca3b879eb674,64,1067,e53cd56e0e9911d829bd978c3ca766f775d83d12ffb2ff77f051561f6be1cd0c
datased:DataSED - DataSED - Dataset for Sound Event Detection of environmental noise/SED_wav/S-0277.wav,DataSED - DataSED - Dataset for Sound Event Detection of environmental noise/SED_wav/S-0277.wav,DataSED - DataSED - Dataset for Sound Event Detection of environmental noise/SED_wav/S-0277.npy,82d914f4fb7e66bbb6d34e575fb13bc7a9ad780a58efc835443bad494367b18a,e68bd9f59051eb06d08bb158bedbc66999ba6cb63596a46d0d8d5c227870db5e,64,1116,e53cd56e0e9911d829bd978c3ca766f775d83d12ffb2ff77f051561f6be1cd0c
datased:DataSED - DataSED - Dataset for Sound Event Detection of environmental noise/SED_wav/S-0278.wav,DataSED - DataSED - Dataset for Sound Event Detection of environmental noise/SED_wav/S-0278.wav,DataSED - DataSED - Dataset for Sound Event Detection of environmental noise/SED_wav/S-0278.npy,e4b520952a591dadebb6e8457628cf181ef464e245660ed3331a665a2aa7d54b,a295acacf3c44ac3d108a182ed005056500b5f920c0ac77ec4c3f3c1556e01ed,64,458,e53cd56e0e9911d829bd978c3ca766f775d83d12ffb2ff77f051561f6be1cd0c
datased:DataSED - DataSED - Dataset for Sound Event Detection of environmental noise/SED_wav/S-0279.wav,DataSED - DataSED - Dataset for Sound Event Detection of environmental noise/SED_wav/S-0279.wav,DataSED - DataSED - Dataset for Sound Event Detection of environmental noise/SED_wav/S-0279.npy,238da825b8e2d5213a64dfaa6e0f68c1955cf59e89946e4afbbcf746fc08e88c,a7fb9498a992b134ad25e4548223cab4447cbd145ab444d2ac43fb1cb0069df5,64,9131,e53cd56e0e9911d829bd978c3ca766f775d83d12ffb2ff77f051561f6be1cd0c
datased:DataSED - DataSED - Dataset for Sound Event Detection of environmental noise/SED_wav/S-0280.wav,DataSED - DataSED - Dataset for Sound Event Detection of environmental noise/SED_wav/S-0280.wav,DataSED - DataSED - Dataset for Sound Event Detection of environmental noise/SED_wav/S-0280.npy,fd75c9d010dcc3b2dfe2704cc536984067a7e12b64bafddf19063c9f02fa31aa,063e01cefcf59fc35b708f5c776124ae843d6a4be0d7c7a09cd065242f9a7ece,64,2915,e53cd56e0e9911d829bd978c3ca766f775d83d12ffb2ff77f051561f6be1cd0c
datased:DataSED - DataSED - Dataset for Sound Event Detection of environmental noise/SED_wav/S-0281.wav,DataSED - DataSED - Dataset for Sound Event Detection of environmental noise/SED_wav/S-0281.wav,DataSED - DataSED - Dataset for Sound Event Detection of environmental noise/SED_wav/S-0281.npy,f180f1fee82d84caecaae201a1a55181ae5f0f2ced4d6a070347240331acf2e8,cb2a6402223c2dbb9aa600cde8d4bf94119d01c15fc9097b799ce7798870d562,64,1559,e53cd56e0e9911d829bd978c3ca766f775d83d12ffb2ff77f051561f6be1cd0c
datased:DataSED - DataSED - Dataset for Sound Event Detection of environmental noise/SED_wav/S-0282.wav,DataSED - DataSED - Dataset for Sound Event Detection of environmental noise/SED_wav/S-0282.wav,DataSED - DataSED - Dataset for Sound Event Detection of environmental noise/SED_wav/S-0282.npy,e408259a5df7ecd7eaa0cc0eba595340423a018ba6991f056e010b0f0b9c061f,ab65a4b2456a1cdb6ceb48728792e0b066a08c703a123ccc99b299a9041d8151,64,4156,e53cd56e0e9911d829bd978c3ca766f775d83d12ffb2ff77f051561f6be1cd0c
datased:DataSED - DataSED - Dataset for Sound Event Detection of environmental noise/SED_wav/S-0283.wav,DataSED - DataSED - Dataset for Sound Event Detection of environmental noise/SED_wav/S-0283.wav,DataSED - DataSED - Dataset for Sound Event Detection of environmental noise/SED_wav/S-0283.npy,17846e43365aa546e8bd2bab4817532627a10a3d1b0660b62cb3dc7fe55455fc,7188a7aebb9923e3823120cc59e778400065c596be164c10fc9f11506a75e018,64,2272,e53cd56e0e9911d829bd978c3ca766f775d83d12ffb2ff77f051561f6be1cd0c
datased:DataSED - DataSED - Dataset for Sound Event Detection of environmental noise/SED_wav/S-0284.wav,DataSED - DataSED - Dataset for Sound Event Detection of environmental noise/SED_wav/S-0284.wav,DataSED - DataSED - Dataset for Sound Event Detection of environmental noise/SED_wav/S-0284.npy,2470544fd5a839779b2b04cdabf9bceb41b5a6a958629742dede1f171c0a618b,7cd707e4295b62815f34decef74e2ba42a41e0921c7c63fe9701aeb7bb4b72e0,64,645,e53cd56e0e9911d829bd978c3ca766f775d83d12ffb2ff77f051561f6be1cd0c
datased:DataSED - DataSED - Dataset for Sound Event Detection of environmental noise/SED_wav/S-0285.wav,DataSED - DataSED - Dataset for Sound Event Detection of environmental noise/SED_wav/S-0285.wav,DataSED - DataSED - Dataset for Sound Event Detection of environmental noise/SED_wav/S-0285.npy,1d6639db4ed4280aeae1c2a2c379b7df9eb54e2cf1abcbcabd6a678408256c56,510e57fda9c25f2c503198639d6885241fbeb590056129295dce73f5b699aae3,64,5382,e53cd56e0e9911d829bd978c3ca766f775d83d12ffb2ff77f051561f6be1cd0c
datased:DataSED - DataSED - Dataset for Sound Event Detection of environmental noise/SED_wav/S-0286.wav,DataSED - DataSED - Dataset for Sound Event Detection of environmental noise/SED_wav/S-0286.wav,DataSED - DataSED - Dataset for Sound Event Detection of environmental noise/SED_wav/S-0286.npy,a642f591440d7c0b5fb184b22d64085897ef4db296289d7dc98ba5df3fa61d58,4a7c6f59b5ac5e5d3a7d26c262a324a6209a0f15cb29346e2b0cd98a098aee7c,64,3428,e53cd56e0e9911d829bd978c3ca766f775d83d12ffb2ff77f051561f6be1cd0c
datased:DataSED - DataSED - Dataset for Sound Event Detection of environmental noise/SED_wav/S-0287.wav,DataSED - DataSED - Dataset for Sound Event Detection of environmental noise/SED_wav/S-0287.wav,DataSED - DataSED - Dataset for Sound Event Detection of environmental noise/SED_wav/S-0287.npy,2ba14fcd644e33c381e2764e6d3248b2abe4d76e4401590957991b43ba0539a6,36929239d0096ef837cb0e948b51ac0f94c35b8746d2a9da6d69352fcb5739c7,64,2382,e53cd56e0e9911d829bd978c3ca766f775d83d12ffb2ff77f051561f6be1cd0c
datased:DataSED - DataSED - Dataset for Sound Event Detection of environmental noise/SED_wav/S-0288.wav,DataSED - DataSED - Dataset for Sound Event Detection of environmental noise/SED_wav/S-0288.wav,DataSED - DataSED - Dataset for Sound Event Detection of environmental noise/SED_wav/S-0288.npy,d7b7171c2b058a9abf5bcef3f40de292ca2c3d962064ffaaa3c3670c39e01e34,f6345fee5d1d583fe0dc6af31abe31afbe9a365a814b304f9c275281bb55da8d,64,1937,e53cd56e0e9911d829bd978c3ca766f775d83d12ffb2ff77f051561f6be1cd0c
datased:DataSED - DataSED - Dataset for Sound Event Detection of environmental noise/SED_wav/S-0289.wav,DataSED - DataSED - Dataset for Sound Event Detection of environmental noise/SED_wav/S-0289.wav,DataSED - DataSED - Dataset for Sound Event Detection of environmental noise/SED_wav/S-0289.npy,8eb18dc80b6519e85d79eb8be9b72233b9cfbb4a724685869abccbef997ec886,26697a773b5501dafcba1708cc3aefd09aa86a937d384df8953627f69b613718,64,5028,e53cd56e0e9911d829bd978c3ca766f775d83d12ffb2ff77f051561f6be1cd0c
datased:DataSED - DataSED - Dataset for Sound Event Detection of environmental noise/SED_wav/S-0290.wav,DataSED - DataSED - Dataset for Sound Event Detection of environmental noise/SED_wav/S-0290.wav,DataSED - DataSED - Dataset for Sound Event Detection of environmental noise/SED_wav/S-0290.npy,c227e6acb468a4ac28bad88d81dce089b0bc6336bb421eff5eb1f3e6cf5c039f,cc23f851ab33bc6711a41fadeecd66975f7757928cc9459216f2cd9012b51ab3,64,2059,e53cd56e0e9911d829bd978c3ca766f775d83d12ffb2ff77f051561f6be1cd0c
datased:DataSED - DataSED - Dataset for Sound Event Detection of environmental noise/SED_wav/S-0291.wav,DataSED - DataSED - Dataset for Sound Event Detection of environmental noise/SED_wav/S-0291.wav,DataSED - DataSED - Dataset for Sound Event Detection of environmental noise/SED_wav/S-0291.npy,84e2acf2a9b382b6dced14880d5ae7ec7bf063045dc301e6f338f06464a13d3d,8a941f0a906fdd2e0ae09bc7ecb8d59697db54925a3323a9f23c72985578814d,64,1918,e53cd56e0e9911d829bd978c3ca766f775d83d12ffb2ff77f051561f6be1cd0c
datased:DataSED - DataSED - Dataset for Sound Event Detection of environmental noise/SED_wav/S-0292.wav,DataSED - DataSED - Dataset for Sound Event Detection of environmental noise/SED_wav/S-0292.wav,DataSED - DataSED - Dataset for Sound Event Detection of environmental noise/SED_wav/S-0292.npy,0aec4a812039bc37e1defaf29c8f85d0a863cb4c044f08cd2a8a378e897af314,ccfd61965fb931ab9060b49ddb3d5783e5cebab0f0aceadde450e99fe4dfc508,64,6067,e53cd56e0e9911d829bd978c3ca766f775d83d12ffb2ff77f051561f6be1cd0c
datased:DataSED - DataSED - Dataset for Sound Event Detection of environmental noise/SED_wav/S-0293.wav,DataSED - DataSED - Dataset for Sound Event Detection of environmental noise/SED_wav/S-0293.wav,DataSED - DataSED - Dataset for Sound Event Detection of environmental noise/SED_wav/S-0293.npy,fdf69cdd6ab4aa8e70a5c8981f98088732759c47a8ed449c8c268c0568bee6fa,26b92f3029e2a00cc502b0e2f44bf6f8fd5c6ed2bd82cd50effcef5e95d5e83f,64,7898,e53cd56e0e9911d829bd978c3ca766f775d83d12ffb2ff77f051561f6be1cd0c
datased:DataSED - DataSED - Dataset for Sound Event Detection of environmental noise/SED_wav/S-0294.wav,DataSED - DataSED - Dataset for Sound Event Detection of environmental noise/SED_wav/S-0294.wav,DataSED - DataSED - Dataset for Sound Event Detection of environmental noise/SED_wav/S-0294.npy,268ed11dc845d2db10188648b169e0659f28eb6a3f1f94cbd14c33a828be0fdd,2d4dde9c86f9c7d0d2d3b52c08c156d5f3e18ea0106f816d1bc8fe698626d5d4,64,5941,e53cd56e0e9911d829bd978c3ca766f775d83d12ffb2ff77f051561f6be1cd0c
datased:DataSED - DataSED - Dataset for Sound Event Detection of environmental noise/SED_wav/S-0295.wav,DataSED - DataSED - Dataset for Sound Event Detection of environmental noise/SED_wav/S-0295.wav,DataSED - DataSED - Dataset for Sound Event Detection of environmental noise/SED_wav/S-0295.npy,1ededcecb85fb79debe26df22a07e6b7b466c7541efcc8dbd7ef4d4e5b841675,0144357b44c13ae7a7e8b54ae7a8693eb1b027ec57e44a23aed993dc9e42eadf,64,18563,e53cd56e0e9911d829bd978c3ca766f775d83d12ffb2ff77f051561f6be1cd0c
datased:DataSED - DataSED - Dataset for Sound Event Detection of environmental noise/SED_wav/S-0296.wav,DataSED - DataSED - Dataset for Sound Event Detection of environmental noise/SED_wav/S-0296.wav,DataSED - DataSED - Dataset for Sound Event Detection of environmental noise/SED_wav/S-0296.npy,836d15c5afab6aeab932cc264069e4efdfb87174e291856e7ac92c9bc9fbb3a7,715b0ed3d1ccdd7630044119c60589488a3ba1dcb3c5a105ca8254817ffa9051,64,7966,e53cd56e0e9911d829bd978c3ca766f775d83d12ffb2ff77f051561f6be1cd0c
datased:DataSED - DataSED - Dataset for Sound Event Detection of environmental noise/SED_wav/S-0297.wav,DataSED - DataSED - Dataset for Sound Event Detection of environmental noise/SED_wav/S-0297.wav,DataSED - DataSED - Dataset for Sound Event Detection of environmental noise/SED_wav/S-0297.npy,b2e197949889b132b755298eb44fa36a55020895ad57699f17f6c4de62e83735,bda544521bc269c200ccc7a810699d6da92d2ec36829d07125ee5d89cbfbf014,64,1439,e53cd56e0e9911d829bd978c3ca766f775d83d12ffb2ff77f051561f6be1cd0c
datased:DataSED - DataSED - Dataset for Sound Event Detection of environmental noise/SED_wav/S-0298.wav,DataSED - DataSED - Dataset for Sound Event Detection of environmental noise/SED_wav/S-0298.wav,DataSED - DataSED - Dataset for Sound Event Detection of environmental noise/SED_wav/S-0298.npy,59557937c7112b2fa85abb838e518c626e564fbd7456e6f7c3a9d48ebaf88870,4382035ae86233e624e3d52f4b58606892f53ee610de932be7f2f8e8a25eb41a,64,12807,e53cd56e0e9911d829bd978c3ca766f775d83d12ffb2ff77f051561f6be1cd0c
datased:DataSED - DataSED - Dataset for Sound Event Detection of environmental noise/SED_wav/S-0299.wav,DataSED - DataSED - Dataset for Sound Event Detection of environmental noise/SED_wav/S-0299.wav,DataSED - DataSED - Dataset for Sound Event Detection of environmental noise/SED_wav/S-0299.npy,8c606c10601c80b1f468c29a5fbc6e07ebf4e13b39fa5a8f77cdd58f5f09b699,4606bb1834132bd459137331956eff02a17607dc409935874105fff4ac6a3133,64,6200,e53cd56e0e9911d829bd978c3ca766f775d83d12ffb2ff77f051561f6be1cd0c
datased:DataSED - DataSED - Dataset for Sound Event Detection of environmental noise/SED_wav/S-0300.wav,DataSED - DataSED - Dataset for Sound Event Detection of environmental noise/SED_wav/S-0300.wav,DataSED - DataSED - Dataset for Sound Event Detection of environmental noise/SED_wav/S-0300.npy,6c50f3db862e068b6ee256ff78adbe4e1ce24c893b78d567d56d263704cf03d8,27c2d1b20e5eb9c65c67b2817d0065225c950f988443b0f96f728b1cc695e50b,64,3621,e53cd56e0e9911d829bd978c3ca766f775d83d12ffb2ff77f051561f6be1cd0c
datased:DataSED - DataSED - Dataset for Sound Event Detection of environmental noise/SED_wav/S-0301.wav,DataSED - DataSED - Dataset for Sound Event Detection of environmental noise/SED_wav/S-0301.wav,DataSED - DataSED - Dataset for Sound Event Detection of environmental noise/SED_wav/S-0301.npy,26a6526406c87ff04285ef9f28398960dde947a8f8fef09b79e14e34926dc1d8,c36da0c5efa6ae60045bf9b1136a508314bf3c7de6567871852984479720c54a,64,8444,e53cd56e0e9911d829bd978c3ca766f775d83d12ffb2ff77f051561f6be1cd0c
datased:DataSED - DataSED - Dataset for Sound Event Detection of environmental noise/SED_wav/S-0302.wav,DataSED - DataSED - Dataset for Sound Event Detection of environmental noise/SED_wav/S-0302.wav,DataSED - DataSED - Dataset for Sound Event Detection of environmental noise/SED_wav/S-0302.npy,e53aa8418be640cb8e994c507daf9138966c160868c5c1cde8fcc62e4d2c6443,328a6859dfd1a2384d1d6a876b50f0e9ce8b60f581cb61432dc2dde22076e18a,64,1126,e53cd56e0e9911d829bd978c3ca766f775d83d12ffb2ff77f051561f6be1cd0c
datased:DataSED - DataSED - Dataset for Sound Event Detection of environmental noise/SED_wav/S-0303.wav,DataSED - DataSED - Dataset for Sound Event Detection of environmental noise/SED_wav/S-0303.wav,DataSED - DataSED - Dataset for Sound Event Detection of environmental noise/SED_wav/S-0303.npy,924ab5c3a9d5fe78f0d7306d433257820f2048cd094620b4c157edfa1fbb0a73,f689293a62177e22490a9604518baccd5ef01f685a73c62b5e38fc638ef6496e,64,9783,e53cd56e0e9911d829bd978c3ca766f775d83d12ffb2ff77f051561f6be1cd0c
datased:DataSED - DataSED - Dataset for Sound Event Detection of environmental noise/SED_wav/S-0304.wav,DataSED - DataSED - Dataset for Sound Event Detection of environmental noise/SED_wav/S-0304.wav,DataSED - DataSED - Dataset for Sound Event Detection of environmental noise/SED_wav/S-0304.npy,f8c070031d802ce627d88deb08e6ba68e5c6bfc4292063d27ba1897cc2e84012,8695bc3ffde8be71545a92b6ff1cbef9ecf10d368cd29c756ba117e1ab3e687a,64,4269,e53cd56e0e9911d829bd978c3ca766f775d83d12ffb2ff77f051561f6be1cd0c
datased:DataSED - DataSED - Dataset for Sound Event Detection of environmental noise/SED_wav/S-0305.wav,DataSED - DataSED - Dataset for Sound Event Detection of environmental noise/SED_wav/S-0305.wav,DataSED - DataSED - Dataset for Sound Event Detection of environmental noise/SED_wav/S-0305.npy,200e2f39febaf5d97fca390f0ae956f7d4567e5a699770c08083d69d4e62908e,985ffc0738a267aba40f142acbf87a25c416cdeb5c60659e17dd9cbd874ccd13,64,13354,e53cd56e0e9911d829bd978c3ca766f775d83d12ffb2ff77f051561f6be1cd0c
datased:DataSED - DataSED - Dataset for Sound Event Detection of environmental noise/SED_wav/S-0306.wav,DataSED - DataSED - Dataset for Sound Event Detection of environmental noise/SED_wav/S-0306.wav,DataSED - DataSED - Dataset for Sound Event Detection of environmental noise/SED_wav/S-0306.npy,3375bcfea5ee6fb1e5f3fe7414fbfc967057e32be906e5a28a01594c383e0fca,991d5261733a622d93852f5c9a81e6aff4871bf107031e92e3a59abbdd3ca03b,64,886,e53cd56e0e9911d829bd978c3ca766f775d83d12ffb2ff77f051561f6be1cd0c
datased:DataSED - DataSED - Dataset for Sound Event Detection of environmental noise/SED_wav/S-0307.wav,DataSED - DataSED - Dataset for Sound Event Detection of environmental noise/SED_wav/S-0307.wav,DataSED - DataSED - Dataset for Sound Event Detection of environmental noise/SED_wav/S-0307.npy,2bc012d13a79a87b167d2c883ac7ab0352d74743c45e5b1998a6de980f1343ac,e38cc3f7b782232b69f03c344cc7c69a1a2f8da94a1aef97d2a25ab8d6ad126d,64,4605,e53cd56e0e9911d829bd978c3ca766f775d83d12ffb2ff77f051561f6be1cd0c
datased:DataSED - DataSED - Dataset for Sound Event Detection of environmental noise/SED_wav/S-0308.wav,DataSED - DataSED - Dataset for Sound Event Detection of environmental noise/SED_wav/S-0308.wav,DataSED - DataSED - Dataset for Sound Event Detection of environmental noise/SED_wav/S-0308.npy,9c954e344f3f7d94d1fc4e3ce784ac86333ea142653c04fec080d932ea0f08b2,a7f1802bed07980b0e82735b0d401332a6def9e7300f472d2eda8601939e6c0d,64,2655,e53cd56e0e9911d829bd978c3ca766f775d83d12ffb2ff77f051561f6be1cd0c
datased:DataSED - DataSED - Dataset for Sound Event Detection of environmental noise/SED_wav/S-0309.wav,DataSED - DataSED - Dataset for Sound Event Detection of environmental noise/SED_wav/S-0309.wav,DataSED - DataSED - Dataset for Sound Event Detection of environmental noise/SED_wav/S-0309.npy,c2c115c572352258500a167bde52638056264aaf8251c572aecb750fe172cc5d,6ca18137dd2e570e3c983993b3db752f55b7ca2266a3cb03303245475724761a,64,412,e53cd56e0e9911d829bd978c3ca766f775d83d12ffb2ff77f051561f6be1cd0c
datased:DataSED - DataSED - Dataset for Sound Event Detection of environmental noise/SED_wav/S-0310.wav,DataSED - DataSED - Dataset for Sound Event Detection of environmental noise/SED_wav/S-0310.wav,DataSED - DataSED - Dataset for Sound Event Detection of environmental noise/SED_wav/S-0310.npy,ee56efb21952072d0c9669714c74f23ec259ae898ca83546a4a226bcee0e4983,4bae4d8ef5e0432a6a990a935c4384b548df6bbea7cae7fa7dedb91355cb78a9,64,824,e53cd56e0e9911d829bd978c3ca766f775d83d12ffb2ff77f051561f6be1cd0c
datased:DataSED - DataSED - Dataset for Sound Event Detection of environmental noise/SED_wav/S-0311.wav,DataSED - DataSED - Dataset for Sound Event Detection of environmental noise/SED_wav/S-0311.wav,DataSED - DataSED - Dataset for Sound Event Detection of environmental noise/SED_wav/S-0311.npy,4ba68dffd6896e568ab68a351099d5924db464d8783feeb1a292bf6d5a6cd6f5,c110f7d26bd33290787459483917887902dd59d4b3593681d764bcfbfc245a0e,64,1170,e53cd56e0e9911d829bd978c3ca766f775d83d12ffb2ff77f051561f6be1cd0c
datased:DataSED - DataSED - Dataset for Sound Event Detection of environmental noise/SED_wav/S-0312.wav,DataSED - DataSED - Dataset for Sound Event Detection of environmental noise/SED_wav/S-0312.wav,DataSED - DataSED - Dataset for Sound Event Detection of environmental noise/SED_wav/S-0312.npy,f363ef1e0a759793e3403f7ce1659f23e40c878d616f967fc3c8eb0d7df34934,bdbba6512b711a5a291a60bbc54527de1a6e108ccce8a1cf30d6ebece2ec4894,64,5159,e53cd56e0e9911d829bd978c3ca766f775d83d12ffb2ff77f051561f6be1cd0c
datased:DataSED - DataSED - Dataset for Sound Event Detection of environmental noise/SED_wav/S-0313.wav,DataSED - DataSED - Dataset for Sound Event Detection of environmental noise/SED_wav/S-0313.wav,DataSED - DataSED - Dataset for Sound Event Detection of environmental noise/SED_wav/S-0313.npy,a59193e12ef5b2739316321c4bbf2578127865dcfa60d0791d918446fae6b2db,98220f29dd169239bb8131b97eb5bc468867ab886bd8a6ffb85d8c373cc684bc,64,1116,e53cd56e0e9911d829bd978c3ca766f775d83d12ffb2ff77f051561f6be1cd0c
datased:DataSED - DataSED - Dataset for Sound Event Detection of environmental noise/SED_wav/S-0314.wav,DataSED - DataSED - Dataset for Sound Event Detection of environmental noise/SED_wav/S-0314.wav,DataSED - DataSED - Dataset for Sound Event Detection of environmental noise/SED_wav/S-0314.npy,3d70239b342859390f457d3858a766b7542f8fa8108f947c008fc3eb121b15f0,c42da2490b5a943fb8e65553a042ad21202bd0586cef0b0d1501fd5c263d68a7,64,1459,e53cd56e0e9911d829bd978c3ca766f775d83d12ffb2ff77f051561f6be1cd0c
datased:DataSED - DataSED - Dataset for Sound Event Detection of environmental noise/SED_wav/S-0315.wav,DataSED - DataSED - Dataset for Sound Event Detection of environmental noise/SED_wav/S-0315.wav,DataSED - DataSED - Dataset for Sound Event Detection of environmental noise/SED_wav/S-0315.npy,e5caa36bf5f7037b1ed6692918817cd53759b140831fed5c680842782be6888d,1b037ad1555432d7e2685723fac7545d8b8f123af6d081a92902fa200e8e51dc,64,8478,e53cd56e0e9911d829bd978c3ca766f775d83d12ffb2ff77f051561f6be1cd0c
datased:DataSED - DataSED - Dataset for Sound Event Detection of environmental noise/SED_wav/S-0316.wav,DataSED - DataSED - Dataset for Sound Event Detection of environmental noise/SED_wav/S-0316.wav,DataSED - DataSED - Dataset for Sound Event Detection of environmental noise/SED_wav/S-0316.npy,b0daacd35a4c6f74970d6a5842d1f2dd4aa7e1e2bf201db1858e220c4e9a5cc0,2270c6d392e11b197dcee902ca70b76a0f56ea66e47b233022ed1eb1e69b7dce,64,3271,e53cd56e0e9911d829bd978c3ca766f775d83d12ffb2ff77f051561f6be1cd0c
datased:DataSED - DataSED - Dataset for Sound Event Detection of environmental noise/SED_wav/S-0317.wav,DataSED - DataSED - Dataset for Sound Event Detection of environmental noise/SED_wav/S-0317.wav,DataSED - DataSED - Dataset for Sound Event Detection of environmental noise/SED_wav/S-0317.npy,3e555543719388c1e2ce4e61d0b0c02317ec0cb26f1c032589f4602abcf63512,c6750775660decd638131c298300f85827f7f5e011126172d77e4239fa3152f6,64,701,e53cd56e0e9911d829bd978c3ca766f775d83d12ffb2ff77f051561f6be1cd0c
datased:DataSED - DataSED - Dataset for Sound Event Detection of environmental noise/SED_wav/S-0318.wav,DataSED - DataSED - Dataset for Sound Event Detection of environmental noise/SED_wav/S-0318.wav,DataSED - DataSED - Dataset for Sound Event Detection of environmental noise/SED_wav/S-0318.npy,5a89eea60c64935ca1b45f4e5db3be50d731aeaee5217468b9f008a07cb1bf32,3ea0f4fc6aaeafd3168eea320c66aa4cf92378e8ec98cd0e04bd2bebed382366,64,4415,e53cd56e0e9911d829bd978c3ca766f775d83d12ffb2ff77f051561f6be1cd0c
datased:DataSED - DataSED - Dataset for Sound Event Detection of environmental noise/SED_wav/S-0319.wav,DataSED - DataSED - Dataset for Sound Event Detection of environmental noise/SED_wav/S-0319.wav,DataSED - DataSED - Dataset for Sound Event Detection of environmental noise/SED_wav/S-0319.npy,3ea02f203686eff42f534e20959ade6e00f63df07d110a6d101d02d2fb23da6c,4a11096111f568b13d0b0e3343b06747b58c9a56fc2443edd21a299af1331f11,64,2936,e53cd56e0e9911d829bd978c3ca766f775d83d12ffb2ff77f051561f6be1cd0c
datased:DataSED - DataSED - Dataset for Sound Event Detection of environmental noise/SED_wav/S-0320.wav,DataSED - DataSED - Dataset for Sound Event Detection of environmental noise/SED_wav/S-0320.wav,DataSED - DataSED - Dataset for Sound Event Detection of environmental noise/SED_wav/S-0320.npy,9dc6426b78fee0b9be3007374299a83853f18d873f8388017164d28d5d6de21d,c965da985ff340a1ef3e3f4912a09a9069c38afe79241ee56d2a691e63d6ba3d,64,1495,e53cd56e0e9911d829bd978c3ca766f775d83d12ffb2ff77f051561f6be1cd0c
datased:DataSED - DataSED - Dataset for Sound Event Detection of environmental noise/SED_wav/S-0321.wav,DataSED - DataSED - Dataset for Sound Event Detection of environmental noise/SED_wav/S-0321.wav,DataSED - DataSED - Dataset for Sound Event Detection of environmental noise/SED_wav/S-0321.npy,9d568b4197f5becd79f68b7292e9b00945b378968cf7a73fe06780c9900fcbf6,3e89d025b9380ed31e24c2f7a64272532a18a05ee7dad7b5154c2e8c1a1c97cb,64,9626,e53cd56e0e9911d829bd978c3ca766f775d83d12ffb2ff77f051561f6be1cd0c
datased:DataSED - DataSED - Dataset for Sound Event Detection of environmental noise/SED_wav/S-0322.wav,DataSED - DataSED - Dataset for Sound Event Detection of environmental noise/SED_wav/S-0322.wav,DataSED - DataSED - Dataset for Sound Event Detection of environmental noise/SED_wav/S-0322.npy,9c776abd5cf5ff5fb39c0886efd38ea8d82c8106dd9e22dbf8349bbc7a467838,29ece5730e371aea1b21f5f6c21a0d0f031d774418f99f02616fcf7a689a162b,64,12777,e53cd56e0e9911d829bd978c3ca766f775d83d12ffb2ff77f051561f6be1cd0c
datased:DataSED - DataSED - Dataset for Sound Event Detection of environmental noise/SED_wav/S-0323.wav,DataSED - DataSED - Dataset for Sound Event Detection of environmental noise/SED_wav/S-0323.wav,DataSED - DataSED - Dataset for Sound Event Detection of environmental noise/SED_wav/S-0323.npy,b95ad8dcdc4202a9106357c7d0baca5d477affc74e5f40e9c698a92c1ea12f85,609ee3a0b3eae4ec0245f384aef23b9d649ec4d8f142b1e9ebd076006834bac5,64,3093,e53cd56e0e9911d829bd978c3ca766f775d83d12ffb2ff77f051561f6be1cd0c
datased:DataSED - DataSED - Dataset for Sound Event Detection of environmental noise/SED_wav/S-0324.wav,DataSED - DataSED - Dataset for Sound Event Detection of environmental noise/SED_wav/S-0324.wav,DataSED - DataSED - Dataset for Sound Event Detection of environmental noise/SED_wav/S-0324.npy,50be2aec9914c9d1a179f322e4d8dd367a121102899e850e276a229834b9de15,6e6b9ed8a1b17f827a35c9a816f9bc976b7584d738d5224f23a8644782f28f8e,64,1256,e53cd56e0e9911d829bd978c3ca766f775d83d12ffb2ff77f051561f6be1cd0c
datased:DataSED - DataSED - Dataset for Sound Event Detection of environmental noise/SED_wav/S-0325.wav,DataSED - DataSED - Dataset for Sound Event Detection of environmental noise/SED_wav/S-0325.wav,DataSED - DataSED - Dataset for Sound Event Detection of environmental noise/SED_wav/S-0325.npy,b03d3f10c1765350f74bf94de776b56902412c7053eeea0e7073a81b9491a8e2,c6d695bf01385d563db7f7e2e81feb1902a0e8339f60dc0c71f8d3b781864f42,64,7602,e53cd56e0e9911d829bd978c3ca766f775d83d12ffb2ff77f051561f6be1cd0c
datased:DataSED - DataSED - Dataset for Sound Event Detection of environmental noise/SED_wav/S-0326.wav,DataSED - DataSED - Dataset for Sound Event Detection of environmental noise/SED_wav/S-0326.wav,DataSED - DataSED - Dataset for Sound Event Detection of environmental noise/SED_wav/S-0326.npy,6ef7cb7b413d8833e28bc44751b5ead147657bfa8e6c81195c6fae71bb4db993,0a8425766b12ab07c17494c61d378aef3a2983f23141281d843a6581abbf7fd6,64,935,e53cd56e0e9911d829bd978c3ca766f775d83d12ffb2ff77f051561f6be1cd0c
datased:DataSED - DataSED - Dataset for Sound Event Detection of environmental noise/SED_wav/S-0327.wav,DataSED - DataSED - Dataset for Sound Event Detection of environmental noise/SED_wav/S-0327.wav,DataSED - DataSED - Dataset for Sound Event Detection of environmental noise/SED_wav/S-0327.npy,ca2b1fd69bcd1875d00bb03ff83e130a98968b3cd65feee7bd73a10f82edfec9,4b513a1e9db0ca58425dfe69bb4f476ebad1485eb846a99cbb65690a16fe4276,64,8572,e53cd56e0e9911d829bd978c3ca766f775d83d12ffb2ff77f051561f6be1cd0c
datased:DataSED - DataSED - Dataset for Sound Event Detection of environmental noise/SED_wav/S-0328.wav,DataSED - DataSED - Dataset for Sound Event Detection of environmental noise/SED_wav/S-0328.wav,DataSED - DataSED - Dataset for Sound Event Detection of environmental noise/SED_wav/S-0328.npy,2b515aa88b51a5d9d0cf45913d9ad05f7a8f00e564dcb41efaf8b177e43c7787,6e7556da461be0aac0aa69e8049d22b9d9119f944d885f0a294f79d8974c6232,64,1959,e53cd56e0e9911d829bd978c3ca766f775d83d12ffb2ff77f051561f6be1cd0c
datased:DataSED - DataSED - Dataset for Sound Event Detection of environmental noise/SED_wav/S-0329.wav,DataSED - DataSED - Dataset for Sound Event Detection of environmental noise/SED_wav/S-0329.wav,DataSED - DataSED - Dataset for Sound Event Detection of environmental noise/SED_wav/S-0329.npy,5e7227661865ac8942dfc3d79babe06f89b344d0eac22029949204f3406bf971,533f5390f1f2e4f50a82c4d1c54b035cc34ff0b094b295d50e6036032ff4c0ca,64,3702,e53cd56e0e9911d829bd978c3ca766f775d83d12ffb2ff77f051561f6be1cd0c
datased:DataSED - DataSED - Dataset for Sound Event Detection of environmental noise/SED_wav/S-0330.wav,DataSED - DataSED - Dataset for Sound Event Detection of environmental noise/SED_wav/S-0330.wav,DataSED - DataSED - Dataset for Sound Event Detection of environmental noise/SED_wav/S-0330.npy,c31000bf079e0a29d6f6be5a0f181c55d8a70f844a0c4df246005b1101d39c04,dae7972d4dc1ce7b41da57d6877300cda85d8ec1ed2880160044534386d32059,64,5255,e53cd56e0e9911d829bd978c3ca766f775d83d12ffb2ff77f051561f6be1cd0c
datased:DataSED - DataSED - Dataset for Sound Event Detection of environmental noise/SED_wav/S-0331.wav,DataSED - DataSED - Dataset for Sound Event Detection of environmental noise/SED_wav/S-0331.wav,DataSED - DataSED - Dataset for Sound Event Detection of environmental noise/SED_wav/S-0331.npy,735536aa486f284325dee97b1845b066b02201641d11e98986e386b902f0e520,11dd2ac9732745b7c4e6537949875ee8ef37654d0b68dbc0ecaf3d1d510de9ca,64,3274,e53cd56e0e9911d829bd978c3ca766f775d83d12ffb2ff77f051561f6be1cd0c
datased:DataSED - DataSED - Dataset for Sound Event Detection of environmental noise/SED_wav/S-0332.wav,DataSED - DataSED - Dataset for Sound Event Detection of environmental noise/SED_wav/S-0332.wav,DataSED - DataSED - Dataset for Sound Event Detection of environmental noise/SED_wav/S-0332.npy,c068a9fc8e698fe46ac7b061195860d9ec4d1a7e4f4388a9a85b81b0c77d92a0,2a960b968e86bcae6a21490ab6afd23a53dd11b53772f922be58d430b48926a6,64,4916,e53cd56e0e9911d829bd978c3ca766f775d83d12ffb2ff77f051561f6be1cd0c
datased:DataSED - DataSED - Dataset for Sound Event Detection of environmental noise/SED_wav/S-0333.wav,DataSED - DataSED - Dataset for Sound Event Detection of environmental noise/SED_wav/S-0333.wav,DataSED - DataSED - Dataset for Sound Event Detection of environmental noise/SED_wav/S-0333.npy,70af591e1718c52aea1ce9999adb0c0f48a034760a9283e3022667d40b86b521,06e476f7e33a09156d6f2ae611d09d9367fdb5ee967d8f6a5d96c2d9fe7828c4,64,5289,e53cd56e0e9911d829bd978c3ca766f775d83d12ffb2ff77f051561f6be1cd0c
datased:DataSED - DataSED - Dataset for Sound Event Detection of environmental noise/SED_wav/S-0334.wav,DataSED - DataSED - Dataset for Sound Event Detection of environmental noise/SED_wav/S-0334.wav,DataSED - DataSED - Dataset for Sound Event Detection of environmental noise/SED_wav/S-0334.npy,b2540590d552e1d0b9b07602d1588b71032b931008bc998c8ddbb152e8da3932,709048cc4be9d16552cf39067a4bc5c5fb5d7b582df2c5777aa13f239e27a693,64,2151,e53cd56e0e9911d829bd978c3ca766f775d83d12ffb2ff77f051561f6be1cd0c
datased:DataSED - DataSED - Dataset for Sound Event Detection of environmental noise/SED_wav/S-0335.wav,DataSED - DataSED - Dataset for Sound Event Detection of environmental noise/SED_wav/S-0335.wav,DataSED - DataSED - Dataset for Sound Event Detection of environmental noise/SED_wav/S-0335.npy,f4d7c8c4fef3a877f357ef0206edf2cbb8e5f7d3923d8da9a14268b8eda19911,ce9841c4e36f7583bd58169270f9a53c8948dbce3841e2a2755315603e7c9796,64,1221,e53cd56e0e9911d829bd978c3ca766f775d83d12ffb2ff77f051561f6be1cd0c
datased:DataSED - DataSED - Dataset for Sound Event Detection of environmental noise/SED_wav/S-0336.wav,DataSED - DataSED - Dataset for Sound Event Detection of environmental noise/SED_wav/S-0336.wav,DataSED - DataSED - Dataset for Sound Event Detection of environmental noise/SED_wav/S-0336.npy,2dee7345fe38abbe5321b45f216ed3e48b0e07689974959e1f007b16b4befeb4,d2966815dcffae1cb4a2ffaeacf68c4f2d94c3d65a8b54796e117b915101e4c5,64,6676,e53cd56e0e9911d829bd978c3ca766f775d83d12ffb2ff77f051561f6be1cd0c
datased:DataSED - DataSED - Dataset for Sound Event Detection of environmental noise/SED_wav/S-0337.wav,DataSED - DataSED - Dataset for Sound Event Detection of environmental noise/SED_wav/S-0337.wav,DataSED - DataSED - Dataset for Sound Event Detection of environmental noise/SED_wav/S-0337.npy,e1242bae4c62b4a85f4a1afd90c2c72be452af3ba9bf5dac2f077f99ab76e538,302cfe0579ccbaf1cdc77c7c99d69bcba1a4dc2f57ab7ef43535d46aa5211d81,64,2540,e53cd56e0e9911d829bd978c3ca766f775d83d12ffb2ff77f051561f6be1cd0c
datased:DataSED - DataSED - Dataset for Sound Event Detection of environmental noise/SED_wav/S-0338.wav,DataSED - DataSED - Dataset for Sound Event Detection of environmental noise/SED_wav/S-0338.wav,DataSED - DataSED - Dataset for Sound Event Detection of environmental noise/SED_wav/S-0338.npy,80502f6d79e9067a3eebad2d790218339e680a52a967b34333a34f763c1c09e9,ad94387a52a4a738d4d283b5405cd99ca8b3c98513846cd20a2e1d7c80900b64,64,2216,e53cd56e0e9911d829bd978c3ca766f775d83d12ffb2ff77f051561f6be1cd0c
datased:DataSED - DataSED - Dataset for Sound Event Detection of environmental noise/SED_wav/S-0339.wav,DataSED - DataSED - Dataset for Sound Event Detection of environmental noise/SED_wav/S-0339.wav,DataSED - DataSED - Dataset for Sound Event Detection of environmental noise/SED_wav/S-0339.npy,d0cd56dc0e7aecbecdf0ae18a41c632db97ccc6bc9a70844e5f18dcb9c0dd7be,dafd9cd02419c50e18ac5832ee3f49a1f78b5f015ca80a90f9c8992f4c3a2774,64,7451,e53cd56e0e9911d829bd978c3ca766f775d83d12ffb2ff77f051561f6be1cd0c
datased:DataSED - DataSED - Dataset for Sound Event Detection of environmental noise/SED_wav/S-0340.wav,DataSED - DataSED - Dataset for Sound Event Detection of environmental noise/SED_wav/S-0340.wav,DataSED - DataSED - Dataset for Sound Event Detection of environmental noise/SED_wav/S-0340.npy,14c6cd46705567164530fd1654952639100e3f95fc7b4982c79643d594c61ac1,6efc47ef289e32791b02e4cc3ce89dcd6be0c33b5a41ad83763e12ece51c4795,64,1384,e53cd56e0e9911d829bd978c3ca766f775d83d12ffb2ff77f051561f6be1cd0c
datased:DataSED - DataSED - Dataset for Sound Event Detection of environmental noise/SED_wav/S-0341.wav,DataSED - DataSED - Dataset for Sound Event Detection of environmental noise/SED_wav/S-0341.wav,DataSED - DataSED - Dataset for Sound Event Detection of environmental noise/SED_wav/S-0341.npy,4624ef79e108192bca52550aad01a076782e28ecf20d3a57ab225bcad3267171,1036a84a2bcebe28a2114280b606a963b65b3afb0671561f3d561f5fefb2fced,64,3127,e53cd56e0e9911d829bd978c3ca766f775d83d12ffb2ff77f051561f6be1cd0c
datased:DataSED - DataSED - Dataset for Sound Event Detection of environmental noise/SED_wav/S-0342.wav,DataSED - DataSED - Dataset for Sound Event Detection of environmental noise/SED_wav/S-0342.wav,DataSED - DataSED - Dataset for Sound Event Detection of environmental noise/SED_wav/S-0342.npy,62d79c03087880fcb6c2d9e1b1064fcdb513dbc880ca6ece0a8b8940b21a4c22,f79f39fb76685cc6263c7330a20115f35c82c2b1a8409452589a99e1d605edab,64,9651,e53cd56e0e9911d829bd978c3ca766f775d83d12ffb2ff77f051561f6be1cd0c
datased:DataSED - DataSED - Dataset for Sound Event Detection of environmental noise/SED_wav/S-0343.wav,DataSED - DataSED - Dataset for Sound Event Detection of environmental noise/SED_wav/S-0343.wav,DataSED - DataSED - Dataset for Sound Event Detection of environmental noise/SED_wav/S-0343.npy,e1ba3227e498640343c683344e9d38492db6a0b01b2b26bb8505b901a5c1e74b,38a378e3b3e4fbf7da5daf91a7de2ff7eadf06d01acefd0199224594fe305161,64,977,e53cd56e0e9911d829bd978c3ca766f775d83d12ffb2ff77f051561f6be1cd0c
datased:DataSED - DataSED - Dataset for Sound Event Detection of environmental noise/SED_wav/S-0344.wav,DataSED - DataSED - Dataset for Sound Event Detection of environmental noise/SED_wav/S-0344.wav,DataSED - DataSED - Dataset for Sound Event Detection of environmental noise/SED_wav/S-0344.npy,07d7aaf98ab936cd80c07069656bc9e11fe61a23c41e32a2b827b082e45922c6,8946b4a36c04272b6ed7867a91c699223a3c5a27110821dc699572f8b6d81cfa,64,1111,e53cd56e0e9911d829bd978c3ca766f775d83d12ffb2ff77f051561f6be1cd0c
datased:DataSED - DataSED - Dataset for Sound Event Detection of environmental noise/SED_wav/S-0345.wav,DataSED - DataSED - Dataset for Sound Event Detection of environmental noise/SED_wav/S-0345.wav,DataSED - DataSED - Dataset for Sound Event Detection of environmental noise/SED_wav/S-0345.npy,2d67bc1a992c70cbe7f1aadbdfb9e630483358cc00aef457c215d102b869897b,b1a706c7451500443c7ea769086e5b3e97c1ab1a32ded54083162bae39d5be6e,64,1949,e53cd56e0e9911d829bd978c3ca766f775d83d12ffb2ff77f051561f6be1cd0c
datased:DataSED - DataSED - Dataset for Sound Event Detection of environmental noise/SED_wav/S-0346.wav,DataSED - DataSED - Dataset for Sound Event Detection of environmental noise/SED_wav/S-0346.wav,DataSED - DataSED - Dataset for Sound Event Detection of environmental noise/SED_wav/S-0346.npy,f8598546e389dd9418eee5dcefaa7f60d35b1ffbf4dd27f8f84d6396f46d857f,7dd99c62275c1a590ceed82feb3f21c76a1ee28dd4b5ba49a496de09dc5f186c,64,2110,e53cd56e0e9911d829bd978c3ca766f775d83d12ffb2ff77f051561f6be1cd0c
datased:DataSED - DataSED - Dataset for Sound Event Detection of environmental noise/SED_wav/S-0347.wav,DataSED - DataSED - Dataset for Sound Event Detection of environmental noise/SED_wav/S-0347.wav,DataSED - DataSED - Dataset for Sound Event Detection of environmental noise/SED_wav/S-0347.npy,bb10ea37cf07025671216e256cb9dd39b5770513cb5635332c494a7a6d75b20b,7d2a1185fc06daf251eec1e2acbe642937b0b10ae1edfc662e4f422f7cc2104f,64,8847,e53cd56e0e9911d829bd978c3ca766f775d83d12ffb2ff77f051561f6be1cd0c
datased:DataSED - DataSED - Dataset for Sound Event Detection of environmental noise/SED_wav/S-0348.wav,DataSED - DataSED - Dataset for Sound Event Detection of environmental noise/SED_wav/S-0348.wav,DataSED - DataSED - Dataset for Sound Event Detection of environmental noise/SED_wav/S-0348.npy,86f7f1f8d5bd750ab47307ff45a1fd14b24507f5cecbe1d08587df6b32456eba,c1e89d0bbab615f965b4982f7c26806d0bfffa05876db2f46634b5dc2529bb14,64,1138,e53cd56e0e9911d829bd978c3ca766f775d83d12ffb2ff77f051561f6be1cd0c
datased:DataSED - DataSED - Dataset for Sound Event Detection of environmental noise/SED_wav/S-0349.wav,DataSED - DataSED - Dataset for Sound Event Detection of environmental noise/SED_wav/S-0349.wav,DataSED - DataSED - Dataset for Sound Event Detection of environmental noise/SED_wav/S-0349.npy,03c1e5e77727cc7e2f37888acfc4127980cf679e39072f3afa91210f9d339e38,e7b27856ffc52e09284addf24f5b6e8ec9ee838a64c95fa958d2d2b969c48d42,64,4312,e53cd56e0e9911d829bd978c3ca766f775d83d12ffb2ff77f051561f6be1cd0c
datased:DataSED - DataSED - Dataset for Sound Event Detection of environmental noise/SED_wav/S-0350.wav,DataSED - DataSED - Dataset for Sound Event Detection of environmental noise/SED_wav/S-0350.wav,DataSED - DataSED - Dataset for Sound Event Detection of environmental noise/SED_wav/S-0350.npy,0232c293d6b29a3d722ae2b589027e5a2b82696c158b95077fc6fd2cdef0d60f,d117deef6df7b8dc83a6260d90f32f710a32519ae8d6e842eea53d735cfb8b5a,64,8581,e53cd56e0e9911d829bd978c3ca766f775d83d12ffb2ff77f051561f6be1cd0c
datased:DataSED - DataSED - Dataset for Sound Event Detection of environmental noise/SED_wav/S-0351.wav,DataSED - DataSED - Dataset for Sound Event Detection of environmental noise/SED_wav/S-0351.wav,DataSED - DataSED - Dataset for Sound Event Detection of environmental noise/SED_wav/S-0351.npy,8ddbbec5b2be4935a3d397698b76b304cda97cd6547749c71d008fe815e57ad6,d2e02464d366a88e1e7abe6dec4787c433796bd2453fd319b89267a6ff918d1e,64,6561,e53cd56e0e9911d829bd978c3ca766f775d83d12ffb2ff77f051561f6be1cd0c
datased:DataSED - DataSED - Dataset for Sound Event Detection of environmental noise/SED_wav/S-0352.wav,DataSED - DataSED - Dataset for Sound Event Detection of environmental noise/SED_wav/S-0352.wav,DataSED - DataSED - Dataset for Sound Event Detection of environmental noise/SED_wav/S-0352.npy,b822ed44ae26835b3eee4e2cfa2acde4e4c7edd02a1d6c32b153cc8335220ead,1a20139954867332dd0df02e3c1a440b70506aec7239e7f4eb22d4587cd31133,64,557,e53cd56e0e9911d829bd978c3ca766f775d83d12ffb2ff77f051561f6be1cd0c
datased:DataSED - DataSED - Dataset for Sound Event Detection of environmental noise/SED_wav/S-0353.wav,DataSED - DataSED - Dataset for Sound Event Detection of environmental noise/SED_wav/S-0353.wav,DataSED - DataSED - Dataset for Sound Event Detection of environmental noise/SED_wav/S-0353.npy,27d393e213a8428884fe0d4182758cabbc1dd396d9cbf888b97becdfc61c7061,24e1c7e94ab65a0b1cada608084b0c5512bbe2a5e883547194735516679cbd05,64,1576,e53cd56e0e9911d829bd978c3ca766f775d83d12ffb2ff77f051561f6be1cd0c
datased:DataSED - DataSED - Dataset for Sound Event Detection of environmental noise/SED_wav/S-0354.wav,DataSED - DataSED - Dataset for Sound Event Detection of environmental noise/SED_wav/S-0354.wav,DataSED - DataSED - Dataset for Sound Event Detection of environmental noise/SED_wav/S-0354.npy,f2ff8dc9242b80fcfa982eeda70502bc987c3ed8768eda0c913a3f9b1d590b26,0976baa1c3668e97e3ba30c4d455707015abbb3326131c480393dcf3eeafb795,64,1254,e53cd56e0e9911d829bd978c3ca766f775d83d12ffb2ff77f051561f6be1cd0c
datased:DataSED - DataSED - Dataset for Sound Event Detection of environmental noise/SED_wav/S-0355.wav,DataSED - DataSED - Dataset for Sound Event Detection of environmental noise/SED_wav/S-0355.wav,DataSED - DataSED - Dataset for Sound Event Detection of environmental noise/SED_wav/S-0355.npy,2044f5ac818a3a8e811b600c3182e41232108eaa48093ba4f7bf2c845e49e9a6,b30f404b316cc0075aafb372a0e03798a94cbd93d0a50b93b2f1873302aaffa2,64,5287,e53cd56e0e9911d829bd978c3ca766f775d83d12ffb2ff77f051561f6be1cd0c
datased:DataSED - DataSED - Dataset for Sound Event Detection of environmental noise/SED_wav/S-0356.wav,DataSED - DataSED - Dataset for Sound Event Detection of environmental noise/SED_wav/S-0356.wav,DataSED - DataSED - Dataset for Sound Event Detection of environmental noise/SED_wav/S-0356.npy,5563422b2d58f16ff812a0856b4331e88101660939bfc0ea3a664eef0ec67abc,3b673ec3caa11f3329f0214a72884fc866c6afbff37233eb445993746e72f877,64,7820,e53cd56e0e9911d829bd978c3ca766f775d83d12ffb2ff77f051561f6be1cd0c
datased:DataSED - DataSED - Dataset for Sound Event Detection of environmental noise/SED_wav/S-0357.wav,DataSED - DataSED - Dataset for Sound Event Detection of environmental noise/SED_wav/S-0357.wav,DataSED - DataSED - Dataset for Sound Event Detection of environmental noise/SED_wav/S-0357.npy,280f2faa287712eab70002f37d93eb04b09bda740c13bfbe9a1cf1fe36faeafe,1eca39908f2e9e2008bbdf50ae9f218f2a0443941a018ee319ed5d752d75a73d,64,1749,e53cd56e0e9911d829bd978c3ca766f775d83d12ffb2ff77f051561f6be1cd0c
datased:DataSED - DataSED - Dataset for Sound Event Detection of environmental noise/SED_wav/S-0358.wav,DataSED - DataSED - Dataset for Sound Event Detection of environmental noise/SED_wav/S-0358.wav,DataSED - DataSED - Dataset for Sound Event Detection of environmental noise/SED_wav/S-0358.npy,09548f630d308712c5806b3494d0a5c6209329a71460604832d9c3c1194ac3e0,941dea5f28034a5c06649f25b29ff45aa9a1b28d33486cc3cd77dca45717ab47,64,5635,e53cd56e0e9911d829bd978c3ca766f775d83d12ffb2ff77f051561f6be1cd0c
datased:DataSED - DataSED - Dataset for Sound Event Detection of environmental noise/SED_wav/S-0359.wav,DataSED - DataSED - Dataset for Sound Event Detection of environmental noise/SED_wav/S-0359.wav,DataSED - DataSED - Dataset for Sound Event Detection of environmental noise/SED_wav/S-0359.npy,3dbdf2ef1157d32e53e45e1536646b54681cffa65beaa4d1757083e00f732cfa,02013fe3513fa068a9cb25fd7b8d189f2ace017f6939a3c147dde9f02ff489ff,64,5365,e53cd56e0e9911d829bd978c3ca766f775d83d12ffb2ff77f051561f6be1cd0c
datased:DataSED - DataSED - Dataset for Sound Event Detection of environmental noise/SED_wav/S-0360.wav,DataSED - DataSED - Dataset for Sound Event Detection of environmental noise/SED_wav/S-0360.wav,DataSED - DataSED - Dataset for Sound Event Detection of environmental noise/SED_wav/S-0360.npy,a7b9d4ffc1c579b28a5e8b40f150723078575cdbccc84e99389350d886a87a51,bcf2da728ce0511827696df20e33e6ed71dfd350cfb8250ec01c0e17c630b406,64,1153,e53cd56e0e9911d829bd978c3ca766f775d83d12ffb2ff77f051561f6be1cd0c
datased:DataSED - DataSED - Dataset for Sound Event Detection of environmental noise/SED_wav/S-0361.wav,DataSED - DataSED - Dataset for Sound Event Detection of environmental noise/SED_wav/S-0361.wav,DataSED - DataSED - Dataset for Sound Event Detection of environmental noise/SED_wav/S-0361.npy,83cb57974a855704f5a94d9f935fef921728fb8eaa64ea93c0db8f5e84fb6f53,c6d9bdbf8740344adc0740c4a0d6922933a9021e68d7dc6940f10259153f3100,64,3416,e53cd56e0e9911d829bd978c3ca766f775d83d12ffb2ff77f051561f6be1cd0c
datased:DataSED - DataSED - Dataset for Sound Event Detection of environmental noise/SED_wav/S-0362.wav,DataSED - DataSED - Dataset for Sound Event Detection of environmental noise/SED_wav/S-0362.wav,DataSED - DataSED - Dataset for Sound Event Detection of environmental noise/SED_wav/S-0362.npy,4b468d2735123445c6730e5e4f43cc843d915e7ab27af2017d2ce598c217534b,98731730fbf8f32cfb73573e976afa5bcdbf4729986c6b0b05c3201050da26c9,64,1947,e53cd56e0e9911d829bd978c3ca766f775d83d12ffb2ff77f051561f6be1cd0c
datased:DataSED - DataSED - Dataset for Sound Event Detection of environmental noise/SED_wav/S-0363.wav,DataSED - DataSED - Dataset for Sound Event Detection of environmental noise/SED_wav/S-0363.wav,DataSED - DataSED - Dataset for Sound Event Detection of environmental noise/SED_wav/S-0363.npy,6205a8f192c3817165c4bc580f91455e6b308b218706825b01fe7daadcb5a84c,e0c9ade5cf3894ed6ddd03d293edc335639c069d805d07170b34900705bcd387,64,5120,e53cd56e0e9911d829bd978c3ca766f775d83d12ffb2ff77f051561f6be1cd0c
datased:DataSED - DataSED - Dataset for Sound Event Detection of environmental noise/SED_wav/S-0364.wav,DataSED - DataSED - Dataset for Sound Event Detection of environmental noise/SED_wav/S-0364.wav,DataSED - DataSED - Dataset for Sound Event Detection of environmental noise/SED_wav/S-0364.npy,a25efa8582c6e9d21aae813781d7729e030586d97d9dcc689c331f91d3a8b431,187d3f02fe6412b5e28df054b9f91eec34b5230eaeb5437a5b855e782dc9cab5,64,5449,e53cd56e0e9911d829bd978c3ca766f775d83d12ffb2ff77f051561f6be1cd0c
datased:DataSED - DataSED - Dataset for Sound Event Detection of environmental noise/SED_wav/S-0365.wav,DataSED - DataSED - Dataset for Sound Event Detection of environmental noise/SED_wav/S-0365.wav,DataSED - DataSED - Dataset for Sound Event Detection of environmental noise/SED_wav/S-0365.npy,427d13a74b887bffacf823326aaa66ab2328fc2f3d1bbf712a9921986884b822,6d7d39b97bd727cf3a7184a5d068b6ec759e9d4f2b6b7f24bde60acf77c000a3,64,1578,e53cd56e0e9911d829bd978c3ca766f775d83d12ffb2ff77f051561f6be1cd0c
datased:DataSED - DataSED - Dataset for Sound Event Detection of environmental noise/SED_wav/S-0366.wav,DataSED - DataSED - Dataset for Sound Event Detection of environmental noise/SED_wav/S-0366.wav,DataSED - DataSED - Dataset for Sound Event Detection of environmental noise/SED_wav/S-0366.npy,3a073eb003eec2807bbe08d9239671180df5686c0f02e4e9dd63801e06cbc6cf,22405cccc1f825eceb93a68b55d1e67f4cdc9a6db98d70ae6515e302b9a012ff,64,8428,e53cd56e0e9911d829bd978c3ca766f775d83d12ffb2ff77f051561f6be1cd0c
datased:DataSED - DataSED - Dataset for Sound Event Detection of environmental noise/SED_wav/S-0367.wav,DataSED - DataSED - Dataset for Sound Event Detection of environmental noise/SED_wav/S-0367.wav,DataSED - DataSED - Dataset for Sound Event Detection of environmental noise/SED_wav/S-0367.npy,2ec52a66e33d1044a47dae6beecc7c22a8348d857d98d3b28f543d3e55ee6186,e0b1abe71325c100200942e8848680238406c3e5cb3dd4e5dabce1a00a201dec,64,3524,e53cd56e0e9911d829bd978c3ca766f775d83d12ffb2ff77f051561f6be1cd0c
datased:DataSED - DataSED - Dataset for Sound Event Detection of environmental noise/SED_wav/S-0368.wav,DataSED - DataSED - Dataset for Sound Event Detection of environmental noise/SED_wav/S-0368.wav,DataSED - DataSED - Dataset for Sound Event Detection of environmental noise/SED_wav/S-0368.npy,cd79e893a3ec5c41ad25e251f818c86c4909409e524023c937fc3405e2b5cb50,9e6e6c81317aeffd880a0481d26d9b110b5331170a087ff8bb5404f04ce672f9,64,760,e53cd56e0e9911d829bd978c3ca766f775d83d12ffb2ff77f051561f6be1cd0c
datased:DataSED - DataSED - Dataset for Sound Event Detection of environmental noise/SED_wav/S-0369.wav,DataSED - DataSED - Dataset for Sound Event Detection of environmental noise/SED_wav/S-0369.wav,DataSED - DataSED - Dataset for Sound Event Detection of environmental noise/SED_wav/S-0369.npy,b4b7e977f65dadf632a7ae2dfec84145bd91b8281e3c9aed4c5da9d531122922,848fcc613cd47b2228c4ccf09e33dcdb3513c9299736ffca64ce340ab41730a2,64,1557,e53cd56e0e9911d829bd978c3ca766f775d83d12ffb2ff77f051561f6be1cd0c
datased:DataSED - DataSED - Dataset for Sound Event Detection of environmental noise/SED_wav/S-0370.wav,DataSED - DataSED - Dataset for Sound Event Detection of environmental noise/SED_wav/S-0370.wav,DataSED - DataSED - Dataset for Sound Event Detection of environmental noise/SED_wav/S-0370.npy,ad3eedce16dab1753f03da09cc3a6a7f0ea92e0a5386645967e6e708a1c5b9b9,db21ddc7360d55a18768cd20592cecbda2b23da4b075401950219bd3b2efa0c5,64,4099,e53cd56e0e9911d829bd978c3ca766f775d83d12ffb2ff77f051561f6be1cd0c
datased:DataSED - DataSED - Dataset for Sound Event Detection of environmental noise/SED_wav/S-0371.wav,DataSED - DataSED - Dataset for Sound Event Detection of environmental noise/SED_wav/S-0371.wav,DataSED - DataSED - Dataset for Sound Event Detection of environmental noise/SED_wav/S-0371.npy,df507312a6888b225cf54798212f1f0faa082c94d643e8354b270dc3e881198d,1d36a7619ad217411d57e59fac24bd47b67ed8ce1da6ce376fe8f18c56b8d850,64,4283,e53cd56e0e9911d829bd978c3ca766f775d83d12ffb2ff77f051561f6be1cd0c
datased:DataSED - DataSED - Dataset for Sound Event Detection of environmental noise/SED_wav/S-0372.wav,DataSED - DataSED - Dataset for Sound Event Detection of environmental noise/SED_wav/S-0372.wav,DataSED - DataSED - Dataset for Sound Event Detection of environmental noise/SED_wav/S-0372.npy,cfdcb87c46c107d3f0ae234f079afba5e6f7d8057e0e84098190a2f6ed6c721c,cf3afc7263f0650e7efc317a02332d72c477e7c78fc1b4d640cdb7cb37240ca4,64,747,e53cd56e0e9911d829bd978c3ca766f775d83d12ffb2ff77f051561f6be1cd0c
datased:DataSED - DataSED - Dataset for Sound Event Detection of environmental noise/SED_wav/S-0373.wav,DataSED - DataSED - Dataset for Sound Event Detection of environmental noise/SED_wav/S-0373.wav,DataSED - DataSED - Dataset for Sound Event Detection of environmental noise/SED_wav/S-0373.npy,024bb4dafc88903308c9006e13a83cd708c4b9c2ea1d647ef2e84adafb2b3df7,1aed17bde8fdd77a05080c17afa34165c388f2c02c421e546209bda596384739,64,731,e53cd56e0e9911d829bd978c3ca766f775d83d12ffb2ff77f051561f6be1cd0c
datased:DataSED - DataSED - Dataset for Sound Event Detection of environmental noise/SED_wav/S-0374.wav,DataSED - DataSED - Dataset for Sound Event Detection of environmental noise/SED_wav/S-0374.wav,DataSED - DataSED - Dataset for Sound Event Detection of environmental noise/SED_wav/S-0374.npy,017ce8318af723407401c7b488c5c9646d06a7107140bc66befe409f5817b2df,c108afce37813f40c3ceba6786dab8e05653e7c9946aec651fe6df575d5bdbbe,64,730,e53cd56e0e9911d829bd978c3ca766f775d83d12ffb2ff77f051561f6be1cd0c
datased:DataSED - DataSED - Dataset for Sound Event Detection of environmental noise/SED_wav/S-0375.wav,DataSED - DataSED - Dataset for Sound Event Detection of environmental noise/SED_wav/S-0375.wav,DataSED - DataSED - Dataset for Sound Event Detection of environmental noise/SED_wav/S-0375.npy,ccc7aab2d0ffbb80895aaa8fb5e93a4997ed085d5805422168ff36e90ca60644,e3b0673d3955e90e566de1a56620a1bbdb151e42b0840a9d602411c23ad37141,64,774,e53cd56e0e9911d829bd978c3ca766f775d83d12ffb2ff77f051561f6be1cd0c
datased:DataSED - DataSED - Dataset for Sound Event Detection of environmental noise/SED_wav/S-0376.wav,DataSED - DataSED - Dataset for Sound Event Detection of environmental noise/SED_wav/S-0376.wav,DataSED - DataSED - Dataset for Sound Event Detection of environmental noise/SED_wav/S-0376.npy,6a2cb31013d53493f6bb08a786f418adc4e8fefa9c998971bf0b1ce59118af2d,864045b0742083b83672f1318147144e31cedc67b56866f0c69183a796ed2ee0,64,168,e53cd56e0e9911d829bd978c3ca766f775d83d12ffb2ff77f051561f6be1cd0c
datased:DataSED - DataSED - Dataset for Sound Event Detection of environmental noise/SED_wav/S-0377.wav,DataSED - DataSED - Dataset for Sound Event Detection of environmental noise/SED_wav/S-0377.wav,DataSED - DataSED - Dataset for Sound Event Detection of environmental noise/SED_wav/S-0377.npy,8d5e4b5bc824411413c91b8af2e9cf5d8bb5dbb3564c679c5d3949261d868ad0,d99ab115e16db7ff1b1a584cac3f2ff234c0f5f6947d6fae10c799fdfd8b763d,64,377,e53cd56e0e9911d829bd978c3ca766f775d83d12ffb2ff77f051561f6be1cd0c
datased:DataSED - DataSED - Dataset for Sound Event Detection of environmental noise/SED_wav/S-0378.wav,DataSED - DataSED - Dataset for Sound Event Detection of environmental noise/SED_wav/S-0378.wav,DataSED - DataSED - Dataset for Sound Event Detection of environmental noise/SED_wav/S-0378.npy,cfa74bcd621f07063895331f2119b8498ed61c4479a5df1e907c9af07fd58bb7,2e8b6a8e188d5047eb0020d357ae33460515ff0535697effbd16fc04ff75a2eb,64,115,e53cd56e0e9911d829bd978c3ca766f775d83d12ffb2ff77f051561f6be1cd0c
datased:DataSED - DataSED - Dataset for Sound Event Detection of environmental noise/SED_wav/S-0379.wav,DataSED - DataSED - Dataset for Sound Event Detection of environmental noise/SED_wav/S-0379.wav,DataSED - DataSED - Dataset for Sound Event Detection of environmental noise/SED_wav/S-0379.npy,bf3393af0d67dc8b1c15173a1587f416ff6e142911a35aac7979c1d0524c4fdc,c3014621e4e339fe539612d173583fa6d61662e3fa6ccbe28e5238139ee0db90,64,212,e53cd56e0e9911d829bd978c3ca766f775d83d12ffb2ff77f051561f6be1cd0c
datased:DataSED - DataSED - Dataset for Sound Event Detection of environmental noise/SED_wav/S-0380.wav,DataSED - DataSED - Dataset for Sound Event Detection of environmental noise/SED_wav/S-0380.wav,DataSED - DataSED - Dataset for Sound Event Detection of environmental noise/SED_wav/S-0380.npy,61f948530daab13e52d6414325f41cc4b3d2132dca9ec7b0928d79a459d5784d,74a9975cee8acacbf34da0d03354199760740aebd00ca6ff5021dfac559e41a3,64,1230,e53cd56e0e9911d829bd978c3ca766f775d83d12ffb2ff77f051561f6be1cd0c
datased:DataSED - DataSED - Dataset for Sound Event Detection of environmental noise/SED_wav/S-0381.wav,DataSED - DataSED - Dataset for Sound Event Detection of environmental noise/SED_wav/S-0381.wav,DataSED - DataSED - Dataset for Sound Event Detection of environmental noise/SED_wav/S-0381.npy,98dfe6ebdfda08061ce0c5dfd60ef662180efa03ede3e97e7eb494b4cdb82861,ef4c5ec7bac32db030baa1fe28b23622d1910aa36bd754cd21d34e2e8e8f3149,64,4301,e53cd56e0e9911d829bd978c3ca766f775d83d12ffb2ff77f051561f6be1cd0c
datased:DataSED - DataSED - Dataset for Sound Event Detection of environmental noise/SED_wav/S-0382.wav,DataSED - DataSED - Dataset for Sound Event Detection of environmental noise/SED_wav/S-0382.wav,DataSED - DataSED - Dataset for Sound Event Detection of environmental noise/SED_wav/S-0382.npy,0ab2f954b793624c55203eb7c364f7639977471380177ff5cb274dc75592fe4a,c56ca54fcc847c15cdcf0901b4db6443c7ab2c7898648b37860fe4af60b6455c,64,5799,e53cd56e0e9911d829bd978c3ca766f775d83d12ffb2ff77f051561f6be1cd0c
datased:DataSED - DataSED - Dataset for Sound Event Detection of environmental noise/SED_wav/S-0383.wav,DataSED - DataSED - Dataset for Sound Event Detection of environmental noise/SED_wav/S-0383.wav,DataSED - DataSED - Dataset for Sound Event Detection of environmental noise/SED_wav/S-0383.npy,ae34c221fbf5a15ede5ca8fc549446826bd4e7160e2ebdd44f5033d06ec97bac,ed65f926bed6bee8c3cb4ad3a450f2fb5ffa4af9e666eec2173d50fbedcf3946,64,225,e53cd56e0e9911d829bd978c3ca766f775d83d12ffb2ff77f051561f6be1cd0c
datased:DataSED - DataSED - Dataset for Sound Event Detection of environmental noise/SED_wav/S-0384.wav,DataSED - DataSED - Dataset for Sound Event Detection of environmental noise/SED_wav/S-0384.wav,DataSED - DataSED - Dataset for Sound Event Detection of environmental noise/SED_wav/S-0384.npy,e2f7df7d56be846f187fd401fbd8e0998f6ff56344986b4001a3c37fc4f0c5db,1104f61112377d31ab61e7ffa1cdab7278b868497861711998dd6e24a056c5a4,64,5407,e53cd56e0e9911d829bd978c3ca766f775d83d12ffb2ff77f051561f6be1cd0c
datased:DataSED - DataSED - Dataset for Sound Event Detection of environmental noise/SED_wav/S-0385.wav,DataSED - DataSED - Dataset for Sound Event Detection of environmental noise/SED_wav/S-0385.wav,DataSED - DataSED - Dataset for Sound Event Detection of environmental noise/SED_wav/S-0385.npy,bf3cc252dbe64d97eab783cb03fc7d0a52ce498e74ed04bb24c2349319210074,06100446615407e6627f1cd9003d9f29639d81c226dc7f399395a77abd18533e,64,5270,e53cd56e0e9911d829bd978c3ca766f775d83d12ffb2ff77f051561f6be1cd0c
datased:DataSED - DataSED - Dataset for Sound Event Detection of environmental noise/SED_wav/S-0386.wav,DataSED - DataSED - Dataset for Sound Event Detection of environmental noise/SED_wav/S-0386.wav,DataSED - DataSED - Dataset for Sound Event Detection of environmental noise/SED_wav/S-0386.npy,453c31bffcb5430af28b639cf80879f2bd58bd215ec61288e5bbe69dc013c8e8,931006bf352de6a21dc11215df8f42ea806a1b5446302da7e7eac69006f08d48,64,5321,e53cd56e0e9911d829bd978c3ca766f775d83d12ffb2ff77f051561f6be1cd0c
datased:DataSED - DataSED - Dataset for Sound Event Detection of environmental noise/SED_wav/S-0387.wav,DataSED - DataSED - Dataset for Sound Event Detection of environmental noise/SED_wav/S-0387.wav,DataSED - DataSED - Dataset for Sound Event Detection of environmental noise/SED_wav/S-0387.npy,1a19072a9eb18a68049d7784ce079099712005bd23658871b98fc2c3aa990710,26e6589d0656dc6ec9bf1824ad906d7797f02fa1bb61db8d8d0d2f5501e83619,64,4322,e53cd56e0e9911d829bd978c3ca766f775d83d12ffb2ff77f051561f6be1cd0c
datased:DataSED - DataSED - Dataset for Sound Event Detection of environmental noise/SED_wav/S-0388.wav,DataSED - DataSED - Dataset for Sound Event Detection of environmental noise/SED_wav/S-0388.wav,DataSED - DataSED - Dataset for Sound Event Detection of environmental noise/SED_wav/S-0388.npy,53e61de0bdb13a99df7133ff3672f2fa1ef38e92fb1dc0360bea90bdad515a62,263edf4f4dfab72edd7405914582590e68c46a8a1d6de2600b6ba77277a58488,64,5366,e53cd56e0e9911d829bd978c3ca766f775d83d12ffb2ff77f051561f6be1cd0c
datased:DataSED - DataSED - Dataset for Sound Event Detection of environmental noise/SED_wav/S-0389.wav,DataSED - DataSED - Dataset for Sound Event Detection of environmental noise/SED_wav/S-0389.wav,DataSED - DataSED - Dataset for Sound Event Detection of environmental noise/SED_wav/S-0389.npy,77380e33523eb35ba7194f91df7d7ad84d71c9e6cf08256c5e52e756b2e2d21e,9cfe32b064d15005a8e0d9c99bcf4fa60e51e31f8e74a7ab0278b4cbfc70a3bd,64,2895,e53cd56e0e9911d829bd978c3ca766f775d83d12ffb2ff77f051561f6be1cd0c
datased:DataSED - DataSED - Dataset for Sound Event Detection of environmental noise/SED_wav/S-0390.wav,DataSED - DataSED - Dataset for Sound Event Detection of environmental noise/SED_wav/S-0390.wav,DataSED - DataSED - Dataset for Sound Event Detection of environmental noise/SED_wav/S-0390.npy,0161e2e603a6132ef95b375aadb3cbf33e10deb490fa5785f426972fed0b6ddb,466344ae5ccb98e4aac4a329d3106bbcbda1ffae8dda20234c345ef551583fcb,64,602,e53cd56e0e9911d829bd978c3ca766f775d83d12ffb2ff77f051561f6be1cd0c
datased:DataSED - DataSED - Dataset for Sound Event Detection of environmental noise/SED_wav/S-0391.wav,DataSED - DataSED - Dataset for Sound Event Detection of environmental noise/SED_wav/S-0391.wav,DataSED - DataSED - Dataset for Sound Event Detection of environmental noise/SED_wav/S-0391.npy,2bcdb6c9bb250b9cb8b7add5e9ba7dfd38512f02cf99511d510fd0be63029a7a,e6b5f54df4e3f039666a0866d29dd26915ba87626e7fb9801792e8ee1b42a9b9,64,294,e53cd56e0e9911d829bd978c3ca766f775d83d12ffb2ff77f051561f6be1cd0c
datased:DataSED - DataSED - Dataset for Sound Event Detection of environmental noise/SED_wav/S-0392.wav,DataSED - DataSED - Dataset for Sound Event Detection of environmental noise/SED_wav/S-0392.wav,DataSED - DataSED - Dataset for Sound Event Detection of environmental noise/SED_wav/S-0392.npy,f47764c5116db6df7706f52a6101174da03f6dcd15bb39401244eea9904ecf64,339dbe2855bd5b7bead9d3f946ad6bd598d8b00092f34fdfe4daf21db7ea3c24,64,4044,e53cd56e0e9911d829bd978c3ca766f775d83d12ffb2ff77f051561f6be1cd0c
datased:DataSED - DataSED - Dataset for Sound Event Detection of environmental noise/SED_wav/S-0393.wav,DataSED - DataSED - Dataset for Sound Event Detection of environmental noise/SED_wav/S-0393.wav,DataSED - DataSED - Dataset for Sound Event Detection of environmental noise/SED_wav/S-0393.npy,fbefeb02f31b0e8c62733cfb1c7355af058073b0c099eb0998d4c55d5b450e54,7d04b2bf77eaf060329ddd177a48433505fe274a6528b5da08e1993ee7f0b297,64,2587,e53cd56e0e9911d829bd978c3ca766f775d83d12ffb2ff77f051561f6be1cd0c
datased:DataSED - DataSED - Dataset for Sound Event Detection of environmental noise/SED_wav/S-0394.wav,DataSED - DataSED - Dataset for Sound Event Detection of environmental noise/SED_wav/S-0394.wav,DataSED - DataSED - Dataset for Sound Event Detection of environmental noise/SED_wav/S-0394.npy,05c35eb90a9706c31034b13e3a94bc6e8ffe09bda6c055859c2aa769abb25777,a310a836eb58cbb39958824afb1d74c7f2e891f531baddf536a9a22b9bb2684d,64,647,e53cd56e0e9911d829bd978c3ca766f775d83d12ffb2ff77f051561f6be1cd0c
datased:DataSED - DataSED - Dataset for Sound Event Detection of environmental noise/SED_wav/S-0395.wav,DataSED - DataSED - Dataset for Sound Event Detection of environmental noise/SED_wav/S-0395.wav,DataSED - DataSED - Dataset for Sound Event Detection of environmental noise/SED_wav/S-0395.npy,2a1c33f8421f2520129ede32f2687fb290c34bdf21b73da7076aef0d95eb6579,fa790bdbccfaeb8c37956b80c6faabfc1b25d0194d4906bd27d83ad47026180a,64,9253,e53cd56e0e9911d829bd978c3ca766f775d83d12ffb2ff77f051561f6be1cd0c
datased:DataSED - DataSED - Dataset for Sound Event Detection of environmental noise/SED_wav/S-0396.wav,DataSED - DataSED - Dataset for Sound Event Detection of environmental noise/SED_wav/S-0396.wav,DataSED - DataSED - Dataset for Sound Event Detection of environmental noise/SED_wav/S-0396.npy,105d27f315e3419e72066135e26e7f55aba85c5879d51a75a5c091c63a19c2db,bca5141cdcf0e776a6bb337063052cee04d2957dc33f5560dfb71103acb35d15,64,10502,e53cd56e0e9911d829bd978c3ca766f775d83d12ffb2ff77f051561f6be1cd0c
datased:DataSED - DataSED - Dataset for Sound Event Detection of environmental noise/SED_wav/S-0397.wav,DataSED - DataSED - Dataset for Sound Event Detection of environmental noise/SED_wav/S-0397.wav,DataSED - DataSED - Dataset for Sound Event Detection of environmental noise/SED_wav/S-0397.npy,41e0a4b39905bc1f41603825fb467a73b246e31fb30f1316ba6e858d9f8ef18a,37e5a04124da7b0d6949d2dfbe511bc3ca0f4951e966e8382601a439c48b478f,64,6224,e53cd56e0e9911d829bd978c3ca766f775d83d12ffb2ff77f051561f6be1cd0c
datased:DataSED - DataSED - Dataset for Sound Event Detection of environmental noise/SED_wav/S-0398.wav,DataSED - DataSED - Dataset for Sound Event Detection of environmental noise/SED_wav/S-0398.wav,DataSED - DataSED - Dataset for Sound Event Detection of environmental noise/SED_wav/S-0398.npy,098dddf24794b98607b1fd007188bb02df35054e72f4b1ecea17b7a0326c57a2,426dcf3e76f79a7ab314dd222bbe210551c8b010eef1eec133806036742cb9bc,64,6273,e53cd56e0e9911d829bd978c3ca766f775d83d12ffb2ff77f051561f6be1cd0c
datased:DataSED - DataSED - Dataset for Sound Event Detection of environmental noise/SED_wav/S-0399.wav,DataSED - DataSED - Dataset for Sound Event Detection of environmental noise/SED_wav/S-0399.wav,DataSED - DataSED - Dataset for Sound Event Detection of environmental noise/SED_wav/S-0399.npy,ecd1a51165b7cc5aec4e7e16683027be9ca2581c4a408e4f58db15ab812793f7,dbf4b1efc493d3d0a10770b1b4d99d64672bc69eb253beee2858190a9f6a1b2e,64,10184,e53cd56e0e9911d829bd978c3ca766f775d83d12ffb2ff77f051561f6be1cd0c
datased:DataSED - DataSED - Dataset for Sound Event Detection of environmental noise/SED_wav/S-0400.wav,DataSED - DataSED - Dataset for Sound Event Detection of environmental noise/SED_wav/S-0400.wav,DataSED - DataSED - Dataset for Sound Event Detection of environmental noise/SED_wav/S-0400.npy,2b75e185b81d19ad1117fc898f79d01ed2fcce969137c50b0bd9ee69a334415b,5a34e7328f86dbf772abfad3ba2bef20c4776417c7cc8e3de8fe513634d612c9,64,6113,e53cd56e0e9911d829bd978c3ca766f775d83d12ffb2ff77f051561f6be1cd0c
datased:DataSED - DataSED - Dataset for Sound Event Detection of environmental noise/SED_wav/S-0401.wav,DataSED - DataSED - Dataset for Sound Event Detection of environmental noise/SED_wav/S-0401.wav,DataSED - DataSED - Dataset for Sound Event Detection of environmental noise/SED_wav/S-0401.npy,1afce0794c38b6358cec5c31e80066d1b56c3c8711db439aaacca87eb52acfed,2401b48de5a9fb725af3a886f44ad86d2cb810ff1f549c2c70240808c04fc3ad,64,2373,e53cd56e0e9911d829bd978c3ca766f775d83d12ffb2ff77f051561f6be1cd0c
datased:DataSED - DataSED - Dataset for Sound Event Detection of environmental noise/SED_wav/S-0402.wav,DataSED - DataSED - Dataset for Sound Event Detection of environmental noise/SED_wav/S-0402.wav,DataSED - DataSED - Dataset for Sound Event Detection of environmental noise/SED_wav/S-0402.npy,e34a6c18b70a8a7cba92f347f3b923473450ca2f4984e68a3dc998b52b80bbcd,5cac46114c6129d1fa3bb8e145150d7577f9410dc211823281bae515337e7061,64,5306,e53cd56e0e9911d829bd978c3ca766f775d83d12ffb2ff77f051561f6be1cd0c
datased:DataSED - DataSED - Dataset for Sound Event Detection of environmental noise/SED_wav/S-0403.wav,DataSED - DataSED - Dataset for Sound Event Detection of environmental noise/SED_wav/S-0403.wav,DataSED - DataSED - Dataset for Sound Event Detection of environmental noise/SED_wav/S-0403.npy,2b8c9961b8241d8c2c3906ef363f555e14e0882d08af3238cfd1745e8a1e8a09,58cc9563875c18b0daa3384b24a31d704ab115345f451e098d20ccb8fb7cc261,64,4273,e53cd56e0e9911d829bd978c3ca766f775d83d12ffb2ff77f051561f6be1cd0c
datased:DataSED - DataSED - Dataset for Sound Event Detection of environmental noise/SED_wav/S-0404.wav,DataSED - DataSED - Dataset for Sound Event Detection of environmental noise/SED_wav/S-0404.wav,DataSED - DataSED - Dataset for Sound Event Detection of environmental noise/SED_wav/S-0404.npy,3f5e69983b9be0e24acfaf6cf98f8167c419945af697e9b13994e301c7accf00,c24f503c0557bcdd51685090fe7b98789d10192cf9a0950710bb66964be1cc51,64,3344,e53cd56e0e9911d829bd978c3ca766f775d83d12ffb2ff77f051561f6be1cd0c
datased:DataSED - DataSED - Dataset for Sound Event Detection of environmental noise/SED_wav/S-0405.wav,DataSED - DataSED - Dataset for Sound Event Detection of environmental noise/SED_wav/S-0405.wav,DataSED - DataSED - Dataset for Sound Event Detection of environmental noise/SED_wav/S-0405.npy,825c0f557acc589831ce1b36b12783a2d36947a85bad936651460060da567d49,e93d79681546994cf65bab071de993497eee8961320cca3734b7f0468a92bcec,64,575,e53cd56e0e9911d829bd978c3ca766f775d83d12ffb2ff77f051561f6be1cd0c
datased:DataSED - DataSED - Dataset for Sound Event Detection of environmental noise/SED_wav/S-0406.wav,DataSED - DataSED - Dataset for Sound Event Detection of environmental noise/SED_wav/S-0406.wav,DataSED - DataSED - Dataset for Sound Event Detection of environmental noise/SED_wav/S-0406.npy,66e25bd791134e8b54c1bd2074133bfb4548b927e53bee525b6f7ea0696afd91,af406db3d33ec35e25013f9be4c5e36d30b9357ae3b99a3e9e9be815e0cb17ba,64,6502,e53cd56e0e9911d829bd978c3ca766f775d83d12ffb2ff77f051561f6be1cd0c
datased:DataSED - DataSED - Dataset for Sound Event Detection of environmental noise/SED_wav/S-0407.wav,DataSED - DataSED - Dataset for Sound Event Detection of environmental noise/SED_wav/S-0407.wav,DataSED - DataSED - Dataset for Sound Event Detection of environmental noise/SED_wav/S-0407.npy,bca2241a8598ebcc7dd0f97c8f89b49d05bb00e3191267d0fe80abc31d56bf5e,611212a99c302efe1a4fb56e49486120d844153447677a802f602101367fe9a8,64,6609,e53cd56e0e9911d829bd978c3ca766f775d83d12ffb2ff77f051561f6be1cd0c
datased:DataSED - DataSED - Dataset for Sound Event Detection of environmental noise/SED_wav/S-0408.wav,DataSED - DataSED - Dataset for Sound Event Detection of environmental noise/SED_wav/S-0408.wav,DataSED - DataSED - Dataset for Sound Event Detection of environmental noise/SED_wav/S-0408.npy,dc033a0341743d96f5f509a80548fdaf7990a53ee6c3c90cd1793d957b530054,a82813d193ebcb683e70cf7a9ee9f80c639fae666eda22af61a4905db81340b9,64,7011,e53cd56e0e9911d829bd978c3ca766f775d83d12ffb2ff77f051561f6be1cd0c
datased:DataSED - DataSED - Dataset for Sound Event Detection of environmental noise/SED_wav/S-0409.wav,DataSED - DataSED - Dataset for Sound Event Detection of environmental noise/SED_wav/S-0409.wav,DataSED - DataSED - Dataset for Sound Event Detection of environmental noise/SED_wav/S-0409.npy,3b7af039568acfe3bd5be037a17044cc6aeaf2a17fb2810d4b983dedaf4481ee,3dec99214e66744a6dae186e3acf947d288dad6f44b8d46ea8ec48e64acb66e7,64,8703,e53cd56e0e9911d829bd978c3ca766f775d83d12ffb2ff77f051561f6be1cd0c
datased:DataSED - DataSED - Dataset for Sound Event Detection of environmental noise/SED_wav/S-0410.wav,DataSED - DataSED - Dataset for Sound Event Detection of environmental noise/SED_wav/S-0410.wav,DataSED - DataSED - Dataset for Sound Event Detection of environmental noise/SED_wav/S-0410.npy,123bc7772f41836a87078d747ab74f3dffd53a1bf505d7d981e9abfd427d1a1c,e9c5c95e7928ff494d6b2eab05ab0caf160f49bb11ebd516e22d44eb36ee7441,64,8354,e53cd56e0e9911d829bd978c3ca766f775d83d12ffb2ff77f051561f6be1cd0c
datased:DataSED - DataSED - Dataset for Sound Event Detection of environmental noise/SED_wav/S-0411.wav,DataSED - DataSED - Dataset for Sound Event Detection of environmental noise/SED_wav/S-0411.wav,DataSED - DataSED - Dataset for Sound Event Detection of environmental noise/SED_wav/S-0411.npy,a7f23b7c1ed41f2833aef032072942b50c2f3b036e08d527fb2be87018c78b8b,b8129f083c702a45cadc28a7320195fb5c6e558cd891dfbc0dcef80ed6667241,64,8923,e53cd56e0e9911d829bd978c3ca766f775d83d12ffb2ff77f051561f6be1cd0c
datased:DataSED - DataSED - Dataset for Sound Event Detection of environmental noise/SED_wav/S-0412.wav,DataSED - DataSED - Dataset for Sound Event Detection of environmental noise/SED_wav/S-0412.wav,DataSED - DataSED - Dataset for Sound Event Detection of environmental noise/SED_wav/S-0412.npy,cf3a30cd729bfcbfdacbb5abd2f94b393a8964d32f719ad98fc37c04bc444e4b,c4135bd50697ebeaebafb49cfa5b78c039fced69fa212378c3515a23eeaa0f98,64,7583,e53cd56e0e9911d829bd978c3ca766f775d83d12ffb2ff77f051561f6be1cd0c
datased:DataSED - DataSED - Dataset for Sound Event Detection of environmental noise/SED_wav/S-0413.wav,DataSED - DataSED - Dataset for Sound Event Detection of environmental noise/SED_wav/S-0413.wav,DataSED - DataSED - Dataset for Sound Event Detection of environmental noise/SED_wav/S-0413.npy,85f92ce732a33f0c11e26a3bf451816ef7c0fc58768d705a4e698823e089bcc8,a26c4ff8ec32bf059649b26a09689fb43e9e5f7cefa54fe15c740b786dae45f3,64,5967,e53cd56e0e9911d829bd978c3ca766f775d83d12ffb2ff77f051561f6be1cd0c
datased:DataSED - DataSED - Dataset for Sound Event Detection of environmental noise/SED_wav/S-0414.wav,DataSED - DataSED - Dataset for Sound Event Detection of environmental noise/SED_wav/S-0414.wav,DataSED - DataSED - Dataset for Sound Event Detection of environmental noise/SED_wav/S-0414.npy,297ef90942bdc50d61d397a62533c6e67f39cd7892131fa69e1fec23a55d4466,b7b75a9d695d20f551f3077aa558db69402f5e3d4047b65fe31ea3f8850dc87e,64,9657,e53cd56e0e9911d829bd978c3ca766f775d83d12ffb2ff77f051561f6be1cd0c
datased:DataSED - DataSED - Dataset for Sound Event Detection of environmental noise/SED_wav/S-0415.wav,DataSED - DataSED - Dataset for Sound Event Detection of environmental noise/SED_wav/S-0415.wav,DataSED - DataSED - Dataset for Sound Event Detection of environmental noise/SED_wav/S-0415.npy,f93355559c25bc52df9f5423c3f6ec0163eceded386623f0e360320bc47ed466,160f96e9eb62e4c53579a7bca65f9181494842b8fde1d14cd4040ac99d0ed06c,64,8188,e53cd56e0e9911d829bd978c3ca766f775d83d12ffb2ff77f051561f6be1cd0c
datased:DataSED - DataSED - Dataset for Sound Event Detection of environmental noise/SED_wav/S-0416.wav,DataSED - DataSED - Dataset for Sound Event Detection of environmental noise/SED_wav/S-0416.wav,DataSED - DataSED - Dataset for Sound Event Detection of environmental noise/SED_wav/S-0416.npy,c1ec564d704a46bbe11602724f3472245fdcb252622ec1d02f9b1220a58f0fd5,df10938c4ab6b34930c49838274db40cad72bf6ad3e7b6cb3aaca4f881a75dba,64,4407,e53cd56e0e9911d829bd978c3ca766f775d83d12ffb2ff77f051561f6be1cd0c
datased:DataSED - DataSED - Dataset for Sound Event Detection of environmental noise/SED_wav/S-0417.wav,DataSED - DataSED - Dataset for Sound Event Detection of environmental noise/SED_wav/S-0417.wav,DataSED - DataSED - Dataset for Sound Event Detection of environmental noise/SED_wav/S-0417.npy,36983d24e37beb023ec136dce43ab90e2ce79da30e52a349460f9b324fb4d363,8500a035d235d2b44f3bf1f4c18d5840ab28b9686cc7bd9b8e85b4c7c082f5a8,64,3966,e53cd56e0e9911d829bd978c3ca766f775d83d12ffb2ff77f051561f6be1cd0c
datased:DataSED - DataSED - Dataset for Sound Event Detection of environmental noise/SED_wav/S-0418.wav,DataSED - DataSED - Dataset for Sound Event Detection of environmental noise/SED_wav/S-0418.wav,DataSED - DataSED - Dataset for Sound Event Detection of environmental noise/SED_wav/S-0418.npy,722175456c251c80f441f6c42e80b5b97e050dd46d1137f0a3582e0688e65cbf,c1dc8f55f42eb1a99f8cfa8aef20b631337fb2894f4cdeb7d76b2837588015de,64,5949,e53cd56e0e9911d829bd978c3ca766f775d83d12ffb2ff77f051561f6be1cd0c
datased:DataSED - DataSED - Dataset for Sound Event Detection of environmental noise/SED_wav/S-0419.wav,DataSED - DataSED - Dataset for Sound Event Detection of environmental noise/SED_wav/S-0419.wav,DataSED - DataSED - Dataset for Sound Event Detection of environmental noise/SED_wav/S-0419.npy,1a4844060158f3b4bec41cf8924f69d59c0b05a43251191dd17a08f9f1567bb5,0b1b11378c59cc7bb1b1b54c7c128fe478e2c6d983a0a15bc85ee2a883279542,64,7619,e53cd56e0e9911d829bd978c3ca766f775d83d12ffb2ff77f051561f6be1cd0c
datased:DataSED - DataSED - Dataset for Sound Event Detection of environmental noise/SED_wav/S-0420.wav,DataSED - DataSED - Dataset for Sound Event Detection of environmental noise/SED_wav/S-0420.wav,DataSED - DataSED - Dataset for Sound Event Detection of environmental noise/SED_wav/S-0420.npy,c7dd124c2ee44851a620d3bfe4a54667e3bb3340ecad690d7cd4de3a4a05fbff,e5b93e2cd9679cfd0a926d039bb7a09a4243ac22ed8a233b335faadc5f688366,64,3709,e53cd56e0e9911d829bd978c3ca766f775d83d12ffb2ff77f051561f6be1cd0c
datased:DataSED - DataSED - Dataset for Sound Event Detection of environmental noise/SED_wav/S-0421.wav,DataSED - DataSED - Dataset for Sound Event Detection of environmental noise/SED_wav/S-0421.wav,DataSED - DataSED - Dataset for Sound Event Detection of environmental noise/SED_wav/S-0421.npy,7efee3a9a1b39ea659fca722ba41fc356c43d2f4fc9e4a3ed51b65d443530ec7,c1ab487dffc4933e0a2a64caf114d281c99d4bcfc9abe4c195a8aafdd5c12c26,64,3011,e53cd56e0e9911d829bd978c3ca766f775d83d12ffb2ff77f051561f6be1cd0c
datased:DataSED - DataSED - Dataset for Sound Event Detection of environmental noise/SED_wav/S-0422.wav,DataSED - DataSED - Dataset for Sound Event Detection of environmental noise/SED_wav/S-0422.wav,DataSED - DataSED - Dataset for Sound Event Detection of environmental noise/SED_wav/S-0422.npy,745128dac524066bab5c131bfffed5e3c6f17380177aa5f43ee848daa68b2ecc,49c27a80dd9db3f66efab5e14d3212eb209d1fc70cd32ac252c2b3e83f044231,64,6536,e53cd56e0e9911d829bd978c3ca766f775d83d12ffb2ff77f051561f6be1cd0c
datased:DataSED - DataSED - Dataset for Sound Event Detection of environmental noise/SED_wav/S-0423.wav,DataSED - DataSED - Dataset for Sound Event Detection of environmental noise/SED_wav/S-0423.wav,DataSED - DataSED - Dataset for Sound Event Detection of environmental noise/SED_wav/S-0423.npy,c43a8c7131dd24d05dc646c62c2ecc06f910ec6af9f69c12045004ea7e83eca3,d2000dee0f16220758a1180b64dac76f0c1128ea64101a079dc1b678c3ec303d,64,6940,e53cd56e0e9911d829bd978c3ca766f775d83d12ffb2ff77f051561f6be1cd0c
datased:DataSED - DataSED - Dataset for Sound Event Detection of environmental noise/SED_wav/S-0424.wav,DataSED - DataSED - Dataset for Sound Event Detection of environmental noise/SED_wav/S-0424.wav,DataSED - DataSED - Dataset for Sound Event Detection of environmental noise/SED_wav/S-0424.npy,471d9c95c5054afd4bd56bcb6a4001897043d64c8bd562a87af0572c72c517b1,8d0ecc09d1fa2130da93c67605c158c1924d561c9410c284e953e14be0e037c2,64,6298,e53cd56e0e9911d829bd978c3ca766f775d83d12ffb2ff77f051561f6be1cd0c
datased:DataSED - DataSED - Dataset for Sound Event Detection of environmental noise/SED_wav/S-0425.wav,DataSED - DataSED - Dataset for Sound Event Detection of environmental noise/SED_wav/S-0425.wav,DataSED - DataSED - Dataset for Sound Event Detection of environmental noise/SED_wav/S-0425.npy,32267c27e03ceef0f63fad9110990b9dba06ca34449dd7fa6960ab233c2d8b6b,384acc33319a06bf297c7af70cb53dffb3f93b01c96351ad92f405d35451d63b,64,9253,e53cd56e0e9911d829bd978c3ca766f775d83d12ffb2ff77f051561f6be1cd0c
datased:DataSED - DataSED - Dataset for Sound Event Detection of environmental noise/SED_wav/S-0426.wav,DataSED - DataSED - Dataset for Sound Event Detection of environmental noise/SED_wav/S-0426.wav,DataSED - DataSED - Dataset for Sound Event Detection of environmental noise/SED_wav/S-0426.npy,45b800896dafc54b4ec0a808e3b6f968f08ff49a6effeadbaff7b5a7d10c1012,b7a77821d59f853cbb6cf3127d53831ec7115260e5148592d6e1343622072c8c,64,7711,e53cd56e0e9911d829bd978c3ca766f775d83d12ffb2ff77f051561f6be1cd0c
datased:DataSED - DataSED - Dataset for Sound Event Detection of environmental noise/SED_wav/S-0427.wav,DataSED - DataSED - Dataset for Sound Event Detection of environmental noise/SED_wav/S-0427.wav,DataSED - DataSED - Dataset for Sound Event Detection of environmental noise/SED_wav/S-0427.npy,76f559fb718a969a0fbb104505c94e77a4aa53c426ddfb92b1456e281e641b27,b7b706cd716e2ae866f1194b073ee0f639fc34d7d95eb760755f6e1d97a9b639,64,4792,e53cd56e0e9911d829bd978c3ca766f775d83d12ffb2ff77f051561f6be1cd0c
datased:DataSED - DataSED - Dataset for Sound Event Detection of environmental noise/SED_wav/S-0428.wav,DataSED - DataSED - Dataset for Sound Event Detection of environmental noise/SED_wav/S-0428.wav,DataSED - DataSED - Dataset for Sound Event Detection of environmental noise/SED_wav/S-0428.npy,c083e5f5466cf214cc166ce5043ba27866e01fc3719568a1c5ef3d8bfdc25a36,24dd02376149a084100231616df9628cacfbd1c267fa5bf76eaee7275d95254c,64,6995,e53cd56e0e9911d829bd978c3ca766f775d83d12ffb2ff77f051561f6be1cd0c
datased:DataSED - DataSED - Dataset for Sound Event Detection of environmental noise/SED_wav/S-0429.wav,DataSED - DataSED - Dataset for Sound Event Detection of environmental noise/SED_wav/S-0429.wav,DataSED - DataSED - Dataset for Sound Event Detection of environmental noise/SED_wav/S-0429.npy,eb7a84264613a988589087686a27986c5bc9f1ad2c3af38fba5bc4b5343ba5a4,7b28fd48d290574e5e5dc4d5d49e7ec107a374f4a0e8b2f6ec6ab39df9b5c1b1,64,2681,e53cd56e0e9911d829bd978c3ca766f775d83d12ffb2ff77f051561f6be1cd0c
datased:DataSED - DataSED - Dataset for Sound Event Detection of environmental noise/SED_wav/S-0430.wav,DataSED - DataSED - Dataset for Sound Event Detection of environmental noise/SED_wav/S-0430.wav,DataSED - DataSED - Dataset for Sound Event Detection of environmental noise/SED_wav/S-0430.npy,d40d1393f76c2c32c9fe5ef0b5f51459058e2800f1c88fbe6d035c748ef7f5ff,639643e996e4223f29a8f6a61975c704945ec094dfd1e1f441a415bba6922a8d,64,9554,e53cd56e0e9911d829bd978c3ca766f775d83d12ffb2ff77f051561f6be1cd0c
datased:DataSED - DataSED - Dataset for Sound Event Detection of environmental noise/SED_wav/S-0431.wav,DataSED - DataSED - Dataset for Sound Event Detection of environmental noise/SED_wav/S-0431.wav,DataSED - DataSED - Dataset for Sound Event Detection of environmental noise/SED_wav/S-0431.npy,d6b0efce12ef226b6e6395284f53657277040478d1c44b9e27bd286040720c08,b5b86d5f6dfd7729acf00fef42fd63e850e7f4bddab3387c4fd9789b61a61fac,64,2534,e53cd56e0e9911d829bd978c3ca766f775d83d12ffb2ff77f051561f6be1cd0c
datased:DataSED - DataSED - Dataset for Sound Event Detection of environmental noise/SED_wav/S-0432.wav,DataSED - DataSED - Dataset for Sound Event Detection of environmental noise/SED_wav/S-0432.wav,DataSED - DataSED - Dataset for Sound Event Detection of environmental noise/SED_wav/S-0432.npy,f9810e200bd1daa86f4bd7ced00c86ac27b8111d34daa07d309a00b2416dd435,89ea099f9ec3ab17fb62f7add203fbfd3304eca10853edb43f865dc1438f9783,64,1987,e53cd56e0e9911d829bd978c3ca766f775d83d12ffb2ff77f051561f6be1cd0c
datased:DataSED - DataSED - Dataset for Sound Event Detection of environmental noise/SED_wav/S-0433.wav,DataSED - DataSED - Dataset for Sound Event Detection of environmental noise/SED_wav/S-0433.wav,DataSED - DataSED - Dataset for Sound Event Detection of environmental noise/SED_wav/S-0433.npy,2421d766179aeb639c93fca505514e5a46dc2fd07342eef5e3b2c589e30ee428,c6ddaf9175235538d54992fbeefc564c2f3cadc87f8bdf28fa3771a5bdfe5264,64,9928,e53cd56e0e9911d829bd978c3ca766f775d83d12ffb2ff77f051561f6be1cd0c
datased:DataSED - DataSED - Dataset for Sound Event Detection of environmental noise/SED_wav/S-0434.wav,DataSED - DataSED - Dataset for Sound Event Detection of environmental noise/SED_wav/S-0434.wav,DataSED - DataSED - Dataset for Sound Event Detection of environmental noise/SED_wav/S-0434.npy,b6f552b4071dd692279738b33781f5855a0901774e6fd8f5d236c5d3fe393b86,ab68bfd4d3f4ce8e49edfc4c41a0330b156c837d66c7107303bdd88a51d06248,64,5692,e53cd56e0e9911d829bd978c3ca766f775d83d12ffb2ff77f051561f6be1cd0c
datased:DataSED - DataSED - Dataset for Sound Event Detection of environmental noise/SED_wav/S-0435.wav,DataSED - DataSED - Dataset for Sound Event Detection of environmental noise/SED_wav/S-0435.wav,DataSED - DataSED - Dataset for Sound Event Detection of environmental noise/SED_wav/S-0435.npy,91a8bc4f74826a0440287e8b7a6154af899372271f35cf133790136613e75264,31db350a0ae5f3b93a4422c17c6acf15d396f8b817c32c2ee6f0f4ebbfef5f6b,64,613,e53cd56e0e9911d829bd978c3ca766f775d83d12ffb2ff77f051561f6be1cd0c
datased:DataSED - DataSED - Dataset for Sound Event Detection of environmental noise/SED_wav/S-0436.wav,DataSED - DataSED - Dataset for Sound Event Detection of environmental noise/SED_wav/S-0436.wav,DataSED - DataSED - Dataset for Sound Event Detection of environmental noise/SED_wav/S-0436.npy,225848eae2d5fcd84a287528caeeb37e73ce6bccbcfa9c8c723deb2c39ab0354,a7449b264df665db998c88b25d217e2c131aed6c1988e5a08fa8df243be2ee29,64,3999,e53cd56e0e9911d829bd978c3ca766f775d83d12ffb2ff77f051561f6be1cd0c
datased:DataSED - DataSED - Dataset for Sound Event Detection of environmental noise/SED_wav/S-0437.wav,DataSED - DataSED - Dataset for Sound Event Detection of environmental noise/SED_wav/S-0437.wav,DataSED - DataSED - Dataset for Sound Event Detection of environmental noise/SED_wav/S-0437.npy,8b1ce97de296f89a2246f8ed168165a1a4ec44f6b0f9f314a593620483a17404,575205d6d8a2afaf3d92e16c2a6cb0c30e37370d36d7e087bdf02c66d9077e1e,64,6206,e53cd56e0e9911d829bd978c3ca766f775d83d12ffb2ff77f051561f6be1cd0c
datased:DataSED - DataSED - Dataset for Sound Event Detection of environmental noise/SED_wav/S-0438.wav,DataSED - DataSED - Dataset for Sound Event Detection of environmental noise/SED_wav/S-0438.wav,DataSED - DataSED - Dataset for Sound Event Detection of environmental noise/SED_wav/S-0438.npy,952bc847ee6b7f2c0420e805d099032fd9e52f740feb9946e914d69a138b13e6,357fc345bc6266435aa9ef8c37869e00e2bbee71c46226def44ad591473728bd,64,590,e53cd56e0e9911d829bd978c3ca766f775d83d12ffb2ff77f051561f6be1cd0c
datased:DataSED - DataSED - Dataset for Sound Event Detection of environmental noise/SED_wav/S-0439.wav,DataSED - DataSED - Dataset for Sound Event Detection of environmental noise/SED_wav/S-0439.wav,DataSED - DataSED - Dataset for Sound Event Detection of environmental noise/SED_wav/S-0439.npy,4d561b9327cab8f31eea4b7274a5bc6e323eb9d51189103e5c0cdbd43931ad2a,844d7c99f6ee8f0144df5844b9294b30f6d0429695b34047329fb4625d587c46,64,4398,e53cd56e0e9911d829bd978c3ca766f775d83d12ffb2ff77f051561f6be1cd0c
datased:DataSED - DataSED - Dataset for Sound Event Detection of environmental noise/SED_wav/S-0440.wav,DataSED - DataSED - Dataset for Sound Event Detection of environmental noise/SED_wav/S-0440.wav,DataSED - DataSED - Dataset for Sound Event Detection of environmental noise/SED_wav/S-0440.npy,a1e2982c58f0f0d250d4dded3354ef0edb3b4b985af689852ed0dda8cd737f73,806a9cabd1db5652fb100fdc7beab961eda4e969fe52ba14f6753833e9b7fa7b,64,5585,e53cd56e0e9911d829bd978c3ca766f775d83d12ffb2ff77f051561f6be1cd0c
datased:DataSED - DataSED - Dataset for Sound Event Detection of environmental noise/SED_wav/S-0441.wav,DataSED - DataSED - Dataset for Sound Event Detection of environmental noise/SED_wav/S-0441.wav,DataSED - DataSED - Dataset for Sound Event Detection of environmental noise/SED_wav/S-0441.npy,dfe1abb4a8610f924374312bac180fb4ddf2474bf68b505f81d6e951376e8dd5,2253ed2f1b513ee03a7579f193b042f22ecf19d1956a177aeabfc5de9d2ee0f2,64,393,e53cd56e0e9911d829bd978c3ca766f775d83d12ffb2ff77f051561f6be1cd0c
datased:DataSED - DataSED - Dataset for Sound Event Detection of environmental noise/SED_wav/S-0442.wav,DataSED - DataSED - Dataset for Sound Event Detection of environmental noise/SED_wav/S-0442.wav,DataSED - DataSED - Dataset for Sound Event Detection of environmental noise/SED_wav/S-0442.npy,621fec9fffc11545d5b65525159124a2a29cd78d5161311923b2f64e301bb339,00f490da2d815a86935bf3388a09277c3af30a73f659a45aa9a3006cb3ef2cd4,64,341,e53cd56e0e9911d829bd978c3ca766f775d83d12ffb2ff77f051561f6be1cd0c
datased:DataSED - DataSED - Dataset for Sound Event Detection of environmental noise/SED_wav/S-0443.wav,DataSED - DataSED - Dataset for Sound Event Detection of environmental noise/SED_wav/S-0443.wav,DataSED - DataSED - Dataset for Sound Event Detection of environmental noise/SED_wav/S-0443.npy,6338b6d5af0e04cdc5dcb0350d85da955eb237a472ce7b28d236ac94e1e6180b,50006da26eb765a0c88ef94b56afb7fe1641b85ba6e9ad6a3d0a88a7962557c2,64,5610,e53cd56e0e9911d829bd978c3ca766f775d83d12ffb2ff77f051561f6be1cd0c
datased:DataSED - DataSED - Dataset for Sound Event Detection of environmental noise/SED_wav/S-0444.wav,DataSED - DataSED - Dataset for Sound Event Detection of environmental noise/SED_wav/S-0444.wav,DataSED - DataSED - Dataset for Sound Event Detection of environmental noise/SED_wav/S-0444.npy,3a786aab74e3f831ee6731f2e9f5c09c7b50ed1ebfd6d0aa054ca6b7b5f16aaa,5b9a914b621b453afe6f1c8c3b6db76a46961385a94cd99ba6e408131cdf16c7,64,6926,e53cd56e0e9911d829bd978c3ca766f775d83d12ffb2ff77f051561f6be1cd0c
datased:DataSED - DataSED - Dataset for Sound Event Detection of environmental noise/SED_wav/S-0445.wav,DataSED - DataSED - Dataset for Sound Event Detection of environmental noise/SED_wav/S-0445.wav,DataSED - DataSED - Dataset for Sound Event Detection of environmental noise/SED_wav/S-0445.npy,b9217a455395a92d0065b6264dbc8150b884c7f0804b9e0fcca638401492a371,f0046818ee3e63ecb41937893b729a3066f8232c35fde601e50b7557d46d8e22,64,6131,e53cd56e0e9911d829bd978c3ca766f775d83d12ffb2ff77f051561f6be1cd0c
datased:DataSED - DataSED - Dataset for Sound Event Detection of environmental noise/SED_wav/S-0446.wav,DataSED - DataSED - Dataset for Sound Event Detection of environmental noise/SED_wav/S-0446.wav,DataSED - DataSED - Dataset for Sound Event Detection of environmental noise/SED_wav/S-0446.npy,fa5fd7744eb76d2c6907d8547c72f24034b3fbc42a4d224d6011f49c980ddeae,47fa6b8b887db592958717fa9dd7abf39572e0c1839e250db3256d7e911e9638,64,4048,e53cd56e0e9911d829bd978c3ca766f775d83d12ffb2ff77f051561f6be1cd0c
datased:DataSED - DataSED - Dataset for Sound Event Detection of environmental noise/SED_wav/S-0447.wav,DataSED - DataSED - Dataset for Sound Event Detection of environmental noise/SED_wav/S-0447.wav,DataSED - DataSED - Dataset for Sound Event Detection of environmental noise/SED_wav/S-0447.npy,1a880e6374ab0e741ace9edc4fb27a1419ce9d8fe0a59ec7825e44e35922c1bd,787ab7c40c31cdce45e2077998f4fd6008761863d9ba05fa96bd8b7b7d6865e6,64,6186,e53cd56e0e9911d829bd978c3ca766f775d83d12ffb2ff77f051561f6be1cd0c
datased:DataSED - DataSED - Dataset for Sound Event Detection of environmental noise/SED_wav/S-0448.wav,DataSED - DataSED - Dataset for Sound Event Detection of environmental noise/SED_wav/S-0448.wav,DataSED - DataSED - Dataset for Sound Event Detection of environmental noise/SED_wav/S-0448.npy,f2c323e2de34e21054dc6efa300acc19a23812eb31ac61fb28d0c57cc68f8c0a,d0f4b40d811217b937e42ee334f72bfb7bad1e9acae1502e6b12049bc0cfdb6a,64,4471,e53cd56e0e9911d829bd978c3ca766f775d83d12ffb2ff77f051561f6be1cd0c
datased:DataSED - DataSED - Dataset for Sound Event Detection of environmental noise/SED_wav/S-0449.wav,DataSED - DataSED - Dataset for Sound Event Detection of environmental noise/SED_wav/S-0449.wav,DataSED - DataSED - Dataset for Sound Event Detection of environmental noise/SED_wav/S-0449.npy,f0987d3cc3db7b54c95bab11f8e1b506b27074bd63148f0f55d0e9c00b1aade2,c28b887a2831e9fef268c89a84e59af7d1a359450c40d6577f40374be714691c,64,4988,e53cd56e0e9911d829bd978c3ca766f775d83d12ffb2ff77f051561f6be1cd0c
datased:DataSED - DataSED - Dataset for Sound Event Detection of environmental noise/SED_wav/S-0450.wav,DataSED - DataSED - Dataset for Sound Event Detection of environmental noise/SED_wav/S-0450.wav,DataSED - DataSED - Dataset for Sound Event Detection of environmental noise/SED_wav/S-0450.npy,eadedfe0c70662ee530714850e6df5bee68f2021946a6a2019f45509ea309f83,f9fdfb8622c9355c913cb624521a476092c54be6485d49af45abedc1c3999561,64,5994,e53cd56e0e9911d829bd978c3ca766f775d83d12ffb2ff77f051561f6be1cd0c
datased:DataSED - DataSED - Dataset for Sound Event Detection of environmental noise/SED_wav/S-0451.wav,DataSED - DataSED - Dataset for Sound Event Detection of environmental noise/SED_wav/S-0451.wav,DataSED - DataSED - Dataset for Sound Event Detection of environmental noise/SED_wav/S-0451.npy,4718e49cce6d46defdf2085823df78e4f2979f76a3ea085562fc2c42affcc8e8,1eb8149e392cbd3f56d4800f00b585183ad4e78a5b0327588b16cd5dd70afb00,64,4155,e53cd56e0e9911d829bd978c3ca766f775d83d12ffb2ff77f051561f6be1cd0c
datased:DataSED - DataSED - Dataset for Sound Event Detection of environmental noise/SED_wav/S-0452.wav,DataSED - DataSED - Dataset for Sound Event Detection of environmental noise/SED_wav/S-0452.wav,DataSED - DataSED - Dataset for Sound Event Detection of environmental noise/SED_wav/S-0452.npy,e7dd741a0206a3fb4f414592849b764d4c00583f20a19ee9c75b1fd3eabcfced,1f1ee34a5573ed26ae9c1bfa7f2b4ee374263683ebafd421caef2371432526bf,64,6129,e53cd56e0e9911d829bd978c3ca766f775d83d12ffb2ff77f051561f6be1cd0c
datased:DataSED - DataSED - Dataset for Sound Event Detection of environmental noise/SED_wav/S-0453.wav,DataSED - DataSED - Dataset for Sound Event Detection of environmental noise/SED_wav/S-0453.wav,DataSED - DataSED - Dataset for Sound Event Detection of environmental noise/SED_wav/S-0453.npy,d752477b4c38d8b66697d39b9c6417d6a09d3b657067681fb90c668bb059da66,ad9664ed0c1e75f32904759587d7b1e91746e1e6a2ca5290bb31c6ec35664b4b,64,5123,e53cd56e0e9911d829bd978c3ca766f775d83d12ffb2ff77f051561f6be1cd0c
datased:DataSED - DataSED - Dataset for Sound Event Detection of environmental noise/SED_wav/S-0454.wav,DataSED - DataSED - Dataset for Sound Event Detection of environmental noise/SED_wav/S-0454.wav,DataSED - DataSED - Dataset for Sound Event Detection of environmental noise/SED_wav/S-0454.npy,dd65e52a009abaa5cc768ef473c4117881b1142b801a9f458ac69ee39fc05b74,2e00367735d8b197a855e887976d72499e47c96135749584344075ee138c9828,64,5990,e53cd56e0e9911d829bd978c3ca766f775d83d12ffb2ff77f051561f6be1cd0c
datased:DataSED - DataSED - Dataset for Sound Event Detection of environmental noise/SED_wav/S-0455.wav,DataSED - DataSED - Dataset for Sound Event Detection of environmental noise/SED_wav/S-0455.wav,DataSED - DataSED - Dataset for Sound Event Detection of environmental noise/SED_wav/S-0455.npy,242af59bcb383727125b8f35acef48308fed1da2ccfb46c300150f9b6d7563bb,a0ef9ed0ac64ddd2d271e94f2de446e4dba443871c2ac11926f069e28506d5cc,64,659,e53cd56e0e9911d829bd978c3ca766f775d83d12ffb2ff77f051561f6be1cd0c
datased:DataSED - DataSED - Dataset for Sound Event Detection of environmental noise/SED_wav/S-0456.wav,DataSED - DataSED - Dataset for Sound Event Detection of environmental noise/SED_wav/S-0456.wav,DataSED - DataSED - Dataset for Sound Event Detection of environmental noise/SED_wav/S-0456.npy,52f132425352f2dde65b2da5225f355a67c94f1ea3293a3f6ed09fcaa3ef7bbf,488ef63f828e523bad026a040f729089f0494450e1bd59ce19f15243a2f16284,64,9323,e53cd56e0e9911d829bd978c3ca766f775d83d12ffb2ff77f051561f6be1cd0c
datased:DataSED - DataSED - Dataset for Sound Event Detection of environmental noise/SED_wav/S-0457.wav,DataSED - DataSED - Dataset for Sound Event Detection of environmental noise/SED_wav/S-0457.wav,DataSED - DataSED - Dataset for Sound Event Detection of environmental noise/SED_wav/S-0457.npy,2a73a1a9abaecabbf4099973881e5de8697bb806a03d44877343f5205204c4a0,7b1c8b86ffd2fc97cd87c4c7d722f0e34eebb7b7a38b7ace27f37b1e0b4ec73f,64,8076,e53cd56e0e9911d829bd978c3ca766f775d83d12ffb2ff77f051561f6be1cd0c
datased:DataSED - DataSED - Dataset for Sound Event Detection of environmental noise/SED_wav/S-0458.wav,DataSED - DataSED - Dataset for Sound Event Detection of environmental noise/SED_wav/S-0458.wav,DataSED - DataSED - Dataset for Sound Event Detection of environmental noise/SED_wav/S-0458.npy,0f254cca6ee3b166976850631e5fd5e7674b65408a58ac0f17c62c6cc8e9f948,f79379ccef79db8b6e5a0250e5ad4268a3577cdb153fcbc1c5e41b4ce0338545,64,9531,e53cd56e0e9911d829bd978c3ca766f775d83d12ffb2ff77f051561f6be1cd0c
datased:DataSED - DataSED - Dataset for Sound Event Detection of environmental noise/SED_wav/S-0459.wav,DataSED - DataSED - Dataset for Sound Event Detection of environmental noise/SED_wav/S-0459.wav,DataSED - DataSED - Dataset for Sound Event Detection of environmental noise/SED_wav/S-0459.npy,add56c8b11ff9111693d19df65ba5ac68319ec92bec37ef771277d33fc702261,eeae549935c3fdb67b8ed5c572715c935ae10dda5cb8f6eb21680b2725f5ec40,64,527,e53cd56e0e9911d829bd978c3ca766f775d83d12ffb2ff77f051561f6be1cd0c
datased:DataSED - DataSED - Dataset for Sound Event Detection of environmental noise/SED_wav/S-0460.wav,DataSED - DataSED - Dataset for Sound Event Detection of environmental noise/SED_wav/S-0460.wav,DataSED - DataSED - Dataset for Sound Event Detection of environmental noise/SED_wav/S-0460.npy,304e66af2076d75620e1e59d968043e75edef6b81952e55699d4a86cebdaa403,3760d05bb7a4f2dc15b9e67f8b8c815daec4015a4b1fd71d4da367248ad0dc47,64,5460,e53cd56e0e9911d829bd978c3ca766f775d83d12ffb2ff77f051561f6be1cd0c
datased:DataSED - DataSED - Dataset for Sound Event Detection of environmental noise/SED_wav/S-0461.wav,DataSED - DataSED - Dataset for Sound Event Detection of environmental noise/SED_wav/S-0461.wav,DataSED - DataSED - Dataset for Sound Event Detection of environmental noise/SED_wav/S-0461.npy,0b9234fe0f3e64fd2557ed28b3246eddebb86b1b23f598674282754c78a999f9,f291cee7192fdf13355d37eb8e476d6fdb91b20c162d33ae754b58efd636df06,64,5313,e53cd56e0e9911d829bd978c3ca766f775d83d12ffb2ff77f051561f6be1cd0c
datased:DataSED - DataSED - Dataset for Sound Event Detection of environmental noise/SED_wav/S-0462.wav,DataSED - DataSED - Dataset for Sound Event Detection of environmental noise/SED_wav/S-0462.wav,DataSED - DataSED - Dataset for Sound Event Detection of environmental noise/SED_wav/S-0462.npy,a94b09f1cdd6fa3fdb8ca46ce3fa9bb21d1a1847e33b5a3082b9d322cc564ab6,159fd4ae51e066713e00af5f94bdbf9cc77d19d447763023c863d02fa4aa0510,64,6011,e53cd56e0e9911d829bd978c3ca766f775d83d12ffb2ff77f051561f6be1cd0c
datased:DataSED - DataSED - Dataset for Sound Event Detection of environmental noise/SED_wav/S-0463.wav,DataSED - DataSED - Dataset for Sound Event Detection of environmental noise/SED_wav/S-0463.wav,DataSED - DataSED - Dataset for Sound Event Detection of environmental noise/SED_wav/S-0463.npy,6c747f93fae89ba0a9f924b10d690622e5cdd1571a03f61af76f569214fff9d8,c84097c7a3cab46823fd36b85631e981dd450c25e85469b57894ba0a13d1c742,64,6011,e53cd56e0e9911d829bd978c3ca766f775d83d12ffb2ff77f051561f6be1cd0c
datased:DataSED - DataSED - Dataset for Sound Event Detection of environmental noise/SED_wav/S-0464.wav,DataSED - DataSED - Dataset for Sound Event Detection of environmental noise/SED_wav/S-0464.wav,DataSED - DataSED - Dataset for Sound Event Detection of environmental noise/SED_wav/S-0464.npy,f850c2c1463e7d7b7d6a0e37c855e8adb90b95f77389a6ca7c83ab97622f94c6,33920da7e23e6dc3b5839a5d22c43d79f8f1b181490b53001ff0f5b2c4f51566,64,1668,e53cd56e0e9911d829bd978c3ca766f775d83d12ffb2ff77f051561f6be1cd0c
datased:DataSED - DataSED - Dataset for Sound Event Detection of environmental noise/SED_wav/S-0465.wav,DataSED - DataSED - Dataset for Sound Event Detection of environmental noise/SED_wav/S-0465.wav,DataSED - DataSED - Dataset for Sound Event Detection of environmental noise/SED_wav/S-0465.npy,1b63ab3e2a73f0a64135cc578016c1affbd6bc664dfd938c8546e6ad1d9c7409,2b266c9640b0a7703e8cb3c05c678de3aa993cd7ba2bb623d7244937b64fa169,64,2341,e53cd56e0e9911d829bd978c3ca766f775d83d12ffb2ff77f051561f6be1cd0c
datased:DataSED - DataSED - Dataset for Sound Event Detection of environmental noise/SED_wav/S-0466.wav,DataSED - DataSED - Dataset for Sound Event Detection of environmental noise/SED_wav/S-0466.wav,DataSED - DataSED - Dataset for Sound Event Detection of environmental noise/SED_wav/S-0466.npy,84d609d550cf4baffc6aaf5068051db52d06ac42057e6c90b02941f48efd43e8,c9965a35f3be69ae85e93ac13a45277645ea5a0e77d4d58395e44af69190a746,64,1613,e53cd56e0e9911d829bd978c3ca766f775d83d12ffb2ff77f051561f6be1cd0c
datased:DataSED - DataSED - Dataset for Sound Event Detection of environmental noise/SED_wav/S-0467.wav,DataSED - DataSED - Dataset for Sound Event Detection of environmental noise/SED_wav/S-0467.wav,DataSED - DataSED - Dataset for Sound Event Detection of environmental noise/SED_wav/S-0467.npy,123d5942bfde22554715169cfe69deaa16978987d21b1fcd54f7650823e90519,959aa79acef09d5fc05a9a6426893891b64a627a8e7845a5c8c6bd654f0259f7,64,544,e53cd56e0e9911d829bd978c3ca766f775d83d12ffb2ff77f051561f6be1cd0c
datased:DataSED - DataSED - Dataset for Sound Event Detection of environmental noise/SED_wav/S-0468.wav,DataSED - DataSED - Dataset for Sound Event Detection of environmental noise/SED_wav/S-0468.wav,DataSED - DataSED - Dataset for Sound Event Detection of environmental noise/SED_wav/S-0468.npy,9e694151a58abc83137d78f9384192d0e18816964cad03ac6bb442770d51c93b,c79280b3ee0f1d47d02ee86f0d8bf123806e56b0f435f9126f6aae6e3f8713eb,64,823,e53cd56e0e9911d829bd978c3ca766f775d83d12ffb2ff77f051561f6be1cd0c
datased:DataSED - DataSED - Dataset for Sound Event Detection of environmental noise/SED_wav/S-0469.wav,DataSED - DataSED - Dataset for Sound Event Detection of environmental noise/SED_wav/S-0469.wav,DataSED - DataSED - Dataset for Sound Event Detection of environmental noise/SED_wav/S-0469.npy,bb5882114033b6465c47fda9b839a7fb8db35a591b6f8a2dee9dac5dcbe87e7d,12317c941525af8c596e2d9fe4777694ea725829cab1756db50269d004db0f93,64,302,e53cd56e0e9911d829bd978c3ca766f775d83d12ffb2ff77f051561f6be1cd0c
datased:DataSED - DataSED - Dataset for Sound Event Detection of environmental noise/SED_wav/S-0470.wav,DataSED - DataSED - Dataset for Sound Event Detection of environmental noise/SED_wav/S-0470.wav,DataSED - DataSED - Dataset for Sound Event Detection of environmental noise/SED_wav/S-0470.npy,eadb24c24aa6e437e37be330f9ed2e8d2678154aa20338aa01aac9d158b5f6c6,63bdaa943ee55173f903f13424ffe6b127b70419c3576ae1553471f91b51298c,64,787,e53cd56e0e9911d829bd978c3ca766f775d83d12ffb2ff77f051561f6be1cd0c
datased:DataSED - DataSED - Dataset for Sound Event Detection of environmental noise/SED_wav/S-0471.wav,DataSED - DataSED - Dataset for Sound Event Detection of environmental noise/SED_wav/S-0471.wav,DataSED - DataSED - Dataset for Sound Event Detection of environmental noise/SED_wav/S-0471.npy,b188276899736bcdbceb3b96bfddbe8dafa0e8fcbbeb084c11599a0d76906593,ebe4d43713c0121cbb27730e93db19731c7b5cad03ddc1aa5585c2d1697208a0,64,1271,e53cd56e0e9911d829bd978c3ca766f775d83d12ffb2ff77f051561f6be1cd0c
datased:DataSED - DataSED - Dataset for Sound Event Detection of environmental noise/SED_wav/S-0472.wav,DataSED - DataSED - Dataset for Sound Event Detection of environmental noise/SED_wav/S-0472.wav,DataSED - DataSED - Dataset for Sound Event Detection of environmental noise/SED_wav/S-0472.npy,ff31351564bfb856f70d146eb7489af96e8add0e5d6826f843f38faf34d785ab,da0c877d5d855c9a9a03c124e02cdcbf3bf2aff6ab790b1672f92dc161f0c53c,64,2045,e53cd56e0e9911d829bd978c3ca766f775d83d12ffb2ff77f051561f6be1cd0c
datased:DataSED - DataSED - Dataset for Sound Event Detection of environmental noise/SED_wav/S-0473.wav,DataSED - DataSED - Dataset for Sound Event Detection of environmental noise/SED_wav/S-0473.wav,DataSED - DataSED - Dataset for Sound Event Detection of environmental noise/SED_wav/S-0473.npy,6e18a3e848f805aae15229795f969722dc8799c8bbc585e05f313f16da1b4a48,6b387f518929a5ef98d50abd386ada921385233e79e73d9225b27b04e62dd2ae,64,939,e53cd56e0e9911d829bd978c3ca766f775d83d12ffb2ff77f051561f6be1cd0c
datased:DataSED - DataSED - Dataset for Sound Event Detection of environmental noise/SED_wav/S-0474.wav,DataSED - DataSED - Dataset for Sound Event Detection of environmental noise/SED_wav/S-0474.wav,DataSED - DataSED - Dataset for Sound Event Detection of environmental noise/SED_wav/S-0474.npy,f2da5680f1b318189786cd761178996591be8fd3511609ac2d3e31c2924b4232,b5d40dcf9918ed8af32c68a8261cec6869012e0bcd3b1a89628a078774fa0d95,64,630,e53cd56e0e9911d829bd978c3ca766f775d83d12ffb2ff77f051561f6be1cd0c
datased:DataSED - DataSED - Dataset for Sound Event Detection of environmental noise/SED_wav/S-0475.wav,DataSED - DataSED - Dataset for Sound Event Detection of environmental noise/SED_wav/S-0475.wav,DataSED - DataSED - Dataset for Sound Event Detection of environmental noise/SED_wav/S-0475.npy,100f73a3b53e4a612e0d2ee7d95d39d28f4c405f328b5ec0198c7d949f3a4465,ff34a32b3675acf0543ec917820f789ae522de9d7a2698d2a8eba1599fcb2a0c,64,4628,e53cd56e0e9911d829bd978c3ca766f775d83d12ffb2ff77f051561f6be1cd0c
datased:DataSED - DataSED - Dataset for Sound Event Detection of environmental noise/SED_wav/S-0476.wav,DataSED - DataSED - Dataset for Sound Event Detection of environmental noise/SED_wav/S-0476.wav,DataSED - DataSED - Dataset for Sound Event Detection of environmental noise/SED_wav/S-0476.npy,71b206fbaac5e278f7f7f931f23c3d6ccfcd6398c73aa2580cbc9da53a1a3d90,4211bce558ac67111105c844b0a5844ea3a6250e3e36e144f3064281dba5c54f,64,6994,e53cd56e0e9911d829bd978c3ca766f775d83d12ffb2ff77f051561f6be1cd0c
datased:DataSED - DataSED - Dataset for Sound Event Detection of environmental noise/SED_wav/S-0477.wav,DataSED - DataSED - Dataset for Sound Event Detection of environmental noise/SED_wav/S-0477.wav,DataSED - DataSED - Dataset for Sound Event Detection of environmental noise/SED_wav/S-0477.npy,2355568ef684d353824f95b5fb92cdb3f2e9bacf1e55b0cec8462c8e689d8098,d15e78c6f52e5dc20eebdd071e1d7da46809ce979fa388b27b23af7504700b13,64,5282,e53cd56e0e9911d829bd978c3ca766f775d83d12ffb2ff77f051561f6be1cd0c
datased:DataSED - DataSED - Dataset for Sound Event Detection of environmental noise/SED_wav/S-0478.wav,DataSED - DataSED - Dataset for Sound Event Detection of environmental noise/SED_wav/S-0478.wav,DataSED - DataSED - Dataset for Sound Event Detection of environmental noise/SED_wav/S-0478.npy,ebe6465101ebe3f44649ee7c8ac6444aac219501e5686a89b669cf45de77f869,f39f5015dde6dda59bd92e7c7d934e0860372e7fcea001a7499345d70e366ab7,64,1563,e53cd56e0e9911d829bd978c3ca766f775d83d12ffb2ff77f051561f6be1cd0c
datased:DataSED - DataSED - Dataset for Sound Event Detection of environmental noise/SED_wav/S-0479.wav,DataSED - DataSED - Dataset for Sound Event Detection of environmental noise/SED_wav/S-0479.wav,DataSED - DataSED - Dataset for Sound Event Detection of environmental noise/SED_wav/S-0479.npy,b01e4ae1dbb0b9d980b7386e188c8a12b8cd1e55454b25674b9607f7c52c4e83,c63d570d9e6c019ef7c0c88e9f4a57501713f38a2ee3d828eef03c11d9299eb2,64,4997,e53cd56e0e9911d829bd978c3ca766f775d83d12ffb2ff77f051561f6be1cd0c
datased:DataSED - DataSED - Dataset for Sound Event Detection of environmental noise/SED_wav/S-0480.wav,DataSED - DataSED - Dataset for Sound Event Detection of environmental noise/SED_wav/S-0480.wav,DataSED - DataSED - Dataset for Sound Event Detection of environmental noise/SED_wav/S-0480.npy,d85e1c503d782c384ee0c296aeddd7bd4c3500271e9c41c1ab936dc390ee8a45,9c97fa359ab688632f0b6a67489dc9ed8efb8807dcf66a67def7e381304988d5,64,6184,e53cd56e0e9911d829bd978c3ca766f775d83d12ffb2ff77f051561f6be1cd0c
datased:DataSED - DataSED - Dataset for Sound Event Detection of environmental noise/SED_wav/S-0481.wav,DataSED - DataSED - Dataset for Sound Event Detection of environmental noise/SED_wav/S-0481.wav,DataSED - DataSED - Dataset for Sound Event Detection of environmental noise/SED_wav/S-0481.npy,2fc9f263f5b72b2bd266098cee785eb7741d1eeb26999c509c1d9e3884684427,83720125cebba16b1a9d4375de650f9492334b2db53d21cdc479e72c0048889d,64,2601,e53cd56e0e9911d829bd978c3ca766f775d83d12ffb2ff77f051561f6be1cd0c
datased:DataSED - DataSED - Dataset for Sound Event Detection of environmental noise/SED_wav/S-0482.wav,DataSED - DataSED - Dataset for Sound Event Detection of environmental noise/SED_wav/S-0482.wav,DataSED - DataSED - Dataset for Sound Event Detection of environmental noise/SED_wav/S-0482.npy,de4e739efe712ad8bb41d696a42e0a5ab989bf5d1d82941f568db1d6bec867f2,bd9f0218fb2483c9eef2503d94dc2bcc1d960c9bcaa939959e157f0e63d850be,64,3855,e53cd56e0e9911d829bd978c3ca766f775d83d12ffb2ff77f051561f6be1cd0c
datased:DataSED - DataSED - Dataset for Sound Event Detection of environmental noise/SED_wav/S-0483.wav,DataSED - DataSED - Dataset for Sound Event Detection of environmental noise/SED_wav/S-0483.wav,DataSED - DataSED - Dataset for Sound Event Detection of environmental noise/SED_wav/S-0483.npy,b293230773b5b2656e55ce90399e5815bc4f2aa95683bec27da2fae5ddb4826a,a0d9333238083046166e3641507dadb48ce334a15468f9cb22b97069c90aa9cd,64,3975,e53cd56e0e9911d829bd978c3ca766f775d83d12ffb2ff77f051561f6be1cd0c
datased:DataSED - DataSED - Dataset for Sound Event Detection of environmental noise/SED_wav/S-0484.wav,DataSED - DataSED - Dataset for Sound Event Detection of environmental noise/SED_wav/S-0484.wav,DataSED - DataSED - Dataset for Sound Event Detection of environmental noise/SED_wav/S-0484.npy,17c072f2482303e9f1bab06c459fc63258076e64a9962911ef22280a0b17fba7,3f1d8254608d100d226c4867a93edabb3bb4bd8b5b8a98f53beadd7711e6430c,64,1569,e53cd56e0e9911d829bd978c3ca766f775d83d12ffb2ff77f051561f6be1cd0c
datased:DataSED - DataSED - Dataset for Sound Event Detection of environmental noise/SED_wav/S-0485.wav,DataSED - DataSED - Dataset for Sound Event Detection of environmental noise/SED_wav/S-0485.wav,DataSED - DataSED - Dataset for Sound Event Detection of environmental noise/SED_wav/S-0485.npy,78d4f8351012635fffa0692183c9e3114aa145b023c2d14bd9a143ff2ff13ccf,d6c23cfc4130c734c8bd0806c0440ab6a73e28fadeccaeb25eeaf716ec896005,64,4651,e53cd56e0e9911d829bd978c3ca766f775d83d12ffb2ff77f051561f6be1cd0c
datased:DataSED - DataSED - Dataset for Sound Event Detection of environmental noise/SED_wav/S-0486.wav,DataSED - DataSED - Dataset for Sound Event Detection of environmental noise/SED_wav/S-0486.wav,DataSED - DataSED - Dataset for Sound Event Detection of environmental noise/SED_wav/S-0486.npy,6b8eefb99fb95d74a2b82b178bd68740098431a914cace7e5acea45d813d1977,f0e8a7304b213f88ecad52eda53bc19faf123fe1646aca097458e51713bdb185,64,7073,e53cd56e0e9911d829bd978c3ca766f775d83d12ffb2ff77f051561f6be1cd0c
datased:DataSED - DataSED - Dataset for Sound Event Detection of environmental noise/SED_wav/S-0487.wav,DataSED - DataSED - Dataset for Sound Event Detection of environmental noise/SED_wav/S-0487.wav,DataSED - DataSED - Dataset for Sound Event Detection of environmental noise/SED_wav/S-0487.npy,4b08e395e6f9fcc7f3a9d3e3514c705af32e8e763ed304f7b6cba4bc641cfa36,4a450d7e7f5664cca394a99148406b34f3726f2a7aca6d07a2cb92941c7f0803,64,2450,e53cd56e0e9911d829bd978c3ca766f775d83d12ffb2ff77f051561f6be1cd0c
datased:DataSED - DataSED - Dataset for Sound Event Detection of environmental noise/SED_wav/S-0488.wav,DataSED - DataSED - Dataset for Sound Event Detection of environmental noise/SED_wav/S-0488.wav,DataSED - DataSED - Dataset for Sound Event Detection of environmental noise/SED_wav/S-0488.npy,6f70cef409c9d001d89b1041ce6874673b86a36672d4e9838e56838365686793,f03660a6ad5202485869b940ac32307d2e46a20149efed27a7b159e158d45d72,64,2473,e53cd56e0e9911d829bd978c3ca766f775d83d12ffb2ff77f051561f6be1cd0c
datased:DataSED - DataSED - Dataset for Sound Event Detection of environmental noise/SED_wav/S-0489.wav,DataSED - DataSED - Dataset for Sound Event Detection of environmental noise/SED_wav/S-0489.wav,DataSED - DataSED - Dataset for Sound Event Detection of environmental noise/SED_wav/S-0489.npy,73659e07d521d0c3864e225f1879bc8f529404e68d763e57596836eb740b8d91,14d941db8054a1a6a75a14b45fddd78b1988cf102cd5f70f8ad7fe430f2483e9,64,2076,e53cd56e0e9911d829bd978c3ca766f775d83d12ffb2ff77f051561f6be1cd0c
datased:DataSED - DataSED - Dataset for Sound Event Detection of environmental noise/SED_wav/S-0490.wav,DataSED - DataSED - Dataset for Sound Event Detection of environmental noise/SED_wav/S-0490.wav,DataSED - DataSED - Dataset for Sound Event Detection of environmental noise/SED_wav/S-0490.npy,e11f2764bae81129867dee8faabe3ea1c282b29b9186f12d46f47ad0fd0eeddd,8cd4e010818c7c772b36a6a62087707c6e52c8de0afc66e19c2efe5006247f5d,64,5889,e53cd56e0e9911d829bd978c3ca766f775d83d12ffb2ff77f051561f6be1cd0c
datased:DataSED - DataSED - Dataset for Sound Event Detection of environmental noise/SED_wav/S-0491.wav,DataSED - DataSED - Dataset for Sound Event Detection of environmental noise/SED_wav/S-0491.wav,DataSED - DataSED - Dataset for Sound Event Detection of environmental noise/SED_wav/S-0491.npy,b1e3550947ff1cf740bfeede2015bb5048a0395eb5292b7737fd2e13636753c7,e634653d28185a0b6b96a240c784e8a8ba6c086b0be3fc493a434e6c9ece5819,64,743,e53cd56e0e9911d829bd978c3ca766f775d83d12ffb2ff77f051561f6be1cd0c
datased:DataSED - DataSED - Dataset for Sound Event Detection of environmental noise/SED_wav/S-0492.wav,DataSED - DataSED - Dataset for Sound Event Detection of environmental noise/SED_wav/S-0492.wav,DataSED - DataSED - Dataset for Sound Event Detection of environmental noise/SED_wav/S-0492.npy,1cc3c018f2ffbf3302f149aeb16496faba6c49a7c43f4db4ed775cc274fc18f9,e5e9d733103d32fd95a21af4749c72f6b852f8e7caa6241734fb388c4cfb36ce,64,1980,e53cd56e0e9911d829bd978c3ca766f775d83d12ffb2ff77f051561f6be1cd0c
datased:DataSED - DataSED - Dataset for Sound Event Detection of environmental noise/SED_wav/S-0493.wav,DataSED - DataSED - Dataset for Sound Event Detection of environmental noise/SED_wav/S-0493.wav,DataSED - DataSED - Dataset for Sound Event Detection of environmental noise/SED_wav/S-0493.npy,7f07edaa36abd819c8affb27031a112caf5210646b87238e2e121a1fe705d175,554d0931099ddd4062ad3e0b50cfc699c82c037ec62f430b0a82694b1d51e16f,64,3138,e53cd56e0e9911d829bd978c3ca766f775d83d12ffb2ff77f051561f6be1cd0c
datased:DataSED - DataSED - Dataset for Sound Event Detection of environmental noise/SED_wav/S-0494.wav,DataSED - DataSED - Dataset for Sound Event Detection of environmental noise/SED_wav/S-0494.wav,DataSED - DataSED - Dataset for Sound Event Detection of environmental noise/SED_wav/S-0494.npy,912ba6091a7c9761ce288a746b84b1b88772d776f6ea1465f12f71c17917a682,3a5b5248fa9ca34697b1ad376f1a0fa98031bcfb395ac3037920a914d3471f70,64,1524,e53cd56e0e9911d829bd978c3ca766f775d83d12ffb2ff77f051561f6be1cd0c
datased:DataSED - DataSED - Dataset for Sound Event Detection of environmental noise/SED_wav/S-0495.wav,DataSED - DataSED - Dataset for Sound Event Detection of environmental noise/SED_wav/S-0495.wav,DataSED - DataSED - Dataset for Sound Event Detection of environmental noise/SED_wav/S-0495.npy,33347425e75d9f7e3bb972b97132ad7b6b030db241661b71df4334ed041b0ee6,7fdc390f4700ef4ba88c1067f400d338dbee656600e301c9083d15be0aa02270,64,4585,e53cd56e0e9911d829bd978c3ca766f775d83d12ffb2ff77f051561f6be1cd0c
datased:DataSED - DataSED - Dataset for Sound Event Detection of environmental noise/SED_wav/S-0496.wav,DataSED - DataSED - Dataset for Sound Event Detection of environmental noise/SED_wav/S-0496.wav,DataSED - DataSED - Dataset for Sound Event Detection of environmental noise/SED_wav/S-0496.npy,314aa48473c93bb1f6c21b2ce60f597545a55251b3257b4e6df214b4966edf6c,c81f5c4005f12b373847359a6af039e8746fa0078bdd6312a26377b268bf0062,64,4673,e53cd56e0e9911d829bd978c3ca766f775d83d12ffb2ff77f051561f6be1cd0c
datased:DataSED - DataSED - Dataset for Sound Event Detection of environmental noise/SED_wav/S-0497.wav,DataSED - DataSED - Dataset for Sound Event Detection of environmental noise/SED_wav/S-0497.wav,DataSED - DataSED - Dataset for Sound Event Detection of environmental noise/SED_wav/S-0497.npy,37c4158e2ec5387790178564ad59dc4fe5f1fa41c9f55848323beaa32a58822b,bfe6ce6ad00d4b51151bd6f81da7864941edbaf56627c8c78565719f3117ff96,64,4034,e53cd56e0e9911d829bd978c3ca766f775d83d12ffb2ff77f051561f6be1cd0c
datased:DataSED - DataSED - Dataset for Sound Event Detection of environmental noise/SED_wav/S-0498.wav,DataSED - DataSED - Dataset for Sound Event Detection of environmental noise/SED_wav/S-0498.wav,DataSED - DataSED - Dataset for Sound Event Detection of environmental noise/SED_wav/S-0498.npy,40985194edf171bcccbc54afaeedb66b073f7449c1e0e9eac87f51e0ec6ae5d4,9b6458cf5b30bd37a9a1d8db56a7abb0d78c9168366da8fad55fcff78f3c3736,64,1444,e53cd56e0e9911d829bd978c3ca766f775d83d12ffb2ff77f051561f6be1cd0c
datased:DataSED - DataSED - Dataset for Sound Event Detection of environmental noise/SED_wav/S-0499.wav,DataSED - DataSED - Dataset for Sound Event Detection of environmental noise/SED_wav/S-0499.wav,DataSED - DataSED - Dataset for Sound Event Detection of environmental noise/SED_wav/S-0499.npy,9f68f592fffbc1a6a3e1d25fb734104a05cd4c40ca50a7cd15f1e4f5f06a2332,27ea1604be52e77e491f7737b20f9539678d0c7640df2dc0ca4257c8d0ba6c06,64,5466,e53cd56e0e9911d829bd978c3ca766f775d83d12ffb2ff77f051561f6be1cd0c
datased:DataSED - DataSED - Dataset for Sound Event Detection of environmental noise/SED_wav/S-0500.wav,DataSED - DataSED - Dataset for Sound Event Detection of environmental noise/SED_wav/S-0500.wav,DataSED - DataSED - Dataset for Sound Event Detection of environmental noise/SED_wav/S-0500.npy,8eb18dc80b6519e85d79eb8be9b72233b9cfbb4a724685869abccbef997ec886,26697a773b5501dafcba1708cc3aefd09aa86a937d384df8953627f69b613718,64,5028,e53cd56e0e9911d829bd978c3ca766f775d83d12ffb2ff77f051561f6be1cd0c
datased:DataSED - DataSED - Dataset for Sound Event Detection of environmental noise/SED_wav/S-0501.wav,DataSED - DataSED - Dataset for Sound Event Detection of environmental noise/SED_wav/S-0501.wav,DataSED - DataSED - Dataset for Sound Event Detection of environmental noise/SED_wav/S-0501.npy,456d5ff3215c4d201f131308a7ca61a745a4461e7a25716ace423a368917fcdc,0529c33b7d2e9cec65fde3ab025626bbfde93a2901aa46ffe52d3053fef10f82,64,925,e53cd56e0e9911d829bd978c3ca766f775d83d12ffb2ff77f051561f6be1cd0c
datased:DataSED - DataSED - Dataset for Sound Event Detection of environmental noise/SED_wav/S-0502.wav,DataSED - DataSED - Dataset for Sound Event Detection of environmental noise/SED_wav/S-0502.wav,DataSED - DataSED - Dataset for Sound Event Detection of environmental noise/SED_wav/S-0502.npy,b65449e15fb4ecf0327986f6a45fed2f977d36daf62dabf62f69e9e62b2d903f,412b90b62a24059f03f11a81caf197a5a4b032269b08a10dcd4e5c7a265a9e6b,64,6490,e53cd56e0e9911d829bd978c3ca766f775d83d12ffb2ff77f051561f6be1cd0c
datased:DataSED - DataSED - Dataset for Sound Event Detection of environmental noise/SED_wav/S-0503.wav,DataSED - DataSED - Dataset for Sound Event Detection of environmental noise/SED_wav/S-0503.wav,DataSED - DataSED - Dataset for Sound Event Detection of environmental noise/SED_wav/S-0503.npy,f315ce8f41d458f3da97df2392e0b6a001fd583b0cf6060ad234cee37986be73,d58e18492d546334131d66ba4853625f00e0cc17482b1de0fe64a246d542bd94,64,6243,e53cd56e0e9911d829bd978c3ca766f775d83d12ffb2ff77f051561f6be1cd0c
datased:DataSED - DataSED - Dataset for Sound Event Detection of environmental noise/SED_wav/S-0504.wav,DataSED - DataSED - Dataset for Sound Event Detection of environmental noise/SED_wav/S-0504.wav,DataSED - DataSED - Dataset for Sound Event Detection of environmental noise/SED_wav/S-0504.npy,cc84cb212f39c40f67951ed6fc104535575eb1e32370190f14168262c59f7375,59595dce8365fbcb5f7e3b7902fa348a8717bccf83003f77238d23be4b5c5aca,64,7003,e53cd56e0e9911d829bd978c3ca766f775d83d12ffb2ff77f051561f6be1cd0c
datased:DataSED - DataSED - Dataset for Sound Event Detection of environmental noise/SED_wav/S-0505.wav,DataSED - DataSED - Dataset for Sound Event Detection of environmental noise/SED_wav/S-0505.wav,DataSED - DataSED - Dataset for Sound Event Detection of environmental noise/SED_wav/S-0505.npy,7093f7e1b3ec57cdb4a330279b11901a516e56cd0b77e00da08e2a6b758fcb4a,5f0b817ce8e589e356f70156394e6288654290bd7e0f8cba868bd18790d6c8e8,64,7603,e53cd56e0e9911d829bd978c3ca766f775d83d12ffb2ff77f051561f6be1cd0c
datased:DataSED - DataSED - Dataset for Sound Event Detection of environmental noise/SED_wav/S-0506.wav,DataSED - DataSED - Dataset for Sound Event Detection of environmental noise/SED_wav/S-0506.wav,DataSED - DataSED - Dataset for Sound Event Detection of environmental noise/SED_wav/S-0506.npy,5a23a6a471b75993c4e4a3d71163544b91bcf3523533f894f055b7f90dfb3e3c,5369770d7945226275dbe2dd962ab781bf8538f87a317d813844e2db1e6165b7,64,7024,e53cd56e0e9911d829bd978c3ca766f775d83d12ffb2ff77f051561f6be1cd0c
datased:DataSED - DataSED - Dataset for Sound Event Detection of environmental noise/SED_wav/S-0507.wav,DataSED - DataSED - Dataset for Sound Event Detection of environmental noise/SED_wav/S-0507.wav,DataSED - DataSED - Dataset for Sound Event Detection of environmental noise/SED_wav/S-0507.npy,3845b50694be1a3eb43f90d99328f67e9478d8bcb2e13678819c64cb5a1485ed,324377ba2293faa9795e32de821cfc2fe763fef97a1201a9c31ca2ec1335f8a1,64,2263,e53cd56e0e9911d829bd978c3ca766f775d83d12ffb2ff77f051561f6be1cd0c
datased:DataSED - DataSED - Dataset for Sound Event Detection of environmental noise/SED_wav/S-0508.wav,DataSED - DataSED - Dataset for Sound Event Detection of environmental noise/SED_wav/S-0508.wav,DataSED - DataSED - Dataset for Sound Event Detection of environmental noise/SED_wav/S-0508.npy,cebb7307a5b7f3576168ad56973e4a79f0b04650446a4891e22b9e27da6befe9,abfbe24dbab4414ecc2f8851771407677bb7180b23a154c4a852370ea745e74f,64,1649,e53cd56e0e9911d829bd978c3ca766f775d83d12ffb2ff77f051561f6be1cd0c
datased:DataSED - DataSED - Dataset for Sound Event Detection of environmental noise/SED_wav/S-0509.wav,DataSED - DataSED - Dataset for Sound Event Detection of environmental noise/SED_wav/S-0509.wav,DataSED - DataSED - Dataset for Sound Event Detection of environmental noise/SED_wav/S-0509.npy,5d80a5c3b85f38cc4756e9ab5c85eb991c3ba2c2eb2fde68d88198aea23bf02a,8679d3755b4aa228fb3fe8fc60ca39c5bba76d778cec351577e9957d1914b17c,64,2852,e53cd56e0e9911d829bd978c3ca766f775d83d12ffb2ff77f051561f6be1cd0c
datased:DataSED - DataSED - Dataset for Sound Event Detection of environmental noise/SED_wav/S-0510.wav,DataSED - DataSED - Dataset for Sound Event Detection of environmental noise/SED_wav/S-0510.wav,DataSED - DataSED - Dataset for Sound Event Detection of environmental noise/SED_wav/S-0510.npy,d25dc6502c36d342f5f2765378528b468a0dcb560bde0740a2c591a1d5d01888,a1d40515690c0b718730df03b089a7269a8a0008529c76e8026b872264c5a3a0,64,435,e53cd56e0e9911d829bd978c3ca766f775d83d12ffb2ff77f051561f6be1cd0c
datased:DataSED - DataSED - Dataset for Sound Event Detection of environmental noise/SED_wav/S-0511.wav,DataSED - DataSED - Dataset for Sound Event Detection of environmental noise/SED_wav/S-0511.wav,DataSED - DataSED - Dataset for Sound Event Detection of environmental noise/SED_wav/S-0511.npy,60b833e40d183391e278937d3f0e24fe635a9b49195bbbbdf9f447848f4f4b93,e21b457b2323f65a647fbdd898895f8d12d58f62638af624ffba774c788225ac,64,1448,e53cd56e0e9911d829bd978c3ca766f775d83d12ffb2ff77f051561f6be1cd0c
datased:DataSED - DataSED - Dataset for Sound Event Detection of environmental noise/SED_wav/S-0512.wav,DataSED - DataSED - Dataset for Sound Event Detection of environmental noise/SED_wav/S-0512.wav,DataSED - DataSED - Dataset for Sound Event Detection of environmental noise/SED_wav/S-0512.npy,7b6a9908e026e177ec5f3747f6e5af2e281afb78af16433c92ff9c371bc89613,6c07b8705982f04d44b04e2f393d99e7607a8176c6eb25abb620010ef339e559,64,833,e53cd56e0e9911d829bd978c3ca766f775d83d12ffb2ff77f051561f6be1cd0c
datased:DataSED - DataSED - Dataset for Sound Event Detection of environmental noise/SED_wav/S-0513.wav,DataSED - DataSED - Dataset for Sound Event Detection of environmental noise/SED_wav/S-0513.wav,DataSED - DataSED - Dataset for Sound Event Detection of environmental noise/SED_wav/S-0513.npy,4395e9067f30d3dd5ad865ca2d38b65f72791661b8621612b47f77064aac0847,d9ada410f545d2f9a55d980a5eff4b417e6b1d3a3ac05f0e4ac35804bf33ca98,64,2088,e53cd56e0e9911d829bd978c3ca766f775d83d12ffb2ff77f051561f6be1cd0c
datased:DataSED - DataSED - Dataset for Sound Event Detection of environmental noise/SED_wav/S-0514.wav,DataSED - DataSED - Dataset for Sound Event Detection of environmental noise/SED_wav/S-0514.wav,DataSED - DataSED - Dataset for Sound Event Detection of environmental noise/SED_wav/S-0514.npy,159fb1cb4d15dd9ca8e77ac30afd96cc94f57d13a560ebdb2f9af1348c34b37a,3c5e53f52c15c30e9cd1be2d867bcc207ba521fb950f5708ffcc0d5276c5f4e4,64,3044,e53cd56e0e9911d829bd978c3ca766f775d83d12ffb2ff77f051561f6be1cd0c
datased:DataSED - DataSED - Dataset for Sound Event Detection of environmental noise/SED_wav/S-0515.wav,DataSED - DataSED - Dataset for Sound Event Detection of environmental noise/SED_wav/S-0515.wav,DataSED - DataSED - Dataset for Sound Event Detection of environmental noise/SED_wav/S-0515.npy,74eaf298719a0b0fb2e4c7d7f5237c21893c2520e476813bf1ef87cf86c42661,40a63fd7496ab93603c9934644d507fa0f8747ca7f7569642bfe8fba3070351e,64,7367,e53cd56e0e9911d829bd978c3ca766f775d83d12ffb2ff77f051561f6be1cd0c
datased:DataSED - DataSED - Dataset for Sound Event Detection of environmental noise/SED_wav/S-0516.wav,DataSED - DataSED - Dataset for Sound Event Detection of environmental noise/SED_wav/S-0516.wav,DataSED - DataSED - Dataset for Sound Event Detection of environmental noise/SED_wav/S-0516.npy,d15a0760a82d138e2ad2021051e2ab11be0314fce19a21d08f3a655ac2064234,db7fbfa8ea18c1196ef14bf8352f436480ab3b8904e4972a4998e4eb26ab503b,64,9109,e53cd56e0e9911d829bd978c3ca766f775d83d12ffb2ff77f051561f6be1cd0c
datased:DataSED - DataSED - Dataset for Sound Event Detection of environmental noise/SED_wav/S-0517.wav,DataSED - DataSED - Dataset for Sound Event Detection of environmental noise/SED_wav/S-0517.wav,DataSED - DataSED - Dataset for Sound Event Detection of environmental noise/SED_wav/S-0517.npy,25ad980ad37d3627bb8abac48812c2d7edefc8e9cf8c02d6d3c17bea934348a4,a3eabb81d69d9aa5b73d69822403e67352292216d426c4b937166dcb4ca61735,64,10305,e53cd56e0e9911d829bd978c3ca766f775d83d12ffb2ff77f051561f6be1cd0c
datased:DataSED - DataSED - Dataset for Sound Event Detection of environmental noise/SED_wav/S-0518.wav,DataSED - DataSED - Dataset for Sound Event Detection of environmental noise/SED_wav/S-0518.wav,DataSED - DataSED - Dataset for Sound Event Detection of environmental noise/SED_wav/S-0518.npy,d52d5f6c8caf8840712a223b86c99b7b3a2d9938a6cf1bb798808f5ae7b70075,0774e9086ca16e6da2576c01c6b0c3116bd0c845b808cecbdca706cf3b27ff99,64,4125,e53cd56e0e9911d829bd978c3ca766f775d83d12ffb2ff77f051561f6be1cd0c
datased:DataSED - DataSED - Dataset for Sound Event Detection of environmental noise/SED_wav/S-0519.wav,DataSED - DataSED - Dataset for Sound Event Detection of environmental noise/SED_wav/S-0519.wav,DataSED - DataSED - Dataset for Sound Event Detection of environmental noise/SED_wav/S-0519.npy,db6bdb05d550642d1257949ab9a39e303f1f860888bab0bcfafd58308392e3a0,7a0d44eca96b0329de18e666ee35b086e0a68867b9cfac48f12fec0012eadf7f,64,9468,e53cd56e0e9911d829bd978c3ca766f775d83d12ffb2ff77f051561f6be1cd0c
datased:DataSED - DataSED - Dataset for Sound Event Detection of environmental noise/SED_wav/S-0520.wav,DataSED - DataSED - Dataset for Sound Event Detection of environmental noise/SED_wav/S-0520.wav,DataSED - DataSED - Dataset for Sound Event Detection of environmental noise/SED_wav/S-0520.npy,0b077f73166fe6782a1723e958c4c06351fab7a850300c3507aba17993d56f86,0dcca92a34072a482b8f3aadeed637d1dbdb9f1a3d16283bc8041fd3686eeab7,64,3736,e53cd56e0e9911d829bd978c3ca766f775d83d12ffb2ff77f051561f6be1cd0c
datased:DataSED - DataSED - Dataset for Sound Event Detection of environmental noise/SED_wav/S-0521.wav,DataSED - DataSED - Dataset for Sound Event Detection of environmental noise/SED_wav/S-0521.wav,DataSED - DataSED - Dataset for Sound Event Detection of environmental noise/SED_wav/S-0521.npy,3cb5e6f6c700cc11a4ce06a09f69aa98a7ce2c26acfdff69e44d7765d41d301e,452914bd0dad8b3e4f6ed0a5e1b561f7bb86c925438fc6bf0abb4c03c17762cc,64,1656,e53cd56e0e9911d829bd978c3ca766f775d83d12ffb2ff77f051561f6be1cd0c
datased:DataSED - DataSED - Dataset for Sound Event Detection of environmental noise/SED_wav/S-0522.wav,DataSED - DataSED - Dataset for Sound Event Detection of environmental noise/SED_wav/S-0522.wav,DataSED - DataSED - Dataset for Sound Event Detection of environmental noise/SED_wav/S-0522.npy,248279ffed057e81d02e40bb3a6f26ef6cf2920a22c3b81102d9cabf4468a584,95edcfafdb39e4fb55f599ba29eb6fbbb23fa33e78e00c06f647ffcd7ab2f7b2,64,5800,e53cd56e0e9911d829bd978c3ca766f775d83d12ffb2ff77f051561f6be1cd0c
datased:DataSED - DataSED - Dataset for Sound Event Detection of environmental noise/SED_wav/S-0523.wav,DataSED - DataSED - Dataset for Sound Event Detection of environmental noise/SED_wav/S-0523.wav,DataSED - DataSED - Dataset for Sound Event Detection of environmental noise/SED_wav/S-0523.npy,c9999e5d7e9d831f10112e6798872417807bef9bdd2e3f8024e65cd294bea46f,f3628e327b7108937887a4c636340bc72fc0cd1e37bac47a24895861060b6675,64,3661,e53cd56e0e9911d829bd978c3ca766f775d83d12ffb2ff77f051561f6be1cd0c
datased:DataSED - DataSED - Dataset for Sound Event Detection of environmental noise/SED_wav/S-0524.wav,DataSED - DataSED - Dataset for Sound Event Detection of environmental noise/SED_wav/S-0524.wav,DataSED - DataSED - Dataset for Sound Event Detection of environmental noise/SED_wav/S-0524.npy,c9b9dec3a1f70cddecd136734d90ffaf224e51ceb00e383235526200e86f716a,e0ed2fe7562e192df5ac87dc94c26d440fb79c11027f32175bc86923971aa3e0,64,2720,e53cd56e0e9911d829bd978c3ca766f775d83d12ffb2ff77f051561f6be1cd0c
datased:DataSED - DataSED - Dataset for Sound Event Detection of environmental noise/SED_wav/S-0525.wav,DataSED - DataSED - Dataset for Sound Event Detection of environmental noise/SED_wav/S-0525.wav,DataSED - DataSED - Dataset for Sound Event Detection of environmental noise/SED_wav/S-0525.npy,f3e66c43f6f82a684c3570fdb1f565af641aa2c5bb90999af5fbfa8d3e888fae,1fa6b819a77d87523e17ab9fa6fd31f1348e529997dc5d7dd6260890af5f27ad,64,5023,e53cd56e0e9911d829bd978c3ca766f775d83d12ffb2ff77f051561f6be1cd0c
datased:DataSED - DataSED - Dataset for Sound Event Detection of environmental noise/SED_wav/S-0526.wav,DataSED - DataSED - Dataset for Sound Event Detection of environmental noise/SED_wav/S-0526.wav,DataSED - DataSED - Dataset for Sound Event Detection of environmental noise/SED_wav/S-0526.npy,398a99768428639586129726e899f2281ecba6c711d4b5b98fecc56dba89856b,f85bf4b04dcc451b3b6143d1ac3c24b48a7fe9156e18e74dc971107c33dc5ded,64,7112,e53cd56e0e9911d829bd978c3ca766f775d83d12ffb2ff77f051561f6be1cd0c
datased:DataSED - DataSED - Dataset for Sound Event Detection of environmental noise/SED_wav/S-0527.wav,DataSED - DataSED - Dataset for Sound Event Detection of environmental noise/SED_wav/S-0527.wav,DataSED - DataSED - Dataset for Sound Event Detection of environmental noise/SED_wav/S-0527.npy,64f02bdd74d5337c206dedd4754bc16698976f665966c51ce29063c19285a00b,61ffac9598b71b333872e037f771491b3575f4f146b7114cf3ad0f25fdce9aed,64,8340,e53cd56e0e9911d829bd978c3ca766f775d83d12ffb2ff77f051561f6be1cd0c
datased:DataSED - DataSED - Dataset for Sound Event Detection of environmental noise/SED_wav/S-0528.wav,DataSED - DataSED - Dataset for Sound Event Detection of environmental noise/SED_wav/S-0528.wav,DataSED - DataSED - Dataset for Sound Event Detection of environmental noise/SED_wav/S-0528.npy,a3a5d3b30b1397be35d03a3497d12f5a68aabdde1c005ceb339140e5a8a1a35c,21c8fd9fa01f59a504fdeebb7b8e78a73983783cfba539f63b53d1a3294dbc4f,64,6225,e53cd56e0e9911d829bd978c3ca766f775d83d12ffb2ff77f051561f6be1cd0c
datased:DataSED - DataSED - Dataset for Sound Event Detection of environmental noise/SED_wav/S-0529.wav,DataSED - DataSED - Dataset for Sound Event Detection of environmental noise/SED_wav/S-0529.wav,DataSED - DataSED - Dataset for Sound Event Detection of environmental noise/SED_wav/S-0529.npy,97ac14d2b6477e646becedbc34b8cdc6736fac84a09921248c070ad01cb23fb8,c95d46651e4787126efad986304a5f556d44d57cc7ced057eea3e7bf8d3e1d82,64,5933,e53cd56e0e9911d829bd978c3ca766f775d83d12ffb2ff77f051561f6be1cd0c
datased:DataSED - DataSED - Dataset for Sound Event Detection of environmental noise/SED_wav/S-0530.wav,DataSED - DataSED - Dataset for Sound Event Detection of environmental noise/SED_wav/S-0530.wav,DataSED - DataSED - Dataset for Sound Event Detection of environmental noise/SED_wav/S-0530.npy,81d6b0e0eedda8b3ea8d654087576e02706f146088ba820055147d23da947d28,4ecab2ee726de55ca8b074137d527c82ac14f392903bb14374cdf022f5b621be,64,6035,e53cd56e0e9911d829bd978c3ca766f775d83d12ffb2ff77f051561f6be1cd0c
datased:DataSED - DataSED - Dataset for Sound Event Detection of environmental noise/SED_wav/S-0531.wav,DataSED - DataSED - Dataset for Sound Event Detection of environmental noise/SED_wav/S-0531.wav,DataSED - DataSED - Dataset for Sound Event Detection of environmental noise/SED_wav/S-0531.npy,785ee2cac46a34d54e9503ee7654216ae92405cce950ea11ab6e012b17a7dbb6,3770c052306f6571a2e20f9254f75a3bd23e5994d59c12e148535ee4d84417c8,64,5124,e53cd56e0e9911d829bd978c3ca766f775d83d12ffb2ff77f051561f6be1cd0c
datased:DataSED - DataSED - Dataset for Sound Event Detection of environmental noise/SED_wav/S-0532.wav,DataSED - DataSED - Dataset for Sound Event Detection of environmental noise/SED_wav/S-0532.wav,DataSED - DataSED - Dataset for Sound Event Detection of environmental noise/SED_wav/S-0532.npy,d8a3bde8c378cb92808d2f80dae047f308c264331ea007c9889d1f5a776d60c6,3531fc111cc0d66b3df6f0605de64a717c722c1750c3733ea2ffc28d6a08203f,64,3609,e53cd56e0e9911d829bd978c3ca766f775d83d12ffb2ff77f051561f6be1cd0c
datased:DataSED - DataSED - Dataset for Sound Event Detection of environmental noise/SED_wav/S-0533.wav,DataSED - DataSED - Dataset for Sound Event Detection of environmental noise/SED_wav/S-0533.wav,DataSED - DataSED - Dataset for Sound Event Detection of environmental noise/SED_wav/S-0533.npy,d04df0b24cd79c9b9a0fc05f6ef6c7c9ae26bb879c61b5a9d1c6784897df0cee,2710c96cabfbfd4e1902bba0347dc9e381739dda8aee42af5d45e198d4a9eadf,64,5416,e53cd56e0e9911d829bd978c3ca766f775d83d12ffb2ff77f051561f6be1cd0c
datased:DataSED - DataSED - Dataset for Sound Event Detection of environmental noise/SED_wav/S-0534.wav,DataSED - DataSED - Dataset for Sound Event Detection of environmental noise/SED_wav/S-0534.wav,DataSED - DataSED - Dataset for Sound Event Detection of environmental noise/SED_wav/S-0534.npy,81403cd95a26036d79761e3d426a4207cced5342b27060654b5a7ff22f9a8205,238a00cb21eb90b18352dfc2cbdc04176cc94031150a0f1ff48fbfe3dfeba40b,64,4355,e53cd56e0e9911d829bd978c3ca766f775d83d12ffb2ff77f051561f6be1cd0c
datased:DataSED - DataSED - Dataset for Sound Event Detection of environmental noise/SED_wav/S-0535.wav,DataSED - DataSED - Dataset for Sound Event Detection of environmental noise/SED_wav/S-0535.wav,DataSED - DataSED - Dataset for Sound Event Detection of environmental noise/SED_wav/S-0535.npy,13819b3a949c33a7cbe6cd05bc9d85b17eaebb6429d6c3dac693ed7470f5a6e3,bb5a85dbd9cd55c7b2cccd38ddd180a2a2d53a9a3070f007706d94a541da5255,64,725,e53cd56e0e9911d829bd978c3ca766f775d83d12ffb2ff77f051561f6be1cd0c
datased:DataSED - DataSED - Dataset for Sound Event Detection of environmental noise/SED_wav/S-0536.wav,DataSED - DataSED - Dataset for Sound Event Detection of environmental noise/SED_wav/S-0536.wav,DataSED - DataSED - Dataset for Sound Event Detection of environmental noise/SED_wav/S-0536.npy,63dbebcf9906e40c3b0f32525bbabd2990b66189827f887e072fc1c76613b162,da81c0051046228e057a236cb9090885f5b0bfddc93b5411c5d966a1fa0efb4e,64,6362,e53cd56e0e9911d829bd978c3ca766f775d83d12ffb2ff77f051561f6be1cd0c
datased:DataSED - DataSED - Dataset for Sound Event Detection of environmental noise/SED_wav/S-0537.wav,DataSED - DataSED - Dataset for Sound Event Detection of environmental noise/SED_wav/S-0537.wav,DataSED - DataSED - Dataset for Sound Event Detection of environmental noise/SED_wav/S-0537.npy,4ea6585ee901f018eb8cb77c7fbea5d61ec2fdb6b1bff230a9d59f48939faec3,d592b7f4eee0a38302f86d138848a81030accf6b4906194f77855f9fbbe9986d,64,2924,e53cd56e0e9911d829bd978c3ca766f775d83d12ffb2ff77f051561f6be1cd0c
datased:DataSED - DataSED - Dataset for Sound Event Detection of environmental noise/SED_wav/S-0538.wav,DataSED - DataSED - Dataset for Sound Event Detection of environmental noise/SED_wav/S-0538.wav,DataSED - DataSED - Dataset for Sound Event Detection of environmental noise/SED_wav/S-0538.npy,e679c57604ede0a333d4122b78c106417d9ab21fed51cbfbaaba3eb33d00dc12,72911a205651bdd9bd874b18a1cff911fb57f7b8e7eb7a0b7f291f812b6b084c,64,1884,e53cd56e0e9911d829bd978c3ca766f775d83d12ffb2ff77f051561f6be1cd0c
datased:DataSED - DataSED - Dataset for Sound Event Detection of environmental noise/SED_wav/S-0539.wav,DataSED - DataSED - Dataset for Sound Event Detection of environmental noise/SED_wav/S-0539.wav,DataSED - DataSED - Dataset for Sound Event Detection of environmental noise/SED_wav/S-0539.npy,ac13d4a161dc74fc433a8f37dbb3dca81dfb040656c8dc717f7e9b854c16e35d,8ef42520fc68f48b29398673b7818cbf31d2d4184e86c02f0d5a2ebf69c77611,64,4852,e53cd56e0e9911d829bd978c3ca766f775d83d12ffb2ff77f051561f6be1cd0c
datased:DataSED - DataSED - Dataset for Sound Event Detection of environmental noise/SED_wav/S-0540.wav,DataSED - DataSED - Dataset for Sound Event Detection of environmental noise/SED_wav/S-0540.wav,DataSED - DataSED - Dataset for Sound Event Detection of environmental noise/SED_wav/S-0540.npy,a67725c335be889d3207040460fd1d02a8a9f9bcb8be18a3213fe348246373a3,fe301e20f1935a2c3d4b152aa665e8a18e2a02babc4e92e130b984c8827e6a93,64,4777,e53cd56e0e9911d829bd978c3ca766f775d83d12ffb2ff77f051561f6be1cd0c
datased:DataSED - DataSED - Dataset for Sound Event Detection of environmental noise/SED_wav/S-0541.wav,DataSED - DataSED - Dataset for Sound Event Detection of environmental noise/SED_wav/S-0541.wav,DataSED - DataSED - Dataset for Sound Event Detection of environmental noise/SED_wav/S-0541.npy,34ec703ea3bc5db3399415ceb45068b2dc15111b8098064e0e67c564e8167ecc,565c1bd33163879f8f9f5b730970182130773d9bc6b2be59c8e7bd94b9427b39,64,1628,e53cd56e0e9911d829bd978c3ca766f775d83d12ffb2ff77f051561f6be1cd0c
datased:DataSED - DataSED - Dataset for Sound Event Detection of environmental noise/SED_wav/S-0542.wav,DataSED - DataSED - Dataset for Sound Event Detection of environmental noise/SED_wav/S-0542.wav,DataSED - DataSED - Dataset for Sound Event Detection of environmental noise/SED_wav/S-0542.npy,484f17e26f4a429e8f6db238631d171bc898632550854ff1d24ebfff402cb62e,d03a2fbdbbb275b1fac18d3e39ed7a7abfd905d72ce1049b7f56cd205c560447,64,1076,e53cd56e0e9911d829bd978c3ca766f775d83d12ffb2ff77f051561f6be1cd0c
datased:DataSED - DataSED - Dataset for Sound Event Detection of environmental noise/SED_wav/S-0543.wav,DataSED - DataSED - Dataset for Sound Event Detection of environmental noise/SED_wav/S-0543.wav,DataSED - DataSED - Dataset for Sound Event Detection of environmental noise/SED_wav/S-0543.npy,e29e0f89bcce8c571d82464afd4fd310d9822950a37537844a4f65fc4aebd2ae,5d055942eed4229f7f8a83b7a577d5a7f860c308ea1c25801067be54fc69c0eb,64,4014,e53cd56e0e9911d829bd978c3ca766f775d83d12ffb2ff77f051561f6be1cd0c
datased:DataSED - DataSED - Dataset for Sound Event Detection of environmental noise/SED_wav/S-0544.wav,DataSED - DataSED - Dataset for Sound Event Detection of environmental noise/SED_wav/S-0544.wav,DataSED - DataSED - Dataset for Sound Event Detection of environmental noise/SED_wav/S-0544.npy,8ee24771e47987c7be8a45f03856b06aa5b6ce6985cb666eb358b86e530a287a,e86f3aafd968068d32ade2ac28548afd57a0c8f40c318c4ba05389aa548853a4,64,5993,e53cd56e0e9911d829bd978c3ca766f775d83d12ffb2ff77f051561f6be1cd0c
datased:DataSED - DataSED - Dataset for Sound Event Detection of environmental noise/SED_wav/S-0545.wav,DataSED - DataSED - Dataset for Sound Event Detection of environmental noise/SED_wav/S-0545.wav,DataSED - DataSED - Dataset for Sound Event Detection of environmental noise/SED_wav/S-0545.npy,ab10e7d877aebe0778e2e8cf767d99c3be6fe84ac2593495e18be942ef03be1f,f3e6ee28219beeb52c60eb5e86f4884e9195981dc20e3aff3719c1441a65a035,64,2754,e53cd56e0e9911d829bd978c3ca766f775d83d12ffb2ff77f051561f6be1cd0c
datased:DataSED - DataSED - Dataset for Sound Event Detection of environmental noise/SED_wav/S-0546.wav,DataSED - DataSED - Dataset for Sound Event Detection of environmental noise/SED_wav/S-0546.wav,DataSED - DataSED - Dataset for Sound Event Detection of environmental noise/SED_wav/S-0546.npy,1084bad1fac27bbe9f91decad50b7fb8894c42f78e1e1fe18f12eb5e65ed4464,ed77347bc9f7b0d90a836acdd421290250f34946433039b3c2b00230fad91549,64,5906,e53cd56e0e9911d829bd978c3ca766f775d83d12ffb2ff77f051561f6be1cd0c
datased:DataSED - DataSED - Dataset for Sound Event Detection of environmental noise/SED_wav/S-0547.wav,DataSED - DataSED - Dataset for Sound Event Detection of environmental noise/SED_wav/S-0547.wav,DataSED - DataSED - Dataset for Sound Event Detection of environmental noise/SED_wav/S-0547.npy,44a83a2d50477dd5f1284d62795d8a63f7a54a7b3d8421fe9aac2468aacf3172,0a31fa6cd65b48f9562c6519a6ed932b8882cbbad677365b5ca022fbc3e74c71,64,4394,e53cd56e0e9911d829bd978c3ca766f775d83d12ffb2ff77f051561f6be1cd0c
datased:DataSED - DataSED - Dataset for Sound Event Detection of environmental noise/SED_wav/S-0548.wav,DataSED - DataSED - Dataset for Sound Event Detection of environmental noise/SED_wav/S-0548.wav,DataSED - DataSED - Dataset for Sound Event Detection of environmental noise/SED_wav/S-0548.npy,90dd051851190646725d571a759d5a8eff170374435d839f1be8c1cf28f4cf59,1d847ab6e5b6d1b26f89b3cf78bfc32260238ff9ce107a66bd8ff3bb4b0d2792,64,1800,e53cd56e0e9911d829bd978c3ca766f775d83d12ffb2ff77f051561f6be1cd0c
datased:DataSED - DataSED - Dataset for Sound Event Detection of environmental noise/SED_wav/S-0549.wav,DataSED - DataSED - Dataset for Sound Event Detection of environmental noise/SED_wav/S-0549.wav,DataSED - DataSED - Dataset for Sound Event Detection of environmental noise/SED_wav/S-0549.npy,47d50c771857a258b10214f1b4d7fd36e55d946da96287938b8a4ec14b1cf758,4cb2ce3f341bc59cfe7bdfc8462ec912538d3f608c200c28eb427377a9e7c87b,64,1503,e53cd56e0e9911d829bd978c3ca766f775d83d12ffb2ff77f051561f6be1cd0c
datased:DataSED - DataSED - Dataset for Sound Event Detection of environmental noise/SED_wav/S-0550.wav,DataSED - DataSED - Dataset for Sound Event Detection of environmental noise/SED_wav/S-0550.wav,DataSED - DataSED - Dataset for Sound Event Detection of environmental noise/SED_wav/S-0550.npy,b57415d97d313006df91f4f690311e401d5c2af2622cc9f0b7778c429580c4ca,cca285c0f6f460ed034fc42b7252126ca6b61cdb75336bf038c38e42edaf8d8f,64,1255,e53cd56e0e9911d829bd978c3ca766f775d83d12ffb2ff77f051561f6be1cd0c
datased:DataSED - DataSED - Dataset for Sound Event Detection of environmental noise/SED_wav/S-0551.wav,DataSED - DataSED - Dataset for Sound Event Detection of environmental noise/SED_wav/S-0551.wav,DataSED - DataSED - Dataset for Sound Event Detection of environmental noise/SED_wav/S-0551.npy,c018437ed616f81a18ce896d50a617373f10000cd5cca207c6a0a74e29342c14,3f56a33028c99e23f4f8bfb6ed94e14f44d96d46ad8005a1acc722953476c129,64,951,e53cd56e0e9911d829bd978c3ca766f775d83d12ffb2ff77f051561f6be1cd0c
datased:DataSED - DataSED - Dataset for Sound Event Detection of environmental noise/SED_wav/S-0552.wav,DataSED - DataSED - Dataset for Sound Event Detection of environmental noise/SED_wav/S-0552.wav,DataSED - DataSED - Dataset for Sound Event Detection of environmental noise/SED_wav/S-0552.npy,2ff29adc6f044efe3315d1eb278e28ff9dac346ed66e0e828c06440c4a80ea9b,6b0c5d0d55565804ff8002640931c30e75c44561a0d6fa5354643c2cdd836ad5,64,5880,e53cd56e0e9911d829bd978c3ca766f775d83d12ffb2ff77f051561f6be1cd0c
datased:DataSED - DataSED - Dataset for Sound Event Detection of environmental noise/SED_wav/S-0553.wav,DataSED - DataSED - Dataset for Sound Event Detection of environmental noise/SED_wav/S-0553.wav,DataSED - DataSED - Dataset for Sound Event Detection of environmental noise/SED_wav/S-0553.npy,afd3e86a2e1fbc77bd375428c049e76c4f53e37cf10b2c8ebab33a4600dffc56,e2c17b2e2edfe6a8fc3c46f86056d687c28c5873e3ab625af903523e06ba9da7,64,6611,e53cd56e0e9911d829bd978c3ca766f775d83d12ffb2ff77f051561f6be1cd0c
datased:DataSED - DataSED - Dataset for Sound Event Detection of environmental noise/SED_wav/S-0554.wav,DataSED - DataSED - Dataset for Sound Event Detection of environmental noise/SED_wav/S-0554.wav,DataSED - DataSED - Dataset for Sound Event Detection of environmental noise/SED_wav/S-0554.npy,be9a4d5b01895df2ca82f7d69a21ae8076df34140eda83b83688eba4a1a8e369,0d3d86adf4c5a0e19ef0365d0b1385a3f6729c7e50f877fdbc957f7a97fc130b,64,6922,e53cd56e0e9911d829bd978c3ca766f775d83d12ffb2ff77f051561f6be1cd0c
datased:DataSED - DataSED - Dataset for Sound Event Detection of environmental noise/SED_wav/S-0555.wav,DataSED - DataSED - Dataset for Sound Event Detection of environmental noise/SED_wav/S-0555.wav,DataSED - DataSED - Dataset for Sound Event Detection of environmental noise/SED_wav/S-0555.npy,93f1333c1119f927d40460cc889a73651d5bda2e0906f22cbc5359cfb14c356b,61f12ec246225cd2dfedce61d1d199c90d6f17ac5b1e11d90153da823dcf07b2,64,6169,e53cd56e0e9911d829bd978c3ca766f775d83d12ffb2ff77f051561f6be1cd0c
datased:DataSED - DataSED - Dataset for Sound Event Detection of environmental noise/SED_wav/S-0556.wav,DataSED - DataSED - Dataset for Sound Event Detection of environmental noise/SED_wav/S-0556.wav,DataSED - DataSED - Dataset for Sound Event Detection of environmental noise/SED_wav/S-0556.npy,dd33473c8563cc6165cab2f4d62afe4e70e854281ca32bf6718b34c6785dc086,dd5c5741e4f6d1da6fa08ae5512a18fb95b24d336c598c0254ea70d3c8541750,64,6031,e53cd56e0e9911d829bd978c3ca766f775d83d12ffb2ff77f051561f6be1cd0c
datased:DataSED - DataSED - Dataset for Sound Event Detection of environmental noise/SED_wav/S-0557.wav,DataSED - DataSED - Dataset for Sound Event Detection of environmental noise/SED_wav/S-0557.wav,DataSED - DataSED - Dataset for Sound Event Detection of environmental noise/SED_wav/S-0557.npy,17255028ad79c5557a5c7232bc9a25f5b03ec464952b0e9885399d358ea384a2,5c77963758e17b19d2e26931da6576d57ec32d1776fa20953b7a521b6ece01b9,64,6418,e53cd56e0e9911d829bd978c3ca766f775d83d12ffb2ff77f051561f6be1cd0c
datased:DataSED - DataSED - Dataset for Sound Event Detection of environmental noise/SED_wav/S-0558.wav,DataSED - DataSED - Dataset for Sound Event Detection of environmental noise/SED_wav/S-0558.wav,DataSED - DataSED - Dataset for Sound Event Detection of environmental noise/SED_wav/S-0558.npy,a3d00db89da8c3969d6bbd96b8da6080b7ff37f5397c58b90dd29d9e008140cb,ac70b0fec8b17e52d7efac0b33764c5e322cc350d6ec80af9cb78267a1e85bc7,64,6197,e53cd56e0e9911d829bd978c3ca766f775d83d12ffb2ff77f051561f6be1cd0c
datased:DataSED - DataSED - Dataset for Sound Event Detection of environmental noise/SED_wav/S-0559.wav,DataSED - DataSED - Dataset for Sound Event Detection of environmental noise/SED_wav/S-0559.wav,DataSED - DataSED - Dataset for Sound Event Detection of environmental noise/SED_wav/S-0559.npy,07ff7c81235cfa4e7068f19804e2069354d0f1db5611fe00df48e839af9492c0,2172c5b5e783492af8c4ce2c7ed9bf5c1ff7767ccfc8853d38f84a7adbd1f920,64,7879,e53cd56e0e9911d829bd978c3ca766f775d83d12ffb2ff77f051561f6be1cd0c
datased:DataSED - DataSED - Dataset for Sound Event Detection of environmental noise/SED_wav/S-0560.wav,DataSED - DataSED - Dataset for Sound Event Detection of environmental noise/SED_wav/S-0560.wav,DataSED - DataSED - Dataset for Sound Event Detection of environmental noise/SED_wav/S-0560.npy,60b40ba74921305babd0a41734535403ed4e91f47c8ffbf9286dc8f8e7659730,e5168e706f9fa5f26b31790b5fbe9239a87c3a31cd83162a6bcd825529033ba1,64,6252,e53cd56e0e9911d829bd978c3ca766f775d83d12ffb2ff77f051561f6be1cd0c
datased:DataSED - DataSED - Dataset for Sound Event Detection of environmental noise/SED_wav/S-0561.wav,DataSED - DataSED - Dataset for Sound Event Detection of environmental noise/SED_wav/S-0561.wav,DataSED - DataSED - Dataset for Sound Event Detection of environmental noise/SED_wav/S-0561.npy,bfd79f6798fd9617d8ab5ea11b02c11fc691392fe19f256537e02482910f7bfc,4386b3d8d816de797fb2c87320366439cec6275ff8e0e511a13857e854a1adbe,64,5454,e53cd56e0e9911d829bd978c3ca766f775d83d12ffb2ff77f051561f6be1cd0c
datased:DataSED - DataSED - Dataset for Sound Event Detection of environmental noise/SED_wav/S-0562.wav,DataSED - DataSED - Dataset for Sound Event Detection of environmental noise/SED_wav/S-0562.wav,DataSED - DataSED - Dataset for Sound Event Detection of environmental noise/SED_wav/S-0562.npy,17dc23f0189d4fb70b352fd09086ea6d0604f6541be9d2dd2fdbd351fd87933d,5835b031a2ee5454c9377f4c6641ac6c7791879d465b2c6ddce4d7d9007cf797,64,1062,e53cd56e0e9911d829bd978c3ca766f775d83d12ffb2ff77f051561f6be1cd0c
datased:DataSED - DataSED - Dataset for Sound Event Detection of environmental noise/SED_wav/S-0563.wav,DataSED - DataSED - Dataset for Sound Event Detection of environmental noise/SED_wav/S-0563.wav,DataSED - DataSED - Dataset for Sound Event Detection of environmental noise/SED_wav/S-0563.npy,5165caa40f1ffbeef4e0186f87b873c765236983debfdb81c8232239fece2cb7,cdf8a5ac9492e401b93cd4b0cf7267b8342ed3800f031c629e65e0b7aa8f54a4,64,1348,e53cd56e0e9911d829bd978c3ca766f775d83d12ffb2ff77f051561f6be1cd0c
datased:DataSED - DataSED - Dataset for Sound Event Detection of environmental noise/SED_wav/S-0564.wav,DataSED - DataSED - Dataset for Sound Event Detection of environmental noise/SED_wav/S-0564.wav,DataSED - DataSED - Dataset for Sound Event Detection of environmental noise/SED_wav/S-0564.npy,54b0d2b965eaf7d1b98e6c5864abf39bab9785b5e7fcc47f47c677d286cb4873,f2115b90257a2f5a1ea41f551d012528f551badc8ecbbd900204767bed840970,64,1213,e53cd56e0e9911d829bd978c3ca766f775d83d12ffb2ff77f051561f6be1cd0c
datased:DataSED - DataSED - Dataset for Sound Event Detection of environmental noise/SED_wav/S-0565.wav,DataSED - DataSED - Dataset for Sound Event Detection of environmental noise/SED_wav/S-0565.wav,DataSED - DataSED - Dataset for Sound Event Detection of environmental noise/SED_wav/S-0565.npy,f3e74c96162fe8ef683fc3fb6273eb7c4a5c1ea92eabb0cf62594eb44a9f3cd8,172475db007f46d4375955c9a382863aced2dd47169c5a9af4247ad4bc05abf6,64,1108,e53cd56e0e9911d829bd978c3ca766f775d83d12ffb2ff77f051561f6be1cd0c
datased:DataSED - DataSED - Dataset for Sound Event Detection of environmental noise/SED_wav/S-0566.wav,DataSED - DataSED - Dataset for Sound Event Detection of environmental noise/SED_wav/S-0566.wav,DataSED - DataSED - Dataset for Sound Event Detection of environmental noise/SED_wav/S-0566.npy,8c35ff964fa62b34689b6de23155e48b7945efe27dd1be8063d4a14dfc9544e9,e5d7ac0f70980759ae01d802aff7755731b737cc41f4457bb360cdd5b186b1a3,64,1355,e53cd56e0e9911d829bd978c3ca766f775d83d12ffb2ff77f051561f6be1cd0c
datased:DataSED - DataSED - Dataset for Sound Event Detection of environmental noise/SED_wav/S-0567.wav,DataSED - DataSED - Dataset for Sound Event Detection of environmental noise/SED_wav/S-0567.wav,DataSED - DataSED - Dataset for Sound Event Detection of environmental noise/SED_wav/S-0567.npy,593afe5a0549620d6b5cbad676913e1b507d651f50214623baff2efb8aa7ea3b,d5d03a4963e4490c8908bfa05960a74ff4548f11d480d5840cbccad83bdb41fb,64,1905,e53cd56e0e9911d829bd978c3ca766f775d83d12ffb2ff77f051561f6be1cd0c
datased:DataSED - DataSED - Dataset for Sound Event Detection of environmental noise/SED_wav/S-0568.wav,DataSED - DataSED - Dataset for Sound Event Detection of environmental noise/SED_wav/S-0568.wav,DataSED - DataSED - Dataset for Sound Event Detection of environmental noise/SED_wav/S-0568.npy,63d6ae4e60fa7b4d11dcf24e876b631e2db7ee9ffaaab26b0aa3fe2ccbdc5990,e10c5ec5cb0c5ad49358228c177843bcd42a1601fdfa755ef7950076dfdf2eeb,64,1141,e53cd56e0e9911d829bd978c3ca766f775d83d12ffb2ff77f051561f6be1cd0c
datased:DataSED - DataSED - Dataset for Sound Event Detection of environmental noise/SED_wav/S-0569.wav,DataSED - DataSED - Dataset for Sound Event Detection of environmental noise/SED_wav/S-0569.wav,DataSED - DataSED - Dataset for Sound Event Detection of environmental noise/SED_wav/S-0569.npy,272e65b9389f5070bbd7e3fa8476374d8527e56863b5b0a95218646051618b97,0bd57beed1ab273f7fe15f9d69e57a2066b282c1f1fdee30f89ddef81db646a8,64,6398,e53cd56e0e9911d829bd978c3ca766f775d83d12ffb2ff77f051561f6be1cd0c
datased:DataSED - DataSED - Dataset for Sound Event Detection of environmental noise/SED_wav/S-0570.wav,DataSED - DataSED - Dataset for Sound Event Detection of environmental noise/SED_wav/S-0570.wav,DataSED - DataSED - Dataset for Sound Event Detection of environmental noise/SED_wav/S-0570.npy,87a162e5e2676eaf55f64a93db8a0c0352e2d14aab93a9f77cb5c7b10356e8ad,f7022bf6e306d94bcca1b282e5d88f57f9ee79b3a7034f72369e1b46a6396299,64,8117,e53cd56e0e9911d829bd978c3ca766f775d83d12ffb2ff77f051561f6be1cd0c
datased:DataSED - DataSED - Dataset for Sound Event Detection of environmental noise/SED_wav/S-0571.wav,DataSED - DataSED - Dataset for Sound Event Detection of environmental noise/SED_wav/S-0571.wav,DataSED - DataSED - Dataset for Sound Event Detection of environmental noise/SED_wav/S-0571.npy,87a162e5e2676eaf55f64a93db8a0c0352e2d14aab93a9f77cb5c7b10356e8ad,f7022bf6e306d94bcca1b282e5d88f57f9ee79b3a7034f72369e1b46a6396299,64,8117,e53cd56e0e9911d829bd978c3ca766f775d83d12ffb2ff77f051561f6be1cd0c
datased:DataSED - DataSED - Dataset for Sound Event Detection of environmental noise/SED_wav/S-0572.wav,DataSED - DataSED - Dataset for Sound Event Detection of environmental noise/SED_wav/S-0572.wav,DataSED - DataSED - Dataset for Sound Event Detection of environmental noise/SED_wav/S-0572.npy,272e65b9389f5070bbd7e3fa8476374d8527e56863b5b0a95218646051618b97,0bd57beed1ab273f7fe15f9d69e57a2066b282c1f1fdee30f89ddef81db646a8,64,6398,e53cd56e0e9911d829bd978c3ca766f775d83d12ffb2ff77f051561f6be1cd0c
datased:DataSED - DataSED - Dataset for Sound Event Detection of environmental noise/SED_wav/S-0573.wav,DataSED - DataSED - Dataset for Sound Event Detection of environmental noise/SED_wav/S-0573.wav,DataSED - DataSED - Dataset for Sound Event Detection of environmental noise/SED_wav/S-0573.npy,946f0304ef2dc44060d1a50bfec591e522d9f8f64e6875c6830a388f1d904887,b69ed70dc805ad8ed6e46e74a3085191318d75ea8c9b972a67328ab5e3cd6378,64,1934,e53cd56e0e9911d829bd978c3ca766f775d83d12ffb2ff77f051561f6be1cd0c
datased:DataSED - DataSED - Dataset for Sound Event Detection of environmental noise/SED_wav/S-0574.wav,DataSED - DataSED - Dataset for Sound Event Detection of environmental noise/SED_wav/S-0574.wav,DataSED - DataSED - Dataset for Sound Event Detection of environmental noise/SED_wav/S-0574.npy,226866a578643a193619de1d206888f010d265755b92e08053120c7d7ac4d8cb,6148136ddbb28b061eb9fd68319b7263bf3109c4b805033418b52cb4d60daf36,64,1570,e53cd56e0e9911d829bd978c3ca766f775d83d12ffb2ff77f051561f6be1cd0c
datased:DataSED - DataSED - Dataset for Sound Event Detection of environmental noise/SED_wav/S-0575.wav,DataSED - DataSED - Dataset for Sound Event Detection of environmental noise/SED_wav/S-0575.wav,DataSED - DataSED - Dataset for Sound Event Detection of environmental noise/SED_wav/S-0575.npy,d51636bf74ae5be53b17ca6327e3475251ef4e392cbcfbddce9279bd18c963ca,c44491d8e2c0754e1074875c92e139882d54dd63878e0a311317701b5c0bd819,64,5154,e53cd56e0e9911d829bd978c3ca766f775d83d12ffb2ff77f051561f6be1cd0c
datased:DataSED - DataSED - Dataset for Sound Event Detection of environmental noise/SED_wav/S-0576.wav,DataSED - DataSED - Dataset for Sound Event Detection of environmental noise/SED_wav/S-0576.wav,DataSED - DataSED - Dataset for Sound Event Detection of environmental noise/SED_wav/S-0576.npy,dd4693a221cb10c8efdadb618e241504f4ea59e63aec6aee371bb1689e532e1d,4f5a4e36b9395d1cd72df4914d0c214ee56f1fea6c549e4d5e7d3a21407506ee,64,11284,e53cd56e0e9911d829bd978c3ca766f775d83d12ffb2ff77f051561f6be1cd0c
datased:DataSED - DataSED - Dataset for Sound Event Detection of environmental noise/SED_wav/S-0577.wav,DataSED - DataSED - Dataset for Sound Event Detection of environmental noise/SED_wav/S-0577.wav,DataSED - DataSED - Dataset for Sound Event Detection of environmental noise/SED_wav/S-0577.npy,121dce4736f64b1b71cb6a8af07a40679f46327583771f5446ebdb43ed744dca,5307234e8ea1c8dfaac1bfbc91b5c9b1f9b20fa237a4591fc0061d558d51ae4b,64,6113,e53cd56e0e9911d829bd978c3ca766f775d83d12ffb2ff77f051561f6be1cd0c
datased:DataSED - DataSED - Dataset for Sound Event Detection of environmental noise/SED_wav/S-0578.wav,DataSED - DataSED - Dataset for Sound Event Detection of environmental noise/SED_wav/S-0578.wav,DataSED - DataSED - Dataset for Sound Event Detection of environmental noise/SED_wav/S-0578.npy,d2f0295f591e519a51b10e193d0d90435e9e086087d5bee492147324830f090b,d5993356a8b6cbddd9481f974479e5907de5207036634f3318d4e70f2b4bb10d,64,6412,e53cd56e0e9911d829bd978c3ca766f775d83d12ffb2ff77f051561f6be1cd0c
datased:DataSED - DataSED - Dataset for Sound Event Detection of environmental noise/SED_wav/S-0579.wav,DataSED - DataSED - Dataset for Sound Event Detection of environmental noise/SED_wav/S-0579.wav,DataSED - DataSED - Dataset for Sound Event Detection of environmental noise/SED_wav/S-0579.npy,4e2f64a253c133472b6353bb33c5d8897db715438d4cfe7382bb7d4d75737300,3c5826ea3a879177d668d8feceb4f058381ab6b98c9d919e992039f9849ee4a8,64,7570,e53cd56e0e9911d829bd978c3ca766f775d83d12ffb2ff77f051561f6be1cd0c
datased:DataSED - DataSED - Dataset for Sound Event Detection of environmental noise/SED_wav/S-0580.wav,DataSED - DataSED - Dataset for Sound Event Detection of environmental noise/SED_wav/S-0580.wav,DataSED - DataSED - Dataset for Sound Event Detection of environmental noise/SED_wav/S-0580.npy,aa15a2f2866d21cddf68a556c5a7a327ea637459b11224ec9318f812500330a9,6445232eec7f587d198db84036c09916de20d7ac6da4837226a6821af1d3ebfc,64,4825,e53cd56e0e9911d829bd978c3ca766f775d83d12ffb2ff77f051561f6be1cd0c
datased:DataSED - DataSED - Dataset for Sound Event Detection of environmental noise/SED_wav/S-0581.wav,DataSED - DataSED - Dataset for Sound Event Detection of environmental noise/SED_wav/S-0581.wav,DataSED - DataSED - Dataset for Sound Event Detection of environmental noise/SED_wav/S-0581.npy,0519ef6036597695a8303748dfbbf9dbc7a475d1dfdfdcc7193abf7308d4213b,28dddbf71ccc4f89553688dafff790d24626ecd0647322bb9ca03a7603ed6cf6,64,2673,e53cd56e0e9911d829bd978c3ca766f775d83d12ffb2ff77f051561f6be1cd0c
datased:DataSED - DataSED - Dataset for Sound Event Detection of environmental noise/SED_wav/S-0582.wav,DataSED - DataSED - Dataset for Sound Event Detection of environmental noise/SED_wav/S-0582.wav,DataSED - DataSED - Dataset for Sound Event Detection of environmental noise/SED_wav/S-0582.npy,968bf25edce2fbf4d897cd0425825313e7b7beb2b8912c57139902c462057af8,48095973f00fdd83b1cf1dd19496a6f641a1f86e7f792184f2adc21511942695,64,4664,e53cd56e0e9911d829bd978c3ca766f775d83d12ffb2ff77f051561f6be1cd0c
datased:DataSED - DataSED - Dataset for Sound Event Detection of environmental noise/SED_wav/S-0583.wav,DataSED - DataSED - Dataset for Sound Event Detection of environmental noise/SED_wav/S-0583.wav,DataSED - DataSED - Dataset for Sound Event Detection of environmental noise/SED_wav/S-0583.npy,84da269651f7fae8f6742e1f80c022f6e328d5e2605724c5fe1ab4a9e57e09bc,f2a32bd661dac93c9fd15e2bd8e55cdbb45122b369cb279c8bdc876f70f58caa,64,1960,e53cd56e0e9911d829bd978c3ca766f775d83d12ffb2ff77f051561f6be1cd0c
datased:DataSED - DataSED - Dataset for Sound Event Detection of environmental noise/SED_wav/S-0584.wav,DataSED - DataSED - Dataset for Sound Event Detection of environmental noise/SED_wav/S-0584.wav,DataSED - DataSED - Dataset for Sound Event Detection of environmental noise/SED_wav/S-0584.npy,3c52396a58806302808f9c34dcc309baf55f40739e93ae406595cd834cbc1c82,5c9c1496a7adb66a4b2bc4e67f16cb3bc914394991c53470a3c6238baa755e50,64,5409,e53cd56e0e9911d829bd978c3ca766f775d83d12ffb2ff77f051561f6be1cd0c
datased:DataSED - DataSED - Dataset for Sound Event Detection of environmental noise/SED_wav/S-0585.wav,DataSED - DataSED - Dataset for Sound Event Detection of environmental noise/SED_wav/S-0585.wav,DataSED - DataSED - Dataset for Sound Event Detection of environmental noise/SED_wav/S-0585.npy,41e0a4b39905bc1f41603825fb467a73b246e31fb30f1316ba6e858d9f8ef18a,37e5a04124da7b0d6949d2dfbe511bc3ca0f4951e966e8382601a439c48b478f,64,6224,e53cd56e0e9911d829bd978c3ca766f775d83d12ffb2ff77f051561f6be1cd0c
datased:DataSED - DataSED - Dataset for Sound Event Detection of environmental noise/SED_wav/S-0586.wav,DataSED - DataSED - Dataset for Sound Event Detection of environmental noise/SED_wav/S-0586.wav,DataSED - DataSED - Dataset for Sound Event Detection of environmental noise/SED_wav/S-0586.npy,5c4f3f3e1c1297a007a59c87764fd289bcd9877a1c09032657043a998db530c8,d21125c57f2b8dc72e4c8b2e9dd9e025ebf41e80c4963985487a705694524067,64,848,e53cd56e0e9911d829bd978c3ca766f775d83d12ffb2ff77f051561f6be1cd0c
datased:DataSED - DataSED - Dataset for Sound Event Detection of environmental noise/SED_wav/S-0587.wav,DataSED - DataSED - Dataset for Sound Event Detection of environmental noise/SED_wav/S-0587.wav,DataSED - DataSED - Dataset for Sound Event Detection of environmental noise/SED_wav/S-0587.npy,35b5619aef9072375b330069538e837667a3054638ec1abef3736c3326df881d,429de22f0a4cfa9af3d17c201bde91126fe4d238d1074c3ffc7d3fa03db95dd1,64,19963,e53cd56e0e9911d829bd978c3ca766f775d83d12ffb2ff77f051561f6be1cd0c
datased:DataSED - DataSED - Dataset for Sound Event Detection of environmental noise/SED_wav/S-0588.wav,DataSED - DataSED - Dataset for Sound Event Detection of environmental noise/SED_wav/S-0588.wav,DataSED - DataSED - Dataset for Sound Event Detection of environmental noise/SED_wav/S-0588.npy,99ab51d82e41b0eb0e23e1186dd9bcbbd5e570d79f75d6f12b9a4de8fcc60487,f6ecbd544710690fad40ccfb87262747e0e30ff108a8463a4658b7c0d0ed2849,64,2026,e53cd56e0e9911d829bd978c3ca766f775d83d12ffb2ff77f051561f6be1cd0c
datased:DataSED - DataSED - Dataset for Sound Event Detection of environmental noise/SED_wav/S-0589.wav,DataSED - DataSED - Dataset for Sound Event Detection of environmental noise/SED_wav/S-0589.wav,DataSED - DataSED - Dataset for Sound Event Detection of environmental noise/SED_wav/S-0589.npy,548d9453b559baeff1f75059ce4783178f05517d776c656f52698727012b1567,160aecde2e089cf9460df9afb448b3f7613e6d5fb6dcb63ff552287b1a282587,64,3825,e53cd56e0e9911d829bd978c3ca766f775d83d12ffb2ff77f051561f6be1cd0c
datased:DataSED - DataSED - Dataset for Sound Event Detection of environmental noise/SED_wav/S-0590.wav,DataSED - DataSED - Dataset for Sound Event Detection of environmental noise/SED_wav/S-0590.wav,DataSED - DataSED - Dataset for Sound Event Detection of environmental noise/SED_wav/S-0590.npy,041e1d4067a683a6a15f48765819488076cd100a7191dbf4d2f36d3ab386b94e,c4341219b397ac1fa26d47d812c2a900c92ca6725c2d51021a6382333e39ab3a,64,10115,e53cd56e0e9911d829bd978c3ca766f775d83d12ffb2ff77f051561f6be1cd0c
datased:DataSED - DataSED - Dataset for Sound Event Detection of environmental noise/SED_wav/S-0591.wav,DataSED - DataSED - Dataset for Sound Event Detection of environmental noise/SED_wav/S-0591.wav,DataSED - DataSED - Dataset for Sound Event Detection of environmental noise/SED_wav/S-0591.npy,e1fe01538243fbbb461727fbb6c62b044e94c7647f5b2828249326cc6e8a7f96,2a087a09e5ba4c19d2b376b79217e2f25797b7693a611ecc3c779bfa541b195c,64,3381,e53cd56e0e9911d829bd978c3ca766f775d83d12ffb2ff77f051561f6be1cd0c
datased:DataSED - DataSED - Dataset for Sound Event Detection of environmental noise/SED_wav/S-0592.wav,DataSED - DataSED - Dataset for Sound Event Detection of environmental noise/SED_wav/S-0592.wav,DataSED - DataSED - Dataset for Sound Event Detection of environmental noise/SED_wav/S-0592.npy,7efb062f4ad62e6e0a004abed27dbfaf47020756ea4ba151db4f7dc2a1b144f9,fd2529bd22b90d6c82173abb6c8e65d7bf488b35376f877ccea60fa964ddb301,64,2070,e53cd56e0e9911d829bd978c3ca766f775d83d12ffb2ff77f051561f6be1cd0c
datased:DataSED - DataSED - Dataset for Sound Event Detection of environmental noise/SED_wav/S-0593.wav,DataSED - DataSED - Dataset for Sound Event Detection of environmental noise/SED_wav/S-0593.wav,DataSED - DataSED - Dataset for Sound Event Detection of environmental noise/SED_wav/S-0593.npy,019d8f473c34246222e24b2c13520fd4cfde5ddc3a1c1e80220cf4759e982ba3,864dd76261e6423f283964107e5c668892768a5144f57924d5190249a8bea048,64,8846,e53cd56e0e9911d829bd978c3ca766f775d83d12ffb2ff77f051561f6be1cd0c
datased:DataSED - DataSED - Dataset for Sound Event Detection of environmental noise/SED_wav/S-0594.wav,DataSED - DataSED - Dataset for Sound Event Detection of environmental noise/SED_wav/S-0594.wav,DataSED - DataSED - Dataset for Sound Event Detection of environmental noise/SED_wav/S-0594.npy,16e46269b2ba22ea0f14d0c2aee88fba1f8a403476206a0f2c0fa169236277ef,c012dc71a7c0faada7bcf23b1698ec7a92e41df8a428e1f7e4641dda47e7e896,64,4447,e53cd56e0e9911d829bd978c3ca766f775d83d12ffb2ff77f051561f6be1cd0c
datased:DataSED - DataSED - Dataset for Sound Event Detection of environmental noise/SED_wav/S-0595.wav,DataSED - DataSED - Dataset for Sound Event Detection of environmental noise/SED_wav/S-0595.wav,DataSED - DataSED - Dataset for Sound Event Detection of environmental noise/SED_wav/S-0595.npy,0170d84119c946e4f49b6eded54adbd625b1d61ffdfb6226d561e55c05a9f460,5163110d9d9a88db06e33d95b06c91ec7c77cb91cae7b19912efb787752ec779,64,1747,e53cd56e0e9911d829bd978c3ca766f775d83d12ffb2ff77f051561f6be1cd0c
datased:DataSED - DataSED - Dataset for Sound Event Detection of environmental noise/SED_wav/S-0596.wav,DataSED - DataSED - Dataset for Sound Event Detection of environmental noise/SED_wav/S-0596.wav,DataSED - DataSED - Dataset for Sound Event Detection of environmental noise/SED_wav/S-0596.npy,9c39eb285d16b4c1444271efd253c2aa2740a34a6e16f346ef6ecf2acb2f39fc,f360b701320bffb5324ff2fb9197785d9e6402f1ef2828438b0e489077f9f801,64,887,e53cd56e0e9911d829bd978c3ca766f775d83d12ffb2ff77f051561f6be1cd0c
datased:DataSED - DataSED - Dataset for Sound Event Detection of environmental noise/SED_wav/S-0597.wav,DataSED - DataSED - Dataset for Sound Event Detection of environmental noise/SED_wav/S-0597.wav,DataSED - DataSED - Dataset for Sound Event Detection of environmental noise/SED_wav/S-0597.npy,78fa89007e0aa5f25cebf29cd5f6f99f394b8b8b36db70f6917b024de9bc900c,217c4a8bbaadd69f08acf36c141c3b8f99d3f53279e3d233a25b65faa557531a,64,2276,e53cd56e0e9911d829bd978c3ca766f775d83d12ffb2ff77f051561f6be1cd0c
datased:DataSED - DataSED - Dataset for Sound Event Detection of environmental noise/SED_wav/S-0598.wav,DataSED - DataSED - Dataset for Sound Event Detection of environmental noise/SED_wav/S-0598.wav,DataSED - DataSED - Dataset for Sound Event Detection of environmental noise/SED_wav/S-0598.npy,09668b418e74451d5be6ce70496260280d330bd89316494e5ed926c66a8d03de,5da75db640cfed7a350324bc751b09e6061834ee599336adbe5b9b83e9f03961,64,2359,e53cd56e0e9911d829bd978c3ca766f775d83d12ffb2ff77f051561f6be1cd0c
datased:DataSED - DataSED - Dataset for Sound Event Detection of environmental noise/SED_wav/S-0599.wav,DataSED - DataSED - Dataset for Sound Event Detection of environmental noise/SED_wav/S-0599.wav,DataSED - DataSED - Dataset for Sound Event Detection of environmental noise/SED_wav/S-0599.npy,95c00992785c33f236fa5b0549667f23c44791eb84c574e3c50e5cc2d233ed17,5e9ecf566b9f3f4b39cf9efb4e282ce08fd115c3829d08d9a0a266bdb4cbba5b,64,1501,e53cd56e0e9911d829bd978c3ca766f775d83d12ffb2ff77f051561f6be1cd0c
datased:DataSED - DataSED - Dataset for Sound Event Detection of environmental noise/SED_wav/S-0600.wav,DataSED - DataSED - Dataset for Sound Event Detection of environmental noise/SED_wav/S-0600.wav,DataSED - DataSED - Dataset for Sound Event Detection of environmental noise/SED_wav/S-0600.npy,7721ba1acd0d457a24d9d469606ababcad6aef7f31ba7a2f8b71dc28741dc0f4,313cc0ee8d50c07019d18e1a2034710e7c755d616b16494fac8743ed4b9f4a3e,64,1367,e53cd56e0e9911d829bd978c3ca766f775d83d12ffb2ff77f051561f6be1cd0c
datased:DataSED - DataSED - Dataset for Sound Event Detection of environmental noise/SED_wav/S-0601.wav,DataSED - DataSED - Dataset for Sound Event Detection of environmental noise/SED_wav/S-0601.wav,DataSED - DataSED - Dataset for Sound Event Detection of environmental noise/SED_wav/S-0601.npy,9ba2bcf376c5c22bd26b2e80a1042ea2382f19769576af53a1b5795abd6c7b5a,2d03816dcb4e065e29ac529e703a53d36d81eab10eda200f1c9076f227f0f3c8,64,1004,e53cd56e0e9911d829bd978c3ca766f775d83d12ffb2ff77f051561f6be1cd0c
datased:DataSED - DataSED - Dataset for Sound Event Detection of environmental noise/SED_wav/S-0602.wav,DataSED - DataSED - Dataset for Sound Event Detection of environmental noise/SED_wav/S-0602.wav,DataSED - DataSED - Dataset for Sound Event Detection of environmental noise/SED_wav/S-0602.npy,74988459d6f305e38ca8cacd9a41c3060ec09bb56698da772f024ecb39f916b3,2ed58a935a02178d231295f2ca8d5d7c6a1c3263d22e44e873123121e1b3d51e,64,1567,e53cd56e0e9911d829bd978c3ca766f775d83d12ffb2ff77f051561f6be1cd0c
datased:DataSED - DataSED - Dataset for Sound Event Detection of environmental noise/SED_wav/S-0603.wav,DataSED - DataSED - Dataset for Sound Event Detection of environmental noise/SED_wav/S-0603.wav,DataSED - DataSED - Dataset for Sound Event Detection of environmental noise/SED_wav/S-0603.npy,f5048012200f8d43217a07fb97c980609bd6ba21d925f1a623c3972e7f73349f,85ffb8bd4a590206e1030ea6c84a2437570502bba542c2970027a797c5073b91,64,3004,e53cd56e0e9911d829bd978c3ca766f775d83d12ffb2ff77f051561f6be1cd0c
datased:DataSED - DataSED - Dataset for Sound Event Detection of environmental noise/SED_wav/S-0604.wav,DataSED - DataSED - Dataset for Sound Event Detection of environmental noise/SED_wav/S-0604.wav,DataSED - DataSED - Dataset for Sound Event Detection of environmental noise/SED_wav/S-0604.npy,8c59fa55feba068f5f0dde6336d9bf529a1618b2d97d5f2005e2cdcb93f2f6ff,d858580c6c2dd9534736b37f6d18b68a543159daa2a470e7ee46671a4710debd,64,852,e53cd56e0e9911d829bd978c3ca766f775d83d12ffb2ff77f051561f6be1cd0c
datased:DataSED - DataSED - Dataset for Sound Event Detection of environmental noise/SED_wav/S-0605.wav,DataSED - DataSED - Dataset for Sound Event Detection of environmental noise/SED_wav/S-0605.wav,DataSED - DataSED - Dataset for Sound Event Detection of environmental noise/SED_wav/S-0605.npy,9710bb55caa07aa70ee921e997fa010b222028e92c0327129222f699f1af874d,4d54e61b2d40d365df32772384fedd2faf9d77d0fed361ed496514d78ca718fe,64,801,e53cd56e0e9911d829bd978c3ca766f775d83d12ffb2ff77f051561f6be1cd0c
datased:DataSED - DataSED - Dataset for Sound Event Detection of environmental noise/SED_wav/S-0606.wav,DataSED - DataSED - Dataset for Sound Event Detection of environmental noise/SED_wav/S-0606.wav,DataSED - DataSED - Dataset for Sound Event Detection of environmental noise/SED_wav/S-0606.npy,8f260b86c50ee8730cf62d82834c05a00dd2b615b041447e8557742ca4d1285c,422c662ea254f1dc1b8bf82c5999bb4ab379f90801634234c6820a512a42f982,64,1535,e53cd56e0e9911d829bd978c3ca766f775d83d12ffb2ff77f051561f6be1cd0c
datased:DataSED - DataSED - Dataset for Sound Event Detection of environmental noise/SED_wav/S-0607.wav,DataSED - DataSED - Dataset for Sound Event Detection of environmental noise/SED_wav/S-0607.wav,DataSED - DataSED - Dataset for Sound Event Detection of environmental noise/SED_wav/S-0607.npy,b4267544f15f187857adee6c58f50f03d97705b97f3d84cc9f355e08cac7e2f6,54b0978f4c96c138541ce300803667afdc004c00bb7e5d73de91450c5215f7a4,64,1582,e53cd56e0e9911d829bd978c3ca766f775d83d12ffb2ff77f051561f6be1cd0c
datased:DataSED - DataSED - Dataset for Sound Event Detection of environmental noise/SED_wav/S-0608.wav,DataSED - DataSED - Dataset for Sound Event Detection of environmental noise/SED_wav/S-0608.wav,DataSED - DataSED - Dataset for Sound Event Detection of environmental noise/SED_wav/S-0608.npy,7d6ba844b6341ba98fc961852615965ac4969eaeddcb560beb08d7e6d8868577,999869056f2a21c4d62156ba85b4d306e79ce518dcbe972c77cdf364231bf92a,64,1201,e53cd56e0e9911d829bd978c3ca766f775d83d12ffb2ff77f051561f6be1cd0c
datased:DataSED - DataSED - Dataset for Sound Event Detection of environmental noise/SED_wav/S-0609.wav,DataSED - DataSED - Dataset for Sound Event Detection of environmental noise/SED_wav/S-0609.wav,DataSED - DataSED - Dataset for Sound Event Detection of environmental noise/SED_wav/S-0609.npy,1a85d2b70202d20d5c0170c26c4c9462e74e29a9a3fde28a07ed319842515700,199150554c9740d584bd8a6c4ba2eec23d549430f1c5ec683ebbd9406187f15f,64,751,e53cd56e0e9911d829bd978c3ca766f775d83d12ffb2ff77f051561f6be1cd0c
datased:DataSED - DataSED - Dataset for Sound Event Detection of environmental noise/SED_wav/S-0610.wav,DataSED - DataSED - Dataset for Sound Event Detection of environmental noise/SED_wav/S-0610.wav,DataSED - DataSED - Dataset for Sound Event Detection of environmental noise/SED_wav/S-0610.npy,c320df61598fd97657d8540224dd647d24c67d6977b11857e7dc7d985096e913,7177e0c851f45646354d1158a39bfb540c14186c638d71fc4c518984a9a2846f,64,1124,e53cd56e0e9911d829bd978c3ca766f775d83d12ffb2ff77f051561f6be1cd0c
datased:DataSED - DataSED - Dataset for Sound Event Detection of environmental noise/SED_wav/S-0611.wav,DataSED - DataSED - Dataset for Sound Event Detection of environmental noise/SED_wav/S-0611.wav,DataSED - DataSED - Dataset for Sound Event Detection of environmental noise/SED_wav/S-0611.npy,1c2acfc93ce150c623895c5754b01cf8fd90118eab06df368b8adb2650404526,2f724c4378cd85bafb23da5edec9af10d4cd95aaf3a090f646fabce77fe5e047,64,1543,e53cd56e0e9911d829bd978c3ca766f775d83d12ffb2ff77f051561f6be1cd0c
datased:DataSED - DataSED - Dataset for Sound Event Detection of environmental noise/SED_wav/S-0612.wav,DataSED - DataSED - Dataset for Sound Event Detection of environmental noise/SED_wav/S-0612.wav,DataSED - DataSED - Dataset for Sound Event Detection of environmental noise/SED_wav/S-0612.npy,af8719a52a45ff6186d101d8cfe45196c533aa19839b756b5a44914fbc88ea9a,a25181621872eab8f06469b4f69c1e941556837af20396d2ee5a7729d3a97ef2,64,1521,e53cd56e0e9911d829bd978c3ca766f775d83d12ffb2ff77f051561f6be1cd0c
datased:DataSED - DataSED - Dataset for Sound Event Detection of environmental noise/SED_wav/S-0613.wav,DataSED - DataSED - Dataset for Sound Event Detection of environmental noise/SED_wav/S-0613.wav,DataSED - DataSED - Dataset for Sound Event Detection of environmental noise/SED_wav/S-0613.npy,a28d1c004484042b8b6367ea0b0bf3a6f8749657d290d311d6ff0c38570db386,2a7b2dc700a237e8b25fe7de0cbdef6b926507e9d759cce0abc159601811734d,64,1598,e53cd56e0e9911d829bd978c3ca766f775d83d12ffb2ff77f051561f6be1cd0c
datased:DataSED - DataSED - Dataset for Sound Event Detection of environmental noise/SED_wav/S-0614.wav,DataSED - DataSED - Dataset for Sound Event Detection of environmental noise/SED_wav/S-0614.wav,DataSED - DataSED - Dataset for Sound Event Detection of environmental noise/SED_wav/S-0614.npy,15a73da5ec5a2195c0acd81cff5d88e73c4a76fbd197e1d529eb30abc02c95db,5cbd16f5e6e7ea263890ec3b26ce79efcb30e7a2d7fa143411f05efcbf730b54,64,1487,e53cd56e0e9911d829bd978c3ca766f775d83d12ffb2ff77f051561f6be1cd0c
datased:DataSED - DataSED - Dataset for Sound Event Detection of environmental noise/SED_wav/S-0615.wav,DataSED - DataSED - Dataset for Sound Event Detection of environmental noise/SED_wav/S-0615.wav,DataSED - DataSED - Dataset for Sound Event Detection of environmental noise/SED_wav/S-0615.npy,fb4726c66c4495d16fa0375832a309e5123f1fc0068d3d4c5dcce08034305b67,345c9bdf4ec7b8b4ce6bf542f3198859cbf6e284b9b1e6aedac8364ec49de91a,64,1155,e53cd56e0e9911d829bd978c3ca766f775d83d12ffb2ff77f051561f6be1cd0c
datased:DataSED - DataSED - Dataset for Sound Event Detection of environmental noise/SED_wav/S-0616.wav,DataSED - DataSED - Dataset for Sound Event Detection of environmental noise/SED_wav/S-0616.wav,DataSED - DataSED - Dataset for Sound Event Detection of environmental noise/SED_wav/S-0616.npy,1173699f779da3253f59d0db2e65b15c8f5e0f66b07498cee50e80561ea0ebb3,6c03c5e92af283b09f833a28537bf34064a905008677cc12105e00853bc49367,64,452,e53cd56e0e9911d829bd978c3ca766f775d83d12ffb2ff77f051561f6be1cd0c
datased:DataSED - DataSED - Dataset for Sound Event Detection of environmental noise/SED_wav/S-0617.wav,DataSED - DataSED - Dataset for Sound Event Detection of environmental noise/SED_wav/S-0617.wav,DataSED - DataSED - Dataset for Sound Event Detection of environmental noise/SED_wav/S-0617.npy,ff3d9a9aa28729753ce13b2223f005917d9e89f98a9c68d8269a09bf301c329a,e4ba9d5cddaa1d8c4a478ea4788574316688c5788dd06ae28e5c275d650fc75e,64,1388,e53cd56e0e9911d829bd978c3ca766f775d83d12ffb2ff77f051561f6be1cd0c
datased:DataSED - DataSED - Dataset for Sound Event Detection of environmental noise/SED_wav/S-0618.wav,DataSED - DataSED - Dataset for Sound Event Detection of environmental noise/SED_wav/S-0618.wav,DataSED - DataSED - Dataset for Sound Event Detection of environmental noise/SED_wav/S-0618.npy,255c4ab952907ed7baa9e585fb2b718ec61c266349cc8bf2691cb434111a7ee2,1c84b8e636781810edd43801113c754fbe2fa60840e302dd3dc72ad7a89a931b,64,2297,e53cd56e0e9911d829bd978c3ca766f775d83d12ffb2ff77f051561f6be1cd0c
datased:DataSED - DataSED - Dataset for Sound Event Detection of environmental noise/SED_wav/S-0619.wav,DataSED - DataSED - Dataset for Sound Event Detection of environmental noise/SED_wav/S-0619.wav,DataSED - DataSED - Dataset for Sound Event Detection of environmental noise/SED_wav/S-0619.npy,e897f7fe90ec348ff6b9284af7066f061bbd3e7249bd0d6f6e6938e7a55b2205,a67cb89c72be2a90c771ebb7232ae668cf16be86f7e748fc7c7ccb5e08561ea8,64,2896,e53cd56e0e9911d829bd978c3ca766f775d83d12ffb2ff77f051561f6be1cd0c
datased:DataSED - DataSED - Dataset for Sound Event Detection of environmental noise/SED_wav/S-0620.wav,DataSED - DataSED - Dataset for Sound Event Detection of environmental noise/SED_wav/S-0620.wav,DataSED - DataSED - Dataset for Sound Event Detection of environmental noise/SED_wav/S-0620.npy,c7eecf554583202678c90521a0798aa0d2fbc885776a382ecd422dc97e1b07da,147d3f1dc21c42e4a5117e247829b347f3380682de84b83874b4a33f49408fd0,64,1304,e53cd56e0e9911d829bd978c3ca766f775d83d12ffb2ff77f051561f6be1cd0c
datased:DataSED - DataSED - Dataset for Sound Event Detection of environmental noise/SED_wav/S-0621.wav,DataSED - DataSED - Dataset for Sound Event Detection of environmental noise/SED_wav/S-0621.wav,DataSED - DataSED - Dataset for Sound Event Detection of environmental noise/SED_wav/S-0621.npy,451856e89c8f93e83cf21928355d18a01e2c20d62ee8fa8bb0753bbd4fb670f8,f912476ed7490c560a643e8740ba50fae99783b93ead2f8b0f593904e267c550,64,1594,e53cd56e0e9911d829bd978c3ca766f775d83d12ffb2ff77f051561f6be1cd0c
datased:DataSED - DataSED - Dataset for Sound Event Detection of environmental noise/SED_wav/S-0622.wav,DataSED - DataSED - Dataset for Sound Event Detection of environmental noise/SED_wav/S-0622.wav,DataSED - DataSED - Dataset for Sound Event Detection of environmental noise/SED_wav/S-0622.npy,8f260b86c50ee8730cf62d82834c05a00dd2b615b041447e8557742ca4d1285c,422c662ea254f1dc1b8bf82c5999bb4ab379f90801634234c6820a512a42f982,64,1535,e53cd56e0e9911d829bd978c3ca766f775d83d12ffb2ff77f051561f6be1cd0c
datased:DataSED - DataSED - Dataset for Sound Event Detection of environmental noise/SED_wav/S-0623.wav,DataSED - DataSED - Dataset for Sound Event Detection of environmental noise/SED_wav/S-0623.wav,DataSED - DataSED - Dataset for Sound Event Detection of environmental noise/SED_wav/S-0623.npy,451856e89c8f93e83cf21928355d18a01e2c20d62ee8fa8bb0753bbd4fb670f8,f912476ed7490c560a643e8740ba50fae99783b93ead2f8b0f593904e267c550,64,1594,e53cd56e0e9911d829bd978c3ca766f775d83d12ffb2ff77f051561f6be1cd0c
datased:DataSED - DataSED - Dataset for Sound Event Detection of environmental noise/SED_wav/S-0624.wav,DataSED - DataSED - Dataset for Sound Event Detection of environmental noise/SED_wav/S-0624.wav,DataSED - DataSED - Dataset for Sound Event Detection of environmental noise/SED_wav/S-0624.npy,54b8785f1badc27ccee2b030045fd8148f21c7fbf70ef78b4ab44d0534bc58ab,a0bb1d7712d26aa052668eff90f39c97beba938f7475fc031a38a95895cf3551,64,1923,e53cd56e0e9911d829bd978c3ca766f775d83d12ffb2ff77f051561f6be1cd0c
datased:DataSED - DataSED - Dataset for Sound Event Detection of environmental noise/SED_wav/S-0625.wav,DataSED - DataSED - Dataset for Sound Event Detection of environmental noise/SED_wav/S-0625.wav,DataSED - DataSED - Dataset for Sound Event Detection of environmental noise/SED_wav/S-0625.npy,df8992596a5e9bcc7059714dad49fbc92359baae4115370bb3a438e802769f03,f78721b1d205e27772a033ca8255602db56c54856861a46156b640d9a0ebd645,64,1590,e53cd56e0e9911d829bd978c3ca766f775d83d12ffb2ff77f051561f6be1cd0c
datased:DataSED - DataSED - Dataset for Sound Event Detection of environmental noise/SED_wav/S-0626.wav,DataSED - DataSED - Dataset for Sound Event Detection of environmental noise/SED_wav/S-0626.wav,DataSED - DataSED - Dataset for Sound Event Detection of environmental noise/SED_wav/S-0626.npy,b4ba268569332d717cdd20d7588edf3e8e3ed8b93eca15f91b23c47edc834944,897d64d39987bb3d97456577fde3cf4704e702c0ce35101d8ff41e8a4f1bb443,64,1233,e53cd56e0e9911d829bd978c3ca766f775d83d12ffb2ff77f051561f6be1cd0c
datased:DataSED - DataSED - Dataset for Sound Event Detection of environmental noise/SED_wav/S-0627.wav,DataSED - DataSED - Dataset for Sound Event Detection of environmental noise/SED_wav/S-0627.wav,DataSED - DataSED - Dataset for Sound Event Detection of environmental noise/SED_wav/S-0627.npy,475c3bea91bc83fa976873e3151d535aa0d9d0a98d7de19ea64d8dad89c124d9,9575018231ac2a646cb85123ce75c0150f6254cdcb42a1b4dabc0c6b2d049113,64,1215,e53cd56e0e9911d829bd978c3ca766f775d83d12ffb2ff77f051561f6be1cd0c
datased:DataSED - DataSED - Dataset for Sound Event Detection of environmental noise/SED_wav/S-0628.wav,DataSED - DataSED - Dataset for Sound Event Detection of environmental noise/SED_wav/S-0628.wav,DataSED - DataSED - Dataset for Sound Event Detection of environmental noise/SED_wav/S-0628.npy,2b3c76351c0bd903708eb3fa1da70a3351a0c054fcf0777339bd713b0d167381,dd566f6761070cea3fa5711da8e94b216e6c5510f06183b89e35416c5f9f3a1c,64,761,e53cd56e0e9911d829bd978c3ca766f775d83d12ffb2ff77f051561f6be1cd0c
datased:DataSED - DataSED - Dataset for Sound Event Detection of environmental noise/SED_wav/S-0629.wav,DataSED - DataSED - Dataset for Sound Event Detection of environmental noise/SED_wav/S-0629.wav,DataSED - DataSED - Dataset for Sound Event Detection of environmental noise/SED_wav/S-0629.npy,9f9386a6cc2ee490d1604772e9177d9dcd97b79183daa2dad62f0bd582f55c24,15c0a4c2159aad601bf95ae69ce68fb971ffacd728953317d92bc2f6742ccfaf,64,1591,e53cd56e0e9911d829bd978c3ca766f775d83d12ffb2ff77f051561f6be1cd0c
datased:DataSED - DataSED - Dataset for Sound Event Detection of environmental noise/SED_wav/S-0630.wav,DataSED - DataSED - Dataset for Sound Event Detection of environmental noise/SED_wav/S-0630.wav,DataSED - DataSED - Dataset for Sound Event Detection of environmental noise/SED_wav/S-0630.npy,25a27aed085df8e67fec4a977d6d473980920382ebe87503438577ee48a86555,3492453ae2c175af8abcc8d055e15b1661fae3aa5a2488243b27a7289e7b77ff,64,761,e53cd56e0e9911d829bd978c3ca766f775d83d12ffb2ff77f051561f6be1cd0c
datased:DataSED - DataSED - Dataset for Sound Event Detection of environmental noise/SED_wav/S-0631.wav,DataSED - DataSED - Dataset for Sound Event Detection of environmental noise/SED_wav/S-0631.wav,DataSED - DataSED - Dataset for Sound Event Detection of environmental noise/SED_wav/S-0631.npy,8f1bd1ff851425ab7f2101e4fd7eaf4e12da16d1e26038bdf2ba70e459b59b42,c48d58ccb4b8838c65d8ec83c6e5b6c2496765f5da361184955093373764fbe4,64,1723,e53cd56e0e9911d829bd978c3ca766f775d83d12ffb2ff77f051561f6be1cd0c
datased:DataSED - DataSED - Dataset for Sound Event Detection of environmental noise/SED_wav/S-0632.wav,DataSED - DataSED - Dataset for Sound Event Detection of environmental noise/SED_wav/S-0632.wav,DataSED - DataSED - Dataset for Sound Event Detection of environmental noise/SED_wav/S-0632.npy,1d8b626d2c53220aeb99044a721d45b59e355c925ee20dfb3c776c3c74ed8bed,ed9241264b11f29de9eec1e76fa7c1da82980346819ba2c8369e4de2658624f2,64,3193,e53cd56e0e9911d829bd978c3ca766f775d83d12ffb2ff77f051561f6be1cd0c
datased:DataSED - DataSED - Dataset for Sound Event Detection of environmental noise/SED_wav/S-0633.wav,DataSED - DataSED - Dataset for Sound Event Detection of environmental noise/SED_wav/S-0633.wav,DataSED - DataSED - Dataset for Sound Event Detection of environmental noise/SED_wav/S-0633.npy,18a2a758931a0eb6074331e33d57b221c9f99212852170279d6ed32a4d45a5d7,421405f41f6544edb76a0bda5287b6167e490b57087391ffb2c3524482dc3d6c,64,2663,e53cd56e0e9911d829bd978c3ca766f775d83d12ffb2ff77f051561f6be1cd0c
datased:DataSED - DataSED - Dataset for Sound Event Detection of environmental noise/SED_wav/S-0634.wav,DataSED - DataSED - Dataset for Sound Event Detection of environmental noise/SED_wav/S-0634.wav,DataSED - DataSED - Dataset for Sound Event Detection of environmental noise/SED_wav/S-0634.npy,4bfc6bf1a4378bcd036273e83c0077fa43da6cfac67b830b26002da6a8cde0ca,1edafb4e37e214029a6b868c07f0fda4d4c0f2bf4427c720aaf2423b008c7101,64,4167,e53cd56e0e9911d829bd978c3ca766f775d83d12ffb2ff77f051561f6be1cd0c
datased:DataSED - DataSED - Dataset for Sound Event Detection of environmental noise/SED_wav/S-0635.wav,DataSED - DataSED - Dataset for Sound Event Detection of environmental noise/SED_wav/S-0635.wav,DataSED - DataSED - Dataset for Sound Event Detection of environmental noise/SED_wav/S-0635.npy,d0f5f2528ea48ad2109ba143abcfcf386dbe294bda715f6ad3a95ecd7434ba11,b2720a076ddac76fc2ebf64ffedb33e749ae789b87499fe139858e1bbb902ebc,64,1013,e53cd56e0e9911d829bd978c3ca766f775d83d12ffb2ff77f051561f6be1cd0c
datased:DataSED - DataSED - Dataset for Sound Event Detection of environmental noise/SED_wav/S-0636.wav,DataSED - DataSED - Dataset for Sound Event Detection of environmental noise/SED_wav/S-0636.wav,DataSED - DataSED - Dataset for Sound Event Detection of environmental noise/SED_wav/S-0636.npy,07247191f188cf77f14e1d52d446608daf44704e85eff1b9df617ceab24bdfce,bb4abd6f1ba463e1c371c66c6641812d6e16f1abbfb654ebcefab8ed8846ffd0,64,1070,e53cd56e0e9911d829bd978c3ca766f775d83d12ffb2ff77f051561f6be1cd0c
datased:DataSED - DataSED - Dataset for Sound Event Detection of environmental noise/SED_wav/S-0637.wav,DataSED - DataSED - Dataset for Sound Event Detection of environmental noise/SED_wav/S-0637.wav,DataSED - DataSED - Dataset for Sound Event Detection of environmental noise/SED_wav/S-0637.npy,aca6e2cc7e66341f4cdbe6a29e72f0da30dafe53ccec12dd0bea980b7244a06e,434b11e03f631829503933b7592fc7b51fd34ef82be8a67a0c91928ed4a459cc,64,1029,e53cd56e0e9911d829bd978c3ca766f775d83d12ffb2ff77f051561f6be1cd0c
datased:DataSED - DataSED - Dataset for Sound Event Detection of environmental noise/SED_wav/S-0638.wav,DataSED - DataSED - Dataset for Sound Event Detection of environmental noise/SED_wav/S-0638.wav,DataSED - DataSED - Dataset for Sound Event Detection of environmental noise/SED_wav/S-0638.npy,d93efe60da733a2f05306989d3ed9044cfeaeba6d6525a2e447973e8cc6702e5,e6a76fa1a27a45c81ac35484a6072521fc652d67c039724c03429e61a801c604,64,1308,e53cd56e0e9911d829bd978c3ca766f775d83d12ffb2ff77f051561f6be1cd0c
datased:DataSED - DataSED - Dataset for Sound Event Detection of environmental noise/SED_wav/S-0639.wav,DataSED - DataSED - Dataset for Sound Event Detection of environmental noise/SED_wav/S-0639.wav,DataSED - DataSED - Dataset for Sound Event Detection of environmental noise/SED_wav/S-0639.npy,fe2b903f62894b0b4d2cc0fefc28d9dd8924319956ad8c9fe2489d20083bb9a3,8cc342bfb952c79803584e494f6489acba41b1f2537117ccff89b87ab3de3c83,64,1758,e53cd56e0e9911d829bd978c3ca766f775d83d12ffb2ff77f051561f6be1cd0c
datased:DataSED - DataSED - Dataset for Sound Event Detection of environmental noise/SED_wav/S-0640.wav,DataSED - DataSED - Dataset for Sound Event Detection of environmental noise/SED_wav/S-0640.wav,DataSED - DataSED - Dataset for Sound Event Detection of environmental noise/SED_wav/S-0640.npy,71aeece013d4b9c7dd0aa6d077f987d0a0de70ba1b376bd9c40269e600381981,2e04da7f08a278609671d115bc1ab2a0a27f5950317e67eded2e854e906ae745,64,3267,e53cd56e0e9911d829bd978c3ca766f775d83d12ffb2ff77f051561f6be1cd0c
datased:DataSED - DataSED - Dataset for Sound Event Detection of environmental noise/SED_wav/S-0641.wav,DataSED - DataSED - Dataset for Sound Event Detection of environmental noise/SED_wav/S-0641.wav,DataSED - DataSED - Dataset for Sound Event Detection of environmental noise/SED_wav/S-0641.npy,35d571450e529f8f1e9052dc6c838a24c84bea507935678328dbd2a4fcb16b65,410515a49dabe00c8c32ddb61c2a04d5149a1480e232166eaac4526c910e3638,64,2443,e53cd56e0e9911d829bd978c3ca766f775d83d12ffb2ff77f051561f6be1cd0c
datased:DataSED - DataSED - Dataset for Sound Event Detection of environmental noise/SED_wav/S-0642.wav,DataSED - DataSED - Dataset for Sound Event Detection of environmental noise/SED_wav/S-0642.wav,DataSED - DataSED - Dataset for Sound Event Detection of environmental noise/SED_wav/S-0642.npy,5c0c1ac01303896a904f93632e88bb8076dd3a1aea5f6e76fc80fdb07ab9b61e,3789c3b07a081e59bac27cd2b32719f19538615c34cea94c374d02d81fec57fc,64,2458,e53cd56e0e9911d829bd978c3ca766f775d83d12ffb2ff77f051561f6be1cd0c
datased:DataSED - DataSED - Dataset for Sound Event Detection of environmental noise/SED_wav/S-0643.wav,DataSED - DataSED - Dataset for Sound Event Detection of environmental noise/SED_wav/S-0643.wav,DataSED - DataSED - Dataset for Sound Event Detection of environmental noise/SED_wav/S-0643.npy,ecc59331305d5d9f4078ff275d9c57c23cb39937a608669bcb446185badde0bb,99bf8a9f4ce4311b1cf22d4f31c350dbd7a618fd26065e750ed7628ea5ea5af6,64,1548,e53cd56e0e9911d829bd978c3ca766f775d83d12ffb2ff77f051561f6be1cd0c
datased:DataSED - DataSED - Dataset for Sound Event Detection of environmental noise/SED_wav/S-0644.wav,DataSED - DataSED - Dataset for Sound Event Detection of environmental noise/SED_wav/S-0644.wav,DataSED - DataSED - Dataset for Sound Event Detection of environmental noise/SED_wav/S-0644.npy,fb6dba705fcde0c63589556e65280012db425227ae78a96deb1757b2fdaf6156,4cb119cc7d4fd3c73533a22e6ca789bcfc866a4fc945960243bd42fc0bcd82bb,64,1483,e53cd56e0e9911d829bd978c3ca766f775d83d12ffb2ff77f051561f6be1cd0c
datased:DataSED - DataSED - Dataset for Sound Event Detection of environmental noise/SED_wav/S-0645.wav,DataSED - DataSED - Dataset for Sound Event Detection of environmental noise/SED_wav/S-0645.wav,DataSED - DataSED - Dataset for Sound Event Detection of environmental noise/SED_wav/S-0645.npy,1c85caaf076bd2370022f6ece9c5389658acf3e87c2d863735c348f9cf83a6bc,9d6326f4d331adff67f5d672fb697c2238859e9d069354d53a3605fdc8ff2960,64,5895,e53cd56e0e9911d829bd978c3ca766f775d83d12ffb2ff77f051561f6be1cd0c
datased:DataSED - DataSED - Dataset for Sound Event Detection of environmental noise/SED_wav/S-0646.wav,DataSED - DataSED - Dataset for Sound Event Detection of environmental noise/SED_wav/S-0646.wav,DataSED - DataSED - Dataset for Sound Event Detection of environmental noise/SED_wav/S-0646.npy,9025df33b42f1859ce4013cff877de6ff38a01c0e9bcae2b415f96084b621f74,0b86b06f7732c5f23104b75b2864a3a75cb8a92a14f6d0ea0aae782bbb7797eb,64,5557,e53cd56e0e9911d829bd978c3ca766f775d83d12ffb2ff77f051561f6be1cd0c
datased:DataSED - DataSED - Dataset for Sound Event Detection of environmental noise/SED_wav/S-0647.wav,DataSED - DataSED - Dataset for Sound Event Detection of environmental noise/SED_wav/S-0647.wav,DataSED - DataSED - Dataset for Sound Event Detection of environmental noise/SED_wav/S-0647.npy,6d81f7c3eb24c76f74dac5a1f2e0ca14ebdbf0aaae523ecce1ee6785661f50c1,528823ee7bcd010742036810254f7826b62f9a2dbaed7d5e01cb6ba95b3717d8,64,6180,e53cd56e0e9911d829bd978c3ca766f775d83d12ffb2ff77f051561f6be1cd0c
datased:DataSED - DataSED - Dataset for Sound Event Detection of environmental noise/SED_wav/S-0648.wav,DataSED - DataSED - Dataset for Sound Event Detection of environmental noise/SED_wav/S-0648.wav,DataSED - DataSED - Dataset for Sound Event Detection of environmental noise/SED_wav/S-0648.npy,13d00401f4fb964a55532dd5fe6131f32563ba200b0fa2495941a0b6a70e5691,34fdad854fa242611f0d6484a3a173097afba8df6777c6ea8861b7af0547915f,64,6660,e53cd56e0e9911d829bd978c3ca766f775d83d12ffb2ff77f051561f6be1cd0c
datased:DataSED - DataSED - Dataset for Sound Event Detection of environmental noise/SED_wav/S-0649.wav,DataSED - DataSED - Dataset for Sound Event Detection of environmental noise/SED_wav/S-0649.wav,DataSED - DataSED - Dataset for Sound Event Detection of environmental noise/SED_wav/S-0649.npy,d4da1b2dbf21491a8c471cbcfcaac06320eb799e80a1a6fb22599a0881ec1388,807a20ed537fc0f5e9e9c5f5d2809d5885208fbbc4afb012f5835081c796d42d,64,7072,e53cd56e0e9911d829bd978c3ca766f775d83d12ffb2ff77f051561f6be1cd0c
datased:DataSED - DataSED - Dataset for Sound Event Detection of environmental noise/SED_wav/S-0650.wav,DataSED - DataSED - Dataset for Sound Event Detection of environmental noise/SED_wav/S-0650.wav,DataSED - DataSED - Dataset for Sound Event Detection of environmental noise/SED_wav/S-0650.npy,b897c3963e5eec00851c050197b7921cf1aac4a71ec5874216511acecfba66b1,ef0b434d7e394c3ca74ef80cfef25b392564098458d963a098a729a8f914347a,64,7504,e53cd56e0e9911d829bd978c3ca766f775d83d12ffb2ff77f051561f6be1cd0c
datased:DataSED - DataSED - Dataset for Sound Event Detection of environmental noise/SED_wav/S-0651.wav,DataSED - DataSED - Dataset for Sound Event Detection of environmental noise/SED_wav/S-0651.wav,DataSED - DataSED - Dataset for Sound Event Detection of environmental noise/SED_wav/S-0651.npy,8f0dbf4e70286791ed23e8cca85c0944441e818b057fd48aae59ed58b4e52fbc,2001bb651271768d89903e25b41faf7e8d2768aba4159d96714f1b3a3956acdc,64,5617,e53cd56e0e9911d829bd978c3ca766f775d83d12ffb2ff77f051561f6be1cd0c
datased:DataSED - DataSED - Dataset for Sound Event Detection of environmental noise/SED_wav/S-0652.wav,DataSED - DataSED - Dataset for Sound Event Detection of environmental noise/SED_wav/S-0652.wav,DataSED - DataSED - Dataset for Sound Event Detection of environmental noise/SED_wav/S-0652.npy,283a22465db06028df16112c6bd1c20025cc69c870a85cb2676635310442eff2,4fd2082a05657c9c5879efd61cf9eb71715831dc144c211439c74bb12411c541,64,8946,e53cd56e0e9911d829bd978c3ca766f775d83d12ffb2ff77f051561f6be1cd0c
datased:DataSED - DataSED - Dataset for Sound Event Detection of environmental noise/SED_wav/S-0653.wav,DataSED - DataSED - Dataset for Sound Event Detection of environmental noise/SED_wav/S-0653.wav,DataSED - DataSED - Dataset for Sound Event Detection of environmental noise/SED_wav/S-0653.npy,8bccd903ecb5779f15751dc56524f699c884814c7e890e7771e5ae1d3d58acbd,352eaccf9de60a3c44dff540e3a5b00fbb25cd6bacea74e7a5f89a82192278d1,64,7141,e53cd56e0e9911d829bd978c3ca766f775d83d12ffb2ff77f051561f6be1cd0c
datased:DataSED - DataSED - Dataset for Sound Event Detection of environmental noise/SED_wav/S-0654.wav,DataSED - DataSED - Dataset for Sound Event Detection of environmental noise/SED_wav/S-0654.wav,DataSED - DataSED - Dataset for Sound Event Detection of environmental noise/SED_wav/S-0654.npy,1e4cff045bf873e62fdfbfb6419b7d403d30235e81b4b4ba644eee80a43c4d68,591f542b8eba9bcc058e0a7b650334b3c57d4efbbcc0621539ebd4a7d2658f72,64,4601,e53cd56e0e9911d829bd978c3ca766f775d83d12ffb2ff77f051561f6be1cd0c
datased:DataSED - DataSED - Dataset for Sound Event Detection of environmental noise/SED_wav/S-0655.wav,DataSED - DataSED - Dataset for Sound Event Detection of environmental noise/SED_wav/S-0655.wav,DataSED - DataSED - Dataset for Sound Event Detection of environmental noise/SED_wav/S-0655.npy,fb8ea0e9c253425be7b77b638288cfac236c22ef1ad5f0e5876d2bb016e03467,ec7f89c3b9bccaccebd949153ae5eb6c8fe5275900ce4bfbe7f840da7a80110e,64,5711,e53cd56e0e9911d829bd978c3ca766f775d83d12ffb2ff77f051561f6be1cd0c
datased:DataSED - DataSED - Dataset for Sound Event Detection of environmental noise/SED_wav/S-0656.wav,DataSED - DataSED - Dataset for Sound Event Detection of environmental noise/SED_wav/S-0656.wav,DataSED - DataSED - Dataset for Sound Event Detection of environmental noise/SED_wav/S-0656.npy,6c149f890fd4fa0d5cf94ea6b8019ed87eef59b1927fd21e96e92839ff9eb4ce,dbc08af5e99633ab6ae69b7c4be217b8afbf75edcfa1242876a423f94334c3f3,64,5513,e53cd56e0e9911d829bd978c3ca766f775d83d12ffb2ff77f051561f6be1cd0c
datased:DataSED - DataSED - Dataset for Sound Event Detection of environmental noise/SED_wav/S-0657.wav,DataSED - DataSED - Dataset for Sound Event Detection of environmental noise/SED_wav/S-0657.wav,DataSED - DataSED - Dataset for Sound Event Detection of environmental noise/SED_wav/S-0657.npy,b355f61cf25fe5aa2a9c73f788c10e4deb5cbbf30cd89c1c53243a38a932485b,68438e3f8a67ea1f1f9dc641c3367524263404653af8fc4dff8a0f51797317fd,64,1907,e53cd56e0e9911d829bd978c3ca766f775d83d12ffb2ff77f051561f6be1cd0c
datased:DataSED - DataSED - Dataset for Sound Event Detection of environmental noise/SED_wav/S-0658.wav,DataSED - DataSED - Dataset for Sound Event Detection of environmental noise/SED_wav/S-0658.wav,DataSED - DataSED - Dataset for Sound Event Detection of environmental noise/SED_wav/S-0658.npy,658c49df0f2f83a52d1378274ce7aabee42b75531887209c93465a68aa2db0f9,83dfc7eac6f0cb11b45f5266f18a58b13edf4bbf4d9f917d4e2362b8e169557a,64,3172,e53cd56e0e9911d829bd978c3ca766f775d83d12ffb2ff77f051561f6be1cd0c
datased:DataSED - DataSED - Dataset for Sound Event Detection of environmental noise/SED_wav/S-0659.wav,DataSED - DataSED - Dataset for Sound Event Detection of environmental noise/SED_wav/S-0659.wav,DataSED - DataSED - Dataset for Sound Event Detection of environmental noise/SED_wav/S-0659.npy,e5925d5800825403a4154db10a4b51ae0e90c61c386be2c3cb23d872db4673b7,35be5bf61cf70894a2c5af89d6f440ce9211b342db579fb896f62f0e0a085a1f,64,921,e53cd56e0e9911d829bd978c3ca766f775d83d12ffb2ff77f051561f6be1cd0c
datased:DataSED - DataSED - Dataset for Sound Event Detection of environmental noise/SED_wav/S-0660.wav,DataSED - DataSED - Dataset for Sound Event Detection of environmental noise/SED_wav/S-0660.wav,DataSED - DataSED - Dataset for Sound Event Detection of environmental noise/SED_wav/S-0660.npy,961894b0565e7d771264390db2dcb4d3e1a1e504536934f70380cce4914728a2,770b72360a07972deca12d0775d392b5f55027dd0e62d95bcc57aa3fb3d77e37,64,502,e53cd56e0e9911d829bd978c3ca766f775d83d12ffb2ff77f051561f6be1cd0c
datased:DataSED - DataSED - Dataset for Sound Event Detection of environmental noise/SED_wav/S-0661.wav,DataSED - DataSED - Dataset for Sound Event Detection of environmental noise/SED_wav/S-0661.wav,DataSED - DataSED - Dataset for Sound Event Detection of environmental noise/SED_wav/S-0661.npy,9250b317b48f26ec93d8fdaa6a9c6f94741d0f94c1d527b6b87f705cda75b1ce,c05b0d3545788bed1759539831214e97a660f64c79c89dad7c46dfadbbf771a6,64,4847,e53cd56e0e9911d829bd978c3ca766f775d83d12ffb2ff77f051561f6be1cd0c
datased:DataSED - DataSED - Dataset for Sound Event Detection of environmental noise/SED_wav/S-0662.wav,DataSED - DataSED - Dataset for Sound Event Detection of environmental noise/SED_wav/S-0662.wav,DataSED - DataSED - Dataset for Sound Event Detection of environmental noise/SED_wav/S-0662.npy,81a567cd6e2940f451f0b0c2c9e42430c9ed75f874fd11c3f5f63b51c4d6523a,845428daf908a28a78a3367ab9102b5ccad0a0e4e67aa9c4008c5b14827efb04,64,1804,e53cd56e0e9911d829bd978c3ca766f775d83d12ffb2ff77f051561f6be1cd0c
datased:DataSED - DataSED - Dataset for Sound Event Detection of environmental noise/SED_wav/S-0663.wav,DataSED - DataSED - Dataset for Sound Event Detection of environmental noise/SED_wav/S-0663.wav,DataSED - DataSED - Dataset for Sound Event Detection of environmental noise/SED_wav/S-0663.npy,13df903121ce99994ccf3366c5c371a5760a0dbe636330f859b0f61cdd152344,5517481d967c6b9dfef6661b218218c9477c23e42bd26c2fd0a6fd18e3c7db17,64,1967,e53cd56e0e9911d829bd978c3ca766f775d83d12ffb2ff77f051561f6be1cd0c
datased:DataSED - DataSED - Dataset for Sound Event Detection of environmental noise/SED_wav/S-0664.wav,DataSED - DataSED - Dataset for Sound Event Detection of environmental noise/SED_wav/S-0664.wav,DataSED - DataSED - Dataset for Sound Event Detection of environmental noise/SED_wav/S-0664.npy,a325049cd234962938ab8af9871f0f185b194bc32f3851f7ee30d9ea24be1bd7,7f4362bd6c1ec02792d75c20e8f1487b57080f44d21aa6244886ea93b0c99144,64,1493,e53cd56e0e9911d829bd978c3ca766f775d83d12ffb2ff77f051561f6be1cd0c
datased:DataSED - DataSED - Dataset for Sound Event Detection of environmental noise/SED_wav/S-0665.wav,DataSED - DataSED - Dataset for Sound Event Detection of environmental noise/SED_wav/S-0665.wav,DataSED - DataSED - Dataset for Sound Event Detection of environmental noise/SED_wav/S-0665.npy,40ac33475d5211f79a871c2808aeec0014934786cb9a60081bc8a154d297ca60,a96341b612e0ef259fa7e59007d6cc50d7fb2939310ee3c2c4a6f8d9674fa835,64,1375,e53cd56e0e9911d829bd978c3ca766f775d83d12ffb2ff77f051561f6be1cd0c
datased:DataSED - DataSED - Dataset for Sound Event Detection of environmental noise/SED_wav/S-0666.wav,DataSED - DataSED - Dataset for Sound Event Detection of environmental noise/SED_wav/S-0666.wav,DataSED - DataSED - Dataset for Sound Event Detection of environmental noise/SED_wav/S-0666.npy,80e1479775d24c6140abbde86efa2c1177496352121bc2fdd4045085199bce8a,b0513e186a97c46ed64160b6ed3bf137a52b12d2cbd1865040bcf0cb71f11403,64,5758,e53cd56e0e9911d829bd978c3ca766f775d83d12ffb2ff77f051561f6be1cd0c
datased:DataSED - DataSED - Dataset for Sound Event Detection of environmental noise/SED_wav/S-0667.wav,DataSED - DataSED - Dataset for Sound Event Detection of environmental noise/SED_wav/S-0667.wav,DataSED - DataSED - Dataset for Sound Event Detection of environmental noise/SED_wav/S-0667.npy,959c0885a9e7373048208080bb00a6183c95060fe70f47a0d2cf8752ffe3d8dd,4d13e1fbde6cdd0df8b694841d5b4dd23355398f60299faeb335ad4f48f691b4,64,536,e53cd56e0e9911d829bd978c3ca766f775d83d12ffb2ff77f051561f6be1cd0c
datased:DataSED - DataSED - Dataset for Sound Event Detection of environmental noise/SED_wav/S-0668.wav,DataSED - DataSED - Dataset for Sound Event Detection of environmental noise/SED_wav/S-0668.wav,DataSED - DataSED - Dataset for Sound Event Detection of environmental noise/SED_wav/S-0668.npy,82a08b2b4a2b63ded978af524399b94e319e717ffe8bb90188f80b64107f94a4,d723532ef5959e5d2512e9a9bba13bb8d096cce7b2cd23adaa70c5e7c38eb74b,64,3505,e53cd56e0e9911d829bd978c3ca766f775d83d12ffb2ff77f051561f6be1cd0c
datased:DataSED - DataSED - Dataset for Sound Event Detection of environmental noise/SED_wav/S-0669.wav,DataSED - DataSED - Dataset for Sound Event Detection of environmental noise/SED_wav/S-0669.wav,DataSED - DataSED - Dataset for Sound Event Detection of environmental noise/SED_wav/S-0669.npy,e546b3c01424596344e11329db6ade14905e06eca50ab42ef221912e57f1831d,b7ea85e65739ebbe803d50ad0c356ca3cc593e21a8ff65716e3d9fb7eceb6772,64,7852,e53cd56e0e9911d829bd978c3ca766f775d83d12ffb2ff77f051561f6be1cd0c
datased:DataSED - DataSED - Dataset for Sound Event Detection of environmental noise/SED_wav/S-0670.wav,DataSED - DataSED - Dataset for Sound Event Detection of environmental noise/SED_wav/S-0670.wav,DataSED - DataSED - Dataset for Sound Event Detection of environmental noise/SED_wav/S-0670.npy,4f92fbdd0dc796d8e82b16ad3663c067b9eaf629ed801ecf2e0e6694567c3a90,deb92ed0d3dde5680513406966a245c3ffaecd94f35392ddd74205cdea15fa5c,64,6524,e53cd56e0e9911d829bd978c3ca766f775d83d12ffb2ff77f051561f6be1cd0c
datased:DataSED - DataSED - Dataset for Sound Event Detection of environmental noise/SED_wav/S-0671.wav,DataSED - DataSED - Dataset for Sound Event Detection of environmental noise/SED_wav/S-0671.wav,DataSED - DataSED - Dataset for Sound Event Detection of environmental noise/SED_wav/S-0671.npy,53b28cc52588db042c0901f204f7219e8bf6da1e74652e1cd1a766fc432fdc02,cd780b5a271913f9c981ecad516509e67796ce67faeabceb223e604ddad03715,64,5295,e53cd56e0e9911d829bd978c3ca766f775d83d12ffb2ff77f051561f6be1cd0c
datased:DataSED - DataSED - Dataset for Sound Event Detection of environmental noise/SED_wav/S-0672.wav,DataSED - DataSED - Dataset for Sound Event Detection of environmental noise/SED_wav/S-0672.wav,DataSED - DataSED - Dataset for Sound Event Detection of environmental noise/SED_wav/S-0672.npy,085ec87530e3042cc2444d7a85c0d9b45fb531a35c587cecc21a3b7607548c05,8f8bfb02e2466f4b5721af6e2a63bd6771681da9ee58fb5277763f079c74d5bd,64,8982,e53cd56e0e9911d829bd978c3ca766f775d83d12ffb2ff77f051561f6be1cd0c
datased:DataSED - DataSED - Dataset for Sound Event Detection of environmental noise/SED_wav/S-0673.wav,DataSED - DataSED - Dataset for Sound Event Detection of environmental noise/SED_wav/S-0673.wav,DataSED - DataSED - Dataset for Sound Event Detection of environmental noise/SED_wav/S-0673.npy,844f3e870150bb9a57355ff75d242042d488c2ef970dcd70d8d03deced16a9e7,f52168728462f30a6f32b825021604994269ef2113a2c133621261f88c5d1bb1,64,3270,e53cd56e0e9911d829bd978c3ca766f775d83d12ffb2ff77f051561f6be1cd0c
datased:DataSED - DataSED - Dataset for Sound Event Detection of environmental noise/SED_wav/S-0674.wav,DataSED - DataSED - Dataset for Sound Event Detection of environmental noise/SED_wav/S-0674.wav,DataSED - DataSED - Dataset for Sound Event Detection of environmental noise/SED_wav/S-0674.npy,0f3c70af13296349d54f66cbf55ce71c3d53dd00510a782fa5ec619d3f3ae043,7882f4a424b167a468a2e4e32261c3527a1ae8d4e659a66db66947bd5626a9a2,64,6926,e53cd56e0e9911d829bd978c3ca766f775d83d12ffb2ff77f051561f6be1cd0c
datased:DataSED - DataSED - Dataset for Sound Event Detection of environmental noise/SED_wav/S-0675.wav,DataSED - DataSED - Dataset for Sound Event Detection of environmental noise/SED_wav/S-0675.wav,DataSED - DataSED - Dataset for Sound Event Detection of environmental noise/SED_wav/S-0675.npy,e219e2b288a72231ed9efa45e61d347558c70fdee0a8e372a4c4aebeb865d10d,990b2a4b6fbdcebe06b7d4089d75cbcfa27e2806c3a7c35737261d0dd22a6359,64,7813,e53cd56e0e9911d829bd978c3ca766f775d83d12ffb2ff77f051561f6be1cd0c
datased:DataSED - DataSED - Dataset for Sound Event Detection of environmental noise/SED_wav/S-0676.wav,DataSED - DataSED - Dataset for Sound Event Detection of environmental noise/SED_wav/S-0676.wav,DataSED - DataSED - Dataset for Sound Event Detection of environmental noise/SED_wav/S-0676.npy,8bc8e51d005d351b1daa0aa94e21df67905d0f416d6aacdd1b13031e4219d551,6acd98d88a58d77846ca84e72aa3d5303d93d0e00aaf164d6e9e76e6cafb4f6d,64,12151,e53cd56e0e9911d829bd978c3ca766f775d83d12ffb2ff77f051561f6be1cd0c
datased:DataSED - DataSED - Dataset for Sound Event Detection of environmental noise/SED_wav/S-0677.wav,DataSED - DataSED - Dataset for Sound Event Detection of environmental noise/SED_wav/S-0677.wav,DataSED - DataSED - Dataset for Sound Event Detection of environmental noise/SED_wav/S-0677.npy,28391a28eeda15de56b752f6f1a608f30dcc6766a8e62a18fed9d7570a88546d,9abb7ddc2ababe89a5b514a90246bb612c7a7b95c7c434bbd87071650e64a1fd,64,6948,e53cd56e0e9911d829bd978c3ca766f775d83d12ffb2ff77f051561f6be1cd0c
datased:DataSED - DataSED - Dataset for Sound Event Detection of environmental noise/SED_wav/S-0678.wav,DataSED - DataSED - Dataset for Sound Event Detection of environmental noise/SED_wav/S-0678.wav,DataSED - DataSED - Dataset for Sound Event Detection of environmental noise/SED_wav/S-0678.npy,fa4d8f013e4f6981f035718a0dbf5727cc28b411a7fbb034d82f042f7e056b98,9d18f3f52056eee1a8c2f5ab90760f9b092b271b5da68639fe9dc8bb92f7a198,64,6136,e53cd56e0e9911d829bd978c3ca766f775d83d12ffb2ff77f051561f6be1cd0c
datased:DataSED - DataSED - Dataset for Sound Event Detection of environmental noise/SED_wav/S-0679.wav,DataSED - DataSED - Dataset for Sound Event Detection of environmental noise/SED_wav/S-0679.wav,DataSED - DataSED - Dataset for Sound Event Detection of environmental noise/SED_wav/S-0679.npy,4ada4d6bab70199f9a37dace86323dc826e2f7f821e586364fba44cf363c2532,64ec775daf2bff3c7923c108fc582b66b68dae205720cd2d05c80db364f874c4,64,8321,e53cd56e0e9911d829bd978c3ca766f775d83d12ffb2ff77f051561f6be1cd0c
datased:DataSED - DataSED - Dataset for Sound Event Detection of environmental noise/SED_wav/S-0680.wav,DataSED - DataSED - Dataset for Sound Event Detection of environmental noise/SED_wav/S-0680.wav,DataSED - DataSED - Dataset for Sound Event Detection of environmental noise/SED_wav/S-0680.npy,0f2ac431b90a1cb288e3f69efa5812cfb417261d4e96999558acf0c229e6cfe0,452d1a89c0e224f8b76abaf79d057f81b5ccbc26609ba8a5ce4bd3eda19e90ea,64,2315,e53cd56e0e9911d829bd978c3ca766f775d83d12ffb2ff77f051561f6be1cd0c
datased:DataSED - DataSED - Dataset for Sound Event Detection of environmental noise/SED_wav/S-0681.wav,DataSED - DataSED - Dataset for Sound Event Detection of environmental noise/SED_wav/S-0681.wav,DataSED - DataSED - Dataset for Sound Event Detection of environmental noise/SED_wav/S-0681.npy,ab8e091c0b4c3c09fa5139a0aaefc391a33db61c1e0fe292f3b339115b5a0a32,669bb167c5499654d9e98cc9e9c4620716e879c6524ad3eab7eb3f9894af5ab8,64,2151,e53cd56e0e9911d829bd978c3ca766f775d83d12ffb2ff77f051561f6be1cd0c
datased:DataSED - DataSED - Dataset for Sound Event Detection of environmental noise/SED_wav/S-0682.wav,DataSED - DataSED - Dataset for Sound Event Detection of environmental noise/SED_wav/S-0682.wav,DataSED - DataSED - Dataset for Sound Event Detection of environmental noise/SED_wav/S-0682.npy,244549218ecfe600f68abac06d0ff64149eaa81006de1f40faac0c5bb240f6b8,b5be00c680688f94815f73a6c0de299fcf28360841306cdefea13497911a95e4,64,3350,e53cd56e0e9911d829bd978c3ca766f775d83d12ffb2ff77f051561f6be1cd0c
datased:DataSED - DataSED - Dataset for Sound Event Detection of environmental noise/SED_wav/S-0683.wav,DataSED - DataSED - Dataset for Sound Event Detection of environmental noise/SED_wav/S-0683.wav,DataSED - DataSED - Dataset for Sound Event Detection of environmental noise/SED_wav/S-0683.npy,4242f7b719b8c556ab26ace8dbedb9123213f0a26924e5daa98cdf62b6cdb631,2ee97332da9b5620caaabeca9e106e8c03081c25b96aa234c8ea21ea81efbbdd,64,2301,e53cd56e0e9911d829bd978c3ca766f775d83d12ffb2ff77f051561f6be1cd0c
datased:DataSED - DataSED - Dataset for Sound Event Detection of environmental noise/SED_wav/S-0684.wav,DataSED - DataSED - Dataset for Sound Event Detection of environmental noise/SED_wav/S-0684.wav,DataSED - DataSED - Dataset for Sound Event Detection of environmental noise/SED_wav/S-0684.npy,6fc60ba352bc6b2cf44ae1e03f64a6a673932159b9f966767f0c5253023fc45f,919d96b12737e11c9788c117ed0c6caa446d29245fb8a6b713f00dbc48e05651,64,3051,e53cd56e0e9911d829bd978c3ca766f775d83d12ffb2ff77f051561f6be1cd0c
datased:DataSED - DataSED - Dataset for Sound Event Detection of environmental noise/SED_wav/S-0685.wav,DataSED - DataSED - Dataset for Sound Event Detection of environmental noise/SED_wav/S-0685.wav,DataSED - DataSED - Dataset for Sound Event Detection of environmental noise/SED_wav/S-0685.npy,239eaef10c363eea078eb15c0c8bc358b9a0b10a89f267534514968c2bfe0692,92e696d5fa9251ec5a955436249d5191a14cb52f20c79d8bc329026aaaf41a0a,64,2651,e53cd56e0e9911d829bd978c3ca766f775d83d12ffb2ff77f051561f6be1cd0c
datased:DataSED - DataSED - Dataset for Sound Event Detection of environmental noise/SED_wav/S-0686.wav,DataSED - DataSED - Dataset for Sound Event Detection of environmental noise/SED_wav/S-0686.wav,DataSED - DataSED - Dataset for Sound Event Detection of environmental noise/SED_wav/S-0686.npy,0fb55beaee8d92acdb33383e262e39ad938bd269ec23c5cba4023d5523c35e81,16a4329012e7895fd87f447ea74d400ab26f4a421e71c134bf59aaeca1f2202d,64,2201,e53cd56e0e9911d829bd978c3ca766f775d83d12ffb2ff77f051561f6be1cd0c
datased:DataSED - DataSED - Dataset for Sound Event Detection of environmental noise/SED_wav/S-0687.wav,DataSED - DataSED - Dataset for Sound Event Detection of environmental noise/SED_wav/S-0687.wav,DataSED - DataSED - Dataset for Sound Event Detection of environmental noise/SED_wav/S-0687.npy,154f1d69bf74d20f4d40ee447851b05090674c69a89a4dcb9fc44f8e254fa2ed,0e0028c0cbc17ecaddf874ea015f48716d6b590a8b5b2b265dd884ea58f0c1c0,64,1951,e53cd56e0e9911d829bd978c3ca766f775d83d12ffb2ff77f051561f6be1cd0c
datased:DataSED - DataSED - Dataset for Sound Event Detection of environmental noise/SED_wav/S-0688.wav,DataSED - DataSED - Dataset for Sound Event Detection of environmental noise/SED_wav/S-0688.wav,DataSED - DataSED - Dataset for Sound Event Detection of environmental noise/SED_wav/S-0688.npy,04d5eb68392a59d733ae66ec5ae4254c50ca69ac8462876c21426eab10a24bc4,763c05fcdbacc06a90aa4412aa66fead73c4bfa033825e6fb0611ca118bbf714,64,1251,e53cd56e0e9911d829bd978c3ca766f775d83d12ffb2ff77f051561f6be1cd0c
datased:DataSED - DataSED - Dataset for Sound Event Detection of environmental noise/SED_wav/S-0689.wav,DataSED - DataSED - Dataset for Sound Event Detection of environmental noise/SED_wav/S-0689.wav,DataSED - DataSED - Dataset for Sound Event Detection of environmental noise/SED_wav/S-0689.npy,815bd18ff3e352519ed14491686394fc33b384af7ca77f89954bdfd01b49a5f9,22a9f47d39fffa26f11dad4e96d768c1bf393ff3ba60af31b865fc3c1c1c4b9f,64,2201,e53cd56e0e9911d829bd978c3ca766f775d83d12ffb2ff77f051561f6be1cd0c
datased:DataSED - DataSED - Dataset for Sound Event Detection of environmental noise/SED_wav/S-0690.wav,DataSED - DataSED - Dataset for Sound Event Detection of environmental noise/SED_wav/S-0690.wav,DataSED - DataSED - Dataset for Sound Event Detection of environmental noise/SED_wav/S-0690.npy,1d421416a6e865fbc3dfdfdb6b86ba735dd5c1e84e24f6f09c34b52dc997134c,b7f38ce3da2190379b8097eb9caf6aed0cb24d9316fe241ec0774b7acf6bcd84,64,7690,e53cd56e0e9911d829bd978c3ca766f775d83d12ffb2ff77f051561f6be1cd0c
datased:DataSED - DataSED - Dataset for Sound Event Detection of environmental noise/SED_wav/S-0691.wav,DataSED - DataSED - Dataset for Sound Event Detection of environmental noise/SED_wav/S-0691.wav,DataSED - DataSED - Dataset for Sound Event Detection of environmental noise/SED_wav/S-0691.npy,8eef2fe7e2aa0fc6a749796a703593bd392ef31ebe913ab47acabeecfe6c3677,53bcbbacc5b9a5a2d55e58b44f22b1d3a59e540075cea972351113230edcae6a,64,8082,e53cd56e0e9911d829bd978c3ca766f775d83d12ffb2ff77f051561f6be1cd0c
datased:DataSED - DataSED - Dataset for Sound Event Detection of environmental noise/SED_wav/S-0692.wav,DataSED - DataSED - Dataset for Sound Event Detection of environmental noise/SED_wav/S-0692.wav,DataSED - DataSED - Dataset for Sound Event Detection of environmental noise/SED_wav/S-0692.npy,3a5421506f511f9ad3d37500f702635181c53771c8e9495438b9f183ca04fe9e,6e7fe7964e3e2d528fb107ba5894dd33a2a2d949a29fb2e4923655bc4571423a,64,7062,e53cd56e0e9911d829bd978c3ca766f775d83d12ffb2ff77f051561f6be1cd0c
datased:DataSED - DataSED - Dataset for Sound Event Detection of environmental noise/SED_wav/S-0693.wav,DataSED - DataSED - Dataset for Sound Event Detection of environmental noise/SED_wav/S-0693.wav,DataSED - DataSED - Dataset for Sound Event Detection of environmental noise/SED_wav/S-0693.npy,c3efe4c80200bd1a425ef5342efab5f69f16fccbc53f29dd9852488fee5d351c,704da413a0d0de6c39aeefaa07ed4a5db9411016e2fdf244ee19ac880e04007b,64,6827,e53cd56e0e9911d829bd978c3ca766f775d83d12ffb2ff77f051561f6be1cd0c
datased:DataSED - DataSED - Dataset for Sound Event Detection of environmental noise/SED_wav/S-0694.wav,DataSED - DataSED - Dataset for Sound Event Detection of environmental noise/SED_wav/S-0694.wav,DataSED - DataSED - Dataset for Sound Event Detection of environmental noise/SED_wav/S-0694.npy,f62e71f4fad330a39db716e65229169506865f661772c9a464e71218675ff1df,ce2ad572a7361f071dcc467e0a7745e9b85ecf032f5978fa81f4410d39d7a555,64,6905,e53cd56e0e9911d829bd978c3ca766f775d83d12ffb2ff77f051561f6be1cd0c
datased:DataSED - DataSED - Dataset for Sound Event Detection of environmental noise/SED_wav/S-0695.wav,DataSED - DataSED - Dataset for Sound Event Detection of environmental noise/SED_wav/S-0695.wav,DataSED - DataSED - Dataset for Sound Event Detection of environmental noise/SED_wav/S-0695.npy,2eb6cb8bf13f9418ab87a01b02da4acf985fe90742c2fdc2202bf3ed51e0c6c3,44088401c8d54a210e1b319ca318e9b198b86235bded3c04d9f4159477bbf5e9,64,7690,e53cd56e0e9911d829bd978c3ca766f775d83d12ffb2ff77f051561f6be1cd0c
datased:DataSED - DataSED - Dataset for Sound Event Detection of environmental noise/SED_wav/S-0696.wav,DataSED - DataSED - Dataset for Sound Event Detection of environmental noise/SED_wav/S-0696.wav,DataSED - DataSED - Dataset for Sound Event Detection of environmental noise/SED_wav/S-0696.npy,abf30bd86d87ca374dbc5493a3502a6c11d101fee1b6f5300f8297c12ac46065,cb65322308a45f34f584d0d4b70dec2767ef205359ebdfca48f39159d7222ba9,64,9338,e53cd56e0e9911d829bd978c3ca766f775d83d12ffb2ff77f051561f6be1cd0c
datased:DataSED - DataSED - Dataset for Sound Event Detection of environmental noise/SED_wav/S-0697.wav,DataSED - DataSED - Dataset for Sound Event Detection of environmental noise/SED_wav/S-0697.wav,DataSED - DataSED - Dataset for Sound Event Detection of environmental noise/SED_wav/S-0697.npy,f5b24fc30928050e3a00c24551585db24c125d497e293f9f8edc601e6e1698f4,e3fb6204012e73742ab862c6f7ea090d54b43729454b0989432e9cb9fb28f09e,64,7612,e53cd56e0e9911d829bd978c3ca766f775d83d12ffb2ff77f051561f6be1cd0c
datased:DataSED - DataSED - Dataset for Sound Event Detection of environmental noise/SED_wav/S-0698.wav,DataSED - DataSED - Dataset for Sound Event Detection of environmental noise/SED_wav/S-0698.wav,DataSED - DataSED - Dataset for Sound Event Detection of environmental noise/SED_wav/S-0698.npy,4474c65d85afcaaec01f0930a3e36085579d2623a8448763bc3e8993b2e4afde,c483fd5d1bc6ce556f738b4d54d93f914692ffb734af2c01ac5222c051fd715f,64,8161,e53cd56e0e9911d829bd978c3ca766f775d83d12ffb2ff77f051561f6be1cd0c
datased:DataSED - DataSED - Dataset for Sound Event Detection of environmental noise/SED_wav/S-0699.wav,DataSED - DataSED - Dataset for Sound Event Detection of environmental noise/SED_wav/S-0699.wav,DataSED - DataSED - Dataset for Sound Event Detection of environmental noise/SED_wav/S-0699.npy,708ee145b4c54a1e658fbcb08deaa01e2c8e6eb773c06882b58e5e437489bff6,66f3644aff04be5276d97d351321aca3a6f3f492b6913c707d19074ab8cb8b41,64,6984,e53cd56e0e9911d829bd978c3ca766f775d83d12ffb2ff77f051561f6be1cd0c
datased:DataSED - DataSED - Dataset for Sound Event Detection of environmental noise/SED_wav/S-0700.wav,DataSED - DataSED - Dataset for Sound Event Detection of environmental noise/SED_wav/S-0700.wav,DataSED - DataSED - Dataset for Sound Event Detection of environmental noise/SED_wav/S-0700.npy,3c65f13f320623f246f526f538929e129d57a21cf5cdba660fb703d9bae1a1da,f010af56044819e3f3587e483517e947c3fef126210e89eb8f4d6b467a6f1c07,64,6106,e53cd56e0e9911d829bd978c3ca766f775d83d12ffb2ff77f051561f6be1cd0c
datased:DataSED - DataSED - Dataset for Sound Event Detection of environmental noise/SED_wav/S-0701.wav,DataSED - DataSED - Dataset for Sound Event Detection of environmental noise/SED_wav/S-0701.wav,DataSED - DataSED - Dataset for Sound Event Detection of environmental noise/SED_wav/S-0701.npy,d6af54fc76ba5ab8267a07ee32aa42d5e25b5a91eb9b68e068b234d788674a5d,bfe2e83d53a95217adeab6a2554e6fa2a3377a393d674c5b1f3275eee6c7afd3,64,5523,e53cd56e0e9911d829bd978c3ca766f775d83d12ffb2ff77f051561f6be1cd0c
datased:DataSED - DataSED - Dataset for Sound Event Detection of environmental noise/SED_wav/S-0702.wav,DataSED - DataSED - Dataset for Sound Event Detection of environmental noise/SED_wav/S-0702.wav,DataSED - DataSED - Dataset for Sound Event Detection of environmental noise/SED_wav/S-0702.npy,0b859ed5d91b5cfa9bef79812f2baf7dbb324290172de83a17abce7a3539b3a1,694385b348f8220b814f6e6b4af8b63b09241dcaa77928f12822f64614f0e301,64,3747,e53cd56e0e9911d829bd978c3ca766f775d83d12ffb2ff77f051561f6be1cd0c
datased:DataSED - DataSED - Dataset for Sound Event Detection of environmental noise/SED_wav/S-0703.wav,DataSED - DataSED - Dataset for Sound Event Detection of environmental noise/SED_wav/S-0703.wav,DataSED - DataSED - Dataset for Sound Event Detection of environmental noise/SED_wav/S-0703.npy,595b42bfc1420b5d11dcd05c7551f2a4c586b2456861d6999a3a85470eefb945,363bc4b239fb5e07a3c0e8686be077d7e392e7dd9b46fd5b8e643a5fe4ce183f,64,6435,e53cd56e0e9911d829bd978c3ca766f775d83d12ffb2ff77f051561f6be1cd0c
datased:DataSED - DataSED - Dataset for Sound Event Detection of environmental noise/SED_wav/S-0704.wav,DataSED - DataSED - Dataset for Sound Event Detection of environmental noise/SED_wav/S-0704.wav,DataSED - DataSED - Dataset for Sound Event Detection of environmental noise/SED_wav/S-0704.npy,eb58783a59caa0f3baec07489dc78488b1d3a3fa537bd501b29e1eb0a024ea16,0368342fdb0f707b10cc0fdba36dda35da7a8153e0bed4a69081607e0651e828,64,14541,e53cd56e0e9911d829bd978c3ca766f775d83d12ffb2ff77f051561f6be1cd0c
datased:DataSED - DataSED - Dataset for Sound Event Detection of environmental noise/SED_wav/S-0705.wav,DataSED - DataSED - Dataset for Sound Event Detection of environmental noise/SED_wav/S-0705.wav,DataSED - DataSED - Dataset for Sound Event Detection of environmental noise/SED_wav/S-0705.npy,5bd24a218799a9dcc82d15651a0076a07277f2005e7cdaa0ee84f0012055afb1,45056695a435ba4a4582af23730e01b0fc429dac9e95c22094124e36308bbf3a,64,16437,e53cd56e0e9911d829bd978c3ca766f775d83d12ffb2ff77f051561f6be1cd0c
datased:DataSED - DataSED - Dataset for Sound Event Detection of environmental noise/SED_wav/S-0706.wav,DataSED - DataSED - Dataset for Sound Event Detection of environmental noise/SED_wav/S-0706.wav,DataSED - DataSED - Dataset for Sound Event Detection of environmental noise/SED_wav/S-0706.npy,8c0c4f9f4e1b10a3ad6303cb3bb19d665b10b3574e61f485c0cae99e47658b99,1bec764d0b5b51d175ea1592e302a86c9d549da9d24df096baee01398f21a185,64,19229,e53cd56e0e9911d829bd978c3ca766f775d83d12ffb2ff77f051561f6be1cd0c
datased:DataSED - DataSED - Dataset for Sound Event Detection of environmental noise/SED_wav/S-0707.wav,DataSED - DataSED - Dataset for Sound Event Detection of environmental noise/SED_wav/S-0707.wav,DataSED - DataSED - Dataset for Sound Event Detection of environmental noise/SED_wav/S-0707.npy,c2a25eac436d828877c3b4eefa843d98c57d4ea0efd0b3829b573d096bfe3a59,aca3c9b203bd74d46d725259c6a98239cf41ae8ec1937d71a61bd6d78149168e,64,16814,e53cd56e0e9911d829bd978c3ca766f775d83d12ffb2ff77f051561f6be1cd0c
datased:DataSED - DataSED - Dataset for Sound Event Detection of environmental noise/SED_wav/S-0708.wav,DataSED - DataSED - Dataset for Sound Event Detection of environmental noise/SED_wav/S-0708.wav,DataSED - DataSED - Dataset for Sound Event Detection of environmental noise/SED_wav/S-0708.npy,11653b05ab6f5cd2c7f1f0c2267b104f9326a10607945b491c758487d00d6b40,9dbc723e7914ce6d8af8c4962f9f4053b1d59a06ab3370c9f71ebd37fc55119a,64,15547,e53cd56e0e9911d829bd978c3ca766f775d83d12ffb2ff77f051561f6be1cd0c
datased:DataSED - DataSED - Dataset for Sound Event Detection of environmental noise/SED_wav/S-0709.wav,DataSED - DataSED - Dataset for Sound Event Detection of environmental noise/SED_wav/S-0709.wav,DataSED - DataSED - Dataset for Sound Event Detection of environmental noise/SED_wav/S-0709.npy,59d978a6c856bfbb1545b149f389fa1d3a1fddf1c3d17b377659b2e234296743,bb2a7df7e26c34db95d4807f5ad2e6dbfa6259e762bcf8ac425ff7139fe6bb75,64,18222,e53cd56e0e9911d829bd978c3ca766f775d83d12ffb2ff77f051561f6be1cd0c
datased:DataSED - DataSED - Dataset for Sound Event Detection of environmental noise/SED_wav/S-0710.wav,DataSED - DataSED - Dataset for Sound Event Detection of environmental noise/SED_wav/S-0710.wav,DataSED - DataSED - Dataset for Sound Event Detection of environmental noise/SED_wav/S-0710.npy,836183ab8873e78c4e51a096d40b338c60c7e15e4f5be2d258f3014d9d39ac34,df656c5de1d0574fcf5cf72a0d5f57ed5e5d08d402601e4adbe931c7671ca858,64,18367,e53cd56e0e9911d829bd978c3ca766f775d83d12ffb2ff77f051561f6be1cd0c
datased:DataSED - DataSED - Dataset for Sound Event Detection of environmental noise/SED_wav/S-0711.wav,DataSED - DataSED - Dataset for Sound Event Detection of environmental noise/SED_wav/S-0711.wav,DataSED - DataSED - Dataset for Sound Event Detection of environmental noise/SED_wav/S-0711.npy,7ec8ae0c846c543e70bd22abdcd5ce215f69faab3e6fb34d43201d707366d46d,1b836eb24cb63fcab40b8b7a432d0f79a6d8dfb47085b93f5871377a12521e02,64,35090,e53cd56e0e9911d829bd978c3ca766f775d83d12ffb2ff77f051561f6be1cd0c
datased:DataSED - DataSED - Dataset for Sound Event Detection of environmental noise/SED_wav/S-0712.wav,DataSED - DataSED - Dataset for Sound Event Detection of environmental noise/SED_wav/S-0712.wav,DataSED - DataSED - Dataset for Sound Event Detection of environmental noise/SED_wav/S-0712.npy,364c7684118df5121a652ce1f86f42720cdedeac2cb144444c8697a2c4dc56f3,3debcbc989a0008077d0d8a1c6f67d789b01b26f75f534b4a9c0607b285a9c22,64,19826,e53cd56e0e9911d829bd978c3ca766f775d83d12ffb2ff77f051561f6be1cd0c
datased:DataSED - DataSED - Dataset for Sound Event Detection of environmental noise/SED_wav/S-0713.wav,DataSED - DataSED - Dataset for Sound Event Detection of environmental noise/SED_wav/S-0713.wav,DataSED - DataSED - Dataset for Sound Event Detection of environmental noise/SED_wav/S-0713.npy,86a77602fcd5f39bbe26495a605ae3efa875a4312cf0d554169fd3e21488a5a8,9157e4b15d2dc54cf2ba640fc8b02e303e6c8ba602bbdb898be23f7acb88fc5b,64,40916,e53cd56e0e9911d829bd978c3ca766f775d83d12ffb2ff77f051561f6be1cd0c
datased:DataSED - DataSED - Dataset for Sound Event Detection of environmental noise/SED_wav/S-0714.wav,DataSED - DataSED - Dataset for Sound Event Detection of environmental noise/SED_wav/S-0714.wav,DataSED - DataSED - Dataset for Sound Event Detection of environmental noise/SED_wav/S-0714.npy,74526e45059c933b3352231bd1ca4bd3bdc279c3f6826fa9433ae2edbd8b3fb1,6089a07bfed790190fe32bee0b9da560c6023c76fedf94611001b6a792127009,64,35728,e53cd56e0e9911d829bd978c3ca766f775d83d12ffb2ff77f051561f6be1cd0c
datased:DataSED - DataSED - Dataset for Sound Event Detection of environmental noise/SED_wav/S-0715.wav,DataSED - DataSED - Dataset for Sound Event Detection of environmental noise/SED_wav/S-0715.wav,DataSED - DataSED - Dataset for Sound Event Detection of environmental noise/SED_wav/S-0715.npy,60e3d38112b085d9b7dcd56bd7f4411030984066fde0b4135a09071219b22e4a,ecf0a4a6742ecbacb2f63988867ad00f74e5d3f57d8f5d459a63a9444278c5cc,64,32986,e53cd56e0e9911d829bd978c3ca766f775d83d12ffb2ff77f051561f6be1cd0c
datased:DataSED - DataSED - Dataset for Sound Event Detection of environmental noise/SED_wav/S-0716.wav,DataSED - DataSED - Dataset for Sound Event Detection of environmental noise/SED_wav/S-0716.wav,DataSED - DataSED - Dataset for Sound Event Detection of environmental noise/SED_wav/S-0716.npy,d41b62ce5f045982f8910bbb1ac7fa222f33b178c162da605d74f1cf82971fa1,71d8b69e907f1c9328c2125d7df6f9dde2cbc65f6979cfe2a80b0eff08dd0972,64,8403,e53cd56e0e9911d829bd978c3ca766f775d83d12ffb2ff77f051561f6be1cd0c
datased:DataSED - DataSED - Dataset for Sound Event Detection of environmental noise/SED_wav/S-0717.wav,DataSED - DataSED - Dataset for Sound Event Detection of environmental noise/SED_wav/S-0717.wav,DataSED - DataSED - Dataset for Sound Event Detection of environmental noise/SED_wav/S-0717.npy,9afdd1f886aab3c4908b54c8756ce4ec4631dcf9233d2c83cf7aac9573193f1b,664d80f846ffb3bb25102e29e89f39d0fb1a0461bdd142576f05ce80c805d0b1,64,6903,e53cd56e0e9911d829bd978c3ca766f775d83d12ffb2ff77f051561f6be1cd0c
