file_id,audio_relative_path,feature_relative_path,samples,sha256,sample_rate
datased:DataSED - DataSED - Dataset for Sound Event Detection of environmental noise/SED_wav/S-0001.wav,DataSED - DataSED - Dataset for Sound Event Detection of environmental noise/SED_wav/S-0001.wav,DataSED - DataSED - Dataset for Sound Event Detection of environmental noise/SED_wav/S-0001.npy,948869,ddccb41b41322304fa0b263f9fe734f9c777d83eec7da20e404452d0e07a77cb,16000
datased:DataSED - DataSED - Dataset for Sound Event Detection of environmental noise/SED_wav/S-0002.wav,DataSED - DataSED - Dataset for Sound Event Detection of environmental noise/SED_wav/S-0002.wav,DataSED - DataSED - Dataset for Sound Event Detection of environmental noise/SED_wav/S-0002.npy,1983733,1f795c13c51dce1f6897e7a741f36ca2c712cbf4f465b7d4e9891398f6ac133c,16000
datased:DataSED - DataSED - Dataset for Sound Event Detection of environmental noise/SED_wav/S-0003.wav,DataSED - DataSED - Dataset for Sound Event Detection of environmental noise/SED_wav/S-0003.wav,DataSED - DataSED - Dataset for Sound Event Detection of environmental noise/SED_wav/S-0003.npy,1531748,daaf126dc7f465f84c0e47fc487871639b22b73237d3628cccd705710a8daf72,16000
datased:DataSED - DataSED - Dataset for Sound Event Detection of environmental noise/SED_wav/S-0004.wav,DataSED - DataSED - Dataset for Sound Event Detection of environmental noise/SED_wav/S-0004.wav,DataSED - DataSED - Dataset for Sound Event Detection of environmental noise/SED_wav/S-0004.npy,1711427,351a66bef097fdddd3269fb8dc04f1310f7d6d7f6da0870f11686ab8c778105f,16000
datased:DataSED - DataSED - Dataset for Sound Event Detection of environmental noise/SED_wav/S-0005.wav,DataSED - DataSED - Dataset for Sound Event Detection of environmental noise/SED_wav/S-0005.wav,DataSED - DataSED - Dataset for Sound Event Detection of environmental noise/SED_wav/S-0005.npy,3733026,9d00affa6b12f2efde4cdfecdaafc4b07373f4b1d360b8e603d75955f7a3a59b,16000
datased:DataSED - DataSED - Dataset for Sound Event Detection of environmental noise/SED_wav/S-0006.wav,DataSED - DataSED - Dataset for Sound Event Detection of environmental noise/SED_wav/S-0006.wav,DataSED - DataSED - Dataset for Sound Event Detection of environmental noise/SED_wav/S-0006.npy,1607702,1f1a4eb0f412fd0e9dbd1193abca8d4379aea35efa5998332bb5611e17fd8e62,16000
datased:DataSED - DataSED - Dataset for Sound Event Detection of environmental noise/SED_wav/S-0007.wav,DataSED - DataSED - Dataset for Sound Event Detection of environmental noise/SED_wav/S-0007.wav,DataSED - DataSED - Dataset for Sound Event Detection of environmental noise/SED_wav/S-0007.npy,268550,c0e11976b3553632f7aad3831c07b9de2d43194e47e940d717fb492e4f7948c9,16000
datased:DataSED - DataSED - Dataset for Sound Event Detection of environmental noise/SED_wav/S-0008.wav,DataSED - DataSED - Dataset for Sound Event Detection of environmental noise/SED_wav/S-0008.wav,DataSED - DataSED - Dataset for Sound Event Detection of environmental noise/SED_wav/S-0008.npy,749670,c3f17c4607ac78a571ee7a0b43f30776e1080d2319331d9716afdc4b6cdaef07,16000
datased:DataSED - DataSED - Dataset for Sound Event Detection of environmental noise/SED_wav/S-0009.wav,DataSED - DataSED - Dataset for Sound Event Detection of environmental noise/SED_wav/S-0009.wav,DataSED - DataSED - Dataset for Sound Event Detection of environmental noise/SED_wav/S-0009.npy,2007066,4cf535e84b791503b3f8ae3564b1afe4635952a39b1b57d4dbd5f53589012e07,16000
datased:DataSED - DataSED - Dataset for Sound Event Detection of environmental noise/SED_wav/S-0010.wav,DataSED - DataSED - Dataset for Sound Event Detection of environmental noise/SED_wav/S-0010.wav,DataSED - DataSED - Dataset for Sound Event Detection of environmental noise/SED_wav/S-0010.npy,1348201,3be7440d6b56f0b69dc8987a57aab379f35d44baeb3a99ec991ca9a02e8313ca,16000
datased:DataSED - DataSED - Dataset for Sound Event Detection of environmental noise/SED_wav/S-0011.wav,DataSED - DataSED - Dataset for Sound Event Detection of environmental noise/SED_wav/S-0011.wav,DataSED - DataSED - Dataset for Sound Event Detection of environmental noise/SED_wav/S-0011.npy,1408000,16ab82685cf053ad926ec87962172bc40a2717326b4e62c157e5f1f56e834c1b,16000
datased:DataSED - DataSED - Dataset for Sound Event Detection of environmental noise/SED_wav/S-0012.wav,DataSED - DataSED - Dataset for Sound Event Detection of environmental noise/SED_wav/S-0012.wav,DataSED - DataSED - Dataset for Sound Event Detection of environmental noise/SED_wav/S-0012.npy,1467770,6de862a05190edc42025c8150e16d51f42a8a4ce282cb0fee3555b633d0aed2d,16000
datased:DataSED - DataSED - Dataset for Sound Event Detection of environmental noise/SED_wav/S-0013.wav,DataSED - DataSED - Dataset for Sound Event Detection of environmental noise/SED_wav/S-0013.wav,DataSED - DataSED - Dataset for Sound Event Detection of environmental noise/SED_wav/S-0013.npy,2477833,7027169a8ebf449aeb6f0c2193b8937aad5997145f953b3471687a595fd6b285,16000
datased:DataSED - DataSED - Dataset for Sound Event Detection of environmental noise/SED_wav/S-0014.wav,DataSED - DataSED - Dataset for Sound Event Detection of environmental noise/SED_wav/S-0014.wav,DataSED - DataSED - Dataset for Sound Event Detection of environmental noise/SED_wav/S-0014.npy,1086647,fed2050c693c9133393ce05b9bdf23030b2191baa052604f0f888d132e87c00d,16000
datased:DataSED - DataSED - Dataset for Sound Event Detection of environmental noise/SED_wav/S-0015.wav,DataSED - DataSED - Dataset for Sound Event Detection of environmental noise/SED_wav/S-0015.wav,DataSED - DataSED - Dataset for Sound Event Detection of environmental noise/SED_wav/S-0015.npy,1323879,08c38ba658085ca88b04ee43d9807acd6320d3d95ce67ec49412e0462ce51ace,16000
datased:DataSED - DataSED - Dataset for Sound Event Detection of environmental noise/SED_wav/S-0016.wav,DataSED - DataSED - Dataset for Sound Event Detection of environmental noise/SED_wav/S-0016.wav,DataSED - DataSED - Dataset for Sound Event Detection of environmental noise/SED_wav/S-0016.npy,973213,d80bf95771907ba1224f2d99c917365f86b2bd7b595dbd65e401778372ec9462,16000
datased:DataSED - DataSED - Dataset for Sound Event Detection of environmental noise/SED_wav/S-0017.wav,DataSED - DataSED - Dataset for Sound Event Detection of environmental noise/SED_wav/S-0017.wav,DataSED - DataSED - Dataset for Sound Event Detection of environmental noise/SED_wav/S-0017.npy,1627650,430521747b9766fc2ee1b884f134dcc14805b75dbcfb6985a95020c111b731ca,16000
datased:DataSED - DataSED - Dataset for Sound Event Detection of environmental noise/SED_wav/S-0018.wav,DataSED - DataSED - Dataset for Sound Event Detection of environmental noise/SED_wav/S-0018.wav,DataSED - DataSED - Dataset for Sound Event Detection of environmental noise/SED_wav/S-0018.npy,1711874,e76752aa012c37c81e7e4692b699bfc533b588c90c4e93e0d900866002d61e1c,16000
datased:DataSED - DataSED - Dataset for Sound Event Detection of environmental noise/SED_wav/S-0019.wav,DataSED - DataSED - Dataset for Sound Event Detection of environmental noise/SED_wav/S-0019.wav,DataSED - DataSED - Dataset for Sound Event Detection of environmental noise/SED_wav/S-0019.npy,1296209,71f09370b307b2c6c52634a48c00f4c6887f234dbc9e04e6182522049e20e23a,16000
datased:DataSED - DataSED - Dataset for Sound Event Detection of environmental noise/SED_wav/S-0020.wav,DataSED - DataSED - Dataset for Sound Event Detection of environmental noise/SED_wav/S-0020.wav,DataSED - DataSED - Dataset for Sound Event Detection of environmental noise/SED_wav/S-0020.npy,1927035,ac9601814470e38abbafef56efd2779ab03d7aba37905d20505f43e454bb1d7a,16000
datased:DataSED - DataSED - Dataset for Sound Event Detection of environmental noise/SED_wav/S-0021.wav,DataSED - DataSED - Dataset for Sound Event Detection of environmental noise/SED_wav/S-0021.wav,DataSED - DataSED - Dataset for Sound Event Detection of environmental noise/SED_wav/S-0021.npy,2026907,278ebf91b208b765ead44950540f6b74b989dd8548dc81af4536a4407b4c4cdf,16000
datased:DataSED - DataSED - Dataset for Sound Event Detection of environmental noise/SED_wav/S-0022.wav,DataSED - DataSED - Dataset for Sound Event Detection of environmental noise/SED_wav/S-0022.wav,DataSED - DataSED - Dataset for Sound Event Detection of environmental noise/SED_wav/S-0022.npy,512225,92936485ef7d103f00563d4297f20de5a63271c5de88d2a048f829795a93bc6d,16000
datased:DataSED - DataSED - Dataset for Sound Event Detection of environmental noise/SED_wav/S-0023.wav,DataSED - DataSED - Dataset for Sound Event Detection of environmental noise/SED_wav/S-0023.wav,DataSED - DataSED - Dataset for Sound Event Detection of environmental noise/SED_wav/S-0023.npy,1578386,f1741cd38a1ebb2931926b48099e53f1d96ccdb6fb2f0c35e10272b8f9c57375,16000
datased:DataSED - DataSED - Dataset for Sound Event Detection of environmental noise/SED_wav/S-0024.wav,DataSED - DataSED - Dataset for Sound Event Detection of environmental noise/SED_wav/S-0024.wav,DataSED - DataSED - Dataset for Sound Event Detection of environmental noise/SED_wav/S-0024.npy,1228834,34f60edce6a889f32f5d1c893ccd486b0374b2c3fd354c73c59c99eaa0d82ae2,16000
datased:DataSED - DataSED - Dataset for Sound Event Detection of environmental noise/SED_wav/S-0025.wav,DataSED - DataSED - Dataset for Sound Event Detection of environmental noise/SED_wav/S-0025.wav,DataSED - DataSED - Dataset for Sound Event Detection of environmental noise/SED_wav/S-0025.npy,1488082,aac97eede01febb6296c9ca75c2bb29b9ea5561687d0e49be929bab18e484dd8,16000
datased:DataSED - DataSED - Dataset for Sound Event Detection of environmental noise/SED_wav/S-0026.wav,DataSED - DataSED - Dataset for Sound Event Detection of environmental noise/SED_wav/S-0026.wav,DataSED - DataSED - Dataset for Sound Event Detection of environmental noise/SED_wav/S-0026.npy,655221,1eeb76ebb924f4427517fc6651471825a8de87f0aa7bb67f09862ee491f632f0,16000
datased:DataSED - DataSED - Dataset for Sound Event Detection of environmental noise/SED_wav/S-0027.wav,DataSED - DataSED - Dataset for Sound Event Detection of environmental noise/SED_wav/S-0027.wav,DataSED - DataSED - Dataset for Sound Event Detection of environmental noise/SED_wav/S-0027.npy,763778,a4d7c4822f1bbfc2725d4599f588a62acf298d72d3a4fa0fc968366f4d80e77c,16000
datased:DataSED - DataSED - Dataset for Sound Event Detection of environmental noise/SED_wav/S-0028.wav,DataSED - DataSED - Dataset for Sound Event Detection of environmental noise/SED_wav/S-0028.wav,DataSED - DataSED - Dataset for Sound Event Detection of environmental noise/SED_wav/S-0028.npy,1260434,2b8fcf8e026aef49d2a44955627433c1f31af633461b6e790b524dfd0a1443bb,16000
datased:DataSED - DataSED - Dataset for Sound Event Detection of environmental noise/SED_wav/S-0029.wav,DataSED - DataSED - Dataset for Sound Event Detection of environmental noise/SED_wav/S-0029.wav,DataSED - DataSED - Dataset for Sound Event Detection of environmental noise/SED_wav/S-0029.npy,2443905,26fa80c3dba761ec743d92f83d24e917da64831e9f923defbe2b9b98eb05f3c9,16000
datased:DataSED - DataSED - Dataset for Sound Event Detection of environmental noise/SED_wav/S-0030.wav,DataSED - DataSED - Dataset for Sound Event Detection of environmental noise/SED_wav/S-0030.wav,DataSED - DataSED - Dataset for Sound Event Detection of environmental noise/SED_wav/S-0030.npy,2266193,556c5eccd4ae3d5c1ad96a2dd838d4db2dd308893d0dcbeefdcafea1085ea91d,16000
datased:DataSED - DataSED - Dataset for Sound Event Detection of environmental noise/SED_wav/S-0031.wav,DataSED - DataSED - Dataset for Sound Event Detection of environmental noise/SED_wav/S-0031.wav,DataSED - DataSED - Dataset for Sound Event Detection of environmental noise/SED_wav/S-0031.npy,2164609,2e8e79421b3dd19b9e988700586a11e29b72167bbc722f0508c191f2db589c40,16000
datased:DataSED - DataSED - Dataset for Sound Event Detection of environmental noise/SED_wav/S-0032.wav,DataSED - DataSED - Dataset for Sound Event Detection of environmental noise/SED_wav/S-0032.wav,DataSED - DataSED - Dataset for Sound Event Detection of environmental noise/SED_wav/S-0032.npy,1437320,ccdf4c39f23b686590023ac672ab035e52dab2bad6c1e4c1253040394a7c6677,16000
datased:DataSED - DataSED - Dataset for Sound Event Detection of environmental noise/SED_wav/S-0033.wav,DataSED - DataSED - Dataset for Sound Event Detection of environmental noise/SED_wav/S-0033.wav,DataSED - DataSED - Dataset for Sound Event Detection of environmental noise/SED_wav/S-0033.npy,2457464,d8c86d9b2222790993c3146cf3b6aa0ccbf3c2f650b13ec9191876c6ff6cb764,16000
datased:DataSED - DataSED - Dataset for Sound Event Detection of environmental noise/SED_wav/S-0034.wav,DataSED - DataSED - Dataset for Sound Event Detection of environmental noise/SED_wav/S-0034.wav,DataSED - DataSED - Dataset for Sound Event Detection of environmental noise/SED_wav/S-0034.npy,663000,b275c2a74f2fa8f8e39777041c69fcfda2ce52ddf693e98d920ce58c11ff5066,16000
datased:DataSED - DataSED - Dataset for Sound Event Detection of environmental noise/SED_wav/S-0035.wav,DataSED - DataSED - Dataset for Sound Event Detection of environmental noise/SED_wav/S-0035.wav,DataSED - DataSED - Dataset for Sound Event Detection of environmental noise/SED_wav/S-0035.npy,1890238,21bb0c72b4e2640a0c7706ea5289a5ec5ac08735cb9185f8ed7981c075294624,16000
datased:DataSED - DataSED - Dataset for Sound Event Detection of environmental noise/SED_wav/S-0036.wav,DataSED - DataSED - Dataset for Sound Event Detection of environmental noise/SED_wav/S-0036.wav,DataSED - DataSED - Dataset for Sound Event Detection of environmental noise/SED_wav/S-0036.npy,1439662,16970d94c05377c4a86932e6d62e5e2b0f6a2a755f05b8b6d4f8e550d3ce46c1,16000
datased:DataSED - DataSED - Dataset for Sound Event Detection of environmental noise/SED_wav/S-0037.wav,DataSED - DataSED - Dataset for Sound Event Detection of environmental noise/SED_wav/S-0037.wav,DataSED - DataSED - Dataset for Sound Event Detection of environmental noise/SED_wav/S-0037.npy,691789,9a9a037f6796784163bd97705edc7e4ab9af8de93e1c5e212c7238f00bfa382d,16000
datased:DataSED - DataSED - Dataset for Sound Event Detection of environmental noise/SED_wav/S-0038.wav,DataSED - DataSED - Dataset for Sound Event Detection of environmental noise/SED_wav/S-0038.wav,DataSED - DataSED - Dataset for Sound Event Detection of environmental noise/SED_wav/S-0038.npy,2052198,85e751fbdec5b8500d77cafa856aeb9ebb2815f0df8e0c118ac68d438af59614,16000
datased:DataSED - DataSED - Dataset for Sound Event Detection of environmental noise/SED_wav/S-0039.wav,DataSED - DataSED - Dataset for Sound Event Detection of environmental noise/SED_wav/S-0039.wav,DataSED - DataSED - Dataset for Sound Event Detection of environmental noise/SED_wav/S-0039.npy,2545815,f768f7e30b75adc4dfa53725f0432f85bc3ca9df0642660f4988fa50965035bb,16000
datased:DataSED - DataSED - Dataset for Sound Event Detection of environmental noise/SED_wav/S-0040.wav,DataSED - DataSED - Dataset for Sound Event Detection of environmental noise/SED_wav/S-0040.wav,DataSED - DataSED - Dataset for Sound Event Detection of environmental noise/SED_wav/S-0040.npy,1496000,0db9ea0f724f71789a0ca29193362df97604afb852e0a4cc569d7a90b9dc499f,16000
datased:DataSED - DataSED - Dataset for Sound Event Detection of environmental noise/SED_wav/S-0041.wav,DataSED - DataSED - Dataset for Sound Event Detection of environmental noise/SED_wav/S-0041.wav,DataSED - DataSED - Dataset for Sound Event Detection of environmental noise/SED_wav/S-0041.npy,1918929,528fe487c2f19f4bfa0b9ca678b8a1dbab2b1fbc1170852ea51e81255143b333,16000
datased:DataSED - DataSED - Dataset for Sound Event Detection of environmental noise/SED_wav/S-0042.wav,DataSED - DataSED - Dataset for Sound Event Detection of environmental noise/SED_wav/S-0042.wav,DataSED - DataSED - Dataset for Sound Event Detection of environmental noise/SED_wav/S-0042.npy,3913121,ba575c4b3d5bf832248f51b0863b7366af2d019dac14286fc797e41cdd803c7f,16000
datased:DataSED - DataSED - Dataset for Sound Event Detection of environmental noise/SED_wav/S-0043.wav,DataSED - DataSED - Dataset for Sound Event Detection of environmental noise/SED_wav/S-0043.wav,DataSED - DataSED - Dataset for Sound Event Detection of environmental noise/SED_wav/S-0043.npy,1971153,21986319ce6b0446769a4a266cd29389885cec658019011426f205da3aaee087,16000
datased:DataSED - DataSED - Dataset for Sound Event Detection of environmental noise/SED_wav/S-0044.wav,DataSED - DataSED - Dataset for Sound Event Detection of environmental noise/SED_wav/S-0044.wav,DataSED - DataSED - Dataset for Sound Event Detection of environmental noise/SED_wav/S-0044.npy,1583745,2c59103bccd3dec8a8d74672758b4b88a5ba2305a384ed769b79b366e6d22270,16000
datased:DataSED - DataSED - Dataset for Sound Event Detection of environmental noise/SED_wav/S-0045.wav,DataSED - DataSED - Dataset for Sound Event Detection of environmental noise/SED_wav/S-0045.wav,DataSED - DataSED - Dataset for Sound Event Detection of environmental noise/SED_wav/S-0045.npy,1291601,04ba2fa12bcb1ec2e12356613d2b20adf08331d78b8d639438da98c73ab8f1ff,16000
datased:DataSED - DataSED - Dataset for Sound Event Detection of environmental noise/SED_wav/S-0046.wav,DataSED - DataSED - Dataset for Sound Event Detection of environmental noise/SED_wav/S-0046.wav,DataSED - DataSED - Dataset for Sound Event Detection of environmental noise/SED_wav/S-0046.npy,2486593,3eba63d603bdc7f69fc27bb6b3548e7f3ea36dbdf1b9fc3972c6bbb28f749a7a,16000
datased:DataSED - DataSED - Dataset for Sound Event Detection of environmental noise/SED_wav/S-0047.wav,DataSED - DataSED - Dataset for Sound Event Detection of environmental noise/SED_wav/S-0047.wav,DataSED - DataSED - Dataset for Sound Event Detection of environmental noise/SED_wav/S-0047.npy,1650977,1a953bcd9164bb1f054b9ff358b2e73a88153648c964f9f6672b688b223bc6e9,16000
datased:DataSED - DataSED - Dataset for Sound Event Detection of environmental noise/SED_wav/S-0048.wav,DataSED - DataSED - Dataset for Sound Event Detection of environmental noise/SED_wav/S-0048.wav,DataSED - DataSED - Dataset for Sound Event Detection of environmental noise/SED_wav/S-0048.npy,1868657,dd68d1f3604a3bb090ec8b8347a1129a08efebea34808756deb2c09379877875,16000
datased:DataSED - DataSED - Dataset for Sound Event Detection of environmental noise/SED_wav/S-0049.wav,DataSED - DataSED - Dataset for Sound Event Detection of environmental noise/SED_wav/S-0049.wav,DataSED - DataSED - Dataset for Sound Event Detection of environmental noise/SED_wav/S-0049.npy,2314961,d17b04e08695ca7cf0724ba9f9561463b554ae46671083a2190923a257c76e61,16000
datased:DataSED - DataSED - Dataset for Sound Event Detection of environmental noise/SED_wav/S-0050.wav,DataSED - DataSED - Dataset for Sound Event Detection of environmental noise/SED_wav/S-0050.wav,DataSED - DataSED - Dataset for Sound Event Detection of environmental noise/SED_wav/S-0050.npy,2192577,1a4ca41418e8b7ff48ed81559940045dca65f6c46e0ea2a439bfd744f093c5d2,16000
datased:DataSED - DataSED - Dataset for Sound Event Detection of environmental noise/SED_wav/S-0051.wav,DataSED - DataSED - Dataset for Sound Event Detection of environmental noise/SED_wav/S-0051.wav,DataSED - DataSED - Dataset for Sound Event Detection of environmental noise/SED_wav/S-0051.npy,1790529,0eb5f00e28d8ccf86c52c060423a1f539e6ac18d5f6cb5a404be9f2f06d8b65f,16000
datased:DataSED - DataSED - Dataset for Sound Event Detection of environmental noise/SED_wav/S-0052.wav,DataSED - DataSED - Dataset for Sound Event Detection of environmental noise/SED_wav/S-0052.wav,DataSED - DataSED - Dataset for Sound Event Detection of environmental noise/SED_wav/S-0052.npy,2135602,dbb18d33c9b95ba8e70cc6d35aea13cf3e69dd2a223ea5e38f2b28c6b8793067,16000
datased:DataSED - DataSED - Dataset for Sound Event Detection of environmental noise/SED_wav/S-0053.wav,DataSED - DataSED - Dataset for Sound Event Detection of environmental noise/SED_wav/S-0053.wav,DataSED - DataSED - Dataset for Sound Event Detection of environmental noise/SED_wav/S-0053.npy,3030465,334b8e7c456679a01691b5067ca7f1e8525ef1c6b1100fe22c8300af21ef2404,16000
datased:DataSED - DataSED - Dataset for Sound Event Detection of environmental noise/SED_wav/S-0054.wav,DataSED - DataSED - Dataset for Sound Event Detection of environmental noise/SED_wav/S-0054.wav,DataSED - DataSED - Dataset for Sound Event Detection of environmental noise/SED_wav/S-0054.npy,1908801,62bc2a0719c299bd749fe00ea3e11df668e6a6da970911e3d14a6861ce8df2b8,16000
datased:DataSED - DataSED - Dataset for Sound Event Detection of environmental noise/SED_wav/S-0055.wav,DataSED - DataSED - Dataset for Sound Event Detection of environmental noise/SED_wav/S-0055.wav,DataSED - DataSED - Dataset for Sound Event Detection of environmental noise/SED_wav/S-0055.npy,2178449,7dd4cf321b2867050a2ed7c65b4b4d3e9f89992a2b2b199f9ca353a8644dc334,16000
datased:DataSED - DataSED - Dataset for Sound Event Detection of environmental noise/SED_wav/S-0056.wav,DataSED - DataSED - Dataset for Sound Event Detection of environmental noise/SED_wav/S-0056.wav,DataSED - DataSED - Dataset for Sound Event Detection of environmental noise/SED_wav/S-0056.npy,2182657,9e556377554a7cd1905c3f845551fc5e26024a1240c666187bb75b436595ca73,16000
datased:DataSED - DataSED - Dataset for Sound Event Detection of environmental noise/SED_wav/S-0057.wav,DataSED - DataSED - Dataset for Sound Event Detection of environmental noise/SED_wav/S-0057.wav,DataSED - DataSED - Dataset for Sound Event Detection of environmental noise/SED_wav/S-0057.npy,1863745,c9ae41a1347d1a2b4e44086a2375b950340282136d8b69265aecd78e573af3ba,16000
datased:DataSED - DataSED - Dataset for Sound Event Detection of environmental noise/SED_wav/S-0058.wav,DataSED - DataSED - Dataset for Sound Event Detection of environmental noise/SED_wav/S-0058.wav,DataSED - DataSED - Dataset for Sound Event Detection of environmental noise/SED_wav/S-0058.npy,2155886,b8573ea1f698dcd7292f8e27ba6a6dcfc27d7962b954578cc05d8f0f41a7293b,16000
datased:DataSED - DataSED - Dataset for Sound Event Detection of environmental noise/SED_wav/S-0059.wav,DataSED - DataSED - Dataset for Sound Event Detection of environmental noise/SED_wav/S-0059.wav,DataSED - DataSED - Dataset for Sound Event Detection of environmental noise/SED_wav/S-0059.npy,1448229,e50ac31e0d5e47ef05fa77e5e646f75e9ebe45a981a7f72865cc0884fcd99bd9,16000
datased:DataSED - DataSED - Dataset for Sound Event Detection of environmental noise/SED_wav/S-0060.wav,DataSED - DataSED - Dataset for Sound Event Detection of environmental noise/SED_wav/S-0060.wav,DataSED - DataSED - Dataset for Sound Event Detection of environmental noise/SED_wav/S-0060.npy,1926589,924f6015e162733865ff288fd401edaf6a9884561e60f1144ce7fdc95b9d1ea6,16000
datased:DataSED - DataSED - Dataset for Sound Event Detection of environmental noise/SED_wav/S-0061.wav,DataSED - DataSED - Dataset for Sound Event Detection of environmental noise/SED_wav/S-0061.wav,DataSED - DataSED - Dataset for Sound Event Detection of environmental noise/SED_wav/S-0061.npy,2886380,0b4c3708c39aa8227423944b1db31870562f1fba46b8a2ae24024161ebeb843d,16000
datased:DataSED - DataSED - Dataset for Sound Event Detection of environmental noise/SED_wav/S-0062.wav,DataSED - DataSED - Dataset for Sound Event Detection of environmental noise/SED_wav/S-0062.wav,DataSED - DataSED - Dataset for Sound Event Detection of environmental noise/SED_wav/S-0062.npy,1821502,67f12170226c48ae390d8995426d41744c4ca6d7a7fd06eb2e32a3d72901916b,16000
datased:DataSED - DataSED - Dataset for Sound Event Detection of environmental noise/SED_wav/S-0063.wav,DataSED - DataSED - Dataset for Sound Event Detection of environmental noise/SED_wav/S-0063.wav,DataSED - DataSED - Dataset for Sound Event Detection of environmental noise/SED_wav/S-0063.npy,2880000,7f553a6e9099fea95fe70ccf2955aef6d0d6b5741683ab39935cb1969751bb0c,16000
datased:DataSED - DataSED - Dataset for Sound Event Detection of environmental noise/SED_wav/S-0064.wav,DataSED - DataSED - Dataset for Sound Event Detection of environmental noise/SED_wav/S-0064.wav,DataSED - DataSED - Dataset for Sound Event Detection of environmental noise/SED_wav/S-0064.npy,2466033,96359de7ec9ec164c5b0b1e05ae442412cfc0c6e28b8b158c17e86c9df2ff1dc,16000
datased:DataSED - DataSED - Dataset for Sound Event Detection of environmental noise/SED_wav/S-0065.wav,DataSED - DataSED - Dataset for Sound Event Detection of environmental noise/SED_wav/S-0065.wav,DataSED - DataSED - Dataset for Sound Event Detection of environmental noise/SED_wav/S-0065.npy,2374959,6bc31e6f16af3464df5b4c3e665632a2a75ec34ae38a7a09477d758f6451d9ae,16000
datased:DataSED - DataSED - Dataset for Sound Event Detection of environmental noise/SED_wav/S-0066.wav,DataSED - DataSED - Dataset for Sound Event Detection of environmental noise/SED_wav/S-0066.wav,DataSED - DataSED - Dataset for Sound Event Detection of environmental noise/SED_wav/S-0066.npy,3382422,28af77f09127c50c4fd2e3378d8eb14077acc9fe83f031a450d3bf05e2666028,16000
datased:DataSED - DataSED - Dataset for Sound Event Detection of environmental noise/SED_wav/S-0067.wav,DataSED - DataSED - Dataset for Sound Event Detection of environmental noise/SED_wav/S-0067.wav,DataSED - DataSED - Dataset for Sound Event Detection of environmental noise/SED_wav/S-0067.npy,1920000,7e7f2138d30b59c670fc9ba360d12eb212bc4ec3f2e63b8918183d62262abf1a,16000
datased:DataSED - DataSED - Dataset for Sound Event Detection of environmental noise/SED_wav/S-0068.wav,DataSED - DataSED - Dataset for Sound Event Detection of environmental noise/SED_wav/S-0068.wav,DataSED - DataSED - Dataset for Sound Event Detection of environmental noise/SED_wav/S-0068.npy,1464208,924a6b0baf161dd63cb7d3077038e5824352432cbabd2813596e0b92b0a11203,16000
datased:DataSED - DataSED - Dataset for Sound Event Detection of environmental noise/SED_wav/S-0069.wav,DataSED - DataSED - Dataset for Sound Event Detection of environmental noise/SED_wav/S-0069.wav,DataSED - DataSED - Dataset for Sound Event Detection of environmental noise/SED_wav/S-0069.npy,2400000,33536351c0a2cb0b677460ea6b5e890a5d0dd87a3f77d6c98c6892d2c9f2f86c,16000
datased:DataSED - DataSED - Dataset for Sound Event Detection of environmental noise/SED_wav/S-0070.wav,DataSED - DataSED - Dataset for Sound Event Detection of environmental noise/SED_wav/S-0070.wav,DataSED - DataSED - Dataset for Sound Event Detection of environmental noise/SED_wav/S-0070.npy,2017664,1ef48bcb5cbf8e4c14b15fdf97afb8b530b2c749fad88520261ed180c722a81a,16000
datased:DataSED - DataSED - Dataset for Sound Event Detection of environmental noise/SED_wav/S-0071.wav,DataSED - DataSED - Dataset for Sound Event Detection of environmental noise/SED_wav/S-0071.wav,DataSED - DataSED - Dataset for Sound Event Detection of environmental noise/SED_wav/S-0071.npy,2880000,eb4b426b401eeb9e1264715ec1283e4173c9786cc192644b03fd656275442e22,16000
datased:DataSED - DataSED - Dataset for Sound Event Detection of environmental noise/SED_wav/S-0072.wav,DataSED - DataSED - Dataset for Sound Event Detection of environmental noise/SED_wav/S-0072.wav,DataSED - DataSED - Dataset for Sound Event Detection of environmental noise/SED_wav/S-0072.npy,2374959,d340a7ca594eb67ad7d8973a2b402fc234a8cd85c6522e5be9e628f1535094d0,16000
datased:DataSED - DataSED - Dataset for Sound Event Detection of environmental noise/SED_wav/S-0073.wav,DataSED - DataSED - Dataset for Sound Event Detection of environmental noise/SED_wav/S-0073.wav,DataSED - DataSED - Dataset for Sound Event Detection of environmental noise/SED_wav/S-0073.npy,2683212,ef5274122c29c3fc01ba741adba14645cd625d3495b69b56cad5e3c855731a28,16000
datased:DataSED - DataSED - Dataset for Sound Event Detection of environmental noise/SED_wav/S-0074.wav,DataSED - DataSED - Dataset for Sound Event Detection of environmental noise/SED_wav/S-0074.wav,DataSED - DataSED - Dataset for Sound Event Detection of environmental noise/SED_wav/S-0074.npy,2388970,c62d43b60213f86e540815618b5f02298aadd36fded7704fe2730f09b2bdf93f,16000
datased:DataSED - DataSED - Dataset for Sound Event Detection of environmental noise/SED_wav/S-0075.wav,DataSED - DataSED - Dataset for Sound Event Detection of environmental noise/SED_wav/S-0075.wav,DataSED - DataSED - Dataset for Sound Event Detection of environmental noise/SED_wav/S-0075.npy,2445016,c0433c132ca284f9ca18b27c7ec1f4a1bc68b70ca94e39ef738fb7f488ca0756,16000
datased:DataSED - DataSED - Dataset for Sound Event Detection of environmental noise/SED_wav/S-0076.wav,DataSED - DataSED - Dataset for Sound Event Detection of environmental noise/SED_wav/S-0076.wav,DataSED - DataSED - Dataset for Sound Event Detection of environmental noise/SED_wav/S-0076.npy,1464208,1a57c4600f48cf8504f447c35d975f3644e9bdbfb6e7c30c782bb50627a8a1ee,16000
datased:DataSED - DataSED - Dataset for Sound Event Detection of environmental noise/SED_wav/S-0077.wav,DataSED - DataSED - Dataset for Sound Event Detection of environmental noise/SED_wav/S-0077.wav,DataSED - DataSED - Dataset for Sound Event Detection of environmental noise/SED_wav/S-0077.npy,1261040,508ddff987dc1ddc36b774d03459d97ced8308f1edca0432153b0b36183dbc70,16000
datased:DataSED - DataSED - Dataset for Sound Event Detection of environmental noise/SED_wav/S-0078.wav,DataSED - DataSED - Dataset for Sound Event Detection of environmental noise/SED_wav/S-0078.wav,DataSED - DataSED - Dataset for Sound Event Detection of environmental noise/SED_wav/S-0078.npy,1219006,39bb424d64bf288e402fc4c8c7c85acea583364d2a12b40588a9e8cfe26543e9,16000
datased:DataSED - DataSED - Dataset for Sound Event Detection of environmental noise/SED_wav/S-0079.wav,DataSED - DataSED - Dataset for Sound Event Detection of environmental noise/SED_wav/S-0079.wav,DataSED - DataSED - Dataset for Sound Event Detection of environmental noise/SED_wav/S-0079.npy,2718242,5462d334d88732e7c8b600723e84ae253ce132e4ae90326527d66a19cbc2bb64,16000
datased:DataSED - DataSED - Dataset for Sound Event Detection of environmental noise/SED_wav/S-0080.wav,DataSED - DataSED - Dataset for Sound Event Detection of environmental noise/SED_wav/S-0080.wav,DataSED - DataSED - Dataset for Sound Event Detection of environmental noise/SED_wav/S-0080.npy,2400000,d175236b27ec484bb7a7f8bfaaf634ff1c4d54847944458736eb6a851fd154b0,16000
datased:DataSED - DataSED - Dataset for Sound Event Detection of environmental noise/SED_wav/S-0081.wav,DataSED - DataSED - Dataset for Sound Event Detection of environmental noise/SED_wav/S-0081.wav,DataSED - DataSED - Dataset for Sound Event Detection of environmental noise/SED_wav/S-0081.npy,2543097,19f5e4e8b07c44094dd19b07e63aefb84dfcd53a547fd4ca231a173adf832f19,16000
datased:DataSED - DataSED - Dataset for Sound Event Detection of environmental noise/SED_wav/S-0082.wav,DataSED - DataSED - Dataset for Sound Event Detection of environmental noise/SED_wav/S-0082.wav,DataSED - DataSED - Dataset for Sound Event Detection of environmental noise/SED_wav/S-0082.npy,1919583,0868bd8498c5d86fd17080a8ba6a40fd6f9fb6fbbad2b60c1f5b4b13a5494edf,16000
datased:DataSED - DataSED - Dataset for Sound Event Detection of environmental noise/SED_wav/S-0083.wav,DataSED - DataSED - Dataset for Sound Event Detection of environmental noise/SED_wav/S-0083.wav,DataSED - DataSED - Dataset for Sound Event Detection of environmental noise/SED_wav/S-0083.npy,480000,cd6a2e78959a005cf670b7542ccea8650655ea1d616e90f4b69b1d16b091fe66,16000
datased:DataSED - DataSED - Dataset for Sound Event Detection of environmental noise/SED_wav/S-0084.wav,DataSED - DataSED - Dataset for Sound Event Detection of environmental noise/SED_wav/S-0084.wav,DataSED - DataSED - Dataset for Sound Event Detection of environmental noise/SED_wav/S-0084.npy,1443190,61472f0e3f6ce81a7cc601a76f6449d30c161a8024cde5f88b4b387bd80923b7,16000
datased:DataSED - DataSED - Dataset for Sound Event Detection of environmental noise/SED_wav/S-0085.wav,DataSED - DataSED - Dataset for Sound Event Detection of environmental noise/SED_wav/S-0085.wav,DataSED - DataSED - Dataset for Sound Event Detection of environmental noise/SED_wav/S-0085.npy,2110026,75d3006779eb83248d0815c8b19a133463054878e1ff2ef38699ebbfe38bf2fc,16000
datased:DataSED - DataSED - Dataset for Sound Event Detection of environmental noise/SED_wav/S-0086.wav,DataSED - DataSED - Dataset for Sound Event Detection of environmental noise/SED_wav/S-0086.wav,DataSED - DataSED - Dataset for Sound Event Detection of environmental noise/SED_wav/S-0086.npy,1317087,8392829472e49a558212c9b3701c775b0fe0d3b206dc6e490fe95cf9eb6e4d7c,16000
datased:DataSED - DataSED - Dataset for Sound Event Detection of environmental noise/SED_wav/S-0087.wav,DataSED - DataSED - Dataset for Sound Event Detection of environmental noise/SED_wav/S-0087.wav,DataSED - DataSED - Dataset for Sound Event Detection of environmental noise/SED_wav/S-0087.npy,1102405,5b8f9469249a612b37d8c5502777adfc223186298c9d2f32deeeb0f75ffea61a,16000
datased:DataSED - DataSED - Dataset for Sound Event Detection of environmental noise/SED_wav/S-0088.wav,DataSED - DataSED - Dataset for Sound Event Detection of environmental noise/SED_wav/S-0088.wav,DataSED - DataSED - Dataset for Sound Event Detection of environmental noise/SED_wav/S-0088.npy,962272,c31eed67c8710bdebe429b1d0be9eecdbc85c6d1bbc163c2d59db0fb2f0695df,16000
datased:DataSED - DataSED - Dataset for Sound Event Detection of environmental noise/SED_wav/S-0089.wav,DataSED - DataSED - Dataset for Sound Event Detection of environmental noise/SED_wav/S-0089.wav,DataSED - DataSED - Dataset for Sound Event Detection of environmental noise/SED_wav/S-0089.npy,622667,3085cb22d201fa19d34e4253bd81f3e7f2c0907a60dc0f727c02ae3ded8daf88,16000
datased:DataSED - DataSED - Dataset for Sound Event Detection of environmental noise/SED_wav/S-0090.wav,DataSED - DataSED - Dataset for Sound Event Detection of environmental noise/SED_wav/S-0090.wav,DataSED - DataSED - Dataset for Sound Event Detection of environmental noise/SED_wav/S-0090.npy,1149481,fb149dfef45ef25bf0afc6b159038f0428cec5ded4e0932c9aa0e169a0ead3cf,16000
datased:DataSED - DataSED - Dataset for Sound Event Detection of environmental noise/SED_wav/S-0091.wav,DataSED - DataSED - Dataset for Sound Event Detection of environmental noise/SED_wav/S-0091.wav,DataSED - DataSED - Dataset for Sound Event Detection of environmental noise/SED_wav/S-0091.npy,3480507,bebdb50c1f364bda7974c1ff0c18bd261d8f52271ba559078860eded7190a698,16000
datased:DataSED - DataSED - Dataset for Sound Event Detection of environmental noise/SED_wav/S-0092.wav,DataSED - DataSED - Dataset for Sound Event Detection of environmental noise/SED_wav/S-0092.wav,DataSED - DataSED - Dataset for Sound Event Detection of environmental noise/SED_wav/S-0092.npy,492090,45ed5273c2768ec1278b1a9e488878850546e6a15a8d92bae5ea21f27cdc5853,16000
datased:DataSED - DataSED - Dataset for Sound Event Detection of environmental noise/SED_wav/S-0093.wav,DataSED - DataSED - Dataset for Sound Event Detection of environmental noise/SED_wav/S-0093.wav,DataSED - DataSED - Dataset for Sound Event Detection of environmental noise/SED_wav/S-0093.npy,1926651,b3cf4a6f179a3f2d4dfcef371a1e31b0bb3537ca3083cae4db317f96a967eb2c,16000
datased:DataSED - DataSED - Dataset for Sound Event Detection of environmental noise/SED_wav/S-0094.wav,DataSED - DataSED - Dataset for Sound Event Detection of environmental noise/SED_wav/S-0094.wav,DataSED - DataSED - Dataset for Sound Event Detection of environmental noise/SED_wav/S-0094.npy,2803102,c0022d88a57182111f27d5a89f36243498f9224aca4ec3085058ce55346b5233,16000
datased:DataSED - DataSED - Dataset for Sound Event Detection of environmental noise/SED_wav/S-0095.wav,DataSED - DataSED - Dataset for Sound Event Detection of environmental noise/SED_wav/S-0095.wav,DataSED - DataSED - Dataset for Sound Event Detection of environmental noise/SED_wav/S-0095.npy,3685975,36e292a5d2d3a0b4d80758148aaee5bf2d27f39ade4545abd55fb5c37e7e0b6d,16000
datased:DataSED - DataSED - Dataset for Sound Event Detection of environmental noise/SED_wav/S-0096.wav,DataSED - DataSED - Dataset for Sound Event Detection of environmental noise/SED_wav/S-0096.wav,DataSED - DataSED - Dataset for Sound Event Detection of environmental noise/SED_wav/S-0096.npy,2379796,1efaffa566e09721f3ee4b39236a16759f98d76164ca76de325bf64c92512b9f,16000
datased:DataSED - DataSED - Dataset for Sound Event Detection of environmental noise/SED_wav/S-0097.wav,DataSED - DataSED - Dataset for Sound Event Detection of environmental noise/SED_wav/S-0097.wav,DataSED - DataSED - Dataset for Sound Event Detection of environmental noise/SED_wav/S-0097.npy,4201131,2c0f6dc58cc07b3b42c72d0178fbaab8b9839bb6837213d5aac017fc37f97833,16000
datased:DataSED - DataSED - Dataset for Sound Event Detection of environmental noise/SED_wav/S-0098.wav,DataSED - DataSED - Dataset for Sound Event Detection of environmental noise/SED_wav/S-0098.wav,DataSED - DataSED - Dataset for Sound Event Detection of environmental noise/SED_wav/S-0098.npy,2810907,5caf45f43161e3bbf117e2690bdd63737c45c4838c5f60b39463ad7c804e3fc5,16000
datased:DataSED - DataSED - Dataset for Sound Event Detection of environmental noise/SED_wav/S-0099.wav,DataSED - DataSED - Dataset for Sound Event Detection of environmental noise/SED_wav/S-0099.wav,DataSED - DataSED - Dataset for Sound Event Detection of environmental noise/SED_wav/S-0099.npy,3690715,2e4b8e34ea34745a562133ab8b96cc931211226d8dacf207d0e2d687619d2ff7,16000
datased:DataSED - DataSED - Dataset for Sound Event Detection of environmental noise/SED_wav/S-0100.wav,DataSED - DataSED - Dataset for Sound Event Detection of environmental noise/SED_wav/S-0100.wav,DataSED - DataSED - Dataset for Sound Event Detection of environmental noise/SED_wav/S-0100.npy,1368419,e94efb339d97026022563b7059f9c5f9895f6e8927747c196a47ad664bf9d4d1,16000
datased:DataSED - DataSED - Dataset for Sound Event Detection of environmental noise/SED_wav/S-0101.wav,DataSED - DataSED - Dataset for Sound Event Detection of environmental noise/SED_wav/S-0101.wav,DataSED - DataSED - Dataset for Sound Event Detection of environmental noise/SED_wav/S-0101.npy,1746050,acba359729b05b235bbd65ebfa5709d04a0aa72790c42e0abfa094aa470a1aff,16000
datased:DataSED - DataSED - Dataset for Sound Event Detection of environmental noise/SED_wav/S-0102.wav,DataSED - DataSED - Dataset for Sound Event Detection of environmental noise/SED_wav/S-0102.wav,DataSED - DataSED - Dataset for Sound Event Detection of environmental noise/SED_wav/S-0102.npy,4846561,02626526940357c8c84782005f33519fb4882abd196d52725347fb6995ed3124,16000
datased:DataSED - DataSED - Dataset for Sound Event Detection of environmental noise/SED_wav/S-0103.wav,DataSED - DataSED - Dataset for Sound Event Detection of environmental noise/SED_wav/S-0103.wav,DataSED - DataSED - Dataset for Sound Event Detection of environmental noise/SED_wav/S-0103.npy,5855472,cbcdf9c27b24f0a94fa4dfdba86500cbdeb416dca40f1e83b2346e7b2e23a35e,16000
datased:DataSED - DataSED - Dataset for Sound Event Detection of environmental noise/SED_wav/S-0104.wav,DataSED - DataSED - Dataset for Sound Event Detection of environmental noise/SED_wav/S-0104.wav,DataSED - DataSED - Dataset for Sound Event Detection of environmental noise/SED_wav/S-0104.npy,2192176,108a79c2f786d305efa3af83d0202ca06d0b90e4566ec6aa72159a6b5515bbd0,16000
datased:DataSED - DataSED - Dataset for Sound Event Detection of environmental noise/SED_wav/S-0105.wav,DataSED - DataSED - Dataset for Sound Event Detection of environmental noise/SED_wav/S-0105.wav,DataSED - DataSED - Dataset for Sound Event Detection of environmental noise/SED_wav/S-0105.npy,1238153,ea17dd39f4ec9ed87369a4315f6bb1c9a7a18e1a03f28988a6e28783ead10682,16000
datased:DataSED - DataSED - Dataset for Sound Event Detection of environmental noise/SED_wav/S-0106.wav,DataSED - DataSED - Dataset for Sound Event Detection of environmental noise/SED_wav/S-0106.wav,DataSED - DataSED - Dataset for Sound Event Detection of environmental noise/SED_wav/S-0106.npy,1702948,4176618bef13de31f6f946e0aa581c62b8d184483956ceb26ba3e0a76f70826d,16000
datased:DataSED - DataSED - Dataset for Sound Event Detection of environmental noise/SED_wav/S-0107.wav,DataSED - DataSED - Dataset for Sound Event Detection of environmental noise/SED_wav/S-0107.wav,DataSED - DataSED - Dataset for Sound Event Detection of environmental noise/SED_wav/S-0107.npy,4151666,9a322c54b60e3cdb4251fc02e45c7a352a31d783ef4b81fe15f0882e9cba40db,16000
datased:DataSED - DataSED - Dataset for Sound Event Detection of environmental noise/SED_wav/S-0108.wav,DataSED - DataSED - Dataset for Sound Event Detection of environmental noise/SED_wav/S-0108.wav,DataSED - DataSED - Dataset for Sound Event Detection of environmental noise/SED_wav/S-0108.npy,1223785,03df8568cdc6618558f8b88f67f15392ee14add931926a6a8bdc504290c20bfe,16000
datased:DataSED - DataSED - Dataset for Sound Event Detection of environmental noise/SED_wav/S-0109.wav,DataSED - DataSED - Dataset for Sound Event Detection of environmental noise/SED_wav/S-0109.wav,DataSED - DataSED - Dataset for Sound Event Detection of environmental noise/SED_wav/S-0109.npy,2871796,82a83c9e868eaf506f979fc5a5264aea389c33dc7328441d5a3795adc7ef8395,16000
datased:DataSED - DataSED - Dataset for Sound Event Detection of environmental noise/SED_wav/S-0110.wav,DataSED - DataSED - Dataset for Sound Event Detection of environmental noise/SED_wav/S-0110.wav,DataSED - DataSED - Dataset for Sound Event Detection of environmental noise/SED_wav/S-0110.npy,1936411,decc3ca30d3d12972d74d302280b09ba10c212cdefd62b31ebd0346ff535ed27,16000
datased:DataSED - DataSED - Dataset for Sound Event Detection of environmental noise/SED_wav/S-0111.wav,DataSED - DataSED - Dataset for Sound Event Detection of environmental noise/SED_wav/S-0111.wav,DataSED - DataSED - Dataset for Sound Event Detection of environmental noise/SED_wav/S-0111.npy,1920000,89f59d18154d223932008e33cf91e6a51e79dec18484adae32e482e627428184,16000
datased:DataSED - DataSED - Dataset for Sound Event Detection of environmental noise/SED_wav/S-0112.wav,DataSED - DataSED - Dataset for Sound Event Detection of environmental noise/SED_wav/S-0112.wav,DataSED - DataSED - Dataset for Sound Event Detection of environmental noise/SED_wav/S-0112.npy,2880000,42904aa645e34da17895714b510a80847f88a7aee8c09f0e451e8fecce46af7d,16000
datased:DataSED - DataSED - Dataset for Sound Event Detection of environmental noise/SED_wav/S-0113.wav,DataSED - DataSED - Dataset for Sound Event Detection of environmental noise/SED_wav/S-0113.wav,DataSED - DataSED - Dataset for Sound Event Detection of environmental noise/SED_wav/S-0113.npy,1472000,6aa6c60bd991ff3dd28e3ca0caa10b6abf93b9ebd574396102125e9fe1128d43,16000
datased:DataSED - DataSED - Dataset for Sound Event Detection of environmental noise/SED_wav/S-0114.wav,DataSED - DataSED - Dataset for Sound Event Detection of environmental noise/SED_wav/S-0114.wav,DataSED - DataSED - Dataset for Sound Event Detection of environmental noise/SED_wav/S-0114.npy,548522,22d5b7a406a7313f08306c761787ad8cdcec80ccb0bbe3691773f6463b0c1e37,16000
datased:DataSED - DataSED - Dataset for Sound Event Detection of environmental noise/SED_wav/S-0115.wav,DataSED - DataSED - Dataset for Sound Event Detection of environmental noise/SED_wav/S-0115.wav,DataSED - DataSED - Dataset for Sound Event Detection of environmental noise/SED_wav/S-0115.npy,100480,f359c9f2b0de79e5dfcdf437400f3b828d02fee080ae7e21cbb4c9a0dde4bb18,16000
datased:DataSED - DataSED - Dataset for Sound Event Detection of environmental noise/SED_wav/S-0116.wav,DataSED - DataSED - Dataset for Sound Event Detection of environmental noise/SED_wav/S-0116.wav,DataSED - DataSED - Dataset for Sound Event Detection of environmental noise/SED_wav/S-0116.npy,1233750,024fa8c89fb9f3b55baa582c7ee30ad18c1b5d84e5d83fae4dbc17960afe26b3,16000
datased:DataSED - DataSED - Dataset for Sound Event Detection of environmental noise/SED_wav/S-0117.wav,DataSED - DataSED - Dataset for Sound Event Detection of environmental noise/SED_wav/S-0117.wav,DataSED - DataSED - Dataset for Sound Event Detection of environmental noise/SED_wav/S-0117.npy,534376,11c2a327fa56b4a3f280b56af70dd184ef0f80726a11909ede7c3be0f32db890,16000
datased:DataSED - DataSED - Dataset for Sound Event Detection of environmental noise/SED_wav/S-0118.wav,DataSED - DataSED - Dataset for Sound Event Detection of environmental noise/SED_wav/S-0118.wav,DataSED - DataSED - Dataset for Sound Event Detection of environmental noise/SED_wav/S-0118.npy,418451,ce03049f262b39a7fad52e4d7da589d54c92fa58cb7f377dd971dc6e380a9284,16000
datased:DataSED - DataSED - Dataset for Sound Event Detection of environmental noise/SED_wav/S-0119.wav,DataSED - DataSED - Dataset for Sound Event Detection of environmental noise/SED_wav/S-0119.wav,DataSED - DataSED - Dataset for Sound Event Detection of environmental noise/SED_wav/S-0119.npy,1319894,7c239660ee94844d3474123855e15cc76dfca46ec5d42835bbd452f50565ff3c,16000
datased:DataSED - DataSED - Dataset for Sound Event Detection of environmental noise/SED_wav/S-0120.wav,DataSED - DataSED - Dataset for Sound Event Detection of environmental noise/SED_wav/S-0120.wav,DataSED - DataSED - Dataset for Sound Event Detection of environmental noise/SED_wav/S-0120.npy,203116,5e11bee510aa2be3fc246b8f7328fcb4fd990400b8fe6a348a2b23ae1f1a6b37,16000
datased:DataSED - DataSED - Dataset for Sound Event Detection of environmental noise/SED_wav/S-0121.wav,DataSED - DataSED - Dataset for Sound Event Detection of environmental noise/SED_wav/S-0121.wav,DataSED - DataSED - Dataset for Sound Event Detection of environmental noise/SED_wav/S-0121.npy,188811,013989132ef67870b86764752c936bf7c0c89fb923534f5ea38a0a74a812e33c,16000
datased:DataSED - DataSED - Dataset for Sound Event Detection of environmental noise/SED_wav/S-0122.wav,DataSED - DataSED - Dataset for Sound Event Detection of environmental noise/SED_wav/S-0122.wav,DataSED - DataSED - Dataset for Sound Event Detection of environmental noise/SED_wav/S-0122.npy,3961893,f6adb457c78a65a794439941624244d1d7baa4ed372cf754d81e78e39b777096,16000
datased:DataSED - DataSED - Dataset for Sound Event Detection of environmental noise/SED_wav/S-0123.wav,DataSED - DataSED - Dataset for Sound Event Detection of environmental noise/SED_wav/S-0123.wav,DataSED - DataSED - Dataset for Sound Event Detection of environmental noise/SED_wav/S-0123.npy,2718934,41d0ef4b71702848e11880a14e9834a0d319fcf65a4137ae80b57565397da5ce,16000
datased:DataSED - DataSED - Dataset for Sound Event Detection of environmental noise/SED_wav/S-0124.wav,DataSED - DataSED - Dataset for Sound Event Detection of environmental noise/SED_wav/S-0124.wav,DataSED - DataSED - Dataset for Sound Event Detection of environmental noise/SED_wav/S-0124.npy,237014,670df04101f8e1791511ba1f7587011ca15a95eacc772d57ec8895a63f5e1f16,16000
datased:DataSED - DataSED - Dataset for Sound Event Detection of environmental noise/SED_wav/S-0125.wav,DataSED - DataSED - Dataset for Sound Event Detection of environmental noise/SED_wav/S-0125.wav,DataSED - DataSED - Dataset for Sound Event Detection of environmental noise/SED_wav/S-0125.npy,3971840,2faf85662a1227ebe2ca31570408e8e38bff6c1fcd4ad308627cc8dc102adfb8,16000
datased:DataSED - DataSED - Dataset for Sound Event Detection of environmental noise/SED_wav/S-0126.wav,DataSED - DataSED - Dataset for Sound Event Detection of environmental noise/SED_wav/S-0126.wav,DataSED - DataSED - Dataset for Sound Event Detection of environmental noise/SED_wav/S-0126.npy,964907,9bc29269171e4bfdd1e2306220fa67f73bfd84649dd4898f36e112b2342c414c,16000
datased:DataSED - DataSED - Dataset for Sound Event Detection of environmental noise/SED_wav/S-0127.wav,DataSED - DataSED - Dataset for Sound Event Detection of environmental noise/SED_wav/S-0127.wav,DataSED - DataSED - Dataset for Sound Event Detection of environmental noise/SED_wav/S-0127.npy,4306774,460f02cef23669884ae447fb782b3557382858b1ae6aaee9600dfe27c4e25c2b,16000
datased:DataSED - DataSED - Dataset for Sound Event Detection of environmental noise/SED_wav/S-0128.wav,DataSED - DataSED - Dataset for Sound Event Detection of environmental noise/SED_wav/S-0128.wav,DataSED - DataSED - Dataset for Sound Event Detection of environmental noise/SED_wav/S-0128.npy,974507,ac6ca9a91f828f65e5e81bcd4c57dbca977293d4dfcb4f73194309ee3ab0bd80,16000
datased:DataSED - DataSED - Dataset for Sound Event Detection of environmental noise/SED_wav/S-0129.wav,DataSED - DataSED - Dataset for Sound Event Detection of environmental noise/SED_wav/S-0129.wav,DataSED - DataSED - Dataset for Sound Event Detection of environmental noise/SED_wav/S-0129.npy,2954387,82cfb43c69bd7de18df68307c95d716dc75398e7543897ce30735346d84a7e03,16000
datased:DataSED - DataSED - Dataset for Sound Event Detection of environmental noise/SED_wav/S-0130.wav,DataSED - DataSED - Dataset for Sound Event Detection of environmental noise/SED_wav/S-0130.wav,DataSED - DataSED - Dataset for Sound Event Detection of environmental noise/SED_wav/S-0130.npy,980711,8d0cb8d698582f6c8f0284789cf25043f306fdbe0299e78dc94934aff335a2b6,16000
datased:DataSED - DataSED - Dataset for Sound Event Detection of environmental noise/SED_wav/S-0131.wav,DataSED - DataSED - Dataset for Sound Event Detection of environmental noise/SED_wav/S-0131.wav,DataSED - DataSED - Dataset for Sound Event Detection of environmental noise/SED_wav/S-0131.npy,108956,3d15dd1e0991629272c1b70315ec9b63c5dcd740a22bbf0eb26c67597ca8bea1,16000
datased:DataSED - DataSED - Dataset for Sound Event Detection of environmental noise/SED_wav/S-0132.wav,DataSED - DataSED - Dataset for Sound Event Detection of environmental noise/SED_wav/S-0132.wav,DataSED - DataSED - Dataset for Sound Event Detection of environmental noise/SED_wav/S-0132.npy,548522,43ab840a2dcc1c3d7609621a272b443974a49d5df8206281cb812a97d0700711,16000
datased:DataSED - DataSED - Dataset for Sound Event Detection of environmental noise/SED_wav/S-0133.wav,DataSED - DataSED - Dataset for Sound Event Detection of environmental noise/SED_wav/S-0133.wav,DataSED - DataSED - Dataset for Sound Event Detection of environmental noise/SED_wav/S-0133.npy,2407279,1cda938a8923ed644dc839acbcca1fee2c4e2054f8f577ce36891147e52ac203,16000
datased:DataSED - DataSED - Dataset for Sound Event Detection of environmental noise/SED_wav/S-0134.wav,DataSED - DataSED - Dataset for Sound Event Detection of environmental noise/SED_wav/S-0134.wav,DataSED - DataSED - Dataset for Sound Event Detection of environmental noise/SED_wav/S-0134.npy,1915246,9c361c3c2906f3518135e747305ca3a436af7cd65719b84a4201bdc0c26e6372,16000
datased:DataSED - DataSED - Dataset for Sound Event Detection of environmental noise/SED_wav/S-0135.wav,DataSED - DataSED - Dataset for Sound Event Detection of environmental noise/SED_wav/S-0135.wav,DataSED - DataSED - Dataset for Sound Event Detection of environmental noise/SED_wav/S-0135.npy,318400,8e9335614c890fb310c5c80e8189125e94e59b4aedf96bb2002522cf3e125627,16000
datased:DataSED - DataSED - Dataset for Sound Event Detection of environmental noise/SED_wav/S-0136.wav,DataSED - DataSED - Dataset for Sound Event Detection of environmental noise/SED_wav/S-0136.wav,DataSED - DataSED - Dataset for Sound Event Detection of environmental noise/SED_wav/S-0136.npy,560462,c1fa6482f863a14f7bae7c1185e8e79635c219158b0b5175abde4b4ee6eefc90,16000
datased:DataSED - DataSED - Dataset for Sound Event Detection of environmental noise/SED_wav/S-0137.wav,DataSED - DataSED - Dataset for Sound Event Detection of environmental noise/SED_wav/S-0137.wav,DataSED - DataSED - Dataset for Sound Event Detection of environmental noise/SED_wav/S-0137.npy,560462,536f6d38f1e2e7723634982777efc73b56297baae0148d350821392cd7f53e34,16000
datased:DataSED - DataSED - Dataset for Sound Event Detection of environmental noise/SED_wav/S-0138.wav,DataSED - DataSED - Dataset for Sound Event Detection of environmental noise/SED_wav/S-0138.wav,DataSED - DataSED - Dataset for Sound Event Detection of environmental noise/SED_wav/S-0138.npy,511422,4087e25f5ffbabcacfb4d008c15ca60c1ef1ec7f79666deee94456fbee1a5c3a,16000
datased:DataSED - DataSED - Dataset for Sound Event Detection of environmental noise/SED_wav/S-0139.wav,DataSED - DataSED - Dataset for Sound Event Detection of environmental noise/SED_wav/S-0139.wav,DataSED - DataSED - Dataset for Sound Event Detection of environmental noise/SED_wav/S-0139.npy,1492231,e1d6d308ac0f04f38e400e24a28ee839f03db241aff92b67f008bb60e1be69d1,16000
datased:DataSED - DataSED - Dataset for Sound Event Detection of environmental noise/SED_wav/S-0140.wav,DataSED - DataSED - Dataset for Sound Event Detection of environmental noise/SED_wav/S-0140.wav,DataSED - DataSED - Dataset for Sound Event Detection of environmental noise/SED_wav/S-0140.npy,336278,a0c97648ce1d9e9220d060804b94f634379ca7390567fec48e54e795dc681827,16000
datased:DataSED - DataSED - Dataset for Sound Event Detection of environmental noise/SED_wav/S-0141.wav,DataSED - DataSED - Dataset for Sound Event Detection of environmental noise/SED_wav/S-0141.wav,DataSED - DataSED - Dataset for Sound Event Detection of environmental noise/SED_wav/S-0141.npy,87351,4d18ad7653a30e0ba0f928cbae16fe30bcc2359f7ec9374788864da8bd36318e,16000
datased:DataSED - DataSED - Dataset for Sound Event Detection of environmental noise/SED_wav/S-0142.wav,DataSED - DataSED - Dataset for Sound Event Detection of environmental noise/SED_wav/S-0142.wav,DataSED - DataSED - Dataset for Sound Event Detection of environmental noise/SED_wav/S-0142.npy,345449,93f493e6ecdfb6d883f67785de4510ff9fc91f488ab0723ab70295bf580bf119,16000
datased:DataSED - DataSED - Dataset for Sound Event Detection of environmental noise/SED_wav/S-0143.wav,DataSED - DataSED - Dataset for Sound Event Detection of environmental noise/SED_wav/S-0143.wav,DataSED - DataSED - Dataset for Sound Event Detection of environmental noise/SED_wav/S-0143.npy,87600,a941d8d27f35cf6d4971180c69335df24961f56c53ba21df4a6d6f8f9df3d5a1,16000
datased:DataSED - DataSED - Dataset for Sound Event Detection of environmental noise/SED_wav/S-0144.wav,DataSED - DataSED - Dataset for Sound Event Detection of environmental noise/SED_wav/S-0144.wav,DataSED - DataSED - Dataset for Sound Event Detection of environmental noise/SED_wav/S-0144.npy,3036464,7bed5a7d75eca7c14af729bb119ab93635d658047278cd5bb2a6b3391c3535e0,16000
datased:DataSED - DataSED - Dataset for Sound Event Detection of environmental noise/SED_wav/S-0145.wav,DataSED - DataSED - Dataset for Sound Event Detection of environmental noise/SED_wav/S-0145.wav,DataSED - DataSED - Dataset for Sound Event Detection of environmental noise/SED_wav/S-0145.npy,209085,21e763621ac18a50ecd1f42892aeebad2fd2f9033877efbfdc516ddcd6713836,16000
datased:DataSED - DataSED - Dataset for Sound Event Detection of environmental noise/SED_wav/S-0146.wav,DataSED - DataSED - Dataset for Sound Event Detection of environmental noise/SED_wav/S-0146.wav,DataSED - DataSED - Dataset for Sound Event Detection of environmental noise/SED_wav/S-0146.npy,2207803,39a93ec29dd2571fb074801345eee1e07a825b9245c03d41753fe2d8013eac98,16000
datased:DataSED - DataSED - Dataset for Sound Event Detection of environmental noise/SED_wav/S-0147.wav,DataSED - DataSED - Dataset for Sound Event Detection of environmental noise/SED_wav/S-0147.wav,DataSED - DataSED - Dataset for Sound Event Detection of environmental noise/SED_wav/S-0147.npy,2229813,62330c37c690c0aa104bd0d1039b3644608e0f55b5e0a5e2a915c8804a484951,16000
datased:DataSED - DataSED - Dataset for Sound Event Detection of environmental noise/SED_wav/S-0148.wav,DataSED - DataSED - Dataset for Sound Event Detection of environmental noise/SED_wav/S-0148.wav,DataSED - DataSED - Dataset for Sound Event Detection of environmental noise/SED_wav/S-0148.npy,3123178,7c7a0f0089751aa8f5b70941c3c8c82482e0a7abe635328fad490c61c4023119,16000
datased:DataSED - DataSED - Dataset for Sound Event Detection of environmental noise/SED_wav/S-0149.wav,DataSED - DataSED - Dataset for Sound Event Detection of environmental noise/SED_wav/S-0149.wav,DataSED - DataSED - Dataset for Sound Event Detection of environmental noise/SED_wav/S-0149.npy,181120,24b2fbfa1a115afe6ebe64a2bb51d81caa3c22fddf36cf70d3307b263ae55b50,16000
datased:DataSED - DataSED - Dataset for Sound Event Detection of environmental noise/SED_wav/S-0150.wav,DataSED - DataSED - Dataset for Sound Event Detection of environmental noise/SED_wav/S-0150.wav,DataSED - DataSED - Dataset for Sound Event Detection of environmental noise/SED_wav/S-0150.npy,249920,c6c2b19cedacd1ac0c976541e1b10d70a435864e558fdfe1987ae6c2258f0415,16000
datased:DataSED - DataSED - Dataset for Sound Event Detection of environmental noise/SED_wav/S-0151.wav,DataSED - DataSED - Dataset for Sound Event Detection of environmental noise/SED_wav/S-0151.wav,DataSED - DataSED - Dataset for Sound Event Detection of environmental noise/SED_wav/S-0151.npy,1270559,f132445b85bc237ac33c254b7d18b9df0e1380abead15a7d3b966a2f04e5bf9d,16000
datased:DataSED - DataSED - Dataset for Sound Event Detection of environmental noise/SED_wav/S-0152.wav,DataSED - DataSED - Dataset for Sound Event Detection of environmental noise/SED_wav/S-0152.wav,DataSED - DataSED - Dataset for Sound Event Detection of environmental noise/SED_wav/S-0152.npy,1104254,cee1c6631f71173e976ef0993c49b51ceb246fe678a24c21eb3bad95b6ca3ed0,16000
datased:DataSED - DataSED - Dataset for Sound Event Detection of environmental noise/SED_wav/S-0153.wav,DataSED - DataSED - Dataset for Sound Event Detection of environmental noise/SED_wav/S-0153.wav,DataSED - DataSED - Dataset for Sound Event Detection of environmental noise/SED_wav/S-0153.npy,1555921,da132215ce422d1279c53e3c8054b4ddc770f95ae97de95f1e6e6ac70c37bfca,16000
datased:DataSED - DataSED - Dataset for Sound Event Detection of environmental noise/SED_wav/S-0154.wav,DataSED - DataSED - Dataset for Sound Event Detection of environmental noise/SED_wav/S-0154.wav,DataSED - DataSED - Dataset for Sound Event Detection of environmental noise/SED_wav/S-0154.npy,574300,bff8cf460f91c37dc46c26678e6cdfca496a4ced6685ef301468458975e140ac,16000
datased:DataSED - DataSED - Dataset for Sound Event Detection of environmental noise/SED_wav/S-0155.wav,DataSED - DataSED - Dataset for Sound Event Detection of environmental noise/SED_wav/S-0155.wav,DataSED - DataSED - Dataset for Sound Event Detection of environmental noise/SED_wav/S-0155.npy,633572,4dbdef5ec49e9d7600de39e5ddb96ce0260df47fcba055b9cfd91b7ed98aaff3,16000
datased:DataSED - DataSED - Dataset for Sound Event Detection of environmental noise/SED_wav/S-0156.wav,DataSED - DataSED - Dataset for Sound Event Detection of environmental noise/SED_wav/S-0156.wav,DataSED - DataSED - Dataset for Sound Event Detection of environmental noise/SED_wav/S-0156.npy,857949,0e04e5cfb246a43f3c296f2cbeaf674d48533349f54355c1f37b990df0f97e15,16000
datased:DataSED - DataSED - Dataset for Sound Event Detection of environmental noise/SED_wav/S-0157.wav,DataSED - DataSED - Dataset for Sound Event Detection of environmental noise/SED_wav/S-0157.wav,DataSED - DataSED - Dataset for Sound Event Detection of environmental noise/SED_wav/S-0157.npy,838793,f6076f76f7db7373788c89068e1fe2b835dc5968acae8745c5ff95315ed00b07,16000
datased:DataSED - DataSED - Dataset for Sound Event Detection of environmental noise/SED_wav/S-0158.wav,DataSED - DataSED - Dataset for Sound Event Detection of environmental noise/SED_wav/S-0158.wav,DataSED - DataSED - Dataset for Sound Event Detection of environmental noise/SED_wav/S-0158.npy,1004148,6288d98a87b5f0d664a8142ccce260d0865c1c50b956c0109606eea973095d84,16000
datased:DataSED - DataSED - Dataset for Sound Event Detection of environmental noise/SED_wav/S-0159.wav,DataSED - DataSED - Dataset for Sound Event Detection of environmental noise/SED_wav/S-0159.wav,DataSED - DataSED - Dataset for Sound Event Detection of environmental noise/SED_wav/S-0159.npy,423761,395dd56dcc8c492531aeb9f78d09989326c7be8975fd4279767a91c415f65706,16000
datased:DataSED - DataSED - Dataset for Sound Event Detection of environmental noise/SED_wav/S-0160.wav,DataSED - DataSED - Dataset for Sound Event Detection of environmental noise/SED_wav/S-0160.wav,DataSED - DataSED - Dataset for Sound Event Detection of environmental noise/SED_wav/S-0160.npy,1959706,364bf8ce1a1a6185d709526d5020b34952f32d2c2910b0fd03d2ef3ff303ac04,16000
datased:DataSED - DataSED - Dataset for Sound Event Detection of environmental noise/SED_wav/S-0161.wav,DataSED - DataSED - Dataset for Sound Event Detection of environmental noise/SED_wav/S-0161.wav,DataSED - DataSED - Dataset for Sound Event Detection of environmental noise/SED_wav/S-0161.npy,1904972,3cefaac9b47d918c164d4a9b0b839c9ff848d6adefded1dbf0d58ee481bfc950,16000
datased:DataSED - DataSED - Dataset for Sound Event Detection of environmental noise/SED_wav/S-0162.wav,DataSED - DataSED - Dataset for Sound Event Detection of environmental noise/SED_wav/S-0162.wav,DataSED - DataSED - Dataset for Sound Event Detection of environmental noise/SED_wav/S-0162.npy,2054609,11c0cbc4960c91ee9aeae9712b52baf191763122fa4af82563332a4d4c33184f,16000
datased:DataSED - DataSED - Dataset for Sound Event Detection of environmental noise/SED_wav/S-0163.wav,DataSED - DataSED - Dataset for Sound Event Detection of environmental noise/SED_wav/S-0163.wav,DataSED - DataSED - Dataset for Sound Event Detection of environmental noise/SED_wav/S-0163.npy,1635486,83caf231945adfd5585ea991d6f72f68c6ed9ea8e5fbd2179519fb1457f4c1a5,16000
datased:DataSED - DataSED - Dataset for Sound Event Detection of environmental noise/SED_wav/S-0164.wav,DataSED - DataSED - Dataset for Sound Event Detection of environmental noise/SED_wav/S-0164.wav,DataSED - DataSED - Dataset for Sound Event Detection of environmental noise/SED_wav/S-0164.npy,458240,86a4a93305ae92af8d51d68982690bf969117f75aade0b574d025aa074232862,16000
datased:DataSED - DataSED - Dataset for Sound Event Detection of environmental noise/SED_wav/S-0165.wav,DataSED - DataSED - Dataset for Sound Event Detection of environmental noise/SED_wav/S-0165.wav,DataSED - DataSED - Dataset for Sound Event Detection of environmental noise/SED_wav/S-0165.npy,2819840,a24e67e6792743e17c7f7be70d1035bad63761bc0232e6c9fbf7e620c99913d2,16000
datased:DataSED - DataSED - Dataset for Sound Event Detection of environmental noise/SED_wav/S-0166.wav,DataSED - DataSED - Dataset for Sound Event Detection of environmental noise/SED_wav/S-0166.wav,DataSED - DataSED - Dataset for Sound Event Detection of environmental noise/SED_wav/S-0166.npy,1657619,d0cf53778bd027f887cc1aa749d5994fd5da98b53ca92c4dc6bc65b52577082f,16000
datased:DataSED - DataSED - Dataset for Sound Event Detection of environmental noise/SED_wav/S-0167.wav,DataSED - DataSED - Dataset for Sound Event Detection of environmental noise/SED_wav/S-0167.wav,DataSED - DataSED - Dataset for Sound Event Detection of environmental noise/SED_wav/S-0167.npy,265764,ea73b86dd56ac2e2326fbed15c8d6f8c7719bf68657564f5ce316b98f1529ad6,16000
datased:DataSED - DataSED - Dataset for Sound Event Detection of environmental noise/SED_wav/S-0168.wav,DataSED - DataSED - Dataset for Sound Event Detection of environmental noise/SED_wav/S-0168.wav,DataSED - DataSED - Dataset for Sound Event Detection of environmental noise/SED_wav/S-0168.npy,950865,a39ba0db4eb579720c20c19f9224a36fcf7219e817528ee73ba5e393416a423d,16000
datased:DataSED - DataSED - Dataset for Sound Event Detection of environmental noise/SED_wav/S-0169.wav,DataSED - DataSED - Dataset for Sound Event Detection of environmental noise/SED_wav/S-0169.wav,DataSED - DataSED - Dataset for Sound Event Detection of environmental noise/SED_wav/S-0169.npy,349782,5e38c5ea6731910e41935d4321e88f7ef66896c4beece0db3fe81767debcd186,16000
datased:DataSED - DataSED - Dataset for Sound Event Detection of environmental noise/SED_wav/S-0170.wav,DataSED - DataSED - Dataset for Sound Event Detection of environmental noise/SED_wav/S-0170.wav,DataSED - DataSED - Dataset for Sound Event Detection of environmental noise/SED_wav/S-0170.npy,742740,091771587346bf3d3c4282122c2b4d019b5075f3c2353d26b941d4fff0e7b622,16000
datased:DataSED - DataSED - Dataset for Sound Event Detection of environmental noise/SED_wav/S-0171.wav,DataSED - DataSED - Dataset for Sound Event Detection of environmental noise/SED_wav/S-0171.wav,DataSED - DataSED - Dataset for Sound Event Detection of environmental noise/SED_wav/S-0171.npy,881005,e74a5f78ff47c12d9f67c693cdefb9e5d7d72cdb69d113ef1a243f564395f280,16000
datased:DataSED - DataSED - Dataset for Sound Event Detection of environmental noise/SED_wav/S-0172.wav,DataSED - DataSED - Dataset for Sound Event Detection of environmental noise/SED_wav/S-0172.wav,DataSED - DataSED - Dataset for Sound Event Detection of environmental noise/SED_wav/S-0172.npy,4215038,077e9850e813bc017eeb93825e8d507ce412410e6f8689ed3f86cbae22b42f8c,16000
datased:DataSED - DataSED - Dataset for Sound Event Detection of environmental noise/SED_wav/S-0173.wav,DataSED - DataSED - Dataset for Sound Event Detection of environmental noise/SED_wav/S-0173.wav,DataSED - DataSED - Dataset for Sound Event Detection of environmental noise/SED_wav/S-0173.npy,697612,662d5ba7f85133ba8aadc05ffcdd70b98a8f2e279fcf450426af1b062d72095f,16000
datased:DataSED - DataSED - Dataset for Sound Event Detection of environmental noise/SED_wav/S-0174.wav,DataSED - DataSED - Dataset for Sound Event Detection of environmental noise/SED_wav/S-0174.wav,DataSED - DataSED - Dataset for Sound Event Detection of environmental noise/SED_wav/S-0174.npy,652725,16ecdfa94169839e7348520475c9f2e7e145d672f960a156a0c46ef93de03e27,16000
datased:DataSED - DataSED - Dataset for Sound Event Detection of environmental noise/SED_wav/S-0175.wav,DataSED - DataSED - Dataset for Sound Event Detection of environmental noise/SED_wav/S-0175.wav,DataSED - DataSED - Dataset for Sound Event Detection of environmental noise/SED_wav/S-0175.npy,142307,a89133032fb7aeca46c9d96f2ea6baf7d970742987ea6690d587a4cee0caca81,16000
datased:DataSED - DataSED - Dataset for Sound Event Detection of environmental noise/SED_wav/S-0176.wav,DataSED - DataSED - Dataset for Sound Event Detection of environmental noise/SED_wav/S-0176.wav,DataSED - DataSED - Dataset for Sound Event Detection of environmental noise/SED_wav/S-0176.npy,317401,4f2f031f14369d57e1993f9800522e4b338c3c9aa9892bc0e6fd11185aaa8b07,16000
datased:DataSED - DataSED - Dataset for Sound Event Detection of environmental noise/SED_wav/S-0177.wav,DataSED - DataSED - Dataset for Sound Event Detection of environmental noise/SED_wav/S-0177.wav,DataSED - DataSED - Dataset for Sound Event Detection of environmental noise/SED_wav/S-0177.npy,917839,e13331e5c9bca5187a216ba84357bf268cd6803562c36e6c327834997bb58879,16000
datased:DataSED - DataSED - Dataset for Sound Event Detection of environmental noise/SED_wav/S-0178.wav,DataSED - DataSED - Dataset for Sound Event Detection of environmental noise/SED_wav/S-0178.wav,DataSED - DataSED - Dataset for Sound Event Detection of environmental noise/SED_wav/S-0178.npy,263680,bc343ab483f82a857df9eb0769e49a031c4c6fc9b11e3a56dbe2e8467f6415eb,16000
datased:DataSED - DataSED - Dataset for Sound Event Detection of environmental noise/SED_wav/S-0179.wav,DataSED - DataSED - Dataset for Sound Event Detection of environmental noise/SED_wav/S-0179.wav,DataSED - DataSED - Dataset for Sound Event Detection of environmental noise/SED_wav/S-0179.npy,1108907,fcd9eee27070844a74a152817db67b2f1afdc702697bfedf214ea7f1b572762d,16000
datased:DataSED - DataSED - Dataset for Sound Event Detection of environmental noise/SED_wav/S-0180.wav,DataSED - DataSED - Dataset for Sound Event Detection of environmental noise/SED_wav/S-0180.wav,DataSED - DataSED - Dataset for Sound Event Detection of environmental noise/SED_wav/S-0180.npy,216107,12eaa4b8477534d6d1dab3ed3e9683ffd699c848825621cf7b8789957e123213,16000
datased:DataSED - DataSED - Dataset for Sound Event Detection of environmental noise/SED_wav/S-0181.wav,DataSED - DataSED - Dataset for Sound Event Detection of environmental noise/SED_wav/S-0181.wav,DataSED - DataSED - Dataset for Sound Event Detection of environmental noise/SED_wav/S-0181.npy,237014,d57cad0a5cc7770de56d2db1dfc5a434e909d3617a62bbc8f252f59b18b6aa56,16000
datased:DataSED - DataSED - Dataset for Sound Event Detection of environmental noise/SED_wav/S-0182.wav,DataSED - DataSED - Dataset for Sound Event Detection of environmental noise/SED_wav/S-0182.wav,DataSED - DataSED - Dataset for Sound Event Detection of environmental noise/SED_wav/S-0182.npy,1498093,eb8877a1b416b5d8a3add29a97438be5e4a06b24daa0d02d35e755ecbb817328,16000
datased:DataSED - DataSED - Dataset for Sound Event Detection of environmental noise/SED_wav/S-0183.wav,DataSED - DataSED - Dataset for Sound Event Detection of environmental noise/SED_wav/S-0183.wav,DataSED - DataSED - Dataset for Sound Event Detection of environmental noise/SED_wav/S-0183.npy,3868537,5b800a3e6078486f1b0641878ae10c9ce2dcffed7e70f0778293f79ce8b65a68,16000
datased:DataSED - DataSED - Dataset for Sound Event Detection of environmental noise/SED_wav/S-0184.wav,DataSED - DataSED - Dataset for Sound Event Detection of environmental noise/SED_wav/S-0184.wav,DataSED - DataSED - Dataset for Sound Event Detection of environmental noise/SED_wav/S-0184.npy,2555570,da922261e166592c21f2e6da488e4c4ef60e979bd6103e3d4b399c85c06977a6,16000
datased:DataSED - DataSED - Dataset for Sound Event Detection of environmental noise/SED_wav/S-0185.wav,DataSED - DataSED - Dataset for Sound Event Detection of environmental noise/SED_wav/S-0185.wav,DataSED - DataSED - Dataset for Sound Event Detection of environmental noise/SED_wav/S-0185.npy,2058240,e6dccb926b530790319cbf1ab237f7766f0536a6e2067e4b8098da40e69148b3,16000
datased:DataSED - DataSED - Dataset for Sound Event Detection of environmental noise/SED_wav/S-0186.wav,DataSED - DataSED - Dataset for Sound Event Detection of environmental noise/SED_wav/S-0186.wav,DataSED - DataSED - Dataset for Sound Event Detection of environmental noise/SED_wav/S-0186.npy,1832961,d7337bd99a30fa8da86eb7c1406946518aa50e9d7c9ca836b680c2175376acea,16000
datased:DataSED - DataSED - Dataset for Sound Event Detection of environmental noise/SED_wav/S-0187.wav,DataSED - DataSED - Dataset for Sound Event Detection of environmental noise/SED_wav/S-0187.wav,DataSED - DataSED - Dataset for Sound Event Detection of environmental noise/SED_wav/S-0187.npy,461803,fb99b88d69861cc68d8517a17e5a40ec3df1cec7b3e11860948485551789cd50,16000
datased:DataSED - DataSED - Dataset for Sound Event Detection of environmental noise/SED_wav/S-0188.wav,DataSED - DataSED - Dataset for Sound Event Detection of environmental noise/SED_wav/S-0188.wav,DataSED - DataSED - Dataset for Sound Event Detection of environmental noise/SED_wav/S-0188.npy,573163,bca66124411f2c13aa27df89b57517d5fe41f1891e71bca08d3a7a639625927b,16000
datased:DataSED - DataSED - Dataset for Sound Event Detection of environmental noise/SED_wav/S-0189.wav,DataSED - DataSED - Dataset for Sound Event Detection of environmental noise/SED_wav/S-0189.wav,DataSED - DataSED - Dataset for Sound Event Detection of environmental noise/SED_wav/S-0189.npy,1655062,e6562ae303673b811fda03b2b4b5d4b5626f89c4c19eb4e7d6f99fb615b6af16,16000
datased:DataSED - DataSED - Dataset for Sound Event Detection of environmental noise/SED_wav/S-0190.wav,DataSED - DataSED - Dataset for Sound Event Detection of environmental noise/SED_wav/S-0190.wav,DataSED - DataSED - Dataset for Sound Event Detection of environmental noise/SED_wav/S-0190.npy,2379324,d14caebb6a90dbb0e4e2d1234dfcf888bd1fc146944913dddad8f96a1e5dadf8,16000
datased:DataSED - DataSED - Dataset for Sound Event Detection of environmental noise/SED_wav/S-0191.wav,DataSED - DataSED - Dataset for Sound Event Detection of environmental noise/SED_wav/S-0191.wav,DataSED - DataSED - Dataset for Sound Event Detection of environmental noise/SED_wav/S-0191.npy,3131308,1ce94dde24d51dc2e55ae10120bceae16fa69759a25f6125cfc634f5be4dfa4b,16000
datased:DataSED - DataSED - Dataset for Sound Event Detection of environmental noise/SED_wav/S-0192.wav,DataSED - DataSED - Dataset for Sound Event Detection of environmental noise/SED_wav/S-0192.wav,DataSED - DataSED - Dataset for Sound Event Detection of environmental noise/SED_wav/S-0192.npy,2543820,aee1ba13d19f1f9cdc39d8c9c27b58aa1ba582f06e591295277589b7aec53a51,16000
datased:DataSED - DataSED - Dataset for Sound Event Detection of environmental noise/SED_wav/S-0193.wav,DataSED - DataSED - Dataset for Sound Event Detection of environmental noise/SED_wav/S-0193.wav,DataSED - DataSED - Dataset for Sound Event Detection of environmental noise/SED_wav/S-0193.npy,2673068,5cd6c505194d69d442aa7139579876ad284aa2956d7ff1a9a65bd71d5f5d01c8,16000
datased:DataSED - DataSED - Dataset for Sound Event Detection of environmental noise/SED_wav/S-0194.wav,DataSED - DataSED - Dataset for Sound Event Detection of environmental noise/SED_wav/S-0194.wav,DataSED - DataSED - Dataset for Sound Event Detection of environmental noise/SED_wav/S-0194.npy,2837564,dc3730c42a5bb9a63ab81c5d4024f3767fd4aeaa43f0fb9d0e224923b7fd5790,16000
datased:DataSED - DataSED - Dataset for Sound Event Detection of environmental noise/SED_wav/S-0195.wav,DataSED - DataSED - Dataset for Sound Event Detection of environmental noise/SED_wav/S-0195.wav,DataSED - DataSED - Dataset for Sound Event Detection of environmental noise/SED_wav/S-0195.npy,1357570,6efc7b7414c709d20d7fb71d5fe753dcd515176cb3a43a52457d4b95baa2e32c,16000
datased:DataSED - DataSED - Dataset for Sound Event Detection of environmental noise/SED_wav/S-0196.wav,DataSED - DataSED - Dataset for Sound Event Detection of environmental noise/SED_wav/S-0196.wav,DataSED - DataSED - Dataset for Sound Event Detection of environmental noise/SED_wav/S-0196.npy,2990311,8563ae940ec1f5b12f75f86786a1638585bc9bd3cd9f7f07958954216eee304c,16000
datased:DataSED - DataSED - Dataset for Sound Event Detection of environmental noise/SED_wav/S-0197.wav,DataSED - DataSED - Dataset for Sound Event Detection of environmental noise/SED_wav/S-0197.wav,DataSED - DataSED - Dataset for Sound Event Detection of environmental noise/SED_wav/S-0197.npy,68613,6e651a2f2d49ab36300b2a4779b1fe5d50f8f960b76713f4f5ddcc9b7d56b887,16000
datased:DataSED - DataSED - Dataset for Sound Event Detection of environmental noise/SED_wav/S-0198.wav,DataSED - DataSED - Dataset for Sound Event Detection of environmental noise/SED_wav/S-0198.wav,DataSED - DataSED - Dataset for Sound Event Detection of environmental noise/SED_wav/S-0198.npy,1821502,67f12170226c48ae390d8995426d41744c4ca6d7a7fd06eb2e32a3d72901916b,16000
datased:DataSED - DataSED - Dataset for Sound Event Detection of environmental noise/SED_wav/S-0199.wav,DataSED - DataSED - Dataset for Sound Event Detection of environmental noise/SED_wav/S-0199.wav,DataSED - DataSED - Dataset for Sound Event Detection of environmental noise/SED_wav/S-0199.npy,277702,3a65e01aca79fdded94e421b660b9c048e8bcde78437d2162d2519598512a2e1,16000
datased:DataSED - DataSED - Dataset for Sound Event Detection of environmental noise/SED_wav/S-0200.wav,DataSED - DataSED - Dataset for Sound Event Detection of environmental noise/SED_wav/S-0200.wav,DataSED - DataSED - Dataset for Sound Event Detection of environmental noise/SED_wav/S-0200.npy,184977,2af9066f2e18ce01dc2c409df800ba1b9fe8e82c01aa5412ad8f932798c5d9aa,16000
datased:DataSED - DataSED - Dataset for Sound Event Detection of environmental noise/SED_wav/S-0201.wav,DataSED - DataSED - Dataset for Sound Event Detection of environmental noise/SED_wav/S-0201.wav,DataSED - DataSED - Dataset for Sound Event Detection of environmental noise/SED_wav/S-0201.npy,2365464,4d82053aaf206db55b262a96d74077bfd417eb324bb04d316f9767f967f912b7,16000
datased:DataSED - DataSED - Dataset for Sound Event Detection of environmental noise/SED_wav/S-0202.wav,DataSED - DataSED - Dataset for Sound Event Detection of environmental noise/SED_wav/S-0202.wav,DataSED - DataSED - Dataset for Sound Event Detection of environmental noise/SED_wav/S-0202.npy,476800,af29475e301390dc20faa4afcfeb466a35731f4c42314871dba695d50c3c65e1,16000
datased:DataSED - DataSED - Dataset for Sound Event Detection of environmental noise/SED_wav/S-0203.wav,DataSED - DataSED - Dataset for Sound Event Detection of environmental noise/SED_wav/S-0203.wav,DataSED - DataSED - Dataset for Sound Event Detection of environmental noise/SED_wav/S-0203.npy,303333,506fd2100971fdcb826ea3c6e6bcd89cc402603d1be78d93123dfd376086a9cc,16000
datased:DataSED - DataSED - Dataset for Sound Event Detection of environmental noise/SED_wav/S-0204.wav,DataSED - DataSED - Dataset for Sound Event Detection of environmental noise/SED_wav/S-0204.wav,DataSED - DataSED - Dataset for Sound Event Detection of environmental noise/SED_wav/S-0204.npy,1474691,aa2deabf48d72938b49d93f52b718425c07e1aa564ff589e1d86b35399479a73,16000
datased:DataSED - DataSED - Dataset for Sound Event Detection of environmental noise/SED_wav/S-0205.wav,DataSED - DataSED - Dataset for Sound Event Detection of environmental noise/SED_wav/S-0205.wav,DataSED - DataSED - Dataset for Sound Event Detection of environmental noise/SED_wav/S-0205.npy,3193094,364a6cc098653e1357e2b83601c13c9567f3f500e90affec7439c3ef2c50db6c,16000
datased:DataSED - DataSED - Dataset for Sound Event Detection of environmental noise/SED_wav/S-0206.wav,DataSED - DataSED - Dataset for Sound Event Detection of environmental noise/SED_wav/S-0206.wav,DataSED - DataSED - Dataset for Sound Event Detection of environmental noise/SED_wav/S-0206.npy,1049124,fc84180184246c281ca41e66fcf7a810f80a05c2dbd728cea21b882a2e5b200b,16000
datased:DataSED - DataSED - Dataset for Sound Event Detection of environmental noise/SED_wav/S-0207.wav,DataSED - DataSED - Dataset for Sound Event Detection of environmental noise/SED_wav/S-0207.wav,DataSED - DataSED - Dataset for Sound Event Detection of environmental noise/SED_wav/S-0207.npy,307159,de576ff0d751c117e4a86346a3f57c5837dc245d084e85f1afd8cf64be7a8f9e,16000
datased:DataSED - DataSED - Dataset for Sound Event Detection of environmental noise/SED_wav/S-0208.wav,DataSED - DataSED - Dataset for Sound Event Detection of environmental noise/SED_wav/S-0208.wav,DataSED - DataSED - Dataset for Sound Event Detection of environmental noise/SED_wav/S-0208.npy,5640778,07f8e6a847ecf044d9b7ba44419e454aede3b07a19a5fae07eddeb8be64d4736,16000
datased:DataSED - DataSED - Dataset for Sound Event Detection of environmental noise/SED_wav/S-0209.wav,DataSED - DataSED - Dataset for Sound Event Detection of environmental noise/SED_wav/S-0209.wav,DataSED - DataSED - Dataset for Sound Event Detection of environmental noise/SED_wav/S-0209.npy,1565207,290daaa852d6a23043451921cddada750f886238dff506e6d07c320897857976,16000
datased:DataSED - DataSED - Dataset for Sound Event Detection of environmental noise/SED_wav/S-0210.wav,DataSED - DataSED - Dataset for Sound Event Detection of environmental noise/SED_wav/S-0210.wav,DataSED - DataSED - Dataset for Sound Event Detection of environmental noise/SED_wav/S-0210.npy,844673,872a6f52d8c75e959d46db8a0ff96ab8334a2e4a8107d0539e1654a44c056e19,16000
datased:DataSED - DataSED - Dataset for Sound Event Detection of environmental noise/SED_wav/S-0211.wav,DataSED - DataSED - Dataset for Sound Event Detection of environmental noise/SED_wav/S-0211.wav,DataSED - DataSED - Dataset for Sound Event Detection of environmental noise/SED_wav/S-0211.npy,210981,ccfbbf99d1cd0a8af4f8f24ee7735c8f1eaa3ca2199c86fa62a0a2f88a463edc,16000
datased:DataSED - DataSED - Dataset for Sound Event Detection of environmental noise/SED_wav/S-0212.wav,DataSED - DataSED - Dataset for Sound Event Detection of environmental noise/SED_wav/S-0212.wav,DataSED - DataSED - Dataset for Sound Event Detection of environmental noise/SED_wav/S-0212.npy,376503,15742398acee7351d8d60d8500365179b2b404cf43719d734b4658816852c364,16000
datased:DataSED - DataSED - Dataset for Sound Event Detection of environmental noise/SED_wav/S-0213.wav,DataSED - DataSED - Dataset for Sound Event Detection of environmental noise/SED_wav/S-0213.wav,DataSED - DataSED - Dataset for Sound Event Detection of environmental noise/SED_wav/S-0213.npy,714526,5cb499eade28a97a99c06f2865f38d1d7dba8da043d0643a45f48ed74f8903ff,16000
datased:DataSED - DataSED - Dataset for Sound Event Detection of environmental noise/SED_wav/S-0214.wav,DataSED - DataSED - Dataset for Sound Event Detection of environmental noise/SED_wav/S-0214.wav,DataSED - DataSED - Dataset for Sound Event Detection of environmental noise/SED_wav/S-0214.npy,1247934,b4a5c182ea526054b7eaa6d494c0351804a57a3a19ba8187cb258088d509701d,16000
datased:DataSED - DataSED - Dataset for Sound Event Detection of environmental noise/SED_wav/S-0215.wav,DataSED - DataSED - Dataset for Sound Event Detection of environmental noise/SED_wav/S-0215.wav,DataSED - DataSED - Dataset for Sound Event Detection of environmental noise/SED_wav/S-0215.npy,421675,74e3a855c9959f8ab4149dd76fe316e3c6955b890fc45bf0d1ef00c3ae8c0acc,16000
datased:DataSED - DataSED - Dataset for Sound Event Detection of environmental noise/SED_wav/S-0216.wav,DataSED - DataSED - Dataset for Sound Event Detection of environmental noise/SED_wav/S-0216.wav,DataSED - DataSED - Dataset for Sound Event Detection of environmental noise/SED_wav/S-0216.npy,369363,649c05f1838e7cea1ddbd7b701881b4c1b0918fd691b4f871d0b43423a38ece8,16000
datased:DataSED - DataSED - Dataset for Sound Event Detection of environmental noise/SED_wav/S-0217.wav,DataSED - DataSED - Dataset for Sound Event Detection of environmental noise/SED_wav/S-0217.wav,DataSED - DataSED - Dataset for Sound Event Detection of environmental noise/SED_wav/S-0217.npy,529795,62e3d527426e67a901d349d4a91deedb5dadf5acbbee9e854a8b42716b42a013,16000
datased:DataSED - DataSED - Dataset for Sound Event Detection of environmental noise/SED_wav/S-0218.wav,DataSED - DataSED - Dataset for Sound Event Detection of environmental noise/SED_wav/S-0218.wav,DataSED - DataSED - Dataset for Sound Event Detection of environmental noise/SED_wav/S-0218.npy,528579,6fa42c2ca245cfffe81841a65b99069b84e3c329df7f5c4f33077ffc86a140ed,16000
datased:DataSED - DataSED - Dataset for Sound Event Detection of environmental noise/SED_wav/S-0219.wav,DataSED - DataSED - Dataset for Sound Event Detection of environmental noise/SED_wav/S-0219.wav,DataSED - DataSED - Dataset for Sound Event Detection of environmental noise/SED_wav/S-0219.npy,432000,b775299344bbe3b160193fef5e7954f40361d0d7695ab884188dffb7f41dc707,16000
datased:DataSED - DataSED - Dataset for Sound Event Detection of environmental noise/SED_wav/S-0220.wav,DataSED - DataSED - Dataset for Sound Event Detection of environmental noise/SED_wav/S-0220.wav,DataSED - DataSED - Dataset for Sound Event Detection of environmental noise/SED_wav/S-0220.npy,342466,0a2fc02be5d252b611cfac17cacc00be495c85e03ad384d022dfa1153d3f4428,16000
datased:DataSED - DataSED - Dataset for Sound Event Detection of environmental noise/SED_wav/S-0221.wav,DataSED - DataSED - Dataset for Sound Event Detection of environmental noise/SED_wav/S-0221.wav,DataSED - DataSED - Dataset for Sound Event Detection of environmental noise/SED_wav/S-0221.npy,691374,3205d34f3fd40e29f3c349651e9d21a69363afce81b6f386b73789f1d4b7f39e,16000
datased:DataSED - DataSED - Dataset for Sound Event Detection of environmental noise/SED_wav/S-0222.wav,DataSED - DataSED - Dataset for Sound Event Detection of environmental noise/SED_wav/S-0222.wav,DataSED - DataSED - Dataset for Sound Event Detection of environmental noise/SED_wav/S-0222.npy,858613,1a319901792c86f1223fc8e38c54f3a3e1f31516973e3b5c69cbd5a0a816205b,16000
datased:DataSED - DataSED - Dataset for Sound Event Detection of environmental noise/SED_wav/S-0223.wav,DataSED - DataSED - Dataset for Sound Event Detection of environmental noise/SED_wav/S-0223.wav,DataSED - DataSED - Dataset for Sound Event Detection of environmental noise/SED_wav/S-0223.npy,1130548,3c7e28374de11b03219ee701b9392e6782b8c8b644990adacebc3fa87074e35d,16000
datased:DataSED - DataSED - Dataset for Sound Event Detection of environmental noise/SED_wav/S-0224.wav,DataSED - DataSED - Dataset for Sound Event Detection of environmental noise/SED_wav/S-0224.wav,DataSED - DataSED - Dataset for Sound Event Detection of environmental noise/SED_wav/S-0224.npy,1402213,77ed1217e131d4e919664e5a4f83941580956ab7e8cfb1b8ee902163cf60b36d,16000
datased:DataSED - DataSED - Dataset for Sound Event Detection of environmental noise/SED_wav/S-0225.wav,DataSED - DataSED - Dataset for Sound Event Detection of environmental noise/SED_wav/S-0225.wav,DataSED - DataSED - Dataset for Sound Event Detection of environmental noise/SED_wav/S-0225.npy,1081000,a6c48809a7fd3062bccd1b54481fa309587cbaa2fe723a2437e6fdba6b1305db,16000
datased:DataSED - DataSED - Dataset for Sound Event Detection of environmental noise/SED_wav/S-0226.wav,DataSED - DataSED - Dataset for Sound Event Detection of environmental noise/SED_wav/S-0226.wav,DataSED - DataSED - Dataset for Sound Event Detection of environmental noise/SED_wav/S-0226.npy,984216,b3a9fc83ed2048e05a8bc41bd82fcf3f9bd7f0c692a42e8bd37180e0cacebe0b,16000
datased:DataSED - DataSED - Dataset for Sound Event Detection of environmental noise/SED_wav/S-0227.wav,DataSED - DataSED - Dataset for Sound Event Detection of environmental noise/SED_wav/S-0227.wav,DataSED - DataSED - Dataset for Sound Event Detection of environmental noise/SED_wav/S-0227.npy,1695809,683b23f634e4fb3b004ac4cb3833b8984ca6a60d439df7c07853f9bb7f592d39,16000
datased:DataSED - DataSED - Dataset for Sound Event Detection of environmental noise/SED_wav/S-0228.wav,DataSED - DataSED - Dataset for Sound Event Detection of environmental noise/SED_wav/S-0228.wav,DataSED - DataSED - Dataset for Sound Event Detection of environmental noise/SED_wav/S-0228.npy,716330,04690fd667c3cbdb6de4ed227749afb31cfd576392ca1e42c12e765e047cf41c,16000
datased:DataSED - DataSED - Dataset for Sound Event Detection of environmental noise/SED_wav/S-0229.wav,DataSED - DataSED - Dataset for Sound Event Detection of environmental noise/SED_wav/S-0229.wav,DataSED - DataSED - Dataset for Sound Event Detection of environmental noise/SED_wav/S-0229.npy,785833,595cc604cae0a4810cb5fcd99ac43ba2f30d44a341f2c8e7e28820b6190da84c,16000
datased:DataSED - DataSED - Dataset for Sound Event Detection of environmental noise/SED_wav/S-0230.wav,DataSED - DataSED - Dataset for Sound Event Detection of environmental noise/SED_wav/S-0230.wav,DataSED - DataSED - Dataset for Sound Event Detection of environmental noise/SED_wav/S-0230.npy,741694,a00a3fd57f1dc5be2f9167c281ed7247de06a27871470b7b7c748bce80f456d5,16000
datased:DataSED - DataSED - Dataset for Sound Event Detection of environmental noise/SED_wav/S-0231.wav,DataSED - DataSED - Dataset for Sound Event Detection of environmental noise/SED_wav/S-0231.wav,DataSED - DataSED - Dataset for Sound Event Detection of environmental noise/SED_wav/S-0231.npy,287360,a6350a38f265cd6d984ac1c675b6b928a38c1e215867f038016587a542e38101,16000
datased:DataSED - DataSED - Dataset for Sound Event Detection of environmental noise/SED_wav/S-0232.wav,DataSED - DataSED - Dataset for Sound Event Detection of environmental noise/SED_wav/S-0232.wav,DataSED - DataSED - Dataset for Sound Event Detection of environmental noise/SED_wav/S-0232.npy,483200,28d048e43c4fe4cc36e89ae80596ff3b681b42f4a580d4524307321c41203f15,16000
datased:DataSED - DataSED - Dataset for Sound Event Detection of environmental noise/SED_wav/S-0233.wav,DataSED - DataSED - Dataset for Sound Event Detection of environmental noise/SED_wav/S-0233.wav,DataSED - DataSED - Dataset for Sound Event Detection of environmental noise/SED_wav/S-0233.npy,560134,a4e949dd8bf923e642abe59bed59e0a6c1f8f30c7d0c4f8e291fe32e010e76bc,16000
datased:DataSED - DataSED - Dataset for Sound Event Detection of environmental noise/SED_wav/S-0234.wav,DataSED - DataSED - Dataset for Sound Event Detection of environmental noise/SED_wav/S-0234.wav,DataSED - DataSED - Dataset for Sound Event Detection of environmental noise/SED_wav/S-0234.npy,263481,f40a42a8dab8b2242aa764e9fd9747225bd1f73f63f4b683af5dfb0cd8f8da20,16000
datased:DataSED - DataSED - Dataset for Sound Event Detection of environmental noise/SED_wav/S-0235.wav,DataSED - DataSED - Dataset for Sound Event Detection of environmental noise/SED_wav/S-0235.wav,DataSED - DataSED - Dataset for Sound Event Detection of environmental noise/SED_wav/S-0235.npy,384000,06d0be2c2b7e6c396b9acc5f8c9f2a83b315d6d0da024e4e21d2ac1149d02e74,16000
datased:DataSED - DataSED - Dataset for Sound Event Detection of environmental noise/SED_wav/S-0236.wav,DataSED - DataSED - Dataset for Sound Event Detection of environmental noise/SED_wav/S-0236.wav,DataSED - DataSED - Dataset for Sound Event Detection of environmental noise/SED_wav/S-0236.npy,576000,de45e15d4d96191c1ed4f92f350f83fae76561ee4902f2db25ae33c895020c5c,16000
datased:DataSED - DataSED - Dataset for Sound Event Detection of environmental noise/SED_wav/S-0237.wav,DataSED - DataSED - Dataset for Sound Event Detection of environmental noise/SED_wav/S-0237.wav,DataSED - DataSED - Dataset for Sound Event Detection of environmental noise/SED_wav/S-0237.npy,480000,8d8776afe6eef04a976c70af66a464a65866a726dbeafd62f0ca2d471fcb1c9f,16000
datased:DataSED - DataSED - Dataset for Sound Event Detection of environmental noise/SED_wav/S-0238.wav,DataSED - DataSED - Dataset for Sound Event Detection of environmental noise/SED_wav/S-0238.wav,DataSED - DataSED - Dataset for Sound Event Detection of environmental noise/SED_wav/S-0238.npy,1002345,9aa6c380e31ee0fcccce1fabddbf3aeda8cd7d84c98e44a3e2eef0e20dcb27d6,16000
datased:DataSED - DataSED - Dataset for Sound Event Detection of environmental noise/SED_wav/S-0239.wav,DataSED - DataSED - Dataset for Sound Event Detection of environmental noise/SED_wav/S-0239.wav,DataSED - DataSED - Dataset for Sound Event Detection of environmental noise/SED_wav/S-0239.npy,3872000,28a7533c388ef81d010d612dad3ff28b7137b815c3d640fefc721c840cb1ed83,16000
datased:DataSED - DataSED - Dataset for Sound Event Detection of environmental noise/SED_wav/S-0240.wav,DataSED - DataSED - Dataset for Sound Event Detection of environmental noise/SED_wav/S-0240.wav,DataSED - DataSED - Dataset for Sound Event Detection of environmental noise/SED_wav/S-0240.npy,845264,57a8b80c41c5e689702025ca872ce12c12b5246abcbc9d50843fe84bd9e2e5e1,16000
datased:DataSED - DataSED - Dataset for Sound Event Detection of environmental noise/SED_wav/S-0241.wav,DataSED - DataSED - Dataset for Sound Event Detection of environmental noise/SED_wav/S-0241.wav,DataSED - DataSED - Dataset for Sound Event Detection of environmental noise/SED_wav/S-0241.npy,388958,6ed494cd921cd1e34dbe6c4a352d3d33531eab826f00864bdae2b03aeda75fdf,16000
datased:DataSED - DataSED - Dataset for Sound Event Detection of environmental noise/SED_wav/S-0242.wav,DataSED - DataSED - Dataset for Sound Event Detection of environmental noise/SED_wav/S-0242.wav,DataSED - DataSED - Dataset for Sound Event Detection of environmental noise/SED_wav/S-0242.npy,424229,c3ec74eb30d5bd4116c43ed023c47fa64d102938d571a6d58c5218f2a1dc9f20,16000
datased:DataSED - DataSED - Dataset for Sound Event Detection of environmental noise/SED_wav/S-0243.wav,DataSED - DataSED - Dataset for Sound Event Detection of environmental noise/SED_wav/S-0243.wav,DataSED - DataSED - Dataset for Sound Event Detection of environmental noise/SED_wav/S-0243.npy,3961569,94deb10f27822b0a76e8b95e92bd313ee847f6e36e4efc4ab893b37c37fd6363,16000
datased:DataSED - DataSED - Dataset for Sound Event Detection of environmental noise/SED_wav/S-0244.wav,DataSED - DataSED - Dataset for Sound Event Detection of environmental noise/SED_wav/S-0244.wav,DataSED - DataSED - Dataset for Sound Event Detection of environmental noise/SED_wav/S-0244.npy,2410800,1776b1a572402c230e37c9899d08c9e0b436496b64bfea40158287f51a89e925,16000
datased:DataSED - DataSED - Dataset for Sound Event Detection of environmental noise/SED_wav/S-0245.wav,DataSED - DataSED - Dataset for Sound Event Detection of environmental noise/SED_wav/S-0245.wav,DataSED - DataSED - Dataset for Sound Event Detection of environmental noise/SED_wav/S-0245.npy,769539,9a9be8baae69e3197d30c0ada4ca65ab275aefbf0800e23b9d45794dd4b057c0,16000
datased:DataSED - DataSED - Dataset for Sound Event Detection of environmental noise/SED_wav/S-0246.wav,DataSED - DataSED - Dataset for Sound Event Detection of environmental noise/SED_wav/S-0246.wav,DataSED - DataSED - Dataset for Sound Event Detection of environmental noise/SED_wav/S-0246.npy,242933,e8e97ff0b43465775a20495ea3aa77212755499a4318b19a8143931b90314cd1,16000
datased:DataSED - DataSED - Dataset for Sound Event Detection of environmental noise/SED_wav/S-0247.wav,DataSED - DataSED - Dataset for Sound Event Detection of environmental noise/SED_wav/S-0247.wav,DataSED - DataSED - Dataset for Sound Event Detection of environmental noise/SED_wav/S-0247.npy,855958,866991087f75745e9fd21ceadc8f50ee8c4c940af128dc6208544bb1c221ce1d,16000
datased:DataSED - DataSED - Dataset for Sound Event Detection of environmental noise/SED_wav/S-0248.wav,DataSED - DataSED - Dataset for Sound Event Detection of environmental noise/SED_wav/S-0248.wav,DataSED - DataSED - Dataset for Sound Event Detection of environmental noise/SED_wav/S-0248.npy,975649,1003e6cb71553cd7b9b8a0eba633bb48cd8547b230308da36015e2c1a2d34acd,16000
datased:DataSED - DataSED - Dataset for Sound Event Detection of environmental noise/SED_wav/S-0249.wav,DataSED - DataSED - Dataset for Sound Event Detection of environmental noise/SED_wav/S-0249.wav,DataSED - DataSED - Dataset for Sound Event Detection of environmental noise/SED_wav/S-0249.npy,201909,0d74e96bd7b525a972369982caa37b9a39fc9e76f054d5d7582ef0727afb7ff5,16000
datased:DataSED - DataSED - Dataset for Sound Event Detection of environmental noise/SED_wav/S-0250.wav,DataSED - DataSED - Dataset for Sound Event Detection of environmental noise/SED_wav/S-0250.wav,DataSED - DataSED - Dataset for Sound Event Detection of environmental noise/SED_wav/S-0250.npy,1068000,90444d3b11ac785ecc367dac16916c6d6b43714d91e890cc971640d8d6cb78d2,16000
datased:DataSED - DataSED - Dataset for Sound Event Detection of environmental noise/SED_wav/S-0251.wav,DataSED - DataSED - Dataset for Sound Event Detection of environmental noise/SED_wav/S-0251.wav,DataSED - DataSED - Dataset for Sound Event Detection of environmental noise/SED_wav/S-0251.npy,256000,8737a62cccfa4599b7374bc284e38d584ed4a27dfcbb15238953ab7bf339b25c,16000
datased:DataSED - DataSED - Dataset for Sound Event Detection of environmental noise/SED_wav/S-0252.wav,DataSED - DataSED - Dataset for Sound Event Detection of environmental noise/SED_wav/S-0252.wav,DataSED - DataSED - Dataset for Sound Event Detection of environmental noise/SED_wav/S-0252.npy,327963,c2f96be84f752e8cba5db79ae418f0fd13d8c0f600af6e2855b43ec1dae2fd1b,16000
datased:DataSED - DataSED - Dataset for Sound Event Detection of environmental noise/SED_wav/S-0253.wav,DataSED - DataSED - Dataset for Sound Event Detection of environmental noise/SED_wav/S-0253.wav,DataSED - DataSED - Dataset for Sound Event Detection of environmental noise/SED_wav/S-0253.npy,724596,bc9f25627720020d7ece6ae78a35f94ac0cb3b7f308cc71f7b679972e6060c66,16000
datased:DataSED - DataSED - Dataset for Sound Event Detection of environmental noise/SED_wav/S-0254.wav,DataSED - DataSED - Dataset for Sound Event Detection of environmental noise/SED_wav/S-0254.wav,DataSED - DataSED - Dataset for Sound Event Detection of environmental noise/SED_wav/S-0254.npy,697204,79c1e9f1aa471d1f643ce11dae1974ecac6969910e4cc13309841033c1077821,16000
datased:DataSED - DataSED - Dataset for Sound Event Detection of environmental noise/SED_wav/S-0255.wav,DataSED - DataSED - Dataset for Sound Event Detection of environmental noise/SED_wav/S-0255.wav,DataSED - DataSED - Dataset for Sound Event Detection of environmental noise/SED_wav/S-0255.npy,712991,5491a422ddb44a587421dbb851aeb211df6d75e9aa2a76ae4bc94ef3fcdb7193,16000
datased:DataSED - DataSED - Dataset for Sound Event Detection of environmental noise/SED_wav/S-0256.wav,DataSED - DataSED - Dataset for Sound Event Detection of environmental noise/SED_wav/S-0256.wav,DataSED - DataSED - Dataset for Sound Event Detection of environmental noise/SED_wav/S-0256.npy,689884,2eba72eb6f610907ab37ba955f442b46c356672bd6d14fb56c25ba4a9eb192bc,16000
datased:DataSED - DataSED - Dataset for Sound Event Detection of environmental noise/SED_wav/S-0257.wav,DataSED - DataSED - Dataset for Sound Event Detection of environmental noise/SED_wav/S-0257.wav,DataSED - DataSED - Dataset for Sound Event Detection of environmental noise/SED_wav/S-0257.npy,750635,3a20afb0ffd60d863a88c9b51b70bf83a488e36f1992eb337bd482b60c8817c0,16000
datased:DataSED - DataSED - Dataset for Sound Event Detection of environmental noise/SED_wav/S-0258.wav,DataSED - DataSED - Dataset for Sound Event Detection of environmental noise/SED_wav/S-0258.wav,DataSED - DataSED - Dataset for Sound Event Detection of environmental noise/SED_wav/S-0258.npy,2512783,3e8599b64856fe07a9a197dc56641a0e4092a18fefca7e32dacdd8eb839dfd15,16000
datased:DataSED - DataSED - Dataset for Sound Event Detection of environmental noise/SED_wav/S-0259.wav,DataSED - DataSED - Dataset for Sound Event Detection of environmental noise/SED_wav/S-0259.wav,DataSED - DataSED - Dataset for Sound Event Detection of environmental noise/SED_wav/S-0259.npy,750773,9d2b20123f7a9c84ac990fa6e55833cc180313f7b9bf32db02d4300de1253207,16000
datased:DataSED - DataSED - Dataset for Sound Event Detection of environmental noise/SED_wav/S-0260.wav,DataSED - DataSED - Dataset for Sound Event Detection of environmental noise/SED_wav/S-0260.wav,DataSED - DataSED - Dataset for Sound Event Detection of environmental noise/SED_wav/S-0260.npy,283860,a5416782559e07b12af14aa61c5af6bd5256c5ad96d4b14f3bc830bb8ec0f3de,16000
datased:DataSED - DataSED - Dataset for Sound Event Detection of environmental noise/SED_wav/S-0261.wav,DataSED - DataSED - Dataset for Sound Event Detection of environmental noise/SED_wav/S-0261.wav,DataSED - DataSED - Dataset for Sound Event Detection of environmental noise/SED_wav/S-0261.npy,929718,b0455fe0d05d8dc24475f3d24f0daa5d8733bcd7809f579e4bc1578c03a7d30d,16000
datased:DataSED - DataSED - Dataset for Sound Event Detection of environmental noise/SED_wav/S-0262.wav,DataSED - DataSED - Dataset for Sound Event Detection of environmental noise/SED_wav/S-0262.wav,DataSED - DataSED - Dataset for Sound Event Detection of environmental noise/SED_wav/S-0262.npy,608615,6bb817d228cdd21b3e70dd72cb411e81e8fe9f88afb0f5aeedf49c79ddf24ccc,16000
datased:DataSED - DataSED - Dataset for Sound Event Detection of environmental noise/SED_wav/S-0263.wav,DataSED - DataSED - Dataset for Sound Event Detection of environmental noise/SED_wav/S-0263.wav,DataSED - DataSED - Dataset for Sound Event Detection of environmental noise/SED_wav/S-0263.npy,296960,33a57b04a0345cf6df60d5b8bdd3a2b1d79a7963d44f63e761107d15f59fd06a,16000
datased:DataSED - DataSED - Dataset for Sound Event Detection of environmental noise/SED_wav/S-0264.wav,DataSED - DataSED - Dataset for Sound Event Detection of environmental noise/SED_wav/S-0264.wav,DataSED - DataSED - Dataset for Sound Event Detection of environmental noise/SED_wav/S-0264.npy,397014,dcacea31247279b6ffba3efc4afe706fb7df3345d7bc1fac596c91d1186a7754,16000
datased:DataSED - DataSED - Dataset for Sound Event Detection of environmental noise/SED_wav/S-0265.wav,DataSED - DataSED - Dataset for Sound Event Detection of environmental noise/SED_wav/S-0265.wav,DataSED - DataSED - Dataset for Sound Event Detection of environmental noise/SED_wav/S-0265.npy,1403307,156fe8df57141ac95637f6b94bfac8c2437d08cd5cd719b5bed20932eda904d6,16000
datased:DataSED - DataSED - Dataset for Sound Event Detection of environmental noise/SED_wav/S-0266.wav,DataSED - DataSED - Dataset for Sound Event Detection of environmental noise/SED_wav/S-0266.wav,DataSED - DataSED - Dataset for Sound Event Detection of environmental noise/SED_wav/S-0266.npy,744147,a8230a00ba480212b618a3ce7b795afc7868fdcbad62781715beba0e18f71bb1,16000
datased:DataSED - DataSED - Dataset for Sound Event Detection of environmental noise/SED_wav/S-0267.wav,DataSED - DataSED - Dataset for Sound Event Detection of environmental noise/SED_wav/S-0267.wav,DataSED - DataSED - Dataset for Sound Event Detection of environmental noise/SED_wav/S-0267.npy,1351934,970501c07b18e0e5f52e46a5996f3d9f4121fc4428402a83c073e0ad0a861987,16000
datased:DataSED - DataSED - Dataset for Sound Event Detection of environmental noise/SED_wav/S-0268.wav,DataSED - DataSED - Dataset for Sound Event Detection of environmental noise/SED_wav/S-0268.wav,DataSED - DataSED - Dataset for Sound Event Detection of environmental noise/SED_wav/S-0268.npy,286080,b9c372213810a6dfb29aefa9a65a0aae12ac1139fb4cabc74850894646c39620,16000
datased:DataSED - DataSED - Dataset for Sound Event Detection of environmental noise/SED_wav/S-0269.wav,DataSED - DataSED - Dataset for Sound Event Detection of environmental noise/SED_wav/S-0269.wav,DataSED - DataSED - Dataset for Sound Event Detection of environmental noise/SED_wav/S-0269.npy,843889,bde7b1e74e8cca2e2dc54cf8579828c101c53b303f546a6ac7ff3bac1bb48712,16000
datased:DataSED - DataSED - Dataset for Sound Event Detection of environmental noise/SED_wav/S-0270.wav,DataSED - DataSED - Dataset for Sound Event Detection of environmental noise/SED_wav/S-0270.wav,DataSED - DataSED - Dataset for Sound Event Detection of environmental noise/SED_wav/S-0270.npy,502656,51066d0aba67f70743dad6d2385cbc8057a046f1634d82c192b0f95a29e41413,16000
datased:DataSED - DataSED - Dataset for Sound Event Detection of environmental noise/SED_wav/S-0271.wav,DataSED - DataSED - Dataset for Sound Event Detection of environmental noise/SED_wav/S-0271.wav,DataSED - DataSED - Dataset for Sound Event Detection of environmental noise/SED_wav/S-0271.npy,122432,4fcdf71a8b4cd94e06e1e5454c488236fed8b96078e7efb31be3acfa6fe1903c,16000
datased:DataSED - DataSED - Dataset for Sound Event Detection of environmental noise/SED_wav/S-0272.wav,DataSED - DataSED - Dataset for Sound Event Detection of environmental noise/SED_wav/S-0272.wav,DataSED - DataSED - Dataset for Sound Event Detection of environmental noise/SED_wav/S-0272.npy,825065,aa52f627cc44a270489c8b683532d6fe6b20f2a4b253165502ed1b1b13ccf252,16000
datased:DataSED - DataSED - Dataset for Sound Event Detection of environmental noise/SED_wav/S-0273.wav,DataSED - DataSED - Dataset for Sound Event Detection of environmental noise/SED_wav/S-0273.wav,DataSED - DataSED - Dataset for Sound Event Detection of environmental noise/SED_wav/S-0273.npy,515312,c669431b5c9c834c8f499cb53c7930b0953b1c83f437f06fe562273ec66a1d16,16000
datased:DataSED - DataSED - Dataset for Sound Event Detection of environmental noise/SED_wav/S-0274.wav,DataSED - DataSED - Dataset for Sound Event Detection of environmental noise/SED_wav/S-0274.wav,DataSED - DataSED - Dataset for Sound Event Detection of environmental noise/SED_wav/S-0274.npy,307840,0f4bb6c0d51f85f41ecdbe854ff272423ffe8a61b43760e767e595d071112f24,16000
datased:DataSED - DataSED - Dataset for Sound Event Detection of environmental noise/SED_wav/S-0275.wav,DataSED - DataSED - Dataset for Sound Event Detection of environmental noise/SED_wav/S-0275.wav,DataSED - DataSED - Dataset for Sound Event Detection of environmental noise/SED_wav/S-0275.npy,1825495,3c5e96fb7f04d1d2d788e9823e050b42cc6919dd9684f76bdfeb87b58771c3d5,16000
datased:DataSED - DataSED - Dataset for Sound Event Detection of environmental noise/SED_wav/S-0276.wav,DataSED - DataSED - Dataset for Sound Event Detection of environmental noise/SED_wav/S-0276.wav,DataSED - DataSED - Dataset for Sound Event Detection of environmental noise/SED_wav/S-0276.npy,341120,fcbd10be7334d313c319ca1db733b0826d101040bd269b65b5b624a69e7ef1c3,16000
datased:DataSED - DataSED - Dataset for Sound Event Detection of environmental noise/SED_wav/S-0277.wav,DataSED - DataSED - Dataset for Sound Event Detection of environmental noise/SED_wav/S-0277.wav,DataSED - DataSED - Dataset for Sound Event Detection of environmental noise/SED_wav/S-0277.npy,356907,21d42bef0d47949d0ae3478086cf1bac6be8c925f04334897d24a9a0883402ec,16000
datased:DataSED - DataSED - Dataset for Sound Event Detection of environmental noise/SED_wav/S-0278.wav,DataSED - DataSED - Dataset for Sound Event Detection of environmental noise/SED_wav/S-0278.wav,DataSED - DataSED - Dataset for Sound Event Detection of environmental noise/SED_wav/S-0278.npy,146317,c2b8788107b2aef353e32dc75fad769f5b1679de454ff630514972cf7d8ba795,16000
datased:DataSED - DataSED - Dataset for Sound Event Detection of environmental noise/SED_wav/S-0279.wav,DataSED - DataSED - Dataset for Sound Event Detection of environmental noise/SED_wav/S-0279.wav,DataSED - DataSED - Dataset for Sound Event Detection of environmental noise/SED_wav/S-0279.npy,2921816,8e6d2b69742976842407b32ff4f54deb3bd098496c27efdd4914812d48adae28,16000
datased:DataSED - DataSED - Dataset for Sound Event Detection of environmental noise/SED_wav/S-0280.wav,DataSED - DataSED - Dataset for Sound Event Detection of environmental noise/SED_wav/S-0280.wav,DataSED - DataSED - Dataset for Sound Event Detection of environmental noise/SED_wav/S-0280.npy,932635,04d70ccc940d80c538ef83b896f358f80319012adfbdefc9927987bcf81ca27c,16000
datased:DataSED - DataSED - Dataset for Sound Event Detection of environmental noise/SED_wav/S-0281.wav,DataSED - DataSED - Dataset for Sound Event Detection of environmental noise/SED_wav/S-0281.wav,DataSED - DataSED - Dataset for Sound Event Detection of environmental noise/SED_wav/S-0281.npy,498859,df404e03d17c7c8e0dc0e333f3a1d05de937061fd8a7180dc15b57b0dd1c8f67,16000
datased:DataSED - DataSED - Dataset for Sound Event Detection of environmental noise/SED_wav/S-0282.wav,DataSED - DataSED - Dataset for Sound Event Detection of environmental noise/SED_wav/S-0282.wav,DataSED - DataSED - Dataset for Sound Event Detection of environmental noise/SED_wav/S-0282.npy,1329610,50e1c62b628d0bfaf46bf0c804d22e94836cec6c21c51b979bac0549e91e3e57,16000
datased:DataSED - DataSED - Dataset for Sound Event Detection of environmental noise/SED_wav/S-0283.wav,DataSED - DataSED - Dataset for Sound Event Detection of environmental noise/SED_wav/S-0283.wav,DataSED - DataSED - Dataset for Sound Event Detection of environmental noise/SED_wav/S-0283.npy,726896,47c21fc209be386bc3ec1c5b553cb8299e2f7797f798586b6a3081041808b7ab,16000
datased:DataSED - DataSED - Dataset for Sound Event Detection of environmental noise/SED_wav/S-0284.wav,DataSED - DataSED - Dataset for Sound Event Detection of environmental noise/SED_wav/S-0284.wav,DataSED - DataSED - Dataset for Sound Event Detection of environmental noise/SED_wav/S-0284.npy,206217,a2faa944c3a7c5ea252dabaefc16243570bb735e82abd6deb69e7fe2e4af62ad,16000
datased:DataSED - DataSED - Dataset for Sound Event Detection of environmental noise/SED_wav/S-0285.wav,DataSED - DataSED - Dataset for Sound Event Detection of environmental noise/SED_wav/S-0285.wav,DataSED - DataSED - Dataset for Sound Event Detection of environmental noise/SED_wav/S-0285.npy,1722048,edef7ba9f42354b0f5fdf27093a1178129b9c046be9eb69a68fc4e51c1a99069,16000
datased:DataSED - DataSED - Dataset for Sound Event Detection of environmental noise/SED_wav/S-0286.wav,DataSED - DataSED - Dataset for Sound Event Detection of environmental noise/SED_wav/S-0286.wav,DataSED - DataSED - Dataset for Sound Event Detection of environmental noise/SED_wav/S-0286.npy,1096698,45806fcb578a6b09d59d74c2c85d9d6529cf187fee4ae47c10cc24658dd5a452,16000
datased:DataSED - DataSED - Dataset for Sound Event Detection of environmental noise/SED_wav/S-0287.wav,DataSED - DataSED - Dataset for Sound Event Detection of environmental noise/SED_wav/S-0287.wav,DataSED - DataSED - Dataset for Sound Event Detection of environmental noise/SED_wav/S-0287.npy,762164,ea5ef297a37695f2bddde9c3332c399fc8f23ba20ce77f02fbf4bc2bc34e2383,16000
datased:DataSED - DataSED - Dataset for Sound Event Detection of environmental noise/SED_wav/S-0288.wav,DataSED - DataSED - Dataset for Sound Event Detection of environmental noise/SED_wav/S-0288.wav,DataSED - DataSED - Dataset for Sound Event Detection of environmental noise/SED_wav/S-0288.npy,619602,ae3f0e9348cdd69133b5417756f079d37d837597e39f84e47fdd1ab029a77154,16000
datased:DataSED - DataSED - Dataset for Sound Event Detection of environmental noise/SED_wav/S-0289.wav,DataSED - DataSED - Dataset for Sound Event Detection of environmental noise/SED_wav/S-0289.wav,DataSED - DataSED - Dataset for Sound Event Detection of environmental noise/SED_wav/S-0289.npy,1608747,6e210488ea4559d7982f0a11f7fb651e320a9c287405586d91a76035d6ce4d07,16000
datased:DataSED - DataSED - Dataset for Sound Event Detection of environmental noise/SED_wav/S-0290.wav,DataSED - DataSED - Dataset for Sound Event Detection of environmental noise/SED_wav/S-0290.wav,DataSED - DataSED - Dataset for Sound Event Detection of environmental noise/SED_wav/S-0290.npy,658616,c0acfdca4af5c601ada74bf79fbb9e525c779faa66c6a1a6bb01361dc22d8dd4,16000
datased:DataSED - DataSED - Dataset for Sound Event Detection of environmental noise/SED_wav/S-0291.wav,DataSED - DataSED - Dataset for Sound Event Detection of environmental noise/SED_wav/S-0291.wav,DataSED - DataSED - Dataset for Sound Event Detection of environmental noise/SED_wav/S-0291.npy,613697,9c4188c987f81f80ca408505c2fa1e16107d7cab299c96762326711f158236c6,16000
datased:DataSED - DataSED - Dataset for Sound Event Detection of environmental noise/SED_wav/S-0292.wav,DataSED - DataSED - Dataset for Sound Event Detection of environmental noise/SED_wav/S-0292.wav,DataSED - DataSED - Dataset for Sound Event Detection of environmental noise/SED_wav/S-0292.npy,1941397,f8de5d5f78ec54b292695dae801ddf57bc38ea4bdc5e778b2785a47f852314ec,16000
datased:DataSED - DataSED - Dataset for Sound Event Detection of environmental noise/SED_wav/S-0293.wav,DataSED - DataSED - Dataset for Sound Event Detection of environmental noise/SED_wav/S-0293.wav,DataSED - DataSED - Dataset for Sound Event Detection of environmental noise/SED_wav/S-0293.npy,2527109,c22dfd284b957deabbf9da6fecfdc80d027dbe980dc62ea8bcc20af376c56083,16000
datased:DataSED - DataSED - Dataset for Sound Event Detection of environmental noise/SED_wav/S-0294.wav,DataSED - DataSED - Dataset for Sound Event Detection of environmental noise/SED_wav/S-0294.wav,DataSED - DataSED - Dataset for Sound Event Detection of environmental noise/SED_wav/S-0294.npy,1900887,561751fd9488598b7320d9da5986556e1735d945e60e4a4278c21b55031e8591,16000
datased:DataSED - DataSED - Dataset for Sound Event Detection of environmental noise/SED_wav/S-0295.wav,DataSED - DataSED - Dataset for Sound Event Detection of environmental noise/SED_wav/S-0295.wav,DataSED - DataSED - Dataset for Sound Event Detection of environmental noise/SED_wav/S-0295.npy,5939896,ac1f4eac747eefd1dd5d8ebba67ef6248775e957069ac2a5820ffb7112ae5335,16000
datased:DataSED - DataSED - Dataset for Sound Event Detection of environmental noise/SED_wav/S-0296.wav,DataSED - DataSED - Dataset for Sound Event Detection of environmental noise/SED_wav/S-0296.wav,DataSED - DataSED - Dataset for Sound Event Detection of environmental noise/SED_wav/S-0296.npy,2549006,73c7adddf3b73fb2e6a00d2c9ffb8ab94f5a75581feef344b2805c557d539978,16000
datased:DataSED - DataSED - Dataset for Sound Event Detection of environmental noise/SED_wav/S-0297.wav,DataSED - DataSED - Dataset for Sound Event Detection of environmental noise/SED_wav/S-0297.wav,DataSED - DataSED - Dataset for Sound Event Detection of environmental noise/SED_wav/S-0297.npy,460193,f5032ef681f28651c2c9191d2729ac0ab5f8b30202e14cd271d53b961b002e59,16000
datased:DataSED - DataSED - Dataset for Sound Event Detection of environmental noise/SED_wav/S-0298.wav,DataSED - DataSED - Dataset for Sound Event Detection of environmental noise/SED_wav/S-0298.wav,DataSED - DataSED - Dataset for Sound Event Detection of environmental noise/SED_wav/S-0298.npy,4098225,46148677e8d80c1047e355e26cc5cdf0764325c207106f35b0533cd5c9163bfd,16000
datased:DataSED - DataSED - Dataset for Sound Event Detection of environmental noise/SED_wav/S-0299.wav,DataSED - DataSED - Dataset for Sound Event Detection of environmental noise/SED_wav/S-0299.wav,DataSED - DataSED - Dataset for Sound Event Detection of environmental noise/SED_wav/S-0299.npy,1983818,9b33b6a0d928c0f66b677a93fa56adfde6eb19750c92d0f33d826d74e7fd344e,16000
datased:DataSED - DataSED - Dataset for Sound Event Detection of environmental noise/SED_wav/S-0300.wav,DataSED - DataSED - Dataset for Sound Event Detection of environmental noise/SED_wav/S-0300.wav,DataSED - DataSED - Dataset for Sound Event Detection of environmental noise/SED_wav/S-0300.npy,1158626,2a83ac56271aa9251454f1015f743c8804445fa7269d0f0b2d5698551dd6302f,16000
datased:DataSED - DataSED - Dataset for Sound Event Detection of environmental noise/SED_wav/S-0301.wav,DataSED - DataSED - Dataset for Sound Event Detection of environmental noise/SED_wav/S-0301.wav,DataSED - DataSED - Dataset for Sound Event Detection of environmental noise/SED_wav/S-0301.npy,2702005,109811e89c0525ebfa31af33b778bc14f61bbffee9f78fdcdad59e01fcd4ee90,16000
datased:DataSED - DataSED - Dataset for Sound Event Detection of environmental noise/SED_wav/S-0302.wav,DataSED - DataSED - Dataset for Sound Event Detection of environmental noise/SED_wav/S-0302.wav,DataSED - DataSED - Dataset for Sound Event Detection of environmental noise/SED_wav/S-0302.npy,360081,b9c35c35b0e40061e456e0ba0adf800cc80c3b968a4e81dabeea3e26757d4b2d,16000
datased:DataSED - DataSED - Dataset for Sound Event Detection of environmental noise/SED_wav/S-0303.wav,DataSED - DataSED - Dataset for Sound Event Detection of environmental noise/SED_wav/S-0303.wav,DataSED - DataSED - Dataset for Sound Event Detection of environmental noise/SED_wav/S-0303.npy,3130321,69d068bf9bc310a47ca6dbc5e3707c85973766cbb44b5d0b4b73fd88be16b59a,16000
datased:DataSED - DataSED - Dataset for Sound Event Detection of environmental noise/SED_wav/S-0304.wav,DataSED - DataSED - Dataset for Sound Event Detection of environmental noise/SED_wav/S-0304.wav,DataSED - DataSED - Dataset for Sound Event Detection of environmental noise/SED_wav/S-0304.npy,1365760,cf0acce3705c59ca803f70f41dd416355bf29a520335aba7b2caaf33c0636fe9,16000
datased:DataSED - DataSED - Dataset for Sound Event Detection of environmental noise/SED_wav/S-0305.wav,DataSED - DataSED - Dataset for Sound Event Detection of environmental noise/SED_wav/S-0305.wav,DataSED - DataSED - Dataset for Sound Event Detection of environmental noise/SED_wav/S-0305.npy,4273260,50239f9fadb6f8b123db6e8e045b6e2e864049ab7b9a9476f43767849d2ddfa3,16000
datased:DataSED - DataSED - Dataset for Sound Event Detection of environmental noise/SED_wav/S-0306.wav,DataSED - DataSED - Dataset for Sound Event Detection of environmental noise/SED_wav/S-0306.wav,DataSED - DataSED - Dataset for Sound Event Detection of environmental noise/SED_wav/S-0306.npy,283307,aaa540e1c1871352ff41ad95c0d48f2751a39d1d9d82c130bfd2f5545039af47,16000
datased:DataSED - DataSED - Dataset for Sound Event Detection of environmental noise/SED_wav/S-0307.wav,DataSED - DataSED - Dataset for Sound Event Detection of environmental noise/SED_wav/S-0307.wav,DataSED - DataSED - Dataset for Sound Event Detection of environmental noise/SED_wav/S-0307.npy,1473280,5f186a2b5de8a1f3f4f3a586106189c1ac628ccf3d8e064c2c6c1a57a5ff2c66,16000
datased:DataSED - DataSED - Dataset for Sound Event Detection of environmental noise/SED_wav/S-0308.wav,DataSED - DataSED - Dataset for Sound Event Detection of environmental noise/SED_wav/S-0308.wav,DataSED - DataSED - Dataset for Sound Event Detection of environmental noise/SED_wav/S-0308.npy,849280,9162b0ce17ef3ac602a3976ae6aa153f87f2457f75108d7b7cb88932eecdf888,16000
datased:DataSED - DataSED - Dataset for Sound Event Detection of environmental noise/SED_wav/S-0309.wav,DataSED - DataSED - Dataset for Sound Event Detection of environmental noise/SED_wav/S-0309.wav,DataSED - DataSED - Dataset for Sound Event Detection of environmental noise/SED_wav/S-0309.npy,131733,06d0cd6d1f27848ccb3566cb1e644fa8a869eb2158b1168285ea7ef91a6e08fb,16000
datased:DataSED - DataSED - Dataset for Sound Event Detection of environmental noise/SED_wav/S-0310.wav,DataSED - DataSED - Dataset for Sound Event Detection of environmental noise/SED_wav/S-0310.wav,DataSED - DataSED - Dataset for Sound Event Detection of environmental noise/SED_wav/S-0310.npy,263467,1b0c18fff471b528b84553aff0c2c1f08c0345214fcf85753ad69c02b81fce02,16000
datased:DataSED - DataSED - Dataset for Sound Event Detection of environmental noise/SED_wav/S-0311.wav,DataSED - DataSED - Dataset for Sound Event Detection of environmental noise/SED_wav/S-0311.wav,DataSED - DataSED - Dataset for Sound Event Detection of environmental noise/SED_wav/S-0311.npy,374097,32b185fc58222e2479b1713400134a4cc238592916979beacd066ff7868a36e5,16000
datased:DataSED - DataSED - Dataset for Sound Event Detection of environmental noise/SED_wav/S-0312.wav,DataSED - DataSED - Dataset for Sound Event Detection of environmental noise/SED_wav/S-0312.wav,DataSED - DataSED - Dataset for Sound Event Detection of environmental noise/SED_wav/S-0312.npy,1650616,8e866800a20f5307ad60aeb498d19bd98fb7078d60da4c06f40e5c45ffcf0976,16000
datased:DataSED - DataSED - Dataset for Sound Event Detection of environmental noise/SED_wav/S-0313.wav,DataSED - DataSED - Dataset for Sound Event Detection of environmental noise/SED_wav/S-0313.wav,DataSED - DataSED - Dataset for Sound Event Detection of environmental noise/SED_wav/S-0313.npy,356938,4c40171383a5f5b5fbb0851e27dceb4f3819bf5f43b9d670bf4e49be66ed1b8d,16000
datased:DataSED - DataSED - Dataset for Sound Event Detection of environmental noise/SED_wav/S-0314.wav,DataSED - DataSED - Dataset for Sound Event Detection of environmental noise/SED_wav/S-0314.wav,DataSED - DataSED - Dataset for Sound Event Detection of environmental noise/SED_wav/S-0314.npy,466604,921ec82044b22377241246c98d11e5b8e84503cef3c45ce81084865bf23a34cc,16000
datased:DataSED - DataSED - Dataset for Sound Event Detection of environmental noise/SED_wav/S-0315.wav,DataSED - DataSED - Dataset for Sound Event Detection of environmental noise/SED_wav/S-0315.wav,DataSED - DataSED - Dataset for Sound Event Detection of environmental noise/SED_wav/S-0315.npy,2712647,fd84c0258781809027bd4ae8f17bd2655aee4714ddc93ba1b6bd9e61e3650f32,16000
datased:DataSED - DataSED - Dataset for Sound Event Detection of environmental noise/SED_wav/S-0316.wav,DataSED - DataSED - Dataset for Sound Event Detection of environmental noise/SED_wav/S-0316.wav,DataSED - DataSED - Dataset for Sound Event Detection of environmental noise/SED_wav/S-0316.npy,1046418,a766b3414ff6edb158581ca22f17ea4eb0d7216f830e6a94b8b54cafd933de36,16000
datased:DataSED - DataSED - Dataset for Sound Event Detection of environmental noise/SED_wav/S-0317.wav,DataSED - DataSED - Dataset for Sound Event Detection of environmental noise/SED_wav/S-0317.wav,DataSED - DataSED - Dataset for Sound Event Detection of environmental noise/SED_wav/S-0317.npy,224006,e3824dcbb7797ae9fa8031cb542a31c124d1de49155754cda8241a40cd226573,16000
datased:DataSED - DataSED - Dataset for Sound Event Detection of environmental noise/SED_wav/S-0318.wav,DataSED - DataSED - Dataset for Sound Event Detection of environmental noise/SED_wav/S-0318.wav,DataSED - DataSED - Dataset for Sound Event Detection of environmental noise/SED_wav/S-0318.npy,1412700,816517ba828a69a07d2172497c1fb3175b13215fa9e28e826970fdb231f8d6c2,16000
datased:DataSED - DataSED - Dataset for Sound Event Detection of environmental noise/SED_wav/S-0319.wav,DataSED - DataSED - Dataset for Sound Event Detection of environmental noise/SED_wav/S-0319.wav,DataSED - DataSED - Dataset for Sound Event Detection of environmental noise/SED_wav/S-0319.npy,939462,deb11335967d6ffa0e37b5ea15bbfe44fbbbffe915cad4d6b5bdc77610ff75d6,16000
datased:DataSED - DataSED - Dataset for Sound Event Detection of environmental noise/SED_wav/S-0320.wav,DataSED - DataSED - Dataset for Sound Event Detection of environmental noise/SED_wav/S-0320.wav,DataSED - DataSED - Dataset for Sound Event Detection of environmental noise/SED_wav/S-0320.npy,478080,eed76595f516ae1643a10e3bf54df56e5a0c150b73930d146a26738d574225b8,16000
datased:DataSED - DataSED - Dataset for Sound Event Detection of environmental noise/SED_wav/S-0321.wav,DataSED - DataSED - Dataset for Sound Event Detection of environmental noise/SED_wav/S-0321.wav,DataSED - DataSED - Dataset for Sound Event Detection of environmental noise/SED_wav/S-0321.npy,3080094,7ae9c029d7267ce6054611f4801cf592902a570a2b57b92f146c5770f1b974b9,16000
datased:DataSED - DataSED - Dataset for Sound Event Detection of environmental noise/SED_wav/S-0322.wav,DataSED - DataSED - Dataset for Sound Event Detection of environmental noise/SED_wav/S-0322.wav,DataSED - DataSED - Dataset for Sound Event Detection of environmental noise/SED_wav/S-0322.npy,4088351,1d45c3eea9576814a307df7075bcdce9347980965019f99c78cc71f1f1ce8ee4,16000
datased:DataSED - DataSED - Dataset for Sound Event Detection of environmental noise/SED_wav/S-0323.wav,DataSED - DataSED - Dataset for Sound Event Detection of environmental noise/SED_wav/S-0323.wav,DataSED - DataSED - Dataset for Sound Event Detection of environmental noise/SED_wav/S-0323.npy,989497,e62448d4f3a794b811e75b1808a10e30a1c328ddf417245f06d64aa724eba36a,16000
datased:DataSED - DataSED - Dataset for Sound Event Detection of environmental noise/SED_wav/S-0324.wav,DataSED - DataSED - Dataset for Sound Event Detection of environmental noise/SED_wav/S-0324.wav,DataSED - DataSED - Dataset for Sound Event Detection of environmental noise/SED_wav/S-0324.npy,401778,ce450da656ac90db5cfec14c5c6a1866305f0fe1e5bf7bc9219b531176a1a056,16000
datased:DataSED - DataSED - Dataset for Sound Event Detection of environmental noise/SED_wav/S-0325.wav,DataSED - DataSED - Dataset for Sound Event Detection of environmental noise/SED_wav/S-0325.wav,DataSED - DataSED - Dataset for Sound Event Detection of environmental noise/SED_wav/S-0325.npy,2432523,77fa1752f640bf7eb1729dd1419a2b98fbde1fed7ca19d5e50f604473e9c13c0,16000
datased:DataSED - DataSED - Dataset for Sound Event Detection of environmental noise/SED_wav/S-0326.wav,DataSED - DataSED - Dataset for Sound Event Detection of environmental noise/SED_wav/S-0326.wav,DataSED - DataSED - Dataset for Sound Event Detection of environmental noise/SED_wav/S-0326.npy,299136,3e8e27f8ca9c3ac7da9fd7da851e6efa89ca5d2de74594db55ac295a5fbe21cc,16000
datased:DataSED - DataSED - Dataset for Sound Event Detection of environmental noise/SED_wav/S-0327.wav,DataSED - DataSED - Dataset for Sound Event Detection of environmental noise/SED_wav/S-0327.wav,DataSED - DataSED - Dataset for Sound Event Detection of environmental noise/SED_wav/S-0327.npy,2742726,a92308439872c715034df8bfb0c8716c348eb871732aec87939ff70dd023e508,16000
datased:DataSED - DataSED - Dataset for Sound Event Detection of environmental noise/SED_wav/S-0328.wav,DataSED - DataSED - Dataset for Sound Event Detection of environmental noise/SED_wav/S-0328.wav,DataSED - DataSED - Dataset for Sound Event Detection of environmental noise/SED_wav/S-0328.npy,626763,fded28ebc28a7f36d26eaf265b9be2e77a963efd6eed0eca4a6bda4ca7e557bb,16000
datased:DataSED - DataSED - Dataset for Sound Event Detection of environmental noise/SED_wav/S-0329.wav,DataSED - DataSED - Dataset for Sound Event Detection of environmental noise/SED_wav/S-0329.wav,DataSED - DataSED - Dataset for Sound Event Detection of environmental noise/SED_wav/S-0329.npy,1184443,53ae2d5396ac4578c27f807f006c7fdc9c916e69f79639320f7650b7f659dc74,16000
datased:DataSED - DataSED - Dataset for Sound Event Detection of environmental noise/SED_wav/S-0330.wav,DataSED - DataSED - Dataset for Sound Event Detection of environmental noise/SED_wav/S-0330.wav,DataSED - DataSED - Dataset for Sound Event Detection of environmental noise/SED_wav/S-0330.npy,1681528,4dbc1073f678bf89ee53943ae3a57e8799e5935d9d4ca47ca23f1ebbbfdc32cf,16000
datased:DataSED - DataSED - Dataset for Sound Event Detection of environmental noise/SED_wav/S-0331.wav,DataSED - DataSED - Dataset for Sound Event Detection of environmental noise/SED_wav/S-0331.wav,DataSED - DataSED - Dataset for Sound Event Detection of environmental noise/SED_wav/S-0331.npy,1047514,c27c74a4c8dc9479be4928326c337b10a4795631e22af25db4f5df0ada31d44b,16000
datased:DataSED - DataSED - Dataset for Sound Event Detection of environmental noise/SED_wav/S-0332.wav,DataSED - DataSED - Dataset for Sound Event Detection of environmental noise/SED_wav/S-0332.wav,DataSED - DataSED - Dataset for Sound Event Detection of environmental noise/SED_wav/S-0332.npy,1572950,ded8a8b76ca1b952c2916c7edd6e1535e108d32c01a232c9d70a7cec9673680e,16000
datased:DataSED - DataSED - Dataset for Sound Event Detection of environmental noise/SED_wav/S-0333.wav,DataSED - DataSED - Dataset for Sound Event Detection of environmental noise/SED_wav/S-0333.wav,DataSED - DataSED - Dataset for Sound Event Detection of environmental noise/SED_wav/S-0333.npy,1692369,42c57649fc88ce3e1d05479a9fc76420efcc5901c7c5287bdd9e0c577d051147,16000
datased:DataSED - DataSED - Dataset for Sound Event Detection of environmental noise/SED_wav/S-0334.wav,DataSED - DataSED - Dataset for Sound Event Detection of environmental noise/SED_wav/S-0334.wav,DataSED - DataSED - Dataset for Sound Event Detection of environmental noise/SED_wav/S-0334.npy,688123,e24d065af14f367adea50042effdaa0021576b784a0ef3d089c81ecdcc318c66,16000
datased:DataSED - DataSED - Dataset for Sound Event Detection of environmental noise/SED_wav/S-0335.wav,DataSED - DataSED - Dataset for Sound Event Detection of environmental noise/SED_wav/S-0335.wav,DataSED - DataSED - Dataset for Sound Event Detection of environmental noise/SED_wav/S-0335.npy,390411,9a4a841fd39726f4dfd6ff4c6a85647c38abd7b413083324a5215df6b33b62e9,16000
datased:DataSED - DataSED - Dataset for Sound Event Detection of environmental noise/SED_wav/S-0336.wav,DataSED - DataSED - Dataset for Sound Event Detection of environmental noise/SED_wav/S-0336.wav,DataSED - DataSED - Dataset for Sound Event Detection of environmental noise/SED_wav/S-0336.npy,2136211,1e18e7c1973b4929666b2b5908b4124af45bc92fa9c30363e9ff5bbcf54cfb25,16000
datased:DataSED - DataSED - Dataset for Sound Event Detection of environmental noise/SED_wav/S-0337.wav,DataSED - DataSED - Dataset for Sound Event Detection of environmental noise/SED_wav/S-0337.wav,DataSED - DataSED - Dataset for Sound Event Detection of environmental noise/SED_wav/S-0337.npy,812742,4bfbaa35028cf777f471dda05a3d2f12b18c797fc7e8b6399cd7b54337e7f2d5,16000
datased:DataSED - DataSED - Dataset for Sound Event Detection of environmental noise/SED_wav/S-0338.wav,DataSED - DataSED - Dataset for Sound Event Detection of environmental noise/SED_wav/S-0338.wav,DataSED - DataSED - Dataset for Sound Event Detection of environmental noise/SED_wav/S-0338.npy,708881,fb503694e656593b65b2526331f6fcb515ded191881f8e5f0583989101249562,16000
datased:DataSED - DataSED - Dataset for Sound Event Detection of environmental noise/SED_wav/S-0339.wav,DataSED - DataSED - Dataset for Sound Event Detection of environmental noise/SED_wav/S-0339.wav,DataSED - DataSED - Dataset for Sound Event Detection of environmental noise/SED_wav/S-0339.npy,2384053,d5b3dd9abce558569f04fa3aec8fe490c02fe64b8e791c21deffb045dd55cd76,16000
datased:DataSED - DataSED - Dataset for Sound Event Detection of environmental noise/SED_wav/S-0340.wav,DataSED - DataSED - Dataset for Sound Event Detection of environmental noise/SED_wav/S-0340.wav,DataSED - DataSED - Dataset for Sound Event Detection of environmental noise/SED_wav/S-0340.npy,442616,44d985106456baddaa982f98af58aa531d9a91a2ebf9be49e5fed055d17e20a5,16000
datased:DataSED - DataSED - Dataset for Sound Event Detection of environmental noise/SED_wav/S-0341.wav,DataSED - DataSED - Dataset for Sound Event Detection of environmental noise/SED_wav/S-0341.wav,DataSED - DataSED - Dataset for Sound Event Detection of environmental noise/SED_wav/S-0341.npy,1000566,1c4998a7f02274cbed3c93fc3b3cad9acf56b5adf19219404ef5eb9e9b01759e,16000
datased:DataSED - DataSED - Dataset for Sound Event Detection of environmental noise/SED_wav/S-0342.wav,DataSED - DataSED - Dataset for Sound Event Detection of environmental noise/SED_wav/S-0342.wav,DataSED - DataSED - Dataset for Sound Event Detection of environmental noise/SED_wav/S-0342.npy,3088231,208e5dfe12a84219a6b22ca7c2ba9d91b6a4ee961944bb963d61b6fa3e8debd7,16000
datased:DataSED - DataSED - Dataset for Sound Event Detection of environmental noise/SED_wav/S-0343.wav,DataSED - DataSED - Dataset for Sound Event Detection of environmental noise/SED_wav/S-0343.wav,DataSED - DataSED - Dataset for Sound Event Detection of environmental noise/SED_wav/S-0343.npy,312369,191e8e59e6075f1593b0ad725e89cc55457201cae7ee75f875a37f4f874171ff,16000
datased:DataSED - DataSED - Dataset for Sound Event Detection of environmental noise/SED_wav/S-0344.wav,DataSED - DataSED - Dataset for Sound Event Detection of environmental noise/SED_wav/S-0344.wav,DataSED - DataSED - Dataset for Sound Event Detection of environmental noise/SED_wav/S-0344.npy,355266,5328252a39932734e868eb769b3c72e0c4799d469c4e590e9688f5aba7eea974,16000
datased:DataSED - DataSED - Dataset for Sound Event Detection of environmental noise/SED_wav/S-0345.wav,DataSED - DataSED - Dataset for Sound Event Detection of environmental noise/SED_wav/S-0345.wav,DataSED - DataSED - Dataset for Sound Event Detection of environmental noise/SED_wav/S-0345.npy,623409,0cc707eb6d80dd177ab8f791635b253850b51df13398fe0bd5c659ad1273f62d,16000
datased:DataSED - DataSED - Dataset for Sound Event Detection of environmental noise/SED_wav/S-0346.wav,DataSED - DataSED - Dataset for Sound Event Detection of environmental noise/SED_wav/S-0346.wav,DataSED - DataSED - Dataset for Sound Event Detection of environmental noise/SED_wav/S-0346.npy,674993,8614b6605d19a578f1cf70cdc4045ac9c76f89f3dc16a01681096c4003586426,16000
datased:DataSED - DataSED - Dataset for Sound Event Detection of environmental noise/SED_wav/S-0347.wav,DataSED - DataSED - Dataset for Sound Event Detection of environmental noise/SED_wav/S-0347.wav,DataSED - DataSED - Dataset for Sound Event Detection of environmental noise/SED_wav/S-0347.npy,2830739,29e264734d13606547873defb20e02a75e6260ee18e2427e1afe0da0c11a93cd,16000
datased:DataSED - DataSED - Dataset for Sound Event Detection of environmental noise/SED_wav/S-0348.wav,DataSED - DataSED - Dataset for Sound Event Detection of environmental noise/SED_wav/S-0348.wav,DataSED - DataSED - Dataset for Sound Event Detection of environmental noise/SED_wav/S-0348.npy,363863,921de67a008125c0a7c94378bfff8b7cf6083d95dc519fb81f23a69ec87bbf18,16000
datased:DataSED - DataSED - Dataset for Sound Event Detection of environmental noise/SED_wav/S-0349.wav,DataSED - DataSED - Dataset for Sound Event Detection of environmental noise/SED_wav/S-0349.wav,DataSED - DataSED - Dataset for Sound Event Detection of environmental noise/SED_wav/S-0349.npy,1379777,620cadf2a8b0204260cc52792fdccbeb5518665322c5c90b5342adac6c0477c5,16000
datased:DataSED - DataSED - Dataset for Sound Event Detection of environmental noise/SED_wav/S-0350.wav,DataSED - DataSED - Dataset for Sound Event Detection of environmental noise/SED_wav/S-0350.wav,DataSED - DataSED - Dataset for Sound Event Detection of environmental noise/SED_wav/S-0350.npy,2745810,01c88d77ba34ba596523746263e5de7727d4e76c7f5096d27073088bf76d3fbd,16000
datased:DataSED - DataSED - Dataset for Sound Event Detection of environmental noise/SED_wav/S-0351.wav,DataSED - DataSED - Dataset for Sound Event Detection of environmental noise/SED_wav/S-0351.wav,DataSED - DataSED - Dataset for Sound Event Detection of environmental noise/SED_wav/S-0351.npy,2099200,717e9d1c3138e556dc73043f5fef5e5253f1b59d922aba63ed1f75cb589a4c8e,16000
datased:DataSED - DataSED - Dataset for Sound Event Detection of environmental noise/SED_wav/S-0352.wav,DataSED - DataSED - Dataset for Sound Event Detection of environmental noise/SED_wav/S-0352.wav,DataSED - DataSED - Dataset for Sound Event Detection of environmental noise/SED_wav/S-0352.npy,177920,86ba05b3e969039da38262ed85af8b9a60985d3c0c04279a845b0c4727541b3e,16000
datased:DataSED - DataSED - Dataset for Sound Event Detection of environmental noise/SED_wav/S-0353.wav,DataSED - DataSED - Dataset for Sound Event Detection of environmental noise/SED_wav/S-0353.wav,DataSED - DataSED - Dataset for Sound Event Detection of environmental noise/SED_wav/S-0353.npy,504000,660381666cecb708e74508552802d592f198ae727b12ffd201a40f9db5a3deaa,16000
datased:DataSED - DataSED - Dataset for Sound Event Detection of environmental noise/SED_wav/S-0354.wav,DataSED - DataSED - Dataset for Sound Event Detection of environmental noise/SED_wav/S-0354.wav,DataSED - DataSED - Dataset for Sound Event Detection of environmental noise/SED_wav/S-0354.npy,401105,100b81c586ba73b6e52ed0412a38af011345275be209a6e824353ad659241560,16000
datased:DataSED - DataSED - Dataset for Sound Event Detection of environmental noise/SED_wav/S-0355.wav,DataSED - DataSED - Dataset for Sound Event Detection of environmental noise/SED_wav/S-0355.wav,DataSED - DataSED - Dataset for Sound Event Detection of environmental noise/SED_wav/S-0355.npy,1691661,b9036c9453d1d615a6bc0cb8e4c85bc2bd5a1609c6defab93023d564032d2edd,16000
datased:DataSED - DataSED - Dataset for Sound Event Detection of environmental noise/SED_wav/S-0356.wav,DataSED - DataSED - Dataset for Sound Event Detection of environmental noise/SED_wav/S-0356.wav,DataSED - DataSED - Dataset for Sound Event Detection of environmental noise/SED_wav/S-0356.npy,2502082,e1a5c1e80027c79c99254cdd43940ae5ba14d52a457da39a784335df6fae09e0,16000
datased:DataSED - DataSED - Dataset for Sound Event Detection of environmental noise/SED_wav/S-0357.wav,DataSED - DataSED - Dataset for Sound Event Detection of environmental noise/SED_wav/S-0357.wav,DataSED - DataSED - Dataset for Sound Event Detection of environmental noise/SED_wav/S-0357.npy,559469,63ca88dfa210b37a3f5b82a2cce6ce4167fc7d9573cfa73687e71a81000245a8,16000
datased:DataSED - DataSED - Dataset for Sound Event Detection of environmental noise/SED_wav/S-0358.wav,DataSED - DataSED - Dataset for Sound Event Detection of environmental noise/SED_wav/S-0358.wav,DataSED - DataSED - Dataset for Sound Event Detection of environmental noise/SED_wav/S-0358.npy,1803075,7c7bb1487b7d402b8e7c493255cfb9bcdf932ae5c4ab989333db47bbc9ce3b32,16000
datased:DataSED - DataSED - Dataset for Sound Event Detection of environmental noise/SED_wav/S-0359.wav,DataSED - DataSED - Dataset for Sound Event Detection of environmental noise/SED_wav/S-0359.wav,DataSED - DataSED - Dataset for Sound Event Detection of environmental noise/SED_wav/S-0359.npy,1716734,1e2bced559e03fe0f8829454d82622defcd8e75050acac256b15e5ff957c7e0f,16000
datased:DataSED - DataSED - Dataset for Sound Event Detection of environmental noise/SED_wav/S-0360.wav,DataSED - DataSED - Dataset for Sound Event Detection of environmental noise/SED_wav/S-0360.wav,DataSED - DataSED - Dataset for Sound Event Detection of environmental noise/SED_wav/S-0360.npy,368669,fcabf3c43de55d903a2e2acbc29feb638b1d307392483c790bbc49c45729773a,16000
datased:DataSED - DataSED - Dataset for Sound Event Detection of environmental noise/SED_wav/S-0361.wav,DataSED - DataSED - Dataset for Sound Event Detection of environmental noise/SED_wav/S-0361.wav,DataSED - DataSED - Dataset for Sound Event Detection of environmental noise/SED_wav/S-0361.npy,1092871,1a74a9303657853609241539458a215b422e4d46f6c7290e9ba187fd06080083,16000
datased:DataSED - DataSED - Dataset for Sound Event Detection of environmental noise/SED_wav/S-0362.wav,DataSED - DataSED - Dataset for Sound Event Detection of environmental noise/SED_wav/S-0362.wav,DataSED - DataSED - Dataset for Sound Event Detection of environmental noise/SED_wav/S-0362.npy,622948,b48d48184e045fea4f486a920b715e2f088be183717ad05af8064e8acb4e9b8c,16000
datased:DataSED - DataSED - Dataset for Sound Event Detection of environmental noise/SED_wav/S-0363.wav,DataSED - DataSED - Dataset for Sound Event Detection of environmental noise/SED_wav/S-0363.wav,DataSED - DataSED - Dataset for Sound Event Detection of environmental noise/SED_wav/S-0363.npy,1638231,219b253a782c711beaa6d2ff24c00b1343867f019d8d34e62fe88761f62c1c3c,16000
datased:DataSED - DataSED - Dataset for Sound Event Detection of environmental noise/SED_wav/S-0364.wav,DataSED - DataSED - Dataset for Sound Event Detection of environmental noise/SED_wav/S-0364.wav,DataSED - DataSED - Dataset for Sound Event Detection of environmental noise/SED_wav/S-0364.npy,1743473,0772120d6a701977528feb8f9f1ee422635d23b455fb34b3c051a5983006798d,16000
datased:DataSED - DataSED - Dataset for Sound Event Detection of environmental noise/SED_wav/S-0365.wav,DataSED - DataSED - Dataset for Sound Event Detection of environmental noise/SED_wav/S-0365.wav,DataSED - DataSED - Dataset for Sound Event Detection of environmental noise/SED_wav/S-0365.npy,504647,ebfb5db2a9dd04949c96bba4e2021e786030f10feaa10be612de7852bb692e1f,16000
datased:DataSED - DataSED - Dataset for Sound Event Detection of environmental noise/SED_wav/S-0366.wav,DataSED - DataSED - Dataset for Sound Event Detection of environmental noise/SED_wav/S-0366.wav,DataSED - DataSED - Dataset for Sound Event Detection of environmental noise/SED_wav/S-0366.npy,2696770,7ee1ac74f026cbc0e70071c01d240e4da61d3e977ae3002b44a9cf4998933395,16000
datased:DataSED - DataSED - Dataset for Sound Event Detection of environmental noise/SED_wav/S-0367.wav,DataSED - DataSED - Dataset for Sound Event Detection of environmental noise/SED_wav/S-0367.wav,DataSED - DataSED - Dataset for Sound Event Detection of environmental noise/SED_wav/S-0367.npy,1127534,a60e98fee341602e8a789a2d980a8b105fd5f9842e2f7a3848156cd8e3ad82e1,16000
datased:DataSED - DataSED - Dataset for Sound Event Detection of environmental noise/SED_wav/S-0368.wav,DataSED - DataSED - Dataset for Sound Event Detection of environmental noise/SED_wav/S-0368.wav,DataSED - DataSED - Dataset for Sound Event Detection of environmental noise/SED_wav/S-0368.npy,243121,54136fd285c676bae4844f5b5edb91edb6dcf5a1e50126d4a4a4d85d9133aa54,16000
datased:DataSED - DataSED - Dataset for Sound Event Detection of environmental noise/SED_wav/S-0369.wav,DataSED - DataSED - Dataset for Sound Event Detection of environmental noise/SED_wav/S-0369.wav,DataSED - DataSED - Dataset for Sound Event Detection of environmental noise/SED_wav/S-0369.npy,497999,c6765aebe87adade7ae127e46aec2dc6e4c24cb54c6d9ded9978f18a3744a7bb,16000
datased:DataSED - DataSED - Dataset for Sound Event Detection of environmental noise/SED_wav/S-0370.wav,DataSED - DataSED - Dataset for Sound Event Detection of environmental noise/SED_wav/S-0370.wav,DataSED - DataSED - Dataset for Sound Event Detection of environmental noise/SED_wav/S-0370.npy,1311441,a2406d597410179b9f46a140caca11703154db3a32e863f7b1eef2ed4490ad49,16000
datased:DataSED - DataSED - Dataset for Sound Event Detection of environmental noise/SED_wav/S-0371.wav,DataSED - DataSED - Dataset for Sound Event Detection of environmental noise/SED_wav/S-0371.wav,DataSED - DataSED - Dataset for Sound Event Detection of environmental noise/SED_wav/S-0371.npy,1370291,c1cb7265599e6e53a38a1cd41d7c863f1b07b3f2716b856456b7b612112e8cde,16000
datased:DataSED - DataSED - Dataset for Sound Event Detection of environmental noise/SED_wav/S-0372.wav,DataSED - DataSED - Dataset for Sound Event Detection of environmental noise/SED_wav/S-0372.wav,DataSED - DataSED - Dataset for Sound Event Detection of environmental noise/SED_wav/S-0372.npy,238868,88aadb51945eb3c3bc6e127a618ae35b87273d1d2e6d5135b58afc5596ffec04,16000
datased:DataSED - DataSED - Dataset for Sound Event Detection of environmental noise/SED_wav/S-0373.wav,DataSED - DataSED - Dataset for Sound Event Detection of environmental noise/SED_wav/S-0373.wav,DataSED - DataSED - Dataset for Sound Event Detection of environmental noise/SED_wav/S-0373.npy,233640,fbea4908f188007b31db35e633640a48984210c5e930f4050df96851f908ffa2,16000
datased:DataSED - DataSED - Dataset for Sound Event Detection of environmental noise/SED_wav/S-0374.wav,DataSED - DataSED - Dataset for Sound Event Detection of environmental noise/SED_wav/S-0374.wav,DataSED - DataSED - Dataset for Sound Event Detection of environmental noise/SED_wav/S-0374.npy,233302,9d688c12ffe03f647532f25534cc035d58424aedc8fe3cb1e3b791756af22d92,16000
datased:DataSED - DataSED - Dataset for Sound Event Detection of environmental noise/SED_wav/S-0375.wav,DataSED - DataSED - Dataset for Sound Event Detection of environmental noise/SED_wav/S-0375.wav,DataSED - DataSED - Dataset for Sound Event Detection of environmental noise/SED_wav/S-0375.npy,247371,8484ff2af1b875d6780b6c6e95762eefca9d618cf9b2789c5abfc935dc2829d5,16000
datased:DataSED - DataSED - Dataset for Sound Event Detection of environmental noise/SED_wav/S-0376.wav,DataSED - DataSED - Dataset for Sound Event Detection of environmental noise/SED_wav/S-0376.wav,DataSED - DataSED - Dataset for Sound Event Detection of environmental noise/SED_wav/S-0376.npy,53740,8d35404da05e08a04ba269b1e85a819787424fddac6858bd4ab1c2231b9cb7c7,16000
datased:DataSED - DataSED - Dataset for Sound Event Detection of environmental noise/SED_wav/S-0377.wav,DataSED - DataSED - Dataset for Sound Event Detection of environmental noise/SED_wav/S-0377.wav,DataSED - DataSED - Dataset for Sound Event Detection of environmental noise/SED_wav/S-0377.npy,120577,fb8cd15a03fa07f317e2e67f4605446cd0f4283312f0a90dba2ae1c2fd9870ac,16000
datased:DataSED - DataSED - Dataset for Sound Event Detection of environmental noise/SED_wav/S-0378.wav,DataSED - DataSED - Dataset for Sound Event Detection of environmental noise/SED_wav/S-0378.wav,DataSED - DataSED - Dataset for Sound Event Detection of environmental noise/SED_wav/S-0378.npy,36693,f3c0bb9a0333bf19841d75981c19ac70d905e68ea35bdf5106a6cdf00ce357ee,16000
datased:DataSED - DataSED - Dataset for Sound Event Detection of environmental noise/SED_wav/S-0379.wav,DataSED - DataSED - Dataset for Sound Event Detection of environmental noise/SED_wav/S-0379.wav,DataSED - DataSED - Dataset for Sound Event Detection of environmental noise/SED_wav/S-0379.npy,67572,1d98feb7b03768666c642dffa5d7d61cea8b4d7f1f781ef6d9e0fb2bf95f2bcd,16000
datased:DataSED - DataSED - Dataset for Sound Event Detection of environmental noise/SED_wav/S-0380.wav,DataSED - DataSED - Dataset for Sound Event Detection of environmental noise/SED_wav/S-0380.wav,DataSED - DataSED - Dataset for Sound Event Detection of environmental noise/SED_wav/S-0380.npy,393377,0db79133ccb1329c01526bb8c699dd7506a142b5f3d12363c90485c2f192fe89,16000
datased:DataSED - DataSED - Dataset for Sound Event Detection of environmental noise/SED_wav/S-0381.wav,DataSED - DataSED - Dataset for Sound Event Detection of environmental noise/SED_wav/S-0381.wav,DataSED - DataSED - Dataset for Sound Event Detection of environmental noise/SED_wav/S-0381.npy,1376128,0fbd34e9a53852494495fa44f5b29f564c3836a80f346f8f82603a5fc655c774,16000
datased:DataSED - DataSED - Dataset for Sound Event Detection of environmental noise/SED_wav/S-0382.wav,DataSED - DataSED - Dataset for Sound Event Detection of environmental noise/SED_wav/S-0382.wav,DataSED - DataSED - Dataset for Sound Event Detection of environmental noise/SED_wav/S-0382.npy,1855460,1532086ad8a365cfe9dc6d3af97e9482bdf771486a0881dd78fab580db2c9c33,16000
datased:DataSED - DataSED - Dataset for Sound Event Detection of environmental noise/SED_wav/S-0383.wav,DataSED - DataSED - Dataset for Sound Event Detection of environmental noise/SED_wav/S-0383.wav,DataSED - DataSED - Dataset for Sound Event Detection of environmental noise/SED_wav/S-0383.npy,71774,246ea1726df2e6df61237dea623e2edc393b86f2a9bcfa341c05a3f3db0fb046,16000
datased:DataSED - DataSED - Dataset for Sound Event Detection of environmental noise/SED_wav/S-0384.wav,DataSED - DataSED - Dataset for Sound Event Detection of environmental noise/SED_wav/S-0384.wav,DataSED - DataSED - Dataset for Sound Event Detection of environmental noise/SED_wav/S-0384.npy,1730197,b66b9d3ccb19c6b98aecb5efffd635abeaf7b3ef6c4ea234bbe8c06e63116c49,16000
datased:DataSED - DataSED - Dataset for Sound Event Detection of environmental noise/SED_wav/S-0385.wav,DataSED - DataSED - Dataset for Sound Event Detection of environmental noise/SED_wav/S-0385.wav,DataSED - DataSED - Dataset for Sound Event Detection of environmental noise/SED_wav/S-0385.npy,1686090,cbddb8f63558e569463cf59552bed209cc6fe2f025135ccb48518c971142b261,16000
datased:DataSED - DataSED - Dataset for Sound Event Detection of environmental noise/SED_wav/S-0386.wav,DataSED - DataSED - Dataset for Sound Event Detection of environmental noise/SED_wav/S-0386.wav,DataSED - DataSED - Dataset for Sound Event Detection of environmental noise/SED_wav/S-0386.npy,1702665,94395e3f91cc17acbc8074b56f4c0eb253650af3209824105717cfa1695198de,16000
datased:DataSED - DataSED - Dataset for Sound Event Detection of environmental noise/SED_wav/S-0387.wav,DataSED - DataSED - Dataset for Sound Event Detection of environmental noise/SED_wav/S-0387.wav,DataSED - DataSED - Dataset for Sound Event Detection of environmental noise/SED_wav/S-0387.npy,1382792,a48da0f0242188120fa26ae8218dcfc45e93008d2bc2ad480c0107b5ae68cdc2,16000
datased:DataSED - DataSED - Dataset for Sound Event Detection of environmental noise/SED_wav/S-0388.wav,DataSED - DataSED - Dataset for Sound Event Detection of environmental noise/SED_wav/S-0388.wav,DataSED - DataSED - Dataset for Sound Event Detection of environmental noise/SED_wav/S-0388.npy,1716823,86fa4568c6faf5c0d50d0d1596d77d0946878fa25d4c40dc9e8a0bd6fb4ba57f,16000
datased:DataSED - DataSED - Dataset for Sound Event Detection of environmental noise/SED_wav/S-0389.wav,DataSED - DataSED - Dataset for Sound Event Detection of environmental noise/SED_wav/S-0389.wav,DataSED - DataSED - Dataset for Sound Event Detection of environmental noise/SED_wav/S-0389.npy,926104,d48017a4a7b45787c76cb01830b7895606beb7c99e47090d1c9dc9110f973ede,16000
datased:DataSED - DataSED - Dataset for Sound Event Detection of environmental noise/SED_wav/S-0390.wav,DataSED - DataSED - Dataset for Sound Event Detection of environmental noise/SED_wav/S-0390.wav,DataSED - DataSED - Dataset for Sound Event Detection of environmental noise/SED_wav/S-0390.npy,192582,2afd345a07c6475447eba93342bea17917a3c87563d06aab452b24a000aedf51,16000
datased:DataSED - DataSED - Dataset for Sound Event Detection of environmental noise/SED_wav/S-0391.wav,DataSED - DataSED - Dataset for Sound Event Detection of environmental noise/SED_wav/S-0391.wav,DataSED - DataSED - Dataset for Sound Event Detection of environmental noise/SED_wav/S-0391.npy,93766,acb7fa53e6522a9b7e719fad3e338e881aadfa7711eb0417a6e3bab26111d3c9,16000
datased:DataSED - DataSED - Dataset for Sound Event Detection of environmental noise/SED_wav/S-0392.wav,DataSED - DataSED - Dataset for Sound Event Detection of environmental noise/SED_wav/S-0392.wav,DataSED - DataSED - Dataset for Sound Event Detection of environmental noise/SED_wav/S-0392.npy,1293776,897646f062f38f9da1353f0628a95d857e239a8ce69a6c4c64e7ac29d194d0ca,16000
datased:DataSED - DataSED - Dataset for Sound Event Detection of environmental noise/SED_wav/S-0393.wav,DataSED - DataSED - Dataset for Sound Event Detection of environmental noise/SED_wav/S-0393.wav,DataSED - DataSED - Dataset for Sound Event Detection of environmental noise/SED_wav/S-0393.npy,827616,cfa7aea338d6ca39b6048bef09cc2ff6f050f38413c5a78ff6b6a0a800687332,16000
datased:DataSED - DataSED - Dataset for Sound Event Detection of environmental noise/SED_wav/S-0394.wav,DataSED - DataSED - Dataset for Sound Event Detection of environmental noise/SED_wav/S-0394.wav,DataSED - DataSED - Dataset for Sound Event Detection of environmental noise/SED_wav/S-0394.npy,206976,f5aeeea87bd9d76ff665e1a175b408bd00a39b4b90222fcca02300ef196dd736,16000
datased:DataSED - DataSED - Dataset for Sound Event Detection of environmental noise/SED_wav/S-0395.wav,DataSED - DataSED - Dataset for Sound Event Detection of environmental noise/SED_wav/S-0395.wav,DataSED - DataSED - Dataset for Sound Event Detection of environmental noise/SED_wav/S-0395.npy,2960936,3f23029c81d2761f88a0de276fd32980a7dd1292924003f4a852f6ac8e0ba216,16000
datased:DataSED - DataSED - Dataset for Sound Event Detection of environmental noise/SED_wav/S-0396.wav,DataSED - DataSED - Dataset for Sound Event Detection of environmental noise/SED_wav/S-0396.wav,DataSED - DataSED - Dataset for Sound Event Detection of environmental noise/SED_wav/S-0396.npy,3360428,a04dd771ce05624e34b783b5f69eda09544dfa92b754646fa883b7e5c29abd19,16000
datased:DataSED - DataSED - Dataset for Sound Event Detection of environmental noise/SED_wav/S-0397.wav,DataSED - DataSED - Dataset for Sound Event Detection of environmental noise/SED_wav/S-0397.wav,DataSED - DataSED - Dataset for Sound Event Detection of environmental noise/SED_wav/S-0397.npy,1991583,0e7dbe1154d87c520e55a70806c7bb1f412d5ff94cdaa5fd20e2becf9335cf39,16000
datased:DataSED - DataSED - Dataset for Sound Event Detection of environmental noise/SED_wav/S-0398.wav,DataSED - DataSED - Dataset for Sound Event Detection of environmental noise/SED_wav/S-0398.wav,DataSED - DataSED - Dataset for Sound Event Detection of environmental noise/SED_wav/S-0398.npy,2007259,6c1f89282418a7ae514fdef70e71f07075ad22a83e6413b1c0dd198fab83848a,16000
datased:DataSED - DataSED - Dataset for Sound Event Detection of environmental noise/SED_wav/S-0399.wav,DataSED - DataSED - Dataset for Sound Event Detection of environmental noise/SED_wav/S-0399.wav,DataSED - DataSED - Dataset for Sound Event Detection of environmental noise/SED_wav/S-0399.npy,3258601,e619f5b63d481d7f6d002f599229e64380dae563ada308fb25df6445b54a2973,16000
datased:DataSED - DataSED - Dataset for Sound Event Detection of environmental noise/SED_wav/S-0400.wav,DataSED - DataSED - Dataset for Sound Event Detection of environmental noise/SED_wav/S-0400.wav,DataSED - DataSED - Dataset for Sound Event Detection of environmental noise/SED_wav/S-0400.npy,1956053,2a0c1fdd2c9725e6733bde7a894aac78a03dd310c219f987b1360902e54a1aab,16000
datased:DataSED - DataSED - Dataset for Sound Event Detection of environmental noise/SED_wav/S-0401.wav,DataSED - DataSED - Dataset for Sound Event Detection of environmental noise/SED_wav/S-0401.wav,DataSED - DataSED - Dataset for Sound Event Detection of environmental noise/SED_wav/S-0401.npy,759331,0368df217f1c17a6ea900c10506e77abd0e3c2a3f15197e8dda8d444d39104bd,16000
datased:DataSED - DataSED - Dataset for Sound Event Detection of environmental noise/SED_wav/S-0402.wav,DataSED - DataSED - Dataset for Sound Event Detection of environmental noise/SED_wav/S-0402.wav,DataSED - DataSED - Dataset for Sound Event Detection of environmental noise/SED_wav/S-0402.npy,1697775,b903266bb9cd4543f8cc200b97afcb57dc7e113d6c890499fcb726569e4aac39,16000
datased:DataSED - DataSED - Dataset for Sound Event Detection of environmental noise/SED_wav/S-0403.wav,DataSED - DataSED - Dataset for Sound Event Detection of environmental noise/SED_wav/S-0403.wav,DataSED - DataSED - Dataset for Sound Event Detection of environmental noise/SED_wav/S-0403.npy,1367313,e33d129caf18055bd60bd5c4c87650d93ebd2c2083c1552c200e3236d6958ff9,16000
datased:DataSED - DataSED - Dataset for Sound Event Detection of environmental noise/SED_wav/S-0404.wav,DataSED - DataSED - Dataset for Sound Event Detection of environmental noise/SED_wav/S-0404.wav,DataSED - DataSED - Dataset for Sound Event Detection of environmental noise/SED_wav/S-0404.npy,1069967,e5708a68db655ee08a83f17c921188dc203873a531998a61a88a6338f5ed9295,16000
datased:DataSED - DataSED - Dataset for Sound Event Detection of environmental noise/SED_wav/S-0405.wav,DataSED - DataSED - Dataset for Sound Event Detection of environmental noise/SED_wav/S-0405.wav,DataSED - DataSED - Dataset for Sound Event Detection of environmental noise/SED_wav/S-0405.npy,183713,dc5e29b679e7e9369f3a5bcfe970f5f0f06ae27b9b7d8d5dd21e65b9a247dbc1,16000
datased:DataSED - DataSED - Dataset for Sound Event Detection of environmental noise/SED_wav/S-0406.wav,DataSED - DataSED - Dataset for Sound Event Detection of environmental noise/SED_wav/S-0406.wav,DataSED - DataSED - Dataset for Sound Event Detection of environmental noise/SED_wav/S-0406.npy,2080627,0b0936abf9560c28e6ebf282d1c1a4baf26af180e723b71729979f1fd96b5e01,16000
datased:DataSED - DataSED - Dataset for Sound Event Detection of environmental noise/SED_wav/S-0407.wav,DataSED - DataSED - Dataset for Sound Event Detection of environmental noise/SED_wav/S-0407.wav,DataSED - DataSED - Dataset for Sound Event Detection of environmental noise/SED_wav/S-0407.npy,2114833,98014d3835087ea34a2ae52a7479d4fae40f008502e6608c177f1eba0073357d,16000
datased:DataSED - DataSED - Dataset for Sound Event Detection of environmental noise/SED_wav/S-0408.wav,DataSED - DataSED - Dataset for Sound Event Detection of environmental noise/SED_wav/S-0408.wav,DataSED - DataSED - Dataset for Sound Event Detection of environmental noise/SED_wav/S-0408.npy,2243350,c47b06b223fe858052b73c36a33235e40d45ed42caab76867b84727bcc0c4759,16000
datased:DataSED - DataSED - Dataset for Sound Event Detection of environmental noise/SED_wav/S-0409.wav,DataSED - DataSED - Dataset for Sound Event Detection of environmental noise/SED_wav/S-0409.wav,DataSED - DataSED - Dataset for Sound Event Detection of environmental noise/SED_wav/S-0409.npy,2784690,279ef14b3bb0d9487a32d706733f7405960a4d072d1de7480aefda4f29483e1b,16000
datased:DataSED - DataSED - Dataset for Sound Event Detection of environmental noise/SED_wav/S-0410.wav,DataSED - DataSED - Dataset for Sound Event Detection of environmental noise/SED_wav/S-0410.wav,DataSED - DataSED - Dataset for Sound Event Detection of environmental noise/SED_wav/S-0410.npy,2673068,cc453343fb37dc7dc6bcc50f9c0a6fe5f9d21f660179a5ac95f4f84ae688deec,16000
datased:DataSED - DataSED - Dataset for Sound Event Detection of environmental noise/SED_wav/S-0411.wav,DataSED - DataSED - Dataset for Sound Event Detection of environmental noise/SED_wav/S-0411.wav,DataSED - DataSED - Dataset for Sound Event Detection of environmental noise/SED_wav/S-0411.npy,2855189,13018290a5f29f86c966e80c69bf4319e548270068c237e901880cfb0136d67f,16000
datased:DataSED - DataSED - Dataset for Sound Event Detection of environmental noise/SED_wav/S-0412.wav,DataSED - DataSED - Dataset for Sound Event Detection of environmental noise/SED_wav/S-0412.wav,DataSED - DataSED - Dataset for Sound Event Detection of environmental noise/SED_wav/S-0412.npy,2426323,2717f7c17f37b11a6d1a56bb0c01007ef101c12c561c71d66c7290d75c69771c,16000
datased:DataSED - DataSED - Dataset for Sound Event Detection of environmental noise/SED_wav/S-0413.wav,DataSED - DataSED - Dataset for Sound Event Detection of environmental noise/SED_wav/S-0413.wav,DataSED - DataSED - Dataset for Sound Event Detection of environmental noise/SED_wav/S-0413.npy,1909334,8bd1bd111eb51d8929a1d2f04b98b6972edb16771582caffcf0090b02e7e6bbe,16000
datased:DataSED - DataSED - Dataset for Sound Event Detection of environmental noise/SED_wav/S-0414.wav,DataSED - DataSED - Dataset for Sound Event Detection of environmental noise/SED_wav/S-0414.wav,DataSED - DataSED - Dataset for Sound Event Detection of environmental noise/SED_wav/S-0414.npy,3090184,ef5bb51c21a0accf36530eb8002715b0f55da5c66ca54fad0094da040f9eed7c,16000
datased:DataSED - DataSED - Dataset for Sound Event Detection of environmental noise/SED_wav/S-0415.wav,DataSED - DataSED - Dataset for Sound Event Detection of environmental noise/SED_wav/S-0415.wav,DataSED - DataSED - Dataset for Sound Event Detection of environmental noise/SED_wav/S-0415.npy,2619879,0196502cd057d9a825b5a5af733f850410fc7f77fc06885aaae5790bcc94e607,16000
datased:DataSED - DataSED - Dataset for Sound Event Detection of environmental noise/SED_wav/S-0416.wav,DataSED - DataSED - Dataset for Sound Event Detection of environmental noise/SED_wav/S-0416.wav,DataSED - DataSED - Dataset for Sound Event Detection of environmental noise/SED_wav/S-0416.npy,1409971,5efe7207b30b530b0618e6202999c73d65cabbd39d9d76e92bc96df88c8e33eb,16000
datased:DataSED - DataSED - Dataset for Sound Event Detection of environmental noise/SED_wav/S-0417.wav,DataSED - DataSED - Dataset for Sound Event Detection of environmental noise/SED_wav/S-0417.wav,DataSED - DataSED - Dataset for Sound Event Detection of environmental noise/SED_wav/S-0417.npy,1268973,fb52f78256bb7e9de3200a5abbeb7acdfaff4cd15f4ab24b55a5083a60c97c3d,16000
datased:DataSED - DataSED - Dataset for Sound Event Detection of environmental noise/SED_wav/S-0418.wav,DataSED - DataSED - Dataset for Sound Event Detection of environmental noise/SED_wav/S-0418.wav,DataSED - DataSED - Dataset for Sound Event Detection of environmental noise/SED_wav/S-0418.npy,1903460,293166c2162c372f024ba1e159450d0a29b6b987f52674b763de46de292b9345,16000
datased:DataSED - DataSED - Dataset for Sound Event Detection of environmental noise/SED_wav/S-0419.wav,DataSED - DataSED - Dataset for Sound Event Detection of environmental noise/SED_wav/S-0419.wav,DataSED - DataSED - Dataset for Sound Event Detection of environmental noise/SED_wav/S-0419.npy,2438073,42722760a9d6add51648d6cc4eb5e198d6651048f3814fa6abd22f54c21b5121,16000
datased:DataSED - DataSED - Dataset for Sound Event Detection of environmental noise/SED_wav/S-0420.wav,DataSED - DataSED - Dataset for Sound Event Detection of environmental noise/SED_wav/S-0420.wav,DataSED - DataSED - Dataset for Sound Event Detection of environmental noise/SED_wav/S-0420.npy,1186725,f3d2ecdf3b894d8ccaa338d9f9179adbca7d62dd7b0016cc5a181ac3a083fb4d,16000
datased:DataSED - DataSED - Dataset for Sound Event Detection of environmental noise/SED_wav/S-0421.wav,DataSED - DataSED - Dataset for Sound Event Detection of environmental noise/SED_wav/S-0421.wav,DataSED - DataSED - Dataset for Sound Event Detection of environmental noise/SED_wav/S-0421.npy,963480,8fd0c4eacc8c28bcfa0c47313888c0d31ee2d35e90f6097140e97e1ff93031b8,16000
datased:DataSED - DataSED - Dataset for Sound Event Detection of environmental noise/SED_wav/S-0422.wav,DataSED - DataSED - Dataset for Sound Event Detection of environmental noise/SED_wav/S-0422.wav,DataSED - DataSED - Dataset for Sound Event Detection of environmental noise/SED_wav/S-0422.npy,2091455,89c00d8cdd8dd5483a8df25e50cbb166ed0652db7b6de01bc6496d93fcfe1d6e,16000
datased:DataSED - DataSED - Dataset for Sound Event Detection of environmental noise/SED_wav/S-0423.wav,DataSED - DataSED - Dataset for Sound Event Detection of environmental noise/SED_wav/S-0423.wav,DataSED - DataSED - Dataset for Sound Event Detection of environmental noise/SED_wav/S-0423.npy,2220702,f26fe0b530a2bea114126a6dced25d03cb3b42921c440e58bc98c41b2b6c77bc,16000
datased:DataSED - DataSED - Dataset for Sound Event Detection of environmental noise/SED_wav/S-0424.wav,DataSED - DataSED - Dataset for Sound Event Detection of environmental noise/SED_wav/S-0424.wav,DataSED - DataSED - Dataset for Sound Event Detection of environmental noise/SED_wav/S-0424.npy,2015083,42f56a0993062d4b2e16af4937928d4b797d6a71e6757f41d3894e42392f86ca,16000
datased:DataSED - DataSED - Dataset for Sound Event Detection of environmental noise/SED_wav/S-0425.wav,DataSED - DataSED - Dataset for Sound Event Detection of environmental noise/SED_wav/S-0425.wav,DataSED - DataSED - Dataset for Sound Event Detection of environmental noise/SED_wav/S-0425.npy,2960936,71466e57cd1f52614a411ea2ac68d04b0fe4d9af7b98e149fad802f1fc3cd0fc,16000
datased:DataSED - DataSED - Dataset for Sound Event Detection of environmental noise/SED_wav/S-0426.wav,DataSED - DataSED - Dataset for Sound Event Detection of environmental noise/SED_wav/S-0426.wav,DataSED - DataSED - Dataset for Sound Event Detection of environmental noise/SED_wav/S-0426.npy,2467446,f56a1f8d94ccaa4bc780bd2db0556fd1648a71e7ba293c7824a508d317386110,16000
datased:DataSED - DataSED - Dataset for Sound Event Detection of environmental noise/SED_wav/S-0427.wav,DataSED - DataSED - Dataset for Sound Event Detection of environmental noise/SED_wav/S-0427.wav,DataSED - DataSED - Dataset for Sound Event Detection of environmental noise/SED_wav/S-0427.npy,1533342,1d1ba5db32827d51121be03a501764fdbb39cf5676188ea284031771e64d9511,16000
datased:DataSED - DataSED - Dataset for Sound Event Detection of environmental noise/SED_wav/S-0428.wav,DataSED - DataSED - Dataset for Sound Event Detection of environmental noise/SED_wav/S-0428.wav,DataSED - DataSED - Dataset for Sound Event Detection of environmental noise/SED_wav/S-0428.npy,2238327,68897ce0475a30772836d31bccf08fa834d27a2a5d9ad8b1b143be721aaad309,16000
datased:DataSED - DataSED - Dataset for Sound Event Detection of environmental noise/SED_wav/S-0429.wav,DataSED - DataSED - Dataset for Sound Event Detection of environmental noise/SED_wav/S-0429.wav,DataSED - DataSED - Dataset for Sound Event Detection of environmental noise/SED_wav/S-0429.npy,857732,cd81a26fe2e1d550a9ac5a731062fd1c00dc8c67ea5c641bbafdd75567ca862d,16000
datased:DataSED - DataSED - Dataset for Sound Event Detection of environmental noise/SED_wav/S-0430.wav,DataSED - DataSED - Dataset for Sound Event Detection of environmental noise/SED_wav/S-0430.wav,DataSED - DataSED - Dataset for Sound Event Detection of environmental noise/SED_wav/S-0430.npy,3057132,004b42742b5b9018e342c03ebb5590626c0bfbd8827ae3ec0ad93c064722695f,16000
datased:DataSED - DataSED - Dataset for Sound Event Detection of environmental noise/SED_wav/S-0431.wav,DataSED - DataSED - Dataset for Sound Event Detection of environmental noise/SED_wav/S-0431.wav,DataSED - DataSED - Dataset for Sound Event Detection of environmental noise/SED_wav/S-0431.npy,810733,07770321b686f5465c70f203bdcecd1d08d5660118b1635ed8fbfecee9d3570e,16000
datased:DataSED - DataSED - Dataset for Sound Event Detection of environmental noise/SED_wav/S-0432.wav,DataSED - DataSED - Dataset for Sound Event Detection of environmental noise/SED_wav/S-0432.wav,DataSED - DataSED - Dataset for Sound Event Detection of environmental noise/SED_wav/S-0432.npy,635520,71ea986aea73695a84a8ea86a00d89761739e1413923bf50e361278df64766f1,16000
datased:DataSED - DataSED - Dataset for Sound Event Detection of environmental noise/SED_wav/S-0433.wav,DataSED - DataSED - Dataset for Sound Event Detection of environmental noise/SED_wav/S-0433.wav,DataSED - DataSED - Dataset for Sound Event Detection of environmental noise/SED_wav/S-0433.npy,3176682,9b56a24f3d024646e8cf56523a1d2512a3a7ee2b3e1ae6dd6554e3a0da54f948,16000
datased:DataSED - DataSED - Dataset for Sound Event Detection of environmental noise/SED_wav/S-0434.wav,DataSED - DataSED - Dataset for Sound Event Detection of environmental noise/SED_wav/S-0434.wav,DataSED - DataSED - Dataset for Sound Event Detection of environmental noise/SED_wav/S-0434.npy,1821211,71aa48530d4c5ba68adc268be70f33aa392629413aef86bed4d037185dddaa94,16000
datased:DataSED - DataSED - Dataset for Sound Event Detection of environmental noise/SED_wav/S-0435.wav,DataSED - DataSED - Dataset for Sound Event Detection of environmental noise/SED_wav/S-0435.wav,DataSED - DataSED - Dataset for Sound Event Detection of environmental noise/SED_wav/S-0435.npy,195840,8dfa86520ed08c2f5ad781565ec7fd677a8b621928cafa6c7cba777596935f44,16000
datased:DataSED - DataSED - Dataset for Sound Event Detection of environmental noise/SED_wav/S-0436.wav,DataSED - DataSED - Dataset for Sound Event Detection of environmental noise/SED_wav/S-0436.wav,DataSED - DataSED - Dataset for Sound Event Detection of environmental noise/SED_wav/S-0436.npy,1279409,6482073531fea81693656aa1c83ec3e584283fd5141c5fff0a89f8f8b9155752,16000
datased:DataSED - DataSED - Dataset for Sound Event Detection of environmental noise/SED_wav/S-0437.wav,DataSED - DataSED - Dataset for Sound Event Detection of environmental noise/SED_wav/S-0437.wav,DataSED - DataSED - Dataset for Sound Event Detection of environmental noise/SED_wav/S-0437.npy,1985708,44f96a99e77834c9946d3d271f6eac83961a63d741fc4bfa8baadcda4d6f8865,16000
datased:DataSED - DataSED - Dataset for Sound Event Detection of environmental noise/SED_wav/S-0438.wav,DataSED - DataSED - Dataset for Sound Event Detection of environmental noise/SED_wav/S-0438.wav,DataSED - DataSED - Dataset for Sound Event Detection of environmental noise/SED_wav/S-0438.npy,188586,24ca26b865247f9bd2c5cc37730a5e62382cf037fafa0e72c71fa97684c16be8,16000
datased:DataSED - DataSED - Dataset for Sound Event Detection of environmental noise/SED_wav/S-0439.wav,DataSED - DataSED - Dataset for Sound Event Detection of environmental noise/SED_wav/S-0439.wav,DataSED - DataSED - Dataset for Sound Event Detection of environmental noise/SED_wav/S-0439.npy,1407083,309117e51e70afeb4cb03e329a516dcf684381a05496528fab36d51bfed11f30,16000
datased:DataSED - DataSED - Dataset for Sound Event Detection of environmental noise/SED_wav/S-0440.wav,DataSED - DataSED - Dataset for Sound Event Detection of environmental noise/SED_wav/S-0440.wav,DataSED - DataSED - Dataset for Sound Event Detection of environmental noise/SED_wav/S-0440.npy,1787077,70f9acb0c11f6ec63cd87914c34b6e1c5b81bdc61995699706aad05676890520,16000
datased:DataSED - DataSED - Dataset for Sound Event Detection of environmental noise/SED_wav/S-0441.wav,DataSED - DataSED - Dataset for Sound Event Detection of environmental noise/SED_wav/S-0441.wav,DataSED - DataSED - Dataset for Sound Event Detection of environmental noise/SED_wav/S-0441.npy,125440,7d0ec38fa56fc6c52ba3b3be36f15fe9144b693f4e921ae88f72de530a35604e,16000
datased:DataSED - DataSED - Dataset for Sound Event Detection of environmental noise/SED_wav/S-0442.wav,DataSED - DataSED - Dataset for Sound Event Detection of environmental noise/SED_wav/S-0442.wav,DataSED - DataSED - Dataset for Sound Event Detection of environmental noise/SED_wav/S-0442.npy,108956,846a46eb463e9d9328f09bae7e3c985fd7c179ca6ababbc1c3df751cee9cccef,16000
datased:DataSED - DataSED - Dataset for Sound Event Detection of environmental noise/SED_wav/S-0443.wav,DataSED - DataSED - Dataset for Sound Event Detection of environmental noise/SED_wav/S-0443.wav,DataSED - DataSED - Dataset for Sound Event Detection of environmental noise/SED_wav/S-0443.npy,1794926,1be3201476b1eb60651919d0259f08b71d7537f85afe773d56b2139b8799509e,16000
datased:DataSED - DataSED - Dataset for Sound Event Detection of environmental noise/SED_wav/S-0444.wav,DataSED - DataSED - Dataset for Sound Event Detection of environmental noise/SED_wav/S-0444.wav,DataSED - DataSED - Dataset for Sound Event Detection of environmental noise/SED_wav/S-0444.npy,2216229,1627c94c5d676783688e88c33ddcaf3eae95e7db526e86733937cc7bf665b931,16000
datased:DataSED - DataSED - Dataset for Sound Event Detection of environmental noise/SED_wav/S-0445.wav,DataSED - DataSED - Dataset for Sound Event Detection of environmental noise/SED_wav/S-0445.wav,DataSED - DataSED - Dataset for Sound Event Detection of environmental noise/SED_wav/S-0445.npy,1961692,d5002cbf24095f861327debcb8cc824c65eabb9d3cd5fb30ffaa549c05291171,16000
datased:DataSED - DataSED - Dataset for Sound Event Detection of environmental noise/SED_wav/S-0446.wav,DataSED - DataSED - Dataset for Sound Event Detection of environmental noise/SED_wav/S-0446.wav,DataSED - DataSED - Dataset for Sound Event Detection of environmental noise/SED_wav/S-0446.npy,1295278,8b7d4dbd6e18d424d9c3415abe932eee5ffe035499061108dabf83c3ca38c917,16000
datased:DataSED - DataSED - Dataset for Sound Event Detection of environmental noise/SED_wav/S-0447.wav,DataSED - DataSED - Dataset for Sound Event Detection of environmental noise/SED_wav/S-0447.wav,DataSED - DataSED - Dataset for Sound Event Detection of environmental noise/SED_wav/S-0447.npy,1979246,7afc09a4b2d332f7e6763a42f01af16ceb7653ef0ad3cbb88669961092b83454,16000
datased:DataSED - DataSED - Dataset for Sound Event Detection of environmental noise/SED_wav/S-0448.wav,DataSED - DataSED - Dataset for Sound Event Detection of environmental noise/SED_wav/S-0448.wav,DataSED - DataSED - Dataset for Sound Event Detection of environmental noise/SED_wav/S-0448.npy,1430400,4146ee2c6130b94f9d262ac4fdfaeb79db5016a6d390081f302bfc11803aab81,16000
datased:DataSED - DataSED - Dataset for Sound Event Detection of environmental noise/SED_wav/S-0449.wav,DataSED - DataSED - Dataset for Sound Event Detection of environmental noise/SED_wav/S-0449.wav,DataSED - DataSED - Dataset for Sound Event Detection of environmental noise/SED_wav/S-0449.npy,1596004,cda77dc8118fd22221fefdcf02ec6dc9cdd94157d1348870487d7e737c286131,16000
datased:DataSED - DataSED - Dataset for Sound Event Detection of environmental noise/SED_wav/S-0450.wav,DataSED - DataSED - Dataset for Sound Event Detection of environmental noise/SED_wav/S-0450.wav,DataSED - DataSED - Dataset for Sound Event Detection of environmental noise/SED_wav/S-0450.npy,1917806,f5671381c364fffcdc146639b1c3480e3b0ef5c9dbce28b4cf690c88de966bce,16000
datased:DataSED - DataSED - Dataset for Sound Event Detection of environmental noise/SED_wav/S-0451.wav,DataSED - DataSED - Dataset for Sound Event Detection of environmental noise/SED_wav/S-0451.wav,DataSED - DataSED - Dataset for Sound Event Detection of environmental noise/SED_wav/S-0451.npy,1329494,f7f65c0c7d48fb75f828f86842cc5aa621ba48824adb304bc7745ef137c55e6b,16000
datased:DataSED - DataSED - Dataset for Sound Event Detection of environmental noise/SED_wav/S-0452.wav,DataSED - DataSED - Dataset for Sound Event Detection of environmental noise/SED_wav/S-0452.wav,DataSED - DataSED - Dataset for Sound Event Detection of environmental noise/SED_wav/S-0452.npy,1961046,8f483b85c800585fcec37f14c882ccc25f7e892aa1e3c2ada77ff79e63bfc2ed,16000
datased:DataSED - DataSED - Dataset for Sound Event Detection of environmental noise/SED_wav/S-0453.wav,DataSED - DataSED - Dataset for Sound Event Detection of environmental noise/SED_wav/S-0453.wav,DataSED - DataSED - Dataset for Sound Event Detection of environmental noise/SED_wav/S-0453.npy,1639169,62cb0b9cc2aef3ac76436cc9cae3828ec142dd46638057a0799db03e3c34e04f,16000
datased:DataSED - DataSED - Dataset for Sound Event Detection of environmental noise/SED_wav/S-0454.wav,DataSED - DataSED - Dataset for Sound Event Detection of environmental noise/SED_wav/S-0454.wav,DataSED - DataSED - Dataset for Sound Event Detection of environmental noise/SED_wav/S-0454.npy,1916770,b861dfbbb34ce6436779de585ff5cf057b431454a058c2e9f649b322f15166f5,16000
datased:DataSED - DataSED - Dataset for Sound Event Detection of environmental noise/SED_wav/S-0455.wav,DataSED - DataSED - Dataset for Sound Event Detection of environmental noise/SED_wav/S-0455.wav,DataSED - DataSED - Dataset for Sound Event Detection of environmental noise/SED_wav/S-0455.npy,210652,9fbacd1678f7c5599b5a86637c773b3bfbe097caa8df4442b3b7915f4fda3a64,16000
datased:DataSED - DataSED - Dataset for Sound Event Detection of environmental noise/SED_wav/S-0456.wav,DataSED - DataSED - Dataset for Sound Event Detection of environmental noise/SED_wav/S-0456.wav,DataSED - DataSED - Dataset for Sound Event Detection of environmental noise/SED_wav/S-0456.npy,2983040,c06795b869fda4f88af22ece8a0c413d378273ee3c48e8eb4d3bbc2f9ea7c282,16000
datased:DataSED - DataSED - Dataset for Sound Event Detection of environmental noise/SED_wav/S-0457.wav,DataSED - DataSED - Dataset for Sound Event Detection of environmental noise/SED_wav/S-0457.wav,DataSED - DataSED - Dataset for Sound Event Detection of environmental noise/SED_wav/S-0457.npy,2584107,4b40480d56fd03658a02ef0a4488f5a7af4d456721d4d5f00fda96507cf95913,16000
datased:DataSED - DataSED - Dataset for Sound Event Detection of environmental noise/SED_wav/S-0458.wav,DataSED - DataSED - Dataset for Sound Event Detection of environmental noise/SED_wav/S-0458.wav,DataSED - DataSED - Dataset for Sound Event Detection of environmental noise/SED_wav/S-0458.npy,3049771,5a6a9cffbe220d92b62a4fddf2658c1b9b04b950f06df61d455f10479f9a5afd,16000
datased:DataSED - DataSED - Dataset for Sound Event Detection of environmental noise/SED_wav/S-0459.wav,DataSED - DataSED - Dataset for Sound Event Detection of environmental noise/SED_wav/S-0459.wav,DataSED - DataSED - Dataset for Sound Event Detection of environmental noise/SED_wav/S-0459.npy,168534,fac9d4d633d842a2fca70df6942774c6f9f589f4cd0c5ab33c56591cc2939403,16000
datased:DataSED - DataSED - Dataset for Sound Event Detection of environmental noise/SED_wav/S-0460.wav,DataSED - DataSED - Dataset for Sound Event Detection of environmental noise/SED_wav/S-0460.wav,DataSED - DataSED - Dataset for Sound Event Detection of environmental noise/SED_wav/S-0460.npy,1746956,d7874d74b4d0c0ae8c1ba3c45b2cbef25e747a4a22f490c3c29d1af674b340f0,16000
datased:DataSED - DataSED - Dataset for Sound Event Detection of environmental noise/SED_wav/S-0461.wav,DataSED - DataSED - Dataset for Sound Event Detection of environmental noise/SED_wav/S-0461.wav,DataSED - DataSED - Dataset for Sound Event Detection of environmental noise/SED_wav/S-0461.npy,1700057,bc13a1054eae3c2dccdf81fdcbb7b8fe750d11a5961cb9d88e13e83ab32b6281,16000
datased:DataSED - DataSED - Dataset for Sound Event Detection of environmental noise/SED_wav/S-0462.wav,DataSED - DataSED - Dataset for Sound Event Detection of environmental noise/SED_wav/S-0462.wav,DataSED - DataSED - Dataset for Sound Event Detection of environmental noise/SED_wav/S-0462.npy,1923511,51ff909f92067c4ef802345dcc743bd5a36bfc360b208ee8eb3538a475eb2e80,16000
datased:DataSED - DataSED - Dataset for Sound Event Detection of environmental noise/SED_wav/S-0463.wav,DataSED - DataSED - Dataset for Sound Event Detection of environmental noise/SED_wav/S-0463.wav,DataSED - DataSED - Dataset for Sound Event Detection of environmental noise/SED_wav/S-0463.npy,1923391,ad4bbfceab2c41f045a5ddad7f3268ad950f6aeb680dad7e63d4a8ff96358fd8,16000
datased:DataSED - DataSED - Dataset for Sound Event Detection of environmental noise/SED_wav/S-0464.wav,DataSED - DataSED - Dataset for Sound Event Detection of environmental noise/SED_wav/S-0464.wav,DataSED - DataSED - Dataset for Sound Event Detection of environmental noise/SED_wav/S-0464.npy,533476,6b7fef4ea85aae448e968edcb8283ee915d22edc772290345001c70a23f4a4da,16000
datased:DataSED - DataSED - Dataset for Sound Event Detection of environmental noise/SED_wav/S-0465.wav,DataSED - DataSED - Dataset for Sound Event Detection of environmental noise/SED_wav/S-0465.wav,DataSED - DataSED - Dataset for Sound Event Detection of environmental noise/SED_wav/S-0465.npy,748892,0010f32d03a4197e5a99425cd11379814957ea19e9aaae309936e7d485a4876e,16000
datased:DataSED - DataSED - Dataset for Sound Event Detection of environmental noise/SED_wav/S-0466.wav,DataSED - DataSED - Dataset for Sound Event Detection of environmental noise/SED_wav/S-0466.wav,DataSED - DataSED - Dataset for Sound Event Detection of environmental noise/SED_wav/S-0466.npy,515989,0c6f4b058ef1e90358309a0f34666002568b1680b40c2cb8528e3905a62b2dde,16000
datased:DataSED - DataSED - Dataset for Sound Event Detection of environmental noise/SED_wav/S-0467.wav,DataSED - DataSED - Dataset for Sound Event Detection of environmental noise/SED_wav/S-0467.wav,DataSED - DataSED - Dataset for Sound Event Detection of environmental noise/SED_wav/S-0467.npy,173989,26e9b393f2b7498dfeaf9ff39c5452a9852268a4750b8b9d92b5c4384c7fbf68,16000
datased:DataSED - DataSED - Dataset for Sound Event Detection of environmental noise/SED_wav/S-0468.wav,DataSED - DataSED - Dataset for Sound Event Detection of environmental noise/SED_wav/S-0468.wav,DataSED - DataSED - Dataset for Sound Event Detection of environmental noise/SED_wav/S-0468.npy,263315,3bf44bfdeef346f17ea2a21aed5fcfc0dd8e79b4e0b0a79d0b39493d61227e07,16000
datased:DataSED - DataSED - Dataset for Sound Event Detection of environmental noise/SED_wav/S-0469.wav,DataSED - DataSED - Dataset for Sound Event Detection of environmental noise/SED_wav/S-0469.wav,DataSED - DataSED - Dataset for Sound Event Detection of environmental noise/SED_wav/S-0469.npy,96549,80c8d7d2cbd5a1e1f6e61e842902253205c1b23f2554a8147a86438d24ad5ebb,16000
datased:DataSED - DataSED - Dataset for Sound Event Detection of environmental noise/SED_wav/S-0470.wav,DataSED - DataSED - Dataset for Sound Event Detection of environmental noise/SED_wav/S-0470.wav,DataSED - DataSED - Dataset for Sound Event Detection of environmental noise/SED_wav/S-0470.npy,251520,425058c347f757f641746835881703556267eeddd28a25d83c69ca3455ffac13,16000
datased:DataSED - DataSED - Dataset for Sound Event Detection of environmental noise/SED_wav/S-0471.wav,DataSED - DataSED - Dataset for Sound Event Detection of environmental noise/SED_wav/S-0471.wav,DataSED - DataSED - Dataset for Sound Event Detection of environmental noise/SED_wav/S-0471.npy,406627,eb0c05ba21017197f13247ac377107a1da29648a64024340b0abdab9b8031aa5,16000
datased:DataSED - DataSED - Dataset for Sound Event Detection of environmental noise/SED_wav/S-0472.wav,DataSED - DataSED - Dataset for Sound Event Detection of environmental noise/SED_wav/S-0472.wav,DataSED - DataSED - Dataset for Sound Event Detection of environmental noise/SED_wav/S-0472.npy,654151,643c41f621a76d187a6742f69fc43905911e78788d2a7c5a73aa2095c7bbf154,16000
datased:DataSED - DataSED - Dataset for Sound Event Detection of environmental noise/SED_wav/S-0473.wav,DataSED - DataSED - Dataset for Sound Event Detection of environmental noise/SED_wav/S-0473.wav,DataSED - DataSED - Dataset for Sound Event Detection of environmental noise/SED_wav/S-0473.npy,300420,4f16a9c6818f8ab4e990fc45c2cfe871d75ee29c4d677d6a6d1a6a0f71d279cf,16000
datased:DataSED - DataSED - Dataset for Sound Event Detection of environmental noise/SED_wav/S-0474.wav,DataSED - DataSED - Dataset for Sound Event Detection of environmental noise/SED_wav/S-0474.wav,DataSED - DataSED - Dataset for Sound Event Detection of environmental noise/SED_wav/S-0474.npy,201548,19b51338928746b310739319f10d2f801d0cdf8a1211728bda7c505159cf2d70,16000
datased:DataSED - DataSED - Dataset for Sound Event Detection of environmental noise/SED_wav/S-0475.wav,DataSED - DataSED - Dataset for Sound Event Detection of environmental noise/SED_wav/S-0475.wav,DataSED - DataSED - Dataset for Sound Event Detection of environmental noise/SED_wav/S-0475.npy,1480854,9e502475c489d3c292a56a762a70e942fca4fdc514cf1ced4fba8bfea6738de0,16000
datased:DataSED - DataSED - Dataset for Sound Event Detection of environmental noise/SED_wav/S-0476.wav,DataSED - DataSED - Dataset for Sound Event Detection of environmental noise/SED_wav/S-0476.wav,DataSED - DataSED - Dataset for Sound Event Detection of environmental noise/SED_wav/S-0476.npy,2237954,ca9fece7724c816ff61d282f3bc02d1686a3c300cc0dce1762b4664c205f9b1c,16000
datased:DataSED - DataSED - Dataset for Sound Event Detection of environmental noise/SED_wav/S-0477.wav,DataSED - DataSED - Dataset for Sound Event Detection of environmental noise/SED_wav/S-0477.wav,DataSED - DataSED - Dataset for Sound Event Detection of environmental noise/SED_wav/S-0477.npy,1690116,49da65c809545f3b088b2bcc3bcdea228ec1b077ab6c31dd96b02616a2f42856,16000
datased:DataSED - DataSED - Dataset for Sound Event Detection of environmental noise/SED_wav/S-0478.wav,DataSED - DataSED - Dataset for Sound Event Detection of environmental noise/SED_wav/S-0478.wav,DataSED - DataSED - Dataset for Sound Event Detection of environmental noise/SED_wav/S-0478.npy,500058,63b50e5406008fa3cf7b3ca3ce95f2eafe0c5791ab26181ae6a333c11a591926,16000
datased:DataSED - DataSED - Dataset for Sound Event Detection of environmental noise/SED_wav/S-0479.wav,DataSED - DataSED - Dataset for Sound Event Detection of environmental noise/SED_wav/S-0479.wav,DataSED - DataSED - Dataset for Sound Event Detection of environmental noise/SED_wav/S-0479.npy,1598744,43f1c9b73ddee0f10b7c1941e67c9f5ea09c77102240d0b45ea93065cd11ba06,16000
datased:DataSED - DataSED - Dataset for Sound Event Detection of environmental noise/SED_wav/S-0480.wav,DataSED - DataSED - Dataset for Sound Event Detection of environmental noise/SED_wav/S-0480.wav,DataSED - DataSED - Dataset for Sound Event Detection of environmental noise/SED_wav/S-0480.npy,1978859,462468f41042d86e43a7b46ee90a975f632dc66ef84bfcfab3cc5bec22e2ce85,16000
datased:DataSED - DataSED - Dataset for Sound Event Detection of environmental noise/SED_wav/S-0481.wav,DataSED - DataSED - Dataset for Sound Event Detection of environmental noise/SED_wav/S-0481.wav,DataSED - DataSED - Dataset for Sound Event Detection of environmental noise/SED_wav/S-0481.npy,832118,bbe18bd9959ae95736ef3108da8d642411475b48552e0e9e2f15cb4bd62da584,16000
datased:DataSED - DataSED - Dataset for Sound Event Detection of environmental noise/SED_wav/S-0482.wav,DataSED - DataSED - Dataset for Sound Event Detection of environmental noise/SED_wav/S-0482.wav,DataSED - DataSED - Dataset for Sound Event Detection of environmental noise/SED_wav/S-0482.npy,1233534,fc1f35d80adb9e45c4f5894ef358c1fba1b54c26deaad491a994ab1c5eaa0fb3,16000
datased:DataSED - DataSED - Dataset for Sound Event Detection of environmental noise/SED_wav/S-0483.wav,DataSED - DataSED - Dataset for Sound Event Detection of environmental noise/SED_wav/S-0483.wav,DataSED - DataSED - Dataset for Sound Event Detection of environmental noise/SED_wav/S-0483.npy,1271705,2b9d40ce6513a8ff4c6ce61f8101c126a640c3563a15faf46a53a7624ee5b43c,16000
datased:DataSED - DataSED - Dataset for Sound Event Detection of environmental noise/SED_wav/S-0484.wav,DataSED - DataSED - Dataset for Sound Event Detection of environmental noise/SED_wav/S-0484.wav,DataSED - DataSED - Dataset for Sound Event Detection of environmental noise/SED_wav/S-0484.npy,502031,5738d7abcd8ac341f15d0fe54847ea86c531904fac5b429403fdca71b9a582b6,16000
datased:DataSED - DataSED - Dataset for Sound Event Detection of environmental noise/SED_wav/S-0485.wav,DataSED - DataSED - Dataset for Sound Event Detection of environmental noise/SED_wav/S-0485.wav,DataSED - DataSED - Dataset for Sound Event Detection of environmental noise/SED_wav/S-0485.npy,1488288,74633bcb05f58b3040d8963fbfaa55212e90944de4557afbf7be4552cf53727e,16000
datased:DataSED - DataSED - Dataset for Sound Event Detection of environmental noise/SED_wav/S-0486.wav,DataSED - DataSED - Dataset for Sound Event Detection of environmental noise/SED_wav/S-0486.wav,DataSED - DataSED - Dataset for Sound Event Detection of environmental noise/SED_wav/S-0486.npy,2263170,71173b5a452b9ffc042a12f7c1a4ddd288360cabd829c0eaa74d703e510ff265,16000
datased:DataSED - DataSED - Dataset for Sound Event Detection of environmental noise/SED_wav/S-0487.wav,DataSED - DataSED - Dataset for Sound Event Detection of environmental noise/SED_wav/S-0487.wav,DataSED - DataSED - Dataset for Sound Event Detection of environmental noise/SED_wav/S-0487.npy,783736,1ce7f37e69b15c46795973b6c0d67075a7f84a08aba758fdbacb0618c8127c86,16000
datased:DataSED - DataSED - Dataset for Sound Event Detection of environmental noise/SED_wav/S-0488.wav,DataSED - DataSED - Dataset for Sound Event Detection of environmental noise/SED_wav/S-0488.wav,DataSED - DataSED - Dataset for Sound Event Detection of environmental noise/SED_wav/S-0488.npy,791040,94e59d452d14281cafa3eb2a16e6b646b8511a65dafb418da73a6e976a1d5dee,16000
datased:DataSED - DataSED - Dataset for Sound Event Detection of environmental noise/SED_wav/S-0489.wav,DataSED - DataSED - Dataset for Sound Event Detection of environmental noise/SED_wav/S-0489.wav,DataSED - DataSED - Dataset for Sound Event Detection of environmental noise/SED_wav/S-0489.npy,664000,fa8c355c9ad68a86f33a64c10e055ccb047dc05ec0f02bc3eeb814bbd6c01bcc,16000
datased:DataSED - DataSED - Dataset for Sound Event Detection of environmental noise/SED_wav/S-0490.wav,DataSED - DataSED - Dataset for Sound Event Detection of environmental noise/SED_wav/S-0490.wav,DataSED - DataSED - Dataset for Sound Event Detection of environmental noise/SED_wav/S-0490.npy,1884330,6e6afac680a1f195d8f64eec7474d6cc40b66efb2f0d6821c4629b335178e62b,16000
datased:DataSED - DataSED - Dataset for Sound Event Detection of environmental noise/SED_wav/S-0491.wav,DataSED - DataSED - Dataset for Sound Event Detection of environmental noise/SED_wav/S-0491.wav,DataSED - DataSED - Dataset for Sound Event Detection of environmental noise/SED_wav/S-0491.npy,237463,06715e6f2982fdfafb81ea350ac41c3bdbbfbf8c1588683d553f779d7bde12e9,16000
datased:DataSED - DataSED - Dataset for Sound Event Detection of environmental noise/SED_wav/S-0492.wav,DataSED - DataSED - Dataset for Sound Event Detection of environmental noise/SED_wav/S-0492.wav,DataSED - DataSED - Dataset for Sound Event Detection of environmental noise/SED_wav/S-0492.npy,633572,5e435cd5ddef47bdce9f68124cad280a839d52b9978158139488a91c8895bada,16000
datased:DataSED - DataSED - Dataset for Sound Event Detection of environmental noise/SED_wav/S-0493.wav,DataSED - DataSED - Dataset for Sound Event Detection of environmental noise/SED_wav/S-0493.wav,DataSED - DataSED - Dataset for Sound Event Detection of environmental noise/SED_wav/S-0493.npy,1004148,87940873f607253d82d18326143e42ef4d99e75b90c7e75883e84498338e314d,16000
datased:DataSED - DataSED - Dataset for Sound Event Detection of environmental noise/SED_wav/S-0494.wav,DataSED - DataSED - Dataset for Sound Event Detection of environmental noise/SED_wav/S-0494.wav,DataSED - DataSED - Dataset for Sound Event Detection of environmental noise/SED_wav/S-0494.npy,487467,caad5983ea10b9c6e5e4153cba72990cd2e0f260aae1c12ab3f23c348749abbe,16000
datased:DataSED - DataSED - Dataset for Sound Event Detection of environmental noise/SED_wav/S-0495.wav,DataSED - DataSED - Dataset for Sound Event Detection of environmental noise/SED_wav/S-0495.wav,DataSED - DataSED - Dataset for Sound Event Detection of environmental noise/SED_wav/S-0495.npy,1467047,479a2e66047e48d3ade3dad627723c4f0b62a74ef3f2f7b9aec2f419d94053ab,16000
datased:DataSED - DataSED - Dataset for Sound Event Detection of environmental noise/SED_wav/S-0496.wav,DataSED - DataSED - Dataset for Sound Event Detection of environmental noise/SED_wav/S-0496.wav,DataSED - DataSED - Dataset for Sound Event Detection of environmental noise/SED_wav/S-0496.npy,1495168,454273f6d5248519a8e471a45491817c0506f4259801ae09431538b9457f7459,16000
datased:DataSED - DataSED - Dataset for Sound Event Detection of environmental noise/SED_wav/S-0497.wav,DataSED - DataSED - Dataset for Sound Event Detection of environmental noise/SED_wav/S-0497.wav,DataSED - DataSED - Dataset for Sound Event Detection of environmental noise/SED_wav/S-0497.npy,1290724,271a8ffb30dc6bca65c1be88450f809009623826b9bc07d93e301e25abf34c56,16000
datased:DataSED - DataSED - Dataset for Sound Event Detection of environmental noise/SED_wav/S-0498.wav,DataSED - DataSED - Dataset for Sound Event Detection of environmental noise/SED_wav/S-0498.wav,DataSED - DataSED - Dataset for Sound Event Detection of environmental noise/SED_wav/S-0498.npy,462065,bd5ff0785a78fc284c188950bf9cc216189426020ccb70eb35e2e9035acd80a4,16000
datased:DataSED - DataSED - Dataset for Sound Event Detection of environmental noise/SED_wav/S-0499.wav,DataSED - DataSED - Dataset for Sound Event Detection of environmental noise/SED_wav/S-0499.wav,DataSED - DataSED - Dataset for Sound Event Detection of environmental noise/SED_wav/S-0499.npy,1748897,9cc507837a6e34f770036ad219531479929b3f500c4934a3f3db365ec3db2ece,16000
datased:DataSED - DataSED - Dataset for Sound Event Detection of environmental noise/SED_wav/S-0500.wav,DataSED - DataSED - Dataset for Sound Event Detection of environmental noise/SED_wav/S-0500.wav,DataSED - DataSED - Dataset for Sound Event Detection of environmental noise/SED_wav/S-0500.npy,1608747,6e210488ea4559d7982f0a11f7fb651e320a9c287405586d91a76035d6ce4d07,16000
datased:DataSED - DataSED - Dataset for Sound Event Detection of environmental noise/SED_wav/S-0501.wav,DataSED - DataSED - Dataset for Sound Event Detection of environmental noise/SED_wav/S-0501.wav,DataSED - DataSED - Dataset for Sound Event Detection of environmental noise/SED_wav/S-0501.npy,295812,120dc4de91ef9281a34674add880853153a191d36288232bf3ac9129b70c4536,16000
datased:DataSED - DataSED - Dataset for Sound Event Detection of environmental noise/SED_wav/S-0502.wav,DataSED - DataSED - Dataset for Sound Event Detection of environmental noise/SED_wav/S-0502.wav,DataSED - DataSED - Dataset for Sound Event Detection of environmental noise/SED_wav/S-0502.npy,2076492,c24db31510223ca0d0e645df065809695eeb1e93837ed3088d772dbf531641c6,16000
datased:DataSED - DataSED - Dataset for Sound Event Detection of environmental noise/SED_wav/S-0503.wav,DataSED - DataSED - Dataset for Sound Event Detection of environmental noise/SED_wav/S-0503.wav,DataSED - DataSED - Dataset for Sound Event Detection of environmental noise/SED_wav/S-0503.npy,1997634,164816cce0ee342eb6f290be9c18fce68758668183ebecb5379a7c01ad31eeba,16000
datased:DataSED - DataSED - Dataset for Sound Event Detection of environmental noise/SED_wav/S-0504.wav,DataSED - DataSED - Dataset for Sound Event Detection of environmental noise/SED_wav/S-0504.wav,DataSED - DataSED - Dataset for Sound Event Detection of environmental noise/SED_wav/S-0504.npy,2240929,64c7c1bb2ae70977ca9324f4e0f6fa22e3b39dca3b68553bceaaebcf01e110b3,16000
datased:DataSED - DataSED - Dataset for Sound Event Detection of environmental noise/SED_wav/S-0505.wav,DataSED - DataSED - Dataset for Sound Event Detection of environmental noise/SED_wav/S-0505.wav,DataSED - DataSED - Dataset for Sound Event Detection of environmental noise/SED_wav/S-0505.npy,2432925,9de646616b77fbfe7225ba5ebd1ece1d05cf2d193c10f84da96c2c1c20e18496,16000
datased:DataSED - DataSED - Dataset for Sound Event Detection of environmental noise/SED_wav/S-0506.wav,DataSED - DataSED - Dataset for Sound Event Detection of environmental noise/SED_wav/S-0506.wav,DataSED - DataSED - Dataset for Sound Event Detection of environmental noise/SED_wav/S-0506.npy,2247555,ead4a37ab5e77486f13d8377f5e7a33cecc1625ff9001585a2677dd6ce3a19cb,16000
datased:DataSED - DataSED - Dataset for Sound Event Detection of environmental noise/SED_wav/S-0507.wav,DataSED - DataSED - Dataset for Sound Event Detection of environmental noise/SED_wav/S-0507.wav,DataSED - DataSED - Dataset for Sound Event Detection of environmental noise/SED_wav/S-0507.npy,723852,106f9352ac9c2183837945b7fdf475c76d99c0d894eaae589744b55f3430212d,16000
datased:DataSED - DataSED - Dataset for Sound Event Detection of environmental noise/SED_wav/S-0508.wav,DataSED - DataSED - Dataset for Sound Event Detection of environmental noise/SED_wav/S-0508.wav,DataSED - DataSED - Dataset for Sound Event Detection of environmental noise/SED_wav/S-0508.npy,527623,3069bb95d101b3b3450ea064dc8dbafe60001af6e0375059a608dca64118667e,16000
datased:DataSED - DataSED - Dataset for Sound Event Detection of environmental noise/SED_wav/S-0509.wav,DataSED - DataSED - Dataset for Sound Event Detection of environmental noise/SED_wav/S-0509.wav,DataSED - DataSED - Dataset for Sound Event Detection of environmental noise/SED_wav/S-0509.npy,912465,0fad749e8b9662276688596365ab5ecd8a3960e989d82deb9134e216d093cb76,16000
datased:DataSED - DataSED - Dataset for Sound Event Detection of environmental noise/SED_wav/S-0510.wav,DataSED - DataSED - Dataset for Sound Event Detection of environmental noise/SED_wav/S-0510.wav,DataSED - DataSED - Dataset for Sound Event Detection of environmental noise/SED_wav/S-0510.npy,138944,ce0f782db34b3f109a87c6429cafbd1f9906bfd8266a8da88940d8b153db9799,16000
datased:DataSED - DataSED - Dataset for Sound Event Detection of environmental noise/SED_wav/S-0511.wav,DataSED - DataSED - Dataset for Sound Event Detection of environmental noise/SED_wav/S-0511.wav,DataSED - DataSED - Dataset for Sound Event Detection of environmental noise/SED_wav/S-0511.npy,463099,7d09a047be82e6f53448710ad5636acf3a5e290711ccedf72f5dbcb370c90df3,16000
datased:DataSED - DataSED - Dataset for Sound Event Detection of environmental noise/SED_wav/S-0512.wav,DataSED - DataSED - Dataset for Sound Event Detection of environmental noise/SED_wav/S-0512.wav,DataSED - DataSED - Dataset for Sound Event Detection of environmental noise/SED_wav/S-0512.npy,266299,f43e7bb5533a7327e992c90afc9d68169912b65510785c6c72e367b0e82bf53e,16000
datased:DataSED - DataSED - Dataset for Sound Event Detection of environmental noise/SED_wav/S-0513.wav,DataSED - DataSED - Dataset for Sound Event Detection of environmental noise/SED_wav/S-0513.wav,DataSED - DataSED - Dataset for Sound Event Detection of environmental noise/SED_wav/S-0513.npy,667991,8a34f82178afe5f9efd65ed52a16d342cd5ee2fb5a8d697fbc34d6ef85909089,16000
datased:DataSED - DataSED - Dataset for Sound Event Detection of environmental noise/SED_wav/S-0514.wav,DataSED - DataSED - Dataset for Sound Event Detection of environmental noise/SED_wav/S-0514.wav,DataSED - DataSED - Dataset for Sound Event Detection of environmental noise/SED_wav/S-0514.npy,973867,426f72be6ed433055dea4fb3390fc897666c6400fce5feaa12fd83f722d33bf9,16000
datased:DataSED - DataSED - Dataset for Sound Event Detection of environmental noise/SED_wav/S-0515.wav,DataSED - DataSED - Dataset for Sound Event Detection of environmental noise/SED_wav/S-0515.wav,DataSED - DataSED - Dataset for Sound Event Detection of environmental noise/SED_wav/S-0515.npy,2357120,440ed409c043634bb69f905d07ffd4c4ed8e819ddb407d8755dbc506a014de7f,16000
datased:DataSED - DataSED - Dataset for Sound Event Detection of environmental noise/SED_wav/S-0516.wav,DataSED - DataSED - Dataset for Sound Event Detection of environmental noise/SED_wav/S-0516.wav,DataSED - DataSED - Dataset for Sound Event Detection of environmental noise/SED_wav/S-0516.npy,2914675,a3d213d5d4a61c0bb9d1b697d50a0ae29532b1f2b0e667af33724205820702a9,16000
datased:DataSED - DataSED - Dataset for Sound Event Detection of environmental noise/SED_wav/S-0517.wav,DataSED - DataSED - Dataset for Sound Event Detection of environmental noise/SED_wav/S-0517.wav,DataSED - DataSED - Dataset for Sound Event Detection of environmental noise/SED_wav/S-0517.npy,3297534,2b3536b9b1de5b2285969863db19e04e3af2671cc144a743d535fd76f3aab5bd,16000
datased:DataSED - DataSED - Dataset for Sound Event Detection of environmental noise/SED_wav/S-0518.wav,DataSED - DataSED - Dataset for Sound Event Detection of environmental noise/SED_wav/S-0518.wav,DataSED - DataSED - Dataset for Sound Event Detection of environmental noise/SED_wav/S-0518.npy,1319761,503798caba975a4c1ef6c51b9f4d2912c6247575de4a0472f9e380a4dd348591,16000
datased:DataSED - DataSED - Dataset for Sound Event Detection of environmental noise/SED_wav/S-0519.wav,DataSED - DataSED - Dataset for Sound Event Detection of environmental noise/SED_wav/S-0519.wav,DataSED - DataSED - Dataset for Sound Event Detection of environmental noise/SED_wav/S-0519.npy,3029671,2dcc83a32c63e0e8ba1dead62dc32786bbf9bf00c43c477edf6992796d500213,16000
datased:DataSED - DataSED - Dataset for Sound Event Detection of environmental noise/SED_wav/S-0520.wav,DataSED - DataSED - Dataset for Sound Event Detection of environmental noise/SED_wav/S-0520.wav,DataSED - DataSED - Dataset for Sound Event Detection of environmental noise/SED_wav/S-0520.npy,1195378,34ce1d7f247e923e667143e25545831d8a8fa5e4f5bb24ba2cbe7605905dbf3f,16000
datased:DataSED - DataSED - Dataset for Sound Event Detection of environmental noise/SED_wav/S-0521.wav,DataSED - DataSED - Dataset for Sound Event Detection of environmental noise/SED_wav/S-0521.wav,DataSED - DataSED - Dataset for Sound Event Detection of environmental noise/SED_wav/S-0521.npy,529775,42595968f5a307e58d98a14bb2919d0a0fedc9a31fb09f68bfea092a0c73bc8b,16000
datased:DataSED - DataSED - Dataset for Sound Event Detection of environmental noise/SED_wav/S-0522.wav,DataSED - DataSED - Dataset for Sound Event Detection of environmental noise/SED_wav/S-0522.wav,DataSED - DataSED - Dataset for Sound Event Detection of environmental noise/SED_wav/S-0522.npy,1855695,ae64aeee6546eea10e7fa54dcd07ca6b7eb05daecaefd2aa6eca60769e92d239,16000
datased:DataSED - DataSED - Dataset for Sound Event Detection of environmental noise/SED_wav/S-0523.wav,DataSED - DataSED - Dataset for Sound Event Detection of environmental noise/SED_wav/S-0523.wav,DataSED - DataSED - Dataset for Sound Event Detection of environmental noise/SED_wav/S-0523.npy,1171214,d5d33fe5aacdf747beefbc4beec632107292c0e9965719a6a8072eb897b2a983,16000
datased:DataSED - DataSED - Dataset for Sound Event Detection of environmental noise/SED_wav/S-0524.wav,DataSED - DataSED - Dataset for Sound Event Detection of environmental noise/SED_wav/S-0524.wav,DataSED - DataSED - Dataset for Sound Event Detection of environmental noise/SED_wav/S-0524.npy,870346,3f52fc7bf4dda0093886ba55834362d0fdb5195211cc3411f046afbf6fe06758,16000
datased:DataSED - DataSED - Dataset for Sound Event Detection of environmental noise/SED_wav/S-0525.wav,DataSED - DataSED - Dataset for Sound Event Detection of environmental noise/SED_wav/S-0525.wav,DataSED - DataSED - Dataset for Sound Event Detection of environmental noise/SED_wav/S-0525.npy,1607254,b82c8520d7639bb995d081facfc7f434a2489f5f32e7263277843da78c391383,16000
datased:DataSED - DataSED - Dataset for Sound Event Detection of environmental noise/SED_wav/S-0526.wav,DataSED - DataSED - Dataset for Sound Event Detection of environmental noise/SED_wav/S-0526.wav,DataSED - DataSED - Dataset for Sound Event Detection of environmental noise/SED_wav/S-0526.npy,2275761,254973f51c7cc4da2c15cd7d2ba16e2fe921051dc68344376eed4b03ef659c6a,16000
datased:DataSED - DataSED - Dataset for Sound Event Detection of environmental noise/SED_wav/S-0527.wav,DataSED - DataSED - Dataset for Sound Event Detection of environmental noise/SED_wav/S-0527.wav,DataSED - DataSED - Dataset for Sound Event Detection of environmental noise/SED_wav/S-0527.npy,2668669,15dea8146b4de3856e4c9c95bd70d929aaa6839bf7a5ff993e839afeff8bd4a1,16000
datased:DataSED - DataSED - Dataset for Sound Event Detection of environmental noise/SED_wav/S-0528.wav,DataSED - DataSED - Dataset for Sound Event Detection of environmental noise/SED_wav/S-0528.wav,DataSED - DataSED - Dataset for Sound Event Detection of environmental noise/SED_wav/S-0528.npy,1991696,babb4f3239f50cde5d9b166b1593754504fbec1b261a0ffe65fdaf75fbf82e18,16000
datased:DataSED - DataSED - Dataset for Sound Event Detection of environmental noise/SED_wav/S-0529.wav,DataSED - DataSED - Dataset for Sound Event Detection of environmental noise/SED_wav/S-0529.wav,DataSED - DataSED - Dataset for Sound Event Detection of environmental noise/SED_wav/S-0529.npy,1898382,e6742a63ef5eb667b9f62ccacc43cd916b0638d60177c97ce081451d7c6a83eb,16000
datased:DataSED - DataSED - Dataset for Sound Event Detection of environmental noise/SED_wav/S-0530.wav,DataSED - DataSED - Dataset for Sound Event Detection of environmental noise/SED_wav/S-0530.wav,DataSED - DataSED - Dataset for Sound Event Detection of environmental noise/SED_wav/S-0530.npy,1931000,94a59c200a7a6cc5eeb18f28ef02b5bba8dc2df39f5dae863fc350be0d97ca7b,16000
datased:DataSED - DataSED - Dataset for Sound Event Detection of environmental noise/SED_wav/S-0531.wav,DataSED - DataSED - Dataset for Sound Event Detection of environmental noise/SED_wav/S-0531.wav,DataSED - DataSED - Dataset for Sound Event Detection of environmental noise/SED_wav/S-0531.npy,1639442,1973bc78912bcc7f127074dcbdbe5b5ed8d8a6d1ac2381f101cc0780539d0ac7,16000
datased:DataSED - DataSED - Dataset for Sound Event Detection of environmental noise/SED_wav/S-0532.wav,DataSED - DataSED - Dataset for Sound Event Detection of environmental noise/SED_wav/S-0532.wav,DataSED - DataSED - Dataset for Sound Event Detection of environmental noise/SED_wav/S-0532.npy,1154611,11f3f9eb39004c8bae0de4a682c6fb9b50e43957d371150c503f602b0f05fefb,16000
datased:DataSED - DataSED - Dataset for Sound Event Detection of environmental noise/SED_wav/S-0533.wav,DataSED - DataSED - Dataset for Sound Event Detection of environmental noise/SED_wav/S-0533.wav,DataSED - DataSED - Dataset for Sound Event Detection of environmental noise/SED_wav/S-0533.npy,1733085,c9b1c7c49c87554bb10f58a1948b0ccb4a79f44c7ad16cac65d5d7907bbf0f3f,16000
datased:DataSED - DataSED - Dataset for Sound Event Detection of environmental noise/SED_wav/S-0534.wav,DataSED - DataSED - Dataset for Sound Event Detection of environmental noise/SED_wav/S-0534.wav,DataSED - DataSED - Dataset for Sound Event Detection of environmental noise/SED_wav/S-0534.npy,1393344,546fd1f7055fe5985fd6532dcc1c22a107c02367eb58beb2dffcb345d6aef79c,16000
datased:DataSED - DataSED - Dataset for Sound Event Detection of environmental noise/SED_wav/S-0535.wav,DataSED - DataSED - Dataset for Sound Event Detection of environmental noise/SED_wav/S-0535.wav,DataSED - DataSED - Dataset for Sound Event Detection of environmental noise/SED_wav/S-0535.npy,231722,5a62dbd85aa783a355d235b35ebfafc38dc9bda6da74fc577915b4da40af4d1b,16000
datased:DataSED - DataSED - Dataset for Sound Event Detection of environmental noise/SED_wav/S-0536.wav,DataSED - DataSED - Dataset for Sound Event Detection of environmental noise/SED_wav/S-0536.wav,DataSED - DataSED - Dataset for Sound Event Detection of environmental noise/SED_wav/S-0536.npy,2035568,2bb71e863a4a9cd98560ae2a341d55f5020e4796f26befa88a8c44dea3e0886d,16000
datased:DataSED - DataSED - Dataset for Sound Event Detection of environmental noise/SED_wav/S-0537.wav,DataSED - DataSED - Dataset for Sound Event Detection of environmental noise/SED_wav/S-0537.wav,DataSED - DataSED - Dataset for Sound Event Detection of environmental noise/SED_wav/S-0537.npy,935658,74a23577f78218be8b50e984e9d297cabc74d922beea6a3116b753f30a97b65e,16000
datased:DataSED - DataSED - Dataset for Sound Event Detection of environmental noise/SED_wav/S-0538.wav,DataSED - DataSED - Dataset for Sound Event Detection of environmental noise/SED_wav/S-0538.wav,DataSED - DataSED - Dataset for Sound Event Detection of environmental noise/SED_wav/S-0538.npy,602617,cedf97151bb61da46bc0ccf70bb93c5c4e7e7636fe56e35aa0f90dcc1afaedaa,16000
datased:DataSED - DataSED - Dataset for Sound Event Detection of environmental noise/SED_wav/S-0539.wav,DataSED - DataSED - Dataset for Sound Event Detection of environmental noise/SED_wav/S-0539.wav,DataSED - DataSED - Dataset for Sound Event Detection of environmental noise/SED_wav/S-0539.npy,1552624,7498f4d130c57213a07170cd35eead894e38d7644bba34c2adb1c5507d3b53b8,16000
datased:DataSED - DataSED - Dataset for Sound Event Detection of environmental noise/SED_wav/S-0540.wav,DataSED - DataSED - Dataset for Sound Event Detection of environmental noise/SED_wav/S-0540.wav,DataSED - DataSED - Dataset for Sound Event Detection of environmental noise/SED_wav/S-0540.npy,1528471,97898597de1307d8ee7600f932e55d0c7402505a1d9d7fa835b3edb09b395bf5,16000
datased:DataSED - DataSED - Dataset for Sound Event Detection of environmental noise/SED_wav/S-0541.wav,DataSED - DataSED - Dataset for Sound Event Detection of environmental noise/SED_wav/S-0541.wav,DataSED - DataSED - Dataset for Sound Event Detection of environmental noise/SED_wav/S-0541.npy,520746,a2799897e787d652ae7b4fafcfb18852d801ea6aff39a45a98a8e644f46daf0d,16000
datased:DataSED - DataSED - Dataset for Sound Event Detection of environmental noise/SED_wav/S-0542.wav,DataSED - DataSED - Dataset for Sound Event Detection of environmental noise/SED_wav/S-0542.wav,DataSED - DataSED - Dataset for Sound Event Detection of environmental noise/SED_wav/S-0542.npy,344101,b702f127d5331be59a79e4ccbddce111656e1ba7f6f41dd5ee543c23d154c7a0,16000
datased:DataSED - DataSED - Dataset for Sound Event Detection of environmental noise/SED_wav/S-0543.wav,DataSED - DataSED - Dataset for Sound Event Detection of environmental noise/SED_wav/S-0543.wav,DataSED - DataSED - Dataset for Sound Event Detection of environmental noise/SED_wav/S-0543.npy,1284373,d831c0bcd49823ff3e3be22aa97f4d2e49a8a7d983b14f11a535ff5eb2626b12,16000
datased:DataSED - DataSED - Dataset for Sound Event Detection of environmental noise/SED_wav/S-0544.wav,DataSED - DataSED - Dataset for Sound Event Detection of environmental noise/SED_wav/S-0544.wav,DataSED - DataSED - Dataset for Sound Event Detection of environmental noise/SED_wav/S-0544.npy,1917534,09760cad67fe4f7c5a483d497dd7ee170a542b67edff1246263f6a231a548220,16000
datased:DataSED - DataSED - Dataset for Sound Event Detection of environmental noise/SED_wav/S-0545.wav,DataSED - DataSED - Dataset for Sound Event Detection of environmental noise/SED_wav/S-0545.wav,DataSED - DataSED - Dataset for Sound Event Detection of environmental noise/SED_wav/S-0545.npy,881016,81e96967ee7c5fca08ef27b4e74ac4637a6e4487be39ac9971a005a05dbf24b6,16000
datased:DataSED - DataSED - Dataset for Sound Event Detection of environmental noise/SED_wav/S-0546.wav,DataSED - DataSED - Dataset for Sound Event Detection of environmental noise/SED_wav/S-0546.wav,DataSED - DataSED - Dataset for Sound Event Detection of environmental noise/SED_wav/S-0546.npy,1889857,501c5dfa5788af3fc65ae0f260760513dc1a145b849d779b84fcb95c57266edb,16000
datased:DataSED - DataSED - Dataset for Sound Event Detection of environmental noise/SED_wav/S-0547.wav,DataSED - DataSED - Dataset for Sound Event Detection of environmental noise/SED_wav/S-0547.wav,DataSED - DataSED - Dataset for Sound Event Detection of environmental noise/SED_wav/S-0547.npy,1405967,d458c81f0504c9a241669af12d16f60e568181909b0e429901f8744cdd86bab3,16000
datased:DataSED - DataSED - Dataset for Sound Event Detection of environmental noise/SED_wav/S-0548.wav,DataSED - DataSED - Dataset for Sound Event Detection of environmental noise/SED_wav/S-0548.wav,DataSED - DataSED - Dataset for Sound Event Detection of environmental noise/SED_wav/S-0548.npy,575997,9fc312a6a638ae6de2c26988271f7a4138bd8890d88514f6ad57571ee0ac8307,16000
datased:DataSED - DataSED - Dataset for Sound Event Detection of environmental noise/SED_wav/S-0549.wav,DataSED - DataSED - Dataset for Sound Event Detection of environmental noise/SED_wav/S-0549.wav,DataSED - DataSED - Dataset for Sound Event Detection of environmental noise/SED_wav/S-0549.npy,480712,25ae039b4e633e55471d9f6cbde284943e53bfc29ea6fb4fb0b8da2ebeee4b6c,16000
datased:DataSED - DataSED - Dataset for Sound Event Detection of environmental noise/SED_wav/S-0550.wav,DataSED - DataSED - Dataset for Sound Event Detection of environmental noise/SED_wav/S-0550.wav,DataSED - DataSED - Dataset for Sound Event Detection of environmental noise/SED_wav/S-0550.npy,401344,27a615acf054dd744e277e0978a75cb3a82428c981935d91ba67e139877186fa,16000
datased:DataSED - DataSED - Dataset for Sound Event Detection of environmental noise/SED_wav/S-0551.wav,DataSED - DataSED - Dataset for Sound Event Detection of environmental noise/SED_wav/S-0551.wav,DataSED - DataSED - Dataset for Sound Event Detection of environmental noise/SED_wav/S-0551.npy,304200,1451cd2033788f2aff08d55fb9220ca2539a1a5cfb4db16dabc9b60b55e3a496,16000
datased:DataSED - DataSED - Dataset for Sound Event Detection of environmental noise/SED_wav/S-0552.wav,DataSED - DataSED - Dataset for Sound Event Detection of environmental noise/SED_wav/S-0552.wav,DataSED - DataSED - Dataset for Sound Event Detection of environmental noise/SED_wav/S-0552.npy,1881492,77ab755be6e3115a5fdd3e2e638a5917d52001c5cb284ef19f6b5539095daf74,16000
datased:DataSED - DataSED - Dataset for Sound Event Detection of environmental noise/SED_wav/S-0553.wav,DataSED - DataSED - Dataset for Sound Event Detection of environmental noise/SED_wav/S-0553.wav,DataSED - DataSED - Dataset for Sound Event Detection of environmental noise/SED_wav/S-0553.npy,2115215,a06ec15289c7dc2ad3d4924ec1adaf0599a17c7e0dc7a35cc9da2ec4c4029284,16000
datased:DataSED - DataSED - Dataset for Sound Event Detection of environmental noise/SED_wav/S-0554.wav,DataSED - DataSED - Dataset for Sound Event Detection of environmental noise/SED_wav/S-0554.wav,DataSED - DataSED - Dataset for Sound Event Detection of environmental noise/SED_wav/S-0554.npy,2214992,1f1724a87a1811a9eb6f4fb6d91d763ebaaab591eb241b69ce85ac72a3fd6877,16000
datased:DataSED - DataSED - Dataset for Sound Event Detection of environmental noise/SED_wav/S-0555.wav,DataSED - DataSED - Dataset for Sound Event Detection of environmental noise/SED_wav/S-0555.wav,DataSED - DataSED - Dataset for Sound Event Detection of environmental noise/SED_wav/S-0555.npy,1974021,0ce6da18f18cb0288541b36984829b61e2b36f4fd7e6a6ff622fde23530bd695,16000
datased:DataSED - DataSED - Dataset for Sound Event Detection of environmental noise/SED_wav/S-0556.wav,DataSED - DataSED - Dataset for Sound Event Detection of environmental noise/SED_wav/S-0556.wav,DataSED - DataSED - Dataset for Sound Event Detection of environmental noise/SED_wav/S-0556.npy,1929859,10dd94291c3973651f25814cdc3ed9cc661685ad28fc938bdec22c6bdac0b183,16000
datased:DataSED - DataSED - Dataset for Sound Event Detection of environmental noise/SED_wav/S-0557.wav,DataSED - DataSED - Dataset for Sound Event Detection of environmental noise/SED_wav/S-0557.wav,DataSED - DataSED - Dataset for Sound Event Detection of environmental noise/SED_wav/S-0557.npy,2053511,1ceef225443f2a1151c7c9c71c8debbc84ae970c43bab57d01d07af2c8b18bc1,16000
datased:DataSED - DataSED - Dataset for Sound Event Detection of environmental noise/SED_wav/S-0558.wav,DataSED - DataSED - Dataset for Sound Event Detection of environmental noise/SED_wav/S-0558.wav,DataSED - DataSED - Dataset for Sound Event Detection of environmental noise/SED_wav/S-0558.npy,1982853,aa697aa04f00b4208efb8982f6dc36efe8bf86fef5d7cbb25034605be6dcf582,16000
datased:DataSED - DataSED - Dataset for Sound Event Detection of environmental noise/SED_wav/S-0559.wav,DataSED - DataSED - Dataset for Sound Event Detection of environmental noise/SED_wav/S-0559.wav,DataSED - DataSED - Dataset for Sound Event Detection of environmental noise/SED_wav/S-0559.npy,2520984,c2b917ed04be137d7222563a4048a52974307d04c5bb088e2a64676d585e3280,16000
datased:DataSED - DataSED - Dataset for Sound Event Detection of environmental noise/SED_wav/S-0560.wav,DataSED - DataSED - Dataset for Sound Event Detection of environmental noise/SED_wav/S-0560.wav,DataSED - DataSED - Dataset for Sound Event Detection of environmental noise/SED_wav/S-0560.npy,2000518,d85f00f0686dda7fe8fd53a5b1d280989d6dc4eb4ff9b3d425817bf7b62fcedf,16000
datased:DataSED - DataSED - Dataset for Sound Event Detection of environmental noise/SED_wav/S-0561.wav,DataSED - DataSED - Dataset for Sound Event Detection of environmental noise/SED_wav/S-0561.wav,DataSED - DataSED - Dataset for Sound Event Detection of environmental noise/SED_wav/S-0561.npy,1745074,41d773e158f4e85615bf58901ad1be3d1e4418d53171650cfa319c7f29e55369,16000
datased:DataSED - DataSED - Dataset for Sound Event Detection of environmental noise/SED_wav/S-0562.wav,DataSED - DataSED - Dataset for Sound Event Detection of environmental noise/SED_wav/S-0562.wav,DataSED - DataSED - Dataset for Sound Event Detection of environmental noise/SED_wav/S-0562.npy,339795,8d2df98ff82a1812515465f361c8a2347fcbb7aa0bcd9672f9c8f68b3b6ac054,16000
datased:DataSED - DataSED - Dataset for Sound Event Detection of environmental noise/SED_wav/S-0563.wav,DataSED - DataSED - Dataset for Sound Event Detection of environmental noise/SED_wav/S-0563.wav,DataSED - DataSED - Dataset for Sound Event Detection of environmental noise/SED_wav/S-0563.npy,431052,6f9584423d52ec59cee36c173dfa6b4c81295f49712f73e119bf9f6c7effea99,16000
datased:DataSED - DataSED - Dataset for Sound Event Detection of environmental noise/SED_wav/S-0564.wav,DataSED - DataSED - Dataset for Sound Event Detection of environmental noise/SED_wav/S-0564.wav,DataSED - DataSED - Dataset for Sound Event Detection of environmental noise/SED_wav/S-0564.npy,388118,e84ed46d91881fc7ac5e5265d407479484cffed62630db9c86b272343e1d01fc,16000
datased:DataSED - DataSED - Dataset for Sound Event Detection of environmental noise/SED_wav/S-0565.wav,DataSED - DataSED - Dataset for Sound Event Detection of environmental noise/SED_wav/S-0565.wav,DataSED - DataSED - Dataset for Sound Event Detection of environmental noise/SED_wav/S-0565.npy,354324,d7c9d298d6d0e1e7aa0813a2c972df2e502ffe39ee2642cc1ff605b3186dfd55,16000
datased:DataSED - DataSED - Dataset for Sound Event Detection of environmental noise/SED_wav/S-0566.wav,DataSED - DataSED - Dataset for Sound Event Detection of environmental noise/SED_wav/S-0566.wav,DataSED - DataSED - Dataset for Sound Event Detection of environmental noise/SED_wav/S-0566.npy,433442,cce49913e1be07e846e5477ef916384af52ec1592b597b4d666df5e4f82694e8,16000
datased:DataSED - DataSED - Dataset for Sound Event Detection of environmental noise/SED_wav/S-0567.wav,DataSED - DataSED - Dataset for Sound Event Detection of environmental noise/SED_wav/S-0567.wav,DataSED - DataSED - Dataset for Sound Event Detection of environmental noise/SED_wav/S-0567.npy,609463,416a7a4df5bf67ef30ddd08d3517b502877435cfba8a89d72481c105883b82f4,16000
datased:DataSED - DataSED - Dataset for Sound Event Detection of environmental noise/SED_wav/S-0568.wav,DataSED - DataSED - Dataset for Sound Event Detection of environmental noise/SED_wav/S-0568.wav,DataSED - DataSED - Dataset for Sound Event Detection of environmental noise/SED_wav/S-0568.npy,364877,a402ef6b69b4413f7c00feb907ab68fa3858cd447e4a2978b0aa48c3f3af32c9,16000
datased:DataSED - DataSED - Dataset for Sound Event Detection of environmental noise/SED_wav/S-0569.wav,DataSED - DataSED - Dataset for Sound Event Detection of environmental noise/SED_wav/S-0569.wav,DataSED - DataSED - Dataset for Sound Event Detection of environmental noise/SED_wav/S-0569.npy,2047309,8ed6a9469069cbdfcebd3e466a2e19b3b8d426d20267caa2cc59921f7c400fdb,16000
datased:DataSED - DataSED - Dataset for Sound Event Detection of environmental noise/SED_wav/S-0570.wav,DataSED - DataSED - Dataset for Sound Event Detection of environmental noise/SED_wav/S-0570.wav,DataSED - DataSED - Dataset for Sound Event Detection of environmental noise/SED_wav/S-0570.npy,2597237,0f67df4705d54c857eed152b90f5664bf4d214850470910d74b81fe382d9dfd2,16000
datased:DataSED - DataSED - Dataset for Sound Event Detection of environmental noise/SED_wav/S-0571.wav,DataSED - DataSED - Dataset for Sound Event Detection of environmental noise/SED_wav/S-0571.wav,DataSED - DataSED - Dataset for Sound Event Detection of environmental noise/SED_wav/S-0571.npy,2597237,0f67df4705d54c857eed152b90f5664bf4d214850470910d74b81fe382d9dfd2,16000
datased:DataSED - DataSED - Dataset for Sound Event Detection of environmental noise/SED_wav/S-0572.wav,DataSED - DataSED - Dataset for Sound Event Detection of environmental noise/SED_wav/S-0572.wav,DataSED - DataSED - Dataset for Sound Event Detection of environmental noise/SED_wav/S-0572.npy,2047309,8ed6a9469069cbdfcebd3e466a2e19b3b8d426d20267caa2cc59921f7c400fdb,16000
datased:DataSED - DataSED - Dataset for Sound Event Detection of environmental noise/SED_wav/S-0573.wav,DataSED - DataSED - Dataset for Sound Event Detection of environmental noise/SED_wav/S-0573.wav,DataSED - DataSED - Dataset for Sound Event Detection of environmental noise/SED_wav/S-0573.npy,618878,44fd2d1de2d24ec56763ca388ac498b497f367d1f7750b2ebc1c0d199587805f,16000
datased:DataSED - DataSED - Dataset for Sound Event Detection of environmental noise/SED_wav/S-0574.wav,DataSED - DataSED - Dataset for Sound Event Detection of environmental noise/SED_wav/S-0574.wav,DataSED - DataSED - Dataset for Sound Event Detection of environmental noise/SED_wav/S-0574.npy,502096,617aaafaa42d100ab947aeda02cd0380ef3589bc313996e859ff1542e1a5d5b1,16000
datased:DataSED - DataSED - Dataset for Sound Event Detection of environmental noise/SED_wav/S-0575.wav,DataSED - DataSED - Dataset for Sound Event Detection of environmental noise/SED_wav/S-0575.wav,DataSED - DataSED - Dataset for Sound Event Detection of environmental noise/SED_wav/S-0575.npy,1649203,3a0a44029ac221dd1eed1ce8a7fd098abeac0659beae9134855d6663a67ba450,16000
datased:DataSED - DataSED - Dataset for Sound Event Detection of environmental noise/SED_wav/S-0576.wav,DataSED - DataSED - Dataset for Sound Event Detection of environmental noise/SED_wav/S-0576.wav,DataSED - DataSED - Dataset for Sound Event Detection of environmental noise/SED_wav/S-0576.npy,3610782,6f8618c1928c71317ba008944d9947b3cbf484416694790943639eb865687869,16000
datased:DataSED - DataSED - Dataset for Sound Event Detection of environmental noise/SED_wav/S-0577.wav,DataSED - DataSED - Dataset for Sound Event Detection of environmental noise/SED_wav/S-0577.wav,DataSED - DataSED - Dataset for Sound Event Detection of environmental noise/SED_wav/S-0577.npy,1955940,d0f1d395fedbe28193e22bb827805ef2f667c9d414caf3bde972f3494b3a84dd,16000
datased:DataSED - DataSED - Dataset for Sound Event Detection of environmental noise/SED_wav/S-0578.wav,DataSED - DataSED - Dataset for Sound Event Detection of environmental noise/SED_wav/S-0578.wav,DataSED - DataSED - Dataset for Sound Event Detection of environmental noise/SED_wav/S-0578.npy,2051660,6553911baf6058c1250f68b76ae1da0476efd9757e8b0d86680a6271da03a5c5,16000
datased:DataSED - DataSED - Dataset for Sound Event Detection of environmental noise/SED_wav/S-0579.wav,DataSED - DataSED - Dataset for Sound Event Detection of environmental noise/SED_wav/S-0579.wav,DataSED - DataSED - Dataset for Sound Event Detection of environmental noise/SED_wav/S-0579.npy,2422081,f7de676aa045bc20debb15f8d26bb0ad4883a88ee890ec7257fb5a177292de44,16000
datased:DataSED - DataSED - Dataset for Sound Event Detection of environmental noise/SED_wav/S-0580.wav,DataSED - DataSED - Dataset for Sound Event Detection of environmental noise/SED_wav/S-0580.wav,DataSED - DataSED - Dataset for Sound Event Detection of environmental noise/SED_wav/S-0580.npy,1543776,a5518a0c264b053c248c87efb5434dc1aa32cdab857e3a6b5850eab446e29f22,16000
datased:DataSED - DataSED - Dataset for Sound Event Detection of environmental noise/SED_wav/S-0581.wav,DataSED - DataSED - Dataset for Sound Event Detection of environmental noise/SED_wav/S-0581.wav,DataSED - DataSED - Dataset for Sound Event Detection of environmental noise/SED_wav/S-0581.npy,855077,d4a89b64cc421a5628aad2221707b485b01e6e34b4a473ca7d8defab866e0378,16000
datased:DataSED - DataSED - Dataset for Sound Event Detection of environmental noise/SED_wav/S-0582.wav,DataSED - DataSED - Dataset for Sound Event Detection of environmental noise/SED_wav/S-0582.wav,DataSED - DataSED - Dataset for Sound Event Detection of environmental noise/SED_wav/S-0582.npy,1492234,f2a6f34517febad4ade27d28381fdd5cfb1265c7bba3ab1bb03f3fa0ae850e4d,16000
datased:DataSED - DataSED - Dataset for Sound Event Detection of environmental noise/SED_wav/S-0583.wav,DataSED - DataSED - Dataset for Sound Event Detection of environmental noise/SED_wav/S-0583.wav,DataSED - DataSED - Dataset for Sound Event Detection of environmental noise/SED_wav/S-0583.npy,626974,a42b7ce635ef572ed1cad9edac875ffed7125d64ed55d7fe74bea1c237ad3886,16000
datased:DataSED - DataSED - Dataset for Sound Event Detection of environmental noise/SED_wav/S-0584.wav,DataSED - DataSED - Dataset for Sound Event Detection of environmental noise/SED_wav/S-0584.wav,DataSED - DataSED - Dataset for Sound Event Detection of environmental noise/SED_wav/S-0584.npy,1730769,ff80ded84b4d2f4bd29f27ad0e09d65f9762e4257b8bce819ead2f365bf18458,16000
datased:DataSED - DataSED - Dataset for Sound Event Detection of environmental noise/SED_wav/S-0585.wav,DataSED - DataSED - Dataset for Sound Event Detection of environmental noise/SED_wav/S-0585.wav,DataSED - DataSED - Dataset for Sound Event Detection of environmental noise/SED_wav/S-0585.npy,1991583,0e7dbe1154d87c520e55a70806c7bb1f412d5ff94cdaa5fd20e2becf9335cf39,16000
datased:DataSED - DataSED - Dataset for Sound Event Detection of environmental noise/SED_wav/S-0586.wav,DataSED - DataSED - Dataset for Sound Event Detection of environmental noise/SED_wav/S-0586.wav,DataSED - DataSED - Dataset for Sound Event Detection of environmental noise/SED_wav/S-0586.npy,271210,8cd29b648e8fd32af46089fdd934595f019974d798fe1b9646c3f4dc895278db,16000
datased:DataSED - DataSED - Dataset for Sound Event Detection of environmental noise/SED_wav/S-0587.wav,DataSED - DataSED - Dataset for Sound Event Detection of environmental noise/SED_wav/S-0587.wav,DataSED - DataSED - Dataset for Sound Event Detection of environmental noise/SED_wav/S-0587.npy,6388081,d2ef65ff19566cc4af64a4e391b788e0c200c45d955bc89047f3d259017aa7bc,16000
datased:DataSED - DataSED - Dataset for Sound Event Detection of environmental noise/SED_wav/S-0588.wav,DataSED - DataSED - Dataset for Sound Event Detection of environmental noise/SED_wav/S-0588.wav,DataSED - DataSED - Dataset for Sound Event Detection of environmental noise/SED_wav/S-0588.npy,648051,84667a7894dbbed6fb03efc2f922062b8ff3f2914a373b99f852d75f77916645,16000
datased:DataSED - DataSED - Dataset for Sound Event Detection of environmental noise/SED_wav/S-0589.wav,DataSED - DataSED - Dataset for Sound Event Detection of environmental noise/SED_wav/S-0589.wav,DataSED - DataSED - Dataset for Sound Event Detection of environmental noise/SED_wav/S-0589.npy,1223785,03df8568cdc6618558f8b88f67f15392ee14add931926a6a8bdc504290c20bfe,16000
datased:DataSED - DataSED - Dataset for Sound Event Detection of environmental noise/SED_wav/S-0590.wav,DataSED - DataSED - Dataset for Sound Event Detection of environmental noise/SED_wav/S-0590.wav,DataSED - DataSED - Dataset for Sound Event Detection of environmental noise/SED_wav/S-0590.npy,3236658,af9b682787a1ae1bd1eb7f0e5f4839fa4819c83e04d4292cdf6c54d43d8fed43,16000
datased:DataSED - DataSED - Dataset for Sound Event Detection of environmental noise/SED_wav/S-0591.wav,DataSED - DataSED - Dataset for Sound Event Detection of environmental noise/SED_wav/S-0591.wav,DataSED - DataSED - Dataset for Sound Event Detection of environmental noise/SED_wav/S-0591.npy,1081852,9c0a5e8d2e7f4b6b2000676ae5658c6731d326014c4164e581f0fc84f8c6ea31,16000
datased:DataSED - DataSED - Dataset for Sound Event Detection of environmental noise/SED_wav/S-0592.wav,DataSED - DataSED - Dataset for Sound Event Detection of environmental noise/SED_wav/S-0592.wav,DataSED - DataSED - Dataset for Sound Event Detection of environmental noise/SED_wav/S-0592.npy,662121,e0a918d42b45f7e46c62b6557195c2c4cee733b53f4b4c2ee740f7d28d9363c2,16000
datased:DataSED - DataSED - Dataset for Sound Event Detection of environmental noise/SED_wav/S-0593.wav,DataSED - DataSED - Dataset for Sound Event Detection of environmental noise/SED_wav/S-0593.wav,DataSED - DataSED - Dataset for Sound Event Detection of environmental noise/SED_wav/S-0593.npy,2830592,51a0b6c6fd1fb75d7a2548d9a45a96bc2ce08748589505c7921cf9adcd3682ed,16000
datased:DataSED - DataSED - Dataset for Sound Event Detection of environmental noise/SED_wav/S-0594.wav,DataSED - DataSED - Dataset for Sound Event Detection of environmental noise/SED_wav/S-0594.wav,DataSED - DataSED - Dataset for Sound Event Detection of environmental noise/SED_wav/S-0594.npy,1423033,9ade5b11e13ab7c84a6a28bea935e5446d1a327eb4a8f918c499ed758ecc45a2,16000
datased:DataSED - DataSED - Dataset for Sound Event Detection of environmental noise/SED_wav/S-0595.wav,DataSED - DataSED - Dataset for Sound Event Detection of environmental noise/SED_wav/S-0595.wav,DataSED - DataSED - Dataset for Sound Event Detection of environmental noise/SED_wav/S-0595.npy,558812,0759558e315d96a12d60d3a57d3fe9f2338fb3afded19a95e46230c2a637722b,16000
datased:DataSED - DataSED - Dataset for Sound Event Detection of environmental noise/SED_wav/S-0596.wav,DataSED - DataSED - Dataset for Sound Event Detection of environmental noise/SED_wav/S-0596.wav,DataSED - DataSED - Dataset for Sound Event Detection of environmental noise/SED_wav/S-0596.npy,283795,3458b898bbd3fab52da83b3bfbecedbe2f8704097f655b67dffa75aee253b896,16000
datased:DataSED - DataSED - Dataset for Sound Event Detection of environmental noise/SED_wav/S-0597.wav,DataSED - DataSED - Dataset for Sound Event Detection of environmental noise/SED_wav/S-0597.wav,DataSED - DataSED - Dataset for Sound Event Detection of environmental noise/SED_wav/S-0597.npy,728085,288b90ffcbbfec45e47f8cbe7279f2998232c2096add79fd632c869e8d12303a,16000
datased:DataSED - DataSED - Dataset for Sound Event Detection of environmental noise/SED_wav/S-0598.wav,DataSED - DataSED - Dataset for Sound Event Detection of environmental noise/SED_wav/S-0598.wav,DataSED - DataSED - Dataset for Sound Event Detection of environmental noise/SED_wav/S-0598.npy,754835,d3900ad2617eb0afb697611243b25fe7360545656bceb226d25976f5739658f6,16000
datased:DataSED - DataSED - Dataset for Sound Event Detection of environmental noise/SED_wav/S-0599.wav,DataSED - DataSED - Dataset for Sound Event Detection of environmental noise/SED_wav/S-0599.wav,DataSED - DataSED - Dataset for Sound Event Detection of environmental noise/SED_wav/S-0599.npy,480000,d4c2c31ce8c3d24fd203c3b199876eca89882ded365b3a4086edf032c66b4f41,16000
datased:DataSED - DataSED - Dataset for Sound Event Detection of environmental noise/SED_wav/S-0600.wav,DataSED - DataSED - Dataset for Sound Event Detection of environmental noise/SED_wav/S-0600.wav,DataSED - DataSED - Dataset for Sound Event Detection of environmental noise/SED_wav/S-0600.npy,437186,04e97bd857173e66476f695414e04b6dd23ca333d0387cde3a72e21ff7422fa1,16000
datased:DataSED - DataSED - Dataset for Sound Event Detection of environmental noise/SED_wav/S-0601.wav,DataSED - DataSED - Dataset for Sound Event Detection of environmental noise/SED_wav/S-0601.wav,DataSED - DataSED - Dataset for Sound Event Detection of environmental noise/SED_wav/S-0601.npy,320993,e9efb3b7f7106883d2784ee9c1f955e79c147cc914bde2ebbe33be636b4a1108,16000
datased:DataSED - DataSED - Dataset for Sound Event Detection of environmental noise/SED_wav/S-0602.wav,DataSED - DataSED - Dataset for Sound Event Detection of environmental noise/SED_wav/S-0602.wav,DataSED - DataSED - Dataset for Sound Event Detection of environmental noise/SED_wav/S-0602.npy,501134,4172abd06ebfc6c1b69cc4307f79e883da123911c433268a0cda2ef94a569e78,16000
datased:DataSED - DataSED - Dataset for Sound Event Detection of environmental noise/SED_wav/S-0603.wav,DataSED - DataSED - Dataset for Sound Event Detection of environmental noise/SED_wav/S-0603.wav,DataSED - DataSED - Dataset for Sound Event Detection of environmental noise/SED_wav/S-0603.npy,961008,668fdeaa34adc6ac89ec718b83ec6502b2807522d94b7c9a2656d25aa624daac,16000
datased:DataSED - DataSED - Dataset for Sound Event Detection of environmental noise/SED_wav/S-0604.wav,DataSED - DataSED - Dataset for Sound Event Detection of environmental noise/SED_wav/S-0604.wav,DataSED - DataSED - Dataset for Sound Event Detection of environmental noise/SED_wav/S-0604.npy,272510,c0a4ed4ccaf76b9d9bb44cbcd3425a8380ab4894e0fa07c2e07d2e04f64d98bd,16000
datased:DataSED - DataSED - Dataset for Sound Event Detection of environmental noise/SED_wav/S-0605.wav,DataSED - DataSED - Dataset for Sound Event Detection of environmental noise/SED_wav/S-0605.wav,DataSED - DataSED - Dataset for Sound Event Detection of environmental noise/SED_wav/S-0605.npy,256209,d42a2b75c23a19476daf2b2ef362e072f0c41b17326be0a5d713070ff12ff0da,16000
datased:DataSED - DataSED - Dataset for Sound Event Detection of environmental noise/SED_wav/S-0606.wav,DataSED - DataSED - Dataset for Sound Event Detection of environmental noise/SED_wav/S-0606.wav,DataSED - DataSED - Dataset for Sound Event Detection of environmental noise/SED_wav/S-0606.npy,491103,d11389b5afd3330fef7286f285530d1f419eb108bbeb028f791c6b33544bc930,16000
datased:DataSED - DataSED - Dataset for Sound Event Detection of environmental noise/SED_wav/S-0607.wav,DataSED - DataSED - Dataset for Sound Event Detection of environmental noise/SED_wav/S-0607.wav,DataSED - DataSED - Dataset for Sound Event Detection of environmental noise/SED_wav/S-0607.npy,506149,c48f577fa54155327c1d8c82553ee7fb1220a81a4a85e97fe9acee488b1b9b1b,16000
datased:DataSED - DataSED - Dataset for Sound Event Detection of environmental noise/SED_wav/S-0608.wav,DataSED - DataSED - Dataset for Sound Event Detection of environmental noise/SED_wav/S-0608.wav,DataSED - DataSED - Dataset for Sound Event Detection of environmental noise/SED_wav/S-0608.npy,384000,075a6f61170bece6537fb95a5552cddf071c8734ca57e518604c44adcb6a334b,16000
datased:DataSED - DataSED - Dataset for Sound Event Detection of environmental noise/SED_wav/S-0609.wav,DataSED - DataSED - Dataset for Sound Event Detection of environmental noise/SED_wav/S-0609.wav,DataSED - DataSED - Dataset for Sound Event Detection of environmental noise/SED_wav/S-0609.npy,240000,66e788e20b50b98423f5e0c4a822e6369fec0d033b3f046c7c6a60d3cba6cfd6,16000
datased:DataSED - DataSED - Dataset for Sound Event Detection of environmental noise/SED_wav/S-0610.wav,DataSED - DataSED - Dataset for Sound Event Detection of environmental noise/SED_wav/S-0610.wav,DataSED - DataSED - Dataset for Sound Event Detection of environmental noise/SED_wav/S-0610.npy,359445,09e52dec367de8e0596fc39bfeae766d29862ba77ff37e93fda4323e4d133b2f,16000
datased:DataSED - DataSED - Dataset for Sound Event Detection of environmental noise/SED_wav/S-0611.wav,DataSED - DataSED - Dataset for Sound Event Detection of environmental noise/SED_wav/S-0611.wav,DataSED - DataSED - Dataset for Sound Event Detection of environmental noise/SED_wav/S-0611.npy,493610,57a2f7966c477d40a15c4f035704a746b0fe13ef78153530c54b6c9cd2562d75,16000
datased:DataSED - DataSED - Dataset for Sound Event Detection of environmental noise/SED_wav/S-0612.wav,DataSED - DataSED - Dataset for Sound Event Detection of environmental noise/SED_wav/S-0612.wav,DataSED - DataSED - Dataset for Sound Event Detection of environmental noise/SED_wav/S-0612.npy,486505,09277d7230ed701b2e3f4d3b9090efe4125386bb2726830d8306ed4a6e46b72a,16000
datased:DataSED - DataSED - Dataset for Sound Event Detection of environmental noise/SED_wav/S-0613.wav,DataSED - DataSED - Dataset for Sound Event Detection of environmental noise/SED_wav/S-0613.wav,DataSED - DataSED - Dataset for Sound Event Detection of environmental noise/SED_wav/S-0613.npy,511165,941b604baff1f963c7ce110d5fe21752595459dae3b9ed5529e12315526771e3,16000
datased:DataSED - DataSED - Dataset for Sound Event Detection of environmental noise/SED_wav/S-0614.wav,DataSED - DataSED - Dataset for Sound Event Detection of environmental noise/SED_wav/S-0614.wav,DataSED - DataSED - Dataset for Sound Event Detection of environmental noise/SED_wav/S-0614.npy,475638,8f4af1693b742bad9f5016103e942ae26d1c0cc45e409b53fdcd5ec91c975d62,16000
datased:DataSED - DataSED - Dataset for Sound Event Detection of environmental noise/SED_wav/S-0615.wav,DataSED - DataSED - Dataset for Sound Event Detection of environmental noise/SED_wav/S-0615.wav,DataSED - DataSED - Dataset for Sound Event Detection of environmental noise/SED_wav/S-0615.npy,369476,e7d604df6a725b91f9c4f93b4dbfc255e79bc7eccab245be1b138fbb6b408519,16000
datased:DataSED - DataSED - Dataset for Sound Event Detection of environmental noise/SED_wav/S-0616.wav,DataSED - DataSED - Dataset for Sound Event Detection of environmental noise/SED_wav/S-0616.wav,DataSED - DataSED - Dataset for Sound Event Detection of environmental noise/SED_wav/S-0616.npy,144614,a571001cf743f9c9367d41a60ab5528665d9df39f736194568c0c3349f421ed7,16000
datased:DataSED - DataSED - Dataset for Sound Event Detection of environmental noise/SED_wav/S-0617.wav,DataSED - DataSED - Dataset for Sound Event Detection of environmental noise/SED_wav/S-0617.wav,DataSED - DataSED - Dataset for Sound Event Detection of environmental noise/SED_wav/S-0617.npy,443873,6443861a07ba540be4bde2bae3cf4d19e3960e2514b450253fd7e3823f3c0e6d,16000
datased:DataSED - DataSED - Dataset for Sound Event Detection of environmental noise/SED_wav/S-0618.wav,DataSED - DataSED - Dataset for Sound Event Detection of environmental noise/SED_wav/S-0618.wav,DataSED - DataSED - Dataset for Sound Event Detection of environmental noise/SED_wav/S-0618.npy,734773,7427491ef1b026411683e3205325e0f12181cf74180b3ecaffbddb372af9f739,16000
datased:DataSED - DataSED - Dataset for Sound Event Detection of environmental noise/SED_wav/S-0619.wav,DataSED - DataSED - Dataset for Sound Event Detection of environmental noise/SED_wav/S-0619.wav,DataSED - DataSED - Dataset for Sound Event Detection of environmental noise/SED_wav/S-0619.npy,926570,a059e50235f8960ad2f2bc71cdb3f8ce9d08f91fdb0a33eebc0a56c48c01e9f1,16000
datased:DataSED - DataSED - Dataset for Sound Event Detection of environmental noise/SED_wav/S-0620.wav,DataSED - DataSED - Dataset for Sound Event Detection of environmental noise/SED_wav/S-0620.wav,DataSED - DataSED - Dataset for Sound Event Detection of environmental noise/SED_wav/S-0620.npy,417124,f7ba799c87b248a16e58eb6601c29886917c5b006ac394f5a689704ba3730736,16000
datased:DataSED - DataSED - Dataset for Sound Event Detection of environmental noise/SED_wav/S-0621.wav,DataSED - DataSED - Dataset for Sound Event Detection of environmental noise/SED_wav/S-0621.wav,DataSED - DataSED - Dataset for Sound Event Detection of environmental noise/SED_wav/S-0621.npy,509911,9ca67ad1e7d012c88727f834850a3112b09e33acf755a0021dbe0ab722f341c2,16000
datased:DataSED - DataSED - Dataset for Sound Event Detection of environmental noise/SED_wav/S-0622.wav,DataSED - DataSED - Dataset for Sound Event Detection of environmental noise/SED_wav/S-0622.wav,DataSED - DataSED - Dataset for Sound Event Detection of environmental noise/SED_wav/S-0622.npy,491103,d11389b5afd3330fef7286f285530d1f419eb108bbeb028f791c6b33544bc930,16000
datased:DataSED - DataSED - Dataset for Sound Event Detection of environmental noise/SED_wav/S-0623.wav,DataSED - DataSED - Dataset for Sound Event Detection of environmental noise/SED_wav/S-0623.wav,DataSED - DataSED - Dataset for Sound Event Detection of environmental noise/SED_wav/S-0623.npy,509911,9ca67ad1e7d012c88727f834850a3112b09e33acf755a0021dbe0ab722f341c2,16000
datased:DataSED - DataSED - Dataset for Sound Event Detection of environmental noise/SED_wav/S-0624.wav,DataSED - DataSED - Dataset for Sound Event Detection of environmental noise/SED_wav/S-0624.wav,DataSED - DataSED - Dataset for Sound Event Detection of environmental noise/SED_wav/S-0624.npy,615236,8d5ca857bc83a9840b8b2ec5bca476e64dee8122f785a3054bb959c0165aec3c,16000
datased:DataSED - DataSED - Dataset for Sound Event Detection of environmental noise/SED_wav/S-0625.wav,DataSED - DataSED - Dataset for Sound Event Detection of environmental noise/SED_wav/S-0625.wav,DataSED - DataSED - Dataset for Sound Event Detection of environmental noise/SED_wav/S-0625.npy,508657,068d4dd355dba33c6f63f93a754bb3a18af8578a338fa4990a9340315dddb3da,16000
datased:DataSED - DataSED - Dataset for Sound Event Detection of environmental noise/SED_wav/S-0626.wav,DataSED - DataSED - Dataset for Sound Event Detection of environmental noise/SED_wav/S-0626.wav,DataSED - DataSED - Dataset for Sound Event Detection of environmental noise/SED_wav/S-0626.npy,394554,9f0a772aa96ccaadc5e73d84b1086d54801c4b2c4f2c688abdb09b2fe0e6d49c,16000
datased:DataSED - DataSED - Dataset for Sound Event Detection of environmental noise/SED_wav/S-0627.wav,DataSED - DataSED - Dataset for Sound Event Detection of environmental noise/SED_wav/S-0627.wav,DataSED - DataSED - Dataset for Sound Event Detection of environmental noise/SED_wav/S-0627.npy,388703,68516cb74a2ada6e2407942e1682725fc881e5a6c77d47bed6819cdba864cfae,16000
datased:DataSED - DataSED - Dataset for Sound Event Detection of environmental noise/SED_wav/S-0628.wav,DataSED - DataSED - Dataset for Sound Event Detection of environmental noise/SED_wav/S-0628.wav,DataSED - DataSED - Dataset for Sound Event Detection of environmental noise/SED_wav/S-0628.npy,243200,7aca7b9823bbe31e46da3b62186a209c3820f3da08411e0bb8b33a3bc4f93651,16000
datased:DataSED - DataSED - Dataset for Sound Event Detection of environmental noise/SED_wav/S-0629.wav,DataSED - DataSED - Dataset for Sound Event Detection of environmental noise/SED_wav/S-0629.wav,DataSED - DataSED - Dataset for Sound Event Detection of environmental noise/SED_wav/S-0629.npy,509014,e0006ab04b97c45b7dc55ff8b7e367c9c984ac1cfeb127299ff53853a455e6ae,16000
datased:DataSED - DataSED - Dataset for Sound Event Detection of environmental noise/SED_wav/S-0630.wav,DataSED - DataSED - Dataset for Sound Event Detection of environmental noise/SED_wav/S-0630.wav,DataSED - DataSED - Dataset for Sound Event Detection of environmental noise/SED_wav/S-0630.npy,243200,730b576ce70e14427cd345d4090b7666561f38b73219ec95cdcf359296735bf8,16000
datased:DataSED - DataSED - Dataset for Sound Event Detection of environmental noise/SED_wav/S-0631.wav,DataSED - DataSED - Dataset for Sound Event Detection of environmental noise/SED_wav/S-0631.wav,DataSED - DataSED - Dataset for Sound Event Detection of environmental noise/SED_wav/S-0631.npy,551147,f7f84134749406091ebf3eabe6d64296ce60e8f1f2e76c75e46dcde8fa24103b,16000
datased:DataSED - DataSED - Dataset for Sound Event Detection of environmental noise/SED_wav/S-0632.wav,DataSED - DataSED - Dataset for Sound Event Detection of environmental noise/SED_wav/S-0632.wav,DataSED - DataSED - Dataset for Sound Event Detection of environmental noise/SED_wav/S-0632.npy,1021440,80cf40f46b3d2a2359d11e067774e932b9bc00a5d01fea7a2c52a98d1c701342,16000
datased:DataSED - DataSED - Dataset for Sound Event Detection of environmental noise/SED_wav/S-0633.wav,DataSED - DataSED - Dataset for Sound Event Detection of environmental noise/SED_wav/S-0633.wav,DataSED - DataSED - Dataset for Sound Event Detection of environmental noise/SED_wav/S-0633.npy,851840,fa16dfb952e67d56e51dddd13fe10389bc797f0657f1e296bda32c09b1eff43e,16000
datased:DataSED - DataSED - Dataset for Sound Event Detection of environmental noise/SED_wav/S-0634.wav,DataSED - DataSED - Dataset for Sound Event Detection of environmental noise/SED_wav/S-0634.wav,DataSED - DataSED - Dataset for Sound Event Detection of environmental noise/SED_wav/S-0634.npy,1333120,9e09f661870000c1ff6eaef14d97d709e7eec25dd742bbdf4d38c9bcf9980003,16000
datased:DataSED - DataSED - Dataset for Sound Event Detection of environmental noise/SED_wav/S-0635.wav,DataSED - DataSED - Dataset for Sound Event Detection of environmental noise/SED_wav/S-0635.wav,DataSED - DataSED - Dataset for Sound Event Detection of environmental noise/SED_wav/S-0635.npy,323840,c0ce95beeba893b4dbf96f82cae057c9c97f3571731e1dbf34d5a33d49cddc6a,16000
datased:DataSED - DataSED - Dataset for Sound Event Detection of environmental noise/SED_wav/S-0636.wav,DataSED - DataSED - Dataset for Sound Event Detection of environmental noise/SED_wav/S-0636.wav,DataSED - DataSED - Dataset for Sound Event Detection of environmental noise/SED_wav/S-0636.npy,342187,9cce4d459d47cbf82689f2e7f08658c720e2908998cdd864f5c33ec9dba714ce,16000
datased:DataSED - DataSED - Dataset for Sound Event Detection of environmental noise/SED_wav/S-0637.wav,DataSED - DataSED - Dataset for Sound Event Detection of environmental noise/SED_wav/S-0637.wav,DataSED - DataSED - Dataset for Sound Event Detection of environmental noise/SED_wav/S-0637.npy,329174,fb04c64c35cffae7dbfacf62eece34157f548ae9c7320fcaf33b6f33e3d86844,16000
datased:DataSED - DataSED - Dataset for Sound Event Detection of environmental noise/SED_wav/S-0638.wav,DataSED - DataSED - Dataset for Sound Event Detection of environmental noise/SED_wav/S-0638.wav,DataSED - DataSED - Dataset for Sound Event Detection of environmental noise/SED_wav/S-0638.npy,418347,08fad3b45187f038d727821902b573041e4e86adbd6ed6801f537f3c8a90db38,16000
datased:DataSED - DataSED - Dataset for Sound Event Detection of environmental noise/SED_wav/S-0639.wav,DataSED - DataSED - Dataset for Sound Event Detection of environmental noise/SED_wav/S-0639.wav,DataSED - DataSED - Dataset for Sound Event Detection of environmental noise/SED_wav/S-0639.npy,562347,eddddfbc8dc370e00512be05b8c48ca7fdbb828563ccfcbe80ddf4b60eb1fa3d,16000
datased:DataSED - DataSED - Dataset for Sound Event Detection of environmental noise/SED_wav/S-0640.wav,DataSED - DataSED - Dataset for Sound Event Detection of environmental noise/SED_wav/S-0640.wav,DataSED - DataSED - Dataset for Sound Event Detection of environmental noise/SED_wav/S-0640.npy,1045120,51736b139d549fa0d6b89ebd921342c154c87022387ce34dbdc2307251becd62,16000
datased:DataSED - DataSED - Dataset for Sound Event Detection of environmental noise/SED_wav/S-0641.wav,DataSED - DataSED - Dataset for Sound Event Detection of environmental noise/SED_wav/S-0641.wav,DataSED - DataSED - Dataset for Sound Event Detection of environmental noise/SED_wav/S-0641.npy,781440,c024056ace1b2323622a350f4d788ddc596c2036c8a3eeef24f147b96aa01fee,16000
datased:DataSED - DataSED - Dataset for Sound Event Detection of environmental noise/SED_wav/S-0642.wav,DataSED - DataSED - Dataset for Sound Event Detection of environmental noise/SED_wav/S-0642.wav,DataSED - DataSED - Dataset for Sound Event Detection of environmental noise/SED_wav/S-0642.npy,786347,228c519c3cc2e95cb92c4057f961117d98ca6b0a99660b49cba754dd198f3bfc,16000
datased:DataSED - DataSED - Dataset for Sound Event Detection of environmental noise/SED_wav/S-0643.wav,DataSED - DataSED - Dataset for Sound Event Detection of environmental noise/SED_wav/S-0643.wav,DataSED - DataSED - Dataset for Sound Event Detection of environmental noise/SED_wav/S-0643.npy,495147,ef426e3a6fd552d4ff8a22e57b1bfe1239e1ad8a84a493c2fe2105bd72ca6268,16000
datased:DataSED - DataSED - Dataset for Sound Event Detection of environmental noise/SED_wav/S-0644.wav,DataSED - DataSED - Dataset for Sound Event Detection of environmental noise/SED_wav/S-0644.wav,DataSED - DataSED - Dataset for Sound Event Detection of environmental noise/SED_wav/S-0644.npy,474277,4df95506faf6cdffe4b090dd20bf4c1ad51a8db189f1a2f7f914b6df7d2cf4e8,16000
datased:DataSED - DataSED - Dataset for Sound Event Detection of environmental noise/SED_wav/S-0645.wav,DataSED - DataSED - Dataset for Sound Event Detection of environmental noise/SED_wav/S-0645.wav,DataSED - DataSED - Dataset for Sound Event Detection of environmental noise/SED_wav/S-0645.npy,1886313,8672a0418cc106cfa5b2d2b2e745aa89733678ba661e99bccf35e94b9d2cf8bf,16000
datased:DataSED - DataSED - Dataset for Sound Event Detection of environmental noise/SED_wav/S-0646.wav,DataSED - DataSED - Dataset for Sound Event Detection of environmental noise/SED_wav/S-0646.wav,DataSED - DataSED - Dataset for Sound Event Detection of environmental noise/SED_wav/S-0646.npy,1778030,f34bb207b0c582aba2f8aa8d84eaeb2d2f9c30b0df2ac3f36929015fd7d469da,16000
datased:DataSED - DataSED - Dataset for Sound Event Detection of environmental noise/SED_wav/S-0647.wav,DataSED - DataSED - Dataset for Sound Event Detection of environmental noise/SED_wav/S-0647.wav,DataSED - DataSED - Dataset for Sound Event Detection of environmental noise/SED_wav/S-0647.npy,1977333,ad028bfbd48ecb6278fb7f0e387b3d391a90e9fbdeab04e2e115b162534ba983,16000
datased:DataSED - DataSED - Dataset for Sound Event Detection of environmental noise/SED_wav/S-0648.wav,DataSED - DataSED - Dataset for Sound Event Detection of environmental noise/SED_wav/S-0648.wav,DataSED - DataSED - Dataset for Sound Event Detection of environmental noise/SED_wav/S-0648.npy,2131125,b03afe40f031f0820c899425fbef312bfc618b6f63b0fe95c13797976af86807,16000
datased:DataSED - DataSED - Dataset for Sound Event Detection of environmental noise/SED_wav/S-0649.wav,DataSED - DataSED - Dataset for Sound Event Detection of environmental noise/SED_wav/S-0649.wav,DataSED - DataSED - Dataset for Sound Event Detection of environmental noise/SED_wav/S-0649.npy,2262947,e37fe32de711b325be44e0a2ddc30a5fa4c47eae0796ff916d8970edaecfc940,16000
datased:DataSED - DataSED - Dataset for Sound Event Detection of environmental noise/SED_wav/S-0650.wav,DataSED - DataSED - Dataset for Sound Event Detection of environmental noise/SED_wav/S-0650.wav,DataSED - DataSED - Dataset for Sound Event Detection of environmental noise/SED_wav/S-0650.npy,2401047,9eb14fef6f2bedcf422809d4b0403f20e6f41cec17989c889ea605b0a9a81567,16000
datased:DataSED - DataSED - Dataset for Sound Event Detection of environmental noise/SED_wav/S-0651.wav,DataSED - DataSED - Dataset for Sound Event Detection of environmental noise/SED_wav/S-0651.wav,DataSED - DataSED - Dataset for Sound Event Detection of environmental noise/SED_wav/S-0651.npy,1797255,8dd05d2b479695999dee5ac43002735934c6e08176b6024d6b2a686e8c614b8a,16000
datased:DataSED - DataSED - Dataset for Sound Event Detection of environmental noise/SED_wav/S-0652.wav,DataSED - DataSED - Dataset for Sound Event Detection of environmental noise/SED_wav/S-0652.wav,DataSED - DataSED - Dataset for Sound Event Detection of environmental noise/SED_wav/S-0652.npy,2862424,f0621d850bf2d00ae5527e474315e3a89d5a3b21e906b499843c4173b3a3cced,16000
datased:DataSED - DataSED - Dataset for Sound Event Detection of environmental noise/SED_wav/S-0653.wav,DataSED - DataSED - Dataset for Sound Event Detection of environmental noise/SED_wav/S-0653.wav,DataSED - DataSED - Dataset for Sound Event Detection of environmental noise/SED_wav/S-0653.npy,2284918,a4d8aeb33d3443bd7ac3d9c3011e45dd53f7871085286002a6cd417e1312ebc2,16000
datased:DataSED - DataSED - Dataset for Sound Event Detection of environmental noise/SED_wav/S-0654.wav,DataSED - DataSED - Dataset for Sound Event Detection of environmental noise/SED_wav/S-0654.wav,DataSED - DataSED - Dataset for Sound Event Detection of environmental noise/SED_wav/S-0654.npy,1472028,59b9a38c37c3ba2b98e36374bab2ea4d14fbdaa74719cd37860c3824f484503a,16000
datased:DataSED - DataSED - Dataset for Sound Event Detection of environmental noise/SED_wav/S-0655.wav,DataSED - DataSED - Dataset for Sound Event Detection of environmental noise/SED_wav/S-0655.wav,DataSED - DataSED - Dataset for Sound Event Detection of environmental noise/SED_wav/S-0655.npy,1827278,00177acbbf4673f2c204ce614cf9133c49c0ca04e20cdf4e3fa03c7a963916f7,16000
datased:DataSED - DataSED - Dataset for Sound Event Detection of environmental noise/SED_wav/S-0656.wav,DataSED - DataSED - Dataset for Sound Event Detection of environmental noise/SED_wav/S-0656.wav,DataSED - DataSED - Dataset for Sound Event Detection of environmental noise/SED_wav/S-0656.npy,1764087,c70bad0cd2f0f6bb585ae71ea2c36e94cf1ccbf3f74bd038f7a65469b6be3115,16000
datased:DataSED - DataSED - Dataset for Sound Event Detection of environmental noise/SED_wav/S-0657.wav,DataSED - DataSED - Dataset for Sound Event Detection of environmental noise/SED_wav/S-0657.wav,DataSED - DataSED - Dataset for Sound Event Detection of environmental noise/SED_wav/S-0657.npy,609965,c53074b90f9dcbc2fc518a8d94f08177f3861db275937f6fe87a51f2a970ed04,16000
datased:DataSED - DataSED - Dataset for Sound Event Detection of environmental noise/SED_wav/S-0658.wav,DataSED - DataSED - Dataset for Sound Event Detection of environmental noise/SED_wav/S-0658.wav,DataSED - DataSED - Dataset for Sound Event Detection of environmental noise/SED_wav/S-0658.npy,1014964,49b4b2d4136880f76d2753e55e0d783a5f79e80bcc106e60aba1f03dedd80e03,16000
datased:DataSED - DataSED - Dataset for Sound Event Detection of environmental noise/SED_wav/S-0659.wav,DataSED - DataSED - Dataset for Sound Event Detection of environmental noise/SED_wav/S-0659.wav,DataSED - DataSED - Dataset for Sound Event Detection of environmental noise/SED_wav/S-0659.npy,294528,906cf4d83941473a4ee6ae2906c24d9101967a6b4eb7d5a4f1804b61b1d4e394,16000
datased:DataSED - DataSED - Dataset for Sound Event Detection of environmental noise/SED_wav/S-0660.wav,DataSED - DataSED - Dataset for Sound Event Detection of environmental noise/SED_wav/S-0660.wav,DataSED - DataSED - Dataset for Sound Event Detection of environmental noise/SED_wav/S-0660.npy,160390,1d0f17588c884d9602de6447b5edb8b1c43f49200333bc4651125a3a1a93bdfa,16000
datased:DataSED - DataSED - Dataset for Sound Event Detection of environmental noise/SED_wav/S-0661.wav,DataSED - DataSED - Dataset for Sound Event Detection of environmental noise/SED_wav/S-0661.wav,DataSED - DataSED - Dataset for Sound Event Detection of environmental noise/SED_wav/S-0661.npy,1550977,244e822ec64d7ceb9b724da99f300ea62a486632b1ad69335c519baff0f6fc84,16000
datased:DataSED - DataSED - Dataset for Sound Event Detection of environmental noise/SED_wav/S-0662.wav,DataSED - DataSED - Dataset for Sound Event Detection of environmental noise/SED_wav/S-0662.wav,DataSED - DataSED - Dataset for Sound Event Detection of environmental noise/SED_wav/S-0662.npy,577202,ac17cc3d863d4bd75f252f8c3396407b08bac97e2662bebd19060c8de43e1adc,16000
datased:DataSED - DataSED - Dataset for Sound Event Detection of environmental noise/SED_wav/S-0663.wav,DataSED - DataSED - Dataset for Sound Event Detection of environmental noise/SED_wav/S-0663.wav,DataSED - DataSED - Dataset for Sound Event Detection of environmental noise/SED_wav/S-0663.npy,629377,a1f1534539bc8eab252975081a03df2f44211000fc5d472f2d7a50d0a29e4d9b,16000
datased:DataSED - DataSED - Dataset for Sound Event Detection of environmental noise/SED_wav/S-0664.wav,DataSED - DataSED - Dataset for Sound Event Detection of environmental noise/SED_wav/S-0664.wav,DataSED - DataSED - Dataset for Sound Event Detection of environmental noise/SED_wav/S-0664.npy,477697,3811a41be59cc1de0fefd4752037a3d890438e3e295b47a9619851926807bb05,16000
datased:DataSED - DataSED - Dataset for Sound Event Detection of environmental noise/SED_wav/S-0665.wav,DataSED - DataSED - Dataset for Sound Event Detection of environmental noise/SED_wav/S-0665.wav,DataSED - DataSED - Dataset for Sound Event Detection of environmental noise/SED_wav/S-0665.npy,439680,f9a8c42b2cae6f565ad556d6f211a79845d0e81c9854a4313f71e6c576963220,16000
datased:DataSED - DataSED - Dataset for Sound Event Detection of environmental noise/SED_wav/S-0666.wav,DataSED - DataSED - Dataset for Sound Event Detection of environmental noise/SED_wav/S-0666.wav,DataSED - DataSED - Dataset for Sound Event Detection of environmental noise/SED_wav/S-0666.npy,1842433,c4ce8a87bf60b2e2809428ac96748cd6520856855d8b1be4939099a376826f11,16000
datased:DataSED - DataSED - Dataset for Sound Event Detection of environmental noise/SED_wav/S-0667.wav,DataSED - DataSED - Dataset for Sound Event Detection of environmental noise/SED_wav/S-0667.wav,DataSED - DataSED - Dataset for Sound Event Detection of environmental noise/SED_wav/S-0667.npy,171265,4e474302c60beaee17427a882a1c0ebea72ad402507727905f72467e552a353c,16000
datased:DataSED - DataSED - Dataset for Sound Event Detection of environmental noise/SED_wav/S-0668.wav,DataSED - DataSED - Dataset for Sound Event Detection of environmental noise/SED_wav/S-0668.wav,DataSED - DataSED - Dataset for Sound Event Detection of environmental noise/SED_wav/S-0668.npy,1121298,87809cde547e876428dd69a19847ca3c611a32de08ef086a1292aff863d5de96,16000
datased:DataSED - DataSED - Dataset for Sound Event Detection of environmental noise/SED_wav/S-0669.wav,DataSED - DataSED - Dataset for Sound Event Detection of environmental noise/SED_wav/S-0669.wav,DataSED - DataSED - Dataset for Sound Event Detection of environmental noise/SED_wav/S-0669.npy,2512374,8e786098ba5197d54f94c39c7aa8a99e09ee2244f0625a7cb6413c37425c4a58,16000
datased:DataSED - DataSED - Dataset for Sound Event Detection of environmental noise/SED_wav/S-0670.wav,DataSED - DataSED - Dataset for Sound Event Detection of environmental noise/SED_wav/S-0670.wav,DataSED - DataSED - Dataset for Sound Event Detection of environmental noise/SED_wav/S-0670.npy,2087558,7d022d066798b7ee22e5026bb233dc522827e55f5ad674c720bd08d17bdcb224,16000
datased:DataSED - DataSED - Dataset for Sound Event Detection of environmental noise/SED_wav/S-0671.wav,DataSED - DataSED - Dataset for Sound Event Detection of environmental noise/SED_wav/S-0671.wav,DataSED - DataSED - Dataset for Sound Event Detection of environmental noise/SED_wav/S-0671.npy,1694325,85122740c797a579015c96dc159c57cec7af37be29759936ecca6ccaf964d6b7,16000
datased:DataSED - DataSED - Dataset for Sound Event Detection of environmental noise/SED_wav/S-0672.wav,DataSED - DataSED - Dataset for Sound Event Detection of environmental noise/SED_wav/S-0672.wav,DataSED - DataSED - Dataset for Sound Event Detection of environmental noise/SED_wav/S-0672.npy,2874054,0d2f0aa83f7db0798cbd821575bd529b7e230945d036c0691fddae036b9bb552,16000
datased:DataSED - DataSED - Dataset for Sound Event Detection of environmental noise/SED_wav/S-0673.wav,DataSED - DataSED - Dataset for Sound Event Detection of environmental noise/SED_wav/S-0673.wav,DataSED - DataSED - Dataset for Sound Event Detection of environmental noise/SED_wav/S-0673.npy,1046194,e16e9b4e4140283e3930a062834c0eff50c4b3189ad5d33bd1f420b770eaceba,16000
datased:DataSED - DataSED - Dataset for Sound Event Detection of environmental noise/SED_wav/S-0674.wav,DataSED - DataSED - Dataset for Sound Event Detection of environmental noise/SED_wav/S-0674.wav,DataSED - DataSED - Dataset for Sound Event Detection of environmental noise/SED_wav/S-0674.npy,2216052,5f1f70d4f404dd108a065a4c2e42c086705843f8a6d35555c2fad4b41aa59d04,16000
datased:DataSED - DataSED - Dataset for Sound Event Detection of environmental noise/SED_wav/S-0675.wav,DataSED - DataSED - Dataset for Sound Event Detection of environmental noise/SED_wav/S-0675.wav,DataSED - DataSED - Dataset for Sound Event Detection of environmental noise/SED_wav/S-0675.npy,2499874,7686d48e5b37fe8492fbf7d1047a704abddc2529ed2c3e28e6de2778c6771dab,16000
datased:DataSED - DataSED - Dataset for Sound Event Detection of environmental noise/SED_wav/S-0676.wav,DataSED - DataSED - Dataset for Sound Event Detection of environmental noise/SED_wav/S-0676.wav,DataSED - DataSED - Dataset for Sound Event Detection of environmental noise/SED_wav/S-0676.npy,3888179,5e4a9b9289576bc93751b404a0976f5c66bf2b2180c8c9a7ba3028cbcbd848e1,16000
datased:DataSED - DataSED - Dataset for Sound Event Detection of environmental noise/SED_wav/S-0677.wav,DataSED - DataSED - Dataset for Sound Event Detection of environmental noise/SED_wav/S-0677.wav,DataSED - DataSED - Dataset for Sound Event Detection of environmental noise/SED_wav/S-0677.npy,2223074,131b28841a6771edc2ee287eb21f6527ab6320eecfa385177f539401561d0542,16000
datased:DataSED - DataSED - Dataset for Sound Event Detection of environmental noise/SED_wav/S-0678.wav,DataSED - DataSED - Dataset for Sound Event Detection of environmental noise/SED_wav/S-0678.wav,DataSED - DataSED - Dataset for Sound Event Detection of environmental noise/SED_wav/S-0678.npy,1963266,292467b81a8ae2bf62cebf702a62ff88b4317fd62f4e38ed3f28d5d24bebbd09,16000
datased:DataSED - DataSED - Dataset for Sound Event Detection of environmental noise/SED_wav/S-0679.wav,DataSED - DataSED - Dataset for Sound Event Detection of environmental noise/SED_wav/S-0679.wav,DataSED - DataSED - Dataset for Sound Event Detection of environmental noise/SED_wav/S-0679.npy,2662658,f45571ca3f7e81166f69e49616be91b6890029016d1442759d09685997fccf77,16000
datased:DataSED - DataSED - Dataset for Sound Event Detection of environmental noise/SED_wav/S-0680.wav,DataSED - DataSED - Dataset for Sound Event Detection of environmental noise/SED_wav/S-0680.wav,DataSED - DataSED - Dataset for Sound Event Detection of environmental noise/SED_wav/S-0680.npy,740590,c4018fd5457a22b1eafa37782cc7c08fbddbbc7cd886e27bd9223b7d888d17f9,16000
datased:DataSED - DataSED - Dataset for Sound Event Detection of environmental noise/SED_wav/S-0681.wav,DataSED - DataSED - Dataset for Sound Event Detection of environmental noise/SED_wav/S-0681.wav,DataSED - DataSED - Dataset for Sound Event Detection of environmental noise/SED_wav/S-0681.npy,688000,58d96c2e2fdabf7ba61ce4fe478b62227f107a4a84b29214b263cd9929493923,16000
datased:DataSED - DataSED - Dataset for Sound Event Detection of environmental noise/SED_wav/S-0682.wav,DataSED - DataSED - Dataset for Sound Event Detection of environmental noise/SED_wav/S-0682.wav,DataSED - DataSED - Dataset for Sound Event Detection of environmental noise/SED_wav/S-0682.npy,1071857,eb0f02b50b532d74da20552b45245c03ea08a75ce2d312c5edab8761e21c8d72,16000
datased:DataSED - DataSED - Dataset for Sound Event Detection of environmental noise/SED_wav/S-0683.wav,DataSED - DataSED - Dataset for Sound Event Detection of environmental noise/SED_wav/S-0683.wav,DataSED - DataSED - Dataset for Sound Event Detection of environmental noise/SED_wav/S-0683.npy,736000,1fbf03b10fc8e18db9e585f0d92bdadbb9cedbac593b28e41625e1143a99d60c,16000
datased:DataSED - DataSED - Dataset for Sound Event Detection of environmental noise/SED_wav/S-0684.wav,DataSED - DataSED - Dataset for Sound Event Detection of environmental noise/SED_wav/S-0684.wav,DataSED - DataSED - Dataset for Sound Event Detection of environmental noise/SED_wav/S-0684.npy,976000,ab15e63dbf9ac88899c80d65323fddd7c7f7ef8d2ae3444518d68ea6abe74853,16000
datased:DataSED - DataSED - Dataset for Sound Event Detection of environmental noise/SED_wav/S-0685.wav,DataSED - DataSED - Dataset for Sound Event Detection of environmental noise/SED_wav/S-0685.wav,DataSED - DataSED - Dataset for Sound Event Detection of environmental noise/SED_wav/S-0685.npy,848000,d4369a2415bc4165bc2f695a81243b35457bbb33ea548bf28b78b2256a5fd43d,16000
datased:DataSED - DataSED - Dataset for Sound Event Detection of environmental noise/SED_wav/S-0686.wav,DataSED - DataSED - Dataset for Sound Event Detection of environmental noise/SED_wav/S-0686.wav,DataSED - DataSED - Dataset for Sound Event Detection of environmental noise/SED_wav/S-0686.npy,704000,ee06345dba398747336afdd1aa159a2196a848f46f6c1b59a1b5265ab0448bdc,16000
datased:DataSED - DataSED - Dataset for Sound Event Detection of environmental noise/SED_wav/S-0687.wav,DataSED - DataSED - Dataset for Sound Event Detection of environmental noise/SED_wav/S-0687.wav,DataSED - DataSED - Dataset for Sound Event Detection of environmental noise/SED_wav/S-0687.npy,624000,1af6338a278c5f1f4e230ff2e8cc8f31db3591061f8fce0ea5871da10d2306ce,16000
datased:DataSED - DataSED - Dataset for Sound Event Detection of environmental noise/SED_wav/S-0688.wav,DataSED - DataSED - Dataset for Sound Event Detection of environmental noise/SED_wav/S-0688.wav,DataSED - DataSED - Dataset for Sound Event Detection of environmental noise/SED_wav/S-0688.npy,400000,77ca21640c4389acd43bf7a2cddbf5c2ca97475929f963477969245e1388f4dc,16000
datased:DataSED - DataSED - Dataset for Sound Event Detection of environmental noise/SED_wav/S-0689.wav,DataSED - DataSED - Dataset for Sound Event Detection of environmental noise/SED_wav/S-0689.wav,DataSED - DataSED - Dataset for Sound Event Detection of environmental noise/SED_wav/S-0689.npy,704000,ca06390773b8a40f5bc4ce1e24f5f360fbf9c539855b37268186e65e38401683,16000
datased:DataSED - DataSED - Dataset for Sound Event Detection of environmental noise/SED_wav/S-0690.wav,DataSED - DataSED - Dataset for Sound Event Detection of environmental noise/SED_wav/S-0690.wav,DataSED - DataSED - Dataset for Sound Event Detection of environmental noise/SED_wav/S-0690.npy,2460681,62948940b2a1a1b809d334c2a8146a060349752656aafd1723f9ccaee969b16e,16000
datased:DataSED - DataSED - Dataset for Sound Event Detection of environmental noise/SED_wav/S-0691.wav,DataSED - DataSED - Dataset for Sound Event Detection of environmental noise/SED_wav/S-0691.wav,DataSED - DataSED - Dataset for Sound Event Detection of environmental noise/SED_wav/S-0691.npy,2586225,755f67dde2666a80d7602976154e4ce83bcfffc50d5038ab541842abf6e24b1b,16000
datased:DataSED - DataSED - Dataset for Sound Event Detection of environmental noise/SED_wav/S-0692.wav,DataSED - DataSED - Dataset for Sound Event Detection of environmental noise/SED_wav/S-0692.wav,DataSED - DataSED - Dataset for Sound Event Detection of environmental noise/SED_wav/S-0692.npy,2259809,eb2981309b831c7bf27987ab37a5bb380a55007a6f22f30215ca2d100527d904,16000
datased:DataSED - DataSED - Dataset for Sound Event Detection of environmental noise/SED_wav/S-0693.wav,DataSED - DataSED - Dataset for Sound Event Detection of environmental noise/SED_wav/S-0693.wav,DataSED - DataSED - Dataset for Sound Event Detection of environmental noise/SED_wav/S-0693.npy,2184482,340496ec76781d0fcc4c6482248837e2befb423e300052684f696f46907a6bc7,16000
datased:DataSED - DataSED - Dataset for Sound Event Detection of environmental noise/SED_wav/S-0694.wav,DataSED - DataSED - Dataset for Sound Event Detection of environmental noise/SED_wav/S-0694.wav,DataSED - DataSED - Dataset for Sound Event Detection of environmental noise/SED_wav/S-0694.npy,2209591,0fd40f496ba2ed84c8c030327ee908e088aee7803eb7cfe61e827673c36d79ce,16000
datased:DataSED - DataSED - Dataset for Sound Event Detection of environmental noise/SED_wav/S-0695.wav,DataSED - DataSED - Dataset for Sound Event Detection of environmental noise/SED_wav/S-0695.wav,DataSED - DataSED - Dataset for Sound Event Detection of environmental noise/SED_wav/S-0695.npy,2460681,fd14c5514ec02596c7178cb2099137e396ff731a499a22dc17f4c451c0046d37,16000
datased:DataSED - DataSED - Dataset for Sound Event Detection of environmental noise/SED_wav/S-0696.wav,DataSED - DataSED - Dataset for Sound Event Detection of environmental noise/SED_wav/S-0696.wav,DataSED - DataSED - Dataset for Sound Event Detection of environmental noise/SED_wav/S-0696.npy,2987969,939ab9010f8cad57228e7d2eb892ccdc1a6594b7c1ad8eb4401ac897a5e819d2,16000
datased:DataSED - DataSED - Dataset for Sound Event Detection of environmental noise/SED_wav/S-0697.wav,DataSED - DataSED - Dataset for Sound Event Detection of environmental noise/SED_wav/S-0697.wav,DataSED - DataSED - Dataset for Sound Event Detection of environmental noise/SED_wav/S-0697.npy,2435572,1873be94216a59f689cf93b2c6a74f8817f310e82d9fcd7228101c309055a686,16000
datased:DataSED - DataSED - Dataset for Sound Event Detection of environmental noise/SED_wav/S-0698.wav,DataSED - DataSED - Dataset for Sound Event Detection of environmental noise/SED_wav/S-0698.wav,DataSED - DataSED - Dataset for Sound Event Detection of environmental noise/SED_wav/S-0698.npy,2611335,7fd39c3186f9052521dd46a46145498db68082a08540b073435e9c54abe57e17,16000
datased:DataSED - DataSED - Dataset for Sound Event Detection of environmental noise/SED_wav/S-0699.wav,DataSED - DataSED - Dataset for Sound Event Detection of environmental noise/SED_wav/S-0699.wav,DataSED - DataSED - Dataset for Sound Event Detection of environmental noise/SED_wav/S-0699.npy,2234700,00fdb27d8d68a172653c2c182c359b82060182c727d4eb2c8e96c283d0d76e47,16000
datased:DataSED - DataSED - Dataset for Sound Event Detection of environmental noise/SED_wav/S-0700.wav,DataSED - DataSED - Dataset for Sound Event Detection of environmental noise/SED_wav/S-0700.wav,DataSED - DataSED - Dataset for Sound Event Detection of environmental noise/SED_wav/S-0700.npy,1953793,c44ad389755e270a278abb659d11fe3056b14315001f47917bc1b85ecbb3c0ec,16000
datased:DataSED - DataSED - Dataset for Sound Event Detection of environmental noise/SED_wav/S-0701.wav,DataSED - DataSED - Dataset for Sound Event Detection of environmental noise/SED_wav/S-0701.wav,DataSED - DataSED - Dataset for Sound Event Detection of environmental noise/SED_wav/S-0701.npy,1767045,f08fbd6310e889e43ba4ee2fe60399b7199b19183bac59475abf8da87212849f,16000
datased:DataSED - DataSED - Dataset for Sound Event Detection of environmental noise/SED_wav/S-0702.wav,DataSED - DataSED - Dataset for Sound Event Detection of environmental noise/SED_wav/S-0702.wav,DataSED - DataSED - Dataset for Sound Event Detection of environmental noise/SED_wav/S-0702.npy,1198955,c5a669776942ce77d5ed82e6e40e1a8b120db6b71b39a73934ec711f5d34498c,16000
datased:DataSED - DataSED - Dataset for Sound Event Detection of environmental noise/SED_wav/S-0703.wav,DataSED - DataSED - Dataset for Sound Event Detection of environmental noise/SED_wav/S-0703.wav,DataSED - DataSED - Dataset for Sound Event Detection of environmental noise/SED_wav/S-0703.npy,2058937,e57508252d4cbe30cb7ba3d636157f1e779d96eb25898cf6620ab53539506f77,16000
datased:DataSED - DataSED - Dataset for Sound Event Detection of environmental noise/SED_wav/S-0704.wav,DataSED - DataSED - Dataset for Sound Event Detection of environmental noise/SED_wav/S-0704.wav,DataSED - DataSED - Dataset for Sound Event Detection of environmental noise/SED_wav/S-0704.npy,4652978,5cd0efc36a07d7b8925d5f21c1f7dfc3234d3e75651f97e4a294478302b06f29,16000
datased:DataSED - DataSED - Dataset for Sound Event Detection of environmental noise/SED_wav/S-0705.wav,DataSED - DataSED - Dataset for Sound Event Detection of environmental noise/SED_wav/S-0705.wav,DataSED - DataSED - Dataset for Sound Event Detection of environmental noise/SED_wav/S-0705.npy,5259631,3d0b895847f282014d8ee7643cebf8054e8669bd9580b23ed6be8705bc596f18,16000
datased:DataSED - DataSED - Dataset for Sound Event Detection of environmental noise/SED_wav/S-0706.wav,DataSED - DataSED - Dataset for Sound Event Detection of environmental noise/SED_wav/S-0706.wav,DataSED - DataSED - Dataset for Sound Event Detection of environmental noise/SED_wav/S-0706.npy,6153097,e8e6286622e15bab197cfc472a7e54dd11a9c2e076254a6f9219e69d3134010f,16000
datased:DataSED - DataSED - Dataset for Sound Event Detection of environmental noise/SED_wav/S-0707.wav,DataSED - DataSED - Dataset for Sound Event Detection of environmental noise/SED_wav/S-0707.wav,DataSED - DataSED - Dataset for Sound Event Detection of environmental noise/SED_wav/S-0707.npy,5380228,e35308137bbea60f44f0e16147cc26fa63f3bb18d0397d6af630eb738bbc3745,16000
datased:DataSED - DataSED - Dataset for Sound Event Detection of environmental noise/SED_wav/S-0708.wav,DataSED - DataSED - Dataset for Sound Event Detection of environmental noise/SED_wav/S-0708.wav,DataSED - DataSED - Dataset for Sound Event Detection of environmental noise/SED_wav/S-0708.npy,4974818,a6c184d82af614dae8f6503f8c51f943c579d0e899b31e9cae1798bcaca8f707,16000
datased:DataSED - DataSED - Dataset for Sound Event Detection of environmental noise/SED_wav/S-0709.wav,DataSED - DataSED - Dataset for Sound Event Detection of environmental noise/SED_wav/S-0709.wav,DataSED - DataSED - Dataset for Sound Event Detection of environmental noise/SED_wav/S-0709.npy,5830815,0baaaa71e62a2a224ed5da7fb2fc2a0318078d1e18c5cada98c3947b7a723c07,16000
datased:DataSED - DataSED - Dataset for Sound Event Detection of environmental noise/SED_wav/S-0710.wav,DataSED - DataSED - Dataset for Sound Event Detection of environmental noise/SED_wav/S-0710.wav,DataSED - DataSED - Dataset for Sound Event Detection of environmental noise/SED_wav/S-0710.npy,5877331,580b476f0924c55daced7570caf6486b2903b8fc3df19e70d46102028a946b8b,16000
datased:DataSED - DataSED - Dataset for Sound Event Detection of environmental noise/SED_wav/S-0711.wav,DataSED - DataSED - Dataset for Sound Event Detection of environmental noise/SED_wav/S-0711.wav,DataSED - DataSED - Dataset for Sound Event Detection of environmental noise/SED_wav/S-0711.npy,11228678,356462688d35c51eaf8f3c4c79c0a8c4c1d544e9bc49829ee87f23f2d3240d0f,16000
datased:DataSED - DataSED - Dataset for Sound Event Detection of environmental noise/SED_wav/S-0712.wav,DataSED - DataSED - Dataset for Sound Event Detection of environmental noise/SED_wav/S-0712.wav,DataSED - DataSED - Dataset for Sound Event Detection of environmental noise/SED_wav/S-0712.npy,6344084,88db0826a1378edc03831119b0b02d0af814242bc265250caa18610238bd6167,16000
datased:DataSED - DataSED - Dataset for Sound Event Detection of environmental noise/SED_wav/S-0713.wav,DataSED - DataSED - Dataset for Sound Event Detection of environmental noise/SED_wav/S-0713.wav,DataSED - DataSED - Dataset for Sound Event Detection of environmental noise/SED_wav/S-0713.npy,13093103,a4f2e7cf3e97662688042a5e4f2e14a3d3a17ca104333865df03bf31907c20bd,16000
datased:DataSED - DataSED - Dataset for Sound Event Detection of environmental noise/SED_wav/S-0714.wav,DataSED - DataSED - Dataset for Sound Event Detection of environmental noise/SED_wav/S-0714.wav,DataSED - DataSED - Dataset for Sound Event Detection of environmental noise/SED_wav/S-0714.npy,11432765,4b6b7cfaa0a2f9a1b24b025099f2ed576d244adc81686aa9be3d6b0b0bc0a01f,16000
datased:DataSED - DataSED - Dataset for Sound Event Detection of environmental noise/SED_wav/S-0715.wav,DataSED - DataSED - Dataset for Sound Event Detection of environmental noise/SED_wav/S-0715.wav,DataSED - DataSED - Dataset for Sound Event Detection of environmental noise/SED_wav/S-0715.npy,10555519,98fafa7904bf806d27fdb9a105144c10b98af3705e8710879ca20883213fdfd4,16000
datased:DataSED - DataSED - Dataset for Sound Event Detection of environmental noise/SED_wav/S-0716.wav,DataSED - DataSED - Dataset for Sound Event Detection of environmental noise/SED_wav/S-0716.wav,DataSED - DataSED - Dataset for Sound Event Detection of environmental noise/SED_wav/S-0716.npy,2688896,b7021f2b0a2aeaf7c5f9b67d8abccff088e116382be7311401bb88dc503d3bed,16000
datased:DataSED - DataSED - Dataset for Sound Event Detection of environmental noise/SED_wav/S-0717.wav,DataSED - DataSED - Dataset for Sound Event Detection of environmental noise/SED_wav/S-0717.wav,DataSED - DataSED - Dataset for Sound Event Detection of environmental noise/SED_wav/S-0717.npy,2208852,5fdd443c78f7e350ace448a34b2d43ec2f3aeb42f8ca744298492b7edf905365,16000
