file_id,audio_relative_path,feature_relative_path,audio_sha256,feature_sha256,mel_bins,frames,feature_config_sha256
datased:DataSED - DataSED - Dataset for Sound Event Detection of environmental noise/SED_wav/S-0001.wav,DataSED - DataSED - Dataset for Sound Event Detection of environmental noise/SED_wav/S-0001.wav,DataSED - DataSED - Dataset for Sound Event Detection of environmental noise/SED_wav/S-0001.npy,892d55dc4566f14c05b169e34c617e813c6192e1cdd0851946c6d6eb3b9850cd,c547cf50a5dd9dfa6786e7534c569ac036472c9e73a63e8d048644d47698d2d2,64,5931,bbf5188fb61e44e59fba46cebd26aab9371508748b9185ae1d3222c9cbaabffa
datased:DataSED - DataSED - Dataset for Sound Event Detection of environmental noise/SED_wav/S-0002.wav,DataSED - DataSED - Dataset for Sound Event Detection of environmental noise/SED_wav/S-0002.wav,DataSED - DataSED - Dataset for Sound Event Detection of environmental noise/SED_wav/S-0002.npy,0f397a7e556786c2b3ec6204f6f011d4e971234fee9cc9228462486a7a680127,33cb54f8ccaed4cd51683f2eb3f88f7e9403c3b572d4dbbd7ece674d4f304da0,64,12399,bbf5188fb61e44e59fba46cebd26aab9371508748b9185ae1d3222c9cbaabffa
datased:DataSED - DataSED - Dataset for Sound Event Detection of environmental noise/SED_wav/S-0003.wav,DataSED - DataSED - Dataset for Sound Event Detection of environmental noise/SED_wav/S-0003.wav,DataSED - DataSED - Dataset for Sound Event Detection of environmental noise/SED_wav/S-0003.npy,eaefe1474212265aa3b1d2b102eb536a1918cd65ba419296f12dce7de952d6e0,98dddae2a73024a0aa9827484ab196308a3977bbe89e279810ba2d0551e604e4,64,9574,bbf5188fb61e44e59fba46cebd26aab9371508748b9185ae1d3222c9cbaabffa
datased:DataSED - DataSED - Dataset for Sound Event Detection of environmental noise/SED_wav/S-0004.wav,DataSED - DataSED - Dataset for Sound Event Detection of environmental noise/SED_wav/S-0004.wav,DataSED - DataSED - Dataset for Sound Event Detection of environmental noise/SED_wav/S-0004.npy,643de14799ebd130974e45205fc6a2c7e73e31beb7dd711b1abbdf70655d5f50,c328b10701b844da25181e5b3579e062eab3f3158a1f4a158e86fb8d942ab558,64,10697,bbf5188fb61e44e59fba46cebd26aab9371508748b9185ae1d3222c9cbaabffa
datased:DataSED - DataSED - Dataset for Sound Event Detection of environmental noise/SED_wav/S-0005.wav,DataSED - DataSED - Dataset for Sound Event Detection of environmental noise/SED_wav/S-0005.wav,DataSED - DataSED - Dataset for Sound Event Detection of environmental noise/SED_wav/S-0005.npy,535361484a3829a5126785a0febea46703d1e7ab1f1377d8b16b2f9625a4cb8d,a59dfdbe50bb342451cdfb1d08357f711df63e52b86100724a07f6a850511f09,64,23332,bbf5188fb61e44e59fba46cebd26aab9371508748b9185ae1d3222c9cbaabffa
datased:DataSED - DataSED - Dataset for Sound Event Detection of environmental noise/SED_wav/S-0006.wav,DataSED - DataSED - Dataset for Sound Event Detection of environmental noise/SED_wav/S-0006.wav,DataSED - DataSED - Dataset for Sound Event Detection of environmental noise/SED_wav/S-0006.npy,21b6ce2ae67dcef4412e03f6be1a5767e0a19feab1f317fa410f63a168e527e6,3757c6cee5dd9e14bb31109806e19d69a98d5b0f345d06b779b53220247ee125,64,10049,bbf5188fb61e44e59fba46cebd26aab9371508748b9185ae1d3222c9cbaabffa
datased:DataSED - DataSED - Dataset for Sound Event Detection of environmental noise/SED_wav/S-0007.wav,DataSED - DataSED - Dataset for Sound Event Detection of environmental noise/SED_wav/S-0007.wav,DataSED - DataSED - Dataset for Sound Event Detection of environmental noise/SED_wav/S-0007.npy,0ee8ffe254e47abb6c0377bde502ebaf55fb33a75828dcd3a85c1ceaf7dbb680,5500161ff3ba9bb8e43fb6ac8a9c6d2d83509e6eea684e88d676865cd0f42943,64,1679,bbf5188fb61e44e59fba46cebd26aab9371508748b9185ae1d3222c9cbaabffa
datased:DataSED - DataSED - Dataset for Sound Event Detection of environmental noise/SED_wav/S-0008.wav,DataSED - DataSED - Dataset for Sound Event Detection of environmental noise/SED_wav/S-0008.wav,DataSED - DataSED - Dataset for Sound Event Detection of environmental noise/SED_wav/S-0008.npy,32286c180e5b8e9053d08a61d092c50cfd307ca338ae0571e47b273181b96b95,8cdc1e15e6f574c66d23c7aa60c0a76a843e24ddede7351132e5c1af3c1a9ae9,64,4686,bbf5188fb61e44e59fba46cebd26aab9371508748b9185ae1d3222c9cbaabffa
datased:DataSED - DataSED - Dataset for Sound Event Detection of environmental noise/SED_wav/S-0009.wav,DataSED - DataSED - Dataset for Sound Event Detection of environmental noise/SED_wav/S-0009.wav,DataSED - DataSED - Dataset for Sound Event Detection of environmental noise/SED_wav/S-0009.npy,4b64fc19b3b6d4f0e8b96ff4dfafc06ec9057027c8bbc8dcea4669aa853d26d7,51df0b9997de075c93d3d55eea026a2aea67eb1ef6c365c886e9547b399ddf78,64,12545,bbf5188fb61e44e59fba46cebd26aab9371508748b9185ae1d3222c9cbaabffa
datased:DataSED - DataSED - Dataset for Sound Event Detection of environmental noise/SED_wav/S-0010.wav,DataSED - DataSED - Dataset for Sound Event Detection of environmental noise/SED_wav/S-0010.wav,DataSED - DataSED - Dataset for Sound Event Detection of environmental noise/SED_wav/S-0010.npy,98270ffd35df05e009ee4455fb1e7f1e27e54de2196cf9a2fb04354aeebac740,2506a8e0d0de54e381296980fee695116eaa8b3fe4d1db1a5b7eb31503a3ad57,64,8427,bbf5188fb61e44e59fba46cebd26aab9371508748b9185ae1d3222c9cbaabffa
datased:DataSED - DataSED - Dataset for Sound Event Detection of environmental noise/SED_wav/S-0011.wav,DataSED - DataSED - Dataset for Sound Event Detection of environmental noise/SED_wav/S-0011.wav,DataSED - DataSED - Dataset for Sound Event Detection of environmental noise/SED_wav/S-0011.npy,b5e4263012788325d954826b3df217384bfa8f9fc44d993ff56baa62c8db3248,11ceba32471be983f49851e4fea712028dbdc44cb216a8bb2f68077b81ce2207,64,8801,bbf5188fb61e44e59fba46cebd26aab9371508748b9185ae1d3222c9cbaabffa
datased:DataSED - DataSED - Dataset for Sound Event Detection of environmental noise/SED_wav/S-0012.wav,DataSED - DataSED - Dataset for Sound Event Detection of environmental noise/SED_wav/S-0012.wav,DataSED - DataSED - Dataset for Sound Event Detection of environmental noise/SED_wav/S-0012.npy,8cd1095b2bde69a4cae7beca68d7ddfd9a12b3e19c410bc2bcaf46596c61b51f,748abffbfebb99962f49f322b3aa030a3b9503642486c4bc144e2a69bd95dfaa,64,9174,bbf5188fb61e44e59fba46cebd26aab9371508748b9185ae1d3222c9cbaabffa
datased:DataSED - DataSED - Dataset for Sound Event Detection of environmental noise/SED_wav/S-0013.wav,DataSED - DataSED - Dataset for Sound Event Detection of environmental noise/SED_wav/S-0013.wav,DataSED - DataSED - Dataset for Sound Event Detection of environmental noise/SED_wav/S-0013.npy,48e29d6561a6722ef0dfd11b9838b462a6df651e49b73d5e9f56f4e6f699b62e,7e5a149a595fe1734e9fa87ccbe84d4bebcf6702f2515670572c2e9702764527,64,15487,bbf5188fb61e44e59fba46cebd26aab9371508748b9185ae1d3222c9cbaabffa
datased:DataSED - DataSED - Dataset for Sound Event Detection of environmental noise/SED_wav/S-0014.wav,DataSED - DataSED - Dataset for Sound Event Detection of environmental noise/SED_wav/S-0014.wav,DataSED - DataSED - Dataset for Sound Event Detection of environmental noise/SED_wav/S-0014.npy,fd2b9877a820172f9ed568303303a90276e0d1357b39daabf02cfbb46152be5b,c862b504121360f991865c2c84b688804204759e4d2cce758886e2f585a76500,64,6792,bbf5188fb61e44e59fba46cebd26aab9371508748b9185ae1d3222c9cbaabffa
datased:DataSED - DataSED - Dataset for Sound Event Detection of environmental noise/SED_wav/S-0015.wav,DataSED - DataSED - Dataset for Sound Event Detection of environmental noise/SED_wav/S-0015.wav,DataSED - DataSED - Dataset for Sound Event Detection of environmental noise/SED_wav/S-0015.npy,85d4c7d76ee4d8b615c1c82486ad13689f3084682357dc71eed17f3e1e6314e7,988ee5fd422bdecbd922a1db90753ce60722da0dfcb5ad80f64366639428632c,64,8275,bbf5188fb61e44e59fba46cebd26aab9371508748b9185ae1d3222c9cbaabffa
datased:DataSED - DataSED - Dataset for Sound Event Detection of environmental noise/SED_wav/S-0016.wav,DataSED - DataSED - Dataset for Sound Event Detection of environmental noise/SED_wav/S-0016.wav,DataSED - DataSED - Dataset for Sound Event Detection of environmental noise/SED_wav/S-0016.npy,51abc7a3f7af48bc81cc9605c6048f08826888f7ff75471e267f88cb9b48397d,784ee3725eae62d9e27bfbbdb492aec32ccc6deea5229584799cb3408fbc1175,64,6083,bbf5188fb61e44e59fba46cebd26aab9371508748b9185ae1d3222c9cbaabffa
datased:DataSED - DataSED - Dataset for Sound Event Detection of environmental noise/SED_wav/S-0017.wav,DataSED - DataSED - Dataset for Sound Event Detection of environmental noise/SED_wav/S-0017.wav,DataSED - DataSED - Dataset for Sound Event Detection of environmental noise/SED_wav/S-0017.npy,657412a49cbde07e5f3b82d04ad3bcd62a6cad70409acd69b3c53a751715a766,0543e66c3019fda9f95546d51cfe18cc4a45bce4a4fba4d5618bda2ee3dca236,64,10173,bbf5188fb61e44e59fba46cebd26aab9371508748b9185ae1d3222c9cbaabffa
datased:DataSED - DataSED - Dataset for Sound Event Detection of environmental noise/SED_wav/S-0018.wav,DataSED - DataSED - Dataset for Sound Event Detection of environmental noise/SED_wav/S-0018.wav,DataSED - DataSED - Dataset for Sound Event Detection of environmental noise/SED_wav/S-0018.npy,e5ca1f16818653cb25d7c5ce50662f03a23a76ce0afe18525fbbdc810ba67f29,1d1fbf6ed1452621141d52a928496043543d6bdd79837b80f8378d3630171312,64,10700,bbf5188fb61e44e59fba46cebd26aab9371508748b9185ae1d3222c9cbaabffa
datased:DataSED - DataSED - Dataset for Sound Event Detection of environmental noise/SED_wav/S-0019.wav,DataSED - DataSED - Dataset for Sound Event Detection of environmental noise/SED_wav/S-0019.wav,DataSED - DataSED - Dataset for Sound Event Detection of environmental noise/SED_wav/S-0019.npy,7979287c8855bfc441c0d9a3995cfe9e5a27799d50cb998f84ccd31f6d994e80,b6326b15b57729508a48ae15fb3bdac80b50f24baf5cc079ad7078bcc0e7d559,64,8102,bbf5188fb61e44e59fba46cebd26aab9371508748b9185ae1d3222c9cbaabffa
datased:DataSED - DataSED - Dataset for Sound Event Detection of environmental noise/SED_wav/S-0020.wav,DataSED - DataSED - Dataset for Sound Event Detection of environmental noise/SED_wav/S-0020.wav,DataSED - DataSED - Dataset for Sound Event Detection of environmental noise/SED_wav/S-0020.npy,112ac9c3e4e1cdcca32749b72276679ceb63c715a765b41e29713718a03ef0bf,340ec244b3bc6c1914de06ba95bf9fec580829c4eec2767b6fdabfde5a0de020,64,12044,bbf5188fb61e44e59fba46cebd26aab9371508748b9185ae1d3222c9cbaabffa
datased:DataSED - DataSED - Dataset for Sound Event Detection of environmental noise/SED_wav/S-0021.wav,DataSED - DataSED - Dataset for Sound Event Detection of environmental noise/SED_wav/S-0021.wav,DataSED - DataSED - Dataset for Sound Event Detection of environmental noise/SED_wav/S-0021.npy,e99fb056e426f0d3e027d24fda00b92111adc28ea3ebc5957fd83829fea16f97,e233b3d8735a713f4387c463f4b7156b3ec87eefc709b902a1687331f74fe477,64,12669,bbf5188fb61e44e59fba46cebd26aab9371508748b9185ae1d3222c9cbaabffa
datased:DataSED - DataSED - Dataset for Sound Event Detection of environmental noise/SED_wav/S-0022.wav,DataSED - DataSED - Dataset for Sound Event Detection of environmental noise/SED_wav/S-0022.wav,DataSED - DataSED - Dataset for Sound Event Detection of environmental noise/SED_wav/S-0022.npy,e80a548e2009bb6b3b56ab703e620d7b7271fcbf7c3bfdd9c36f7b07fc53e928,231b0ff163b0e504491bba5a536f64f59648ab002d52cd97326d810e305df389,64,3202,bbf5188fb61e44e59fba46cebd26aab9371508748b9185ae1d3222c9cbaabffa
datased:DataSED - DataSED - Dataset for Sound Event Detection of environmental noise/SED_wav/S-0023.wav,DataSED - DataSED - Dataset for Sound Event Detection of environmental noise/SED_wav/S-0023.wav,DataSED - DataSED - Dataset for Sound Event Detection of environmental noise/SED_wav/S-0023.npy,d47ce578a125cdf6e7c9fd6af79f357fd4274740fbe7d7035d0049b79127b94e,c69bc84364b3826a826e029a1f1e84af71dff76783b6c87f68850856aa5618c1,64,9865,bbf5188fb61e44e59fba46cebd26aab9371508748b9185ae1d3222c9cbaabffa
datased:DataSED - DataSED - Dataset for Sound Event Detection of environmental noise/SED_wav/S-0024.wav,DataSED - DataSED - Dataset for Sound Event Detection of environmental noise/SED_wav/S-0024.wav,DataSED - DataSED - Dataset for Sound Event Detection of environmental noise/SED_wav/S-0024.npy,d45b9dab26775404b6cc121812e8fa21ad4e74b8e0b823bc09e23645131f31f4,dd6cf7b8b6fd40fbf2fa33d33dc93ca283a29b6720eccadc4f02cefe3e7a7c77,64,7681,bbf5188fb61e44e59fba46cebd26aab9371508748b9185ae1d3222c9cbaabffa
datased:DataSED - DataSED - Dataset for Sound Event Detection of environmental noise/SED_wav/S-0025.wav,DataSED - DataSED - Dataset for Sound Event Detection of environmental noise/SED_wav/S-0025.wav,DataSED - DataSED - Dataset for Sound Event Detection of environmental noise/SED_wav/S-0025.npy,767e4ad995304c4d7d9c697ccdd57788ceae9948a76b9f5e029b4fd06e2c6051,230252f771dfbd741f19a72f2c11795bc4e6abf02f7efa05a9270b1a7c344445,64,9301,bbf5188fb61e44e59fba46cebd26aab9371508748b9185ae1d3222c9cbaabffa
datased:DataSED - DataSED - Dataset for Sound Event Detection of environmental noise/SED_wav/S-0026.wav,DataSED - DataSED - Dataset for Sound Event Detection of environmental noise/SED_wav/S-0026.wav,DataSED - DataSED - Dataset for Sound Event Detection of environmental noise/SED_wav/S-0026.npy,110538b43d8f9bde230dbfb6fa200167db4e0cff61adb109ef9517b278776c12,dd7f93227cb77a90cca8e07ef002b567fdf95fc56cb2a31db5346ad78699af08,64,4096,bbf5188fb61e44e59fba46cebd26aab9371508748b9185ae1d3222c9cbaabffa
datased:DataSED - DataSED - Dataset for Sound Event Detection of environmental noise/SED_wav/S-0027.wav,DataSED - DataSED - Dataset for Sound Event Detection of environmental noise/SED_wav/S-0027.wav,DataSED - DataSED - Dataset for Sound Event Detection of environmental noise/SED_wav/S-0027.npy,7b2ab65eceee388560701d18b453c7008fad6e6f2c00d27534cf453c4a247495,27b4cd3a94ca563cc4cc04404c98393e302f767261d21a819c076ccc01fbeeae,64,4774,bbf5188fb61e44e59fba46cebd26aab9371508748b9185ae1d3222c9cbaabffa
datased:DataSED - DataSED - Dataset for Sound Event Detection of environmental noise/SED_wav/S-0028.wav,DataSED - DataSED - Dataset for Sound Event Detection of environmental noise/SED_wav/S-0028.wav,DataSED - DataSED - Dataset for Sound Event Detection of environmental noise/SED_wav/S-0028.npy,38d5137fb5ac02f10835403540b32d73f5f723e06d78302ebf10034d2f59ce5b,621656fec9dda6fa96a1979d25f7a5757a7446e995a3d6da1d7b9c690a518954,64,7878,bbf5188fb61e44e59fba46cebd26aab9371508748b9185ae1d3222c9cbaabffa
datased:DataSED - DataSED - Dataset for Sound Event Detection of environmental noise/SED_wav/S-0029.wav,DataSED - DataSED - Dataset for Sound Event Detection of environmental noise/SED_wav/S-0029.wav,DataSED - DataSED - Dataset for Sound Event Detection of environmental noise/SED_wav/S-0029.npy,18c25cc1cd03446b93033e46d2e1e195f072ed5f3c85946b6721afc0a2568182,3fb3f6392f95ceee2db110cfc35ee35fb3463b7f94e66a828540891997e9f5c3,64,15275,bbf5188fb61e44e59fba46cebd26aab9371508748b9185ae1d3222c9cbaabffa
datased:DataSED - DataSED - Dataset for Sound Event Detection of environmental noise/SED_wav/S-0030.wav,DataSED - DataSED - Dataset for Sound Event Detection of environmental noise/SED_wav/S-0030.wav,DataSED - DataSED - Dataset for Sound Event Detection of environmental noise/SED_wav/S-0030.npy,bb93a213e768d830f86155716053c37d2b7a57403a3d4816ed8168050fc179e6,f03d28b4ce101a0e8686fa45e777708ff8487982e46500c731fdf144c3c24506,64,14164,bbf5188fb61e44e59fba46cebd26aab9371508748b9185ae1d3222c9cbaabffa
datased:DataSED - DataSED - Dataset for Sound Event Detection of environmental noise/SED_wav/S-0031.wav,DataSED - DataSED - Dataset for Sound Event Detection of environmental noise/SED_wav/S-0031.wav,DataSED - DataSED - Dataset for Sound Event Detection of environmental noise/SED_wav/S-0031.npy,4a0711c6157f722e412a5709b236428397ea62311482a0eab1b04456b1d59a77,9e3f64094e1d44ae9277361af790b4d3ac34866e984f6c6970848fcda6e67043,64,13529,bbf5188fb61e44e59fba46cebd26aab9371508748b9185ae1d3222c9cbaabffa
datased:DataSED - DataSED - Dataset for Sound Event Detection of environmental noise/SED_wav/S-0032.wav,DataSED - DataSED - Dataset for Sound Event Detection of environmental noise/SED_wav/S-0032.wav,DataSED - DataSED - Dataset for Sound Event Detection of environmental noise/SED_wav/S-0032.npy,c1a7f3f6abb2e46440db486b41b48c30ee3968d79cfbd2199855101e49e993bc,ce0e88c779541c895cbc4d4bdd91e12d8f733bb8d8d619d71b99caae01ec970c,64,8984,bbf5188fb61e44e59fba46cebd26aab9371508748b9185ae1d3222c9cbaabffa
datased:DataSED - DataSED - Dataset for Sound Event Detection of environmental noise/SED_wav/S-0033.wav,DataSED - DataSED - Dataset for Sound Event Detection of environmental noise/SED_wav/S-0033.wav,DataSED - DataSED - Dataset for Sound Event Detection of environmental noise/SED_wav/S-0033.npy,f85f56ec36584e7acdbecf90251b32ba5a61ad1497fd46045735c268644941c5,9f002fd0bbc8957740a719e4ec4b5834469768f9cdc64fe4585862fdfd439c6a,64,15360,bbf5188fb61e44e59fba46cebd26aab9371508748b9185ae1d3222c9cbaabffa
datased:DataSED - DataSED - Dataset for Sound Event Detection of environmental noise/SED_wav/S-0034.wav,DataSED - DataSED - Dataset for Sound Event Detection of environmental noise/SED_wav/S-0034.wav,DataSED - DataSED - Dataset for Sound Event Detection of environmental noise/SED_wav/S-0034.npy,fb05bee502281861f9d0cc53b4197a758ca09cfff3f47f570816abe7f4472d6a,43d1b0bc784c221e96f9ba4e8c5532e2cc470134feb17ddfeb9ccf8385fd0fe9,64,4144,bbf5188fb61e44e59fba46cebd26aab9371508748b9185ae1d3222c9cbaabffa
datased:DataSED - DataSED - Dataset for Sound Event Detection of environmental noise/SED_wav/S-0035.wav,DataSED - DataSED - Dataset for Sound Event Detection of environmental noise/SED_wav/S-0035.wav,DataSED - DataSED - Dataset for Sound Event Detection of environmental noise/SED_wav/S-0035.npy,cb589fdafef3c0362c1721b61d2be75115cae4beffea11b87cba2b38e3a2c7c9,f08a7b14a17a25d16791b898cf687d511006a990147f68106c942a06f4be3553,64,11814,bbf5188fb61e44e59fba46cebd26aab9371508748b9185ae1d3222c9cbaabffa
datased:DataSED - DataSED - Dataset for Sound Event Detection of environmental noise/SED_wav/S-0036.wav,DataSED - DataSED - Dataset for Sound Event Detection of environmental noise/SED_wav/S-0036.wav,DataSED - DataSED - Dataset for Sound Event Detection of environmental noise/SED_wav/S-0036.npy,ee83bc8a1b47825b531cbfe01ece036b14728897711047bd9e5aa5d4d1337eb4,9549916dec3ab32be293470c9e807ba43b142031beafe29270fd2a08f92722fe,64,8998,bbf5188fb61e44e59fba46cebd26aab9371508748b9185ae1d3222c9cbaabffa
datased:DataSED - DataSED - Dataset for Sound Event Detection of environmental noise/SED_wav/S-0037.wav,DataSED - DataSED - Dataset for Sound Event Detection of environmental noise/SED_wav/S-0037.wav,DataSED - DataSED - Dataset for Sound Event Detection of environmental noise/SED_wav/S-0037.npy,5eec03aa1a33df1b4699b56667637d6fb7ed5d0513af413a6965e0123bea5109,53e4e4a7b8745e339275e99f626b18c79e317c2a5597385471fb7dd62906bed3,64,4324,bbf5188fb61e44e59fba46cebd26aab9371508748b9185ae1d3222c9cbaabffa
datased:DataSED - DataSED - Dataset for Sound Event Detection of environmental noise/SED_wav/S-0038.wav,DataSED - DataSED - Dataset for Sound Event Detection of environmental noise/SED_wav/S-0038.wav,DataSED - DataSED - Dataset for Sound Event Detection of environmental noise/SED_wav/S-0038.npy,ce75845534920d792141dfbc0df8cddd9bc27724677609bdc12b1378fae4c815,d008b0ab949ec957167dc3c7d288742e8967feff5528e7d1b4fffb3a5ca50d79,64,12827,bbf5188fb61e44e59fba46cebd26aab9371508748b9185ae1d3222c9cbaabffa
datased:DataSED - DataSED - Dataset for Sound Event Detection of environmental noise/SED_wav/S-0039.wav,DataSED - DataSED - Dataset for Sound Event Detection of environmental noise/SED_wav/S-0039.wav,DataSED - DataSED - Dataset for Sound Event Detection of environmental noise/SED_wav/S-0039.npy,f366411a71589eb04adc6d0d5cacf60d735666abcc29753bbbbcaf432847e085,bfb152a4211d8ed1f420c432feb7bb6ece4d134b99a04f48c7860e7c9e108445,64,15912,bbf5188fb61e44e59fba46cebd26aab9371508748b9185ae1d3222c9cbaabffa
datased:DataSED - DataSED - Dataset for Sound Event Detection of environmental noise/SED_wav/S-0040.wav,DataSED - DataSED - Dataset for Sound Event Detection of environmental noise/SED_wav/S-0040.wav,DataSED - DataSED - Dataset for Sound Event Detection of environmental noise/SED_wav/S-0040.npy,6162b81f43beed7e5135cce0d77c3470dcb69f8055a41b6ffa582c1ca9097a15,5ff842a7ad42af79cb531bc53eb08dfc548452bb524602d583d16de583b163b3,64,9351,bbf5188fb61e44e59fba46cebd26aab9371508748b9185ae1d3222c9cbaabffa
datased:DataSED - DataSED - Dataset for Sound Event Detection of environmental noise/SED_wav/S-0041.wav,DataSED - DataSED - Dataset for Sound Event Detection of environmental noise/SED_wav/S-0041.wav,DataSED - DataSED - Dataset for Sound Event Detection of environmental noise/SED_wav/S-0041.npy,c11d97cad83f332b5d406528b9b95e22a3aaa85135d88a28b4b896b4cbe6abf9,55d8c493f4b71294388a87abb49b954c5933d5364a081ebc899cbc4131b92961,64,11994,bbf5188fb61e44e59fba46cebd26aab9371508748b9185ae1d3222c9cbaabffa
datased:DataSED - DataSED - Dataset for Sound Event Detection of environmental noise/SED_wav/S-0042.wav,DataSED - DataSED - Dataset for Sound Event Detection of environmental noise/SED_wav/S-0042.wav,DataSED - DataSED - Dataset for Sound Event Detection of environmental noise/SED_wav/S-0042.npy,129a9d119db80621bfbb893336106d58279077d3945dd660f6a1201e7d96fa29,ee7e8c8d230682ac4eb59742b0471fdee3a6d9c41ce2cc99f4e834b104ee39fc,64,24458,bbf5188fb61e44e59fba46cebd26aab9371508748b9185ae1d3222c9cbaabffa
datased:DataSED - DataSED - Dataset for Sound Event Detection of environmental noise/SED_wav/S-0043.wav,DataSED - DataSED - Dataset for Sound Event Detection of environmental noise/SED_wav/S-0043.wav,DataSED - DataSED - Dataset for Sound Event Detection of environmental noise/SED_wav/S-0043.npy,37e8bf877d1794ff9ca4cd932acfdf283d3ba285b4cc5746064d3a44e03daaa9,6388aa41c28f123ed9b3f96256bcfa5f3d814cb08635a38c774cc2f7be7b0636,64,12320,bbf5188fb61e44e59fba46cebd26aab9371508748b9185ae1d3222c9cbaabffa
datased:DataSED - DataSED - Dataset for Sound Event Detection of environmental noise/SED_wav/S-0044.wav,DataSED - DataSED - Dataset for Sound Event Detection of environmental noise/SED_wav/S-0044.wav,DataSED - DataSED - Dataset for Sound Event Detection of environmental noise/SED_wav/S-0044.npy,279d74f5dc3b8da7d18a871b1060cf703afd48ab9567c2829ddac3992d3c7cca,14bdc6ef0dd6abe1f3552b0eec1a2502716eccae670d043aca848f96f43da3ef,64,9899,bbf5188fb61e44e59fba46cebd26aab9371508748b9185ae1d3222c9cbaabffa
datased:DataSED - DataSED - Dataset for Sound Event Detection of environmental noise/SED_wav/S-0045.wav,DataSED - DataSED - Dataset for Sound Event Detection of environmental noise/SED_wav/S-0045.wav,DataSED - DataSED - Dataset for Sound Event Detection of environmental noise/SED_wav/S-0045.npy,8d458c627993f1d0afeef095ce0542f8a0f3521f92825305e0a5b34fa2ff67eb,a9650038ae77572ac01fe8bf61d9991993cd6754d1000a6f4c2806ec543017bb,64,8073,bbf5188fb61e44e59fba46cebd26aab9371508748b9185ae1d3222c9cbaabffa
datased:DataSED - DataSED - Dataset for Sound Event Detection of environmental noise/SED_wav/S-0046.wav,DataSED - DataSED - Dataset for Sound Event Detection of environmental noise/SED_wav/S-0046.wav,DataSED - DataSED - Dataset for Sound Event Detection of environmental noise/SED_wav/S-0046.npy,d0f44500155f1c009207ba31ce1ab7397212c825208ffa2df591ae44407bc1ae,1de5653a44e3ca5503c3f2eb40f7bafd02faebf98842b47a3eb738de51de3135,64,15542,bbf5188fb61e44e59fba46cebd26aab9371508748b9185ae1d3222c9cbaabffa
datased:DataSED - DataSED - Dataset for Sound Event Detection of environmental noise/SED_wav/S-0047.wav,DataSED - DataSED - Dataset for Sound Event Detection of environmental noise/SED_wav/S-0047.wav,DataSED - DataSED - Dataset for Sound Event Detection of environmental noise/SED_wav/S-0047.npy,a160fe8950d5dda0be87d0145762ce11a2f39e1b0b029ca346fb14f6abc0add2,50fc1142a7fe846e8f68125639959611f7c832d5fa6f366404a7126c49ccc765,64,10319,bbf5188fb61e44e59fba46cebd26aab9371508748b9185ae1d3222c9cbaabffa
datased:DataSED - DataSED - Dataset for Sound Event Detection of environmental noise/SED_wav/S-0048.wav,DataSED - DataSED - Dataset for Sound Event Detection of environmental noise/SED_wav/S-0048.wav,DataSED - DataSED - Dataset for Sound Event Detection of environmental noise/SED_wav/S-0048.npy,bbfc1a405db3a63a977ce606ccb5c8e831b405f7d904f7940c5c86e5f4030a11,ad0e6dd1a3d361a053ea1e1dbea14d2bbc46fe7b5a36bd0fea39d3ead570abf4,64,11680,bbf5188fb61e44e59fba46cebd26aab9371508748b9185ae1d3222c9cbaabffa
datased:DataSED - DataSED - Dataset for Sound Event Detection of environmental noise/SED_wav/S-0049.wav,DataSED - DataSED - Dataset for Sound Event Detection of environmental noise/SED_wav/S-0049.wav,DataSED - DataSED - Dataset for Sound Event Detection of environmental noise/SED_wav/S-0049.npy,f738cbbd4eec15daf0aad6a0d5b73c917612b4c16f1ec783465543fd6c77d932,f25fe5596c0933cc510166f58a00c5308cfbf4f033060cd096dd7c485f09ac33,64,14469,bbf5188fb61e44e59fba46cebd26aab9371508748b9185ae1d3222c9cbaabffa
datased:DataSED - DataSED - Dataset for Sound Event Detection of environmental noise/SED_wav/S-0050.wav,DataSED - DataSED - Dataset for Sound Event Detection of environmental noise/SED_wav/S-0050.wav,DataSED - DataSED - Dataset for Sound Event Detection of environmental noise/SED_wav/S-0050.npy,e87adbe265d9ec97db215778850f043714f2ce2c4fef33d78936ad321dac6205,b374bbd51401292fdfd9da3d4a05368d7dd93c3d83324c62fb240fff906ee92b,64,13704,bbf5188fb61e44e59fba46cebd26aab9371508748b9185ae1d3222c9cbaabffa
datased:DataSED - DataSED - Dataset for Sound Event Detection of environmental noise/SED_wav/S-0051.wav,DataSED - DataSED - Dataset for Sound Event Detection of environmental noise/SED_wav/S-0051.wav,DataSED - DataSED - Dataset for Sound Event Detection of environmental noise/SED_wav/S-0051.npy,0dc77bf81dd5eb5afd48eb2ceae6edf048bd31a7e7eb8086c859f79865332fa5,97fe7399181aab6e4bb1476471814ed848efd3bb6728d0b16edbe210225f2303,64,11191,bbf5188fb61e44e59fba46cebd26aab9371508748b9185ae1d3222c9cbaabffa
datased:DataSED - DataSED - Dataset for Sound Event Detection of environmental noise/SED_wav/S-0052.wav,DataSED - DataSED - Dataset for Sound Event Detection of environmental noise/SED_wav/S-0052.wav,DataSED - DataSED - Dataset for Sound Event Detection of environmental noise/SED_wav/S-0052.npy,64b053fdaf39544785b6d39d65d90d2e47c7da483650911959859aac8e9d5976,aa9a9ac66970288d003055a0b06f29df92343167808d3fc6a815c4d459ffcf71,64,13348,bbf5188fb61e44e59fba46cebd26aab9371508748b9185ae1d3222c9cbaabffa
datased:DataSED - DataSED - Dataset for Sound Event Detection of environmental noise/SED_wav/S-0053.wav,DataSED - DataSED - Dataset for Sound Event Detection of environmental noise/SED_wav/S-0053.wav,DataSED - DataSED - Dataset for Sound Event Detection of environmental noise/SED_wav/S-0053.npy,c1e4c66efb1d48d1541b26038a2b1321cac2db6fa13abdf4f33ecb99feb6d2af,6f8b876d267f1be295e989acd271692e1847fabb59a975bd41fb0cbbbd6ae6c8,64,18941,bbf5188fb61e44e59fba46cebd26aab9371508748b9185ae1d3222c9cbaabffa
datased:DataSED - DataSED - Dataset for Sound Event Detection of environmental noise/SED_wav/S-0054.wav,DataSED - DataSED - Dataset for Sound Event Detection of environmental noise/SED_wav/S-0054.wav,DataSED - DataSED - Dataset for Sound Event Detection of environmental noise/SED_wav/S-0054.npy,57ff352869f28afeae9dac2df21a328eb52c13b3c1cf79e901ca6706656cafce,c1365ccb35673513b55a128084e08fe3d2b947b394b6242282408164b5f9ebb5,64,11931,bbf5188fb61e44e59fba46cebd26aab9371508748b9185ae1d3222c9cbaabffa
datased:DataSED - DataSED - Dataset for Sound Event Detection of environmental noise/SED_wav/S-0055.wav,DataSED - DataSED - Dataset for Sound Event Detection of environmental noise/SED_wav/S-0055.wav,DataSED - DataSED - Dataset for Sound Event Detection of environmental noise/SED_wav/S-0055.npy,36ef3dc0ea0e42f42014f7222e0adeba15e585f1c674507a878355ba32d78e1a,e92921c5e8dcb31a0046030990dcde0763c2130cc289c016a0bd522ace484855,64,13616,bbf5188fb61e44e59fba46cebd26aab9371508748b9185ae1d3222c9cbaabffa
datased:DataSED - DataSED - Dataset for Sound Event Detection of environmental noise/SED_wav/S-0056.wav,DataSED - DataSED - Dataset for Sound Event Detection of environmental noise/SED_wav/S-0056.wav,DataSED - DataSED - Dataset for Sound Event Detection of environmental noise/SED_wav/S-0056.npy,2ab191c392dea8cff986c79ed8ec7929fad9a9f3174aed3d2835ae8e9002282b,bed3848b6ae7c604f44693ba07cf3f61c4293d5e794ed7757301c4ee238e3376,64,13642,bbf5188fb61e44e59fba46cebd26aab9371508748b9185ae1d3222c9cbaabffa
datased:DataSED - DataSED - Dataset for Sound Event Detection of environmental noise/SED_wav/S-0057.wav,DataSED - DataSED - Dataset for Sound Event Detection of environmental noise/SED_wav/S-0057.wav,DataSED - DataSED - Dataset for Sound Event Detection of environmental noise/SED_wav/S-0057.npy,a89a1fac967f2d4e6ba48e176becbda60e99498158ac802e94a6a450e45040b7,b2740e20a769f508616ff0376d3a4b70b26515ec4584377f02228938019a859d,64,11649,bbf5188fb61e44e59fba46cebd26aab9371508748b9185ae1d3222c9cbaabffa
datased:DataSED - DataSED - Dataset for Sound Event Detection of environmental noise/SED_wav/S-0058.wav,DataSED - DataSED - Dataset for Sound Event Detection of environmental noise/SED_wav/S-0058.wav,DataSED - DataSED - Dataset for Sound Event Detection of environmental noise/SED_wav/S-0058.npy,21a5c7f6ece6c6ce84a2a756402fd3706b8451c6456954ff9dd0cc62172b01a0,074c198335d7bde9b1582b5ff63f81e5b385564bb4349e7b05662e46f1544e5a,64,13475,bbf5188fb61e44e59fba46cebd26aab9371508748b9185ae1d3222c9cbaabffa
datased:DataSED - DataSED - Dataset for Sound Event Detection of environmental noise/SED_wav/S-0059.wav,DataSED - DataSED - Dataset for Sound Event Detection of environmental noise/SED_wav/S-0059.wav,DataSED - DataSED - Dataset for Sound Event Detection of environmental noise/SED_wav/S-0059.npy,0d4199852c61ef4536e2ba84ac4b57fe0a1bc014818d7bdbf7b7d097a1ee4ad9,bbf8eeb873d2163698be96f6a0074971491bc12ac74d00fbbd122a0db1f7de2c,64,9052,bbf5188fb61e44e59fba46cebd26aab9371508748b9185ae1d3222c9cbaabffa
datased:DataSED - DataSED - Dataset for Sound Event Detection of environmental noise/SED_wav/S-0060.wav,DataSED - DataSED - Dataset for Sound Event Detection of environmental noise/SED_wav/S-0060.wav,DataSED - DataSED - Dataset for Sound Event Detection of environmental noise/SED_wav/S-0060.npy,4d9e163a799431ea20d21799cdb1795db43c31127a3b8d09ab9fb94a07322998,7253104db4548fdf9ff427eb73f7b7875208bfba8b88cdfa6edd5beafc30dce3,64,12042,bbf5188fb61e44e59fba46cebd26aab9371508748b9185ae1d3222c9cbaabffa
datased:DataSED - DataSED - Dataset for Sound Event Detection of environmental noise/SED_wav/S-0061.wav,DataSED - DataSED - Dataset for Sound Event Detection of environmental noise/SED_wav/S-0061.wav,DataSED - DataSED - Dataset for Sound Event Detection of environmental noise/SED_wav/S-0061.npy,2fd7256d3c45823e2f42b2f3b0592afc00b2a3f2dfa532e5a37ea35e147cdab1,a54763100fe163b3c10563480cd71d4475b267177c4681f0db7b1d03dd960f20,64,18040,bbf5188fb61e44e59fba46cebd26aab9371508748b9185ae1d3222c9cbaabffa
datased:DataSED - DataSED - Dataset for Sound Event Detection of environmental noise/SED_wav/S-0062.wav,DataSED - DataSED - Dataset for Sound Event Detection of environmental noise/SED_wav/S-0062.wav,DataSED - DataSED - Dataset for Sound Event Detection of environmental noise/SED_wav/S-0062.npy,6b4c1ca8e649ac34346833a0a6d9511d591024bb1751dad4d58a2b11591c9872,1a83b6026aa6e4ca07ee2e7ab61f27ab70b16ef4b81b750dc7c35e44218a3e86,64,11385,bbf5188fb61e44e59fba46cebd26aab9371508748b9185ae1d3222c9cbaabffa
datased:DataSED - DataSED - Dataset for Sound Event Detection of environmental noise/SED_wav/S-0063.wav,DataSED - DataSED - Dataset for Sound Event Detection of environmental noise/SED_wav/S-0063.wav,DataSED - DataSED - Dataset for Sound Event Detection of environmental noise/SED_wav/S-0063.npy,a8e8e8e8e127fd7a5d2da1529d16991d2ad444858f8043f6a3a5fc08f7a3476b,b6a1599400a5c562b6a3581ba2604e6154fe9758f325d02fea163575526fed1a,64,18001,bbf5188fb61e44e59fba46cebd26aab9371508748b9185ae1d3222c9cbaabffa
datased:DataSED - DataSED - Dataset for Sound Event Detection of environmental noise/SED_wav/S-0064.wav,DataSED - DataSED - Dataset for Sound Event Detection of environmental noise/SED_wav/S-0064.wav,DataSED - DataSED - Dataset for Sound Event Detection of environmental noise/SED_wav/S-0064.npy,0544c24ef6073ffdb2c8ab59a2c924e0689077d7646bd1b32b8ac652504473a6,06c0ab42704b1bec1abae9d70a95582f3707f7205cdbce61fcb6b38c2c088660,64,15413,bbf5188fb61e44e59fba46cebd26aab9371508748b9185ae1d3222c9cbaabffa
datased:DataSED - DataSED - Dataset for Sound Event Detection of environmental noise/SED_wav/S-0065.wav,DataSED - DataSED - Dataset for Sound Event Detection of environmental noise/SED_wav/S-0065.wav,DataSED - DataSED - Dataset for Sound Event Detection of environmental noise/SED_wav/S-0065.npy,71d7b644f12e3102537744e2db6ce04b06e824d2def24fa242fa94f17e2bf4ba,c9684a071853efc33cc876ec521f107648a19e842957e8d2d96e0da8893f3a31,64,14844,bbf5188fb61e44e59fba46cebd26aab9371508748b9185ae1d3222c9cbaabffa
datased:DataSED - DataSED - Dataset for Sound Event Detection of environmental noise/SED_wav/S-0066.wav,DataSED - DataSED - Dataset for Sound Event Detection of environmental noise/SED_wav/S-0066.wav,DataSED - DataSED - Dataset for Sound Event Detection of environmental noise/SED_wav/S-0066.npy,7499e3a77e2a210998536a220af6637023e726bbb508a6f9e6b519f5430fc5c3,00d82e2bcbf10380ca93d2fc01372118bc4eadb13daa558952b1fc35d00d0dfb,64,21141,bbf5188fb61e44e59fba46cebd26aab9371508748b9185ae1d3222c9cbaabffa
datased:DataSED - DataSED - Dataset for Sound Event Detection of environmental noise/SED_wav/S-0067.wav,DataSED - DataSED - Dataset for Sound Event Detection of environmental noise/SED_wav/S-0067.wav,DataSED - DataSED - Dataset for Sound Event Detection of environmental noise/SED_wav/S-0067.npy,e7e9bbb225356e665425fc2041eda8d952cd800ba2f6f1e1fd5c8a271db42491,a6a85548679c403cfa8904520acb72176b499b1eeb266ff06ba9e2ef6dfe430c,64,12001,bbf5188fb61e44e59fba46cebd26aab9371508748b9185ae1d3222c9cbaabffa
datased:DataSED - DataSED - Dataset for Sound Event Detection of environmental noise/SED_wav/S-0068.wav,DataSED - DataSED - Dataset for Sound Event Detection of environmental noise/SED_wav/S-0068.wav,DataSED - DataSED - Dataset for Sound Event Detection of environmental noise/SED_wav/S-0068.npy,1445c3bb29c6836423ceb625d235a6df4c42c4ed633f93866c052cc5787bbfdd,34779f900bc8fff8ed628789bbae01a0f980522a0b767509bd4402cfe83ff6e7,64,9152,bbf5188fb61e44e59fba46cebd26aab9371508748b9185ae1d3222c9cbaabffa
datased:DataSED - DataSED - Dataset for Sound Event Detection of environmental noise/SED_wav/S-0069.wav,DataSED - DataSED - Dataset for Sound Event Detection of environmental noise/SED_wav/S-0069.wav,DataSED - DataSED - Dataset for Sound Event Detection of environmental noise/SED_wav/S-0069.npy,0c4d5888e585b87fa0d02ed962335fd44b007e4d2c525d2d17bf752bfa258d83,5516acfe195943376ac14823dcfd0dc579378a368e506a2fb647ae9727c288fc,64,15001,bbf5188fb61e44e59fba46cebd26aab9371508748b9185ae1d3222c9cbaabffa
datased:DataSED - DataSED - Dataset for Sound Event Detection of environmental noise/SED_wav/S-0070.wav,DataSED - DataSED - Dataset for Sound Event Detection of environmental noise/SED_wav/S-0070.wav,DataSED - DataSED - Dataset for Sound Event Detection of environmental noise/SED_wav/S-0070.npy,5fb0cbbc2c6bbbc1e415079c7d57d3a78239d5fe9d10bc1fbbe2f5ac037c9065,e91e69d80fe34a9c40e8b94d60ecfcb7a8c09770b152c0ef8c7470b0a2b2d003,64,12611,bbf5188fb61e44e59fba46cebd26aab9371508748b9185ae1d3222c9cbaabffa
datased:DataSED - DataSED - Dataset for Sound Event Detection of environmental noise/SED_wav/S-0071.wav,DataSED - DataSED - Dataset for Sound Event Detection of environmental noise/SED_wav/S-0071.wav,DataSED - DataSED - Dataset for Sound Event Detection of environmental noise/SED_wav/S-0071.npy,06ab33bea75aa6d698583761099363a0a0178f003873501c21b7f4b723d79bfd,978881407f6053a3098903db4be25d395d5a4ebdce1c517892324e03b6b75df3,64,18001,bbf5188fb61e44e59fba46cebd26aab9371508748b9185ae1d3222c9cbaabffa
datased:DataSED - DataSED - Dataset for Sound Event Detection of environmental noise/SED_wav/S-0072.wav,DataSED - DataSED - Dataset for Sound Event Detection of environmental noise/SED_wav/S-0072.wav,DataSED - DataSED - Dataset for Sound Event Detection of environmental noise/SED_wav/S-0072.npy,7fcb7eeb8633449b13b4fbacebaae7ef615e5130bbbaac545da65ac6d28dabe8,b46b7571838e52f5709480e4bc257975b70c9819d52dc8dffdd12fe5852fc3a1,64,14844,bbf5188fb61e44e59fba46cebd26aab9371508748b9185ae1d3222c9cbaabffa
datased:DataSED - DataSED - Dataset for Sound Event Detection of environmental noise/SED_wav/S-0073.wav,DataSED - DataSED - Dataset for Sound Event Detection of environmental noise/SED_wav/S-0073.wav,DataSED - DataSED - Dataset for Sound Event Detection of environmental noise/SED_wav/S-0073.npy,e257dde578aedea36d6f7efbee2918a41dbfb2810b00e6f4699c0934e283d368,7cfd3ace1058c70606af8c7a4de7d75bc4a908f0c487de0cf6d235176a6d9e85,64,16771,bbf5188fb61e44e59fba46cebd26aab9371508748b9185ae1d3222c9cbaabffa
datased:DataSED - DataSED - Dataset for Sound Event Detection of environmental noise/SED_wav/S-0074.wav,DataSED - DataSED - Dataset for Sound Event Detection of environmental noise/SED_wav/S-0074.wav,DataSED - DataSED - Dataset for Sound Event Detection of environmental noise/SED_wav/S-0074.npy,32a7d26380af512cda2b212e9ddf81398c3e2cc0a7322c741b0889e2aacd55ea,a3458854d0c7afbbf357c4715ce0af9b90ffc505ddf255c4a848cf3770ad6cc9,64,14932,bbf5188fb61e44e59fba46cebd26aab9371508748b9185ae1d3222c9cbaabffa
datased:DataSED - DataSED - Dataset for Sound Event Detection of environmental noise/SED_wav/S-0075.wav,DataSED - DataSED - Dataset for Sound Event Detection of environmental noise/SED_wav/S-0075.wav,DataSED - DataSED - Dataset for Sound Event Detection of environmental noise/SED_wav/S-0075.npy,51e48dfaef96fc4708e84b4b2206d24539d4e871e07b4cbb2f0dcef153c95834,04d613dbe0649eb26504aaf5b1800df894d791a59977844093ca8278e6719424,64,15282,bbf5188fb61e44e59fba46cebd26aab9371508748b9185ae1d3222c9cbaabffa
datased:DataSED - DataSED - Dataset for Sound Event Detection of environmental noise/SED_wav/S-0076.wav,DataSED - DataSED - Dataset for Sound Event Detection of environmental noise/SED_wav/S-0076.wav,DataSED - DataSED - Dataset for Sound Event Detection of environmental noise/SED_wav/S-0076.npy,1fd6a0f89a0d261bdbae32cb69b1f875dc4dbae5d2eec293221daf8ca1ae0b5a,bf491e33b136046ddee4766fa15ab9e90d3771ec0ccfef48c064b9978a485367,64,9152,bbf5188fb61e44e59fba46cebd26aab9371508748b9185ae1d3222c9cbaabffa
datased:DataSED - DataSED - Dataset for Sound Event Detection of environmental noise/SED_wav/S-0077.wav,DataSED - DataSED - Dataset for Sound Event Detection of environmental noise/SED_wav/S-0077.wav,DataSED - DataSED - Dataset for Sound Event Detection of environmental noise/SED_wav/S-0077.npy,46f8662f54b5c1f3a724af54ba57ca4f1e8424c98fd2a916953ac4511e78d8a0,2c83821fce89b299693b1e19a8be80b94873312d3af5aea9ec76f5241de7dd14,64,7882,bbf5188fb61e44e59fba46cebd26aab9371508748b9185ae1d3222c9cbaabffa
datased:DataSED - DataSED - Dataset for Sound Event Detection of environmental noise/SED_wav/S-0078.wav,DataSED - DataSED - Dataset for Sound Event Detection of environmental noise/SED_wav/S-0078.wav,DataSED - DataSED - Dataset for Sound Event Detection of environmental noise/SED_wav/S-0078.npy,960446092f96439a081a7730d1ca2bf0b1d7b0eacfeee0c33d9c981a56cab541,194481504589c246f4e5a7621e545c327e73ee151f38a8abeda28d636fef71eb,64,7619,bbf5188fb61e44e59fba46cebd26aab9371508748b9185ae1d3222c9cbaabffa
datased:DataSED - DataSED - Dataset for Sound Event Detection of environmental noise/SED_wav/S-0079.wav,DataSED - DataSED - Dataset for Sound Event Detection of environmental noise/SED_wav/S-0079.wav,DataSED - DataSED - Dataset for Sound Event Detection of environmental noise/SED_wav/S-0079.npy,7718ee5ddcf134003ef5a388a486ccaf9531be8acc66a906f21deada5c62cf00,eb69cd15fec8fe15a9640c9f9901eb85c478ba1f0f11510387abea149ebf88b5,64,16990,bbf5188fb61e44e59fba46cebd26aab9371508748b9185ae1d3222c9cbaabffa
datased:DataSED - DataSED - Dataset for Sound Event Detection of environmental noise/SED_wav/S-0080.wav,DataSED - DataSED - Dataset for Sound Event Detection of environmental noise/SED_wav/S-0080.wav,DataSED - DataSED - Dataset for Sound Event Detection of environmental noise/SED_wav/S-0080.npy,992d3b5f0c3bffda88c0bfa5c06cac43d3d97ec737afc6a77c9762a1792d2edd,2cdbb7d23317077dab3fa6509f11d68a8905592bddea99de9f50bc51feb3d148,64,15001,bbf5188fb61e44e59fba46cebd26aab9371508748b9185ae1d3222c9cbaabffa
datased:DataSED - DataSED - Dataset for Sound Event Detection of environmental noise/SED_wav/S-0081.wav,DataSED - DataSED - Dataset for Sound Event Detection of environmental noise/SED_wav/S-0081.wav,DataSED - DataSED - Dataset for Sound Event Detection of environmental noise/SED_wav/S-0081.npy,68ac8ddddc48ab23fc483c95749fa25b2353711c2cd0255ad3d41a6d874ed8ed,1c3413859c3ec99c12456ffcceb6529a19857ebc6808eea0a6b76678e06e7502,64,15895,bbf5188fb61e44e59fba46cebd26aab9371508748b9185ae1d3222c9cbaabffa
datased:DataSED - DataSED - Dataset for Sound Event Detection of environmental noise/SED_wav/S-0082.wav,DataSED - DataSED - Dataset for Sound Event Detection of environmental noise/SED_wav/S-0082.wav,DataSED - DataSED - Dataset for Sound Event Detection of environmental noise/SED_wav/S-0082.npy,33a2c15df034ecf55228f218bc9aa53408060cfb49367a9e914ab1a0d75219b7,e7e761dfbd0d57562b7d127aa0c824aefbe691a388147473a32bba1b9ff08182,64,11998,bbf5188fb61e44e59fba46cebd26aab9371508748b9185ae1d3222c9cbaabffa
datased:DataSED - DataSED - Dataset for Sound Event Detection of environmental noise/SED_wav/S-0083.wav,DataSED - DataSED - Dataset for Sound Event Detection of environmental noise/SED_wav/S-0083.wav,DataSED - DataSED - Dataset for Sound Event Detection of environmental noise/SED_wav/S-0083.npy,d6e0df6ba5aa627b50253ecd1dc829140b2163d3f54583676eec74816163139f,d580ff70e3365b094b0e0689654e2583e8b02cd5c4f48028a503426cd4ac6287,64,3001,bbf5188fb61e44e59fba46cebd26aab9371508748b9185ae1d3222c9cbaabffa
datased:DataSED - DataSED - Dataset for Sound Event Detection of environmental noise/SED_wav/S-0084.wav,DataSED - DataSED - Dataset for Sound Event Detection of environmental noise/SED_wav/S-0084.wav,DataSED - DataSED - Dataset for Sound Event Detection of environmental noise/SED_wav/S-0084.npy,fdb4e5731f7f5846004c5b1d4ab8e7c1ae0ff6122c70cbe2fbe315e934261ea2,82a4ada1ee2457aec4bda81b52fa48bdf05753688a2add11c2d0faa557c23b57,64,9020,bbf5188fb61e44e59fba46cebd26aab9371508748b9185ae1d3222c9cbaabffa
datased:DataSED - DataSED - Dataset for Sound Event Detection of environmental noise/SED_wav/S-0085.wav,DataSED - DataSED - Dataset for Sound Event Detection of environmental noise/SED_wav/S-0085.wav,DataSED - DataSED - Dataset for Sound Event Detection of environmental noise/SED_wav/S-0085.npy,cd1460bb52c79ae6e28929d32403180fc58318db7acfa40705d86ef499ebd6a8,19cdd2ac2e9d358239fb17d7977ccb124124d2a9193d7b119b49dffaecacc86f,64,13188,bbf5188fb61e44e59fba46cebd26aab9371508748b9185ae1d3222c9cbaabffa
datased:DataSED - DataSED - Dataset for Sound Event Detection of environmental noise/SED_wav/S-0086.wav,DataSED - DataSED - Dataset for Sound Event Detection of environmental noise/SED_wav/S-0086.wav,DataSED - DataSED - Dataset for Sound Event Detection of environmental noise/SED_wav/S-0086.npy,ca224822917f9ffb7a6bf89c8c48bf197bfb67fc233c14ff5a544e3a2d0e3c98,3cd34b1dc894de89fd4b0b636ab67bdb8914b963c078f9334627efb3e396df7d,64,8232,bbf5188fb61e44e59fba46cebd26aab9371508748b9185ae1d3222c9cbaabffa
datased:DataSED - DataSED - Dataset for Sound Event Detection of environmental noise/SED_wav/S-0087.wav,DataSED - DataSED - Dataset for Sound Event Detection of environmental noise/SED_wav/S-0087.wav,DataSED - DataSED - Dataset for Sound Event Detection of environmental noise/SED_wav/S-0087.npy,938212c51259b974191705e3fd8ec246f546b60515c60b6df11b7603547d305f,aeb55c5817afdf493fca396251bac4af2bf5d7a0e4a15f2fc1aa46febd87edd2,64,6891,bbf5188fb61e44e59fba46cebd26aab9371508748b9185ae1d3222c9cbaabffa
datased:DataSED - DataSED - Dataset for Sound Event Detection of environmental noise/SED_wav/S-0088.wav,DataSED - DataSED - Dataset for Sound Event Detection of environmental noise/SED_wav/S-0088.wav,DataSED - DataSED - Dataset for Sound Event Detection of environmental noise/SED_wav/S-0088.npy,6d850f17d0b8fe63c0b0ef7ffe87b981758062f22aef531467fe019fd3078338,985985cbe1a6bd49ba3fa4e41648d4efef2f5d43f929485b966f21209abdc7e5,64,6015,bbf5188fb61e44e59fba46cebd26aab9371508748b9185ae1d3222c9cbaabffa
datased:DataSED - DataSED - Dataset for Sound Event Detection of environmental noise/SED_wav/S-0089.wav,DataSED - DataSED - Dataset for Sound Event Detection of environmental noise/SED_wav/S-0089.wav,DataSED - DataSED - Dataset for Sound Event Detection of environmental noise/SED_wav/S-0089.npy,46d3fec4481ac594276eb54e2da57edb9b6548205f0fcd0d53997f6dbffe128a,4235216cdc3a89bcf77a214e83d348c9c400ba31ff6e8f2871fac3408e57f7a3,64,3892,bbf5188fb61e44e59fba46cebd26aab9371508748b9185ae1d3222c9cbaabffa
datased:DataSED - DataSED - Dataset for Sound Event Detection of environmental noise/SED_wav/S-0090.wav,DataSED - DataSED - Dataset for Sound Event Detection of environmental noise/SED_wav/S-0090.wav,DataSED - DataSED - Dataset for Sound Event Detection of environmental noise/SED_wav/S-0090.npy,7d8e1e78cc33faea69ea4da2c98bce63dbe2a58f80f1d673cb7ae29e909ab444,88f6348ab7f1837f04c3c5046610077fc9120fccd842176b686a41652267def7,64,7185,bbf5188fb61e44e59fba46cebd26aab9371508748b9185ae1d3222c9cbaabffa
datased:DataSED - DataSED - Dataset for Sound Event Detection of environmental noise/SED_wav/S-0091.wav,DataSED - DataSED - Dataset for Sound Event Detection of environmental noise/SED_wav/S-0091.wav,DataSED - DataSED - Dataset for Sound Event Detection of environmental noise/SED_wav/S-0091.npy,6d868ebf318ef2ffc10613675ad0576a09a6b8a2240aa791d025ad1e8b4635d2,1be86f90028c5c18f4f590ec72ce0b4a7ec29753b2d622be3b15fd3142eb1753,64,21754,bbf5188fb61e44e59fba46cebd26aab9371508748b9185ae1d3222c9cbaabffa
datased:DataSED - DataSED - Dataset for Sound Event Detection of environmental noise/SED_wav/S-0092.wav,DataSED - DataSED - Dataset for Sound Event Detection of environmental noise/SED_wav/S-0092.wav,DataSED - DataSED - Dataset for Sound Event Detection of environmental noise/SED_wav/S-0092.npy,b2fe9856b59e28ff148eafcfbaa1cc96e5b2ef23b05cba268e11823c4cafb4e4,41dcdfed62ff12db4905218b70c431366434531232f1f294bf4aa800ffacf1ca,64,3076,bbf5188fb61e44e59fba46cebd26aab9371508748b9185ae1d3222c9cbaabffa
datased:DataSED - DataSED - Dataset for Sound Event Detection of environmental noise/SED_wav/S-0093.wav,DataSED - DataSED - Dataset for Sound Event Detection of environmental noise/SED_wav/S-0093.wav,DataSED - DataSED - Dataset for Sound Event Detection of environmental noise/SED_wav/S-0093.npy,a2394426f68cfab3ddc377715417e516ce2755593d05ff6f27e8149c33ea9b92,c2906c32297714706f8eccf7cc65556dbd957d62a55b555ab7048d7662b92f35,64,12042,bbf5188fb61e44e59fba46cebd26aab9371508748b9185ae1d3222c9cbaabffa
datased:DataSED - DataSED - Dataset for Sound Event Detection of environmental noise/SED_wav/S-0094.wav,DataSED - DataSED - Dataset for Sound Event Detection of environmental noise/SED_wav/S-0094.wav,DataSED - DataSED - Dataset for Sound Event Detection of environmental noise/SED_wav/S-0094.npy,8806b933f11597be959a60b272bb254f714f998cbfebf1c5cc56543fa6e78e2b,3d20ac7b54d8c5d846f1491601eecc1b2e7af65cc255465963549ad40ff47d97,64,17520,bbf5188fb61e44e59fba46cebd26aab9371508748b9185ae1d3222c9cbaabffa
datased:DataSED - DataSED - Dataset for Sound Event Detection of environmental noise/SED_wav/S-0095.wav,DataSED - DataSED - Dataset for Sound Event Detection of environmental noise/SED_wav/S-0095.wav,DataSED - DataSED - Dataset for Sound Event Detection of environmental noise/SED_wav/S-0095.npy,382c8f5888547dc9cb29d1b37804b663b2bb1013a70a31107cbd86eeae867b7d,3758804046005fc407f983eaf6e06bb366b929f0467934b5ac25f69988a03063,64,23038,bbf5188fb61e44e59fba46cebd26aab9371508748b9185ae1d3222c9cbaabffa
datased:DataSED - DataSED - Dataset for Sound Event Detection of environmental noise/SED_wav/S-0096.wav,DataSED - DataSED - Dataset for Sound Event Detection of environmental noise/SED_wav/S-0096.wav,DataSED - DataSED - Dataset for Sound Event Detection of environmental noise/SED_wav/S-0096.npy,34698706a68b8e2191081f72421cd0585f1b568f482d28d6019cd7ca3c81cd08,0a8d9ec94859b36e27efea3fed03ac89c98aebbe079c8dca88134b88cef423a5,64,14874,bbf5188fb61e44e59fba46cebd26aab9371508748b9185ae1d3222c9cbaabffa
datased:DataSED - DataSED - Dataset for Sound Event Detection of environmental noise/SED_wav/S-0097.wav,DataSED - DataSED - Dataset for Sound Event Detection of environmental noise/SED_wav/S-0097.wav,DataSED - DataSED - Dataset for Sound Event Detection of environmental noise/SED_wav/S-0097.npy,a7ae548496a3f1ad84bf6a22a17b347c9dce31124568a74c077927b9885aa140,6dc71c7a666f701720fcb20c8b47a1997e979e7ca3985330e07b686f07b7627e,64,26258,bbf5188fb61e44e59fba46cebd26aab9371508748b9185ae1d3222c9cbaabffa
datased:DataSED - DataSED - Dataset for Sound Event Detection of environmental noise/SED_wav/S-0098.wav,DataSED - DataSED - Dataset for Sound Event Detection of environmental noise/SED_wav/S-0098.wav,DataSED - DataSED - Dataset for Sound Event Detection of environmental noise/SED_wav/S-0098.npy,74a9c1ae3865c8f7dfca9287aa0515799014ba02963c4b78108ea0e29885ea00,3910d8cd8d612d4f06c8120210d0139d27c9a9db68a3a9028a74e606ae92229b,64,17569,bbf5188fb61e44e59fba46cebd26aab9371508748b9185ae1d3222c9cbaabffa
datased:DataSED - DataSED - Dataset for Sound Event Detection of environmental noise/SED_wav/S-0099.wav,DataSED - DataSED - Dataset for Sound Event Detection of environmental noise/SED_wav/S-0099.wav,DataSED - DataSED - Dataset for Sound Event Detection of environmental noise/SED_wav/S-0099.npy,c0ba507ea3ece48171bdf7e033dab7dcc9e203ac8229cac8c877d2d5ee756cfa,e4cfe1d2c6986ce5132afa0c6a03add3a4e2f214a4fb0d1598f943ef833c0729,64,23067,bbf5188fb61e44e59fba46cebd26aab9371508748b9185ae1d3222c9cbaabffa
datased:DataSED - DataSED - Dataset for Sound Event Detection of environmental noise/SED_wav/S-0100.wav,DataSED - DataSED - Dataset for Sound Event Detection of environmental noise/SED_wav/S-0100.wav,DataSED - DataSED - Dataset for Sound Event Detection of environmental noise/SED_wav/S-0100.npy,b23e3d73bb51dd4fe00303f7f95a0e721aac688d67e14a95c052ff90a8c65fc8,2e23ba75ee69c04a8f64c7f3d714fe4856ceaabc8924a79639c37fb4d92eb6ea,64,8553,bbf5188fb61e44e59fba46cebd26aab9371508748b9185ae1d3222c9cbaabffa
datased:DataSED - DataSED - Dataset for Sound Event Detection of environmental noise/SED_wav/S-0101.wav,DataSED - DataSED - Dataset for Sound Event Detection of environmental noise/SED_wav/S-0101.wav,DataSED - DataSED - Dataset for Sound Event Detection of environmental noise/SED_wav/S-0101.npy,8e84017c383fdaa8396210fb1e50aad831ce4ffbfbe1bcacf2e3cbbd31051b8b,7f197cdf3fd4b86fe9952fb36fccbd897be4e7d8118abef3221ebc67d1c6ab01,64,10913,bbf5188fb61e44e59fba46cebd26aab9371508748b9185ae1d3222c9cbaabffa
datased:DataSED - DataSED - Dataset for Sound Event Detection of environmental noise/SED_wav/S-0102.wav,DataSED - DataSED - Dataset for Sound Event Detection of environmental noise/SED_wav/S-0102.wav,DataSED - DataSED - Dataset for Sound Event Detection of environmental noise/SED_wav/S-0102.npy,320072cabab7c132e3b3b13b789f872cd7c9c9ef1d1ea2a73def8a3bfc98bfe0,1dc11ac88c56fa9ba2234af6dce54aa4a82780f62a34354cc7255520d569c158,64,30292,bbf5188fb61e44e59fba46cebd26aab9371508748b9185ae1d3222c9cbaabffa
datased:DataSED - DataSED - Dataset for Sound Event Detection of environmental noise/SED_wav/S-0103.wav,DataSED - DataSED - Dataset for Sound Event Detection of environmental noise/SED_wav/S-0103.wav,DataSED - DataSED - Dataset for Sound Event Detection of environmental noise/SED_wav/S-0103.npy,7aba7e1be5f14a5580e33f90932df6a1184f1ccbe23edeb4bfdd7b6f1adf9e69,1da2b4d3ccc1a635e0261c106f3b77f172c4cdc4c28a770e8d565c35b612539b,64,36597,bbf5188fb61e44e59fba46cebd26aab9371508748b9185ae1d3222c9cbaabffa
datased:DataSED - DataSED - Dataset for Sound Event Detection of environmental noise/SED_wav/S-0104.wav,DataSED - DataSED - Dataset for Sound Event Detection of environmental noise/SED_wav/S-0104.wav,DataSED - DataSED - Dataset for Sound Event Detection of environmental noise/SED_wav/S-0104.npy,fa49f541bfa11753082ef0d30672da8cc8719f3f99e34389a09615ebc512842f,7811bae1955b7a1380ac75ae8e04b823cd37d0c6f7fd3878518f3797b6950ea5,64,13702,bbf5188fb61e44e59fba46cebd26aab9371508748b9185ae1d3222c9cbaabffa
datased:DataSED - DataSED - Dataset for Sound Event Detection of environmental noise/SED_wav/S-0105.wav,DataSED - DataSED - Dataset for Sound Event Detection of environmental noise/SED_wav/S-0105.wav,DataSED - DataSED - Dataset for Sound Event Detection of environmental noise/SED_wav/S-0105.npy,a1317277fe7fa1606484d13a17eedfcfe04dd87413a863abf5d129369790a373,fb74215e785c5fb09f0c1d009cfc6bf8f83dbe94cdd342c6989e52adffd35d78,64,7739,bbf5188fb61e44e59fba46cebd26aab9371508748b9185ae1d3222c9cbaabffa
datased:DataSED - DataSED - Dataset for Sound Event Detection of environmental noise/SED_wav/S-0106.wav,DataSED - DataSED - Dataset for Sound Event Detection of environmental noise/SED_wav/S-0106.wav,DataSED - DataSED - Dataset for Sound Event Detection of environmental noise/SED_wav/S-0106.npy,9b0d3d21d252e16e9305803035f0ca4b5f42fc4745b49cdf89317f4617095f73,90ad08fdc2f96ed57d988f44b9e1438d7f1c564bdf4b0841537073b39deff626,64,10644,bbf5188fb61e44e59fba46cebd26aab9371508748b9185ae1d3222c9cbaabffa
datased:DataSED - DataSED - Dataset for Sound Event Detection of environmental noise/SED_wav/S-0107.wav,DataSED - DataSED - Dataset for Sound Event Detection of environmental noise/SED_wav/S-0107.wav,DataSED - DataSED - Dataset for Sound Event Detection of environmental noise/SED_wav/S-0107.npy,7e65d7e0f83bbbde78ba26430fe43a830c0270d43b15bb8af598f86d808c98de,a35c8ad3a775d39c67398a809c055b03d120e597db122e4decfcaf23d967b4af,64,25948,bbf5188fb61e44e59fba46cebd26aab9371508748b9185ae1d3222c9cbaabffa
datased:DataSED - DataSED - Dataset for Sound Event Detection of environmental noise/SED_wav/S-0108.wav,DataSED - DataSED - Dataset for Sound Event Detection of environmental noise/SED_wav/S-0108.wav,DataSED - DataSED - Dataset for Sound Event Detection of environmental noise/SED_wav/S-0108.npy,548d9453b559baeff1f75059ce4783178f05517d776c656f52698727012b1567,1516d076c7b929670839ea625656057f9cf203606a74f8c829a5d66f791dde8e,64,7649,bbf5188fb61e44e59fba46cebd26aab9371508748b9185ae1d3222c9cbaabffa
datased:DataSED - DataSED - Dataset for Sound Event Detection of environmental noise/SED_wav/S-0109.wav,DataSED - DataSED - Dataset for Sound Event Detection of environmental noise/SED_wav/S-0109.wav,DataSED - DataSED - Dataset for Sound Event Detection of environmental noise/SED_wav/S-0109.npy,d5eddfae91ae5c4eebf1487583ed25e27f423a0c9b314abafc15600a2e247986,a38c28a6b2a6b9a899e49960a921a37fed13b5ff0f7b09aba63f0eed2a77d8f4,64,17949,bbf5188fb61e44e59fba46cebd26aab9371508748b9185ae1d3222c9cbaabffa
datased:DataSED - DataSED - Dataset for Sound Event Detection of environmental noise/SED_wav/S-0110.wav,DataSED - DataSED - Dataset for Sound Event Detection of environmental noise/SED_wav/S-0110.wav,DataSED - DataSED - Dataset for Sound Event Detection of environmental noise/SED_wav/S-0110.npy,ea4eaf8097cd880fbda7334784b4eba78268c73191e6ab44149b1da00ad24f41,8b70916def4a23ae5b38a65e09c7bcd1870d837471c2ee445a420876fa8fd5d3,64,12103,bbf5188fb61e44e59fba46cebd26aab9371508748b9185ae1d3222c9cbaabffa
datased:DataSED - DataSED - Dataset for Sound Event Detection of environmental noise/SED_wav/S-0111.wav,DataSED - DataSED - Dataset for Sound Event Detection of environmental noise/SED_wav/S-0111.wav,DataSED - DataSED - Dataset for Sound Event Detection of environmental noise/SED_wav/S-0111.npy,b05cb588a1fb1db676ef3da1730cddcd77c0f613029728cddc5d7424c873c98b,b4f3cd67be42173c438c5c53931e9effbb0b31ef69a522e0e4ef5e8c32c79867,64,12001,bbf5188fb61e44e59fba46cebd26aab9371508748b9185ae1d3222c9cbaabffa
datased:DataSED - DataSED - Dataset for Sound Event Detection of environmental noise/SED_wav/S-0112.wav,DataSED - DataSED - Dataset for Sound Event Detection of environmental noise/SED_wav/S-0112.wav,DataSED - DataSED - Dataset for Sound Event Detection of environmental noise/SED_wav/S-0112.npy,5cdd5e36d464840566cb51cb30300f074123bdb3e878e5d0cafb333ca6b52119,3aad8d0a5908cc8734455f2f0474ad8776147ef9726f98c5cb3bca94e11f2031,64,18001,bbf5188fb61e44e59fba46cebd26aab9371508748b9185ae1d3222c9cbaabffa
datased:DataSED - DataSED - Dataset for Sound Event Detection of environmental noise/SED_wav/S-0113.wav,DataSED - DataSED - Dataset for Sound Event Detection of environmental noise/SED_wav/S-0113.wav,DataSED - DataSED - Dataset for Sound Event Detection of environmental noise/SED_wav/S-0113.npy,04f581a91c4437d625997a2d78d21bfd6531829295b4ca1c8d10c3d86be4092a,d0f95ae172505452935b7125a23d8ea1e8a86722d319ffd7e3f6b62cbe249632,64,9201,bbf5188fb61e44e59fba46cebd26aab9371508748b9185ae1d3222c9cbaabffa
datased:DataSED - DataSED - Dataset for Sound Event Detection of environmental noise/SED_wav/S-0114.wav,DataSED - DataSED - Dataset for Sound Event Detection of environmental noise/SED_wav/S-0114.wav,DataSED - DataSED - Dataset for Sound Event Detection of environmental noise/SED_wav/S-0114.npy,41a64ff9b78f13f9ac14cb9c5ebadcb946a05e807352b2291231081db73b6894,d91ecf0e080652d4c284b2cf4c247d59ae474b67bc1dc48266259978bdc27069,64,3429,bbf5188fb61e44e59fba46cebd26aab9371508748b9185ae1d3222c9cbaabffa
datased:DataSED - DataSED - Dataset for Sound Event Detection of environmental noise/SED_wav/S-0115.wav,DataSED - DataSED - Dataset for Sound Event Detection of environmental noise/SED_wav/S-0115.wav,DataSED - DataSED - Dataset for Sound Event Detection of environmental noise/SED_wav/S-0115.npy,0455b3bc7545e7daa2d92b29efbea42af1a74b5a9d1c8705bba02acc4a9597b7,7e5deccaebdab640fc418a5efdb068cf14defa6b4fb6e2539f960745227a9939,64,629,bbf5188fb61e44e59fba46cebd26aab9371508748b9185ae1d3222c9cbaabffa
datased:DataSED - DataSED - Dataset for Sound Event Detection of environmental noise/SED_wav/S-0116.wav,DataSED - DataSED - Dataset for Sound Event Detection of environmental noise/SED_wav/S-0116.wav,DataSED - DataSED - Dataset for Sound Event Detection of environmental noise/SED_wav/S-0116.npy,9a758fcb6b2a52c56d03a06f63d79110b19b0a2a939eb0f8b69515359a1e6ad5,96e97e5b20872005a8b56ed3f150cf2fe6a723b39656616df3b8779d7e0d6a8a,64,7711,bbf5188fb61e44e59fba46cebd26aab9371508748b9185ae1d3222c9cbaabffa
datased:DataSED - DataSED - Dataset for Sound Event Detection of environmental noise/SED_wav/S-0117.wav,DataSED - DataSED - Dataset for Sound Event Detection of environmental noise/SED_wav/S-0117.wav,DataSED - DataSED - Dataset for Sound Event Detection of environmental noise/SED_wav/S-0117.npy,1a12d86a63b51500b839dae8950daa2f6f504a48123e610a5bb8537bbdcfbd4a,6f422666561bf7abda34c638fef29ffb63ce315d05819442b0f00f16161da9d7,64,3340,bbf5188fb61e44e59fba46cebd26aab9371508748b9185ae1d3222c9cbaabffa
datased:DataSED - DataSED - Dataset for Sound Event Detection of environmental noise/SED_wav/S-0118.wav,DataSED - DataSED - Dataset for Sound Event Detection of environmental noise/SED_wav/S-0118.wav,DataSED - DataSED - Dataset for Sound Event Detection of environmental noise/SED_wav/S-0118.npy,f5125a6a6913039c87ad53098b1317a50f271068d7cfa90adfeb1e79117ea02b,e6a16eb5f1635308b7b706dae17e7e6a784fa852c5aa6d4871c15b92fc95a68e,64,2616,bbf5188fb61e44e59fba46cebd26aab9371508748b9185ae1d3222c9cbaabffa
datased:DataSED - DataSED - Dataset for Sound Event Detection of environmental noise/SED_wav/S-0119.wav,DataSED - DataSED - Dataset for Sound Event Detection of environmental noise/SED_wav/S-0119.wav,DataSED - DataSED - Dataset for Sound Event Detection of environmental noise/SED_wav/S-0119.npy,fac69e391eb5c534a896a8e7d6193bbeafe42a717d22233b5facc03c7c9ab269,ef960c666983d94af0c253c177a2b3ea4dcb2436222c7815a97623b0d5df101f,64,8250,bbf5188fb61e44e59fba46cebd26aab9371508748b9185ae1d3222c9cbaabffa
datased:DataSED - DataSED - Dataset for Sound Event Detection of environmental noise/SED_wav/S-0120.wav,DataSED - DataSED - Dataset for Sound Event Detection of environmental noise/SED_wav/S-0120.wav,DataSED - DataSED - Dataset for Sound Event Detection of environmental noise/SED_wav/S-0120.npy,2bd7570687260ee08e9d7bf41146e12081c8b21307c82cc2d304e7128e38ff40,8e685a83294350bb7cd10aae6a2724001a8dd4d8d1b855177f8331f777c3eebe,64,1270,bbf5188fb61e44e59fba46cebd26aab9371508748b9185ae1d3222c9cbaabffa
datased:DataSED - DataSED - Dataset for Sound Event Detection of environmental noise/SED_wav/S-0121.wav,DataSED - DataSED - Dataset for Sound Event Detection of environmental noise/SED_wav/S-0121.wav,DataSED - DataSED - Dataset for Sound Event Detection of environmental noise/SED_wav/S-0121.npy,be1ddd59fc7bca3765801314c974d7d578fbe34530d218a8e271cf5d98de5549,466177b2bc344f4ff62a98da8ecce668ed76bbb3cfe719cb2d585368362ceca1,64,1181,bbf5188fb61e44e59fba46cebd26aab9371508748b9185ae1d3222c9cbaabffa
datased:DataSED - DataSED - Dataset for Sound Event Detection of environmental noise/SED_wav/S-0122.wav,DataSED - DataSED - Dataset for Sound Event Detection of environmental noise/SED_wav/S-0122.wav,DataSED - DataSED - Dataset for Sound Event Detection of environmental noise/SED_wav/S-0122.npy,0a1bfcacf952ee264682bd20895c9ed2733772da9ee66b9a61ab188971f10305,7275eaf2424bf361c739d9481e0c741f9c18145abc3c7c36d9fb66484f2002e0,64,24762,bbf5188fb61e44e59fba46cebd26aab9371508748b9185ae1d3222c9cbaabffa
datased:DataSED - DataSED - Dataset for Sound Event Detection of environmental noise/SED_wav/S-0123.wav,DataSED - DataSED - Dataset for Sound Event Detection of environmental noise/SED_wav/S-0123.wav,DataSED - DataSED - Dataset for Sound Event Detection of environmental noise/SED_wav/S-0123.npy,9ca8266e0480c2f24ca6b0162afa5e370a05240c8b24339a505cda12366010be,44c1a0b91a5090705d0802615470ebd0b9042264ab0718b394f5ed815937d237,64,16994,bbf5188fb61e44e59fba46cebd26aab9371508748b9185ae1d3222c9cbaabffa
datased:DataSED - DataSED - Dataset for Sound Event Detection of environmental noise/SED_wav/S-0124.wav,DataSED - DataSED - Dataset for Sound Event Detection of environmental noise/SED_wav/S-0124.wav,DataSED - DataSED - Dataset for Sound Event Detection of environmental noise/SED_wav/S-0124.npy,63d42b6d52ed3249e6dc56596c3ec53cee966c165b2043a7f6497b18f8936202,b22f1372f6b52a48c7f4223e6c13d97e679f0d93e46e873f5a6fe60d72462fee,64,1482,bbf5188fb61e44e59fba46cebd26aab9371508748b9185ae1d3222c9cbaabffa
datased:DataSED - DataSED - Dataset for Sound Event Detection of environmental noise/SED_wav/S-0125.wav,DataSED - DataSED - Dataset for Sound Event Detection of environmental noise/SED_wav/S-0125.wav,DataSED - DataSED - Dataset for Sound Event Detection of environmental noise/SED_wav/S-0125.npy,d375a54b5c8ef7c728a62cc1136037e8e7a929dcc3ff3b7760a9c6eb3480f8fa,0d5ece874697403e42ef37935f8b4b2dcbc0451e0f99daac71dae7d5479b94f3,64,24825,bbf5188fb61e44e59fba46cebd26aab9371508748b9185ae1d3222c9cbaabffa
datased:DataSED - DataSED - Dataset for Sound Event Detection of environmental noise/SED_wav/S-0126.wav,DataSED - DataSED - Dataset for Sound Event Detection of environmental noise/SED_wav/S-0126.wav,DataSED - DataSED - Dataset for Sound Event Detection of environmental noise/SED_wav/S-0126.npy,6b2550e46e3ea84fb088db27d3104b9be1ce04fb4954e2a14c6ab0c3bfc73b35,3e0c94a08f506f298e52d1ac66c986b4807024d77a6f22b8bd01afd4e10d3fc4,64,6031,bbf5188fb61e44e59fba46cebd26aab9371508748b9185ae1d3222c9cbaabffa
datased:DataSED - DataSED - Dataset for Sound Event Detection of environmental noise/SED_wav/S-0127.wav,DataSED - DataSED - Dataset for Sound Event Detection of environmental noise/SED_wav/S-0127.wav,DataSED - DataSED - Dataset for Sound Event Detection of environmental noise/SED_wav/S-0127.npy,0d05bb09136c5a69c308dba2102f7d33d29c60760508ffd52b02c40e8d02da69,13ac535d1a135159127924559866e6a44fb8d8f22f4025db9e55dd574bb3c65c,64,26918,bbf5188fb61e44e59fba46cebd26aab9371508748b9185ae1d3222c9cbaabffa
datased:DataSED - DataSED - Dataset for Sound Event Detection of environmental noise/SED_wav/S-0128.wav,DataSED - DataSED - Dataset for Sound Event Detection of environmental noise/SED_wav/S-0128.wav,DataSED - DataSED - Dataset for Sound Event Detection of environmental noise/SED_wav/S-0128.npy,4414c92efdf99eec6a48f1abe8d2bfce09caab4471d09e11b59ab8608243021a,e9f507b4fbef6a142dd2b0d2ca0861c4af2ec48dd38c8f1d6cc4f209609b2e26,64,6091,bbf5188fb61e44e59fba46cebd26aab9371508748b9185ae1d3222c9cbaabffa
datased:DataSED - DataSED - Dataset for Sound Event Detection of environmental noise/SED_wav/S-0129.wav,DataSED - DataSED - Dataset for Sound Event Detection of environmental noise/SED_wav/S-0129.wav,DataSED - DataSED - Dataset for Sound Event Detection of environmental noise/SED_wav/S-0129.npy,ff8849d60f499bb19f6fc17ea13293e6f6c11556d30fa06903acaba29cf770b8,3069222c530ed58d1537d82eaa554d57cca95816a29bd80b6de5102e15650041,64,18465,bbf5188fb61e44e59fba46cebd26aab9371508748b9185ae1d3222c9cbaabffa
datased:DataSED - DataSED - Dataset for Sound Event Detection of environmental noise/SED_wav/S-0130.wav,DataSED - DataSED - Dataset for Sound Event Detection of environmental noise/SED_wav/S-0130.wav,DataSED - DataSED - Dataset for Sound Event Detection of environmental noise/SED_wav/S-0130.npy,427a581cebe9f161c7df541d6cfd907c7b9f668d23f6c91242ca32d34383787a,f60fbe1817ab9c1abbf05b096e1ab6eaf48507f2a316f235143c36e9a32e0b3c,64,6130,bbf5188fb61e44e59fba46cebd26aab9371508748b9185ae1d3222c9cbaabffa
datased:DataSED - DataSED - Dataset for Sound Event Detection of environmental noise/SED_wav/S-0131.wav,DataSED - DataSED - Dataset for Sound Event Detection of environmental noise/SED_wav/S-0131.wav,DataSED - DataSED - Dataset for Sound Event Detection of environmental noise/SED_wav/S-0131.npy,8d6eb87196f1af936483ba0f85ae4814948b007881d1b9f4bd6c68bd81f8923b,75f5c7ccec0abbdec5c633c1c1ad3e1e370554530c4bafc087ff5dbb6efe30e2,64,681,bbf5188fb61e44e59fba46cebd26aab9371508748b9185ae1d3222c9cbaabffa
datased:DataSED - DataSED - Dataset for Sound Event Detection of environmental noise/SED_wav/S-0132.wav,DataSED - DataSED - Dataset for Sound Event Detection of environmental noise/SED_wav/S-0132.wav,DataSED - DataSED - Dataset for Sound Event Detection of environmental noise/SED_wav/S-0132.npy,1c8d4913d8f9348f211d37580ad6b0d3811d40ec034c20bd967cf78526d44ba5,1a24f70000443da75b60e0c4cafffd7670d987ee977e77d21bfe938b216f8723,64,3429,bbf5188fb61e44e59fba46cebd26aab9371508748b9185ae1d3222c9cbaabffa
datased:DataSED - DataSED - Dataset for Sound Event Detection of environmental noise/SED_wav/S-0133.wav,DataSED - DataSED - Dataset for Sound Event Detection of environmental noise/SED_wav/S-0133.wav,DataSED - DataSED - Dataset for Sound Event Detection of environmental noise/SED_wav/S-0133.npy,dd61f679aaf9048d3af78a7ec538d89b5ae7821562f79afd7152dfcbe18fb187,0ac8de1688767c3863b645b13f95801e702d37b023b91c78abae77a825fca38c,64,15046,bbf5188fb61e44e59fba46cebd26aab9371508748b9185ae1d3222c9cbaabffa
datased:DataSED - DataSED - Dataset for Sound Event Detection of environmental noise/SED_wav/S-0134.wav,DataSED - DataSED - Dataset for Sound Event Detection of environmental noise/SED_wav/S-0134.wav,DataSED - DataSED - Dataset for Sound Event Detection of environmental noise/SED_wav/S-0134.npy,3e92e3a88733675d627dd74e97db5645266e5d4c7d86b0d5d231b8326f7c902b,7bea4ed59e2fc9065795762c4c15e50378febec315422c69f111cc87a0b7ec00,64,11971,bbf5188fb61e44e59fba46cebd26aab9371508748b9185ae1d3222c9cbaabffa
datased:DataSED - DataSED - Dataset for Sound Event Detection of environmental noise/SED_wav/S-0135.wav,DataSED - DataSED - Dataset for Sound Event Detection of environmental noise/SED_wav/S-0135.wav,DataSED - DataSED - Dataset for Sound Event Detection of environmental noise/SED_wav/S-0135.npy,45566ad506c2527028d256584d6aae27917349158be6428634b254a82d614cca,6e14c1fecd0068cd7d43fa64580adbb308b0594d23d04f547ad115e95d86c537,64,1991,bbf5188fb61e44e59fba46cebd26aab9371508748b9185ae1d3222c9cbaabffa
datased:DataSED - DataSED - Dataset for Sound Event Detection of environmental noise/SED_wav/S-0136.wav,DataSED - DataSED - Dataset for Sound Event Detection of environmental noise/SED_wav/S-0136.wav,DataSED - DataSED - Dataset for Sound Event Detection of environmental noise/SED_wav/S-0136.npy,a9d9cfb0fe15a3f4600232df098a4544897a82b8dcdb1d403dfd8ab57f55642d,042dda0c8fa5cc8badfb566bfbe17bcc2d40e08a8023693674569232b0ec69a1,64,3503,bbf5188fb61e44e59fba46cebd26aab9371508748b9185ae1d3222c9cbaabffa
datased:DataSED - DataSED - Dataset for Sound Event Detection of environmental noise/SED_wav/S-0137.wav,DataSED - DataSED - Dataset for Sound Event Detection of environmental noise/SED_wav/S-0137.wav,DataSED - DataSED - Dataset for Sound Event Detection of environmental noise/SED_wav/S-0137.npy,8e03c322c5e696fcd8d9108a68846131a946d271d4b09d878dcd562f80cbc255,603db90c93f81b432dd509080001024170f043ed77ede4b7d66ef0da79e852d7,64,3503,bbf5188fb61e44e59fba46cebd26aab9371508748b9185ae1d3222c9cbaabffa
datased:DataSED - DataSED - Dataset for Sound Event Detection of environmental noise/SED_wav/S-0138.wav,DataSED - DataSED - Dataset for Sound Event Detection of environmental noise/SED_wav/S-0138.wav,DataSED - DataSED - Dataset for Sound Event Detection of environmental noise/SED_wav/S-0138.npy,36bee16a5f71e4b420197433dfe76c1134884f0dc3c6c8c29c858688c0c11e79,912c1f0e732eb7032631b0d3a0c02abb0dd8030fa6e2022212e6d095f912ca55,64,3197,bbf5188fb61e44e59fba46cebd26aab9371508748b9185ae1d3222c9cbaabffa
datased:DataSED - DataSED - Dataset for Sound Event Detection of environmental noise/SED_wav/S-0139.wav,DataSED - DataSED - Dataset for Sound Event Detection of environmental noise/SED_wav/S-0139.wav,DataSED - DataSED - Dataset for Sound Event Detection of environmental noise/SED_wav/S-0139.npy,3990bd466402054c63f223a0ca4f6f52de8f2cc18d05e3ff23660292c737958a,1cb97555b1ecbb98a5f1f311eddab2524a14c8181683dbffe9ff86fcc031760a,64,9327,bbf5188fb61e44e59fba46cebd26aab9371508748b9185ae1d3222c9cbaabffa
datased:DataSED - DataSED - Dataset for Sound Event Detection of environmental noise/SED_wav/S-0140.wav,DataSED - DataSED - Dataset for Sound Event Detection of environmental noise/SED_wav/S-0140.wav,DataSED - DataSED - Dataset for Sound Event Detection of environmental noise/SED_wav/S-0140.npy,33af7fcf0a6d6c128528050677c58642b844e4e6812853ea14967ac1bb7b2a2b,ac27244f3f64f4894c6509bd61b3d7ee2776e0f2e03bce0314ff8bf8b6f7a828,64,2102,bbf5188fb61e44e59fba46cebd26aab9371508748b9185ae1d3222c9cbaabffa
datased:DataSED - DataSED - Dataset for Sound Event Detection of environmental noise/SED_wav/S-0141.wav,DataSED - DataSED - Dataset for Sound Event Detection of environmental noise/SED_wav/S-0141.wav,DataSED - DataSED - Dataset for Sound Event Detection of environmental noise/SED_wav/S-0141.npy,2f2ff9acfd0226a7a988a92ecfe8ed9838f469205cc9d9527793a69afeb42c06,bce0ab82d5ac70cd7bf668bf65c7c56753cb449211a778806a1c0fe3e64000e4,64,546,bbf5188fb61e44e59fba46cebd26aab9371508748b9185ae1d3222c9cbaabffa
datased:DataSED - DataSED - Dataset for Sound Event Detection of environmental noise/SED_wav/S-0142.wav,DataSED - DataSED - Dataset for Sound Event Detection of environmental noise/SED_wav/S-0142.wav,DataSED - DataSED - Dataset for Sound Event Detection of environmental noise/SED_wav/S-0142.npy,9b682007dbb9f9b519e3c89684feeb06040922f20d9be8c7c1c741fe3d8c772a,772701c97e6545dc27356917e3a79890560a0b2ba0bc5a10b486a5433a64e8d3,64,2160,bbf5188fb61e44e59fba46cebd26aab9371508748b9185ae1d3222c9cbaabffa
datased:DataSED - DataSED - Dataset for Sound Event Detection of environmental noise/SED_wav/S-0143.wav,DataSED - DataSED - Dataset for Sound Event Detection of environmental noise/SED_wav/S-0143.wav,DataSED - DataSED - Dataset for Sound Event Detection of environmental noise/SED_wav/S-0143.npy,d38b553279d844902d7a0fb07cdccd5636b9fb2349768cc85d6ed4f2661bc2e7,5bd338a7ddcfbe48bda20c7c3ab9c73e430bca5a1f8fa4e021663ec19dc19c18,64,548,bbf5188fb61e44e59fba46cebd26aab9371508748b9185ae1d3222c9cbaabffa
datased:DataSED - DataSED - Dataset for Sound Event Detection of environmental noise/SED_wav/S-0144.wav,DataSED - DataSED - Dataset for Sound Event Detection of environmental noise/SED_wav/S-0144.wav,DataSED - DataSED - Dataset for Sound Event Detection of environmental noise/SED_wav/S-0144.npy,7688b3e4902a5e364872959a938625dcc050736b327abac052cdf2107c75cb68,61017cf1e648ef8c531363515d5c1edce063403d3262e46552a72b495ea3657c,64,18978,bbf5188fb61e44e59fba46cebd26aab9371508748b9185ae1d3222c9cbaabffa
datased:DataSED - DataSED - Dataset for Sound Event Detection of environmental noise/SED_wav/S-0145.wav,DataSED - DataSED - Dataset for Sound Event Detection of environmental noise/SED_wav/S-0145.wav,DataSED - DataSED - Dataset for Sound Event Detection of environmental noise/SED_wav/S-0145.npy,0f5dcf2687c07c01d7501b27a12bad622a8b5197a0d269d8698e7b3806c4e000,85abf2a6bb254099c8a156fd3d32596c97c8cf970d92c25039ff44d0c65c18e5,64,1307,bbf5188fb61e44e59fba46cebd26aab9371508748b9185ae1d3222c9cbaabffa
datased:DataSED - DataSED - Dataset for Sound Event Detection of environmental noise/SED_wav/S-0146.wav,DataSED - DataSED - Dataset for Sound Event Detection of environmental noise/SED_wav/S-0146.wav,DataSED - DataSED - Dataset for Sound Event Detection of environmental noise/SED_wav/S-0146.npy,b2bebb1434ea236e0e30b0b6ec3b5bd3dd4eae2bd11bfdfc9906b0ad3f57f969,45872c71976f2b477b9e2231b1414ed363710afc311cf42a1debd38f3a0df8f3,64,13799,bbf5188fb61e44e59fba46cebd26aab9371508748b9185ae1d3222c9cbaabffa
datased:DataSED - DataSED - Dataset for Sound Event Detection of environmental noise/SED_wav/S-0147.wav,DataSED - DataSED - Dataset for Sound Event Detection of environmental noise/SED_wav/S-0147.wav,DataSED - DataSED - Dataset for Sound Event Detection of environmental noise/SED_wav/S-0147.npy,711f2e741a8532586c0ab10403d756825ed58ae3b3fbbaae8f1fb2dcf4d06e8b,4063ac75740e4ebe4b3a46eff4531d10a074796f7c1af9ab0f6a04751faf586d,64,13937,bbf5188fb61e44e59fba46cebd26aab9371508748b9185ae1d3222c9cbaabffa
datased:DataSED - DataSED - Dataset for Sound Event Detection of environmental noise/SED_wav/S-0148.wav,DataSED - DataSED - Dataset for Sound Event Detection of environmental noise/SED_wav/S-0148.wav,DataSED - DataSED - Dataset for Sound Event Detection of environmental noise/SED_wav/S-0148.npy,0f48bc430246b6b4e13269aa5fbe0de80749d295ea77652de1efb6435b9dc6d1,7ba40d9c66573d61ce843634c6596e5e0a85d50cb6bddbc2666e3195264bd7d4,64,19520,bbf5188fb61e44e59fba46cebd26aab9371508748b9185ae1d3222c9cbaabffa
datased:DataSED - DataSED - Dataset for Sound Event Detection of environmental noise/SED_wav/S-0149.wav,DataSED - DataSED - Dataset for Sound Event Detection of environmental noise/SED_wav/S-0149.wav,DataSED - DataSED - Dataset for Sound Event Detection of environmental noise/SED_wav/S-0149.npy,1b8b212a36755ed98c69a4d6410c76ddf3a6b47a6441520cbd7def42db079b3f,7aad185ca60b7803eb100c7ffd26aa52b1f46168c8e028e26b6ba879b135b841,64,1133,bbf5188fb61e44e59fba46cebd26aab9371508748b9185ae1d3222c9cbaabffa
datased:DataSED - DataSED - Dataset for Sound Event Detection of environmental noise/SED_wav/S-0150.wav,DataSED - DataSED - Dataset for Sound Event Detection of environmental noise/SED_wav/S-0150.wav,DataSED - DataSED - Dataset for Sound Event Detection of environmental noise/SED_wav/S-0150.npy,78ed37333d561fefbbf6937aedb4751b50b9cf272046333be4af16b8660b6e8c,515ca823f07c614fc54b05533b8a70b11e1234d4ab275e94678b5e9d72dcd73f,64,1563,bbf5188fb61e44e59fba46cebd26aab9371508748b9185ae1d3222c9cbaabffa
datased:DataSED - DataSED - Dataset for Sound Event Detection of environmental noise/SED_wav/S-0151.wav,DataSED - DataSED - Dataset for Sound Event Detection of environmental noise/SED_wav/S-0151.wav,DataSED - DataSED - Dataset for Sound Event Detection of environmental noise/SED_wav/S-0151.npy,69c75ca4fc09b5ed8d534415ebfca73cd8f267a1e9515e0ac274f00677238708,b5acbe090f2c7eb1546a21c9ee92a877c0f4b42e8a7cc3fd2ea1699f82d25900,64,7941,bbf5188fb61e44e59fba46cebd26aab9371508748b9185ae1d3222c9cbaabffa
datased:DataSED - DataSED - Dataset for Sound Event Detection of environmental noise/SED_wav/S-0152.wav,DataSED - DataSED - Dataset for Sound Event Detection of environmental noise/SED_wav/S-0152.wav,DataSED - DataSED - Dataset for Sound Event Detection of environmental noise/SED_wav/S-0152.npy,19a01d7d89f59191005550feb9e7c3170e3b1880421ce36c4c98abe66902cd6f,d71dadb00854a2327815289c651b239408eb95b40849e9fb7520bbe03d2f3012,64,6902,bbf5188fb61e44e59fba46cebd26aab9371508748b9185ae1d3222c9cbaabffa
datased:DataSED - DataSED - Dataset for Sound Event Detection of environmental noise/SED_wav/S-0153.wav,DataSED - DataSED - Dataset for Sound Event Detection of environmental noise/SED_wav/S-0153.wav,DataSED - DataSED - Dataset for Sound Event Detection of environmental noise/SED_wav/S-0153.npy,50a8b7e931e0490c1a30453e67c18bbd1e09a2ae305c690f98cf96ae0d2b001e,da375bbcd932fcece841a2c5a1313ceeaad67fa2d16289206e099342f7f16abe,64,9725,bbf5188fb61e44e59fba46cebd26aab9371508748b9185ae1d3222c9cbaabffa
datased:DataSED - DataSED - Dataset for Sound Event Detection of environmental noise/SED_wav/S-0154.wav,DataSED - DataSED - Dataset for Sound Event Detection of environmental noise/SED_wav/S-0154.wav,DataSED - DataSED - Dataset for Sound Event Detection of environmental noise/SED_wav/S-0154.npy,cbed420c92b257cc2e8f8a04c0d27545555d7a69204a094a880ea3f3407ac9ca,7781d74242f464aa5768f307868f094ecc02941157e53f03f62113e34a1d71b1,64,3590,bbf5188fb61e44e59fba46cebd26aab9371508748b9185ae1d3222c9cbaabffa
datased:DataSED - DataSED - Dataset for Sound Event Detection of environmental noise/SED_wav/S-0155.wav,DataSED - DataSED - Dataset for Sound Event Detection of environmental noise/SED_wav/S-0155.wav,DataSED - DataSED - Dataset for Sound Event Detection of environmental noise/SED_wav/S-0155.npy,ba417bb002aed981959d84c43c2ab8bd019b334596fb08582fac653890d9c0f4,5ca2251da84f3fcd03a6919ab36b28c4fa06758b63262e18ea7b15824419313e,64,3960,bbf5188fb61e44e59fba46cebd26aab9371508748b9185ae1d3222c9cbaabffa
datased:DataSED - DataSED - Dataset for Sound Event Detection of environmental noise/SED_wav/S-0156.wav,DataSED - DataSED - Dataset for Sound Event Detection of environmental noise/SED_wav/S-0156.wav,DataSED - DataSED - Dataset for Sound Event Detection of environmental noise/SED_wav/S-0156.npy,1af5512a650d8789d0f4d27aafaa87a20427b3181b805595b2c654280df38f80,b7b3c9e7aa61bece355b7a6274261d0599cb8742d4e8c738b4150993e713c69f,64,5363,bbf5188fb61e44e59fba46cebd26aab9371508748b9185ae1d3222c9cbaabffa
datased:DataSED - DataSED - Dataset for Sound Event Detection of environmental noise/SED_wav/S-0157.wav,DataSED - DataSED - Dataset for Sound Event Detection of environmental noise/SED_wav/S-0157.wav,DataSED - DataSED - Dataset for Sound Event Detection of environmental noise/SED_wav/S-0157.npy,d7fc9463ffa127f1155ca839bf65f4408befb73be20b2707f495cf467ccc2afe,38cae39630000a095a4c22313c76be66e76576b95a100d03c0c33c4655d4f2cc,64,5243,bbf5188fb61e44e59fba46cebd26aab9371508748b9185ae1d3222c9cbaabffa
datased:DataSED - DataSED - Dataset for Sound Event Detection of environmental noise/SED_wav/S-0158.wav,DataSED - DataSED - Dataset for Sound Event Detection of environmental noise/SED_wav/S-0158.wav,DataSED - DataSED - Dataset for Sound Event Detection of environmental noise/SED_wav/S-0158.npy,30072de1fb7ce99bbc70ef4583c8094d155b59494324d14acf3379d7878b10bc,9a808f4598887336fe8b5793de553f65a2e11fbb6c12fc6b1dce210a33beba8d,64,6276,bbf5188fb61e44e59fba46cebd26aab9371508748b9185ae1d3222c9cbaabffa
datased:DataSED - DataSED - Dataset for Sound Event Detection of environmental noise/SED_wav/S-0159.wav,DataSED - DataSED - Dataset for Sound Event Detection of environmental noise/SED_wav/S-0159.wav,DataSED - DataSED - Dataset for Sound Event Detection of environmental noise/SED_wav/S-0159.npy,82e2a382456004da4687876644e1fbdc102473e6e643dac6afb69eb37aabbbfb,d8e2d7cc9379b9c707cc41bc07a2dd80e488ef1af7aebbe4418ae849e3bd5220,64,2649,bbf5188fb61e44e59fba46cebd26aab9371508748b9185ae1d3222c9cbaabffa
datased:DataSED - DataSED - Dataset for Sound Event Detection of environmental noise/SED_wav/S-0160.wav,DataSED - DataSED - Dataset for Sound Event Detection of environmental noise/SED_wav/S-0160.wav,DataSED - DataSED - Dataset for Sound Event Detection of environmental noise/SED_wav/S-0160.npy,b503a6349432303dda7737b542b4981fb34c9832c542b4e31901bb1bdf39fbee,5e811a6ddfce4a7cad0f2162036e3439bfd7e191b04ddd78a640787e1d54b629,64,12249,bbf5188fb61e44e59fba46cebd26aab9371508748b9185ae1d3222c9cbaabffa
datased:DataSED - DataSED - Dataset for Sound Event Detection of environmental noise/SED_wav/S-0161.wav,DataSED - DataSED - Dataset for Sound Event Detection of environmental noise/SED_wav/S-0161.wav,DataSED - DataSED - Dataset for Sound Event Detection of environmental noise/SED_wav/S-0161.npy,6df0f0938d8cd0eab46a977e6c5c728084184107f16dbd0d74636c489323bb08,e2d4cf8c05da93b71cce850bc38830b535001f34c1bf292a78a774ffc0c68eb7,64,11907,bbf5188fb61e44e59fba46cebd26aab9371508748b9185ae1d3222c9cbaabffa
datased:DataSED - DataSED - Dataset for Sound Event Detection of environmental noise/SED_wav/S-0162.wav,DataSED - DataSED - Dataset for Sound Event Detection of environmental noise/SED_wav/S-0162.wav,DataSED - DataSED - Dataset for Sound Event Detection of environmental noise/SED_wav/S-0162.npy,d60763be65db913202a01680296b4b330368cfe5c58bfb78f8715ddd7a9f3314,4741cff4afea8252485be05d98bc347ed524ef84fe83050934bf176c91162509,64,12842,bbf5188fb61e44e59fba46cebd26aab9371508748b9185ae1d3222c9cbaabffa
datased:DataSED - DataSED - Dataset for Sound Event Detection of environmental noise/SED_wav/S-0163.wav,DataSED - DataSED - Dataset for Sound Event Detection of environmental noise/SED_wav/S-0163.wav,DataSED - DataSED - Dataset for Sound Event Detection of environmental noise/SED_wav/S-0163.npy,c07744718819fe34dfefa1c7fab03c1b4d65c0c8c70749c2b8b1695e6e12398b,91f4e0d1bb31982690a296f3daa2393af2b35962db03c17d0b4a609e16703cb0,64,10222,bbf5188fb61e44e59fba46cebd26aab9371508748b9185ae1d3222c9cbaabffa
datased:DataSED - DataSED - Dataset for Sound Event Detection of environmental noise/SED_wav/S-0164.wav,DataSED - DataSED - Dataset for Sound Event Detection of environmental noise/SED_wav/S-0164.wav,DataSED - DataSED - Dataset for Sound Event Detection of environmental noise/SED_wav/S-0164.npy,8035940af9bcdf816cd5a558ba48761cffb8a98da8bbb300782c6e44e8d98273,9546bae11268d6d5c6ad7c6c232390ce442cafc119329f9378f26d0d470a4407,64,2865,bbf5188fb61e44e59fba46cebd26aab9371508748b9185ae1d3222c9cbaabffa
datased:DataSED - DataSED - Dataset for Sound Event Detection of environmental noise/SED_wav/S-0165.wav,DataSED - DataSED - Dataset for Sound Event Detection of environmental noise/SED_wav/S-0165.wav,DataSED - DataSED - Dataset for Sound Event Detection of environmental noise/SED_wav/S-0165.npy,0b262b1820bfc762579035789ddebbec76845fac69b2fb192940e2b547714c40,bc229ff944c70dd9fc3824d6e6c2436b712bb8fdf5b3adee6a634effe5464913,64,17625,bbf5188fb61e44e59fba46cebd26aab9371508748b9185ae1d3222c9cbaabffa
datased:DataSED - DataSED - Dataset for Sound Event Detection of environmental noise/SED_wav/S-0166.wav,DataSED - DataSED - Dataset for Sound Event Detection of environmental noise/SED_wav/S-0166.wav,DataSED - DataSED - Dataset for Sound Event Detection of environmental noise/SED_wav/S-0166.npy,d6ebcf3574a996d262a469308a8cd18cf2b79aeae498ede06285d8262a4bf553,78526a11446bc0e64316d40e5579f98600d11e5fc8d104f121821d3264c1b6f2,64,10361,bbf5188fb61e44e59fba46cebd26aab9371508748b9185ae1d3222c9cbaabffa
datased:DataSED - DataSED - Dataset for Sound Event Detection of environmental noise/SED_wav/S-0167.wav,DataSED - DataSED - Dataset for Sound Event Detection of environmental noise/SED_wav/S-0167.wav,DataSED - DataSED - Dataset for Sound Event Detection of environmental noise/SED_wav/S-0167.npy,1397c2d48196e150ca9d781570fd33c705faac8d0615355bdb62703989ce7cab,32e7164f9daa92a147bbea8727e50d0e7571c1d249fffbffe87570388472fab3,64,1662,bbf5188fb61e44e59fba46cebd26aab9371508748b9185ae1d3222c9cbaabffa
datased:DataSED - DataSED - Dataset for Sound Event Detection of environmental noise/SED_wav/S-0168.wav,DataSED - DataSED - Dataset for Sound Event Detection of environmental noise/SED_wav/S-0168.wav,DataSED - DataSED - Dataset for Sound Event Detection of environmental noise/SED_wav/S-0168.npy,a41865bc296e87a6b6ae8a927cdd417a011c165f8658579f85083bba3de6dec5,1b103db878504b0b07ae5b29969ef5093d21eb03c727a934c8a63ebc52583729,64,5943,bbf5188fb61e44e59fba46cebd26aab9371508748b9185ae1d3222c9cbaabffa
datased:DataSED - DataSED - Dataset for Sound Event Detection of environmental noise/SED_wav/S-0169.wav,DataSED - DataSED - Dataset for Sound Event Detection of environmental noise/SED_wav/S-0169.wav,DataSED - DataSED - Dataset for Sound Event Detection of environmental noise/SED_wav/S-0169.npy,d2192a37e6a31ec4404817eda7db36f100a61e0ae086040e52042d6c0c502185,13dbd57a40833b27ce1d6561c7eaafd29b8bc60318c890967fd4e1f8087c5eaa,64,2187,bbf5188fb61e44e59fba46cebd26aab9371508748b9185ae1d3222c9cbaabffa
datased:DataSED - DataSED - Dataset for Sound Event Detection of environmental noise/SED_wav/S-0170.wav,DataSED - DataSED - Dataset for Sound Event Detection of environmental noise/SED_wav/S-0170.wav,DataSED - DataSED - Dataset for Sound Event Detection of environmental noise/SED_wav/S-0170.npy,71227040011923bd2997281037e9fb4eed93261468273f9c058a801e02ba3c61,338358e59514ea5c49699c45925c85180ff2d620c8e45cc679788eafe8c2746c,64,4643,bbf5188fb61e44e59fba46cebd26aab9371508748b9185ae1d3222c9cbaabffa
datased:DataSED - DataSED - Dataset for Sound Event Detection of environmental noise/SED_wav/S-0171.wav,DataSED - DataSED - Dataset for Sound Event Detection of environmental noise/SED_wav/S-0171.wav,DataSED - DataSED - Dataset for Sound Event Detection of environmental noise/SED_wav/S-0171.npy,b44299973e4d88e218b6ce014999c37792b13c8adb332806dc3dd8a66551dfb3,a1489ea7bc565ba9be2460e9c492126f45e38821d5ed7022d39f2ddc6471ecca,64,5507,bbf5188fb61e44e59fba46cebd26aab9371508748b9185ae1d3222c9cbaabffa
datased:DataSED - DataSED - Dataset for Sound Event Detection of environmental noise/SED_wav/S-0172.wav,DataSED - DataSED - Dataset for Sound Event Detection of environmental noise/SED_wav/S-0172.wav,DataSED - DataSED - Dataset for Sound Event Detection of environmental noise/SED_wav/S-0172.npy,9270a62b76544267146729d9943e43e9678eea00b5c91ca414bb28d81cd0c7f7,40257ddbfd7b9b2762ec425f7cc56e4028ea4f717249082ee96bfc315d0b8d9d,64,26344,bbf5188fb61e44e59fba46cebd26aab9371508748b9185ae1d3222c9cbaabffa
datased:DataSED - DataSED - Dataset for Sound Event Detection of environmental noise/SED_wav/S-0173.wav,DataSED - DataSED - Dataset for Sound Event Detection of environmental noise/SED_wav/S-0173.wav,DataSED - DataSED - Dataset for Sound Event Detection of environmental noise/SED_wav/S-0173.npy,b1886688d1bd656083d4e1d58e2af082fe3223c0539e0e45286d8411ecfeed33,89b738775d41500d658073b1f9dac582308521fb3555664b2de1ff77765bbdea,64,4361,bbf5188fb61e44e59fba46cebd26aab9371508748b9185ae1d3222c9cbaabffa
datased:DataSED - DataSED - Dataset for Sound Event Detection of environmental noise/SED_wav/S-0174.wav,DataSED - DataSED - Dataset for Sound Event Detection of environmental noise/SED_wav/S-0174.wav,DataSED - DataSED - Dataset for Sound Event Detection of environmental noise/SED_wav/S-0174.npy,58089c940ded12fac8c2d895758d5e01c5391b63b0177a8b7dfb80f9b8903c0f,6c80943d57e26bf1b7d2f634b89bdd0a0663fa0afb032cc491dd5f44d7b90d36,64,4080,bbf5188fb61e44e59fba46cebd26aab9371508748b9185ae1d3222c9cbaabffa
datased:DataSED - DataSED - Dataset for Sound Event Detection of environmental noise/SED_wav/S-0175.wav,DataSED - DataSED - Dataset for Sound Event Detection of environmental noise/SED_wav/S-0175.wav,DataSED - DataSED - Dataset for Sound Event Detection of environmental noise/SED_wav/S-0175.npy,eec391055befcc86cbd22bb7629431aae77bd53b395b243de2269ab8afa38b83,0d71c0b91ab11ae0687a6ca5ff0ae3f5dd0bd12ee0fd99d24bfe6a2d45975977,64,890,bbf5188fb61e44e59fba46cebd26aab9371508748b9185ae1d3222c9cbaabffa
datased:DataSED - DataSED - Dataset for Sound Event Detection of environmental noise/SED_wav/S-0176.wav,DataSED - DataSED - Dataset for Sound Event Detection of environmental noise/SED_wav/S-0176.wav,DataSED - DataSED - Dataset for Sound Event Detection of environmental noise/SED_wav/S-0176.npy,442919b63685e4d1af04ee7e00a10ecf78f4b6f8f2ffc33d83782b794834920a,4533973d1c62ae1450d8210499b9ebf6a1a28a7d9df3d5a4977087c00312c93f,64,1984,bbf5188fb61e44e59fba46cebd26aab9371508748b9185ae1d3222c9cbaabffa
datased:DataSED - DataSED - Dataset for Sound Event Detection of environmental noise/SED_wav/S-0177.wav,DataSED - DataSED - Dataset for Sound Event Detection of environmental noise/SED_wav/S-0177.wav,DataSED - DataSED - Dataset for Sound Event Detection of environmental noise/SED_wav/S-0177.npy,3e40e8e19c4c2c3c00c95780da9870440bf85a982fecd4a6dbf2e9f263dd3f66,b68916381c958ddd80abb14c51b67d0115a079e9871651b697c172a2573de141,64,5737,bbf5188fb61e44e59fba46cebd26aab9371508748b9185ae1d3222c9cbaabffa
datased:DataSED - DataSED - Dataset for Sound Event Detection of environmental noise/SED_wav/S-0178.wav,DataSED - DataSED - Dataset for Sound Event Detection of environmental noise/SED_wav/S-0178.wav,DataSED - DataSED - Dataset for Sound Event Detection of environmental noise/SED_wav/S-0178.npy,3a444f8fec7ab5d915038740ee3962a0f72e26f2675e295fc3420461c3f836a2,1380fdc2bbc3a684c3fd9cb3602807a5ee7eb95486e8560d1f9266f276213446,64,1649,bbf5188fb61e44e59fba46cebd26aab9371508748b9185ae1d3222c9cbaabffa
datased:DataSED - DataSED - Dataset for Sound Event Detection of environmental noise/SED_wav/S-0179.wav,DataSED - DataSED - Dataset for Sound Event Detection of environmental noise/SED_wav/S-0179.wav,DataSED - DataSED - Dataset for Sound Event Detection of environmental noise/SED_wav/S-0179.npy,790b1e36fe2837213e69d3a787823fa9b5d4e4b6b99fb43591fa8d32783ea509,c968005b72c1e9a1dd83899b657e6e5cea6431e1cf8e3fe9eccb18cc1579b261,64,6931,bbf5188fb61e44e59fba46cebd26aab9371508748b9185ae1d3222c9cbaabffa
datased:DataSED - DataSED - Dataset for Sound Event Detection of environmental noise/SED_wav/S-0180.wav,DataSED - DataSED - Dataset for Sound Event Detection of environmental noise/SED_wav/S-0180.wav,DataSED - DataSED - Dataset for Sound Event Detection of environmental noise/SED_wav/S-0180.npy,d0d08bb3a36a519ae4b596890e9c711132a2fdaed2fb02e691ec5bb1ae0a4dd6,1783a4eed862de839384620f407f0db0e67737550680c402cd7850974bba48ae,64,1351,bbf5188fb61e44e59fba46cebd26aab9371508748b9185ae1d3222c9cbaabffa
datased:DataSED - DataSED - Dataset for Sound Event Detection of environmental noise/SED_wav/S-0181.wav,DataSED - DataSED - Dataset for Sound Event Detection of environmental noise/SED_wav/S-0181.wav,DataSED - DataSED - Dataset for Sound Event Detection of environmental noise/SED_wav/S-0181.npy,ed8af300a2e8dac6f01199cf6d165134d1601d26bea6b41e59110ac249b9f8f2,22dfe9ef2ce56e68b513c750dad6465791b37a07b1fa53d54df9cb6e35841bbc,64,1482,bbf5188fb61e44e59fba46cebd26aab9371508748b9185ae1d3222c9cbaabffa
datased:DataSED - DataSED - Dataset for Sound Event Detection of environmental noise/SED_wav/S-0182.wav,DataSED - DataSED - Dataset for Sound Event Detection of environmental noise/SED_wav/S-0182.wav,DataSED - DataSED - Dataset for Sound Event Detection of environmental noise/SED_wav/S-0182.npy,9745ab3d98d822b44685c158a6ee0b4d2915b4aab5569f051cd8af9723e83b44,42141c5d7c4a53922f69975d64dd1b010582a54e54bcba7f88ae556eb118fac7,64,9364,bbf5188fb61e44e59fba46cebd26aab9371508748b9185ae1d3222c9cbaabffa
datased:DataSED - DataSED - Dataset for Sound Event Detection of environmental noise/SED_wav/S-0183.wav,DataSED - DataSED - Dataset for Sound Event Detection of environmental noise/SED_wav/S-0183.wav,DataSED - DataSED - Dataset for Sound Event Detection of environmental noise/SED_wav/S-0183.npy,b9ea28b3cb28150c77f33c245f69ba9bc50a35460d72d2712b9aa5eb3500025f,cc36f50e7a7bc9b5c610683b18948cdef25ca1d9ea9ad4719f614dfc97d5d1bf,64,24179,bbf5188fb61e44e59fba46cebd26aab9371508748b9185ae1d3222c9cbaabffa
datased:DataSED - DataSED - Dataset for Sound Event Detection of environmental noise/SED_wav/S-0184.wav,DataSED - DataSED - Dataset for Sound Event Detection of environmental noise/SED_wav/S-0184.wav,DataSED - DataSED - Dataset for Sound Event Detection of environmental noise/SED_wav/S-0184.npy,d496c388cf1a0822bc7d9e951caa4fcb156236ea47d0c8bdd4447c33ff34d52b,42d03797a9055134eef74f8b8bd6753f039f8283dabeee03d77ae813cd00e971,64,15973,bbf5188fb61e44e59fba46cebd26aab9371508748b9185ae1d3222c9cbaabffa
datased:DataSED - DataSED - Dataset for Sound Event Detection of environmental noise/SED_wav/S-0185.wav,DataSED - DataSED - Dataset for Sound Event Detection of environmental noise/SED_wav/S-0185.wav,DataSED - DataSED - Dataset for Sound Event Detection of environmental noise/SED_wav/S-0185.npy,6e25265b2fc8ef180ab0f5e9d43c377595d9c56374bb2bd81a162c566aa59890,ced2c3beb89c69319f0ec942dcfd197ca2eea1627c7861b85543536b50ccbb46,64,12865,bbf5188fb61e44e59fba46cebd26aab9371508748b9185ae1d3222c9cbaabffa
datased:DataSED - DataSED - Dataset for Sound Event Detection of environmental noise/SED_wav/S-0186.wav,DataSED - DataSED - Dataset for Sound Event Detection of environmental noise/SED_wav/S-0186.wav,DataSED - DataSED - Dataset for Sound Event Detection of environmental noise/SED_wav/S-0186.npy,b6ba14a2dba5546fabcae76a9835c9d8989d8e02edbb9797e367bc81e57dbd4e,3606e8b0a15f64c06784aebf1f4769cab2d3ac2b6fe3c4e112a0a8be7ea09fbd,64,11457,bbf5188fb61e44e59fba46cebd26aab9371508748b9185ae1d3222c9cbaabffa
datased:DataSED - DataSED - Dataset for Sound Event Detection of environmental noise/SED_wav/S-0187.wav,DataSED - DataSED - Dataset for Sound Event Detection of environmental noise/SED_wav/S-0187.wav,DataSED - DataSED - Dataset for Sound Event Detection of environmental noise/SED_wav/S-0187.npy,c6559f360f1ecb01ecc0d089ef3d9d80eed73b6366e1779ab5a37ed69f4612f5,7125864cddaa055e48c191b10f1a9c7a17c08f0e147706417df603cd9daebb8b,64,2887,bbf5188fb61e44e59fba46cebd26aab9371508748b9185ae1d3222c9cbaabffa
datased:DataSED - DataSED - Dataset for Sound Event Detection of environmental noise/SED_wav/S-0188.wav,DataSED - DataSED - Dataset for Sound Event Detection of environmental noise/SED_wav/S-0188.wav,DataSED - DataSED - Dataset for Sound Event Detection of environmental noise/SED_wav/S-0188.npy,cdeccd08784e2e3454469195cf62bed1e08045c46c2772e20240373b1b76639f,9f593963fe044b4e83dfa37706c9808655d277994223bd0fcf0e3c64e40fa501,64,3583,bbf5188fb61e44e59fba46cebd26aab9371508748b9185ae1d3222c9cbaabffa
datased:DataSED - DataSED - Dataset for Sound Event Detection of environmental noise/SED_wav/S-0189.wav,DataSED - DataSED - Dataset for Sound Event Detection of environmental noise/SED_wav/S-0189.wav,DataSED - DataSED - Dataset for Sound Event Detection of environmental noise/SED_wav/S-0189.npy,eba0397972bdff11a24a6db6637737e91d883576aa7e1315b4dba9c379532f1f,3837c5cf4cf20c5f8ccc952e66cca884c0ea9c6ab522a07d66949f12a2126be8,64,10345,bbf5188fb61e44e59fba46cebd26aab9371508748b9185ae1d3222c9cbaabffa
datased:DataSED - DataSED - Dataset for Sound Event Detection of environmental noise/SED_wav/S-0190.wav,DataSED - DataSED - Dataset for Sound Event Detection of environmental noise/SED_wav/S-0190.wav,DataSED - DataSED - Dataset for Sound Event Detection of environmental noise/SED_wav/S-0190.npy,e6e23929254e23730c8cc1cb9d1c8630d2a897c59eb47d9fdbff6fc8e57c8c44,f72bf2796dfadb8e49b244ac110e4991026a681ae8b0d047a8ad0307c55532d5,64,14871,bbf5188fb61e44e59fba46cebd26aab9371508748b9185ae1d3222c9cbaabffa
datased:DataSED - DataSED - Dataset for Sound Event Detection of environmental noise/SED_wav/S-0191.wav,DataSED - DataSED - Dataset for Sound Event Detection of environmental noise/SED_wav/S-0191.wav,DataSED - DataSED - Dataset for Sound Event Detection of environmental noise/SED_wav/S-0191.npy,30ecdc162a50fbd92ce1437cecef1b842fcb4d56b87228c82d0faa154175709e,921a4f4cb9a0dbbd862d516b33b3c421f8ef26e6596e32325f136eb976e2704a,64,19571,bbf5188fb61e44e59fba46cebd26aab9371508748b9185ae1d3222c9cbaabffa
datased:DataSED - DataSED - Dataset for Sound Event Detection of environmental noise/SED_wav/S-0192.wav,DataSED - DataSED - Dataset for Sound Event Detection of environmental noise/SED_wav/S-0192.wav,DataSED - DataSED - Dataset for Sound Event Detection of environmental noise/SED_wav/S-0192.npy,314f8fd0751da4a8a06c54fca95f57dbc223973509db2dfb703a2c8f4bfacf48,7f6891018c263a25937cc40fac86e21f38a18186ae7e0b068f6e661b1bf188d8,64,15899,bbf5188fb61e44e59fba46cebd26aab9371508748b9185ae1d3222c9cbaabffa
datased:DataSED - DataSED - Dataset for Sound Event Detection of environmental noise/SED_wav/S-0193.wav,DataSED - DataSED - Dataset for Sound Event Detection of environmental noise/SED_wav/S-0193.wav,DataSED - DataSED - Dataset for Sound Event Detection of environmental noise/SED_wav/S-0193.npy,f7b02821eaf4ead5ba6a88e05372a8ab4ef560ddbd669b63a3a11af8ba65b14e,d39ef047183641a4e3783620c3d5187775561f1aac9d8ae922ff2bc201b0c552,64,16707,bbf5188fb61e44e59fba46cebd26aab9371508748b9185ae1d3222c9cbaabffa
datased:DataSED - DataSED - Dataset for Sound Event Detection of environmental noise/SED_wav/S-0194.wav,DataSED - DataSED - Dataset for Sound Event Detection of environmental noise/SED_wav/S-0194.wav,DataSED - DataSED - Dataset for Sound Event Detection of environmental noise/SED_wav/S-0194.npy,2055da40f32d5f0d88ef9a168da692d1cd7fd2a43d86ff53a9f636de87d20763,123165e3cad8ee6900c50af7973fd0c1636f8f7aed91d5585e796420dbe34ffe,64,17735,bbf5188fb61e44e59fba46cebd26aab9371508748b9185ae1d3222c9cbaabffa
datased:DataSED - DataSED - Dataset for Sound Event Detection of environmental noise/SED_wav/S-0195.wav,DataSED - DataSED - Dataset for Sound Event Detection of environmental noise/SED_wav/S-0195.wav,DataSED - DataSED - Dataset for Sound Event Detection of environmental noise/SED_wav/S-0195.npy,d9c203144a2fb8c92be6c91a79319aa8398239ec070f622b611624b5efd90147,9f5728d1de8d5f71a031170aa36ec81dc0a34e890fd83fc34652df47857f27dd,64,8485,bbf5188fb61e44e59fba46cebd26aab9371508748b9185ae1d3222c9cbaabffa
datased:DataSED - DataSED - Dataset for Sound Event Detection of environmental noise/SED_wav/S-0196.wav,DataSED - DataSED - Dataset for Sound Event Detection of environmental noise/SED_wav/S-0196.wav,DataSED - DataSED - Dataset for Sound Event Detection of environmental noise/SED_wav/S-0196.npy,f5ac9e30b1d88da1ff6f1c3b7d6da0a4890ee121cb4cd5682e211d577d2aada9,ca56243d475518e981446bccef5066718344bd4798fc6d80c168984353de88bd,64,18690,bbf5188fb61e44e59fba46cebd26aab9371508748b9185ae1d3222c9cbaabffa
datased:DataSED - DataSED - Dataset for Sound Event Detection of environmental noise/SED_wav/S-0197.wav,DataSED - DataSED - Dataset for Sound Event Detection of environmental noise/SED_wav/S-0197.wav,DataSED - DataSED - Dataset for Sound Event Detection of environmental noise/SED_wav/S-0197.npy,9d0dea6b34bf19240e2681783b3189db42cc6afeb1459b569d9ae16f6732f270,03f75dc8183fbd7a88deeddafefe2d6ea105ee7a068917a1bfb877a3073d51d3,64,429,bbf5188fb61e44e59fba46cebd26aab9371508748b9185ae1d3222c9cbaabffa
datased:DataSED - DataSED - Dataset for Sound Event Detection of environmental noise/SED_wav/S-0198.wav,DataSED - DataSED - Dataset for Sound Event Detection of environmental noise/SED_wav/S-0198.wav,DataSED - DataSED - Dataset for Sound Event Detection of environmental noise/SED_wav/S-0198.npy,6b4c1ca8e649ac34346833a0a6d9511d591024bb1751dad4d58a2b11591c9872,1a83b6026aa6e4ca07ee2e7ab61f27ab70b16ef4b81b750dc7c35e44218a3e86,64,11385,bbf5188fb61e44e59fba46cebd26aab9371508748b9185ae1d3222c9cbaabffa
datased:DataSED - DataSED - Dataset for Sound Event Detection of environmental noise/SED_wav/S-0199.wav,DataSED - DataSED - Dataset for Sound Event Detection of environmental noise/SED_wav/S-0199.wav,DataSED - DataSED - Dataset for Sound Event Detection of environmental noise/SED_wav/S-0199.npy,0a310595d75337dcbe3610d444c24362296ad4bbcbfcff064600fb9a5f66e480,e03de8e821347d774cfd56bf8a4007df7ed7ea02c1d55d9f6f086d3a3632a453,64,1736,bbf5188fb61e44e59fba46cebd26aab9371508748b9185ae1d3222c9cbaabffa
datased:DataSED - DataSED - Dataset for Sound Event Detection of environmental noise/SED_wav/S-0200.wav,DataSED - DataSED - Dataset for Sound Event Detection of environmental noise/SED_wav/S-0200.wav,DataSED - DataSED - Dataset for Sound Event Detection of environmental noise/SED_wav/S-0200.npy,a441cb2b2cd3cad90fb369ec0c4bbdfd17f433781ab436af01983765278bea32,d9e62bac36c0e9c3ef7863df40ce5fbedae27d713b8d448ce5dc9d0c2771cb2c,64,1157,bbf5188fb61e44e59fba46cebd26aab9371508748b9185ae1d3222c9cbaabffa
datased:DataSED - DataSED - Dataset for Sound Event Detection of environmental noise/SED_wav/S-0201.wav,DataSED - DataSED - Dataset for Sound Event Detection of environmental noise/SED_wav/S-0201.wav,DataSED - DataSED - Dataset for Sound Event Detection of environmental noise/SED_wav/S-0201.npy,c4be4c6b54d355793430b6d33c85e567703442b2f5b3755479710c7b6b77bf98,d667a5b9316be5ea61f614e00f9fe11275c41a40bcaeb92a6c43c769c371c26e,64,14785,bbf5188fb61e44e59fba46cebd26aab9371508748b9185ae1d3222c9cbaabffa
datased:DataSED - DataSED - Dataset for Sound Event Detection of environmental noise/SED_wav/S-0202.wav,DataSED - DataSED - Dataset for Sound Event Detection of environmental noise/SED_wav/S-0202.wav,DataSED - DataSED - Dataset for Sound Event Detection of environmental noise/SED_wav/S-0202.npy,251db8a0d3c29c6984127982ee87fde608855a88a59841100862acd75a5a7a00,647c127169f81610df9babe0d666c015dc428a2e119a5ba0361cd12272758c56,64,2981,bbf5188fb61e44e59fba46cebd26aab9371508748b9185ae1d3222c9cbaabffa
datased:DataSED - DataSED - Dataset for Sound Event Detection of environmental noise/SED_wav/S-0203.wav,DataSED - DataSED - Dataset for Sound Event Detection of environmental noise/SED_wav/S-0203.wav,DataSED - DataSED - Dataset for Sound Event Detection of environmental noise/SED_wav/S-0203.npy,8e013677a4e9fe545c3df15d1d2495b5474b9237122cb99efcce07fa5d450df3,afb2fcc9f88c9db7bed1fbf360def10d590d6c3866f47d9e037ab5bd23e2b413,64,1896,bbf5188fb61e44e59fba46cebd26aab9371508748b9185ae1d3222c9cbaabffa
datased:DataSED - DataSED - Dataset for Sound Event Detection of environmental noise/SED_wav/S-0204.wav,DataSED - DataSED - Dataset for Sound Event Detection of environmental noise/SED_wav/S-0204.wav,DataSED - DataSED - Dataset for Sound Event Detection of environmental noise/SED_wav/S-0204.npy,8a9a2d1dabdc9a968dac6fbd04bd1ac0e83ec5f63a5dda0efba33f289fd79458,60fbf0a9a8bdcba2b39406e1dd870b7ae2b902f8ff1a94c08e0f0ac165a01d3e,64,9217,bbf5188fb61e44e59fba46cebd26aab9371508748b9185ae1d3222c9cbaabffa
datased:DataSED - DataSED - Dataset for Sound Event Detection of environmental noise/SED_wav/S-0205.wav,DataSED - DataSED - Dataset for Sound Event Detection of environmental noise/SED_wav/S-0205.wav,DataSED - DataSED - Dataset for Sound Event Detection of environmental noise/SED_wav/S-0205.npy,d54da58290a5b0038ad94e5b7f41d22f3db67dd39f5cf407ec228fc86fc94a81,35b09b0c1a7a64299ef83d081c03398d38eda000108a337f49d5cb4a732caab8,64,19957,bbf5188fb61e44e59fba46cebd26aab9371508748b9185ae1d3222c9cbaabffa
datased:DataSED - DataSED - Dataset for Sound Event Detection of environmental noise/SED_wav/S-0206.wav,DataSED - DataSED - Dataset for Sound Event Detection of environmental noise/SED_wav/S-0206.wav,DataSED - DataSED - Dataset for Sound Event Detection of environmental noise/SED_wav/S-0206.npy,14af423ae0ac1c40664d5b322075e2fd3dfcc6f5d1c31580cd2449c922cfa4a7,8b0dafbb9bf05ba1ed883139ecf7a5ad3bc98a8d18844e04ee6fa9cdb343cccb,64,6558,bbf5188fb61e44e59fba46cebd26aab9371508748b9185ae1d3222c9cbaabffa
datased:DataSED - DataSED - Dataset for Sound Event Detection of environmental noise/SED_wav/S-0207.wav,DataSED - DataSED - Dataset for Sound Event Detection of environmental noise/SED_wav/S-0207.wav,DataSED - DataSED - Dataset for Sound Event Detection of environmental noise/SED_wav/S-0207.npy,bd39b56aa2775905422654b15f2b85fafa34c02d767ff488176b0a0a9f292041,c98d2d5feda6e17b7f8a2dc23e09ef49c759c4723c1433284c3ee296470a9c5f,64,1920,bbf5188fb61e44e59fba46cebd26aab9371508748b9185ae1d3222c9cbaabffa
datased:DataSED - DataSED - Dataset for Sound Event Detection of environmental noise/SED_wav/S-0208.wav,DataSED - DataSED - Dataset for Sound Event Detection of environmental noise/SED_wav/S-0208.wav,DataSED - DataSED - Dataset for Sound Event Detection of environmental noise/SED_wav/S-0208.npy,0907d97e9e15b60e4bbf95f84157765606efe5fad52d8e491e049d65eb7859b2,e1539bb16f2c47f2a3897b725f0fc0480083a18b539ef9f87caec945f7159375,64,35255,bbf5188fb61e44e59fba46cebd26aab9371508748b9185ae1d3222c9cbaabffa
datased:DataSED - DataSED - Dataset for Sound Event Detection of environmental noise/SED_wav/S-0209.wav,DataSED - DataSED - Dataset for Sound Event Detection of environmental noise/SED_wav/S-0209.wav,DataSED - DataSED - Dataset for Sound Event Detection of environmental noise/SED_wav/S-0209.npy,31c3ccc5f9736a78cf501ae3dd2d66cd7e62782af627753eb195e17634e3c438,8a684575fb03f99787024371d98b3c4747a01536f0cec51aaede312a57025668,64,9783,bbf5188fb61e44e59fba46cebd26aab9371508748b9185ae1d3222c9cbaabffa
datased:DataSED - DataSED - Dataset for Sound Event Detection of environmental noise/SED_wav/S-0210.wav,DataSED - DataSED - Dataset for Sound Event Detection of environmental noise/SED_wav/S-0210.wav,DataSED - DataSED - Dataset for Sound Event Detection of environmental noise/SED_wav/S-0210.npy,d2e01d3f001f40a0798e8fdc3e75a80bfe0df3589b9e69e296bec2d6af13554d,fb7013f43bcb6aa333e5beeb8c7ae88fffaca8ec1b6b0c14b2cb54d818375dfd,64,5280,bbf5188fb61e44e59fba46cebd26aab9371508748b9185ae1d3222c9cbaabffa
datased:DataSED - DataSED - Dataset for Sound Event Detection of environmental noise/SED_wav/S-0211.wav,DataSED - DataSED - Dataset for Sound Event Detection of environmental noise/SED_wav/S-0211.wav,DataSED - DataSED - Dataset for Sound Event Detection of environmental noise/SED_wav/S-0211.npy,93e215bbba71bdb91fbf52cf0f99b203f3518fdba44bd493d92e14b6fc78b155,206ad97106ed91509f07442b4d7303b4b9210a68829a662994865ddf75ac36c2,64,1319,bbf5188fb61e44e59fba46cebd26aab9371508748b9185ae1d3222c9cbaabffa
datased:DataSED - DataSED - Dataset for Sound Event Detection of environmental noise/SED_wav/S-0212.wav,DataSED - DataSED - Dataset for Sound Event Detection of environmental noise/SED_wav/S-0212.wav,DataSED - DataSED - Dataset for Sound Event Detection of environmental noise/SED_wav/S-0212.npy,9b3768bcc6b9651ee6859b720fc8fc81443accf0a7b713cdd777acc15b9ad3fa,e80f054562fe987dcd194ee1bbd5c6b2b88b306bbf5eee6155dc1b7047013c52,64,2354,bbf5188fb61e44e59fba46cebd26aab9371508748b9185ae1d3222c9cbaabffa
datased:DataSED - DataSED - Dataset for Sound Event Detection of environmental noise/SED_wav/S-0213.wav,DataSED - DataSED - Dataset for Sound Event Detection of environmental noise/SED_wav/S-0213.wav,DataSED - DataSED - Dataset for Sound Event Detection of environmental noise/SED_wav/S-0213.npy,2ffe91d7139ee1f8e7f888645fd2b1f55b4a2471cf2fc197b2785db5930a41cd,7e9c9d47d4e468d0557ac442599c99932dd3b08e0c7c322844a553f887f1cbcc,64,4466,bbf5188fb61e44e59fba46cebd26aab9371508748b9185ae1d3222c9cbaabffa
datased:DataSED - DataSED - Dataset for Sound Event Detection of environmental noise/SED_wav/S-0214.wav,DataSED - DataSED - Dataset for Sound Event Detection of environmental noise/SED_wav/S-0214.wav,DataSED - DataSED - Dataset for Sound Event Detection of environmental noise/SED_wav/S-0214.npy,5dd8d740992439d92957b94ebde48411365dbf35da1418c8da8cad0564b7231d,5a3269767d46c28263cc4a21a33bf065069042bc7d60aba99736d19054f28196,64,7800,bbf5188fb61e44e59fba46cebd26aab9371508748b9185ae1d3222c9cbaabffa
datased:DataSED - DataSED - Dataset for Sound Event Detection of environmental noise/SED_wav/S-0215.wav,DataSED - DataSED - Dataset for Sound Event Detection of environmental noise/SED_wav/S-0215.wav,DataSED - DataSED - Dataset for Sound Event Detection of environmental noise/SED_wav/S-0215.npy,2e67af98e556d16f75bb5e2064899b81537219b39e3b5fae6fca2e3a24358b05,d98e914b4900fc5db5197644732434f67a49b6049795177a3a82f05579e6d509,64,2636,bbf5188fb61e44e59fba46cebd26aab9371508748b9185ae1d3222c9cbaabffa
datased:DataSED - DataSED - Dataset for Sound Event Detection of environmental noise/SED_wav/S-0216.wav,DataSED - DataSED - Dataset for Sound Event Detection of environmental noise/SED_wav/S-0216.wav,DataSED - DataSED - Dataset for Sound Event Detection of environmental noise/SED_wav/S-0216.npy,0c76ec5aadf32e94863733ba56779a966f6f1b5a296bc4ac98db72e467f8257b,05b73fe4fab7082544f9936e48d05cfd4ad0a0f8ed62f661d15eac0e0410d395,64,2309,bbf5188fb61e44e59fba46cebd26aab9371508748b9185ae1d3222c9cbaabffa
datased:DataSED - DataSED - Dataset for Sound Event Detection of environmental noise/SED_wav/S-0217.wav,DataSED - DataSED - Dataset for Sound Event Detection of environmental noise/SED_wav/S-0217.wav,DataSED - DataSED - Dataset for Sound Event Detection of environmental noise/SED_wav/S-0217.npy,ad840c37bbe241dd13ccb4ffeedcb3718994a26fed61705e7635261ae3d967f0,dec7b340a349aaefa3d192c96c1d0900a1e4ade55f5001a2731919d591f67bd6,64,3312,bbf5188fb61e44e59fba46cebd26aab9371508748b9185ae1d3222c9cbaabffa
datased:DataSED - DataSED - Dataset for Sound Event Detection of environmental noise/SED_wav/S-0218.wav,DataSED - DataSED - Dataset for Sound Event Detection of environmental noise/SED_wav/S-0218.wav,DataSED - DataSED - Dataset for Sound Event Detection of environmental noise/SED_wav/S-0218.npy,c4247af32dbad46c28a1fbba731b9a2adb0c2497c07f3ec11f95ef83a245383a,1228cc9436d5e2adc7f915eda41d5313443e0889555369d012262e7aa1254e55,64,3304,bbf5188fb61e44e59fba46cebd26aab9371508748b9185ae1d3222c9cbaabffa
datased:DataSED - DataSED - Dataset for Sound Event Detection of environmental noise/SED_wav/S-0219.wav,DataSED - DataSED - Dataset for Sound Event Detection of environmental noise/SED_wav/S-0219.wav,DataSED - DataSED - Dataset for Sound Event Detection of environmental noise/SED_wav/S-0219.npy,27f245d481036a20ba424f7922dce182358b96a51545f25ada51c8bb27b630c3,5d833b4c8c30acda7dbdc1df09092389f40b2372b81d39a8baa5ae806b8f8652,64,2701,bbf5188fb61e44e59fba46cebd26aab9371508748b9185ae1d3222c9cbaabffa
datased:DataSED - DataSED - Dataset for Sound Event Detection of environmental noise/SED_wav/S-0220.wav,DataSED - DataSED - Dataset for Sound Event Detection of environmental noise/SED_wav/S-0220.wav,DataSED - DataSED - Dataset for Sound Event Detection of environmental noise/SED_wav/S-0220.npy,47ffb6adbe9003f877ac94e19c8697d3baa3890c30350adae4545db33cdaed90,9e53fce281b2276d0c7a8b87bd8db9aebe64cd36bff8ff2421ade6cd21486010,64,2141,bbf5188fb61e44e59fba46cebd26aab9371508748b9185ae1d3222c9cbaabffa
datased:DataSED - DataSED - Dataset for Sound Event Detection of environmental noise/SED_wav/S-0221.wav,DataSED - DataSED - Dataset for Sound Event Detection of environmental noise/SED_wav/S-0221.wav,DataSED - DataSED - Dataset for Sound Event Detection of environmental noise/SED_wav/S-0221.npy,7f15040c07af5380aa492611ab6dd6eba54ed0ab32686a408a541ead4e2a9666,f381088896c3453c85595c58995c7319a271e54a01217c668c474e4b1c16b13b,64,4322,bbf5188fb61e44e59fba46cebd26aab9371508748b9185ae1d3222c9cbaabffa
datased:DataSED - DataSED - Dataset for Sound Event Detection of environmental noise/SED_wav/S-0222.wav,DataSED - DataSED - Dataset for Sound Event Detection of environmental noise/SED_wav/S-0222.wav,DataSED - DataSED - Dataset for Sound Event Detection of environmental noise/SED_wav/S-0222.npy,79c5b04c642f293e2d6609d4f6bf1fc9a2df3b007dea3be54b66e817ccb86cb5,901920ab840369a6661dd274de82685d36de313d31172813cba762f1bcbfe1f8,64,5367,bbf5188fb61e44e59fba46cebd26aab9371508748b9185ae1d3222c9cbaabffa
datased:DataSED - DataSED - Dataset for Sound Event Detection of environmental noise/SED_wav/S-0223.wav,DataSED - DataSED - Dataset for Sound Event Detection of environmental noise/SED_wav/S-0223.wav,DataSED - DataSED - Dataset for Sound Event Detection of environmental noise/SED_wav/S-0223.npy,4526ee22458af14d0b743b6e4f4161d523df7b130567168df099161bb5b6fe42,c7a0e573c02118bf8662b1dff9aeee0f5bdbc382a11f1f71fc924a1bb22479b4,64,7066,bbf5188fb61e44e59fba46cebd26aab9371508748b9185ae1d3222c9cbaabffa
datased:DataSED - DataSED - Dataset for Sound Event Detection of environmental noise/SED_wav/S-0224.wav,DataSED - DataSED - Dataset for Sound Event Detection of environmental noise/SED_wav/S-0224.wav,DataSED - DataSED - Dataset for Sound Event Detection of environmental noise/SED_wav/S-0224.npy,c9d61d514316af65cc423da24ac48b038345f3766e537a1239f2d174912f2104,73822a2d8687dc97256c3ac214ed20c8f266b69d08380fb9f218c036faa5d636,64,8764,bbf5188fb61e44e59fba46cebd26aab9371508748b9185ae1d3222c9cbaabffa
datased:DataSED - DataSED - Dataset for Sound Event Detection of environmental noise/SED_wav/S-0225.wav,DataSED - DataSED - Dataset for Sound Event Detection of environmental noise/SED_wav/S-0225.wav,DataSED - DataSED - Dataset for Sound Event Detection of environmental noise/SED_wav/S-0225.npy,0dca909d4f8ab6b60cf6c3685ceefaf9eb9b6163e4ed848abe250dd9c8b694c3,617324115af986b9e990bab13b0fedf8f2213090961ce943b5ee7164fd37a4a5,64,6757,bbf5188fb61e44e59fba46cebd26aab9371508748b9185ae1d3222c9cbaabffa
datased:DataSED - DataSED - Dataset for Sound Event Detection of environmental noise/SED_wav/S-0226.wav,DataSED - DataSED - Dataset for Sound Event Detection of environmental noise/SED_wav/S-0226.wav,DataSED - DataSED - Dataset for Sound Event Detection of environmental noise/SED_wav/S-0226.npy,1eaf5a5ea4622bdad5002b186ba7bdf74b8894662ba9a4ece0dcb5c22ae2ea38,89d794cf57fa947a0cc2fc821d1521660c6b9b662c598733c6d245f91fedcb2d,64,6152,bbf5188fb61e44e59fba46cebd26aab9371508748b9185ae1d3222c9cbaabffa
datased:DataSED - DataSED - Dataset for Sound Event Detection of environmental noise/SED_wav/S-0227.wav,DataSED - DataSED - Dataset for Sound Event Detection of environmental noise/SED_wav/S-0227.wav,DataSED - DataSED - Dataset for Sound Event Detection of environmental noise/SED_wav/S-0227.npy,3091ddf4078afaf3815e45676eea36025fddaedc5053112a52cff4ef1bbbb55a,96d5796a1218abb54829b5e8011732a7964c1e4e28f5eaf8a160462fa742afb9,64,10599,bbf5188fb61e44e59fba46cebd26aab9371508748b9185ae1d3222c9cbaabffa
datased:DataSED - DataSED - Dataset for Sound Event Detection of environmental noise/SED_wav/S-0228.wav,DataSED - DataSED - Dataset for Sound Event Detection of environmental noise/SED_wav/S-0228.wav,DataSED - DataSED - Dataset for Sound Event Detection of environmental noise/SED_wav/S-0228.npy,09f52a78ac0220655a4b236b649305b329d9c76ea4bf10fb18aecb5ec899002f,4d78a7c7f35f2aee2a763c7f1a1344db41d4caf7779485c977364f95eebff637,64,4478,bbf5188fb61e44e59fba46cebd26aab9371508748b9185ae1d3222c9cbaabffa
datased:DataSED - DataSED - Dataset for Sound Event Detection of environmental noise/SED_wav/S-0229.wav,DataSED - DataSED - Dataset for Sound Event Detection of environmental noise/SED_wav/S-0229.wav,DataSED - DataSED - Dataset for Sound Event Detection of environmental noise/SED_wav/S-0229.npy,84d518510f5c93865e2c1e2eaa506b4ceb79d29bd56fc461aa7702e34d770c78,61cca7af38b50ae34ceb563ad7617ff20ec4c9391aa907fbba35c6fbf19f5e81,64,4912,bbf5188fb61e44e59fba46cebd26aab9371508748b9185ae1d3222c9cbaabffa
datased:DataSED - DataSED - Dataset for Sound Event Detection of environmental noise/SED_wav/S-0230.wav,DataSED - DataSED - Dataset for Sound Event Detection of environmental noise/SED_wav/S-0230.wav,DataSED - DataSED - Dataset for Sound Event Detection of environmental noise/SED_wav/S-0230.npy,a146209545f0642f55486147bf480b502224c97dc10bf859755b9059bbaf9aea,cbf34dc59743917189f3d42572371bc5fb8b71044f9465af1b7a892b32f41c00,64,4636,bbf5188fb61e44e59fba46cebd26aab9371508748b9185ae1d3222c9cbaabffa
datased:DataSED - DataSED - Dataset for Sound Event Detection of environmental noise/SED_wav/S-0231.wav,DataSED - DataSED - Dataset for Sound Event Detection of environmental noise/SED_wav/S-0231.wav,DataSED - DataSED - Dataset for Sound Event Detection of environmental noise/SED_wav/S-0231.npy,c23ca9b3cba3675ff249f61c5819f063d96553145357eae0d756ebcf2953803f,d97ead3280b29b0fa307ff06bfb4902231e435478684c74d36844b67fbb5e87a,64,1797,bbf5188fb61e44e59fba46cebd26aab9371508748b9185ae1d3222c9cbaabffa
datased:DataSED - DataSED - Dataset for Sound Event Detection of environmental noise/SED_wav/S-0232.wav,DataSED - DataSED - Dataset for Sound Event Detection of environmental noise/SED_wav/S-0232.wav,DataSED - DataSED - Dataset for Sound Event Detection of environmental noise/SED_wav/S-0232.npy,48fa0981f062fa990f1098e118a7eb8cd47eae7d160a3c9a0768bafb7f30de21,b8292f43753a5a6f2db806d068e3e114dfb7d848f4d73579ecd121481a413993,64,3021,bbf5188fb61e44e59fba46cebd26aab9371508748b9185ae1d3222c9cbaabffa
datased:DataSED - DataSED - Dataset for Sound Event Detection of environmental noise/SED_wav/S-0233.wav,DataSED - DataSED - Dataset for Sound Event Detection of environmental noise/SED_wav/S-0233.wav,DataSED - DataSED - Dataset for Sound Event Detection of environmental noise/SED_wav/S-0233.npy,8af42e3f5501357eb146bbebf2cca4046b32298aed2984ec09aaeb2501ef2c5b,51e0191e14c8bd56e1b06e9651f04c4de03c1168d1a1a523bcb01a70437604da,64,3501,bbf5188fb61e44e59fba46cebd26aab9371508748b9185ae1d3222c9cbaabffa
datased:DataSED - DataSED - Dataset for Sound Event Detection of environmental noise/SED_wav/S-0234.wav,DataSED - DataSED - Dataset for Sound Event Detection of environmental noise/SED_wav/S-0234.wav,DataSED - DataSED - Dataset for Sound Event Detection of environmental noise/SED_wav/S-0234.npy,bc900e91737f31e18b3040a71fd852fe236be94ab0031fd749e1cb1fe3b0d759,732256a80111e798a63f1848918fff76d2065f2c6ead8de4ad1e31addc52be15,64,1647,bbf5188fb61e44e59fba46cebd26aab9371508748b9185ae1d3222c9cbaabffa
datased:DataSED - DataSED - Dataset for Sound Event Detection of environmental noise/SED_wav/S-0235.wav,DataSED - DataSED - Dataset for Sound Event Detection of environmental noise/SED_wav/S-0235.wav,DataSED - DataSED - Dataset for Sound Event Detection of environmental noise/SED_wav/S-0235.npy,36c67efa7f37cfeb656caf946a83f4394529ad5999ade710f7cff55f6d7650e7,21997b65b3c28353aa7235c6a424550067c5b2948c05254fbb9d119ca42449d3,64,2401,bbf5188fb61e44e59fba46cebd26aab9371508748b9185ae1d3222c9cbaabffa
datased:DataSED - DataSED - Dataset for Sound Event Detection of environmental noise/SED_wav/S-0236.wav,DataSED - DataSED - Dataset for Sound Event Detection of environmental noise/SED_wav/S-0236.wav,DataSED - DataSED - Dataset for Sound Event Detection of environmental noise/SED_wav/S-0236.npy,9a384a0b756149bb713c99c725124e959a7cdcd603d85ebb4c36930dcc8da34f,0c6a14b2029a6b6601939f5c185aea745c3995f2a2a3358006c4a918f4a565e7,64,3601,bbf5188fb61e44e59fba46cebd26aab9371508748b9185ae1d3222c9cbaabffa
datased:DataSED - DataSED - Dataset for Sound Event Detection of environmental noise/SED_wav/S-0237.wav,DataSED - DataSED - Dataset for Sound Event Detection of environmental noise/SED_wav/S-0237.wav,DataSED - DataSED - Dataset for Sound Event Detection of environmental noise/SED_wav/S-0237.npy,59af864e601b646f63377b5f8b53cf34f5a2d23f8e353e354024e82aaec12a45,d48397831926c1fd2e0afb80a19addf5431a8c4ba1402056519dc07727601d66,64,3001,bbf5188fb61e44e59fba46cebd26aab9371508748b9185ae1d3222c9cbaabffa
datased:DataSED - DataSED - Dataset for Sound Event Detection of environmental noise/SED_wav/S-0238.wav,DataSED - DataSED - Dataset for Sound Event Detection of environmental noise/SED_wav/S-0238.wav,DataSED - DataSED - Dataset for Sound Event Detection of environmental noise/SED_wav/S-0238.npy,5c282d50ae6f6bc0c8fdd3df0430e7a43a3dd98f27d0b628941e0b4b079c13af,0209d72ed7177c727e0574f95ca74497d6b7d3db20d55d897a1f40493c717c95,64,6265,bbf5188fb61e44e59fba46cebd26aab9371508748b9185ae1d3222c9cbaabffa
datased:DataSED - DataSED - Dataset for Sound Event Detection of environmental noise/SED_wav/S-0239.wav,DataSED - DataSED - Dataset for Sound Event Detection of environmental noise/SED_wav/S-0239.wav,DataSED - DataSED - Dataset for Sound Event Detection of environmental noise/SED_wav/S-0239.npy,97d2105039c2aa097126097ee2f635530e9968895d005dfcc57b327111396855,25213aa2498e48f42b5ea551f5beb41506ec70e3bba89c92c6d844ee9091b341,64,24201,bbf5188fb61e44e59fba46cebd26aab9371508748b9185ae1d3222c9cbaabffa
datased:DataSED - DataSED - Dataset for Sound Event Detection of environmental noise/SED_wav/S-0240.wav,DataSED - DataSED - Dataset for Sound Event Detection of environmental noise/SED_wav/S-0240.wav,DataSED - DataSED - Dataset for Sound Event Detection of environmental noise/SED_wav/S-0240.npy,ade692aaae4cddb8271135844e913b0a4d732b0006cc86648d5c18ff9ab9f1a4,ecb87b8d5491ea0d98d1f60d2ad484aea2977ff7904aadbfde028cd4dfd96690,64,5283,bbf5188fb61e44e59fba46cebd26aab9371508748b9185ae1d3222c9cbaabffa
datased:DataSED - DataSED - Dataset for Sound Event Detection of environmental noise/SED_wav/S-0241.wav,DataSED - DataSED - Dataset for Sound Event Detection of environmental noise/SED_wav/S-0241.wav,DataSED - DataSED - Dataset for Sound Event Detection of environmental noise/SED_wav/S-0241.npy,ea701c27959f90778f520fb4b5a162de54fa756e675cb5770fec00189e5c48aa,f6843c9808d36bade93bc927ce2172de1ce49da6bbd32654132a6e982c0ce564,64,2431,bbf5188fb61e44e59fba46cebd26aab9371508748b9185ae1d3222c9cbaabffa
datased:DataSED - DataSED - Dataset for Sound Event Detection of environmental noise/SED_wav/S-0242.wav,DataSED - DataSED - Dataset for Sound Event Detection of environmental noise/SED_wav/S-0242.wav,DataSED - DataSED - Dataset for Sound Event Detection of environmental noise/SED_wav/S-0242.npy,4d8989cd64c2d3919a06836b455b26b31c554488abca153473d95ec22a6ca85b,a6dba85a0db82dc70e77b50c7f7e058a40e02c05d0a85d49aa5324da530a7c52,64,2652,bbf5188fb61e44e59fba46cebd26aab9371508748b9185ae1d3222c9cbaabffa
datased:DataSED - DataSED - Dataset for Sound Event Detection of environmental noise/SED_wav/S-0243.wav,DataSED - DataSED - Dataset for Sound Event Detection of environmental noise/SED_wav/S-0243.wav,DataSED - DataSED - Dataset for Sound Event Detection of environmental noise/SED_wav/S-0243.npy,5a600ddced56b9dafcf8d451c2eaa82807b5f6ef55555c01f519265ea5c8eab1,e180db885492491d2faac4fbb19b34e9e0781a67c93b3b41f282f614932b1c71,64,24760,bbf5188fb61e44e59fba46cebd26aab9371508748b9185ae1d3222c9cbaabffa
datased:DataSED - DataSED - Dataset for Sound Event Detection of environmental noise/SED_wav/S-0244.wav,DataSED - DataSED - Dataset for Sound Event Detection of environmental noise/SED_wav/S-0244.wav,DataSED - DataSED - Dataset for Sound Event Detection of environmental noise/SED_wav/S-0244.npy,95daf00c60c9a9a6747f1299cd0baf37f0db79a0c1be915b6492bf2d7e4514f6,b360b16059b1ad7588be49ecb7a414cc7ef5d8854cda6a66abee88731a68277f,64,15068,bbf5188fb61e44e59fba46cebd26aab9371508748b9185ae1d3222c9cbaabffa
datased:DataSED - DataSED - Dataset for Sound Event Detection of environmental noise/SED_wav/S-0245.wav,DataSED - DataSED - Dataset for Sound Event Detection of environmental noise/SED_wav/S-0245.wav,DataSED - DataSED - Dataset for Sound Event Detection of environmental noise/SED_wav/S-0245.npy,d5275b750745247d73725904f7007e2f7d7d4a09e57c99f972cd314c0738213f,7f27e5b9c365c14987f5d149c8021ec14b3bc507dbc1557d10fbbe2499f85f88,64,4810,bbf5188fb61e44e59fba46cebd26aab9371508748b9185ae1d3222c9cbaabffa
datased:DataSED - DataSED - Dataset for Sound Event Detection of environmental noise/SED_wav/S-0246.wav,DataSED - DataSED - Dataset for Sound Event Detection of environmental noise/SED_wav/S-0246.wav,DataSED - DataSED - Dataset for Sound Event Detection of environmental noise/SED_wav/S-0246.npy,3a8128b2b0f6a277aaefa90736f0d8e492e9c6a49db114ca0d13b28f3faa0659,ceb453d1764b4379c2acbdd72ba94b7a9d8b28f77dd49be3e5fe746360f93847,64,1519,bbf5188fb61e44e59fba46cebd26aab9371508748b9185ae1d3222c9cbaabffa
datased:DataSED - DataSED - Dataset for Sound Event Detection of environmental noise/SED_wav/S-0247.wav,DataSED - DataSED - Dataset for Sound Event Detection of environmental noise/SED_wav/S-0247.wav,DataSED - DataSED - Dataset for Sound Event Detection of environmental noise/SED_wav/S-0247.npy,5ee1b819113115782462c4d7007692641787ad2ad9d054b3d55861d6a24d6a38,b572624cb9ecabec98f47b9d586a53fe127fc92f9f3d29340f3bf6864ebe8631,64,5350,bbf5188fb61e44e59fba46cebd26aab9371508748b9185ae1d3222c9cbaabffa
datased:DataSED - DataSED - Dataset for Sound Event Detection of environmental noise/SED_wav/S-0248.wav,DataSED - DataSED - Dataset for Sound Event Detection of environmental noise/SED_wav/S-0248.wav,DataSED - DataSED - Dataset for Sound Event Detection of environmental noise/SED_wav/S-0248.npy,3849aa217731336e92a5d928d25fde504186b5cc1fb91acca3df81222eae8a4b,03b0e0f06ca39a20ae86b0433fa9aa623aa9ace4831e387df318599381646f27,64,6098,bbf5188fb61e44e59fba46cebd26aab9371508748b9185ae1d3222c9cbaabffa
datased:DataSED - DataSED - Dataset for Sound Event Detection of environmental noise/SED_wav/S-0249.wav,DataSED - DataSED - Dataset for Sound Event Detection of environmental noise/SED_wav/S-0249.wav,DataSED - DataSED - Dataset for Sound Event Detection of environmental noise/SED_wav/S-0249.npy,96eb544c17f08ab44dd886c347609608cc41b0ff9ed1b688e4d6588303c4dd46,986ae46ed64421214836db11ef1bcb9a2f318fc2a18d21fb2447fbb6c023730c,64,1262,bbf5188fb61e44e59fba46cebd26aab9371508748b9185ae1d3222c9cbaabffa
datased:DataSED - DataSED - Dataset for Sound Event Detection of environmental noise/SED_wav/S-0250.wav,DataSED - DataSED - Dataset for Sound Event Detection of environmental noise/SED_wav/S-0250.wav,DataSED - DataSED - Dataset for Sound Event Detection of environmental noise/SED_wav/S-0250.npy,c2f6b73a88f2b666806862b30a96552bc5976183f39095863c9ce8363e198419,f504d7218154621244ca549e2129cf4f099c0deb9b328db00ba644373df980ee,64,6676,bbf5188fb61e44e59fba46cebd26aab9371508748b9185ae1d3222c9cbaabffa
datased:DataSED - DataSED - Dataset for Sound Event Detection of environmental noise/SED_wav/S-0251.wav,DataSED - DataSED - Dataset for Sound Event Detection of environmental noise/SED_wav/S-0251.wav,DataSED - DataSED - Dataset for Sound Event Detection of environmental noise/SED_wav/S-0251.npy,37c1262bb9528257935ec58610bca2f0decf9352468881675b5f0640c9dfd22e,5f37fa579871487a94a6e702a0870d017809da830ca84f4ef881e462f61e36bf,64,1601,bbf5188fb61e44e59fba46cebd26aab9371508748b9185ae1d3222c9cbaabffa
datased:DataSED - DataSED - Dataset for Sound Event Detection of environmental noise/SED_wav/S-0252.wav,DataSED - DataSED - Dataset for Sound Event Detection of environmental noise/SED_wav/S-0252.wav,DataSED - DataSED - Dataset for Sound Event Detection of environmental noise/SED_wav/S-0252.npy,0bc019f83b298a3e2f3834fb3580c7fe9b4c8b9932ebb85205713be24c626245,e01e389502f59aa2d0636053fae397a02b42b8d3015ceeac5c8beccf2f3f0488,64,2050,bbf5188fb61e44e59fba46cebd26aab9371508748b9185ae1d3222c9cbaabffa
datased:DataSED - DataSED - Dataset for Sound Event Detection of environmental noise/SED_wav/S-0253.wav,DataSED - DataSED - Dataset for Sound Event Detection of environmental noise/SED_wav/S-0253.wav,DataSED - DataSED - Dataset for Sound Event Detection of environmental noise/SED_wav/S-0253.npy,f6748c6016f944794a0a9cc10dbc3895b0a627f2413f31101bf9064d36ee75fd,4e84e3cc3c47e06e2c213fbc5cbf0209dac42fcbb2b83f2ad74d19a70d5443fd,64,4529,bbf5188fb61e44e59fba46cebd26aab9371508748b9185ae1d3222c9cbaabffa
datased:DataSED - DataSED - Dataset for Sound Event Detection of environmental noise/SED_wav/S-0254.wav,DataSED - DataSED - Dataset for Sound Event Detection of environmental noise/SED_wav/S-0254.wav,DataSED - DataSED - Dataset for Sound Event Detection of environmental noise/SED_wav/S-0254.npy,9e6966e6f9a89f4d31dffb8c640e7b75ad437cdfc585ff18ada3d33474ce3928,4c036fe0366cc684258fce9d615df5afa579f34722ba048ac8c1f9b06c2b0f61,64,4358,bbf5188fb61e44e59fba46cebd26aab9371508748b9185ae1d3222c9cbaabffa
datased:DataSED - DataSED - Dataset for Sound Event Detection of environmental noise/SED_wav/S-0255.wav,DataSED - DataSED - Dataset for Sound Event Detection of environmental noise/SED_wav/S-0255.wav,DataSED - DataSED - Dataset for Sound Event Detection of environmental noise/SED_wav/S-0255.npy,6dcdb5563b80f5dcd56a449a68d5e1182174be40e1b6787559935b1f98ecd26c,a33e3c935905433adb6feddd9082a670f4c06275dec18de34d062fdeacda9c13,64,4457,bbf5188fb61e44e59fba46cebd26aab9371508748b9185ae1d3222c9cbaabffa
datased:DataSED - DataSED - Dataset for Sound Event Detection of environmental noise/SED_wav/S-0256.wav,DataSED - DataSED - Dataset for Sound Event Detection of environmental noise/SED_wav/S-0256.wav,DataSED - DataSED - Dataset for Sound Event Detection of environmental noise/SED_wav/S-0256.npy,11b8a8493bb461551706678c5b278fd29574b077318fc30df07c07627b729074,d10171b36aad6bb7cd37463f33cac669df266660d956e443acf7da63e5d5f3fc,64,4312,bbf5188fb61e44e59fba46cebd26aab9371508748b9185ae1d3222c9cbaabffa
datased:DataSED - DataSED - Dataset for Sound Event Detection of environmental noise/SED_wav/S-0257.wav,DataSED - DataSED - Dataset for Sound Event Detection of environmental noise/SED_wav/S-0257.wav,DataSED - DataSED - Dataset for Sound Event Detection of environmental noise/SED_wav/S-0257.npy,f1ee790c9ff455c4eb1a4539603534331fa4b60a97ba4912d8701d22b1e7e4bc,54f5e064d602506c9f3d8dc4e656783d5bcf36d10e3a9c2408a60313534b9717,64,4692,bbf5188fb61e44e59fba46cebd26aab9371508748b9185ae1d3222c9cbaabffa
datased:DataSED - DataSED - Dataset for Sound Event Detection of environmental noise/SED_wav/S-0258.wav,DataSED - DataSED - Dataset for Sound Event Detection of environmental noise/SED_wav/S-0258.wav,DataSED - DataSED - Dataset for Sound Event Detection of environmental noise/SED_wav/S-0258.npy,a4ffe9033b0d984286f7a0ba050cd541f65ca181e2843fb8510c5f857959631a,1b8dc45ccab075a8c8a0c1ff3f3e2d3efb31dbb42f76c777b36d62b061ae01c4,64,15705,bbf5188fb61e44e59fba46cebd26aab9371508748b9185ae1d3222c9cbaabffa
datased:DataSED - DataSED - Dataset for Sound Event Detection of environmental noise/SED_wav/S-0259.wav,DataSED - DataSED - Dataset for Sound Event Detection of environmental noise/SED_wav/S-0259.wav,DataSED - DataSED - Dataset for Sound Event Detection of environmental noise/SED_wav/S-0259.npy,5b5e304c12af2543a5107bd34f09db25c9cb672d3a370a903b60330359e76ebd,628de41d71dcb10eab9d0cac90ae11cef8e05f4ac754d04b26c023fa6abbc1a2,64,4693,bbf5188fb61e44e59fba46cebd26aab9371508748b9185ae1d3222c9cbaabffa
datased:DataSED - DataSED - Dataset for Sound Event Detection of environmental noise/SED_wav/S-0260.wav,DataSED - DataSED - Dataset for Sound Event Detection of environmental noise/SED_wav/S-0260.wav,DataSED - DataSED - Dataset for Sound Event Detection of environmental noise/SED_wav/S-0260.npy,9ebd24ef581d9a3606a8ff57beb195af99a79a4b3ec0680da19179e3f9ca3a24,e6b2bc449d7baaaeb249c1222637c943ec17bfe0b4edbf0201db3aaec87aa6e4,64,1775,bbf5188fb61e44e59fba46cebd26aab9371508748b9185ae1d3222c9cbaabffa
datased:DataSED - DataSED - Dataset for Sound Event Detection of environmental noise/SED_wav/S-0261.wav,DataSED - DataSED - Dataset for Sound Event Detection of environmental noise/SED_wav/S-0261.wav,DataSED - DataSED - Dataset for Sound Event Detection of environmental noise/SED_wav/S-0261.npy,0b31b56c2ff21e30698ad5b9d577d80858fe83f996c5f8e57c9fec6ff8f5c73d,f018f9957c7d8a9e04540c7846d4e2ed2afa794f88534e508a9a6105c8c07ccb,64,5811,bbf5188fb61e44e59fba46cebd26aab9371508748b9185ae1d3222c9cbaabffa
datased:DataSED - DataSED - Dataset for Sound Event Detection of environmental noise/SED_wav/S-0262.wav,DataSED - DataSED - Dataset for Sound Event Detection of environmental noise/SED_wav/S-0262.wav,DataSED - DataSED - Dataset for Sound Event Detection of environmental noise/SED_wav/S-0262.npy,cc2b053c9937cb03e7b4ef74595d89bd362f25e0bc6b6b0b312a2f3bd7b1cc95,08a32c512acf2385bc08556727b3834d4d518174c9a5fb50a5122a39ee03f37c,64,3804,bbf5188fb61e44e59fba46cebd26aab9371508748b9185ae1d3222c9cbaabffa
datased:DataSED - DataSED - Dataset for Sound Event Detection of environmental noise/SED_wav/S-0263.wav,DataSED - DataSED - Dataset for Sound Event Detection of environmental noise/SED_wav/S-0263.wav,DataSED - DataSED - Dataset for Sound Event Detection of environmental noise/SED_wav/S-0263.npy,1f4527ed4dd08c54aa98710fc7f6d9de5c5d80fefbb034ec373aed9e60212aa0,8a15561a2a7fdd6856f73b9840d5e0c4fff55584eb9bdeb134aa8a1be4015980,64,1857,bbf5188fb61e44e59fba46cebd26aab9371508748b9185ae1d3222c9cbaabffa
datased:DataSED - DataSED - Dataset for Sound Event Detection of environmental noise/SED_wav/S-0264.wav,DataSED - DataSED - Dataset for Sound Event Detection of environmental noise/SED_wav/S-0264.wav,DataSED - DataSED - Dataset for Sound Event Detection of environmental noise/SED_wav/S-0264.npy,4cee9feb1abefb61131513ff09aa32833bbce8bb9396c16b68e95995ebf4b1a1,f86ca59f956d1600c5ceca6b3c8179864e2ee841b772639a646bc750e0d84420,64,2482,bbf5188fb61e44e59fba46cebd26aab9371508748b9185ae1d3222c9cbaabffa
datased:DataSED - DataSED - Dataset for Sound Event Detection of environmental noise/SED_wav/S-0265.wav,DataSED - DataSED - Dataset for Sound Event Detection of environmental noise/SED_wav/S-0265.wav,DataSED - DataSED - Dataset for Sound Event Detection of environmental noise/SED_wav/S-0265.npy,167cc08f434b87521350378abf826c5bef5d4dbb07d4f904a00f7455e7047c35,462cf1c5766be82b78888f82f67ad1416719b6ee6e5adf71bea0fc5a76bca866,64,8771,bbf5188fb61e44e59fba46cebd26aab9371508748b9185ae1d3222c9cbaabffa
datased:DataSED - DataSED - Dataset for Sound Event Detection of environmental noise/SED_wav/S-0266.wav,DataSED - DataSED - Dataset for Sound Event Detection of environmental noise/SED_wav/S-0266.wav,DataSED - DataSED - Dataset for Sound Event Detection of environmental noise/SED_wav/S-0266.npy,7f32f6dfb3f0b6fb8d9d4bbcecea45dc3f979115d6bf920a853368b73bcc104d,b8bb831ce63a4eaf096ae12b96dbbc798937f15a54f9f659d48715761d26baca,64,4651,bbf5188fb61e44e59fba46cebd26aab9371508748b9185ae1d3222c9cbaabffa
datased:DataSED - DataSED - Dataset for Sound Event Detection of environmental noise/SED_wav/S-0267.wav,DataSED - DataSED - Dataset for Sound Event Detection of environmental noise/SED_wav/S-0267.wav,DataSED - DataSED - Dataset for Sound Event Detection of environmental noise/SED_wav/S-0267.npy,1a59988cc55d385cf0aae2ea188eea07d15b4b3b3b21605bd94b70cca10417da,7d1010d8176e3cc71fbed57fc771126684fc092f8c8717e427c1942157142316,64,8450,bbf5188fb61e44e59fba46cebd26aab9371508748b9185ae1d3222c9cbaabffa
datased:DataSED - DataSED - Dataset for Sound Event Detection of environmental noise/SED_wav/S-0268.wav,DataSED - DataSED - Dataset for Sound Event Detection of environmental noise/SED_wav/S-0268.wav,DataSED - DataSED - Dataset for Sound Event Detection of environmental noise/SED_wav/S-0268.npy,76b29e6bcb9a11a81bea0de626f12d17788c519c9c6465a518c9e5a892c72d21,75bed198ff361b8506619eddca6ff0cea476eeb5ea9c121da854d0351c680eba,64,1789,bbf5188fb61e44e59fba46cebd26aab9371508748b9185ae1d3222c9cbaabffa
datased:DataSED - DataSED - Dataset for Sound Event Detection of environmental noise/SED_wav/S-0269.wav,DataSED - DataSED - Dataset for Sound Event Detection of environmental noise/SED_wav/S-0269.wav,DataSED - DataSED - Dataset for Sound Event Detection of environmental noise/SED_wav/S-0269.npy,777488ea6bbd29e415bdeb5bd61187b3d95928253bcc614ac7dd347f96749811,eca6c8ca8b7e651337ce841172be0322a1910db4a97c65cc64cecfc5cbc38285,64,5275,bbf5188fb61e44e59fba46cebd26aab9371508748b9185ae1d3222c9cbaabffa
datased:DataSED - DataSED - Dataset for Sound Event Detection of environmental noise/SED_wav/S-0270.wav,DataSED - DataSED - Dataset for Sound Event Detection of environmental noise/SED_wav/S-0270.wav,DataSED - DataSED - Dataset for Sound Event Detection of environmental noise/SED_wav/S-0270.npy,cf092ba9d3ab89687a92381f8fd4349315e4f463e34c6af3608da5711e234f72,5d0c022d28573ce13d675c01423bcb70fc0bf265950664f59f500751ac72e23e,64,3142,bbf5188fb61e44e59fba46cebd26aab9371508748b9185ae1d3222c9cbaabffa
datased:DataSED - DataSED - Dataset for Sound Event Detection of environmental noise/SED_wav/S-0271.wav,DataSED - DataSED - Dataset for Sound Event Detection of environmental noise/SED_wav/S-0271.wav,DataSED - DataSED - Dataset for Sound Event Detection of environmental noise/SED_wav/S-0271.npy,00c27dd1e5a2ef5555d1e99f54c270530fc453e38ebf270e4a5cde80be2747eb,425a06ae862ce2fb1b17825a27aed46e9be38d9ff269066ce0a2778567319e2b,64,766,bbf5188fb61e44e59fba46cebd26aab9371508748b9185ae1d3222c9cbaabffa
datased:DataSED - DataSED - Dataset for Sound Event Detection of environmental noise/SED_wav/S-0272.wav,DataSED - DataSED - Dataset for Sound Event Detection of environmental noise/SED_wav/S-0272.wav,DataSED - DataSED - Dataset for Sound Event Detection of environmental noise/SED_wav/S-0272.npy,8bd080cb663ce486493d45e80155190618c205843548cccf576474a1edac23fa,dbb6b3feaa4b6562fab1db7069f6572bb4844808b7a47ccea8b9a5a0e411946c,64,5157,bbf5188fb61e44e59fba46cebd26aab9371508748b9185ae1d3222c9cbaabffa
datased:DataSED - DataSED - Dataset for Sound Event Detection of environmental noise/SED_wav/S-0273.wav,DataSED - DataSED - Dataset for Sound Event Detection of environmental noise/SED_wav/S-0273.wav,DataSED - DataSED - Dataset for Sound Event Detection of environmental noise/SED_wav/S-0273.npy,8a6a0f1e9a831d2b6d598734fcf50c594023f70a7fc3ee02dad989b846a20078,e48056d530a3af3f5b160bfe52b406ce1a47d1f8f20baa49d04f6333973282d0,64,3221,bbf5188fb61e44e59fba46cebd26aab9371508748b9185ae1d3222c9cbaabffa
datased:DataSED - DataSED - Dataset for Sound Event Detection of environmental noise/SED_wav/S-0274.wav,DataSED - DataSED - Dataset for Sound Event Detection of environmental noise/SED_wav/S-0274.wav,DataSED - DataSED - Dataset for Sound Event Detection of environmental noise/SED_wav/S-0274.npy,aac9c8f9acfb9515792bcd0165328a34893c10fa0378618d234757a381e3f0ef,1f4b83a8e25b8314b57377ec9f20a1935d8c06049309e70c899277e35c204628,64,1925,bbf5188fb61e44e59fba46cebd26aab9371508748b9185ae1d3222c9cbaabffa
datased:DataSED - DataSED - Dataset for Sound Event Detection of environmental noise/SED_wav/S-0275.wav,DataSED - DataSED - Dataset for Sound Event Detection of environmental noise/SED_wav/S-0275.wav,DataSED - DataSED - Dataset for Sound Event Detection of environmental noise/SED_wav/S-0275.npy,1ffe53dd4d414b86dc528a0691082b6a7b77f8fc4b3d46a1d419b9041b27a938,dc3c5c29e2225cf1fa69d2c6d8f899f7535ef24f5046b8afff3487f000bc5889,64,11410,bbf5188fb61e44e59fba46cebd26aab9371508748b9185ae1d3222c9cbaabffa
datased:DataSED - DataSED - Dataset for Sound Event Detection of environmental noise/SED_wav/S-0276.wav,DataSED - DataSED - Dataset for Sound Event Detection of environmental noise/SED_wav/S-0276.wav,DataSED - DataSED - Dataset for Sound Event Detection of environmental noise/SED_wav/S-0276.npy,3394a2430f4dcf671fde626def5034453d4cc303781f8b3f2a723426c352ecc7,6f21c7903870944b5d46f1c6f778171e77e1fd1a6bac7cfee0a7c61d1bdf24d1,64,2133,bbf5188fb61e44e59fba46cebd26aab9371508748b9185ae1d3222c9cbaabffa
datased:DataSED - DataSED - Dataset for Sound Event Detection of environmental noise/SED_wav/S-0277.wav,DataSED - DataSED - Dataset for Sound Event Detection of environmental noise/SED_wav/S-0277.wav,DataSED - DataSED - Dataset for Sound Event Detection of environmental noise/SED_wav/S-0277.npy,82d914f4fb7e66bbb6d34e575fb13bc7a9ad780a58efc835443bad494367b18a,bada0f0a66e188245bac83df886bc7aab50bc84c1f1f0c2fa32520a86bb78b8f,64,2231,bbf5188fb61e44e59fba46cebd26aab9371508748b9185ae1d3222c9cbaabffa
datased:DataSED - DataSED - Dataset for Sound Event Detection of environmental noise/SED_wav/S-0278.wav,DataSED - DataSED - Dataset for Sound Event Detection of environmental noise/SED_wav/S-0278.wav,DataSED - DataSED - Dataset for Sound Event Detection of environmental noise/SED_wav/S-0278.npy,e4b520952a591dadebb6e8457628cf181ef464e245660ed3331a665a2aa7d54b,2eb461c670770e4597cf17f078db5c1eb72af8f0c18153d397a73f6545652ffe,64,915,bbf5188fb61e44e59fba46cebd26aab9371508748b9185ae1d3222c9cbaabffa
datased:DataSED - DataSED - Dataset for Sound Event Detection of environmental noise/SED_wav/S-0279.wav,DataSED - DataSED - Dataset for Sound Event Detection of environmental noise/SED_wav/S-0279.wav,DataSED - DataSED - Dataset for Sound Event Detection of environmental noise/SED_wav/S-0279.npy,238da825b8e2d5213a64dfaa6e0f68c1955cf59e89946e4afbbcf746fc08e88c,eca8cb4fb02e686401c22c6544ece65f21fcc0b569c913f190fc0b9c43da5411,64,18262,bbf5188fb61e44e59fba46cebd26aab9371508748b9185ae1d3222c9cbaabffa
datased:DataSED - DataSED - Dataset for Sound Event Detection of environmental noise/SED_wav/S-0280.wav,DataSED - DataSED - Dataset for Sound Event Detection of environmental noise/SED_wav/S-0280.wav,DataSED - DataSED - Dataset for Sound Event Detection of environmental noise/SED_wav/S-0280.npy,fd75c9d010dcc3b2dfe2704cc536984067a7e12b64bafddf19063c9f02fa31aa,cfcb3e86375dceffc9df0c8a7509b0a9438d614153b44732b093f2b5d86a0b31,64,5829,bbf5188fb61e44e59fba46cebd26aab9371508748b9185ae1d3222c9cbaabffa
datased:DataSED - DataSED - Dataset for Sound Event Detection of environmental noise/SED_wav/S-0281.wav,DataSED - DataSED - Dataset for Sound Event Detection of environmental noise/SED_wav/S-0281.wav,DataSED - DataSED - Dataset for Sound Event Detection of environmental noise/SED_wav/S-0281.npy,f180f1fee82d84caecaae201a1a55181ae5f0f2ced4d6a070347240331acf2e8,995d2a8336546cecbef90527aaeb44fe098e984ea767db844cd0b84ceb3f53d6,64,3118,bbf5188fb61e44e59fba46cebd26aab9371508748b9185ae1d3222c9cbaabffa
datased:DataSED - DataSED - Dataset for Sound Event Detection of environmental noise/SED_wav/S-0282.wav,DataSED - DataSED - Dataset for Sound Event Detection of environmental noise/SED_wav/S-0282.wav,DataSED - DataSED - Dataset for Sound Event Detection of environmental noise/SED_wav/S-0282.npy,e408259a5df7ecd7eaa0cc0eba595340423a018ba6991f056e010b0f0b9c061f,aed6cf393526f17a4a8ba6ef5c3865577a88926e119b19511471ecbc19ad2e38,64,8311,bbf5188fb61e44e59fba46cebd26aab9371508748b9185ae1d3222c9cbaabffa
datased:DataSED - DataSED - Dataset for Sound Event Detection of environmental noise/SED_wav/S-0283.wav,DataSED - DataSED - Dataset for Sound Event Detection of environmental noise/SED_wav/S-0283.wav,DataSED - DataSED - Dataset for Sound Event Detection of environmental noise/SED_wav/S-0283.npy,17846e43365aa546e8bd2bab4817532627a10a3d1b0660b62cb3dc7fe55455fc,39336e38e8819d76063778088e3663782999a56ce6278cc054f963c9963c813f,64,4544,bbf5188fb61e44e59fba46cebd26aab9371508748b9185ae1d3222c9cbaabffa
datased:DataSED - DataSED - Dataset for Sound Event Detection of environmental noise/SED_wav/S-0284.wav,DataSED - DataSED - Dataset for Sound Event Detection of environmental noise/SED_wav/S-0284.wav,DataSED - DataSED - Dataset for Sound Event Detection of environmental noise/SED_wav/S-0284.npy,2470544fd5a839779b2b04cdabf9bceb41b5a6a958629742dede1f171c0a618b,a29fd369c1eec9e4a1cfd254a4755aca32d5b2674feacfdd07807e57943785e3,64,1289,bbf5188fb61e44e59fba46cebd26aab9371508748b9185ae1d3222c9cbaabffa
datased:DataSED - DataSED - Dataset for Sound Event Detection of environmental noise/SED_wav/S-0285.wav,DataSED - DataSED - Dataset for Sound Event Detection of environmental noise/SED_wav/S-0285.wav,DataSED - DataSED - Dataset for Sound Event Detection of environmental noise/SED_wav/S-0285.npy,1d6639db4ed4280aeae1c2a2c379b7df9eb54e2cf1abcbcabd6a678408256c56,eff0bbb178d45b965adf6bf0d831eac32c8bdf70ece2a0a6a8c09a98197916b8,64,10763,bbf5188fb61e44e59fba46cebd26aab9371508748b9185ae1d3222c9cbaabffa
datased:DataSED - DataSED - Dataset for Sound Event Detection of environmental noise/SED_wav/S-0286.wav,DataSED - DataSED - Dataset for Sound Event Detection of environmental noise/SED_wav/S-0286.wav,DataSED - DataSED - Dataset for Sound Event Detection of environmental noise/SED_wav/S-0286.npy,a642f591440d7c0b5fb184b22d64085897ef4db296289d7dc98ba5df3fa61d58,0c8885f444b2f40635f307078230f9953588484da2d6836664b34624b30e1919,64,6855,bbf5188fb61e44e59fba46cebd26aab9371508748b9185ae1d3222c9cbaabffa
datased:DataSED - DataSED - Dataset for Sound Event Detection of environmental noise/SED_wav/S-0287.wav,DataSED - DataSED - Dataset for Sound Event Detection of environmental noise/SED_wav/S-0287.wav,DataSED - DataSED - Dataset for Sound Event Detection of environmental noise/SED_wav/S-0287.npy,2ba14fcd644e33c381e2764e6d3248b2abe4d76e4401590957991b43ba0539a6,b28d1c3989f002c30beb2e936ebfbcfefe2a56556fec3cf685d6620e2ae2f129,64,4764,bbf5188fb61e44e59fba46cebd26aab9371508748b9185ae1d3222c9cbaabffa
datased:DataSED - DataSED - Dataset for Sound Event Detection of environmental noise/SED_wav/S-0288.wav,DataSED - DataSED - Dataset for Sound Event Detection of environmental noise/SED_wav/S-0288.wav,DataSED - DataSED - Dataset for Sound Event Detection of environmental noise/SED_wav/S-0288.npy,d7b7171c2b058a9abf5bcef3f40de292ca2c3d962064ffaaa3c3670c39e01e34,1642cffe57249dbf21375c265ba650e62a397d69683a6ff773017ae6d2aa64c9,64,3873,bbf5188fb61e44e59fba46cebd26aab9371508748b9185ae1d3222c9cbaabffa
datased:DataSED - DataSED - Dataset for Sound Event Detection of environmental noise/SED_wav/S-0289.wav,DataSED - DataSED - Dataset for Sound Event Detection of environmental noise/SED_wav/S-0289.wav,DataSED - DataSED - Dataset for Sound Event Detection of environmental noise/SED_wav/S-0289.npy,8eb18dc80b6519e85d79eb8be9b72233b9cfbb4a724685869abccbef997ec886,e6f26ad0ba243d5dc9e8df6220612fd4b9d0051d38e54a77a554621cd6daa3e3,64,10055,bbf5188fb61e44e59fba46cebd26aab9371508748b9185ae1d3222c9cbaabffa
datased:DataSED - DataSED - Dataset for Sound Event Detection of environmental noise/SED_wav/S-0290.wav,DataSED - DataSED - Dataset for Sound Event Detection of environmental noise/SED_wav/S-0290.wav,DataSED - DataSED - Dataset for Sound Event Detection of environmental noise/SED_wav/S-0290.npy,c227e6acb468a4ac28bad88d81dce089b0bc6336bb421eff5eb1f3e6cf5c039f,a46345aadaa6de21b8ed7e78e13fe5099f41947c4fdb222a093bbbf4ccd84f10,64,4117,bbf5188fb61e44e59fba46cebd26aab9371508748b9185ae1d3222c9cbaabffa
datased:DataSED - DataSED - Dataset for Sound Event Detection of environmental noise/SED_wav/S-0291.wav,DataSED - DataSED - Dataset for Sound Event Detection of environmental noise/SED_wav/S-0291.wav,DataSED - DataSED - Dataset for Sound Event Detection of environmental noise/SED_wav/S-0291.npy,84e2acf2a9b382b6dced14880d5ae7ec7bf063045dc301e6f338f06464a13d3d,8d2c82e53ef17c1c52d1f551f92ea961c2e98704c0e7c19da5e207ad24ec0fe3,64,3836,bbf5188fb61e44e59fba46cebd26aab9371508748b9185ae1d3222c9cbaabffa
datased:DataSED - DataSED - Dataset for Sound Event Detection of environmental noise/SED_wav/S-0292.wav,DataSED - DataSED - Dataset for Sound Event Detection of environmental noise/SED_wav/S-0292.wav,DataSED - DataSED - Dataset for Sound Event Detection of environmental noise/SED_wav/S-0292.npy,0aec4a812039bc37e1defaf29c8f85d0a863cb4c044f08cd2a8a378e897af314,9fcc2eac64dc270fbfce8184dc390d7ad32e871c0882b0cc2a1497e4d590d09e,64,12134,bbf5188fb61e44e59fba46cebd26aab9371508748b9185ae1d3222c9cbaabffa
datased:DataSED - DataSED - Dataset for Sound Event Detection of environmental noise/SED_wav/S-0293.wav,DataSED - DataSED - Dataset for Sound Event Detection of environmental noise/SED_wav/S-0293.wav,DataSED - DataSED - Dataset for Sound Event Detection of environmental noise/SED_wav/S-0293.npy,fdf69cdd6ab4aa8e70a5c8981f98088732759c47a8ed449c8c268c0568bee6fa,cebfd6db9fd19d0f5a7a19efe68fc9aa6b744ba58abdfb093860a074ae9227d6,64,15795,bbf5188fb61e44e59fba46cebd26aab9371508748b9185ae1d3222c9cbaabffa
datased:DataSED - DataSED - Dataset for Sound Event Detection of environmental noise/SED_wav/S-0294.wav,DataSED - DataSED - Dataset for Sound Event Detection of environmental noise/SED_wav/S-0294.wav,DataSED - DataSED - Dataset for Sound Event Detection of environmental noise/SED_wav/S-0294.npy,268ed11dc845d2db10188648b169e0659f28eb6a3f1f94cbd14c33a828be0fdd,b8deb5441e099202f89a122ee35d183c171d6ecf06339033316d77ee0f042978,64,11881,bbf5188fb61e44e59fba46cebd26aab9371508748b9185ae1d3222c9cbaabffa
datased:DataSED - DataSED - Dataset for Sound Event Detection of environmental noise/SED_wav/S-0295.wav,DataSED - DataSED - Dataset for Sound Event Detection of environmental noise/SED_wav/S-0295.wav,DataSED - DataSED - Dataset for Sound Event Detection of environmental noise/SED_wav/S-0295.npy,1ededcecb85fb79debe26df22a07e6b7b466c7541efcc8dbd7ef4d4e5b841675,845257561e5de645097aaee2cc3c7e691b958bce2d3a35f59ebc2286cd9e32a1,64,37125,bbf5188fb61e44e59fba46cebd26aab9371508748b9185ae1d3222c9cbaabffa
datased:DataSED - DataSED - Dataset for Sound Event Detection of environmental noise/SED_wav/S-0296.wav,DataSED - DataSED - Dataset for Sound Event Detection of environmental noise/SED_wav/S-0296.wav,DataSED - DataSED - Dataset for Sound Event Detection of environmental noise/SED_wav/S-0296.npy,836d15c5afab6aeab932cc264069e4efdfb87174e291856e7ac92c9bc9fbb3a7,dc223595eebd0561c6e9810d9b0e54fd59dc8922b02cc4cfe0536f0d7e372782,64,15932,bbf5188fb61e44e59fba46cebd26aab9371508748b9185ae1d3222c9cbaabffa
datased:DataSED - DataSED - Dataset for Sound Event Detection of environmental noise/SED_wav/S-0297.wav,DataSED - DataSED - Dataset for Sound Event Detection of environmental noise/SED_wav/S-0297.wav,DataSED - DataSED - Dataset for Sound Event Detection of environmental noise/SED_wav/S-0297.npy,b2e197949889b132b755298eb44fa36a55020895ad57699f17f6c4de62e83735,ed09ff7eb5a039550444b78c656462c95875367a899a6dedc294a916bb8787e6,64,2877,bbf5188fb61e44e59fba46cebd26aab9371508748b9185ae1d3222c9cbaabffa
datased:DataSED - DataSED - Dataset for Sound Event Detection of environmental noise/SED_wav/S-0298.wav,DataSED - DataSED - Dataset for Sound Event Detection of environmental noise/SED_wav/S-0298.wav,DataSED - DataSED - Dataset for Sound Event Detection of environmental noise/SED_wav/S-0298.npy,59557937c7112b2fa85abb838e518c626e564fbd7456e6f7c3a9d48ebaf88870,4940091898a4f6dd4875316c603b1a72c615d01632571da2cb6f7b4b1380c413,64,25614,bbf5188fb61e44e59fba46cebd26aab9371508748b9185ae1d3222c9cbaabffa
datased:DataSED - DataSED - Dataset for Sound Event Detection of environmental noise/SED_wav/S-0299.wav,DataSED - DataSED - Dataset for Sound Event Detection of environmental noise/SED_wav/S-0299.wav,DataSED - DataSED - Dataset for Sound Event Detection of environmental noise/SED_wav/S-0299.npy,8c606c10601c80b1f468c29a5fbc6e07ebf4e13b39fa5a8f77cdd58f5f09b699,ba6c43a8bad8f72f670fe58e9188d364a0c09023153411097a184ee66e289ce4,64,12399,bbf5188fb61e44e59fba46cebd26aab9371508748b9185ae1d3222c9cbaabffa
datased:DataSED - DataSED - Dataset for Sound Event Detection of environmental noise/SED_wav/S-0300.wav,DataSED - DataSED - Dataset for Sound Event Detection of environmental noise/SED_wav/S-0300.wav,DataSED - DataSED - Dataset for Sound Event Detection of environmental noise/SED_wav/S-0300.npy,6c50f3db862e068b6ee256ff78adbe4e1ce24c893b78d567d56d263704cf03d8,0af98c99bfb07dec4818c91f411a0883a5a1aca9a26a1b1008cb24f54d1c41a7,64,7242,bbf5188fb61e44e59fba46cebd26aab9371508748b9185ae1d3222c9cbaabffa
datased:DataSED - DataSED - Dataset for Sound Event Detection of environmental noise/SED_wav/S-0301.wav,DataSED - DataSED - Dataset for Sound Event Detection of environmental noise/SED_wav/S-0301.wav,DataSED - DataSED - Dataset for Sound Event Detection of environmental noise/SED_wav/S-0301.npy,26a6526406c87ff04285ef9f28398960dde947a8f8fef09b79e14e34926dc1d8,6b8ea5fa19ac883c0fbc68da88e7d4dc35d05f467e11b2ffa77378541c43aaa8,64,16888,bbf5188fb61e44e59fba46cebd26aab9371508748b9185ae1d3222c9cbaabffa
datased:DataSED - DataSED - Dataset for Sound Event Detection of environmental noise/SED_wav/S-0302.wav,DataSED - DataSED - Dataset for Sound Event Detection of environmental noise/SED_wav/S-0302.wav,DataSED - DataSED - Dataset for Sound Event Detection of environmental noise/SED_wav/S-0302.npy,e53aa8418be640cb8e994c507daf9138966c160868c5c1cde8fcc62e4d2c6443,4bc4e3530ff58ad0e4ae223832770bdb53ae2fa4484782bb1848a549e342681f,64,2251,bbf5188fb61e44e59fba46cebd26aab9371508748b9185ae1d3222c9cbaabffa
datased:DataSED - DataSED - Dataset for Sound Event Detection of environmental noise/SED_wav/S-0303.wav,DataSED - DataSED - Dataset for Sound Event Detection of environmental noise/SED_wav/S-0303.wav,DataSED - DataSED - Dataset for Sound Event Detection of environmental noise/SED_wav/S-0303.npy,924ab5c3a9d5fe78f0d7306d433257820f2048cd094620b4c157edfa1fbb0a73,a374322510f08dd029d8938485b9cf646bb4dd685f1bfb5af01206d4818d5bc7,64,19565,bbf5188fb61e44e59fba46cebd26aab9371508748b9185ae1d3222c9cbaabffa
datased:DataSED - DataSED - Dataset for Sound Event Detection of environmental noise/SED_wav/S-0304.wav,DataSED - DataSED - Dataset for Sound Event Detection of environmental noise/SED_wav/S-0304.wav,DataSED - DataSED - Dataset for Sound Event Detection of environmental noise/SED_wav/S-0304.npy,f8c070031d802ce627d88deb08e6ba68e5c6bfc4292063d27ba1897cc2e84012,e77f5e307f26ac4d6dc76b466769f06edeb9eafd13efee3d98a7ebba378be351,64,8537,bbf5188fb61e44e59fba46cebd26aab9371508748b9185ae1d3222c9cbaabffa
datased:DataSED - DataSED - Dataset for Sound Event Detection of environmental noise/SED_wav/S-0305.wav,DataSED - DataSED - Dataset for Sound Event Detection of environmental noise/SED_wav/S-0305.wav,DataSED - DataSED - Dataset for Sound Event Detection of environmental noise/SED_wav/S-0305.npy,200e2f39febaf5d97fca390f0ae956f7d4567e5a699770c08083d69d4e62908e,468dddac8fd7c0d9c749c9c4402c11965717188bfc2b26ca4b6d8e8342be671b,64,26708,bbf5188fb61e44e59fba46cebd26aab9371508748b9185ae1d3222c9cbaabffa
datased:DataSED - DataSED - Dataset for Sound Event Detection of environmental noise/SED_wav/S-0306.wav,DataSED - DataSED - Dataset for Sound Event Detection of environmental noise/SED_wav/S-0306.wav,DataSED - DataSED - Dataset for Sound Event Detection of environmental noise/SED_wav/S-0306.npy,3375bcfea5ee6fb1e5f3fe7414fbfc967057e32be906e5a28a01594c383e0fca,87e2a1464d209921701f036e492a65f61e7b16b70d62177c898be7ebf14d72ba,64,1771,bbf5188fb61e44e59fba46cebd26aab9371508748b9185ae1d3222c9cbaabffa
datased:DataSED - DataSED - Dataset for Sound Event Detection of environmental noise/SED_wav/S-0307.wav,DataSED - DataSED - Dataset for Sound Event Detection of environmental noise/SED_wav/S-0307.wav,DataSED - DataSED - Dataset for Sound Event Detection of environmental noise/SED_wav/S-0307.npy,2bc012d13a79a87b167d2c883ac7ab0352d74743c45e5b1998a6de980f1343ac,4607baebbd38b4cc6371be1f31bc1928b1a9571bbaa3288de45a273ba057b8a2,64,9209,bbf5188fb61e44e59fba46cebd26aab9371508748b9185ae1d3222c9cbaabffa
datased:DataSED - DataSED - Dataset for Sound Event Detection of environmental noise/SED_wav/S-0308.wav,DataSED - DataSED - Dataset for Sound Event Detection of environmental noise/SED_wav/S-0308.wav,DataSED - DataSED - Dataset for Sound Event Detection of environmental noise/SED_wav/S-0308.npy,9c954e344f3f7d94d1fc4e3ce784ac86333ea142653c04fec080d932ea0f08b2,3485450117dd8a32adf36cb67556d31f3031b62e620ede017abdc24a2154be91,64,5309,bbf5188fb61e44e59fba46cebd26aab9371508748b9185ae1d3222c9cbaabffa
datased:DataSED - DataSED - Dataset for Sound Event Detection of environmental noise/SED_wav/S-0309.wav,DataSED - DataSED - Dataset for Sound Event Detection of environmental noise/SED_wav/S-0309.wav,DataSED - DataSED - Dataset for Sound Event Detection of environmental noise/SED_wav/S-0309.npy,c2c115c572352258500a167bde52638056264aaf8251c572aecb750fe172cc5d,b60f437c2cf2d810dc24da40dc1d9742e1e005a158b248ca174e4ff8f2ca228c,64,824,bbf5188fb61e44e59fba46cebd26aab9371508748b9185ae1d3222c9cbaabffa
datased:DataSED - DataSED - Dataset for Sound Event Detection of environmental noise/SED_wav/S-0310.wav,DataSED - DataSED - Dataset for Sound Event Detection of environmental noise/SED_wav/S-0310.wav,DataSED - DataSED - Dataset for Sound Event Detection of environmental noise/SED_wav/S-0310.npy,ee56efb21952072d0c9669714c74f23ec259ae898ca83546a4a226bcee0e4983,d54a5dfc77bdfb979ed708f8fd109923901d7ef5d8cad91097a81d8c53fbd3fd,64,1647,bbf5188fb61e44e59fba46cebd26aab9371508748b9185ae1d3222c9cbaabffa
datased:DataSED - DataSED - Dataset for Sound Event Detection of environmental noise/SED_wav/S-0311.wav,DataSED - DataSED - Dataset for Sound Event Detection of environmental noise/SED_wav/S-0311.wav,DataSED - DataSED - Dataset for Sound Event Detection of environmental noise/SED_wav/S-0311.npy,4ba68dffd6896e568ab68a351099d5924db464d8783feeb1a292bf6d5a6cd6f5,7bce29ee12ab15626da49d23fd123f4ca95c9430fc2e8db96edf71502115c501,64,2339,bbf5188fb61e44e59fba46cebd26aab9371508748b9185ae1d3222c9cbaabffa
datased:DataSED - DataSED - Dataset for Sound Event Detection of environmental noise/SED_wav/S-0312.wav,DataSED - DataSED - Dataset for Sound Event Detection of environmental noise/SED_wav/S-0312.wav,DataSED - DataSED - Dataset for Sound Event Detection of environmental noise/SED_wav/S-0312.npy,f363ef1e0a759793e3403f7ce1659f23e40c878d616f967fc3c8eb0d7df34934,56820f29af8201f4ec78ac5495d6a659240ea0e97efcf929c2f7f5652cf29fa5,64,10317,bbf5188fb61e44e59fba46cebd26aab9371508748b9185ae1d3222c9cbaabffa
datased:DataSED - DataSED - Dataset for Sound Event Detection of environmental noise/SED_wav/S-0313.wav,DataSED - DataSED - Dataset for Sound Event Detection of environmental noise/SED_wav/S-0313.wav,DataSED - DataSED - Dataset for Sound Event Detection of environmental noise/SED_wav/S-0313.npy,a59193e12ef5b2739316321c4bbf2578127865dcfa60d0791d918446fae6b2db,253cc571eb4981ec37eaf2c5fbf4afc06c68cd37351cb93411a50eec70e2987a,64,2231,bbf5188fb61e44e59fba46cebd26aab9371508748b9185ae1d3222c9cbaabffa
datased:DataSED - DataSED - Dataset for Sound Event Detection of environmental noise/SED_wav/S-0314.wav,DataSED - DataSED - Dataset for Sound Event Detection of environmental noise/SED_wav/S-0314.wav,DataSED - DataSED - Dataset for Sound Event Detection of environmental noise/SED_wav/S-0314.npy,3d70239b342859390f457d3858a766b7542f8fa8108f947c008fc3eb121b15f0,4d7d01cc93aa95c306890e42815534de83ae7215bb9d7cd70beace5c6519da6c,64,2917,bbf5188fb61e44e59fba46cebd26aab9371508748b9185ae1d3222c9cbaabffa
datased:DataSED - DataSED - Dataset for Sound Event Detection of environmental noise/SED_wav/S-0315.wav,DataSED - DataSED - Dataset for Sound Event Detection of environmental noise/SED_wav/S-0315.wav,DataSED - DataSED - Dataset for Sound Event Detection of environmental noise/SED_wav/S-0315.npy,e5caa36bf5f7037b1ed6692918817cd53759b140831fed5c680842782be6888d,fde20341b153d21b1c149fba46fd4529cafd7a6de3792abde347961168ecb968,64,16955,bbf5188fb61e44e59fba46cebd26aab9371508748b9185ae1d3222c9cbaabffa
datased:DataSED - DataSED - Dataset for Sound Event Detection of environmental noise/SED_wav/S-0316.wav,DataSED - DataSED - Dataset for Sound Event Detection of environmental noise/SED_wav/S-0316.wav,DataSED - DataSED - Dataset for Sound Event Detection of environmental noise/SED_wav/S-0316.npy,b0daacd35a4c6f74970d6a5842d1f2dd4aa7e1e2bf201db1858e220c4e9a5cc0,c31dc4ce29727bc4caf00efd43f93952a285790e5871b30ba95ee0d2477e0544,64,6541,bbf5188fb61e44e59fba46cebd26aab9371508748b9185ae1d3222c9cbaabffa
datased:DataSED - DataSED - Dataset for Sound Event Detection of environmental noise/SED_wav/S-0317.wav,DataSED - DataSED - Dataset for Sound Event Detection of environmental noise/SED_wav/S-0317.wav,DataSED - DataSED - Dataset for Sound Event Detection of environmental noise/SED_wav/S-0317.npy,3e555543719388c1e2ce4e61d0b0c02317ec0cb26f1c032589f4602abcf63512,09e202984b0069fbd1ead2010e7e948538fca2aa2113f8f7fac372ab49a9a927,64,1401,bbf5188fb61e44e59fba46cebd26aab9371508748b9185ae1d3222c9cbaabffa
datased:DataSED - DataSED - Dataset for Sound Event Detection of environmental noise/SED_wav/S-0318.wav,DataSED - DataSED - Dataset for Sound Event Detection of environmental noise/SED_wav/S-0318.wav,DataSED - DataSED - Dataset for Sound Event Detection of environmental noise/SED_wav/S-0318.npy,5a89eea60c64935ca1b45f4e5db3be50d731aeaee5217468b9f008a07cb1bf32,bc5904b963448d008a028b5c54261ae16a01041fbfa5efaaf9540917208bf2fc,64,8830,bbf5188fb61e44e59fba46cebd26aab9371508748b9185ae1d3222c9cbaabffa
datased:DataSED - DataSED - Dataset for Sound Event Detection of environmental noise/SED_wav/S-0319.wav,DataSED - DataSED - Dataset for Sound Event Detection of environmental noise/SED_wav/S-0319.wav,DataSED - DataSED - Dataset for Sound Event Detection of environmental noise/SED_wav/S-0319.npy,3ea02f203686eff42f534e20959ade6e00f63df07d110a6d101d02d2fb23da6c,03f0f71f4e5cc444049dabeccad7b4c1e0adfbf129a81f5b7ba6d420dc749307,64,5872,bbf5188fb61e44e59fba46cebd26aab9371508748b9185ae1d3222c9cbaabffa
datased:DataSED - DataSED - Dataset for Sound Event Detection of environmental noise/SED_wav/S-0320.wav,DataSED - DataSED - Dataset for Sound Event Detection of environmental noise/SED_wav/S-0320.wav,DataSED - DataSED - Dataset for Sound Event Detection of environmental noise/SED_wav/S-0320.npy,9dc6426b78fee0b9be3007374299a83853f18d873f8388017164d28d5d6de21d,592e5fc2cb82c8704fc7316bd04719290449570c53e6f8556261257644b3bc21,64,2988,bbf5188fb61e44e59fba46cebd26aab9371508748b9185ae1d3222c9cbaabffa
datased:DataSED - DataSED - Dataset for Sound Event Detection of environmental noise/SED_wav/S-0321.wav,DataSED - DataSED - Dataset for Sound Event Detection of environmental noise/SED_wav/S-0321.wav,DataSED - DataSED - Dataset for Sound Event Detection of environmental noise/SED_wav/S-0321.npy,9d568b4197f5becd79f68b7292e9b00945b378968cf7a73fe06780c9900fcbf6,726523ac938ca8e9a508bfd8798a4cd60cc178587a7f1abc93701879fd9ccadf,64,19251,bbf5188fb61e44e59fba46cebd26aab9371508748b9185ae1d3222c9cbaabffa
datased:DataSED - DataSED - Dataset for Sound Event Detection of environmental noise/SED_wav/S-0322.wav,DataSED - DataSED - Dataset for Sound Event Detection of environmental noise/SED_wav/S-0322.wav,DataSED - DataSED - Dataset for Sound Event Detection of environmental noise/SED_wav/S-0322.npy,9c776abd5cf5ff5fb39c0886efd38ea8d82c8106dd9e22dbf8349bbc7a467838,77b2c00477d45ab5da646503c3c1546ab1d0c05dc24ff3d2703e80f2bb0558c6,64,25553,bbf5188fb61e44e59fba46cebd26aab9371508748b9185ae1d3222c9cbaabffa
datased:DataSED - DataSED - Dataset for Sound Event Detection of environmental noise/SED_wav/S-0323.wav,DataSED - DataSED - Dataset for Sound Event Detection of environmental noise/SED_wav/S-0323.wav,DataSED - DataSED - Dataset for Sound Event Detection of environmental noise/SED_wav/S-0323.npy,b95ad8dcdc4202a9106357c7d0baca5d477affc74e5f40e9c698a92c1ea12f85,7dabb80db2b0270d852ca5b0b0b4180190d14f7a90977d703660e7d199cb5aab,64,6185,bbf5188fb61e44e59fba46cebd26aab9371508748b9185ae1d3222c9cbaabffa
datased:DataSED - DataSED - Dataset for Sound Event Detection of environmental noise/SED_wav/S-0324.wav,DataSED - DataSED - Dataset for Sound Event Detection of environmental noise/SED_wav/S-0324.wav,DataSED - DataSED - Dataset for Sound Event Detection of environmental noise/SED_wav/S-0324.npy,50be2aec9914c9d1a179f322e4d8dd367a121102899e850e276a229834b9de15,4272a2bb6f2a125559deaeb19745b1b64f75d8712aef4f0e4b817eef0e6dcc9d,64,2512,bbf5188fb61e44e59fba46cebd26aab9371508748b9185ae1d3222c9cbaabffa
datased:DataSED - DataSED - Dataset for Sound Event Detection of environmental noise/SED_wav/S-0325.wav,DataSED - DataSED - Dataset for Sound Event Detection of environmental noise/SED_wav/S-0325.wav,DataSED - DataSED - Dataset for Sound Event Detection of environmental noise/SED_wav/S-0325.npy,b03d3f10c1765350f74bf94de776b56902412c7053eeea0e7073a81b9491a8e2,f6888d196d8d22ee91121cf57f52f390803d2288bfa27a4cfc39241742f72ba1,64,15204,bbf5188fb61e44e59fba46cebd26aab9371508748b9185ae1d3222c9cbaabffa
datased:DataSED - DataSED - Dataset for Sound Event Detection of environmental noise/SED_wav/S-0326.wav,DataSED - DataSED - Dataset for Sound Event Detection of environmental noise/SED_wav/S-0326.wav,DataSED - DataSED - Dataset for Sound Event Detection of environmental noise/SED_wav/S-0326.npy,6ef7cb7b413d8833e28bc44751b5ead147657bfa8e6c81195c6fae71bb4db993,069f084f263331732a25580ccd672ca57d848affa1eb1b5d7197325c52a6fd9e,64,1870,bbf5188fb61e44e59fba46cebd26aab9371508748b9185ae1d3222c9cbaabffa
datased:DataSED - DataSED - Dataset for Sound Event Detection of environmental noise/SED_wav/S-0327.wav,DataSED - DataSED - Dataset for Sound Event Detection of environmental noise/SED_wav/S-0327.wav,DataSED - DataSED - Dataset for Sound Event Detection of environmental noise/SED_wav/S-0327.npy,ca2b1fd69bcd1875d00bb03ff83e130a98968b3cd65feee7bd73a10f82edfec9,2e3db7bd6842aed644c6c58ba7b0b32f1bc6242306c2d44a346999383398af5c,64,17143,bbf5188fb61e44e59fba46cebd26aab9371508748b9185ae1d3222c9cbaabffa
datased:DataSED - DataSED - Dataset for Sound Event Detection of environmental noise/SED_wav/S-0328.wav,DataSED - DataSED - Dataset for Sound Event Detection of environmental noise/SED_wav/S-0328.wav,DataSED - DataSED - Dataset for Sound Event Detection of environmental noise/SED_wav/S-0328.npy,2b515aa88b51a5d9d0cf45913d9ad05f7a8f00e564dcb41efaf8b177e43c7787,32d683fa88a1a5a4159d773b5cdcbf8a58fefe84a9450ee8284afef0f8bf6d80,64,3918,bbf5188fb61e44e59fba46cebd26aab9371508748b9185ae1d3222c9cbaabffa
datased:DataSED - DataSED - Dataset for Sound Event Detection of environmental noise/SED_wav/S-0329.wav,DataSED - DataSED - Dataset for Sound Event Detection of environmental noise/SED_wav/S-0329.wav,DataSED - DataSED - Dataset for Sound Event Detection of environmental noise/SED_wav/S-0329.npy,5e7227661865ac8942dfc3d79babe06f89b344d0eac22029949204f3406bf971,ae734627c1d1b39873241a5b456d6d1782befcff6f6860a3b081fa747636aeaa,64,7403,bbf5188fb61e44e59fba46cebd26aab9371508748b9185ae1d3222c9cbaabffa
datased:DataSED - DataSED - Dataset for Sound Event Detection of environmental noise/SED_wav/S-0330.wav,DataSED - DataSED - Dataset for Sound Event Detection of environmental noise/SED_wav/S-0330.wav,DataSED - DataSED - Dataset for Sound Event Detection of environmental noise/SED_wav/S-0330.npy,c31000bf079e0a29d6f6be5a0f181c55d8a70f844a0c4df246005b1101d39c04,09cfba0266efbd3b4f96022101b43376ace201fa15ee08497ef50d079655526f,64,10510,bbf5188fb61e44e59fba46cebd26aab9371508748b9185ae1d3222c9cbaabffa
datased:DataSED - DataSED - Dataset for Sound Event Detection of environmental noise/SED_wav/S-0331.wav,DataSED - DataSED - Dataset for Sound Event Detection of environmental noise/SED_wav/S-0331.wav,DataSED - DataSED - Dataset for Sound Event Detection of environmental noise/SED_wav/S-0331.npy,735536aa486f284325dee97b1845b066b02201641d11e98986e386b902f0e520,d25a98df70b8991edf5958215bc8bcb7549d8f11756293453c1d71f63b7144ec,64,6547,bbf5188fb61e44e59fba46cebd26aab9371508748b9185ae1d3222c9cbaabffa
datased:DataSED - DataSED - Dataset for Sound Event Detection of environmental noise/SED_wav/S-0332.wav,DataSED - DataSED - Dataset for Sound Event Detection of environmental noise/SED_wav/S-0332.wav,DataSED - DataSED - Dataset for Sound Event Detection of environmental noise/SED_wav/S-0332.npy,c068a9fc8e698fe46ac7b061195860d9ec4d1a7e4f4388a9a85b81b0c77d92a0,9e6608980a5fb89a48d55e5b814dfa3688421c838d538154cf2a04db124289a2,64,9831,bbf5188fb61e44e59fba46cebd26aab9371508748b9185ae1d3222c9cbaabffa
datased:DataSED - DataSED - Dataset for Sound Event Detection of environmental noise/SED_wav/S-0333.wav,DataSED - DataSED - Dataset for Sound Event Detection of environmental noise/SED_wav/S-0333.wav,DataSED - DataSED - Dataset for Sound Event Detection of environmental noise/SED_wav/S-0333.npy,70af591e1718c52aea1ce9999adb0c0f48a034760a9283e3022667d40b86b521,1bb5db4ed7bf8ee2977b8c8ffcf1fd2a40bef07c93dc154fcd28e2bc5d7fb626,64,10578,bbf5188fb61e44e59fba46cebd26aab9371508748b9185ae1d3222c9cbaabffa
datased:DataSED - DataSED - Dataset for Sound Event Detection of environmental noise/SED_wav/S-0334.wav,DataSED - DataSED - Dataset for Sound Event Detection of environmental noise/SED_wav/S-0334.wav,DataSED - DataSED - Dataset for Sound Event Detection of environmental noise/SED_wav/S-0334.npy,b2540590d552e1d0b9b07602d1588b71032b931008bc998c8ddbb152e8da3932,b74dd06c4c555b9423f4805e6ad7f510abafbafc8750b32fbd99f9ad7a60d915,64,4301,bbf5188fb61e44e59fba46cebd26aab9371508748b9185ae1d3222c9cbaabffa
datased:DataSED - DataSED - Dataset for Sound Event Detection of environmental noise/SED_wav/S-0335.wav,DataSED - DataSED - Dataset for Sound Event Detection of environmental noise/SED_wav/S-0335.wav,DataSED - DataSED - Dataset for Sound Event Detection of environmental noise/SED_wav/S-0335.npy,f4d7c8c4fef3a877f357ef0206edf2cbb8e5f7d3923d8da9a14268b8eda19911,a37ca23494071c6673239394b6ce9845757a1491f999e63756596eb8e77b6094,64,2441,bbf5188fb61e44e59fba46cebd26aab9371508748b9185ae1d3222c9cbaabffa
datased:DataSED - DataSED - Dataset for Sound Event Detection of environmental noise/SED_wav/S-0336.wav,DataSED - DataSED - Dataset for Sound Event Detection of environmental noise/SED_wav/S-0336.wav,DataSED - DataSED - Dataset for Sound Event Detection of environmental noise/SED_wav/S-0336.npy,2dee7345fe38abbe5321b45f216ed3e48b0e07689974959e1f007b16b4befeb4,14fa078b9957c95fe178c4966736e81405589fedafb9068dbb1eb8d77aa61068,64,13352,bbf5188fb61e44e59fba46cebd26aab9371508748b9185ae1d3222c9cbaabffa
datased:DataSED - DataSED - Dataset for Sound Event Detection of environmental noise/SED_wav/S-0337.wav,DataSED - DataSED - Dataset for Sound Event Detection of environmental noise/SED_wav/S-0337.wav,DataSED - DataSED - Dataset for Sound Event Detection of environmental noise/SED_wav/S-0337.npy,e1242bae4c62b4a85f4a1afd90c2c72be452af3ba9bf5dac2f077f99ab76e538,f7e9a825afa1f8d0287ef33386e664b2d18fb48b4e44194c223cf74bc0cc53e6,64,5080,bbf5188fb61e44e59fba46cebd26aab9371508748b9185ae1d3222c9cbaabffa
datased:DataSED - DataSED - Dataset for Sound Event Detection of environmental noise/SED_wav/S-0338.wav,DataSED - DataSED - Dataset for Sound Event Detection of environmental noise/SED_wav/S-0338.wav,DataSED - DataSED - Dataset for Sound Event Detection of environmental noise/SED_wav/S-0338.npy,80502f6d79e9067a3eebad2d790218339e680a52a967b34333a34f763c1c09e9,0b861ed4d6eb1294ffd557d36590f03808603742ade899607a8ffb534fbfff5b,64,4431,bbf5188fb61e44e59fba46cebd26aab9371508748b9185ae1d3222c9cbaabffa
datased:DataSED - DataSED - Dataset for Sound Event Detection of environmental noise/SED_wav/S-0339.wav,DataSED - DataSED - Dataset for Sound Event Detection of environmental noise/SED_wav/S-0339.wav,DataSED - DataSED - Dataset for Sound Event Detection of environmental noise/SED_wav/S-0339.npy,d0cd56dc0e7aecbecdf0ae18a41c632db97ccc6bc9a70844e5f18dcb9c0dd7be,1f5fac599213101d4fd7b53b1df00c9d07804fdc632d37d9067d4728f28c3911,64,14901,bbf5188fb61e44e59fba46cebd26aab9371508748b9185ae1d3222c9cbaabffa
datased:DataSED - DataSED - Dataset for Sound Event Detection of environmental noise/SED_wav/S-0340.wav,DataSED - DataSED - Dataset for Sound Event Detection of environmental noise/SED_wav/S-0340.wav,DataSED - DataSED - Dataset for Sound Event Detection of environmental noise/SED_wav/S-0340.npy,14c6cd46705567164530fd1654952639100e3f95fc7b4982c79643d594c61ac1,c727f9e3c742000ade3c9ecf26dd5c3666912203067e2331fee3c1899e74f30a,64,2767,bbf5188fb61e44e59fba46cebd26aab9371508748b9185ae1d3222c9cbaabffa
datased:DataSED - DataSED - Dataset for Sound Event Detection of environmental noise/SED_wav/S-0341.wav,DataSED - DataSED - Dataset for Sound Event Detection of environmental noise/SED_wav/S-0341.wav,DataSED - DataSED - Dataset for Sound Event Detection of environmental noise/SED_wav/S-0341.npy,4624ef79e108192bca52550aad01a076782e28ecf20d3a57ab225bcad3267171,cb7e860e03c05bd6cabeebebd12f26374cb764b1a7d7dabb19f8aa842624d628,64,6254,bbf5188fb61e44e59fba46cebd26aab9371508748b9185ae1d3222c9cbaabffa
datased:DataSED - DataSED - Dataset for Sound Event Detection of environmental noise/SED_wav/S-0342.wav,DataSED - DataSED - Dataset for Sound Event Detection of environmental noise/SED_wav/S-0342.wav,DataSED - DataSED - Dataset for Sound Event Detection of environmental noise/SED_wav/S-0342.npy,62d79c03087880fcb6c2d9e1b1064fcdb513dbc880ca6ece0a8b8940b21a4c22,201d965ff4d22a33b90a970fe74490fee00edccabd8cf5452e9802628108b1c5,64,19302,bbf5188fb61e44e59fba46cebd26aab9371508748b9185ae1d3222c9cbaabffa
datased:DataSED - DataSED - Dataset for Sound Event Detection of environmental noise/SED_wav/S-0343.wav,DataSED - DataSED - Dataset for Sound Event Detection of environmental noise/SED_wav/S-0343.wav,DataSED - DataSED - Dataset for Sound Event Detection of environmental noise/SED_wav/S-0343.npy,e1ba3227e498640343c683344e9d38492db6a0b01b2b26bb8505b901a5c1e74b,74fdb7f28d82f83c9b598e7e80965f85084112d01a270e8404158a61d1cbfdc3,64,1953,bbf5188fb61e44e59fba46cebd26aab9371508748b9185ae1d3222c9cbaabffa
datased:DataSED - DataSED - Dataset for Sound Event Detection of environmental noise/SED_wav/S-0344.wav,DataSED - DataSED - Dataset for Sound Event Detection of environmental noise/SED_wav/S-0344.wav,DataSED - DataSED - Dataset for Sound Event Detection of environmental noise/SED_wav/S-0344.npy,07d7aaf98ab936cd80c07069656bc9e11fe61a23c41e32a2b827b082e45922c6,02fff8fe7fcc0133ccd42cb169e1df77d4bb905edad002218cba4d43e78942f5,64,2221,bbf5188fb61e44e59fba46cebd26aab9371508748b9185ae1d3222c9cbaabffa
datased:DataSED - DataSED - Dataset for Sound Event Detection of environmental noise/SED_wav/S-0345.wav,DataSED - DataSED - Dataset for Sound Event Detection of environmental noise/SED_wav/S-0345.wav,DataSED - DataSED - Dataset for Sound Event Detection of environmental noise/SED_wav/S-0345.npy,2d67bc1a992c70cbe7f1aadbdfb9e630483358cc00aef457c215d102b869897b,a17f47256a6a549529c80f10903c3cae11b966608d751ef6deaa6846d9ab9af3,64,3897,bbf5188fb61e44e59fba46cebd26aab9371508748b9185ae1d3222c9cbaabffa
datased:DataSED - DataSED - Dataset for Sound Event Detection of environmental noise/SED_wav/S-0346.wav,DataSED - DataSED - Dataset for Sound Event Detection of environmental noise/SED_wav/S-0346.wav,DataSED - DataSED - Dataset for Sound Event Detection of environmental noise/SED_wav/S-0346.npy,f8598546e389dd9418eee5dcefaa7f60d35b1ffbf4dd27f8f84d6396f46d857f,4c6e99127bf80bf70ea7ae2d4c6ed0810605bcc8df41837b32f08e2676d4dadd,64,4219,bbf5188fb61e44e59fba46cebd26aab9371508748b9185ae1d3222c9cbaabffa
datased:DataSED - DataSED - Dataset for Sound Event Detection of environmental noise/SED_wav/S-0347.wav,DataSED - DataSED - Dataset for Sound Event Detection of environmental noise/SED_wav/S-0347.wav,DataSED - DataSED - Dataset for Sound Event Detection of environmental noise/SED_wav/S-0347.npy,bb10ea37cf07025671216e256cb9dd39b5770513cb5635332c494a7a6d75b20b,b62fe5e35172a361307b726a0aa3b3c54e6cd4b89b29aaf3e41ae5fff21feeef,64,17693,bbf5188fb61e44e59fba46cebd26aab9371508748b9185ae1d3222c9cbaabffa
datased:DataSED - DataSED - Dataset for Sound Event Detection of environmental noise/SED_wav/S-0348.wav,DataSED - DataSED - Dataset for Sound Event Detection of environmental noise/SED_wav/S-0348.wav,DataSED - DataSED - Dataset for Sound Event Detection of environmental noise/SED_wav/S-0348.npy,86f7f1f8d5bd750ab47307ff45a1fd14b24507f5cecbe1d08587df6b32456eba,a9aca3a47bc226197749228e2b489776c12d7ddab6d3b95bda58fd33576302e9,64,2275,bbf5188fb61e44e59fba46cebd26aab9371508748b9185ae1d3222c9cbaabffa
datased:DataSED - DataSED - Dataset for Sound Event Detection of environmental noise/SED_wav/S-0349.wav,DataSED - DataSED - Dataset for Sound Event Detection of environmental noise/SED_wav/S-0349.wav,DataSED - DataSED - Dataset for Sound Event Detection of environmental noise/SED_wav/S-0349.npy,03c1e5e77727cc7e2f37888acfc4127980cf679e39072f3afa91210f9d339e38,2c1585e80f94b1472d9f443765f589294bfc17918fd18aab8d8698b046f258c5,64,8624,bbf5188fb61e44e59fba46cebd26aab9371508748b9185ae1d3222c9cbaabffa
datased:DataSED - DataSED - Dataset for Sound Event Detection of environmental noise/SED_wav/S-0350.wav,DataSED - DataSED - Dataset for Sound Event Detection of environmental noise/SED_wav/S-0350.wav,DataSED - DataSED - Dataset for Sound Event Detection of environmental noise/SED_wav/S-0350.npy,0232c293d6b29a3d722ae2b589027e5a2b82696c158b95077fc6fd2cdef0d60f,e5e6a91c1beaa9976ec0474c7825cdafdd7aa802f42e68eef519d1629d4c5653,64,17162,bbf5188fb61e44e59fba46cebd26aab9371508748b9185ae1d3222c9cbaabffa
datased:DataSED - DataSED - Dataset for Sound Event Detection of environmental noise/SED_wav/S-0351.wav,DataSED - DataSED - Dataset for Sound Event Detection of environmental noise/SED_wav/S-0351.wav,DataSED - DataSED - Dataset for Sound Event Detection of environmental noise/SED_wav/S-0351.npy,8ddbbec5b2be4935a3d397698b76b304cda97cd6547749c71d008fe815e57ad6,d6ef5c35470ee7310e00a277217f9f7ff7087d06b2842123dff29056804fb5a3,64,13121,bbf5188fb61e44e59fba46cebd26aab9371508748b9185ae1d3222c9cbaabffa
datased:DataSED - DataSED - Dataset for Sound Event Detection of environmental noise/SED_wav/S-0352.wav,DataSED - DataSED - Dataset for Sound Event Detection of environmental noise/SED_wav/S-0352.wav,DataSED - DataSED - Dataset for Sound Event Detection of environmental noise/SED_wav/S-0352.npy,b822ed44ae26835b3eee4e2cfa2acde4e4c7edd02a1d6c32b153cc8335220ead,b75c974468b0406b7b2d4c0b8b8e16bf48dfef31be012bb0331ed3cb44bfb4a6,64,1113,bbf5188fb61e44e59fba46cebd26aab9371508748b9185ae1d3222c9cbaabffa
datased:DataSED - DataSED - Dataset for Sound Event Detection of environmental noise/SED_wav/S-0353.wav,DataSED - DataSED - Dataset for Sound Event Detection of environmental noise/SED_wav/S-0353.wav,DataSED - DataSED - Dataset for Sound Event Detection of environmental noise/SED_wav/S-0353.npy,27d393e213a8428884fe0d4182758cabbc1dd396d9cbf888b97becdfc61c7061,b04ea1a206a730bce0c5a50b887b69a23d02027bf8e40b184e900afc2455115f,64,3151,bbf5188fb61e44e59fba46cebd26aab9371508748b9185ae1d3222c9cbaabffa
datased:DataSED - DataSED - Dataset for Sound Event Detection of environmental noise/SED_wav/S-0354.wav,DataSED - DataSED - Dataset for Sound Event Detection of environmental noise/SED_wav/S-0354.wav,DataSED - DataSED - Dataset for Sound Event Detection of environmental noise/SED_wav/S-0354.npy,f2ff8dc9242b80fcfa982eeda70502bc987c3ed8768eda0c913a3f9b1d590b26,5dedc41dcca8d2af93b2153968ff5c0c2c8c03ce16d72d76c5d1ab4b3cf0d288,64,2507,bbf5188fb61e44e59fba46cebd26aab9371508748b9185ae1d3222c9cbaabffa
datased:DataSED - DataSED - Dataset for Sound Event Detection of environmental noise/SED_wav/S-0355.wav,DataSED - DataSED - Dataset for Sound Event Detection of environmental noise/SED_wav/S-0355.wav,DataSED - DataSED - Dataset for Sound Event Detection of environmental noise/SED_wav/S-0355.npy,2044f5ac818a3a8e811b600c3182e41232108eaa48093ba4f7bf2c845e49e9a6,b52abda544bfd9dd80dafc376c52d4e8fcc98532bc14d6671f1dca9a0a7b212e,64,10573,bbf5188fb61e44e59fba46cebd26aab9371508748b9185ae1d3222c9cbaabffa
datased:DataSED - DataSED - Dataset for Sound Event Detection of environmental noise/SED_wav/S-0356.wav,DataSED - DataSED - Dataset for Sound Event Detection of environmental noise/SED_wav/S-0356.wav,DataSED - DataSED - Dataset for Sound Event Detection of environmental noise/SED_wav/S-0356.npy,5563422b2d58f16ff812a0856b4331e88101660939bfc0ea3a664eef0ec67abc,dafb0af7eb362fe6816535f9e42bb207c42d4115bd7ce205287c75d12bbbcb3e,64,15639,bbf5188fb61e44e59fba46cebd26aab9371508748b9185ae1d3222c9cbaabffa
datased:DataSED - DataSED - Dataset for Sound Event Detection of environmental noise/SED_wav/S-0357.wav,DataSED - DataSED - Dataset for Sound Event Detection of environmental noise/SED_wav/S-0357.wav,DataSED - DataSED - Dataset for Sound Event Detection of environmental noise/SED_wav/S-0357.npy,280f2faa287712eab70002f37d93eb04b09bda740c13bfbe9a1cf1fe36faeafe,92efdd42c9d652ea56408bf9f80f12b698e3a0ebe9a8f778d9ac98da93ba1e23,64,3497,bbf5188fb61e44e59fba46cebd26aab9371508748b9185ae1d3222c9cbaabffa
datased:DataSED - DataSED - Dataset for Sound Event Detection of environmental noise/SED_wav/S-0358.wav,DataSED - DataSED - Dataset for Sound Event Detection of environmental noise/SED_wav/S-0358.wav,DataSED - DataSED - Dataset for Sound Event Detection of environmental noise/SED_wav/S-0358.npy,09548f630d308712c5806b3494d0a5c6209329a71460604832d9c3c1194ac3e0,0daf3ff5f5126653677fa3b932f12acecffc73d7c31cdfcb749862bb6e0684c3,64,11270,bbf5188fb61e44e59fba46cebd26aab9371508748b9185ae1d3222c9cbaabffa
datased:DataSED - DataSED - Dataset for Sound Event Detection of environmental noise/SED_wav/S-0359.wav,DataSED - DataSED - Dataset for Sound Event Detection of environmental noise/SED_wav/S-0359.wav,DataSED - DataSED - Dataset for Sound Event Detection of environmental noise/SED_wav/S-0359.npy,3dbdf2ef1157d32e53e45e1536646b54681cffa65beaa4d1757083e00f732cfa,c8f7ee04c8369c7a90facfdaf4c2f22cc09a70c8825c95094570eb4614fefd91,64,10730,bbf5188fb61e44e59fba46cebd26aab9371508748b9185ae1d3222c9cbaabffa
datased:DataSED - DataSED - Dataset for Sound Event Detection of environmental noise/SED_wav/S-0360.wav,DataSED - DataSED - Dataset for Sound Event Detection of environmental noise/SED_wav/S-0360.wav,DataSED - DataSED - Dataset for Sound Event Detection of environmental noise/SED_wav/S-0360.npy,a7b9d4ffc1c579b28a5e8b40f150723078575cdbccc84e99389350d886a87a51,034f8c5e4b301099385503fc69e0f9e7e44561144d47cff6c69f784e0520dfcd,64,2305,bbf5188fb61e44e59fba46cebd26aab9371508748b9185ae1d3222c9cbaabffa
datased:DataSED - DataSED - Dataset for Sound Event Detection of environmental noise/SED_wav/S-0361.wav,DataSED - DataSED - Dataset for Sound Event Detection of environmental noise/SED_wav/S-0361.wav,DataSED - DataSED - Dataset for Sound Event Detection of environmental noise/SED_wav/S-0361.npy,83cb57974a855704f5a94d9f935fef921728fb8eaa64ea93c0db8f5e84fb6f53,d5c703027ca30b726645dc7b9921a368eca97f5db402eceaaff173f85bf92a69,64,6831,bbf5188fb61e44e59fba46cebd26aab9371508748b9185ae1d3222c9cbaabffa
datased:DataSED - DataSED - Dataset for Sound Event Detection of environmental noise/SED_wav/S-0362.wav,DataSED - DataSED - Dataset for Sound Event Detection of environmental noise/SED_wav/S-0362.wav,DataSED - DataSED - Dataset for Sound Event Detection of environmental noise/SED_wav/S-0362.npy,4b468d2735123445c6730e5e4f43cc843d915e7ab27af2017d2ce598c217534b,aafb3b8c572f2db108991c3457888ccf283520494b72dfa9308e03242318f784,64,3894,bbf5188fb61e44e59fba46cebd26aab9371508748b9185ae1d3222c9cbaabffa
datased:DataSED - DataSED - Dataset for Sound Event Detection of environmental noise/SED_wav/S-0363.wav,DataSED - DataSED - Dataset for Sound Event Detection of environmental noise/SED_wav/S-0363.wav,DataSED - DataSED - Dataset for Sound Event Detection of environmental noise/SED_wav/S-0363.npy,6205a8f192c3817165c4bc580f91455e6b308b218706825b01fe7daadcb5a84c,20d99aa43645b57931e09ec23de206e2aa98d7c6c3756b1a49edf9eee45204ea,64,10239,bbf5188fb61e44e59fba46cebd26aab9371508748b9185ae1d3222c9cbaabffa
datased:DataSED - DataSED - Dataset for Sound Event Detection of environmental noise/SED_wav/S-0364.wav,DataSED - DataSED - Dataset for Sound Event Detection of environmental noise/SED_wav/S-0364.wav,DataSED - DataSED - Dataset for Sound Event Detection of environmental noise/SED_wav/S-0364.npy,a25efa8582c6e9d21aae813781d7729e030586d97d9dcc689c331f91d3a8b431,5bfb54af8f2d7f7b52398956999d447d42aad65a8e5e3c6c11ecef126e2e9d3c,64,10897,bbf5188fb61e44e59fba46cebd26aab9371508748b9185ae1d3222c9cbaabffa
datased:DataSED - DataSED - Dataset for Sound Event Detection of environmental noise/SED_wav/S-0365.wav,DataSED - DataSED - Dataset for Sound Event Detection of environmental noise/SED_wav/S-0365.wav,DataSED - DataSED - Dataset for Sound Event Detection of environmental noise/SED_wav/S-0365.npy,427d13a74b887bffacf823326aaa66ab2328fc2f3d1bbf712a9921986884b822,f323c9e03ec75cf4294104530190e9919caa6a588e5f47b8f9b18c194fcbff62,64,3155,bbf5188fb61e44e59fba46cebd26aab9371508748b9185ae1d3222c9cbaabffa
datased:DataSED - DataSED - Dataset for Sound Event Detection of environmental noise/SED_wav/S-0366.wav,DataSED - DataSED - Dataset for Sound Event Detection of environmental noise/SED_wav/S-0366.wav,DataSED - DataSED - Dataset for Sound Event Detection of environmental noise/SED_wav/S-0366.npy,3a073eb003eec2807bbe08d9239671180df5686c0f02e4e9dd63801e06cbc6cf,105693262a2e9c23f6f3d833d24744fb2add7f52831593a1667f4f1b10561616,64,16855,bbf5188fb61e44e59fba46cebd26aab9371508748b9185ae1d3222c9cbaabffa
datased:DataSED - DataSED - Dataset for Sound Event Detection of environmental noise/SED_wav/S-0367.wav,DataSED - DataSED - Dataset for Sound Event Detection of environmental noise/SED_wav/S-0367.wav,DataSED - DataSED - Dataset for Sound Event Detection of environmental noise/SED_wav/S-0367.npy,2ec52a66e33d1044a47dae6beecc7c22a8348d857d98d3b28f543d3e55ee6186,dd877507ffbf926e78a602ec71c221e0715b26d0784285a61b922d815b4f465b,64,7048,bbf5188fb61e44e59fba46cebd26aab9371508748b9185ae1d3222c9cbaabffa
datased:DataSED - DataSED - Dataset for Sound Event Detection of environmental noise/SED_wav/S-0368.wav,DataSED - DataSED - Dataset for Sound Event Detection of environmental noise/SED_wav/S-0368.wav,DataSED - DataSED - Dataset for Sound Event Detection of environmental noise/SED_wav/S-0368.npy,cd79e893a3ec5c41ad25e251f818c86c4909409e524023c937fc3405e2b5cb50,90b377bb7acfc8704ff849a84410a1a1e1ece79878848e460652a3d51653e181,64,1520,bbf5188fb61e44e59fba46cebd26aab9371508748b9185ae1d3222c9cbaabffa
datased:DataSED - DataSED - Dataset for Sound Event Detection of environmental noise/SED_wav/S-0369.wav,DataSED - DataSED - Dataset for Sound Event Detection of environmental noise/SED_wav/S-0369.wav,DataSED - DataSED - Dataset for Sound Event Detection of environmental noise/SED_wav/S-0369.npy,b4b7e977f65dadf632a7ae2dfec84145bd91b8281e3c9aed4c5da9d531122922,b4bd78bd2e04c2553d30338560ffd01df3d917fa81c42770d1359ff68757ff59,64,3113,bbf5188fb61e44e59fba46cebd26aab9371508748b9185ae1d3222c9cbaabffa
datased:DataSED - DataSED - Dataset for Sound Event Detection of environmental noise/SED_wav/S-0370.wav,DataSED - DataSED - Dataset for Sound Event Detection of environmental noise/SED_wav/S-0370.wav,DataSED - DataSED - Dataset for Sound Event Detection of environmental noise/SED_wav/S-0370.npy,ad3eedce16dab1753f03da09cc3a6a7f0ea92e0a5386645967e6e708a1c5b9b9,3b5bdb437b8a9a2289dcef345675c420f215f1d09d3ff61af61f70ad9755c839,64,8197,bbf5188fb61e44e59fba46cebd26aab9371508748b9185ae1d3222c9cbaabffa
datased:DataSED - DataSED - Dataset for Sound Event Detection of environmental noise/SED_wav/S-0371.wav,DataSED - DataSED - Dataset for Sound Event Detection of environmental noise/SED_wav/S-0371.wav,DataSED - DataSED - Dataset for Sound Event Detection of environmental noise/SED_wav/S-0371.npy,df507312a6888b225cf54798212f1f0faa082c94d643e8354b270dc3e881198d,376cd22be4c36fd6d026256958430bc3f5891b1c0b6e5f5a433f963d97298295,64,8565,bbf5188fb61e44e59fba46cebd26aab9371508748b9185ae1d3222c9cbaabffa
datased:DataSED - DataSED - Dataset for Sound Event Detection of environmental noise/SED_wav/S-0372.wav,DataSED - DataSED - Dataset for Sound Event Detection of environmental noise/SED_wav/S-0372.wav,DataSED - DataSED - Dataset for Sound Event Detection of environmental noise/SED_wav/S-0372.npy,cfdcb87c46c107d3f0ae234f079afba5e6f7d8057e0e84098190a2f6ed6c721c,ae4f0e743ca4071210cd8fd05d49341ccc8fe95bffdb476aa06b3131f0ac6e24,64,1493,bbf5188fb61e44e59fba46cebd26aab9371508748b9185ae1d3222c9cbaabffa
datased:DataSED - DataSED - Dataset for Sound Event Detection of environmental noise/SED_wav/S-0373.wav,DataSED - DataSED - Dataset for Sound Event Detection of environmental noise/SED_wav/S-0373.wav,DataSED - DataSED - Dataset for Sound Event Detection of environmental noise/SED_wav/S-0373.npy,024bb4dafc88903308c9006e13a83cd708c4b9c2ea1d647ef2e84adafb2b3df7,7ae96960b70ee4d8595f4d8267a2f7d01788595a1f5acc77cfc77a179cecfc00,64,1461,bbf5188fb61e44e59fba46cebd26aab9371508748b9185ae1d3222c9cbaabffa
datased:DataSED - DataSED - Dataset for Sound Event Detection of environmental noise/SED_wav/S-0374.wav,DataSED - DataSED - Dataset for Sound Event Detection of environmental noise/SED_wav/S-0374.wav,DataSED - DataSED - Dataset for Sound Event Detection of environmental noise/SED_wav/S-0374.npy,017ce8318af723407401c7b488c5c9646d06a7107140bc66befe409f5817b2df,05d808f1b274d9c14636268c2245e69823c12a355857f958b41188d5f44c51e8,64,1459,bbf5188fb61e44e59fba46cebd26aab9371508748b9185ae1d3222c9cbaabffa
datased:DataSED - DataSED - Dataset for Sound Event Detection of environmental noise/SED_wav/S-0375.wav,DataSED - DataSED - Dataset for Sound Event Detection of environmental noise/SED_wav/S-0375.wav,DataSED - DataSED - Dataset for Sound Event Detection of environmental noise/SED_wav/S-0375.npy,ccc7aab2d0ffbb80895aaa8fb5e93a4997ed085d5805422168ff36e90ca60644,e12e18b25474e1bd7e5659ab0c7a8e603eb175185309127d31f550f2e72abdc3,64,1547,bbf5188fb61e44e59fba46cebd26aab9371508748b9185ae1d3222c9cbaabffa
datased:DataSED - DataSED - Dataset for Sound Event Detection of environmental noise/SED_wav/S-0376.wav,DataSED - DataSED - Dataset for Sound Event Detection of environmental noise/SED_wav/S-0376.wav,DataSED - DataSED - Dataset for Sound Event Detection of environmental noise/SED_wav/S-0376.npy,6a2cb31013d53493f6bb08a786f418adc4e8fefa9c998971bf0b1ce59118af2d,15f11e8273b3da3a58e102b427b000669b1128b37ff4c1a45af06523cf87ba7c,64,336,bbf5188fb61e44e59fba46cebd26aab9371508748b9185ae1d3222c9cbaabffa
datased:DataSED - DataSED - Dataset for Sound Event Detection of environmental noise/SED_wav/S-0377.wav,DataSED - DataSED - Dataset for Sound Event Detection of environmental noise/SED_wav/S-0377.wav,DataSED - DataSED - Dataset for Sound Event Detection of environmental noise/SED_wav/S-0377.npy,8d5e4b5bc824411413c91b8af2e9cf5d8bb5dbb3564c679c5d3949261d868ad0,eff46117e42e104b3e9ce0b8211890322c30639a741a136126789c8262d6c88d,64,754,bbf5188fb61e44e59fba46cebd26aab9371508748b9185ae1d3222c9cbaabffa
datased:DataSED - DataSED - Dataset for Sound Event Detection of environmental noise/SED_wav/S-0378.wav,DataSED - DataSED - Dataset for Sound Event Detection of environmental noise/SED_wav/S-0378.wav,DataSED - DataSED - Dataset for Sound Event Detection of environmental noise/SED_wav/S-0378.npy,cfa74bcd621f07063895331f2119b8498ed61c4479a5df1e907c9af07fd58bb7,23675f0c9e4599bfc5323071a1a5d0258313f8481637f8792e69eb1b270b634a,64,230,bbf5188fb61e44e59fba46cebd26aab9371508748b9185ae1d3222c9cbaabffa
datased:DataSED - DataSED - Dataset for Sound Event Detection of environmental noise/SED_wav/S-0379.wav,DataSED - DataSED - Dataset for Sound Event Detection of environmental noise/SED_wav/S-0379.wav,DataSED - DataSED - Dataset for Sound Event Detection of environmental noise/SED_wav/S-0379.npy,bf3393af0d67dc8b1c15173a1587f416ff6e142911a35aac7979c1d0524c4fdc,353d3486a6010b3628ba78aa047ca4c78645e86fe1beb146b5774e40f783f920,64,423,bbf5188fb61e44e59fba46cebd26aab9371508748b9185ae1d3222c9cbaabffa
datased:DataSED - DataSED - Dataset for Sound Event Detection of environmental noise/SED_wav/S-0380.wav,DataSED - DataSED - Dataset for Sound Event Detection of environmental noise/SED_wav/S-0380.wav,DataSED - DataSED - Dataset for Sound Event Detection of environmental noise/SED_wav/S-0380.npy,61f948530daab13e52d6414325f41cc4b3d2132dca9ec7b0928d79a459d5784d,f4114033cd117c9973e06293ea06f38476e440bc4a9324db8a0a54c119b23baa,64,2459,bbf5188fb61e44e59fba46cebd26aab9371508748b9185ae1d3222c9cbaabffa
datased:DataSED - DataSED - Dataset for Sound Event Detection of environmental noise/SED_wav/S-0381.wav,DataSED - DataSED - Dataset for Sound Event Detection of environmental noise/SED_wav/S-0381.wav,DataSED - DataSED - Dataset for Sound Event Detection of environmental noise/SED_wav/S-0381.npy,98dfe6ebdfda08061ce0c5dfd60ef662180efa03ede3e97e7eb494b4cdb82861,e3fe7b5754e6a6d6a95a97dc5f4ae2fab8c0def4560ddbbe1b23465bc3025ecf,64,8601,bbf5188fb61e44e59fba46cebd26aab9371508748b9185ae1d3222c9cbaabffa
datased:DataSED - DataSED - Dataset for Sound Event Detection of environmental noise/SED_wav/S-0382.wav,DataSED - DataSED - Dataset for Sound Event Detection of environmental noise/SED_wav/S-0382.wav,DataSED - DataSED - Dataset for Sound Event Detection of environmental noise/SED_wav/S-0382.npy,0ab2f954b793624c55203eb7c364f7639977471380177ff5cb274dc75592fe4a,423d289ca40887cf2721521ab04340fd2a9c0b4e2694e33cd46bf9a728478296,64,11597,bbf5188fb61e44e59fba46cebd26aab9371508748b9185ae1d3222c9cbaabffa
datased:DataSED - DataSED - Dataset for Sound Event Detection of environmental noise/SED_wav/S-0383.wav,DataSED - DataSED - Dataset for Sound Event Detection of environmental noise/SED_wav/S-0383.wav,DataSED - DataSED - Dataset for Sound Event Detection of environmental noise/SED_wav/S-0383.npy,ae34c221fbf5a15ede5ca8fc549446826bd4e7160e2ebdd44f5033d06ec97bac,d93baf8b445450d514513455c4cb64005ff537a836d6d5432397eac666dfa085,64,449,bbf5188fb61e44e59fba46cebd26aab9371508748b9185ae1d3222c9cbaabffa
datased:DataSED - DataSED - Dataset for Sound Event Detection of environmental noise/SED_wav/S-0384.wav,DataSED - DataSED - Dataset for Sound Event Detection of environmental noise/SED_wav/S-0384.wav,DataSED - DataSED - Dataset for Sound Event Detection of environmental noise/SED_wav/S-0384.npy,e2f7df7d56be846f187fd401fbd8e0998f6ff56344986b4001a3c37fc4f0c5db,9966d44c203cd518180607893a7ba61122b8640e0228b63dac1a212b7434a184,64,10814,bbf5188fb61e44e59fba46cebd26aab9371508748b9185ae1d3222c9cbaabffa
datased:DataSED - DataSED - Dataset for Sound Event Detection of environmental noise/SED_wav/S-0385.wav,DataSED - DataSED - Dataset for Sound Event Detection of environmental noise/SED_wav/S-0385.wav,DataSED - DataSED - Dataset for Sound Event Detection of environmental noise/SED_wav/S-0385.npy,bf3cc252dbe64d97eab783cb03fc7d0a52ce498e74ed04bb24c2349319210074,e7fc0a35ac09294eb5d5172c6164b4966297c9864cc90dc03199681c90d866dd,64,10539,bbf5188fb61e44e59fba46cebd26aab9371508748b9185ae1d3222c9cbaabffa
datased:DataSED - DataSED - Dataset for Sound Event Detection of environmental noise/SED_wav/S-0386.wav,DataSED - DataSED - Dataset for Sound Event Detection of environmental noise/SED_wav/S-0386.wav,DataSED - DataSED - Dataset for Sound Event Detection of environmental noise/SED_wav/S-0386.npy,453c31bffcb5430af28b639cf80879f2bd58bd215ec61288e5bbe69dc013c8e8,7c0d582be53aee5c1428d802bc26b1354ab4c93f36ec5838386005ba0ac21e26,64,10642,bbf5188fb61e44e59fba46cebd26aab9371508748b9185ae1d3222c9cbaabffa
datased:DataSED - DataSED - Dataset for Sound Event Detection of environmental noise/SED_wav/S-0387.wav,DataSED - DataSED - Dataset for Sound Event Detection of environmental noise/SED_wav/S-0387.wav,DataSED - DataSED - Dataset for Sound Event Detection of environmental noise/SED_wav/S-0387.npy,1a19072a9eb18a68049d7784ce079099712005bd23658871b98fc2c3aa990710,796a10a57b1b007f59830f418d375bf71a896f6fda8bbdb95cff1b04084a274b,64,8643,bbf5188fb61e44e59fba46cebd26aab9371508748b9185ae1d3222c9cbaabffa
datased:DataSED - DataSED - Dataset for Sound Event Detection of environmental noise/SED_wav/S-0388.wav,DataSED - DataSED - Dataset for Sound Event Detection of environmental noise/SED_wav/S-0388.wav,DataSED - DataSED - Dataset for Sound Event Detection of environmental noise/SED_wav/S-0388.npy,53e61de0bdb13a99df7133ff3672f2fa1ef38e92fb1dc0360bea90bdad515a62,67443f5947f7da897cdc31dd1adbbf68aaef80670f5aeab25bfaf86bef63fae7,64,10731,bbf5188fb61e44e59fba46cebd26aab9371508748b9185ae1d3222c9cbaabffa
datased:DataSED - DataSED - Dataset for Sound Event Detection of environmental noise/SED_wav/S-0389.wav,DataSED - DataSED - Dataset for Sound Event Detection of environmental noise/SED_wav/S-0389.wav,DataSED - DataSED - Dataset for Sound Event Detection of environmental noise/SED_wav/S-0389.npy,77380e33523eb35ba7194f91df7d7ad84d71c9e6cf08256c5e52e756b2e2d21e,ee83df62b2514850c6795259a01e81b28089726e698013f303e66e9b7d800a73,64,5789,bbf5188fb61e44e59fba46cebd26aab9371508748b9185ae1d3222c9cbaabffa
datased:DataSED - DataSED - Dataset for Sound Event Detection of environmental noise/SED_wav/S-0390.wav,DataSED - DataSED - Dataset for Sound Event Detection of environmental noise/SED_wav/S-0390.wav,DataSED - DataSED - Dataset for Sound Event Detection of environmental noise/SED_wav/S-0390.npy,0161e2e603a6132ef95b375aadb3cbf33e10deb490fa5785f426972fed0b6ddb,a5d723ac901f344b0258aae0d0f22612fcb30735a7107b2c9b845c75675add24,64,1204,bbf5188fb61e44e59fba46cebd26aab9371508748b9185ae1d3222c9cbaabffa
datased:DataSED - DataSED - Dataset for Sound Event Detection of environmental noise/SED_wav/S-0391.wav,DataSED - DataSED - Dataset for Sound Event Detection of environmental noise/SED_wav/S-0391.wav,DataSED - DataSED - Dataset for Sound Event Detection of environmental noise/SED_wav/S-0391.npy,2bcdb6c9bb250b9cb8b7add5e9ba7dfd38512f02cf99511d510fd0be63029a7a,f63c2eca5fbcf8b9eb73b72880254b6703b174e6896e3383f4f5dd8ae11adf0a,64,587,bbf5188fb61e44e59fba46cebd26aab9371508748b9185ae1d3222c9cbaabffa
datased:DataSED - DataSED - Dataset for Sound Event Detection of environmental noise/SED_wav/S-0392.wav,DataSED - DataSED - Dataset for Sound Event Detection of environmental noise/SED_wav/S-0392.wav,DataSED - DataSED - Dataset for Sound Event Detection of environmental noise/SED_wav/S-0392.npy,f47764c5116db6df7706f52a6101174da03f6dcd15bb39401244eea9904ecf64,9335b76ee7567997fc366f99d43f8c23ff7f9eddc410f149719b4d26a032e1d5,64,8087,bbf5188fb61e44e59fba46cebd26aab9371508748b9185ae1d3222c9cbaabffa
datased:DataSED - DataSED - Dataset for Sound Event Detection of environmental noise/SED_wav/S-0393.wav,DataSED - DataSED - Dataset for Sound Event Detection of environmental noise/SED_wav/S-0393.wav,DataSED - DataSED - Dataset for Sound Event Detection of environmental noise/SED_wav/S-0393.npy,fbefeb02f31b0e8c62733cfb1c7355af058073b0c099eb0998d4c55d5b450e54,a856e4e737207e94e5bfb663e7aba223a722dc8f923c6281e71b6e9646388f2b,64,5173,bbf5188fb61e44e59fba46cebd26aab9371508748b9185ae1d3222c9cbaabffa
datased:DataSED - DataSED - Dataset for Sound Event Detection of environmental noise/SED_wav/S-0394.wav,DataSED - DataSED - Dataset for Sound Event Detection of environmental noise/SED_wav/S-0394.wav,DataSED - DataSED - Dataset for Sound Event Detection of environmental noise/SED_wav/S-0394.npy,05c35eb90a9706c31034b13e3a94bc6e8ffe09bda6c055859c2aa769abb25777,8c398c5b8b6ef1945b0c68010e757daecdb186493840a476b00e821876e1e23f,64,1294,bbf5188fb61e44e59fba46cebd26aab9371508748b9185ae1d3222c9cbaabffa
datased:DataSED - DataSED - Dataset for Sound Event Detection of environmental noise/SED_wav/S-0395.wav,DataSED - DataSED - Dataset for Sound Event Detection of environmental noise/SED_wav/S-0395.wav,DataSED - DataSED - Dataset for Sound Event Detection of environmental noise/SED_wav/S-0395.npy,2a1c33f8421f2520129ede32f2687fb290c34bdf21b73da7076aef0d95eb6579,c1aae78dc0adab058e9c853e328c8ad628dd3e535aecdfb74929a85f2bab3619,64,18506,bbf5188fb61e44e59fba46cebd26aab9371508748b9185ae1d3222c9cbaabffa
datased:DataSED - DataSED - Dataset for Sound Event Detection of environmental noise/SED_wav/S-0396.wav,DataSED - DataSED - Dataset for Sound Event Detection of environmental noise/SED_wav/S-0396.wav,DataSED - DataSED - Dataset for Sound Event Detection of environmental noise/SED_wav/S-0396.npy,105d27f315e3419e72066135e26e7f55aba85c5879d51a75a5c091c63a19c2db,709b0abcd4954173ffc3609979135e8d51363d9d2b93097e0823527a805c035f,64,21003,bbf5188fb61e44e59fba46cebd26aab9371508748b9185ae1d3222c9cbaabffa
datased:DataSED - DataSED - Dataset for Sound Event Detection of environmental noise/SED_wav/S-0397.wav,DataSED - DataSED - Dataset for Sound Event Detection of environmental noise/SED_wav/S-0397.wav,DataSED - DataSED - Dataset for Sound Event Detection of environmental noise/SED_wav/S-0397.npy,41e0a4b39905bc1f41603825fb467a73b246e31fb30f1316ba6e858d9f8ef18a,ef421bf4ef9129c1c0244ee9fc3ab52862c8822ebd1659127d0fe27f29dc0888,64,12448,bbf5188fb61e44e59fba46cebd26aab9371508748b9185ae1d3222c9cbaabffa
datased:DataSED - DataSED - Dataset for Sound Event Detection of environmental noise/SED_wav/S-0398.wav,DataSED - DataSED - Dataset for Sound Event Detection of environmental noise/SED_wav/S-0398.wav,DataSED - DataSED - Dataset for Sound Event Detection of environmental noise/SED_wav/S-0398.npy,098dddf24794b98607b1fd007188bb02df35054e72f4b1ecea17b7a0326c57a2,8ddf8aca4b799fafab152c1caa650c49478f746c4aadfbb3aab6a60bc9a53844,64,12546,bbf5188fb61e44e59fba46cebd26aab9371508748b9185ae1d3222c9cbaabffa
datased:DataSED - DataSED - Dataset for Sound Event Detection of environmental noise/SED_wav/S-0399.wav,DataSED - DataSED - Dataset for Sound Event Detection of environmental noise/SED_wav/S-0399.wav,DataSED - DataSED - Dataset for Sound Event Detection of environmental noise/SED_wav/S-0399.npy,ecd1a51165b7cc5aec4e7e16683027be9ca2581c4a408e4f58db15ab812793f7,7cbe712409051fedd180bcfd4b1107eb37a722d8053f14ab9509e165623d3699,64,20367,bbf5188fb61e44e59fba46cebd26aab9371508748b9185ae1d3222c9cbaabffa
datased:DataSED - DataSED - Dataset for Sound Event Detection of environmental noise/SED_wav/S-0400.wav,DataSED - DataSED - Dataset for Sound Event Detection of environmental noise/SED_wav/S-0400.wav,DataSED - DataSED - Dataset for Sound Event Detection of environmental noise/SED_wav/S-0400.npy,2b75e185b81d19ad1117fc898f79d01ed2fcce969137c50b0bd9ee69a334415b,81cd1af4260864df1fa75248772243e3fe8ad1bc1b47372b2a1314974c0787b2,64,12226,bbf5188fb61e44e59fba46cebd26aab9371508748b9185ae1d3222c9cbaabffa
datased:DataSED - DataSED - Dataset for Sound Event Detection of environmental noise/SED_wav/S-0401.wav,DataSED - DataSED - Dataset for Sound Event Detection of environmental noise/SED_wav/S-0401.wav,DataSED - DataSED - Dataset for Sound Event Detection of environmental noise/SED_wav/S-0401.npy,1afce0794c38b6358cec5c31e80066d1b56c3c8711db439aaacca87eb52acfed,564895384511df434a5e19d0ab76245dd5274d9bace7671e6050586838ffd5de,64,4746,bbf5188fb61e44e59fba46cebd26aab9371508748b9185ae1d3222c9cbaabffa
datased:DataSED - DataSED - Dataset for Sound Event Detection of environmental noise/SED_wav/S-0402.wav,DataSED - DataSED - Dataset for Sound Event Detection of environmental noise/SED_wav/S-0402.wav,DataSED - DataSED - Dataset for Sound Event Detection of environmental noise/SED_wav/S-0402.npy,e34a6c18b70a8a7cba92f347f3b923473450ca2f4984e68a3dc998b52b80bbcd,46ae3b395ee445dd4c8bb7dc8ec746ef1351afca1cb8bace21cd7293e3c129b9,64,10612,bbf5188fb61e44e59fba46cebd26aab9371508748b9185ae1d3222c9cbaabffa
datased:DataSED - DataSED - Dataset for Sound Event Detection of environmental noise/SED_wav/S-0403.wav,DataSED - DataSED - Dataset for Sound Event Detection of environmental noise/SED_wav/S-0403.wav,DataSED - DataSED - Dataset for Sound Event Detection of environmental noise/SED_wav/S-0403.npy,2b8c9961b8241d8c2c3906ef363f555e14e0882d08af3238cfd1745e8a1e8a09,ce4ab7818f3566573d828ffdc67d83e5d72f8632832fbf74c164792b0ac20764,64,8546,bbf5188fb61e44e59fba46cebd26aab9371508748b9185ae1d3222c9cbaabffa
datased:DataSED - DataSED - Dataset for Sound Event Detection of environmental noise/SED_wav/S-0404.wav,DataSED - DataSED - Dataset for Sound Event Detection of environmental noise/SED_wav/S-0404.wav,DataSED - DataSED - Dataset for Sound Event Detection of environmental noise/SED_wav/S-0404.npy,3f5e69983b9be0e24acfaf6cf98f8167c419945af697e9b13994e301c7accf00,5301c845922db6b60817677231ef7dcd38475f98361348524e7d4dffb5666719,64,6688,bbf5188fb61e44e59fba46cebd26aab9371508748b9185ae1d3222c9cbaabffa
datased:DataSED - DataSED - Dataset for Sound Event Detection of environmental noise/SED_wav/S-0405.wav,DataSED - DataSED - Dataset for Sound Event Detection of environmental noise/SED_wav/S-0405.wav,DataSED - DataSED - Dataset for Sound Event Detection of environmental noise/SED_wav/S-0405.npy,825c0f557acc589831ce1b36b12783a2d36947a85bad936651460060da567d49,e748049cf666a343daf1f68f00775f27c68be6eb08273d95f549fe978c4aa660,64,1149,bbf5188fb61e44e59fba46cebd26aab9371508748b9185ae1d3222c9cbaabffa
datased:DataSED - DataSED - Dataset for Sound Event Detection of environmental noise/SED_wav/S-0406.wav,DataSED - DataSED - Dataset for Sound Event Detection of environmental noise/SED_wav/S-0406.wav,DataSED - DataSED - Dataset for Sound Event Detection of environmental noise/SED_wav/S-0406.npy,66e25bd791134e8b54c1bd2074133bfb4548b927e53bee525b6f7ea0696afd91,60a707ea5876e7b3476ac1b5d37d46670701d764292b18fe8c41e289d00f4d54,64,13004,bbf5188fb61e44e59fba46cebd26aab9371508748b9185ae1d3222c9cbaabffa
datased:DataSED - DataSED - Dataset for Sound Event Detection of environmental noise/SED_wav/S-0407.wav,DataSED - DataSED - Dataset for Sound Event Detection of environmental noise/SED_wav/S-0407.wav,DataSED - DataSED - Dataset for Sound Event Detection of environmental noise/SED_wav/S-0407.npy,bca2241a8598ebcc7dd0f97c8f89b49d05bb00e3191267d0fe80abc31d56bf5e,a974c75efe2964de00eb5d0a4190938650f2814d898c456d472f64d662ae9fb8,64,13218,bbf5188fb61e44e59fba46cebd26aab9371508748b9185ae1d3222c9cbaabffa
datased:DataSED - DataSED - Dataset for Sound Event Detection of environmental noise/SED_wav/S-0408.wav,DataSED - DataSED - Dataset for Sound Event Detection of environmental noise/SED_wav/S-0408.wav,DataSED - DataSED - Dataset for Sound Event Detection of environmental noise/SED_wav/S-0408.npy,dc033a0341743d96f5f509a80548fdaf7990a53ee6c3c90cd1793d957b530054,f329e32d1bec0b5adf9e70457641d940271c7ca54e1f3a34023c5230d05c24d6,64,14021,bbf5188fb61e44e59fba46cebd26aab9371508748b9185ae1d3222c9cbaabffa
datased:DataSED - DataSED - Dataset for Sound Event Detection of environmental noise/SED_wav/S-0409.wav,DataSED - DataSED - Dataset for Sound Event Detection of environmental noise/SED_wav/S-0409.wav,DataSED - DataSED - Dataset for Sound Event Detection of environmental noise/SED_wav/S-0409.npy,3b7af039568acfe3bd5be037a17044cc6aeaf2a17fb2810d4b983dedaf4481ee,1a0c6f4810f6a109879fc29a489be7e11d4b9b635dde7ef8dd0baa3eaa1fbdb7,64,17405,bbf5188fb61e44e59fba46cebd26aab9371508748b9185ae1d3222c9cbaabffa
datased:DataSED - DataSED - Dataset for Sound Event Detection of environmental noise/SED_wav/S-0410.wav,DataSED - DataSED - Dataset for Sound Event Detection of environmental noise/SED_wav/S-0410.wav,DataSED - DataSED - Dataset for Sound Event Detection of environmental noise/SED_wav/S-0410.npy,123bc7772f41836a87078d747ab74f3dffd53a1bf505d7d981e9abfd427d1a1c,cd97b61348ca4a04c7657d894203335499c04eb1697b66684dce2a323ab090c6,64,16707,bbf5188fb61e44e59fba46cebd26aab9371508748b9185ae1d3222c9cbaabffa
datased:DataSED - DataSED - Dataset for Sound Event Detection of environmental noise/SED_wav/S-0411.wav,DataSED - DataSED - Dataset for Sound Event Detection of environmental noise/SED_wav/S-0411.wav,DataSED - DataSED - Dataset for Sound Event Detection of environmental noise/SED_wav/S-0411.npy,a7f23b7c1ed41f2833aef032072942b50c2f3b036e08d527fb2be87018c78b8b,c201452b53b90520b5ce10b9c6fed81e90e4c9f6cbf97fbf6bdaf832deaa2b3a,64,17845,bbf5188fb61e44e59fba46cebd26aab9371508748b9185ae1d3222c9cbaabffa
datased:DataSED - DataSED - Dataset for Sound Event Detection of environmental noise/SED_wav/S-0412.wav,DataSED - DataSED - Dataset for Sound Event Detection of environmental noise/SED_wav/S-0412.wav,DataSED - DataSED - Dataset for Sound Event Detection of environmental noise/SED_wav/S-0412.npy,cf3a30cd729bfcbfdacbb5abd2f94b393a8964d32f719ad98fc37c04bc444e4b,c3f635ffc9e5919fe722d7b362c22acee71ff394de80f0fc5867563fee72ae75,64,15165,bbf5188fb61e44e59fba46cebd26aab9371508748b9185ae1d3222c9cbaabffa
datased:DataSED - DataSED - Dataset for Sound Event Detection of environmental noise/SED_wav/S-0413.wav,DataSED - DataSED - Dataset for Sound Event Detection of environmental noise/SED_wav/S-0413.wav,DataSED - DataSED - Dataset for Sound Event Detection of environmental noise/SED_wav/S-0413.npy,85f92ce732a33f0c11e26a3bf451816ef7c0fc58768d705a4e698823e089bcc8,8ae33dec1f91b3d6da21c152d17bfac56f9186685069dffca2fe0f2cc34f9159,64,11934,bbf5188fb61e44e59fba46cebd26aab9371508748b9185ae1d3222c9cbaabffa
datased:DataSED - DataSED - Dataset for Sound Event Detection of environmental noise/SED_wav/S-0414.wav,DataSED - DataSED - Dataset for Sound Event Detection of environmental noise/SED_wav/S-0414.wav,DataSED - DataSED - Dataset for Sound Event Detection of environmental noise/SED_wav/S-0414.npy,297ef90942bdc50d61d397a62533c6e67f39cd7892131fa69e1fec23a55d4466,67a6c8838ec88aa4f5dd8e193049bbadaadf122c3516ad91c1008791ca37eb84,64,19314,bbf5188fb61e44e59fba46cebd26aab9371508748b9185ae1d3222c9cbaabffa
datased:DataSED - DataSED - Dataset for Sound Event Detection of environmental noise/SED_wav/S-0415.wav,DataSED - DataSED - Dataset for Sound Event Detection of environmental noise/SED_wav/S-0415.wav,DataSED - DataSED - Dataset for Sound Event Detection of environmental noise/SED_wav/S-0415.npy,f93355559c25bc52df9f5423c3f6ec0163eceded386623f0e360320bc47ed466,fb84fb0968d059c7005602b2585ba13df3c341aac417183f5b0928fe90481444,64,16375,bbf5188fb61e44e59fba46cebd26aab9371508748b9185ae1d3222c9cbaabffa
datased:DataSED - DataSED - Dataset for Sound Event Detection of environmental noise/SED_wav/S-0416.wav,DataSED - DataSED - Dataset for Sound Event Detection of environmental noise/SED_wav/S-0416.wav,DataSED - DataSED - Dataset for Sound Event Detection of environmental noise/SED_wav/S-0416.npy,c1ec564d704a46bbe11602724f3472245fdcb252622ec1d02f9b1220a58f0fd5,40361c0f9a0ab8bcd737045ca95134eb29249f02627354c241e60b17af6c4d0c,64,8813,bbf5188fb61e44e59fba46cebd26aab9371508748b9185ae1d3222c9cbaabffa
datased:DataSED - DataSED - Dataset for Sound Event Detection of environmental noise/SED_wav/S-0417.wav,DataSED - DataSED - Dataset for Sound Event Detection of environmental noise/SED_wav/S-0417.wav,DataSED - DataSED - Dataset for Sound Event Detection of environmental noise/SED_wav/S-0417.npy,36983d24e37beb023ec136dce43ab90e2ce79da30e52a349460f9b324fb4d363,f33646a99f718e16376ed1545734a58c11646036cb2a8fd0e11f94e360da9eaf,64,7932,bbf5188fb61e44e59fba46cebd26aab9371508748b9185ae1d3222c9cbaabffa
datased:DataSED - DataSED - Dataset for Sound Event Detection of environmental noise/SED_wav/S-0418.wav,DataSED - DataSED - Dataset for Sound Event Detection of environmental noise/SED_wav/S-0418.wav,DataSED - DataSED - Dataset for Sound Event Detection of environmental noise/SED_wav/S-0418.npy,722175456c251c80f441f6c42e80b5b97e050dd46d1137f0a3582e0688e65cbf,d5e54673684aa61a1e0e36b5b56749c02cb645da47dc2538eec46c9cb721d04c,64,11897,bbf5188fb61e44e59fba46cebd26aab9371508748b9185ae1d3222c9cbaabffa
datased:DataSED - DataSED - Dataset for Sound Event Detection of environmental noise/SED_wav/S-0419.wav,DataSED - DataSED - Dataset for Sound Event Detection of environmental noise/SED_wav/S-0419.wav,DataSED - DataSED - Dataset for Sound Event Detection of environmental noise/SED_wav/S-0419.npy,1a4844060158f3b4bec41cf8924f69d59c0b05a43251191dd17a08f9f1567bb5,e447c8ef67b54e100fa666f90d2d06180e2cca972aea9b61c238a79ebacd04b7,64,15238,bbf5188fb61e44e59fba46cebd26aab9371508748b9185ae1d3222c9cbaabffa
datased:DataSED - DataSED - Dataset for Sound Event Detection of environmental noise/SED_wav/S-0420.wav,DataSED - DataSED - Dataset for Sound Event Detection of environmental noise/SED_wav/S-0420.wav,DataSED - DataSED - Dataset for Sound Event Detection of environmental noise/SED_wav/S-0420.npy,c7dd124c2ee44851a620d3bfe4a54667e3bb3340ecad690d7cd4de3a4a05fbff,9913181afa0c9d2e8c40eb3d4a1a1d9e32aa599fac433a16ed8a47b38443ac68,64,7418,bbf5188fb61e44e59fba46cebd26aab9371508748b9185ae1d3222c9cbaabffa
datased:DataSED - DataSED - Dataset for Sound Event Detection of environmental noise/SED_wav/S-0421.wav,DataSED - DataSED - Dataset for Sound Event Detection of environmental noise/SED_wav/S-0421.wav,DataSED - DataSED - Dataset for Sound Event Detection of environmental noise/SED_wav/S-0421.npy,7efee3a9a1b39ea659fca722ba41fc356c43d2f4fc9e4a3ed51b65d443530ec7,1c8d7770c29d7c943f94400c9b7d70ab2b229243cc52732993288c59559871b0,64,6022,bbf5188fb61e44e59fba46cebd26aab9371508748b9185ae1d3222c9cbaabffa
datased:DataSED - DataSED - Dataset for Sound Event Detection of environmental noise/SED_wav/S-0422.wav,DataSED - DataSED - Dataset for Sound Event Detection of environmental noise/SED_wav/S-0422.wav,DataSED - DataSED - Dataset for Sound Event Detection of environmental noise/SED_wav/S-0422.npy,745128dac524066bab5c131bfffed5e3c6f17380177aa5f43ee848daa68b2ecc,2e26b6effbd2f1288b64672bf8197ed44a7b441574f0fb0ca760554fffc341dd,64,13072,bbf5188fb61e44e59fba46cebd26aab9371508748b9185ae1d3222c9cbaabffa
datased:DataSED - DataSED - Dataset for Sound Event Detection of environmental noise/SED_wav/S-0423.wav,DataSED - DataSED - Dataset for Sound Event Detection of environmental noise/SED_wav/S-0423.wav,DataSED - DataSED - Dataset for Sound Event Detection of environmental noise/SED_wav/S-0423.npy,c43a8c7131dd24d05dc646c62c2ecc06f910ec6af9f69c12045004ea7e83eca3,89944586650771b390235bacc2e67eb3e0581de0f43b80362eb038c2c41c28b3,64,13880,bbf5188fb61e44e59fba46cebd26aab9371508748b9185ae1d3222c9cbaabffa
datased:DataSED - DataSED - Dataset for Sound Event Detection of environmental noise/SED_wav/S-0424.wav,DataSED - DataSED - Dataset for Sound Event Detection of environmental noise/SED_wav/S-0424.wav,DataSED - DataSED - Dataset for Sound Event Detection of environmental noise/SED_wav/S-0424.npy,471d9c95c5054afd4bd56bcb6a4001897043d64c8bd562a87af0572c72c517b1,3243e0c0d5aa4e73b3d4ff0e6b945c2a1f438bdf337b7c61e864ce320a822f38,64,12595,bbf5188fb61e44e59fba46cebd26aab9371508748b9185ae1d3222c9cbaabffa
datased:DataSED - DataSED - Dataset for Sound Event Detection of environmental noise/SED_wav/S-0425.wav,DataSED - DataSED - Dataset for Sound Event Detection of environmental noise/SED_wav/S-0425.wav,DataSED - DataSED - Dataset for Sound Event Detection of environmental noise/SED_wav/S-0425.npy,32267c27e03ceef0f63fad9110990b9dba06ca34449dd7fa6960ab233c2d8b6b,b4c6e9eedebba419b1cf27d3f2e1ea8290f1feb50b9f9f8819457e715c570971,64,18506,bbf5188fb61e44e59fba46cebd26aab9371508748b9185ae1d3222c9cbaabffa
datased:DataSED - DataSED - Dataset for Sound Event Detection of environmental noise/SED_wav/S-0426.wav,DataSED - DataSED - Dataset for Sound Event Detection of environmental noise/SED_wav/S-0426.wav,DataSED - DataSED - Dataset for Sound Event Detection of environmental noise/SED_wav/S-0426.npy,45b800896dafc54b4ec0a808e3b6f968f08ff49a6effeadbaff7b5a7d10c1012,b06ed9579130233ecaa56f444af0d6f395a5a7954f5a4d20cd637f769e37f2ba,64,15422,bbf5188fb61e44e59fba46cebd26aab9371508748b9185ae1d3222c9cbaabffa
datased:DataSED - DataSED - Dataset for Sound Event Detection of environmental noise/SED_wav/S-0427.wav,DataSED - DataSED - Dataset for Sound Event Detection of environmental noise/SED_wav/S-0427.wav,DataSED - DataSED - Dataset for Sound Event Detection of environmental noise/SED_wav/S-0427.npy,76f559fb718a969a0fbb104505c94e77a4aa53c426ddfb92b1456e281e641b27,0d07171ca255e3c2e3b92ba8af3155a209a75590f447179d8850a4365126a638,64,9584,bbf5188fb61e44e59fba46cebd26aab9371508748b9185ae1d3222c9cbaabffa
datased:DataSED - DataSED - Dataset for Sound Event Detection of environmental noise/SED_wav/S-0428.wav,DataSED - DataSED - Dataset for Sound Event Detection of environmental noise/SED_wav/S-0428.wav,DataSED - DataSED - Dataset for Sound Event Detection of environmental noise/SED_wav/S-0428.npy,c083e5f5466cf214cc166ce5043ba27866e01fc3719568a1c5ef3d8bfdc25a36,8948a528a482e62e3368a3c8c6db103598e9042b38c7d014640037b0e021cffc,64,13990,bbf5188fb61e44e59fba46cebd26aab9371508748b9185ae1d3222c9cbaabffa
datased:DataSED - DataSED - Dataset for Sound Event Detection of environmental noise/SED_wav/S-0429.wav,DataSED - DataSED - Dataset for Sound Event Detection of environmental noise/SED_wav/S-0429.wav,DataSED - DataSED - Dataset for Sound Event Detection of environmental noise/SED_wav/S-0429.npy,eb7a84264613a988589087686a27986c5bc9f1ad2c3af38fba5bc4b5343ba5a4,a20aae12af9aedf435bcd035a23c27d64022a2851c6e48c4198cefc633406b74,64,5361,bbf5188fb61e44e59fba46cebd26aab9371508748b9185ae1d3222c9cbaabffa
datased:DataSED - DataSED - Dataset for Sound Event Detection of environmental noise/SED_wav/S-0430.wav,DataSED - DataSED - Dataset for Sound Event Detection of environmental noise/SED_wav/S-0430.wav,DataSED - DataSED - Dataset for Sound Event Detection of environmental noise/SED_wav/S-0430.npy,d40d1393f76c2c32c9fe5ef0b5f51459058e2800f1c88fbe6d035c748ef7f5ff,34f56410b7a3bd95be6233d738ffba6a90577dc6aacde97813524a342303ef05,64,19108,bbf5188fb61e44e59fba46cebd26aab9371508748b9185ae1d3222c9cbaabffa
datased:DataSED - DataSED - Dataset for Sound Event Detection of environmental noise/SED_wav/S-0431.wav,DataSED - DataSED - Dataset for Sound Event Detection of environmental noise/SED_wav/S-0431.wav,DataSED - DataSED - Dataset for Sound Event Detection of environmental noise/SED_wav/S-0431.npy,d6b0efce12ef226b6e6395284f53657277040478d1c44b9e27bd286040720c08,6d58165e6292b24e584de704484f392121e67e7d1824ba8c728d677f4f50cd16,64,5068,bbf5188fb61e44e59fba46cebd26aab9371508748b9185ae1d3222c9cbaabffa
datased:DataSED - DataSED - Dataset for Sound Event Detection of environmental noise/SED_wav/S-0432.wav,DataSED - DataSED - Dataset for Sound Event Detection of environmental noise/SED_wav/S-0432.wav,DataSED - DataSED - Dataset for Sound Event Detection of environmental noise/SED_wav/S-0432.npy,f9810e200bd1daa86f4bd7ced00c86ac27b8111d34daa07d309a00b2416dd435,2837568ee59c579c8656c38b17fcfaa1bded587f6145c28b630e6469d1dfde19,64,3973,bbf5188fb61e44e59fba46cebd26aab9371508748b9185ae1d3222c9cbaabffa
datased:DataSED - DataSED - Dataset for Sound Event Detection of environmental noise/SED_wav/S-0433.wav,DataSED - DataSED - Dataset for Sound Event Detection of environmental noise/SED_wav/S-0433.wav,DataSED - DataSED - Dataset for Sound Event Detection of environmental noise/SED_wav/S-0433.npy,2421d766179aeb639c93fca505514e5a46dc2fd07342eef5e3b2c589e30ee428,35fec488bc7da2cc3c282f6377f9e2bdd99bb5ac87014991fa5357c2bde994a9,64,19855,bbf5188fb61e44e59fba46cebd26aab9371508748b9185ae1d3222c9cbaabffa
datased:DataSED - DataSED - Dataset for Sound Event Detection of environmental noise/SED_wav/S-0434.wav,DataSED - DataSED - Dataset for Sound Event Detection of environmental noise/SED_wav/S-0434.wav,DataSED - DataSED - Dataset for Sound Event Detection of environmental noise/SED_wav/S-0434.npy,b6f552b4071dd692279738b33781f5855a0901774e6fd8f5d236c5d3fe393b86,03f58416e833bfb46bcddad6d8221f6f46b77a6568c0c4e9007b6b5e500eabcb,64,11383,bbf5188fb61e44e59fba46cebd26aab9371508748b9185ae1d3222c9cbaabffa
datased:DataSED - DataSED - Dataset for Sound Event Detection of environmental noise/SED_wav/S-0435.wav,DataSED - DataSED - Dataset for Sound Event Detection of environmental noise/SED_wav/S-0435.wav,DataSED - DataSED - Dataset for Sound Event Detection of environmental noise/SED_wav/S-0435.npy,91a8bc4f74826a0440287e8b7a6154af899372271f35cf133790136613e75264,d1e0bc7a971807e57b9093289446d458525911c90bf653a457c99e9c1e335ff9,64,1225,bbf5188fb61e44e59fba46cebd26aab9371508748b9185ae1d3222c9cbaabffa
datased:DataSED - DataSED - Dataset for Sound Event Detection of environmental noise/SED_wav/S-0436.wav,DataSED - DataSED - Dataset for Sound Event Detection of environmental noise/SED_wav/S-0436.wav,DataSED - DataSED - Dataset for Sound Event Detection of environmental noise/SED_wav/S-0436.npy,225848eae2d5fcd84a287528caeeb37e73ce6bccbcfa9c8c723deb2c39ab0354,96e28ba965b8984129d2d4773d43b7dd3e09a871bccd7d9f19d5bddb202d3843,64,7997,bbf5188fb61e44e59fba46cebd26aab9371508748b9185ae1d3222c9cbaabffa
datased:DataSED - DataSED - Dataset for Sound Event Detection of environmental noise/SED_wav/S-0437.wav,DataSED - DataSED - Dataset for Sound Event Detection of environmental noise/SED_wav/S-0437.wav,DataSED - DataSED - Dataset for Sound Event Detection of environmental noise/SED_wav/S-0437.npy,8b1ce97de296f89a2246f8ed168165a1a4ec44f6b0f9f314a593620483a17404,b41c0d4dcb68a4a888cbba362ac4137ad2df8b6e371ffe267eb2e9304a61fe77,64,12411,bbf5188fb61e44e59fba46cebd26aab9371508748b9185ae1d3222c9cbaabffa
datased:DataSED - DataSED - Dataset for Sound Event Detection of environmental noise/SED_wav/S-0438.wav,DataSED - DataSED - Dataset for Sound Event Detection of environmental noise/SED_wav/S-0438.wav,DataSED - DataSED - Dataset for Sound Event Detection of environmental noise/SED_wav/S-0438.npy,952bc847ee6b7f2c0420e805d099032fd9e52f740feb9946e914d69a138b13e6,a1b70fa580d24298766838f13d6a5ab612fa48f35bc2a5b5360971749ff40ce4,64,1179,bbf5188fb61e44e59fba46cebd26aab9371508748b9185ae1d3222c9cbaabffa
datased:DataSED - DataSED - Dataset for Sound Event Detection of environmental noise/SED_wav/S-0439.wav,DataSED - DataSED - Dataset for Sound Event Detection of environmental noise/SED_wav/S-0439.wav,DataSED - DataSED - Dataset for Sound Event Detection of environmental noise/SED_wav/S-0439.npy,4d561b9327cab8f31eea4b7274a5bc6e323eb9d51189103e5c0cdbd43931ad2a,ea62f2e904cfe71360dcb3bd022a64e427870ce86cb4c3524139ddb032b3bfad,64,8795,bbf5188fb61e44e59fba46cebd26aab9371508748b9185ae1d3222c9cbaabffa
datased:DataSED - DataSED - Dataset for Sound Event Detection of environmental noise/SED_wav/S-0440.wav,DataSED - DataSED - Dataset for Sound Event Detection of environmental noise/SED_wav/S-0440.wav,DataSED - DataSED - Dataset for Sound Event Detection of environmental noise/SED_wav/S-0440.npy,a1e2982c58f0f0d250d4dded3354ef0edb3b4b985af689852ed0dda8cd737f73,6f8c721d258ec049aa5ba72cf64caa6e93be4de3e49a6cb98ecfb5fa1c684c9f,64,11170,bbf5188fb61e44e59fba46cebd26aab9371508748b9185ae1d3222c9cbaabffa
datased:DataSED - DataSED - Dataset for Sound Event Detection of environmental noise/SED_wav/S-0441.wav,DataSED - DataSED - Dataset for Sound Event Detection of environmental noise/SED_wav/S-0441.wav,DataSED - DataSED - Dataset for Sound Event Detection of environmental noise/SED_wav/S-0441.npy,dfe1abb4a8610f924374312bac180fb4ddf2474bf68b505f81d6e951376e8dd5,271dbf8bf89ccc3783ad910feec00e4e607a55268f31c3fb903ab772ec77f82b,64,785,bbf5188fb61e44e59fba46cebd26aab9371508748b9185ae1d3222c9cbaabffa
datased:DataSED - DataSED - Dataset for Sound Event Detection of environmental noise/SED_wav/S-0442.wav,DataSED - DataSED - Dataset for Sound Event Detection of environmental noise/SED_wav/S-0442.wav,DataSED - DataSED - Dataset for Sound Event Detection of environmental noise/SED_wav/S-0442.npy,621fec9fffc11545d5b65525159124a2a29cd78d5161311923b2f64e301bb339,6ca453594b9d3ab7e86c6424832b20aca258317129ef697a78ad7211278eb83b,64,681,bbf5188fb61e44e59fba46cebd26aab9371508748b9185ae1d3222c9cbaabffa
datased:DataSED - DataSED - Dataset for Sound Event Detection of environmental noise/SED_wav/S-0443.wav,DataSED - DataSED - Dataset for Sound Event Detection of environmental noise/SED_wav/S-0443.wav,DataSED - DataSED - Dataset for Sound Event Detection of environmental noise/SED_wav/S-0443.npy,6338b6d5af0e04cdc5dcb0350d85da955eb237a472ce7b28d236ac94e1e6180b,a676a89c4d3e11db76ef2e5331a2686b0f8b50c8b343586e7f59739f1fb74380,64,11219,bbf5188fb61e44e59fba46cebd26aab9371508748b9185ae1d3222c9cbaabffa
datased:DataSED - DataSED - Dataset for Sound Event Detection of environmental noise/SED_wav/S-0444.wav,DataSED - DataSED - Dataset for Sound Event Detection of environmental noise/SED_wav/S-0444.wav,DataSED - DataSED - Dataset for Sound Event Detection of environmental noise/SED_wav/S-0444.npy,3a786aab74e3f831ee6731f2e9f5c09c7b50ed1ebfd6d0aa054ca6b7b5f16aaa,67e049f894d1e070de8f9350b1771ac7e6c4bad1c8b50740a2dde108fed53045,64,13852,bbf5188fb61e44e59fba46cebd26aab9371508748b9185ae1d3222c9cbaabffa
datased:DataSED - DataSED - Dataset for Sound Event Detection of environmental noise/SED_wav/S-0445.wav,DataSED - DataSED - Dataset for Sound Event Detection of environmental noise/SED_wav/S-0445.wav,DataSED - DataSED - Dataset for Sound Event Detection of environmental noise/SED_wav/S-0445.npy,b9217a455395a92d0065b6264dbc8150b884c7f0804b9e0fcca638401492a371,214d07bd1f2b6eeffd550d978eee0cb77604f1a940361f94d4bac76e8471d1a8,64,12261,bbf5188fb61e44e59fba46cebd26aab9371508748b9185ae1d3222c9cbaabffa
datased:DataSED - DataSED - Dataset for Sound Event Detection of environmental noise/SED_wav/S-0446.wav,DataSED - DataSED - Dataset for Sound Event Detection of environmental noise/SED_wav/S-0446.wav,DataSED - DataSED - Dataset for Sound Event Detection of environmental noise/SED_wav/S-0446.npy,fa5fd7744eb76d2c6907d8547c72f24034b3fbc42a4d224d6011f49c980ddeae,2f064808f4df7452bccee1fc0fb47cd7940070ce746be2a5e0d255a9240afbe3,64,8096,bbf5188fb61e44e59fba46cebd26aab9371508748b9185ae1d3222c9cbaabffa
datased:DataSED - DataSED - Dataset for Sound Event Detection of environmental noise/SED_wav/S-0447.wav,DataSED - DataSED - Dataset for Sound Event Detection of environmental noise/SED_wav/S-0447.wav,DataSED - DataSED - Dataset for Sound Event Detection of environmental noise/SED_wav/S-0447.npy,1a880e6374ab0e741ace9edc4fb27a1419ce9d8fe0a59ec7825e44e35922c1bd,121c95657a890a542a7405f3bfbd24d034f4721a8d1505c2937dacd14829d51e,64,12371,bbf5188fb61e44e59fba46cebd26aab9371508748b9185ae1d3222c9cbaabffa
datased:DataSED - DataSED - Dataset for Sound Event Detection of environmental noise/SED_wav/S-0448.wav,DataSED - DataSED - Dataset for Sound Event Detection of environmental noise/SED_wav/S-0448.wav,DataSED - DataSED - Dataset for Sound Event Detection of environmental noise/SED_wav/S-0448.npy,f2c323e2de34e21054dc6efa300acc19a23812eb31ac61fb28d0c57cc68f8c0a,81017e9948434ce045014612667c1b86f5560f61b4332cd03162f688745ee812,64,8941,bbf5188fb61e44e59fba46cebd26aab9371508748b9185ae1d3222c9cbaabffa
datased:DataSED - DataSED - Dataset for Sound Event Detection of environmental noise/SED_wav/S-0449.wav,DataSED - DataSED - Dataset for Sound Event Detection of environmental noise/SED_wav/S-0449.wav,DataSED - DataSED - Dataset for Sound Event Detection of environmental noise/SED_wav/S-0449.npy,f0987d3cc3db7b54c95bab11f8e1b506b27074bd63148f0f55d0e9c00b1aade2,fd9de8b2528d47f1e0d817af488b86fa7e28f7611781754034da454bcb61d5c7,64,9976,bbf5188fb61e44e59fba46cebd26aab9371508748b9185ae1d3222c9cbaabffa
datased:DataSED - DataSED - Dataset for Sound Event Detection of environmental noise/SED_wav/S-0450.wav,DataSED - DataSED - Dataset for Sound Event Detection of environmental noise/SED_wav/S-0450.wav,DataSED - DataSED - Dataset for Sound Event Detection of environmental noise/SED_wav/S-0450.npy,eadedfe0c70662ee530714850e6df5bee68f2021946a6a2019f45509ea309f83,35c5dfdc1beebace6a5a03b919cd63ea09eb0b52a87064e38abd3c568c178158,64,11987,bbf5188fb61e44e59fba46cebd26aab9371508748b9185ae1d3222c9cbaabffa
datased:DataSED - DataSED - Dataset for Sound Event Detection of environmental noise/SED_wav/S-0451.wav,DataSED - DataSED - Dataset for Sound Event Detection of environmental noise/SED_wav/S-0451.wav,DataSED - DataSED - Dataset for Sound Event Detection of environmental noise/SED_wav/S-0451.npy,4718e49cce6d46defdf2085823df78e4f2979f76a3ea085562fc2c42affcc8e8,46c747232c142f2da0fb4275fca51244676fc4ca5d986977d618f0bdc91131a5,64,8310,bbf5188fb61e44e59fba46cebd26aab9371508748b9185ae1d3222c9cbaabffa
datased:DataSED - DataSED - Dataset for Sound Event Detection of environmental noise/SED_wav/S-0452.wav,DataSED - DataSED - Dataset for Sound Event Detection of environmental noise/SED_wav/S-0452.wav,DataSED - DataSED - Dataset for Sound Event Detection of environmental noise/SED_wav/S-0452.npy,e7dd741a0206a3fb4f414592849b764d4c00583f20a19ee9c75b1fd3eabcfced,14a111c69220ee35c230d3c8ab8d2853d0bd0c2cd6d0df0f4cd400a30aa29171,64,12257,bbf5188fb61e44e59fba46cebd26aab9371508748b9185ae1d3222c9cbaabffa
datased:DataSED - DataSED - Dataset for Sound Event Detection of environmental noise/SED_wav/S-0453.wav,DataSED - DataSED - Dataset for Sound Event Detection of environmental noise/SED_wav/S-0453.wav,DataSED - DataSED - Dataset for Sound Event Detection of environmental noise/SED_wav/S-0453.npy,d752477b4c38d8b66697d39b9c6417d6a09d3b657067681fb90c668bb059da66,662c131f3e78b3737f21ba1e9bbef869061940324c6df47fb80f46c48f97d980,64,10245,bbf5188fb61e44e59fba46cebd26aab9371508748b9185ae1d3222c9cbaabffa
datased:DataSED - DataSED - Dataset for Sound Event Detection of environmental noise/SED_wav/S-0454.wav,DataSED - DataSED - Dataset for Sound Event Detection of environmental noise/SED_wav/S-0454.wav,DataSED - DataSED - Dataset for Sound Event Detection of environmental noise/SED_wav/S-0454.npy,dd65e52a009abaa5cc768ef473c4117881b1142b801a9f458ac69ee39fc05b74,2554ba01bd025680e88b10fb32bd0d400dae440389719c82b6394ffa835f4701,64,11980,bbf5188fb61e44e59fba46cebd26aab9371508748b9185ae1d3222c9cbaabffa
datased:DataSED - DataSED - Dataset for Sound Event Detection of environmental noise/SED_wav/S-0455.wav,DataSED - DataSED - Dataset for Sound Event Detection of environmental noise/SED_wav/S-0455.wav,DataSED - DataSED - Dataset for Sound Event Detection of environmental noise/SED_wav/S-0455.npy,242af59bcb383727125b8f35acef48308fed1da2ccfb46c300150f9b6d7563bb,2cc7ed626bfb52b06ce91ad2287e5d67a16e86ef94ceb42534d09017fe6e76eb,64,1317,bbf5188fb61e44e59fba46cebd26aab9371508748b9185ae1d3222c9cbaabffa
datased:DataSED - DataSED - Dataset for Sound Event Detection of environmental noise/SED_wav/S-0456.wav,DataSED - DataSED - Dataset for Sound Event Detection of environmental noise/SED_wav/S-0456.wav,DataSED - DataSED - Dataset for Sound Event Detection of environmental noise/SED_wav/S-0456.npy,52f132425352f2dde65b2da5225f355a67c94f1ea3293a3f6ed09fcaa3ef7bbf,8c714dff04ce29b91507ea39cf31c067110c6380e5543566551ef78eafc77291,64,18645,bbf5188fb61e44e59fba46cebd26aab9371508748b9185ae1d3222c9cbaabffa
datased:DataSED - DataSED - Dataset for Sound Event Detection of environmental noise/SED_wav/S-0457.wav,DataSED - DataSED - Dataset for Sound Event Detection of environmental noise/SED_wav/S-0457.wav,DataSED - DataSED - Dataset for Sound Event Detection of environmental noise/SED_wav/S-0457.npy,2a73a1a9abaecabbf4099973881e5de8697bb806a03d44877343f5205204c4a0,1a09f5890a30ca61d4ee63851d8db3aea5d8dada40de86cdc6edb1f11290bfe6,64,16151,bbf5188fb61e44e59fba46cebd26aab9371508748b9185ae1d3222c9cbaabffa
datased:DataSED - DataSED - Dataset for Sound Event Detection of environmental noise/SED_wav/S-0458.wav,DataSED - DataSED - Dataset for Sound Event Detection of environmental noise/SED_wav/S-0458.wav,DataSED - DataSED - Dataset for Sound Event Detection of environmental noise/SED_wav/S-0458.npy,0f254cca6ee3b166976850631e5fd5e7674b65408a58ac0f17c62c6cc8e9f948,112ffb036cc2d420a98f6246a7eadee895ccbd667d08745c9379199f9caa345d,64,19062,bbf5188fb61e44e59fba46cebd26aab9371508748b9185ae1d3222c9cbaabffa
datased:DataSED - DataSED - Dataset for Sound Event Detection of environmental noise/SED_wav/S-0459.wav,DataSED - DataSED - Dataset for Sound Event Detection of environmental noise/SED_wav/S-0459.wav,DataSED - DataSED - Dataset for Sound Event Detection of environmental noise/SED_wav/S-0459.npy,add56c8b11ff9111693d19df65ba5ac68319ec92bec37ef771277d33fc702261,05c7290334888dad942cb3f75c8c7dd5317136a0ee6ee003c0b2973d9558fe65,64,1054,bbf5188fb61e44e59fba46cebd26aab9371508748b9185ae1d3222c9cbaabffa
datased:DataSED - DataSED - Dataset for Sound Event Detection of environmental noise/SED_wav/S-0460.wav,DataSED - DataSED - Dataset for Sound Event Detection of environmental noise/SED_wav/S-0460.wav,DataSED - DataSED - Dataset for Sound Event Detection of environmental noise/SED_wav/S-0460.npy,304e66af2076d75620e1e59d968043e75edef6b81952e55699d4a86cebdaa403,20b8d1559eb0b8034573e69829fd5f18bebecc379287335d19cfc6745ee9dbd1,64,10919,bbf5188fb61e44e59fba46cebd26aab9371508748b9185ae1d3222c9cbaabffa
datased:DataSED - DataSED - Dataset for Sound Event Detection of environmental noise/SED_wav/S-0461.wav,DataSED - DataSED - Dataset for Sound Event Detection of environmental noise/SED_wav/S-0461.wav,DataSED - DataSED - Dataset for Sound Event Detection of environmental noise/SED_wav/S-0461.npy,0b9234fe0f3e64fd2557ed28b3246eddebb86b1b23f598674282754c78a999f9,a5f6e282f710620fc7d354e54d00272dfb691c8b19e96acfcf0cd0267812b2a7,64,10626,bbf5188fb61e44e59fba46cebd26aab9371508748b9185ae1d3222c9cbaabffa
datased:DataSED - DataSED - Dataset for Sound Event Detection of environmental noise/SED_wav/S-0462.wav,DataSED - DataSED - Dataset for Sound Event Detection of environmental noise/SED_wav/S-0462.wav,DataSED - DataSED - Dataset for Sound Event Detection of environmental noise/SED_wav/S-0462.npy,a94b09f1cdd6fa3fdb8ca46ce3fa9bb21d1a1847e33b5a3082b9d322cc564ab6,9cc64418464c2cadef66f2f02a5dea2362abe0d14b954213e0ef31501c156288,64,12022,bbf5188fb61e44e59fba46cebd26aab9371508748b9185ae1d3222c9cbaabffa
datased:DataSED - DataSED - Dataset for Sound Event Detection of environmental noise/SED_wav/S-0463.wav,DataSED - DataSED - Dataset for Sound Event Detection of environmental noise/SED_wav/S-0463.wav,DataSED - DataSED - Dataset for Sound Event Detection of environmental noise/SED_wav/S-0463.npy,6c747f93fae89ba0a9f924b10d690622e5cdd1571a03f61af76f569214fff9d8,5cee2c3ea9cc74ce3c0b3f7dc8d351cd2b211b06d9c048e8d09df88ff1ccb7be,64,12022,bbf5188fb61e44e59fba46cebd26aab9371508748b9185ae1d3222c9cbaabffa
datased:DataSED - DataSED - Dataset for Sound Event Detection of environmental noise/SED_wav/S-0464.wav,DataSED - DataSED - Dataset for Sound Event Detection of environmental noise/SED_wav/S-0464.wav,DataSED - DataSED - Dataset for Sound Event Detection of environmental noise/SED_wav/S-0464.npy,f850c2c1463e7d7b7d6a0e37c855e8adb90b95f77389a6ca7c83ab97622f94c6,279afcf319dc98adb7494a4d1c6f747938a78717720cba3861e3d92d518e7c7e,64,3335,bbf5188fb61e44e59fba46cebd26aab9371508748b9185ae1d3222c9cbaabffa
datased:DataSED - DataSED - Dataset for Sound Event Detection of environmental noise/SED_wav/S-0465.wav,DataSED - DataSED - Dataset for Sound Event Detection of environmental noise/SED_wav/S-0465.wav,DataSED - DataSED - Dataset for Sound Event Detection of environmental noise/SED_wav/S-0465.npy,1b63ab3e2a73f0a64135cc578016c1affbd6bc664dfd938c8546e6ad1d9c7409,cd8827910dfc41d0b5c5a6d1ec0b04a37ffaf804f55cd70929d7aeaaabb88ac3,64,4681,bbf5188fb61e44e59fba46cebd26aab9371508748b9185ae1d3222c9cbaabffa
datased:DataSED - DataSED - Dataset for Sound Event Detection of environmental noise/SED_wav/S-0466.wav,DataSED - DataSED - Dataset for Sound Event Detection of environmental noise/SED_wav/S-0466.wav,DataSED - DataSED - Dataset for Sound Event Detection of environmental noise/SED_wav/S-0466.npy,84d609d550cf4baffc6aaf5068051db52d06ac42057e6c90b02941f48efd43e8,5a61d07d46d406c7af318833201b92794c4ac568f5fb508a32175db4a975b316,64,3225,bbf5188fb61e44e59fba46cebd26aab9371508748b9185ae1d3222c9cbaabffa
datased:DataSED - DataSED - Dataset for Sound Event Detection of environmental noise/SED_wav/S-0467.wav,DataSED - DataSED - Dataset for Sound Event Detection of environmental noise/SED_wav/S-0467.wav,DataSED - DataSED - Dataset for Sound Event Detection of environmental noise/SED_wav/S-0467.npy,123d5942bfde22554715169cfe69deaa16978987d21b1fcd54f7650823e90519,60ea39a1bf677c79c3260f9f7b5286734be4c23e214733170c16d765a3b86255,64,1088,bbf5188fb61e44e59fba46cebd26aab9371508748b9185ae1d3222c9cbaabffa
datased:DataSED - DataSED - Dataset for Sound Event Detection of environmental noise/SED_wav/S-0468.wav,DataSED - DataSED - Dataset for Sound Event Detection of environmental noise/SED_wav/S-0468.wav,DataSED - DataSED - Dataset for Sound Event Detection of environmental noise/SED_wav/S-0468.npy,9e694151a58abc83137d78f9384192d0e18816964cad03ac6bb442770d51c93b,e98e5b8c5852b13f5628f0489c3786855ec52285d955854d69df546d7b722b39,64,1646,bbf5188fb61e44e59fba46cebd26aab9371508748b9185ae1d3222c9cbaabffa
datased:DataSED - DataSED - Dataset for Sound Event Detection of environmental noise/SED_wav/S-0469.wav,DataSED - DataSED - Dataset for Sound Event Detection of environmental noise/SED_wav/S-0469.wav,DataSED - DataSED - Dataset for Sound Event Detection of environmental noise/SED_wav/S-0469.npy,bb5882114033b6465c47fda9b839a7fb8db35a591b6f8a2dee9dac5dcbe87e7d,4e7f1a3e3b0a48644805c078a4d0524ce1ed5dfb4a8151ab0c5a5c41563bcc88,64,604,bbf5188fb61e44e59fba46cebd26aab9371508748b9185ae1d3222c9cbaabffa
datased:DataSED - DataSED - Dataset for Sound Event Detection of environmental noise/SED_wav/S-0470.wav,DataSED - DataSED - Dataset for Sound Event Detection of environmental noise/SED_wav/S-0470.wav,DataSED - DataSED - Dataset for Sound Event Detection of environmental noise/SED_wav/S-0470.npy,eadb24c24aa6e437e37be330f9ed2e8d2678154aa20338aa01aac9d158b5f6c6,5b71d7d01ea0d8d368bdd8c96455587b8924921f2cd914b9258d01f2e178120b,64,1573,bbf5188fb61e44e59fba46cebd26aab9371508748b9185ae1d3222c9cbaabffa
datased:DataSED - DataSED - Dataset for Sound Event Detection of environmental noise/SED_wav/S-0471.wav,DataSED - DataSED - Dataset for Sound Event Detection of environmental noise/SED_wav/S-0471.wav,DataSED - DataSED - Dataset for Sound Event Detection of environmental noise/SED_wav/S-0471.npy,b188276899736bcdbceb3b96bfddbe8dafa0e8fcbbeb084c11599a0d76906593,bbe0bdee240981dde0fff3e0c43e31cd3c9a317d7677e10c00b17dd9d946e31d,64,2542,bbf5188fb61e44e59fba46cebd26aab9371508748b9185ae1d3222c9cbaabffa
datased:DataSED - DataSED - Dataset for Sound Event Detection of environmental noise/SED_wav/S-0472.wav,DataSED - DataSED - Dataset for Sound Event Detection of environmental noise/SED_wav/S-0472.wav,DataSED - DataSED - Dataset for Sound Event Detection of environmental noise/SED_wav/S-0472.npy,ff31351564bfb856f70d146eb7489af96e8add0e5d6826f843f38faf34d785ab,edbd33ce092f5b2ba4a9f6f076e424b8857d0c6b538cbdfd2b54d72336078851,64,4089,bbf5188fb61e44e59fba46cebd26aab9371508748b9185ae1d3222c9cbaabffa
datased:DataSED - DataSED - Dataset for Sound Event Detection of environmental noise/SED_wav/S-0473.wav,DataSED - DataSED - Dataset for Sound Event Detection of environmental noise/SED_wav/S-0473.wav,DataSED - DataSED - Dataset for Sound Event Detection of environmental noise/SED_wav/S-0473.npy,6e18a3e848f805aae15229795f969722dc8799c8bbc585e05f313f16da1b4a48,e4816e3b994e7cc1419a5c90b4be7e40972c1266ea987457d31443f6b6f0e373,64,1878,bbf5188fb61e44e59fba46cebd26aab9371508748b9185ae1d3222c9cbaabffa
datased:DataSED - DataSED - Dataset for Sound Event Detection of environmental noise/SED_wav/S-0474.wav,DataSED - DataSED - Dataset for Sound Event Detection of environmental noise/SED_wav/S-0474.wav,DataSED - DataSED - Dataset for Sound Event Detection of environmental noise/SED_wav/S-0474.npy,f2da5680f1b318189786cd761178996591be8fd3511609ac2d3e31c2924b4232,0e5b0766296b8822363ca1fda15c281df7256112191530a31b1760ec52884cee,64,1260,bbf5188fb61e44e59fba46cebd26aab9371508748b9185ae1d3222c9cbaabffa
datased:DataSED - DataSED - Dataset for Sound Event Detection of environmental noise/SED_wav/S-0475.wav,DataSED - DataSED - Dataset for Sound Event Detection of environmental noise/SED_wav/S-0475.wav,DataSED - DataSED - Dataset for Sound Event Detection of environmental noise/SED_wav/S-0475.npy,100f73a3b53e4a612e0d2ee7d95d39d28f4c405f328b5ec0198c7d949f3a4465,4bed5d533d55e37f6cd544532c7dbebe01f936e5d2d505003ec06ba121c294ea,64,9256,bbf5188fb61e44e59fba46cebd26aab9371508748b9185ae1d3222c9cbaabffa
datased:DataSED - DataSED - Dataset for Sound Event Detection of environmental noise/SED_wav/S-0476.wav,DataSED - DataSED - Dataset for Sound Event Detection of environmental noise/SED_wav/S-0476.wav,DataSED - DataSED - Dataset for Sound Event Detection of environmental noise/SED_wav/S-0476.npy,71b206fbaac5e278f7f7f931f23c3d6ccfcd6398c73aa2580cbc9da53a1a3d90,b9a2e10c74e1ef4c3c35c579458ad60fa08d6041a7c8bd4997da0ab5430582ab,64,13988,bbf5188fb61e44e59fba46cebd26aab9371508748b9185ae1d3222c9cbaabffa
datased:DataSED - DataSED - Dataset for Sound Event Detection of environmental noise/SED_wav/S-0477.wav,DataSED - DataSED - Dataset for Sound Event Detection of environmental noise/SED_wav/S-0477.wav,DataSED - DataSED - Dataset for Sound Event Detection of environmental noise/SED_wav/S-0477.npy,2355568ef684d353824f95b5fb92cdb3f2e9bacf1e55b0cec8462c8e689d8098,4cb50126fbd6a2e767d10cedc86eeffe77281d46cdec3d07f36d1303a06e93a1,64,10564,bbf5188fb61e44e59fba46cebd26aab9371508748b9185ae1d3222c9cbaabffa
datased:DataSED - DataSED - Dataset for Sound Event Detection of environmental noise/SED_wav/S-0478.wav,DataSED - DataSED - Dataset for Sound Event Detection of environmental noise/SED_wav/S-0478.wav,DataSED - DataSED - Dataset for Sound Event Detection of environmental noise/SED_wav/S-0478.npy,ebe6465101ebe3f44649ee7c8ac6444aac219501e5686a89b669cf45de77f869,223b3e62516f68d5e89df5e5b9d521abd0e89bf41304d69fc807b84fb60cb4ee,64,3126,bbf5188fb61e44e59fba46cebd26aab9371508748b9185ae1d3222c9cbaabffa
datased:DataSED - DataSED - Dataset for Sound Event Detection of environmental noise/SED_wav/S-0479.wav,DataSED - DataSED - Dataset for Sound Event Detection of environmental noise/SED_wav/S-0479.wav,DataSED - DataSED - Dataset for Sound Event Detection of environmental noise/SED_wav/S-0479.npy,b01e4ae1dbb0b9d980b7386e188c8a12b8cd1e55454b25674b9607f7c52c4e83,3f8e1195d830ce8f950ad124388cbfc88f33a890360e0bb8c005438c6b25d709,64,9993,bbf5188fb61e44e59fba46cebd26aab9371508748b9185ae1d3222c9cbaabffa
datased:DataSED - DataSED - Dataset for Sound Event Detection of environmental noise/SED_wav/S-0480.wav,DataSED - DataSED - Dataset for Sound Event Detection of environmental noise/SED_wav/S-0480.wav,DataSED - DataSED - Dataset for Sound Event Detection of environmental noise/SED_wav/S-0480.npy,d85e1c503d782c384ee0c296aeddd7bd4c3500271e9c41c1ab936dc390ee8a45,9fca3ccb7b4087eba23f89108818486383a3ac824b3268e0027e8668fd66bf66,64,12368,bbf5188fb61e44e59fba46cebd26aab9371508748b9185ae1d3222c9cbaabffa
datased:DataSED - DataSED - Dataset for Sound Event Detection of environmental noise/SED_wav/S-0481.wav,DataSED - DataSED - Dataset for Sound Event Detection of environmental noise/SED_wav/S-0481.wav,DataSED - DataSED - Dataset for Sound Event Detection of environmental noise/SED_wav/S-0481.npy,2fc9f263f5b72b2bd266098cee785eb7741d1eeb26999c509c1d9e3884684427,68846950dff03bdaee6aedb432e92db11a749984ef7518bca0cdb970e3910b04,64,5201,bbf5188fb61e44e59fba46cebd26aab9371508748b9185ae1d3222c9cbaabffa
datased:DataSED - DataSED - Dataset for Sound Event Detection of environmental noise/SED_wav/S-0482.wav,DataSED - DataSED - Dataset for Sound Event Detection of environmental noise/SED_wav/S-0482.wav,DataSED - DataSED - Dataset for Sound Event Detection of environmental noise/SED_wav/S-0482.npy,de4e739efe712ad8bb41d696a42e0a5ab989bf5d1d82941f568db1d6bec867f2,a2ff8095f6c2e4c8b1a82eda07cc3e2a7313f297e192596ef7b6baee637c1cf2,64,7710,bbf5188fb61e44e59fba46cebd26aab9371508748b9185ae1d3222c9cbaabffa
datased:DataSED - DataSED - Dataset for Sound Event Detection of environmental noise/SED_wav/S-0483.wav,DataSED - DataSED - Dataset for Sound Event Detection of environmental noise/SED_wav/S-0483.wav,DataSED - DataSED - Dataset for Sound Event Detection of environmental noise/SED_wav/S-0483.npy,b293230773b5b2656e55ce90399e5815bc4f2aa95683bec27da2fae5ddb4826a,1773c37d361d0d146be6cba6670017cae23fb1d4db75170309b28587ee3b8b5a,64,7949,bbf5188fb61e44e59fba46cebd26aab9371508748b9185ae1d3222c9cbaabffa
datased:DataSED - DataSED - Dataset for Sound Event Detection of environmental noise/SED_wav/S-0484.wav,DataSED - DataSED - Dataset for Sound Event Detection of environmental noise/SED_wav/S-0484.wav,DataSED - DataSED - Dataset for Sound Event Detection of environmental noise/SED_wav/S-0484.npy,17c072f2482303e9f1bab06c459fc63258076e64a9962911ef22280a0b17fba7,2265a147d978c41aaee1ecc06d75c52923d47045a0b1e9309ae646255a407235,64,3138,bbf5188fb61e44e59fba46cebd26aab9371508748b9185ae1d3222c9cbaabffa
datased:DataSED - DataSED - Dataset for Sound Event Detection of environmental noise/SED_wav/S-0485.wav,DataSED - DataSED - Dataset for Sound Event Detection of environmental noise/SED_wav/S-0485.wav,DataSED - DataSED - Dataset for Sound Event Detection of environmental noise/SED_wav/S-0485.npy,78d4f8351012635fffa0692183c9e3114aa145b023c2d14bd9a143ff2ff13ccf,d255363f087043f058df8d9d97ef52bdbcabb6dac4c8fa9b804a0380a294ec0b,64,9302,bbf5188fb61e44e59fba46cebd26aab9371508748b9185ae1d3222c9cbaabffa
datased:DataSED - DataSED - Dataset for Sound Event Detection of environmental noise/SED_wav/S-0486.wav,DataSED - DataSED - Dataset for Sound Event Detection of environmental noise/SED_wav/S-0486.wav,DataSED - DataSED - Dataset for Sound Event Detection of environmental noise/SED_wav/S-0486.npy,6b8eefb99fb95d74a2b82b178bd68740098431a914cace7e5acea45d813d1977,12c088313c852c833825398c253fa4e709b75990253e64e919e44da8a67e2bfc,64,14145,bbf5188fb61e44e59fba46cebd26aab9371508748b9185ae1d3222c9cbaabffa
datased:DataSED - DataSED - Dataset for Sound Event Detection of environmental noise/SED_wav/S-0487.wav,DataSED - DataSED - Dataset for Sound Event Detection of environmental noise/SED_wav/S-0487.wav,DataSED - DataSED - Dataset for Sound Event Detection of environmental noise/SED_wav/S-0487.npy,4b08e395e6f9fcc7f3a9d3e3514c705af32e8e763ed304f7b6cba4bc641cfa36,3dd5262b3471279f315c157323a38c84aa317e1c5ea84354d2b71c691524e6a9,64,4899,bbf5188fb61e44e59fba46cebd26aab9371508748b9185ae1d3222c9cbaabffa
datased:DataSED - DataSED - Dataset for Sound Event Detection of environmental noise/SED_wav/S-0488.wav,DataSED - DataSED - Dataset for Sound Event Detection of environmental noise/SED_wav/S-0488.wav,DataSED - DataSED - Dataset for Sound Event Detection of environmental noise/SED_wav/S-0488.npy,6f70cef409c9d001d89b1041ce6874673b86a36672d4e9838e56838365686793,73824c6a527037d88c219b713503c0c5d12d5fcd66dbe08e333f95f962eb9148,64,4945,bbf5188fb61e44e59fba46cebd26aab9371508748b9185ae1d3222c9cbaabffa
datased:DataSED - DataSED - Dataset for Sound Event Detection of environmental noise/SED_wav/S-0489.wav,DataSED - DataSED - Dataset for Sound Event Detection of environmental noise/SED_wav/S-0489.wav,DataSED - DataSED - Dataset for Sound Event Detection of environmental noise/SED_wav/S-0489.npy,73659e07d521d0c3864e225f1879bc8f529404e68d763e57596836eb740b8d91,ebe83bb2480a35b1a8824acb63039ff908686415ebc729eb445b097860e59ea8,64,4151,bbf5188fb61e44e59fba46cebd26aab9371508748b9185ae1d3222c9cbaabffa
datased:DataSED - DataSED - Dataset for Sound Event Detection of environmental noise/SED_wav/S-0490.wav,DataSED - DataSED - Dataset for Sound Event Detection of environmental noise/SED_wav/S-0490.wav,DataSED - DataSED - Dataset for Sound Event Detection of environmental noise/SED_wav/S-0490.npy,e11f2764bae81129867dee8faabe3ea1c282b29b9186f12d46f47ad0fd0eeddd,228cb79f345c5dc7018e3252e9d7688ff3bc36986cf34b6ffb59d828302ec456,64,11778,bbf5188fb61e44e59fba46cebd26aab9371508748b9185ae1d3222c9cbaabffa
datased:DataSED - DataSED - Dataset for Sound Event Detection of environmental noise/SED_wav/S-0491.wav,DataSED - DataSED - Dataset for Sound Event Detection of environmental noise/SED_wav/S-0491.wav,DataSED - DataSED - Dataset for Sound Event Detection of environmental noise/SED_wav/S-0491.npy,b1e3550947ff1cf740bfeede2015bb5048a0395eb5292b7737fd2e13636753c7,ea57d8843e3ea34b3447930e80dfa1bde2e38803401170890a87c1819b63ae5e,64,1485,bbf5188fb61e44e59fba46cebd26aab9371508748b9185ae1d3222c9cbaabffa
datased:DataSED - DataSED - Dataset for Sound Event Detection of environmental noise/SED_wav/S-0492.wav,DataSED - DataSED - Dataset for Sound Event Detection of environmental noise/SED_wav/S-0492.wav,DataSED - DataSED - Dataset for Sound Event Detection of environmental noise/SED_wav/S-0492.npy,1cc3c018f2ffbf3302f149aeb16496faba6c49a7c43f4db4ed775cc274fc18f9,8ac8cbef6f0d617749d3d8c20271b6e615e8ea2e47bcd4c1b8cca18c8ee1d01c,64,3960,bbf5188fb61e44e59fba46cebd26aab9371508748b9185ae1d3222c9cbaabffa
datased:DataSED - DataSED - Dataset for Sound Event Detection of environmental noise/SED_wav/S-0493.wav,DataSED - DataSED - Dataset for Sound Event Detection of environmental noise/SED_wav/S-0493.wav,DataSED - DataSED - Dataset for Sound Event Detection of environmental noise/SED_wav/S-0493.npy,7f07edaa36abd819c8affb27031a112caf5210646b87238e2e121a1fe705d175,5c523b253401a50ba47be6c334f5142023ee2592972ba4fa7d8efbe40b49a8a7,64,6276,bbf5188fb61e44e59fba46cebd26aab9371508748b9185ae1d3222c9cbaabffa
datased:DataSED - DataSED - Dataset for Sound Event Detection of environmental noise/SED_wav/S-0494.wav,DataSED - DataSED - Dataset for Sound Event Detection of environmental noise/SED_wav/S-0494.wav,DataSED - DataSED - Dataset for Sound Event Detection of environmental noise/SED_wav/S-0494.npy,912ba6091a7c9761ce288a746b84b1b88772d776f6ea1465f12f71c17917a682,ea6037eb2b2d99d0c4bc48292289b441a6c0b909ea1fb72ac153809736d96f2f,64,3047,bbf5188fb61e44e59fba46cebd26aab9371508748b9185ae1d3222c9cbaabffa
datased:DataSED - DataSED - Dataset for Sound Event Detection of environmental noise/SED_wav/S-0495.wav,DataSED - DataSED - Dataset for Sound Event Detection of environmental noise/SED_wav/S-0495.wav,DataSED - DataSED - Dataset for Sound Event Detection of environmental noise/SED_wav/S-0495.npy,33347425e75d9f7e3bb972b97132ad7b6b030db241661b71df4334ed041b0ee6,e63f615e58e0b5af179d3438699ebe9687726c40613af326674a5ed6c621e586,64,9170,bbf5188fb61e44e59fba46cebd26aab9371508748b9185ae1d3222c9cbaabffa
datased:DataSED - DataSED - Dataset for Sound Event Detection of environmental noise/SED_wav/S-0496.wav,DataSED - DataSED - Dataset for Sound Event Detection of environmental noise/SED_wav/S-0496.wav,DataSED - DataSED - Dataset for Sound Event Detection of environmental noise/SED_wav/S-0496.npy,314aa48473c93bb1f6c21b2ce60f597545a55251b3257b4e6df214b4966edf6c,5fb370e4d1a9f103740bfca0d16e79a69abb7ff13b1c73ba0ab7898e1f0a13b0,64,9345,bbf5188fb61e44e59fba46cebd26aab9371508748b9185ae1d3222c9cbaabffa
datased:DataSED - DataSED - Dataset for Sound Event Detection of environmental noise/SED_wav/S-0497.wav,DataSED - DataSED - Dataset for Sound Event Detection of environmental noise/SED_wav/S-0497.wav,DataSED - DataSED - Dataset for Sound Event Detection of environmental noise/SED_wav/S-0497.npy,37c4158e2ec5387790178564ad59dc4fe5f1fa41c9f55848323beaa32a58822b,742248924153ab86af1851e37b84c6f458e985b8017f91b94d9e8bd7dd7e67b5,64,8068,bbf5188fb61e44e59fba46cebd26aab9371508748b9185ae1d3222c9cbaabffa
datased:DataSED - DataSED - Dataset for Sound Event Detection of environmental noise/SED_wav/S-0498.wav,DataSED - DataSED - Dataset for Sound Event Detection of environmental noise/SED_wav/S-0498.wav,DataSED - DataSED - Dataset for Sound Event Detection of environmental noise/SED_wav/S-0498.npy,40985194edf171bcccbc54afaeedb66b073f7449c1e0e9eac87f51e0ec6ae5d4,19ac1f9f75d98edab7fce32f18de493142f498b4219478055af17ff169420c86,64,2888,bbf5188fb61e44e59fba46cebd26aab9371508748b9185ae1d3222c9cbaabffa
datased:DataSED - DataSED - Dataset for Sound Event Detection of environmental noise/SED_wav/S-0499.wav,DataSED - DataSED - Dataset for Sound Event Detection of environmental noise/SED_wav/S-0499.wav,DataSED - DataSED - Dataset for Sound Event Detection of environmental noise/SED_wav/S-0499.npy,9f68f592fffbc1a6a3e1d25fb734104a05cd4c40ca50a7cd15f1e4f5f06a2332,6ac35700d5a4e7bee89edccb9dd1386dc4a4e56b12e97c15105952ad87f00906,64,10931,bbf5188fb61e44e59fba46cebd26aab9371508748b9185ae1d3222c9cbaabffa
datased:DataSED - DataSED - Dataset for Sound Event Detection of environmental noise/SED_wav/S-0500.wav,DataSED - DataSED - Dataset for Sound Event Detection of environmental noise/SED_wav/S-0500.wav,DataSED - DataSED - Dataset for Sound Event Detection of environmental noise/SED_wav/S-0500.npy,8eb18dc80b6519e85d79eb8be9b72233b9cfbb4a724685869abccbef997ec886,e6f26ad0ba243d5dc9e8df6220612fd4b9d0051d38e54a77a554621cd6daa3e3,64,10055,bbf5188fb61e44e59fba46cebd26aab9371508748b9185ae1d3222c9cbaabffa
datased:DataSED - DataSED - Dataset for Sound Event Detection of environmental noise/SED_wav/S-0501.wav,DataSED - DataSED - Dataset for Sound Event Detection of environmental noise/SED_wav/S-0501.wav,DataSED - DataSED - Dataset for Sound Event Detection of environmental noise/SED_wav/S-0501.npy,456d5ff3215c4d201f131308a7ca61a745a4461e7a25716ace423a368917fcdc,88e92dfc93d42cba3a1f6b401a618fe49d11809c594909904c67d1cc728a007f,64,1849,bbf5188fb61e44e59fba46cebd26aab9371508748b9185ae1d3222c9cbaabffa
datased:DataSED - DataSED - Dataset for Sound Event Detection of environmental noise/SED_wav/S-0502.wav,DataSED - DataSED - Dataset for Sound Event Detection of environmental noise/SED_wav/S-0502.wav,DataSED - DataSED - Dataset for Sound Event Detection of environmental noise/SED_wav/S-0502.npy,b65449e15fb4ecf0327986f6a45fed2f977d36daf62dabf62f69e9e62b2d903f,5f5a4f1c40ea1402119072861ef42746ee0653a72cc33c63e3cac644a8d5165a,64,12979,bbf5188fb61e44e59fba46cebd26aab9371508748b9185ae1d3222c9cbaabffa
datased:DataSED - DataSED - Dataset for Sound Event Detection of environmental noise/SED_wav/S-0503.wav,DataSED - DataSED - Dataset for Sound Event Detection of environmental noise/SED_wav/S-0503.wav,DataSED - DataSED - Dataset for Sound Event Detection of environmental noise/SED_wav/S-0503.npy,f315ce8f41d458f3da97df2392e0b6a001fd583b0cf6060ad234cee37986be73,81e65a07ef7cd5aa7899883dfe924b8da76f8cc8476aa59c8649c045946c9d5f,64,12486,bbf5188fb61e44e59fba46cebd26aab9371508748b9185ae1d3222c9cbaabffa
datased:DataSED - DataSED - Dataset for Sound Event Detection of environmental noise/SED_wav/S-0504.wav,DataSED - DataSED - Dataset for Sound Event Detection of environmental noise/SED_wav/S-0504.wav,DataSED - DataSED - Dataset for Sound Event Detection of environmental noise/SED_wav/S-0504.npy,cc84cb212f39c40f67951ed6fc104535575eb1e32370190f14168262c59f7375,ebf7dbeb7ce983d9cfcfe2e9b9db6af5f2b27282096c79cf185fdfb1d03f76b2,64,14006,bbf5188fb61e44e59fba46cebd26aab9371508748b9185ae1d3222c9cbaabffa
datased:DataSED - DataSED - Dataset for Sound Event Detection of environmental noise/SED_wav/S-0505.wav,DataSED - DataSED - Dataset for Sound Event Detection of environmental noise/SED_wav/S-0505.wav,DataSED - DataSED - Dataset for Sound Event Detection of environmental noise/SED_wav/S-0505.npy,7093f7e1b3ec57cdb4a330279b11901a516e56cd0b77e00da08e2a6b758fcb4a,3705128d67c8e8fc3be1fa2133464546fcf9ace9e5096df9627adec9f66d98d1,64,15206,bbf5188fb61e44e59fba46cebd26aab9371508748b9185ae1d3222c9cbaabffa
datased:DataSED - DataSED - Dataset for Sound Event Detection of environmental noise/SED_wav/S-0506.wav,DataSED - DataSED - Dataset for Sound Event Detection of environmental noise/SED_wav/S-0506.wav,DataSED - DataSED - Dataset for Sound Event Detection of environmental noise/SED_wav/S-0506.npy,5a23a6a471b75993c4e4a3d71163544b91bcf3523533f894f055b7f90dfb3e3c,1f72fb8a21c1c7ca66684c647c792bb688e158ac37716fa773e21091f7b18bd4,64,14048,bbf5188fb61e44e59fba46cebd26aab9371508748b9185ae1d3222c9cbaabffa
datased:DataSED - DataSED - Dataset for Sound Event Detection of environmental noise/SED_wav/S-0507.wav,DataSED - DataSED - Dataset for Sound Event Detection of environmental noise/SED_wav/S-0507.wav,DataSED - DataSED - Dataset for Sound Event Detection of environmental noise/SED_wav/S-0507.npy,3845b50694be1a3eb43f90d99328f67e9478d8bcb2e13678819c64cb5a1485ed,467837d1c4707f1e7278e3a37d4b4a00b80fc53a4b2b9ad6db027e6555948251,64,4525,bbf5188fb61e44e59fba46cebd26aab9371508748b9185ae1d3222c9cbaabffa
datased:DataSED - DataSED - Dataset for Sound Event Detection of environmental noise/SED_wav/S-0508.wav,DataSED - DataSED - Dataset for Sound Event Detection of environmental noise/SED_wav/S-0508.wav,DataSED - DataSED - Dataset for Sound Event Detection of environmental noise/SED_wav/S-0508.npy,cebb7307a5b7f3576168ad56973e4a79f0b04650446a4891e22b9e27da6befe9,4bc39f33dc59a6be62c347d4bf57f059842a328349bf1e37a10be8751545124f,64,3298,bbf5188fb61e44e59fba46cebd26aab9371508748b9185ae1d3222c9cbaabffa
datased:DataSED - DataSED - Dataset for Sound Event Detection of environmental noise/SED_wav/S-0509.wav,DataSED - DataSED - Dataset for Sound Event Detection of environmental noise/SED_wav/S-0509.wav,DataSED - DataSED - Dataset for Sound Event Detection of environmental noise/SED_wav/S-0509.npy,5d80a5c3b85f38cc4756e9ab5c85eb991c3ba2c2eb2fde68d88198aea23bf02a,3b5d667750f4631dcb8f3bb4c4980db5b6922286d457f0a87325431c0b139382,64,5703,bbf5188fb61e44e59fba46cebd26aab9371508748b9185ae1d3222c9cbaabffa
datased:DataSED - DataSED - Dataset for Sound Event Detection of environmental noise/SED_wav/S-0510.wav,DataSED - DataSED - Dataset for Sound Event Detection of environmental noise/SED_wav/S-0510.wav,DataSED - DataSED - Dataset for Sound Event Detection of environmental noise/SED_wav/S-0510.npy,d25dc6502c36d342f5f2765378528b468a0dcb560bde0740a2c591a1d5d01888,e9e425abb59bc86c3a5128e030942f91fcc9ba98358692662e6ed6bc7b022bc4,64,869,bbf5188fb61e44e59fba46cebd26aab9371508748b9185ae1d3222c9cbaabffa
datased:DataSED - DataSED - Dataset for Sound Event Detection of environmental noise/SED_wav/S-0511.wav,DataSED - DataSED - Dataset for Sound Event Detection of environmental noise/SED_wav/S-0511.wav,DataSED - DataSED - Dataset for Sound Event Detection of environmental noise/SED_wav/S-0511.npy,60b833e40d183391e278937d3f0e24fe635a9b49195bbbbdf9f447848f4f4b93,18d7325800f715947d46a7c45a2f0b70f6131f183a6372bffe80d40b15df1443,64,2895,bbf5188fb61e44e59fba46cebd26aab9371508748b9185ae1d3222c9cbaabffa
datased:DataSED - DataSED - Dataset for Sound Event Detection of environmental noise/SED_wav/S-0512.wav,DataSED - DataSED - Dataset for Sound Event Detection of environmental noise/SED_wav/S-0512.wav,DataSED - DataSED - Dataset for Sound Event Detection of environmental noise/SED_wav/S-0512.npy,7b6a9908e026e177ec5f3747f6e5af2e281afb78af16433c92ff9c371bc89613,c8e25e85f9f4b1c8555f04b3db4d67a5a62d3395164611248db0606c4a9f04b2,64,1665,bbf5188fb61e44e59fba46cebd26aab9371508748b9185ae1d3222c9cbaabffa
datased:DataSED - DataSED - Dataset for Sound Event Detection of environmental noise/SED_wav/S-0513.wav,DataSED - DataSED - Dataset for Sound Event Detection of environmental noise/SED_wav/S-0513.wav,DataSED - DataSED - Dataset for Sound Event Detection of environmental noise/SED_wav/S-0513.npy,4395e9067f30d3dd5ad865ca2d38b65f72791661b8621612b47f77064aac0847,f9dd0f9a6066f5db551e729815f4df39a0e7e0b257f2128a784ab03d39a8ea45,64,4175,bbf5188fb61e44e59fba46cebd26aab9371508748b9185ae1d3222c9cbaabffa
datased:DataSED - DataSED - Dataset for Sound Event Detection of environmental noise/SED_wav/S-0514.wav,DataSED - DataSED - Dataset for Sound Event Detection of environmental noise/SED_wav/S-0514.wav,DataSED - DataSED - Dataset for Sound Event Detection of environmental noise/SED_wav/S-0514.npy,159fb1cb4d15dd9ca8e77ac30afd96cc94f57d13a560ebdb2f9af1348c34b37a,ba9751e0b4e48b326c6df5ad6d8c04a93c53352c47223c4f8698a8613afa8e4c,64,6087,bbf5188fb61e44e59fba46cebd26aab9371508748b9185ae1d3222c9cbaabffa
datased:DataSED - DataSED - Dataset for Sound Event Detection of environmental noise/SED_wav/S-0515.wav,DataSED - DataSED - Dataset for Sound Event Detection of environmental noise/SED_wav/S-0515.wav,DataSED - DataSED - Dataset for Sound Event Detection of environmental noise/SED_wav/S-0515.npy,74eaf298719a0b0fb2e4c7d7f5237c21893c2520e476813bf1ef87cf86c42661,ce0b90b2077a00a39c35ae0d6ea8197f5ddc7c8a4f4fb9f36353ee5b50817951,64,14733,bbf5188fb61e44e59fba46cebd26aab9371508748b9185ae1d3222c9cbaabffa
datased:DataSED - DataSED - Dataset for Sound Event Detection of environmental noise/SED_wav/S-0516.wav,DataSED - DataSED - Dataset for Sound Event Detection of environmental noise/SED_wav/S-0516.wav,DataSED - DataSED - Dataset for Sound Event Detection of environmental noise/SED_wav/S-0516.npy,d15a0760a82d138e2ad2021051e2ab11be0314fce19a21d08f3a655ac2064234,d593bda3e5578c92ef7099d2ad829b7a98f7eb32f0fb342b2cde4473f1530222,64,18217,bbf5188fb61e44e59fba46cebd26aab9371508748b9185ae1d3222c9cbaabffa
datased:DataSED - DataSED - Dataset for Sound Event Detection of environmental noise/SED_wav/S-0517.wav,DataSED - DataSED - Dataset for Sound Event Detection of environmental noise/SED_wav/S-0517.wav,DataSED - DataSED - Dataset for Sound Event Detection of environmental noise/SED_wav/S-0517.npy,25ad980ad37d3627bb8abac48812c2d7edefc8e9cf8c02d6d3c17bea934348a4,14b9e11f83c2c5ec00bc38d08910fe6f9a926b5edd4cdbc657c2ae2ab873c9e6,64,20610,bbf5188fb61e44e59fba46cebd26aab9371508748b9185ae1d3222c9cbaabffa
datased:DataSED - DataSED - Dataset for Sound Event Detection of environmental noise/SED_wav/S-0518.wav,DataSED - DataSED - Dataset for Sound Event Detection of environmental noise/SED_wav/S-0518.wav,DataSED - DataSED - Dataset for Sound Event Detection of environmental noise/SED_wav/S-0518.npy,d52d5f6c8caf8840712a223b86c99b7b3a2d9938a6cf1bb798808f5ae7b70075,5a48010813ce454f5dd86272fee2643e13284f580d584ed19f22bf39c41a8914,64,8249,bbf5188fb61e44e59fba46cebd26aab9371508748b9185ae1d3222c9cbaabffa
datased:DataSED - DataSED - Dataset for Sound Event Detection of environmental noise/SED_wav/S-0519.wav,DataSED - DataSED - Dataset for Sound Event Detection of environmental noise/SED_wav/S-0519.wav,DataSED - DataSED - Dataset for Sound Event Detection of environmental noise/SED_wav/S-0519.npy,db6bdb05d550642d1257949ab9a39e303f1f860888bab0bcfafd58308392e3a0,e6c394ed8a583f71596035e156b52b9a136ef416ad5017b7dce0a57e85abd5fc,64,18936,bbf5188fb61e44e59fba46cebd26aab9371508748b9185ae1d3222c9cbaabffa
datased:DataSED - DataSED - Dataset for Sound Event Detection of environmental noise/SED_wav/S-0520.wav,DataSED - DataSED - Dataset for Sound Event Detection of environmental noise/SED_wav/S-0520.wav,DataSED - DataSED - Dataset for Sound Event Detection of environmental noise/SED_wav/S-0520.npy,0b077f73166fe6782a1723e958c4c06351fab7a850300c3507aba17993d56f86,437a1ddb10028f0fed45cb8ff2f4f576ddbc53aff018aeb6baa199d5d0ab2008,64,7472,bbf5188fb61e44e59fba46cebd26aab9371508748b9185ae1d3222c9cbaabffa
datased:DataSED - DataSED - Dataset for Sound Event Detection of environmental noise/SED_wav/S-0521.wav,DataSED - DataSED - Dataset for Sound Event Detection of environmental noise/SED_wav/S-0521.wav,DataSED - DataSED - Dataset for Sound Event Detection of environmental noise/SED_wav/S-0521.npy,3cb5e6f6c700cc11a4ce06a09f69aa98a7ce2c26acfdff69e44d7765d41d301e,f2f6814f2b56d039fc45e3d6ccaf6bef096f0ec2181a831b6b21ad82cc9fc0f3,64,3312,bbf5188fb61e44e59fba46cebd26aab9371508748b9185ae1d3222c9cbaabffa
datased:DataSED - DataSED - Dataset for Sound Event Detection of environmental noise/SED_wav/S-0522.wav,DataSED - DataSED - Dataset for Sound Event Detection of environmental noise/SED_wav/S-0522.wav,DataSED - DataSED - Dataset for Sound Event Detection of environmental noise/SED_wav/S-0522.npy,248279ffed057e81d02e40bb3a6f26ef6cf2920a22c3b81102d9cabf4468a584,612d0cc9a27d11df325c5ed2d56392b47bf126ecfb6fd34bdd848346b503c17e,64,11599,bbf5188fb61e44e59fba46cebd26aab9371508748b9185ae1d3222c9cbaabffa
datased:DataSED - DataSED - Dataset for Sound Event Detection of environmental noise/SED_wav/S-0523.wav,DataSED - DataSED - Dataset for Sound Event Detection of environmental noise/SED_wav/S-0523.wav,DataSED - DataSED - Dataset for Sound Event Detection of environmental noise/SED_wav/S-0523.npy,c9999e5d7e9d831f10112e6798872417807bef9bdd2e3f8024e65cd294bea46f,936657ae2ddc2219ab6fe53e3a3988af5b8b5d815bb63cae1411a7af640af485,64,7321,bbf5188fb61e44e59fba46cebd26aab9371508748b9185ae1d3222c9cbaabffa
datased:DataSED - DataSED - Dataset for Sound Event Detection of environmental noise/SED_wav/S-0524.wav,DataSED - DataSED - Dataset for Sound Event Detection of environmental noise/SED_wav/S-0524.wav,DataSED - DataSED - Dataset for Sound Event Detection of environmental noise/SED_wav/S-0524.npy,c9b9dec3a1f70cddecd136734d90ffaf224e51ceb00e383235526200e86f716a,5c7f332eca98b478242baa12adf030b4d4a3287a2ccb354368b619603351e083,64,5440,bbf5188fb61e44e59fba46cebd26aab9371508748b9185ae1d3222c9cbaabffa
datased:DataSED - DataSED - Dataset for Sound Event Detection of environmental noise/SED_wav/S-0525.wav,DataSED - DataSED - Dataset for Sound Event Detection of environmental noise/SED_wav/S-0525.wav,DataSED - DataSED - Dataset for Sound Event Detection of environmental noise/SED_wav/S-0525.npy,f3e66c43f6f82a684c3570fdb1f565af641aa2c5bb90999af5fbfa8d3e888fae,c70f2aacc64fa4c810730c9ad43fc35cf6f737d8d9785f3685d6e82600e07ea9,64,10046,bbf5188fb61e44e59fba46cebd26aab9371508748b9185ae1d3222c9cbaabffa
datased:DataSED - DataSED - Dataset for Sound Event Detection of environmental noise/SED_wav/S-0526.wav,DataSED - DataSED - Dataset for Sound Event Detection of environmental noise/SED_wav/S-0526.wav,DataSED - DataSED - Dataset for Sound Event Detection of environmental noise/SED_wav/S-0526.npy,398a99768428639586129726e899f2281ecba6c711d4b5b98fecc56dba89856b,a9c4f50520edb3ed3537ed1acdba9b0820f3acc2fe21975b97a3d1d5c84adddb,64,14224,bbf5188fb61e44e59fba46cebd26aab9371508748b9185ae1d3222c9cbaabffa
datased:DataSED - DataSED - Dataset for Sound Event Detection of environmental noise/SED_wav/S-0527.wav,DataSED - DataSED - Dataset for Sound Event Detection of environmental noise/SED_wav/S-0527.wav,DataSED - DataSED - Dataset for Sound Event Detection of environmental noise/SED_wav/S-0527.npy,64f02bdd74d5337c206dedd4754bc16698976f665966c51ce29063c19285a00b,5736f595608196da2b85447e1bb69db0fcbbdc5190249eccce581917a1ab6e36,64,16680,bbf5188fb61e44e59fba46cebd26aab9371508748b9185ae1d3222c9cbaabffa
datased:DataSED - DataSED - Dataset for Sound Event Detection of environmental noise/SED_wav/S-0528.wav,DataSED - DataSED - Dataset for Sound Event Detection of environmental noise/SED_wav/S-0528.wav,DataSED - DataSED - Dataset for Sound Event Detection of environmental noise/SED_wav/S-0528.npy,a3a5d3b30b1397be35d03a3497d12f5a68aabdde1c005ceb339140e5a8a1a35c,b3632207e7c5465e97a181093b2fb4fac6374567b136fd0b55cddb00f603d625,64,12449,bbf5188fb61e44e59fba46cebd26aab9371508748b9185ae1d3222c9cbaabffa
datased:DataSED - DataSED - Dataset for Sound Event Detection of environmental noise/SED_wav/S-0529.wav,DataSED - DataSED - Dataset for Sound Event Detection of environmental noise/SED_wav/S-0529.wav,DataSED - DataSED - Dataset for Sound Event Detection of environmental noise/SED_wav/S-0529.npy,97ac14d2b6477e646becedbc34b8cdc6736fac84a09921248c070ad01cb23fb8,a26475d12b7e9c0c2fc7e3981dfa21e17a752fda69dfb1e210367d188b834d4f,64,11865,bbf5188fb61e44e59fba46cebd26aab9371508748b9185ae1d3222c9cbaabffa
datased:DataSED - DataSED - Dataset for Sound Event Detection of environmental noise/SED_wav/S-0530.wav,DataSED - DataSED - Dataset for Sound Event Detection of environmental noise/SED_wav/S-0530.wav,DataSED - DataSED - Dataset for Sound Event Detection of environmental noise/SED_wav/S-0530.npy,81d6b0e0eedda8b3ea8d654087576e02706f146088ba820055147d23da947d28,486abfc4c5a97b066f787904d6f5f6998029bcfe2c86b5394aea3dc3d257bebe,64,12069,bbf5188fb61e44e59fba46cebd26aab9371508748b9185ae1d3222c9cbaabffa
datased:DataSED - DataSED - Dataset for Sound Event Detection of environmental noise/SED_wav/S-0531.wav,DataSED - DataSED - Dataset for Sound Event Detection of environmental noise/SED_wav/S-0531.wav,DataSED - DataSED - Dataset for Sound Event Detection of environmental noise/SED_wav/S-0531.npy,785ee2cac46a34d54e9503ee7654216ae92405cce950ea11ab6e012b17a7dbb6,27f265dd1349c2d349eff5f3b0453317c81fc8010d157e9e932f84dae01884f0,64,10247,bbf5188fb61e44e59fba46cebd26aab9371508748b9185ae1d3222c9cbaabffa
datased:DataSED - DataSED - Dataset for Sound Event Detection of environmental noise/SED_wav/S-0532.wav,DataSED - DataSED - Dataset for Sound Event Detection of environmental noise/SED_wav/S-0532.wav,DataSED - DataSED - Dataset for Sound Event Detection of environmental noise/SED_wav/S-0532.npy,d8a3bde8c378cb92808d2f80dae047f308c264331ea007c9889d1f5a776d60c6,f435e4064de409c1717277056914a84e0ecf9ea6814da6797318fa81e970b614,64,7217,bbf5188fb61e44e59fba46cebd26aab9371508748b9185ae1d3222c9cbaabffa
datased:DataSED - DataSED - Dataset for Sound Event Detection of environmental noise/SED_wav/S-0533.wav,DataSED - DataSED - Dataset for Sound Event Detection of environmental noise/SED_wav/S-0533.wav,DataSED - DataSED - Dataset for Sound Event Detection of environmental noise/SED_wav/S-0533.npy,d04df0b24cd79c9b9a0fc05f6ef6c7c9ae26bb879c61b5a9d1c6784897df0cee,7def53ae039e71f6f167e80ff521deca42351f4f139f83e76c5f0e82e4c4823b,64,10832,bbf5188fb61e44e59fba46cebd26aab9371508748b9185ae1d3222c9cbaabffa
datased:DataSED - DataSED - Dataset for Sound Event Detection of environmental noise/SED_wav/S-0534.wav,DataSED - DataSED - Dataset for Sound Event Detection of environmental noise/SED_wav/S-0534.wav,DataSED - DataSED - Dataset for Sound Event Detection of environmental noise/SED_wav/S-0534.npy,81403cd95a26036d79761e3d426a4207cced5342b27060654b5a7ff22f9a8205,be73acede78408969a37f77900efb45ee93aff9491f5c5d9d2e6fb2a2f0679da,64,8709,bbf5188fb61e44e59fba46cebd26aab9371508748b9185ae1d3222c9cbaabffa
datased:DataSED - DataSED - Dataset for Sound Event Detection of environmental noise/SED_wav/S-0535.wav,DataSED - DataSED - Dataset for Sound Event Detection of environmental noise/SED_wav/S-0535.wav,DataSED - DataSED - Dataset for Sound Event Detection of environmental noise/SED_wav/S-0535.npy,13819b3a949c33a7cbe6cd05bc9d85b17eaebb6429d6c3dac693ed7470f5a6e3,a06add515ed21a9d30c5e3804d46313bd496abf4a45ee011f5f0615223b9d8a7,64,1449,bbf5188fb61e44e59fba46cebd26aab9371508748b9185ae1d3222c9cbaabffa
datased:DataSED - DataSED - Dataset for Sound Event Detection of environmental noise/SED_wav/S-0536.wav,DataSED - DataSED - Dataset for Sound Event Detection of environmental noise/SED_wav/S-0536.wav,DataSED - DataSED - Dataset for Sound Event Detection of environmental noise/SED_wav/S-0536.npy,63dbebcf9906e40c3b0f32525bbabd2990b66189827f887e072fc1c76613b162,50465a701df849f04fa8fd7abe0f4fb13de093e4b2af016376f4eaae6db5a6b8,64,12723,bbf5188fb61e44e59fba46cebd26aab9371508748b9185ae1d3222c9cbaabffa
datased:DataSED - DataSED - Dataset for Sound Event Detection of environmental noise/SED_wav/S-0537.wav,DataSED - DataSED - Dataset for Sound Event Detection of environmental noise/SED_wav/S-0537.wav,DataSED - DataSED - Dataset for Sound Event Detection of environmental noise/SED_wav/S-0537.npy,4ea6585ee901f018eb8cb77c7fbea5d61ec2fdb6b1bff230a9d59f48939faec3,525a8056afd496445b97d143399da1885c9b96b64383cf9b3fa5583c386c9065,64,5848,bbf5188fb61e44e59fba46cebd26aab9371508748b9185ae1d3222c9cbaabffa
datased:DataSED - DataSED - Dataset for Sound Event Detection of environmental noise/SED_wav/S-0538.wav,DataSED - DataSED - Dataset for Sound Event Detection of environmental noise/SED_wav/S-0538.wav,DataSED - DataSED - Dataset for Sound Event Detection of environmental noise/SED_wav/S-0538.npy,e679c57604ede0a333d4122b78c106417d9ab21fed51cbfbaaba3eb33d00dc12,6d6eec5d4366530f94d7b961189906b9e3f70681a8fa3c90e8c8cd5bf7baec8d,64,3767,bbf5188fb61e44e59fba46cebd26aab9371508748b9185ae1d3222c9cbaabffa
datased:DataSED - DataSED - Dataset for Sound Event Detection of environmental noise/SED_wav/S-0539.wav,DataSED - DataSED - Dataset for Sound Event Detection of environmental noise/SED_wav/S-0539.wav,DataSED - DataSED - Dataset for Sound Event Detection of environmental noise/SED_wav/S-0539.npy,ac13d4a161dc74fc433a8f37dbb3dca81dfb040656c8dc717f7e9b854c16e35d,d7cbf390c98aa40d1cc50bb8839593c838157f6958802648d8364369f40d2132,64,9704,bbf5188fb61e44e59fba46cebd26aab9371508748b9185ae1d3222c9cbaabffa
datased:DataSED - DataSED - Dataset for Sound Event Detection of environmental noise/SED_wav/S-0540.wav,DataSED - DataSED - Dataset for Sound Event Detection of environmental noise/SED_wav/S-0540.wav,DataSED - DataSED - Dataset for Sound Event Detection of environmental noise/SED_wav/S-0540.npy,a67725c335be889d3207040460fd1d02a8a9f9bcb8be18a3213fe348246373a3,3e14b0738add3921c6d08820930183c9ead50e699404b37056d0cde1a67aecbb,64,9553,bbf5188fb61e44e59fba46cebd26aab9371508748b9185ae1d3222c9cbaabffa
datased:DataSED - DataSED - Dataset for Sound Event Detection of environmental noise/SED_wav/S-0541.wav,DataSED - DataSED - Dataset for Sound Event Detection of environmental noise/SED_wav/S-0541.wav,DataSED - DataSED - Dataset for Sound Event Detection of environmental noise/SED_wav/S-0541.npy,34ec703ea3bc5db3399415ceb45068b2dc15111b8098064e0e67c564e8167ecc,de9855311617df43ab17e13a022498c33129ba64dcb24cfc525db7ade89a98bf,64,3255,bbf5188fb61e44e59fba46cebd26aab9371508748b9185ae1d3222c9cbaabffa
datased:DataSED - DataSED - Dataset for Sound Event Detection of environmental noise/SED_wav/S-0542.wav,DataSED - DataSED - Dataset for Sound Event Detection of environmental noise/SED_wav/S-0542.wav,DataSED - DataSED - Dataset for Sound Event Detection of environmental noise/SED_wav/S-0542.npy,484f17e26f4a429e8f6db238631d171bc898632550854ff1d24ebfff402cb62e,9c3712ef438ef3a130b5b1f2252d09e0bb283f7f760c709e68f4a7408eef95cf,64,2151,bbf5188fb61e44e59fba46cebd26aab9371508748b9185ae1d3222c9cbaabffa
datased:DataSED - DataSED - Dataset for Sound Event Detection of environmental noise/SED_wav/S-0543.wav,DataSED - DataSED - Dataset for Sound Event Detection of environmental noise/SED_wav/S-0543.wav,DataSED - DataSED - Dataset for Sound Event Detection of environmental noise/SED_wav/S-0543.npy,e29e0f89bcce8c571d82464afd4fd310d9822950a37537844a4f65fc4aebd2ae,2a827976afbfe600cb0d18a0b5b01cf2223fbdbda3324c2442c9e5f310a26fe9,64,8028,bbf5188fb61e44e59fba46cebd26aab9371508748b9185ae1d3222c9cbaabffa
datased:DataSED - DataSED - Dataset for Sound Event Detection of environmental noise/SED_wav/S-0544.wav,DataSED - DataSED - Dataset for Sound Event Detection of environmental noise/SED_wav/S-0544.wav,DataSED - DataSED - Dataset for Sound Event Detection of environmental noise/SED_wav/S-0544.npy,8ee24771e47987c7be8a45f03856b06aa5b6ce6985cb666eb358b86e530a287a,66abf4e55013d84abe75ad187eb0ef76714564ee9b68259d86b54e7c6d58ae4b,64,11985,bbf5188fb61e44e59fba46cebd26aab9371508748b9185ae1d3222c9cbaabffa
datased:DataSED - DataSED - Dataset for Sound Event Detection of environmental noise/SED_wav/S-0545.wav,DataSED - DataSED - Dataset for Sound Event Detection of environmental noise/SED_wav/S-0545.wav,DataSED - DataSED - Dataset for Sound Event Detection of environmental noise/SED_wav/S-0545.npy,ab10e7d877aebe0778e2e8cf767d99c3be6fe84ac2593495e18be942ef03be1f,88323c460f35c203f0dff895da9ec226c8fd3edb6378eb12c94b0ae6c04a01ad,64,5507,bbf5188fb61e44e59fba46cebd26aab9371508748b9185ae1d3222c9cbaabffa
datased:DataSED - DataSED - Dataset for Sound Event Detection of environmental noise/SED_wav/S-0546.wav,DataSED - DataSED - Dataset for Sound Event Detection of environmental noise/SED_wav/S-0546.wav,DataSED - DataSED - Dataset for Sound Event Detection of environmental noise/SED_wav/S-0546.npy,1084bad1fac27bbe9f91decad50b7fb8894c42f78e1e1fe18f12eb5e65ed4464,cb4dbb8d9e0bf2ec950f2c2eb44337473eb87d3c3d57dda5108372a115e64393,64,11812,bbf5188fb61e44e59fba46cebd26aab9371508748b9185ae1d3222c9cbaabffa
datased:DataSED - DataSED - Dataset for Sound Event Detection of environmental noise/SED_wav/S-0547.wav,DataSED - DataSED - Dataset for Sound Event Detection of environmental noise/SED_wav/S-0547.wav,DataSED - DataSED - Dataset for Sound Event Detection of environmental noise/SED_wav/S-0547.npy,44a83a2d50477dd5f1284d62795d8a63f7a54a7b3d8421fe9aac2468aacf3172,b5734dab784b9bbfbb9866246f257e0940ef01b3c79f53c1a86976e904bb5fce,64,8788,bbf5188fb61e44e59fba46cebd26aab9371508748b9185ae1d3222c9cbaabffa
datased:DataSED - DataSED - Dataset for Sound Event Detection of environmental noise/SED_wav/S-0548.wav,DataSED - DataSED - Dataset for Sound Event Detection of environmental noise/SED_wav/S-0548.wav,DataSED - DataSED - Dataset for Sound Event Detection of environmental noise/SED_wav/S-0548.npy,90dd051851190646725d571a759d5a8eff170374435d839f1be8c1cf28f4cf59,112fd53c64b25c6ad32ed39350146dda880a3c7a136cface2e6670b49714685a,64,3600,bbf5188fb61e44e59fba46cebd26aab9371508748b9185ae1d3222c9cbaabffa
datased:DataSED - DataSED - Dataset for Sound Event Detection of environmental noise/SED_wav/S-0549.wav,DataSED - DataSED - Dataset for Sound Event Detection of environmental noise/SED_wav/S-0549.wav,DataSED - DataSED - Dataset for Sound Event Detection of environmental noise/SED_wav/S-0549.npy,47d50c771857a258b10214f1b4d7fd36e55d946da96287938b8a4ec14b1cf758,450212e0fe3f5e7367a0692bbf08ed992b47ceb8eb238e0944dc01513e4cf4a3,64,3005,bbf5188fb61e44e59fba46cebd26aab9371508748b9185ae1d3222c9cbaabffa
datased:DataSED - DataSED - Dataset for Sound Event Detection of environmental noise/SED_wav/S-0550.wav,DataSED - DataSED - Dataset for Sound Event Detection of environmental noise/SED_wav/S-0550.wav,DataSED - DataSED - Dataset for Sound Event Detection of environmental noise/SED_wav/S-0550.npy,b57415d97d313006df91f4f690311e401d5c2af2622cc9f0b7778c429580c4ca,7a7eccc3ae23378b27af2435a10e3c06a3b2d401ad5b3f9f1afca1ef288090e2,64,2509,bbf5188fb61e44e59fba46cebd26aab9371508748b9185ae1d3222c9cbaabffa
datased:DataSED - DataSED - Dataset for Sound Event Detection of environmental noise/SED_wav/S-0551.wav,DataSED - DataSED - Dataset for Sound Event Detection of environmental noise/SED_wav/S-0551.wav,DataSED - DataSED - Dataset for Sound Event Detection of environmental noise/SED_wav/S-0551.npy,c018437ed616f81a18ce896d50a617373f10000cd5cca207c6a0a74e29342c14,e208446318939429911c23cd1782d49ab9259669aff096c7db1cca44f9313e19,64,1902,bbf5188fb61e44e59fba46cebd26aab9371508748b9185ae1d3222c9cbaabffa
datased:DataSED - DataSED - Dataset for Sound Event Detection of environmental noise/SED_wav/S-0552.wav,DataSED - DataSED - Dataset for Sound Event Detection of environmental noise/SED_wav/S-0552.wav,DataSED - DataSED - Dataset for Sound Event Detection of environmental noise/SED_wav/S-0552.npy,2ff29adc6f044efe3315d1eb278e28ff9dac346ed66e0e828c06440c4a80ea9b,9fbf968b5e07f7c1010b2cb8833f2eb721493962c4473924026ce08f9679e701,64,11760,bbf5188fb61e44e59fba46cebd26aab9371508748b9185ae1d3222c9cbaabffa
datased:DataSED - DataSED - Dataset for Sound Event Detection of environmental noise/SED_wav/S-0553.wav,DataSED - DataSED - Dataset for Sound Event Detection of environmental noise/SED_wav/S-0553.wav,DataSED - DataSED - Dataset for Sound Event Detection of environmental noise/SED_wav/S-0553.npy,afd3e86a2e1fbc77bd375428c049e76c4f53e37cf10b2c8ebab33a4600dffc56,b1ca6edf21e9b41ddd68b7474b542ebe773bbbd358e493bdf1836155e00cb637,64,13221,bbf5188fb61e44e59fba46cebd26aab9371508748b9185ae1d3222c9cbaabffa
datased:DataSED - DataSED - Dataset for Sound Event Detection of environmental noise/SED_wav/S-0554.wav,DataSED - DataSED - Dataset for Sound Event Detection of environmental noise/SED_wav/S-0554.wav,DataSED - DataSED - Dataset for Sound Event Detection of environmental noise/SED_wav/S-0554.npy,be9a4d5b01895df2ca82f7d69a21ae8076df34140eda83b83688eba4a1a8e369,44b9af6532cbd0eb63542c2ae487aa412c3a94110e0eaf342c63fb2a1ef88b85,64,13844,bbf5188fb61e44e59fba46cebd26aab9371508748b9185ae1d3222c9cbaabffa
datased:DataSED - DataSED - Dataset for Sound Event Detection of environmental noise/SED_wav/S-0555.wav,DataSED - DataSED - Dataset for Sound Event Detection of environmental noise/SED_wav/S-0555.wav,DataSED - DataSED - Dataset for Sound Event Detection of environmental noise/SED_wav/S-0555.npy,93f1333c1119f927d40460cc889a73651d5bda2e0906f22cbc5359cfb14c356b,72e5ef2c68a6092053cf10bb9e9e9a20eb4a751f60132a1fdf73240e9f3ba1a0,64,12338,bbf5188fb61e44e59fba46cebd26aab9371508748b9185ae1d3222c9cbaabffa
datased:DataSED - DataSED - Dataset for Sound Event Detection of environmental noise/SED_wav/S-0556.wav,DataSED - DataSED - Dataset for Sound Event Detection of environmental noise/SED_wav/S-0556.wav,DataSED - DataSED - Dataset for Sound Event Detection of environmental noise/SED_wav/S-0556.npy,dd33473c8563cc6165cab2f4d62afe4e70e854281ca32bf6718b34c6785dc086,d80790ed8ae764a11c2e4252ace7c3f0373adc8b064c5514c51fcac14e525912,64,12062,bbf5188fb61e44e59fba46cebd26aab9371508748b9185ae1d3222c9cbaabffa
datased:DataSED - DataSED - Dataset for Sound Event Detection of environmental noise/SED_wav/S-0557.wav,DataSED - DataSED - Dataset for Sound Event Detection of environmental noise/SED_wav/S-0557.wav,DataSED - DataSED - Dataset for Sound Event Detection of environmental noise/SED_wav/S-0557.npy,17255028ad79c5557a5c7232bc9a25f5b03ec464952b0e9885399d358ea384a2,a671c290e2ff0ec9eef8d20a1d16403029349e9357da3a83d80f5ec3e079eaaf,64,12835,bbf5188fb61e44e59fba46cebd26aab9371508748b9185ae1d3222c9cbaabffa
datased:DataSED - DataSED - Dataset for Sound Event Detection of environmental noise/SED_wav/S-0558.wav,DataSED - DataSED - Dataset for Sound Event Detection of environmental noise/SED_wav/S-0558.wav,DataSED - DataSED - Dataset for Sound Event Detection of environmental noise/SED_wav/S-0558.npy,a3d00db89da8c3969d6bbd96b8da6080b7ff37f5397c58b90dd29d9e008140cb,6135bb7b3ea69daace4361545ac8f06e49a91da1a0c52cb8ea2b36bddc940193,64,12393,bbf5188fb61e44e59fba46cebd26aab9371508748b9185ae1d3222c9cbaabffa
datased:DataSED - DataSED - Dataset for Sound Event Detection of environmental noise/SED_wav/S-0559.wav,DataSED - DataSED - Dataset for Sound Event Detection of environmental noise/SED_wav/S-0559.wav,DataSED - DataSED - Dataset for Sound Event Detection of environmental noise/SED_wav/S-0559.npy,07ff7c81235cfa4e7068f19804e2069354d0f1db5611fe00df48e839af9492c0,448e039ae1f6f0431bdcee6088db7bbd8b7f13d015019c06291609ca5b94fd8d,64,15757,bbf5188fb61e44e59fba46cebd26aab9371508748b9185ae1d3222c9cbaabffa
datased:DataSED - DataSED - Dataset for Sound Event Detection of environmental noise/SED_wav/S-0560.wav,DataSED - DataSED - Dataset for Sound Event Detection of environmental noise/SED_wav/S-0560.wav,DataSED - DataSED - Dataset for Sound Event Detection of environmental noise/SED_wav/S-0560.npy,60b40ba74921305babd0a41734535403ed4e91f47c8ffbf9286dc8f8e7659730,0ae0d130702bdb22b15d54921be7efeb7d7a02605fe5c5cefd013aabc6a236fb,64,12504,bbf5188fb61e44e59fba46cebd26aab9371508748b9185ae1d3222c9cbaabffa
datased:DataSED - DataSED - Dataset for Sound Event Detection of environmental noise/SED_wav/S-0561.wav,DataSED - DataSED - Dataset for Sound Event Detection of environmental noise/SED_wav/S-0561.wav,DataSED - DataSED - Dataset for Sound Event Detection of environmental noise/SED_wav/S-0561.npy,bfd79f6798fd9617d8ab5ea11b02c11fc691392fe19f256537e02482910f7bfc,2c19fe61ebe9ba02edfaaa1c92ccc17d17636527938d97cea18abe09b6743fae,64,10907,bbf5188fb61e44e59fba46cebd26aab9371508748b9185ae1d3222c9cbaabffa
datased:DataSED - DataSED - Dataset for Sound Event Detection of environmental noise/SED_wav/S-0562.wav,DataSED - DataSED - Dataset for Sound Event Detection of environmental noise/SED_wav/S-0562.wav,DataSED - DataSED - Dataset for Sound Event Detection of environmental noise/SED_wav/S-0562.npy,17dc23f0189d4fb70b352fd09086ea6d0604f6541be9d2dd2fdbd351fd87933d,0ffa326969cbcec42d9b3c75e80d483a485640b7b46f94c667a391c9ba0dbc69,64,2124,bbf5188fb61e44e59fba46cebd26aab9371508748b9185ae1d3222c9cbaabffa
datased:DataSED - DataSED - Dataset for Sound Event Detection of environmental noise/SED_wav/S-0563.wav,DataSED - DataSED - Dataset for Sound Event Detection of environmental noise/SED_wav/S-0563.wav,DataSED - DataSED - Dataset for Sound Event Detection of environmental noise/SED_wav/S-0563.npy,5165caa40f1ffbeef4e0186f87b873c765236983debfdb81c8232239fece2cb7,1ff2e75e59fa62598649f3a12298446f0cc99c1e97a8cd5df87ec1f179beb84e,64,2695,bbf5188fb61e44e59fba46cebd26aab9371508748b9185ae1d3222c9cbaabffa
datased:DataSED - DataSED - Dataset for Sound Event Detection of environmental noise/SED_wav/S-0564.wav,DataSED - DataSED - Dataset for Sound Event Detection of environmental noise/SED_wav/S-0564.wav,DataSED - DataSED - Dataset for Sound Event Detection of environmental noise/SED_wav/S-0564.npy,54b0d2b965eaf7d1b98e6c5864abf39bab9785b5e7fcc47f47c677d286cb4873,d252ced76b98e988fd21dbc7f34f928ffa2e0f05a7ab99ddb8d78ca5299aab30,64,2426,bbf5188fb61e44e59fba46cebd26aab9371508748b9185ae1d3222c9cbaabffa
datased:DataSED - DataSED - Dataset for Sound Event Detection of environmental noise/SED_wav/S-0565.wav,DataSED - DataSED - Dataset for Sound Event Detection of environmental noise/SED_wav/S-0565.wav,DataSED - DataSED - Dataset for Sound Event Detection of environmental noise/SED_wav/S-0565.npy,f3e74c96162fe8ef683fc3fb6273eb7c4a5c1ea92eabb0cf62594eb44a9f3cd8,e49234069b87e778462da3a643add41ebf0abcc4b739e95ec7ba557fb28f3ecc,64,2215,bbf5188fb61e44e59fba46cebd26aab9371508748b9185ae1d3222c9cbaabffa
datased:DataSED - DataSED - Dataset for Sound Event Detection of environmental noise/SED_wav/S-0566.wav,DataSED - DataSED - Dataset for Sound Event Detection of environmental noise/SED_wav/S-0566.wav,DataSED - DataSED - Dataset for Sound Event Detection of environmental noise/SED_wav/S-0566.npy,8c35ff964fa62b34689b6de23155e48b7945efe27dd1be8063d4a14dfc9544e9,61892adc8024008beeb3fc852940faabce243323e6427bf8eef73d63e70d6343,64,2710,bbf5188fb61e44e59fba46cebd26aab9371508748b9185ae1d3222c9cbaabffa
datased:DataSED - DataSED - Dataset for Sound Event Detection of environmental noise/SED_wav/S-0567.wav,DataSED - DataSED - Dataset for Sound Event Detection of environmental noise/SED_wav/S-0567.wav,DataSED - DataSED - Dataset for Sound Event Detection of environmental noise/SED_wav/S-0567.npy,593afe5a0549620d6b5cbad676913e1b507d651f50214623baff2efb8aa7ea3b,0ace6294dfe0a3ccbdc4e962c48216ba2de9eeb5521f42dcd669075a41ee7fb8,64,3810,bbf5188fb61e44e59fba46cebd26aab9371508748b9185ae1d3222c9cbaabffa
datased:DataSED - DataSED - Dataset for Sound Event Detection of environmental noise/SED_wav/S-0568.wav,DataSED - DataSED - Dataset for Sound Event Detection of environmental noise/SED_wav/S-0568.wav,DataSED - DataSED - Dataset for Sound Event Detection of environmental noise/SED_wav/S-0568.npy,63d6ae4e60fa7b4d11dcf24e876b631e2db7ee9ffaaab26b0aa3fe2ccbdc5990,f263a24881e633c2020903dd687881d6078c8cb18fbd380325c8d6c09a28f6cf,64,2281,bbf5188fb61e44e59fba46cebd26aab9371508748b9185ae1d3222c9cbaabffa
datased:DataSED - DataSED - Dataset for Sound Event Detection of environmental noise/SED_wav/S-0569.wav,DataSED - DataSED - Dataset for Sound Event Detection of environmental noise/SED_wav/S-0569.wav,DataSED - DataSED - Dataset for Sound Event Detection of environmental noise/SED_wav/S-0569.npy,272e65b9389f5070bbd7e3fa8476374d8527e56863b5b0a95218646051618b97,873a709546949e9cad0d85549fdbc90bde761d1628ca4e745d4bcba71633ca1d,64,12796,bbf5188fb61e44e59fba46cebd26aab9371508748b9185ae1d3222c9cbaabffa
datased:DataSED - DataSED - Dataset for Sound Event Detection of environmental noise/SED_wav/S-0570.wav,DataSED - DataSED - Dataset for Sound Event Detection of environmental noise/SED_wav/S-0570.wav,DataSED - DataSED - Dataset for Sound Event Detection of environmental noise/SED_wav/S-0570.npy,87a162e5e2676eaf55f64a93db8a0c0352e2d14aab93a9f77cb5c7b10356e8ad,d2b49476e8e6b458583e2d1aa872c44e6f32992c8fe0e716eab34cb1b8cd139d,64,16233,bbf5188fb61e44e59fba46cebd26aab9371508748b9185ae1d3222c9cbaabffa
datased:DataSED - DataSED - Dataset for Sound Event Detection of environmental noise/SED_wav/S-0571.wav,DataSED - DataSED - Dataset for Sound Event Detection of environmental noise/SED_wav/S-0571.wav,DataSED - DataSED - Dataset for Sound Event Detection of environmental noise/SED_wav/S-0571.npy,87a162e5e2676eaf55f64a93db8a0c0352e2d14aab93a9f77cb5c7b10356e8ad,d2b49476e8e6b458583e2d1aa872c44e6f32992c8fe0e716eab34cb1b8cd139d,64,16233,bbf5188fb61e44e59fba46cebd26aab9371508748b9185ae1d3222c9cbaabffa
datased:DataSED - DataSED - Dataset for Sound Event Detection of environmental noise/SED_wav/S-0572.wav,DataSED - DataSED - Dataset for Sound Event Detection of environmental noise/SED_wav/S-0572.wav,DataSED - DataSED - Dataset for Sound Event Detection of environmental noise/SED_wav/S-0572.npy,272e65b9389f5070bbd7e3fa8476374d8527e56863b5b0a95218646051618b97,873a709546949e9cad0d85549fdbc90bde761d1628ca4e745d4bcba71633ca1d,64,12796,bbf5188fb61e44e59fba46cebd26aab9371508748b9185ae1d3222c9cbaabffa
datased:DataSED - DataSED - Dataset for Sound Event Detection of environmental noise/SED_wav/S-0573.wav,DataSED - DataSED - Dataset for Sound Event Detection of environmental noise/SED_wav/S-0573.wav,DataSED - DataSED - Dataset for Sound Event Detection of environmental noise/SED_wav/S-0573.npy,946f0304ef2dc44060d1a50bfec591e522d9f8f64e6875c6830a388f1d904887,f6f8c00c1dadb1d1956063cc51bd96712c6fe933e99bc64bfd9a33cee3adf250,64,3868,bbf5188fb61e44e59fba46cebd26aab9371508748b9185ae1d3222c9cbaabffa
datased:DataSED - DataSED - Dataset for Sound Event Detection of environmental noise/SED_wav/S-0574.wav,DataSED - DataSED - Dataset for Sound Event Detection of environmental noise/SED_wav/S-0574.wav,DataSED - DataSED - Dataset for Sound Event Detection of environmental noise/SED_wav/S-0574.npy,226866a578643a193619de1d206888f010d265755b92e08053120c7d7ac4d8cb,05b38ea88c5c54c5f8656ceda395a67c0b536317b7a9de4da2598f1100e05e8a,64,3139,bbf5188fb61e44e59fba46cebd26aab9371508748b9185ae1d3222c9cbaabffa
datased:DataSED - DataSED - Dataset for Sound Event Detection of environmental noise/SED_wav/S-0575.wav,DataSED - DataSED - Dataset for Sound Event Detection of environmental noise/SED_wav/S-0575.wav,DataSED - DataSED - Dataset for Sound Event Detection of environmental noise/SED_wav/S-0575.npy,d51636bf74ae5be53b17ca6327e3475251ef4e392cbcfbddce9279bd18c963ca,666322b9c8cd16cdc5054d4b447b1242648c0dd5b4a6aec492e2cfa8115298f1,64,10308,bbf5188fb61e44e59fba46cebd26aab9371508748b9185ae1d3222c9cbaabffa
datased:DataSED - DataSED - Dataset for Sound Event Detection of environmental noise/SED_wav/S-0576.wav,DataSED - DataSED - Dataset for Sound Event Detection of environmental noise/SED_wav/S-0576.wav,DataSED - DataSED - Dataset for Sound Event Detection of environmental noise/SED_wav/S-0576.npy,dd4693a221cb10c8efdadb618e241504f4ea59e63aec6aee371bb1689e532e1d,2d46953e3790175927f5b1e287f12adfca461bfa2c3d5e44ec8452cc5b42185c,64,22568,bbf5188fb61e44e59fba46cebd26aab9371508748b9185ae1d3222c9cbaabffa
datased:DataSED - DataSED - Dataset for Sound Event Detection of environmental noise/SED_wav/S-0577.wav,DataSED - DataSED - Dataset for Sound Event Detection of environmental noise/SED_wav/S-0577.wav,DataSED - DataSED - Dataset for Sound Event Detection of environmental noise/SED_wav/S-0577.npy,121dce4736f64b1b71cb6a8af07a40679f46327583771f5446ebdb43ed744dca,742bdaf2893be0612b240b85ca0a284fb39ebd066de16f2e3d8919ee52c2714a,64,12225,bbf5188fb61e44e59fba46cebd26aab9371508748b9185ae1d3222c9cbaabffa
datased:DataSED - DataSED - Dataset for Sound Event Detection of environmental noise/SED_wav/S-0578.wav,DataSED - DataSED - Dataset for Sound Event Detection of environmental noise/SED_wav/S-0578.wav,DataSED - DataSED - Dataset for Sound Event Detection of environmental noise/SED_wav/S-0578.npy,d2f0295f591e519a51b10e193d0d90435e9e086087d5bee492147324830f090b,c5eb7993f2647fe8a1da0f9ff3f9a8371255b7a835c13aee3ea6e9660081ea60,64,12823,bbf5188fb61e44e59fba46cebd26aab9371508748b9185ae1d3222c9cbaabffa
datased:DataSED - DataSED - Dataset for Sound Event Detection of environmental noise/SED_wav/S-0579.wav,DataSED - DataSED - Dataset for Sound Event Detection of environmental noise/SED_wav/S-0579.wav,DataSED - DataSED - Dataset for Sound Event Detection of environmental noise/SED_wav/S-0579.npy,4e2f64a253c133472b6353bb33c5d8897db715438d4cfe7382bb7d4d75737300,a3a8b06e4babff53e092a98b7fddbac7e839a5b467a40eba88c4f2fcddd479d7,64,15139,bbf5188fb61e44e59fba46cebd26aab9371508748b9185ae1d3222c9cbaabffa
datased:DataSED - DataSED - Dataset for Sound Event Detection of environmental noise/SED_wav/S-0580.wav,DataSED - DataSED - Dataset for Sound Event Detection of environmental noise/SED_wav/S-0580.wav,DataSED - DataSED - Dataset for Sound Event Detection of environmental noise/SED_wav/S-0580.npy,aa15a2f2866d21cddf68a556c5a7a327ea637459b11224ec9318f812500330a9,0421372eddd2b7fd4ac42404bd748eb9c44f0bf52b8b728936fcb61c8702102a,64,9649,bbf5188fb61e44e59fba46cebd26aab9371508748b9185ae1d3222c9cbaabffa
datased:DataSED - DataSED - Dataset for Sound Event Detection of environmental noise/SED_wav/S-0581.wav,DataSED - DataSED - Dataset for Sound Event Detection of environmental noise/SED_wav/S-0581.wav,DataSED - DataSED - Dataset for Sound Event Detection of environmental noise/SED_wav/S-0581.npy,0519ef6036597695a8303748dfbbf9dbc7a475d1dfdfdcc7193abf7308d4213b,32fe482e21852fcb6127563be741e5ea8f5f23ddb4f2df7634560bb92ff92b4a,64,5345,bbf5188fb61e44e59fba46cebd26aab9371508748b9185ae1d3222c9cbaabffa
datased:DataSED - DataSED - Dataset for Sound Event Detection of environmental noise/SED_wav/S-0582.wav,DataSED - DataSED - Dataset for Sound Event Detection of environmental noise/SED_wav/S-0582.wav,DataSED - DataSED - Dataset for Sound Event Detection of environmental noise/SED_wav/S-0582.npy,968bf25edce2fbf4d897cd0425825313e7b7beb2b8912c57139902c462057af8,b4f8b8741feb9ac2b648fd455facdef111b277d4d1c9573a3724334f6f650380,64,9327,bbf5188fb61e44e59fba46cebd26aab9371508748b9185ae1d3222c9cbaabffa
datased:DataSED - DataSED - Dataset for Sound Event Detection of environmental noise/SED_wav/S-0583.wav,DataSED - DataSED - Dataset for Sound Event Detection of environmental noise/SED_wav/S-0583.wav,DataSED - DataSED - Dataset for Sound Event Detection of environmental noise/SED_wav/S-0583.npy,84da269651f7fae8f6742e1f80c022f6e328d5e2605724c5fe1ab4a9e57e09bc,f74e6f36aa79187ba286719e500fbfbfc366acb7108e7d9278c8d131975b627b,64,3919,bbf5188fb61e44e59fba46cebd26aab9371508748b9185ae1d3222c9cbaabffa
datased:DataSED - DataSED - Dataset for Sound Event Detection of environmental noise/SED_wav/S-0584.wav,DataSED - DataSED - Dataset for Sound Event Detection of environmental noise/SED_wav/S-0584.wav,DataSED - DataSED - Dataset for Sound Event Detection of environmental noise/SED_wav/S-0584.npy,3c52396a58806302808f9c34dcc309baf55f40739e93ae406595cd834cbc1c82,f1861fcd8d44045d9645e7bfc2557ecfdca2eb05a8bddcb521d896fa801c2d81,64,10818,bbf5188fb61e44e59fba46cebd26aab9371508748b9185ae1d3222c9cbaabffa
datased:DataSED - DataSED - Dataset for Sound Event Detection of environmental noise/SED_wav/S-0585.wav,DataSED - DataSED - Dataset for Sound Event Detection of environmental noise/SED_wav/S-0585.wav,DataSED - DataSED - Dataset for Sound Event Detection of environmental noise/SED_wav/S-0585.npy,41e0a4b39905bc1f41603825fb467a73b246e31fb30f1316ba6e858d9f8ef18a,ef421bf4ef9129c1c0244ee9fc3ab52862c8822ebd1659127d0fe27f29dc0888,64,12448,bbf5188fb61e44e59fba46cebd26aab9371508748b9185ae1d3222c9cbaabffa
datased:DataSED - DataSED - Dataset for Sound Event Detection of environmental noise/SED_wav/S-0586.wav,DataSED - DataSED - Dataset for Sound Event Detection of environmental noise/SED_wav/S-0586.wav,DataSED - DataSED - Dataset for Sound Event Detection of environmental noise/SED_wav/S-0586.npy,5c4f3f3e1c1297a007a59c87764fd289bcd9877a1c09032657043a998db530c8,3ee9294f5e0823f96f113c3cb2a093d02d9c41ace639a73dec9b3e51fd656d54,64,1696,bbf5188fb61e44e59fba46cebd26aab9371508748b9185ae1d3222c9cbaabffa
datased:DataSED - DataSED - Dataset for Sound Event Detection of environmental noise/SED_wav/S-0587.wav,DataSED - DataSED - Dataset for Sound Event Detection of environmental noise/SED_wav/S-0587.wav,DataSED - DataSED - Dataset for Sound Event Detection of environmental noise/SED_wav/S-0587.npy,35b5619aef9072375b330069538e837667a3054638ec1abef3736c3326df881d,a32da6ec19b95b0c12fe97c1db510b2ab0b15d27c20a7188a7dbce7c72a5d2a8,64,39926,bbf5188fb61e44e59fba46cebd26aab9371508748b9185ae1d3222c9cbaabffa
datased:DataSED - DataSED - Dataset for Sound Event Detection of environmental noise/SED_wav/S-0588.wav,DataSED - DataSED - Dataset for Sound Event Detection of environmental noise/SED_wav/S-0588.wav,DataSED - DataSED - Dataset for Sound Event Detection of environmental noise/SED_wav/S-0588.npy,99ab51d82e41b0eb0e23e1186dd9bcbbd5e570d79f75d6f12b9a4de8fcc60487,a81a8e7c1ec4f3a919d7f855123ea4c7660ff4b6970e70cc53d337eac18c7a30,64,4051,bbf5188fb61e44e59fba46cebd26aab9371508748b9185ae1d3222c9cbaabffa
datased:DataSED - DataSED - Dataset for Sound Event Detection of environmental noise/SED_wav/S-0589.wav,DataSED - DataSED - Dataset for Sound Event Detection of environmental noise/SED_wav/S-0589.wav,DataSED - DataSED - Dataset for Sound Event Detection of environmental noise/SED_wav/S-0589.npy,548d9453b559baeff1f75059ce4783178f05517d776c656f52698727012b1567,1516d076c7b929670839ea625656057f9cf203606a74f8c829a5d66f791dde8e,64,7649,bbf5188fb61e44e59fba46cebd26aab9371508748b9185ae1d3222c9cbaabffa
datased:DataSED - DataSED - Dataset for Sound Event Detection of environmental noise/SED_wav/S-0590.wav,DataSED - DataSED - Dataset for Sound Event Detection of environmental noise/SED_wav/S-0590.wav,DataSED - DataSED - Dataset for Sound Event Detection of environmental noise/SED_wav/S-0590.npy,041e1d4067a683a6a15f48765819488076cd100a7191dbf4d2f36d3ab386b94e,67c33085f1dd7ef3f9a3ffc2600d1c350580f64d16bfb188e98675e6a8451bf7,64,20230,bbf5188fb61e44e59fba46cebd26aab9371508748b9185ae1d3222c9cbaabffa
datased:DataSED - DataSED - Dataset for Sound Event Detection of environmental noise/SED_wav/S-0591.wav,DataSED - DataSED - Dataset for Sound Event Detection of environmental noise/SED_wav/S-0591.wav,DataSED - DataSED - Dataset for Sound Event Detection of environmental noise/SED_wav/S-0591.npy,e1fe01538243fbbb461727fbb6c62b044e94c7647f5b2828249326cc6e8a7f96,60cd3d5d64fbe8b3b5623f02a7266bf912874441da13ce48a9dfcfb49a3cfe74,64,6762,bbf5188fb61e44e59fba46cebd26aab9371508748b9185ae1d3222c9cbaabffa
datased:DataSED - DataSED - Dataset for Sound Event Detection of environmental noise/SED_wav/S-0592.wav,DataSED - DataSED - Dataset for Sound Event Detection of environmental noise/SED_wav/S-0592.wav,DataSED - DataSED - Dataset for Sound Event Detection of environmental noise/SED_wav/S-0592.npy,7efb062f4ad62e6e0a004abed27dbfaf47020756ea4ba151db4f7dc2a1b144f9,a87b646b3acfd6f0f31ac1b5e512cb0765e5a3c788847edd327e8e684724a0f5,64,4139,bbf5188fb61e44e59fba46cebd26aab9371508748b9185ae1d3222c9cbaabffa
datased:DataSED - DataSED - Dataset for Sound Event Detection of environmental noise/SED_wav/S-0593.wav,DataSED - DataSED - Dataset for Sound Event Detection of environmental noise/SED_wav/S-0593.wav,DataSED - DataSED - Dataset for Sound Event Detection of environmental noise/SED_wav/S-0593.npy,019d8f473c34246222e24b2c13520fd4cfde5ddc3a1c1e80220cf4759e982ba3,3bf9cd0e452fbd2037918b44eb94c988feb6e4613b5bb5e8791f9b0a84d7c9f7,64,17692,bbf5188fb61e44e59fba46cebd26aab9371508748b9185ae1d3222c9cbaabffa
datased:DataSED - DataSED - Dataset for Sound Event Detection of environmental noise/SED_wav/S-0594.wav,DataSED - DataSED - Dataset for Sound Event Detection of environmental noise/SED_wav/S-0594.wav,DataSED - DataSED - Dataset for Sound Event Detection of environmental noise/SED_wav/S-0594.npy,16e46269b2ba22ea0f14d0c2aee88fba1f8a403476206a0f2c0fa169236277ef,889c5e3d08a4f331512e22cbb90ac63f66f25c5e30763d042e81b8b313986880,64,8894,bbf5188fb61e44e59fba46cebd26aab9371508748b9185ae1d3222c9cbaabffa
datased:DataSED - DataSED - Dataset for Sound Event Detection of environmental noise/SED_wav/S-0595.wav,DataSED - DataSED - Dataset for Sound Event Detection of environmental noise/SED_wav/S-0595.wav,DataSED - DataSED - Dataset for Sound Event Detection of environmental noise/SED_wav/S-0595.npy,0170d84119c946e4f49b6eded54adbd625b1d61ffdfb6226d561e55c05a9f460,cef51910ffd9ba5ee4148c4ffa45fe32757e23787dd13cfa8e9dc0db52535d22,64,3493,bbf5188fb61e44e59fba46cebd26aab9371508748b9185ae1d3222c9cbaabffa
datased:DataSED - DataSED - Dataset for Sound Event Detection of environmental noise/SED_wav/S-0596.wav,DataSED - DataSED - Dataset for Sound Event Detection of environmental noise/SED_wav/S-0596.wav,DataSED - DataSED - Dataset for Sound Event Detection of environmental noise/SED_wav/S-0596.npy,9c39eb285d16b4c1444271efd253c2aa2740a34a6e16f346ef6ecf2acb2f39fc,723e5444abf832837f3b507d473e6ed40433e5f0d8f8f71e549ef5b14a6481d8,64,1774,bbf5188fb61e44e59fba46cebd26aab9371508748b9185ae1d3222c9cbaabffa
datased:DataSED - DataSED - Dataset for Sound Event Detection of environmental noise/SED_wav/S-0597.wav,DataSED - DataSED - Dataset for Sound Event Detection of environmental noise/SED_wav/S-0597.wav,DataSED - DataSED - Dataset for Sound Event Detection of environmental noise/SED_wav/S-0597.npy,78fa89007e0aa5f25cebf29cd5f6f99f394b8b8b36db70f6917b024de9bc900c,ca325aebaff3032648516edcfeb027f4e290d2b0248b94dc09ffff973fe10612,64,4551,bbf5188fb61e44e59fba46cebd26aab9371508748b9185ae1d3222c9cbaabffa
datased:DataSED - DataSED - Dataset for Sound Event Detection of environmental noise/SED_wav/S-0598.wav,DataSED - DataSED - Dataset for Sound Event Detection of environmental noise/SED_wav/S-0598.wav,DataSED - DataSED - Dataset for Sound Event Detection of environmental noise/SED_wav/S-0598.npy,09668b418e74451d5be6ce70496260280d330bd89316494e5ed926c66a8d03de,72fca12a1651e29917cf9442ea9180e466c61960ee226dbe1fb90a22830e5673,64,4718,bbf5188fb61e44e59fba46cebd26aab9371508748b9185ae1d3222c9cbaabffa
datased:DataSED - DataSED - Dataset for Sound Event Detection of environmental noise/SED_wav/S-0599.wav,DataSED - DataSED - Dataset for Sound Event Detection of environmental noise/SED_wav/S-0599.wav,DataSED - DataSED - Dataset for Sound Event Detection of environmental noise/SED_wav/S-0599.npy,95c00992785c33f236fa5b0549667f23c44791eb84c574e3c50e5cc2d233ed17,829fe1c1f2f79cb4532353493b076b7ef9d0dc719a8a75527aebc29692754e4c,64,3001,bbf5188fb61e44e59fba46cebd26aab9371508748b9185ae1d3222c9cbaabffa
datased:DataSED - DataSED - Dataset for Sound Event Detection of environmental noise/SED_wav/S-0600.wav,DataSED - DataSED - Dataset for Sound Event Detection of environmental noise/SED_wav/S-0600.wav,DataSED - DataSED - Dataset for Sound Event Detection of environmental noise/SED_wav/S-0600.npy,7721ba1acd0d457a24d9d469606ababcad6aef7f31ba7a2f8b71dc28741dc0f4,08c0bfe575eae723805a50a88dcdd3a65f96ff8b19384a030672a91e35f8d022,64,2733,bbf5188fb61e44e59fba46cebd26aab9371508748b9185ae1d3222c9cbaabffa
datased:DataSED - DataSED - Dataset for Sound Event Detection of environmental noise/SED_wav/S-0601.wav,DataSED - DataSED - Dataset for Sound Event Detection of environmental noise/SED_wav/S-0601.wav,DataSED - DataSED - Dataset for Sound Event Detection of environmental noise/SED_wav/S-0601.npy,9ba2bcf376c5c22bd26b2e80a1042ea2382f19769576af53a1b5795abd6c7b5a,fb847f404ae5f14ecfb5cbf11a66bcea4532ded5f14c762ecfe0518dfc6f4ff0,64,2007,bbf5188fb61e44e59fba46cebd26aab9371508748b9185ae1d3222c9cbaabffa
datased:DataSED - DataSED - Dataset for Sound Event Detection of environmental noise/SED_wav/S-0602.wav,DataSED - DataSED - Dataset for Sound Event Detection of environmental noise/SED_wav/S-0602.wav,DataSED - DataSED - Dataset for Sound Event Detection of environmental noise/SED_wav/S-0602.npy,74988459d6f305e38ca8cacd9a41c3060ec09bb56698da772f024ecb39f916b3,4efab90fb5e7b7eba986c0981745a192591e0d10478ec57e7d9007b52678b4fb,64,3133,bbf5188fb61e44e59fba46cebd26aab9371508748b9185ae1d3222c9cbaabffa
datased:DataSED - DataSED - Dataset for Sound Event Detection of environmental noise/SED_wav/S-0603.wav,DataSED - DataSED - Dataset for Sound Event Detection of environmental noise/SED_wav/S-0603.wav,DataSED - DataSED - Dataset for Sound Event Detection of environmental noise/SED_wav/S-0603.npy,f5048012200f8d43217a07fb97c980609bd6ba21d925f1a623c3972e7f73349f,7f2b5dc07b2965297da1039a33b69979490916b6bda82c68e5bc232109abe6c6,64,6007,bbf5188fb61e44e59fba46cebd26aab9371508748b9185ae1d3222c9cbaabffa
datased:DataSED - DataSED - Dataset for Sound Event Detection of environmental noise/SED_wav/S-0604.wav,DataSED - DataSED - Dataset for Sound Event Detection of environmental noise/SED_wav/S-0604.wav,DataSED - DataSED - Dataset for Sound Event Detection of environmental noise/SED_wav/S-0604.npy,8c59fa55feba068f5f0dde6336d9bf529a1618b2d97d5f2005e2cdcb93f2f6ff,8a8b6cc7b26d21dd51e7348ed1d43a029f11c3a3a37c5d959565911aa108291b,64,1704,bbf5188fb61e44e59fba46cebd26aab9371508748b9185ae1d3222c9cbaabffa
datased:DataSED - DataSED - Dataset for Sound Event Detection of environmental noise/SED_wav/S-0605.wav,DataSED - DataSED - Dataset for Sound Event Detection of environmental noise/SED_wav/S-0605.wav,DataSED - DataSED - Dataset for Sound Event Detection of environmental noise/SED_wav/S-0605.npy,9710bb55caa07aa70ee921e997fa010b222028e92c0327129222f699f1af874d,52950c03c564ac017445e7fecb9cec9faa9717778594e415b69465fbc03944d7,64,1602,bbf5188fb61e44e59fba46cebd26aab9371508748b9185ae1d3222c9cbaabffa
datased:DataSED - DataSED - Dataset for Sound Event Detection of environmental noise/SED_wav/S-0606.wav,DataSED - DataSED - Dataset for Sound Event Detection of environmental noise/SED_wav/S-0606.wav,DataSED - DataSED - Dataset for Sound Event Detection of environmental noise/SED_wav/S-0606.npy,8f260b86c50ee8730cf62d82834c05a00dd2b615b041447e8557742ca4d1285c,fceb9f66bbbf06e76859dbe1256fd328d5904337cc11031f30e6562c72183a12,64,3070,bbf5188fb61e44e59fba46cebd26aab9371508748b9185ae1d3222c9cbaabffa
datased:DataSED - DataSED - Dataset for Sound Event Detection of environmental noise/SED_wav/S-0607.wav,DataSED - DataSED - Dataset for Sound Event Detection of environmental noise/SED_wav/S-0607.wav,DataSED - DataSED - Dataset for Sound Event Detection of environmental noise/SED_wav/S-0607.npy,b4267544f15f187857adee6c58f50f03d97705b97f3d84cc9f355e08cac7e2f6,210715eb80663b455debee22ef6fbb21d3c9543b8e3c901f493d1311b2c6bddd,64,3164,bbf5188fb61e44e59fba46cebd26aab9371508748b9185ae1d3222c9cbaabffa
datased:DataSED - DataSED - Dataset for Sound Event Detection of environmental noise/SED_wav/S-0608.wav,DataSED - DataSED - Dataset for Sound Event Detection of environmental noise/SED_wav/S-0608.wav,DataSED - DataSED - Dataset for Sound Event Detection of environmental noise/SED_wav/S-0608.npy,7d6ba844b6341ba98fc961852615965ac4969eaeddcb560beb08d7e6d8868577,23ee118d09b1409a92bcc5e2b1a06ef1012e7588f4212fafd7e3381de6b7ed28,64,2401,bbf5188fb61e44e59fba46cebd26aab9371508748b9185ae1d3222c9cbaabffa
datased:DataSED - DataSED - Dataset for Sound Event Detection of environmental noise/SED_wav/S-0609.wav,DataSED - DataSED - Dataset for Sound Event Detection of environmental noise/SED_wav/S-0609.wav,DataSED - DataSED - Dataset for Sound Event Detection of environmental noise/SED_wav/S-0609.npy,1a85d2b70202d20d5c0170c26c4c9462e74e29a9a3fde28a07ed319842515700,25480bfc48880360b68c0084a14d45d2d11eda7186729aabc13a0372d402685e,64,1501,bbf5188fb61e44e59fba46cebd26aab9371508748b9185ae1d3222c9cbaabffa
datased:DataSED - DataSED - Dataset for Sound Event Detection of environmental noise/SED_wav/S-0610.wav,DataSED - DataSED - Dataset for Sound Event Detection of environmental noise/SED_wav/S-0610.wav,DataSED - DataSED - Dataset for Sound Event Detection of environmental noise/SED_wav/S-0610.npy,c320df61598fd97657d8540224dd647d24c67d6977b11857e7dc7d985096e913,80255355ae082d9a75f0a3dfcb0151c2e954af0ec6b44c76e79cc56d103e0bc4,64,2247,bbf5188fb61e44e59fba46cebd26aab9371508748b9185ae1d3222c9cbaabffa
datased:DataSED - DataSED - Dataset for Sound Event Detection of environmental noise/SED_wav/S-0611.wav,DataSED - DataSED - Dataset for Sound Event Detection of environmental noise/SED_wav/S-0611.wav,DataSED - DataSED - Dataset for Sound Event Detection of environmental noise/SED_wav/S-0611.npy,1c2acfc93ce150c623895c5754b01cf8fd90118eab06df368b8adb2650404526,86a31d984fa0a5d595fe53f607d995c30a017bb5bdb0c06cb9b7a5556d38622d,64,3086,bbf5188fb61e44e59fba46cebd26aab9371508748b9185ae1d3222c9cbaabffa
datased:DataSED - DataSED - Dataset for Sound Event Detection of environmental noise/SED_wav/S-0612.wav,DataSED - DataSED - Dataset for Sound Event Detection of environmental noise/SED_wav/S-0612.wav,DataSED - DataSED - Dataset for Sound Event Detection of environmental noise/SED_wav/S-0612.npy,af8719a52a45ff6186d101d8cfe45196c533aa19839b756b5a44914fbc88ea9a,17aaaaf052261d00e7d18550839772a9e53de96ac9cd7454a86211c9a7676627,64,3041,bbf5188fb61e44e59fba46cebd26aab9371508748b9185ae1d3222c9cbaabffa
datased:DataSED - DataSED - Dataset for Sound Event Detection of environmental noise/SED_wav/S-0613.wav,DataSED - DataSED - Dataset for Sound Event Detection of environmental noise/SED_wav/S-0613.wav,DataSED - DataSED - Dataset for Sound Event Detection of environmental noise/SED_wav/S-0613.npy,a28d1c004484042b8b6367ea0b0bf3a6f8749657d290d311d6ff0c38570db386,4a7f3096f6d9accc179953d492455c69f725bf3363dc30071ae34a9aa82006c9,64,3195,bbf5188fb61e44e59fba46cebd26aab9371508748b9185ae1d3222c9cbaabffa
datased:DataSED - DataSED - Dataset for Sound Event Detection of environmental noise/SED_wav/S-0614.wav,DataSED - DataSED - Dataset for Sound Event Detection of environmental noise/SED_wav/S-0614.wav,DataSED - DataSED - Dataset for Sound Event Detection of environmental noise/SED_wav/S-0614.npy,15a73da5ec5a2195c0acd81cff5d88e73c4a76fbd197e1d529eb30abc02c95db,56f5f405c93cb08c5878b74567d961570e8f102f74ec3e18bd95961646995f8a,64,2973,bbf5188fb61e44e59fba46cebd26aab9371508748b9185ae1d3222c9cbaabffa
datased:DataSED - DataSED - Dataset for Sound Event Detection of environmental noise/SED_wav/S-0615.wav,DataSED - DataSED - Dataset for Sound Event Detection of environmental noise/SED_wav/S-0615.wav,DataSED - DataSED - Dataset for Sound Event Detection of environmental noise/SED_wav/S-0615.npy,fb4726c66c4495d16fa0375832a309e5123f1fc0068d3d4c5dcce08034305b67,ecaeb4c9c683b9f87dc0eaaff4802a05ec1881ab0770fe8b48bb44fc04fc97aa,64,2310,bbf5188fb61e44e59fba46cebd26aab9371508748b9185ae1d3222c9cbaabffa
datased:DataSED - DataSED - Dataset for Sound Event Detection of environmental noise/SED_wav/S-0616.wav,DataSED - DataSED - Dataset for Sound Event Detection of environmental noise/SED_wav/S-0616.wav,DataSED - DataSED - Dataset for Sound Event Detection of environmental noise/SED_wav/S-0616.npy,1173699f779da3253f59d0db2e65b15c8f5e0f66b07498cee50e80561ea0ebb3,e7b6be8e87329d1afa942befe7b51b9e795319c28d0501a17a52474d1ca48de1,64,904,bbf5188fb61e44e59fba46cebd26aab9371508748b9185ae1d3222c9cbaabffa
datased:DataSED - DataSED - Dataset for Sound Event Detection of environmental noise/SED_wav/S-0617.wav,DataSED - DataSED - Dataset for Sound Event Detection of environmental noise/SED_wav/S-0617.wav,DataSED - DataSED - Dataset for Sound Event Detection of environmental noise/SED_wav/S-0617.npy,ff3d9a9aa28729753ce13b2223f005917d9e89f98a9c68d8269a09bf301c329a,455a2c5c0d6172d0b73ac67d2b03be5ab9571e77c44ce8562fb68dafc8f0c043,64,2775,bbf5188fb61e44e59fba46cebd26aab9371508748b9185ae1d3222c9cbaabffa
datased:DataSED - DataSED - Dataset for Sound Event Detection of environmental noise/SED_wav/S-0618.wav,DataSED - DataSED - Dataset for Sound Event Detection of environmental noise/SED_wav/S-0618.wav,DataSED - DataSED - Dataset for Sound Event Detection of environmental noise/SED_wav/S-0618.npy,255c4ab952907ed7baa9e585fb2b718ec61c266349cc8bf2691cb434111a7ee2,0a2f64794aec141b00426a3e7ab3014b162d30d96ea8c5fec3c41701120e26b3,64,4593,bbf5188fb61e44e59fba46cebd26aab9371508748b9185ae1d3222c9cbaabffa
datased:DataSED - DataSED - Dataset for Sound Event Detection of environmental noise/SED_wav/S-0619.wav,DataSED - DataSED - Dataset for Sound Event Detection of environmental noise/SED_wav/S-0619.wav,DataSED - DataSED - Dataset for Sound Event Detection of environmental noise/SED_wav/S-0619.npy,e897f7fe90ec348ff6b9284af7066f061bbd3e7249bd0d6f6e6938e7a55b2205,6547b7c5ed72415f85e7df54709c6a59b8b5807afe85398d919409ffe63a4f45,64,5792,bbf5188fb61e44e59fba46cebd26aab9371508748b9185ae1d3222c9cbaabffa
datased:DataSED - DataSED - Dataset for Sound Event Detection of environmental noise/SED_wav/S-0620.wav,DataSED - DataSED - Dataset for Sound Event Detection of environmental noise/SED_wav/S-0620.wav,DataSED - DataSED - Dataset for Sound Event Detection of environmental noise/SED_wav/S-0620.npy,c7eecf554583202678c90521a0798aa0d2fbc885776a382ecd422dc97e1b07da,9d438aa754fc26890eafd0e66a1e215fbd87dd1ac324983125780d59b621f301,64,2608,bbf5188fb61e44e59fba46cebd26aab9371508748b9185ae1d3222c9cbaabffa
datased:DataSED - DataSED - Dataset for Sound Event Detection of environmental noise/SED_wav/S-0621.wav,DataSED - DataSED - Dataset for Sound Event Detection of environmental noise/SED_wav/S-0621.wav,DataSED - DataSED - Dataset for Sound Event Detection of environmental noise/SED_wav/S-0621.npy,451856e89c8f93e83cf21928355d18a01e2c20d62ee8fa8bb0753bbd4fb670f8,3d01e540138be125ec4cde0235ebef87968092b6e58ad14d56ee805a9b46cd24,64,3187,bbf5188fb61e44e59fba46cebd26aab9371508748b9185ae1d3222c9cbaabffa
datased:DataSED - DataSED - Dataset for Sound Event Detection of environmental noise/SED_wav/S-0622.wav,DataSED - DataSED - Dataset for Sound Event Detection of environmental noise/SED_wav/S-0622.wav,DataSED - DataSED - Dataset for Sound Event Detection of environmental noise/SED_wav/S-0622.npy,8f260b86c50ee8730cf62d82834c05a00dd2b615b041447e8557742ca4d1285c,fceb9f66bbbf06e76859dbe1256fd328d5904337cc11031f30e6562c72183a12,64,3070,bbf5188fb61e44e59fba46cebd26aab9371508748b9185ae1d3222c9cbaabffa
datased:DataSED - DataSED - Dataset for Sound Event Detection of environmental noise/SED_wav/S-0623.wav,DataSED - DataSED - Dataset for Sound Event Detection of environmental noise/SED_wav/S-0623.wav,DataSED - DataSED - Dataset for Sound Event Detection of environmental noise/SED_wav/S-0623.npy,451856e89c8f93e83cf21928355d18a01e2c20d62ee8fa8bb0753bbd4fb670f8,3d01e540138be125ec4cde0235ebef87968092b6e58ad14d56ee805a9b46cd24,64,3187,bbf5188fb61e44e59fba46cebd26aab9371508748b9185ae1d3222c9cbaabffa
datased:DataSED - DataSED - Dataset for Sound Event Detection of environmental noise/SED_wav/S-0624.wav,DataSED - DataSED - Dataset for Sound Event Detection of environmental noise/SED_wav/S-0624.wav,DataSED - DataSED - Dataset for Sound Event Detection of environmental noise/SED_wav/S-0624.npy,54b8785f1badc27ccee2b030045fd8148f21c7fbf70ef78b4ab44d0534bc58ab,5253aa8fa7c042ce36beb7af0251e498405eb2f27c6fe2e319f0842ea2fd2a4e,64,3846,bbf5188fb61e44e59fba46cebd26aab9371508748b9185ae1d3222c9cbaabffa
datased:DataSED - DataSED - Dataset for Sound Event Detection of environmental noise/SED_wav/S-0625.wav,DataSED - DataSED - Dataset for Sound Event Detection of environmental noise/SED_wav/S-0625.wav,DataSED - DataSED - Dataset for Sound Event Detection of environmental noise/SED_wav/S-0625.npy,df8992596a5e9bcc7059714dad49fbc92359baae4115370bb3a438e802769f03,3688473700220ef4a2453b04364c274843b5ee6f1c5a67a1cec32ad8a3886bb1,64,3180,bbf5188fb61e44e59fba46cebd26aab9371508748b9185ae1d3222c9cbaabffa
datased:DataSED - DataSED - Dataset for Sound Event Detection of environmental noise/SED_wav/S-0626.wav,DataSED - DataSED - Dataset for Sound Event Detection of environmental noise/SED_wav/S-0626.wav,DataSED - DataSED - Dataset for Sound Event Detection of environmental noise/SED_wav/S-0626.npy,b4ba268569332d717cdd20d7588edf3e8e3ed8b93eca15f91b23c47edc834944,401adf930a260fa2ce525114183c8b67148eeb3762c08582be2d80998a8d6967,64,2466,bbf5188fb61e44e59fba46cebd26aab9371508748b9185ae1d3222c9cbaabffa
datased:DataSED - DataSED - Dataset for Sound Event Detection of environmental noise/SED_wav/S-0627.wav,DataSED - DataSED - Dataset for Sound Event Detection of environmental noise/SED_wav/S-0627.wav,DataSED - DataSED - Dataset for Sound Event Detection of environmental noise/SED_wav/S-0627.npy,475c3bea91bc83fa976873e3151d535aa0d9d0a98d7de19ea64d8dad89c124d9,9323843b372ce86588613954bd06a6f48e72889bb1d823dd6d835075536db822,64,2430,bbf5188fb61e44e59fba46cebd26aab9371508748b9185ae1d3222c9cbaabffa
datased:DataSED - DataSED - Dataset for Sound Event Detection of environmental noise/SED_wav/S-0628.wav,DataSED - DataSED - Dataset for Sound Event Detection of environmental noise/SED_wav/S-0628.wav,DataSED - DataSED - Dataset for Sound Event Detection of environmental noise/SED_wav/S-0628.npy,2b3c76351c0bd903708eb3fa1da70a3351a0c054fcf0777339bd713b0d167381,164acbb88a8a6c16040eb44f8a0a8e3ceb0844dd81f85aa3011f8dd405a5aa42,64,1521,bbf5188fb61e44e59fba46cebd26aab9371508748b9185ae1d3222c9cbaabffa
datased:DataSED - DataSED - Dataset for Sound Event Detection of environmental noise/SED_wav/S-0629.wav,DataSED - DataSED - Dataset for Sound Event Detection of environmental noise/SED_wav/S-0629.wav,DataSED - DataSED - Dataset for Sound Event Detection of environmental noise/SED_wav/S-0629.npy,9f9386a6cc2ee490d1604772e9177d9dcd97b79183daa2dad62f0bd582f55c24,f7c3444e02cbff9b91120daf24d9316564a5cd0afaf3a1d7f5f367fedb6deba6,64,3182,bbf5188fb61e44e59fba46cebd26aab9371508748b9185ae1d3222c9cbaabffa
datased:DataSED - DataSED - Dataset for Sound Event Detection of environmental noise/SED_wav/S-0630.wav,DataSED - DataSED - Dataset for Sound Event Detection of environmental noise/SED_wav/S-0630.wav,DataSED - DataSED - Dataset for Sound Event Detection of environmental noise/SED_wav/S-0630.npy,25a27aed085df8e67fec4a977d6d473980920382ebe87503438577ee48a86555,d40ee61b4ff52fb2fa0aaffd19eeab67370a811debdc97dd4177fc3cf6c8943b,64,1521,bbf5188fb61e44e59fba46cebd26aab9371508748b9185ae1d3222c9cbaabffa
datased:DataSED - DataSED - Dataset for Sound Event Detection of environmental noise/SED_wav/S-0631.wav,DataSED - DataSED - Dataset for Sound Event Detection of environmental noise/SED_wav/S-0631.wav,DataSED - DataSED - Dataset for Sound Event Detection of environmental noise/SED_wav/S-0631.npy,8f1bd1ff851425ab7f2101e4fd7eaf4e12da16d1e26038bdf2ba70e459b59b42,2e497ccaf00c04ddcef3d088e319df75acd11ebb1fc7d32a6f948d6b938d21b2,64,3445,bbf5188fb61e44e59fba46cebd26aab9371508748b9185ae1d3222c9cbaabffa
datased:DataSED - DataSED - Dataset for Sound Event Detection of environmental noise/SED_wav/S-0632.wav,DataSED - DataSED - Dataset for Sound Event Detection of environmental noise/SED_wav/S-0632.wav,DataSED - DataSED - Dataset for Sound Event Detection of environmental noise/SED_wav/S-0632.npy,1d8b626d2c53220aeb99044a721d45b59e355c925ee20dfb3c776c3c74ed8bed,a8019509e320780fdb38a70f8d3f7d0e6b0d36ece21c874a22a8ca3d18e90521,64,6385,bbf5188fb61e44e59fba46cebd26aab9371508748b9185ae1d3222c9cbaabffa
datased:DataSED - DataSED - Dataset for Sound Event Detection of environmental noise/SED_wav/S-0633.wav,DataSED - DataSED - Dataset for Sound Event Detection of environmental noise/SED_wav/S-0633.wav,DataSED - DataSED - Dataset for Sound Event Detection of environmental noise/SED_wav/S-0633.npy,18a2a758931a0eb6074331e33d57b221c9f99212852170279d6ed32a4d45a5d7,52f4b1c4ebdcffcbc9ca55b63a0b4238c91b4026b1dd1471207eb1d729135828,64,5325,bbf5188fb61e44e59fba46cebd26aab9371508748b9185ae1d3222c9cbaabffa
datased:DataSED - DataSED - Dataset for Sound Event Detection of environmental noise/SED_wav/S-0634.wav,DataSED - DataSED - Dataset for Sound Event Detection of environmental noise/SED_wav/S-0634.wav,DataSED - DataSED - Dataset for Sound Event Detection of environmental noise/SED_wav/S-0634.npy,4bfc6bf1a4378bcd036273e83c0077fa43da6cfac67b830b26002da6a8cde0ca,ec5d0ade0a945df4de5944adf482d172163b578697c7e75c57a9d264a9be4b4d,64,8333,bbf5188fb61e44e59fba46cebd26aab9371508748b9185ae1d3222c9cbaabffa
datased:DataSED - DataSED - Dataset for Sound Event Detection of environmental noise/SED_wav/S-0635.wav,DataSED - DataSED - Dataset for Sound Event Detection of environmental noise/SED_wav/S-0635.wav,DataSED - DataSED - Dataset for Sound Event Detection of environmental noise/SED_wav/S-0635.npy,d0f5f2528ea48ad2109ba143abcfcf386dbe294bda715f6ad3a95ecd7434ba11,4a821c4900c89e0cceb7475061b656cce2d4a8d03330b6310b312ab8db222e1c,64,2025,bbf5188fb61e44e59fba46cebd26aab9371508748b9185ae1d3222c9cbaabffa
datased:DataSED - DataSED - Dataset for Sound Event Detection of environmental noise/SED_wav/S-0636.wav,DataSED - DataSED - Dataset for Sound Event Detection of environmental noise/SED_wav/S-0636.wav,DataSED - DataSED - Dataset for Sound Event Detection of environmental noise/SED_wav/S-0636.npy,07247191f188cf77f14e1d52d446608daf44704e85eff1b9df617ceab24bdfce,6f79df4f80f5252ff565125f8527164ca12f1db93dee21929c3f3cdba33c836e,64,2139,bbf5188fb61e44e59fba46cebd26aab9371508748b9185ae1d3222c9cbaabffa
datased:DataSED - DataSED - Dataset for Sound Event Detection of environmental noise/SED_wav/S-0637.wav,DataSED - DataSED - Dataset for Sound Event Detection of environmental noise/SED_wav/S-0637.wav,DataSED - DataSED - Dataset for Sound Event Detection of environmental noise/SED_wav/S-0637.npy,aca6e2cc7e66341f4cdbe6a29e72f0da30dafe53ccec12dd0bea980b7244a06e,454ca5185319af1aa0ac7f3ca86925ead41fde412bea1639710882e1e6e4b761,64,2058,bbf5188fb61e44e59fba46cebd26aab9371508748b9185ae1d3222c9cbaabffa
datased:DataSED - DataSED - Dataset for Sound Event Detection of environmental noise/SED_wav/S-0638.wav,DataSED - DataSED - Dataset for Sound Event Detection of environmental noise/SED_wav/S-0638.wav,DataSED - DataSED - Dataset for Sound Event Detection of environmental noise/SED_wav/S-0638.npy,d93efe60da733a2f05306989d3ed9044cfeaeba6d6525a2e447973e8cc6702e5,c64e11ba6a1b9494599deedb83a3859c8e841bb29ea644de062504de18e4a80d,64,2615,bbf5188fb61e44e59fba46cebd26aab9371508748b9185ae1d3222c9cbaabffa
datased:DataSED - DataSED - Dataset for Sound Event Detection of environmental noise/SED_wav/S-0639.wav,DataSED - DataSED - Dataset for Sound Event Detection of environmental noise/SED_wav/S-0639.wav,DataSED - DataSED - Dataset for Sound Event Detection of environmental noise/SED_wav/S-0639.npy,fe2b903f62894b0b4d2cc0fefc28d9dd8924319956ad8c9fe2489d20083bb9a3,81ddfe80bda333e124eb9411719cd2cb732a41a9f9f4f447f460fa15ace1c9e4,64,3515,bbf5188fb61e44e59fba46cebd26aab9371508748b9185ae1d3222c9cbaabffa
datased:DataSED - DataSED - Dataset for Sound Event Detection of environmental noise/SED_wav/S-0640.wav,DataSED - DataSED - Dataset for Sound Event Detection of environmental noise/SED_wav/S-0640.wav,DataSED - DataSED - Dataset for Sound Event Detection of environmental noise/SED_wav/S-0640.npy,71aeece013d4b9c7dd0aa6d077f987d0a0de70ba1b376bd9c40269e600381981,c36b828096ca32493e9ac0ce3694006b9a12de4c3004bd15352a41d0c3eb9b5c,64,6533,bbf5188fb61e44e59fba46cebd26aab9371508748b9185ae1d3222c9cbaabffa
datased:DataSED - DataSED - Dataset for Sound Event Detection of environmental noise/SED_wav/S-0641.wav,DataSED - DataSED - Dataset for Sound Event Detection of environmental noise/SED_wav/S-0641.wav,DataSED - DataSED - Dataset for Sound Event Detection of environmental noise/SED_wav/S-0641.npy,35d571450e529f8f1e9052dc6c838a24c84bea507935678328dbd2a4fcb16b65,0a7df89c98766aa70e07a5b8c51ade35159d0e11b6d81a3a464e3952754f9fd4,64,4885,bbf5188fb61e44e59fba46cebd26aab9371508748b9185ae1d3222c9cbaabffa
datased:DataSED - DataSED - Dataset for Sound Event Detection of environmental noise/SED_wav/S-0642.wav,DataSED - DataSED - Dataset for Sound Event Detection of environmental noise/SED_wav/S-0642.wav,DataSED - DataSED - Dataset for Sound Event Detection of environmental noise/SED_wav/S-0642.npy,5c0c1ac01303896a904f93632e88bb8076dd3a1aea5f6e76fc80fdb07ab9b61e,b12eed85668b7ea67f0685cbe35f6019c52ef8b9f9185449b068d18f8258b9d7,64,4915,bbf5188fb61e44e59fba46cebd26aab9371508748b9185ae1d3222c9cbaabffa
datased:DataSED - DataSED - Dataset for Sound Event Detection of environmental noise/SED_wav/S-0643.wav,DataSED - DataSED - Dataset for Sound Event Detection of environmental noise/SED_wav/S-0643.wav,DataSED - DataSED - Dataset for Sound Event Detection of environmental noise/SED_wav/S-0643.npy,ecc59331305d5d9f4078ff275d9c57c23cb39937a608669bcb446185badde0bb,10cb2b2ac9bb2e8e1cfdd599be7196f57e8b01770ec3ffca6a08add73de151c1,64,3095,bbf5188fb61e44e59fba46cebd26aab9371508748b9185ae1d3222c9cbaabffa
datased:DataSED - DataSED - Dataset for Sound Event Detection of environmental noise/SED_wav/S-0644.wav,DataSED - DataSED - Dataset for Sound Event Detection of environmental noise/SED_wav/S-0644.wav,DataSED - DataSED - Dataset for Sound Event Detection of environmental noise/SED_wav/S-0644.npy,fb6dba705fcde0c63589556e65280012db425227ae78a96deb1757b2fdaf6156,b4fa92606c7361ec96c4124abe63b143fb4ecfb47151f52798a28f448e448cf7,64,2965,bbf5188fb61e44e59fba46cebd26aab9371508748b9185ae1d3222c9cbaabffa
datased:DataSED - DataSED - Dataset for Sound Event Detection of environmental noise/SED_wav/S-0645.wav,DataSED - DataSED - Dataset for Sound Event Detection of environmental noise/SED_wav/S-0645.wav,DataSED - DataSED - Dataset for Sound Event Detection of environmental noise/SED_wav/S-0645.npy,1c85caaf076bd2370022f6ece9c5389658acf3e87c2d863735c348f9cf83a6bc,f53c8d30b15914391cb0f8cabaeb038596da4f2b7858cbc6a8852afea7d9d3ee,64,11790,bbf5188fb61e44e59fba46cebd26aab9371508748b9185ae1d3222c9cbaabffa
datased:DataSED - DataSED - Dataset for Sound Event Detection of environmental noise/SED_wav/S-0646.wav,DataSED - DataSED - Dataset for Sound Event Detection of environmental noise/SED_wav/S-0646.wav,DataSED - DataSED - Dataset for Sound Event Detection of environmental noise/SED_wav/S-0646.npy,9025df33b42f1859ce4013cff877de6ff38a01c0e9bcae2b415f96084b621f74,997caa1cca569d88ed6bcdc0ddec1dad9600a209f427c6432e98ba78d736b9a7,64,11113,bbf5188fb61e44e59fba46cebd26aab9371508748b9185ae1d3222c9cbaabffa
datased:DataSED - DataSED - Dataset for Sound Event Detection of environmental noise/SED_wav/S-0647.wav,DataSED - DataSED - Dataset for Sound Event Detection of environmental noise/SED_wav/S-0647.wav,DataSED - DataSED - Dataset for Sound Event Detection of environmental noise/SED_wav/S-0647.npy,6d81f7c3eb24c76f74dac5a1f2e0ca14ebdbf0aaae523ecce1ee6785661f50c1,248b259f7b05accbf9ef05558a675807dcbc5584469d86f984a660f11544dcb7,64,12359,bbf5188fb61e44e59fba46cebd26aab9371508748b9185ae1d3222c9cbaabffa
datased:DataSED - DataSED - Dataset for Sound Event Detection of environmental noise/SED_wav/S-0648.wav,DataSED - DataSED - Dataset for Sound Event Detection of environmental noise/SED_wav/S-0648.wav,DataSED - DataSED - Dataset for Sound Event Detection of environmental noise/SED_wav/S-0648.npy,13d00401f4fb964a55532dd5fe6131f32563ba200b0fa2495941a0b6a70e5691,bbcad468e762e81256c8870e470de4f31e1326f26de4d4fc0f9b223d7bb95a10,64,13320,bbf5188fb61e44e59fba46cebd26aab9371508748b9185ae1d3222c9cbaabffa
datased:DataSED - DataSED - Dataset for Sound Event Detection of environmental noise/SED_wav/S-0649.wav,DataSED - DataSED - Dataset for Sound Event Detection of environmental noise/SED_wav/S-0649.wav,DataSED - DataSED - Dataset for Sound Event Detection of environmental noise/SED_wav/S-0649.npy,d4da1b2dbf21491a8c471cbcfcaac06320eb799e80a1a6fb22599a0881ec1388,e4521dad7a845ee82f9959830f11e87edf89fde01a992d25975b6d3cd018ec64,64,14144,bbf5188fb61e44e59fba46cebd26aab9371508748b9185ae1d3222c9cbaabffa
datased:DataSED - DataSED - Dataset for Sound Event Detection of environmental noise/SED_wav/S-0650.wav,DataSED - DataSED - Dataset for Sound Event Detection of environmental noise/SED_wav/S-0650.wav,DataSED - DataSED - Dataset for Sound Event Detection of environmental noise/SED_wav/S-0650.npy,b897c3963e5eec00851c050197b7921cf1aac4a71ec5874216511acecfba66b1,ccfa7e71139ad9270de614b118985345833e12385e27e73410590014058548a0,64,15007,bbf5188fb61e44e59fba46cebd26aab9371508748b9185ae1d3222c9cbaabffa
datased:DataSED - DataSED - Dataset for Sound Event Detection of environmental noise/SED_wav/S-0651.wav,DataSED - DataSED - Dataset for Sound Event Detection of environmental noise/SED_wav/S-0651.wav,DataSED - DataSED - Dataset for Sound Event Detection of environmental noise/SED_wav/S-0651.npy,8f0dbf4e70286791ed23e8cca85c0944441e818b057fd48aae59ed58b4e52fbc,1cec5d62850faacdfcb0e4d9d7787d54c66d5f1e9065a060bf2c48db7448aafc,64,11233,bbf5188fb61e44e59fba46cebd26aab9371508748b9185ae1d3222c9cbaabffa
datased:DataSED - DataSED - Dataset for Sound Event Detection of environmental noise/SED_wav/S-0652.wav,DataSED - DataSED - Dataset for Sound Event Detection of environmental noise/SED_wav/S-0652.wav,DataSED - DataSED - Dataset for Sound Event Detection of environmental noise/SED_wav/S-0652.npy,283a22465db06028df16112c6bd1c20025cc69c870a85cb2676635310442eff2,6ef69bd1e29a179a3e9dfb4a88ddd0e674de119736cd7b5e0571ed9cee94ebe9,64,17891,bbf5188fb61e44e59fba46cebd26aab9371508748b9185ae1d3222c9cbaabffa
datased:DataSED - DataSED - Dataset for Sound Event Detection of environmental noise/SED_wav/S-0653.wav,DataSED - DataSED - Dataset for Sound Event Detection of environmental noise/SED_wav/S-0653.wav,DataSED - DataSED - Dataset for Sound Event Detection of environmental noise/SED_wav/S-0653.npy,8bccd903ecb5779f15751dc56524f699c884814c7e890e7771e5ae1d3d58acbd,177f9cfd5a0303d794e89788c74e735c21eaf9114860261c9db35a6cfb617ff9,64,14281,bbf5188fb61e44e59fba46cebd26aab9371508748b9185ae1d3222c9cbaabffa
datased:DataSED - DataSED - Dataset for Sound Event Detection of environmental noise/SED_wav/S-0654.wav,DataSED - DataSED - Dataset for Sound Event Detection of environmental noise/SED_wav/S-0654.wav,DataSED - DataSED - Dataset for Sound Event Detection of environmental noise/SED_wav/S-0654.npy,1e4cff045bf873e62fdfbfb6419b7d403d30235e81b4b4ba644eee80a43c4d68,386aac5a7eb97bbb58e62577eef61de3c884f9219b25942c8de1cc754535bba8,64,9201,bbf5188fb61e44e59fba46cebd26aab9371508748b9185ae1d3222c9cbaabffa
datased:DataSED - DataSED - Dataset for Sound Event Detection of environmental noise/SED_wav/S-0655.wav,DataSED - DataSED - Dataset for Sound Event Detection of environmental noise/SED_wav/S-0655.wav,DataSED - DataSED - Dataset for Sound Event Detection of environmental noise/SED_wav/S-0655.npy,fb8ea0e9c253425be7b77b638288cfac236c22ef1ad5f0e5876d2bb016e03467,6ec243c41f3c5bef46760ff1cef6e02cef817d69d4bde71a0ea41b4c3f0d6935,64,11421,bbf5188fb61e44e59fba46cebd26aab9371508748b9185ae1d3222c9cbaabffa
datased:DataSED - DataSED - Dataset for Sound Event Detection of environmental noise/SED_wav/S-0656.wav,DataSED - DataSED - Dataset for Sound Event Detection of environmental noise/SED_wav/S-0656.wav,DataSED - DataSED - Dataset for Sound Event Detection of environmental noise/SED_wav/S-0656.npy,6c149f890fd4fa0d5cf94ea6b8019ed87eef59b1927fd21e96e92839ff9eb4ce,2183e694fd1860a708fe2a007308a3ed28dce62921d57dd4d1ecbb45c3a4d087,64,11026,bbf5188fb61e44e59fba46cebd26aab9371508748b9185ae1d3222c9cbaabffa
datased:DataSED - DataSED - Dataset for Sound Event Detection of environmental noise/SED_wav/S-0657.wav,DataSED - DataSED - Dataset for Sound Event Detection of environmental noise/SED_wav/S-0657.wav,DataSED - DataSED - Dataset for Sound Event Detection of environmental noise/SED_wav/S-0657.npy,b355f61cf25fe5aa2a9c73f788c10e4deb5cbbf30cd89c1c53243a38a932485b,96d99788bed5c8663fe0122ea6d7416c9ac44bdc8926a2b1a4dc63838fe08109,64,3813,bbf5188fb61e44e59fba46cebd26aab9371508748b9185ae1d3222c9cbaabffa
datased:DataSED - DataSED - Dataset for Sound Event Detection of environmental noise/SED_wav/S-0658.wav,DataSED - DataSED - Dataset for Sound Event Detection of environmental noise/SED_wav/S-0658.wav,DataSED - DataSED - Dataset for Sound Event Detection of environmental noise/SED_wav/S-0658.npy,658c49df0f2f83a52d1378274ce7aabee42b75531887209c93465a68aa2db0f9,0b19ff613d82bdfa7dc0d0ca22a577dcb3be1f3dd4c778611b7e1780ac7e4d81,64,6344,bbf5188fb61e44e59fba46cebd26aab9371508748b9185ae1d3222c9cbaabffa
datased:DataSED - DataSED - Dataset for Sound Event Detection of environmental noise/SED_wav/S-0659.wav,DataSED - DataSED - Dataset for Sound Event Detection of environmental noise/SED_wav/S-0659.wav,DataSED - DataSED - Dataset for Sound Event Detection of environmental noise/SED_wav/S-0659.npy,e5925d5800825403a4154db10a4b51ae0e90c61c386be2c3cb23d872db4673b7,039bf69f0d808762089053a6c791a4d9841d999aeaf0c6a5e5133bef890b5b37,64,1841,bbf5188fb61e44e59fba46cebd26aab9371508748b9185ae1d3222c9cbaabffa
datased:DataSED - DataSED - Dataset for Sound Event Detection of environmental noise/SED_wav/S-0660.wav,DataSED - DataSED - Dataset for Sound Event Detection of environmental noise/SED_wav/S-0660.wav,DataSED - DataSED - Dataset for Sound Event Detection of environmental noise/SED_wav/S-0660.npy,961894b0565e7d771264390db2dcb4d3e1a1e504536934f70380cce4914728a2,2b5378166100ff0b7e054edde4d1d3b28a8975c051a41d9cddf3bda2e5fcc787,64,1003,bbf5188fb61e44e59fba46cebd26aab9371508748b9185ae1d3222c9cbaabffa
datased:DataSED - DataSED - Dataset for Sound Event Detection of environmental noise/SED_wav/S-0661.wav,DataSED - DataSED - Dataset for Sound Event Detection of environmental noise/SED_wav/S-0661.wav,DataSED - DataSED - Dataset for Sound Event Detection of environmental noise/SED_wav/S-0661.npy,9250b317b48f26ec93d8fdaa6a9c6f94741d0f94c1d527b6b87f705cda75b1ce,9317bae2aa28d74c5f4fafdc917bedc5421d9d65cbcafed362528be5df130eba,64,9694,bbf5188fb61e44e59fba46cebd26aab9371508748b9185ae1d3222c9cbaabffa
datased:DataSED - DataSED - Dataset for Sound Event Detection of environmental noise/SED_wav/S-0662.wav,DataSED - DataSED - Dataset for Sound Event Detection of environmental noise/SED_wav/S-0662.wav,DataSED - DataSED - Dataset for Sound Event Detection of environmental noise/SED_wav/S-0662.npy,81a567cd6e2940f451f0b0c2c9e42430c9ed75f874fd11c3f5f63b51c4d6523a,09a8ddc71a998e3d932744f285c199caea3b86db305dd3cd963d77e311cf2552,64,3608,bbf5188fb61e44e59fba46cebd26aab9371508748b9185ae1d3222c9cbaabffa
datased:DataSED - DataSED - Dataset for Sound Event Detection of environmental noise/SED_wav/S-0663.wav,DataSED - DataSED - Dataset for Sound Event Detection of environmental noise/SED_wav/S-0663.wav,DataSED - DataSED - Dataset for Sound Event Detection of environmental noise/SED_wav/S-0663.npy,13df903121ce99994ccf3366c5c371a5760a0dbe636330f859b0f61cdd152344,86730272c6c4a2b04d0fb981a94d592d351b93ee5032ed230cf67570924450de,64,3934,bbf5188fb61e44e59fba46cebd26aab9371508748b9185ae1d3222c9cbaabffa
datased:DataSED - DataSED - Dataset for Sound Event Detection of environmental noise/SED_wav/S-0664.wav,DataSED - DataSED - Dataset for Sound Event Detection of environmental noise/SED_wav/S-0664.wav,DataSED - DataSED - Dataset for Sound Event Detection of environmental noise/SED_wav/S-0664.npy,a325049cd234962938ab8af9871f0f185b194bc32f3851f7ee30d9ea24be1bd7,18f58b9c0fc17ce1f3cb1bbdfe399d529d76d901823e282bce0f60d316504446,64,2986,bbf5188fb61e44e59fba46cebd26aab9371508748b9185ae1d3222c9cbaabffa
datased:DataSED - DataSED - Dataset for Sound Event Detection of environmental noise/SED_wav/S-0665.wav,DataSED - DataSED - Dataset for Sound Event Detection of environmental noise/SED_wav/S-0665.wav,DataSED - DataSED - Dataset for Sound Event Detection of environmental noise/SED_wav/S-0665.npy,40ac33475d5211f79a871c2808aeec0014934786cb9a60081bc8a154d297ca60,d92e9b4b7a3821d4f486e04a87d482fa692106cbd7b3ad0d0e02af8d1544f568,64,2749,bbf5188fb61e44e59fba46cebd26aab9371508748b9185ae1d3222c9cbaabffa
datased:DataSED - DataSED - Dataset for Sound Event Detection of environmental noise/SED_wav/S-0666.wav,DataSED - DataSED - Dataset for Sound Event Detection of environmental noise/SED_wav/S-0666.wav,DataSED - DataSED - Dataset for Sound Event Detection of environmental noise/SED_wav/S-0666.npy,80e1479775d24c6140abbde86efa2c1177496352121bc2fdd4045085199bce8a,82893dec12aeae3e2afb844b95360ad8ad46f7e591661987a245451169b900c4,64,11516,bbf5188fb61e44e59fba46cebd26aab9371508748b9185ae1d3222c9cbaabffa
datased:DataSED - DataSED - Dataset for Sound Event Detection of environmental noise/SED_wav/S-0667.wav,DataSED - DataSED - Dataset for Sound Event Detection of environmental noise/SED_wav/S-0667.wav,DataSED - DataSED - Dataset for Sound Event Detection of environmental noise/SED_wav/S-0667.npy,959c0885a9e7373048208080bb00a6183c95060fe70f47a0d2cf8752ffe3d8dd,b7839376e311a98d327ad073a28d5963a83c0807897f4716f14465f4bee47a14,64,1071,bbf5188fb61e44e59fba46cebd26aab9371508748b9185ae1d3222c9cbaabffa
datased:DataSED - DataSED - Dataset for Sound Event Detection of environmental noise/SED_wav/S-0668.wav,DataSED - DataSED - Dataset for Sound Event Detection of environmental noise/SED_wav/S-0668.wav,DataSED - DataSED - Dataset for Sound Event Detection of environmental noise/SED_wav/S-0668.npy,82a08b2b4a2b63ded978af524399b94e319e717ffe8bb90188f80b64107f94a4,65751b27aed0e0e227882f4194c7419e0e2c7f9e89fcb7cedf2fa35e45e6bffa,64,7009,bbf5188fb61e44e59fba46cebd26aab9371508748b9185ae1d3222c9cbaabffa
datased:DataSED - DataSED - Dataset for Sound Event Detection of environmental noise/SED_wav/S-0669.wav,DataSED - DataSED - Dataset for Sound Event Detection of environmental noise/SED_wav/S-0669.wav,DataSED - DataSED - Dataset for Sound Event Detection of environmental noise/SED_wav/S-0669.npy,e546b3c01424596344e11329db6ade14905e06eca50ab42ef221912e57f1831d,bc0335de7cba4ca11481233380f99c1f8cda8162143251e395f73c455d8f3381,64,15703,bbf5188fb61e44e59fba46cebd26aab9371508748b9185ae1d3222c9cbaabffa
datased:DataSED - DataSED - Dataset for Sound Event Detection of environmental noise/SED_wav/S-0670.wav,DataSED - DataSED - Dataset for Sound Event Detection of environmental noise/SED_wav/S-0670.wav,DataSED - DataSED - Dataset for Sound Event Detection of environmental noise/SED_wav/S-0670.npy,4f92fbdd0dc796d8e82b16ad3663c067b9eaf629ed801ecf2e0e6694567c3a90,e872e777cd6bb3a3f56eb1c162ffaafc2b36a553445af3f1e8f62485d2b4ce0b,64,13048,bbf5188fb61e44e59fba46cebd26aab9371508748b9185ae1d3222c9cbaabffa
datased:DataSED - DataSED - Dataset for Sound Event Detection of environmental noise/SED_wav/S-0671.wav,DataSED - DataSED - Dataset for Sound Event Detection of environmental noise/SED_wav/S-0671.wav,DataSED - DataSED - Dataset for Sound Event Detection of environmental noise/SED_wav/S-0671.npy,53b28cc52588db042c0901f204f7219e8bf6da1e74652e1cd1a766fc432fdc02,1dfb0b976469a3064569c0ddd12454f44db96862b89911965bc1720782f5a02f,64,10590,bbf5188fb61e44e59fba46cebd26aab9371508748b9185ae1d3222c9cbaabffa
datased:DataSED - DataSED - Dataset for Sound Event Detection of environmental noise/SED_wav/S-0672.wav,DataSED - DataSED - Dataset for Sound Event Detection of environmental noise/SED_wav/S-0672.wav,DataSED - DataSED - Dataset for Sound Event Detection of environmental noise/SED_wav/S-0672.npy,085ec87530e3042cc2444d7a85c0d9b45fb531a35c587cecc21a3b7607548c05,6c7fb4344f21623dfc9abc6d96ed1547a13bec188d10881eb9dd0b9321f12b47,64,17963,bbf5188fb61e44e59fba46cebd26aab9371508748b9185ae1d3222c9cbaabffa
datased:DataSED - DataSED - Dataset for Sound Event Detection of environmental noise/SED_wav/S-0673.wav,DataSED - DataSED - Dataset for Sound Event Detection of environmental noise/SED_wav/S-0673.wav,DataSED - DataSED - Dataset for Sound Event Detection of environmental noise/SED_wav/S-0673.npy,844f3e870150bb9a57355ff75d242042d488c2ef970dcd70d8d03deced16a9e7,14f69ad7060a9f492b3d9ad6ef9c22053396d63f6fa666e096fe4c59c8ffe3a0,64,6539,bbf5188fb61e44e59fba46cebd26aab9371508748b9185ae1d3222c9cbaabffa
datased:DataSED - DataSED - Dataset for Sound Event Detection of environmental noise/SED_wav/S-0674.wav,DataSED - DataSED - Dataset for Sound Event Detection of environmental noise/SED_wav/S-0674.wav,DataSED - DataSED - Dataset for Sound Event Detection of environmental noise/SED_wav/S-0674.npy,0f3c70af13296349d54f66cbf55ce71c3d53dd00510a782fa5ec619d3f3ae043,74968b6f54649e17fce3da764f31e75b5e0eeccc19dd1da205a0ce84a6ef5c89,64,13851,bbf5188fb61e44e59fba46cebd26aab9371508748b9185ae1d3222c9cbaabffa
datased:DataSED - DataSED - Dataset for Sound Event Detection of environmental noise/SED_wav/S-0675.wav,DataSED - DataSED - Dataset for Sound Event Detection of environmental noise/SED_wav/S-0675.wav,DataSED - DataSED - Dataset for Sound Event Detection of environmental noise/SED_wav/S-0675.npy,e219e2b288a72231ed9efa45e61d347558c70fdee0a8e372a4c4aebeb865d10d,ec82be787b222202757be4412f42df11cead3226efa7f41262b337d3eeabd1e9,64,15625,bbf5188fb61e44e59fba46cebd26aab9371508748b9185ae1d3222c9cbaabffa
datased:DataSED - DataSED - Dataset for Sound Event Detection of environmental noise/SED_wav/S-0676.wav,DataSED - DataSED - Dataset for Sound Event Detection of environmental noise/SED_wav/S-0676.wav,DataSED - DataSED - Dataset for Sound Event Detection of environmental noise/SED_wav/S-0676.npy,8bc8e51d005d351b1daa0aa94e21df67905d0f416d6aacdd1b13031e4219d551,e0ef477fb10b5392a5735e80c752f7d574bd482392a1795a70d486e2e949873e,64,24302,bbf5188fb61e44e59fba46cebd26aab9371508748b9185ae1d3222c9cbaabffa
datased:DataSED - DataSED - Dataset for Sound Event Detection of environmental noise/SED_wav/S-0677.wav,DataSED - DataSED - Dataset for Sound Event Detection of environmental noise/SED_wav/S-0677.wav,DataSED - DataSED - Dataset for Sound Event Detection of environmental noise/SED_wav/S-0677.npy,28391a28eeda15de56b752f6f1a608f30dcc6766a8e62a18fed9d7570a88546d,bdc680891867abd15ca56f00b4be664d1621cda0032b51b1bf3aed2d88309aea,64,13895,bbf5188fb61e44e59fba46cebd26aab9371508748b9185ae1d3222c9cbaabffa
datased:DataSED - DataSED - Dataset for Sound Event Detection of environmental noise/SED_wav/S-0678.wav,DataSED - DataSED - Dataset for Sound Event Detection of environmental noise/SED_wav/S-0678.wav,DataSED - DataSED - Dataset for Sound Event Detection of environmental noise/SED_wav/S-0678.npy,fa4d8f013e4f6981f035718a0dbf5727cc28b411a7fbb034d82f042f7e056b98,97ba3865b4ac1c3aa5aedb3ea1cb08f8c49893a58a11467c404fb66e3ff77425,64,12271,bbf5188fb61e44e59fba46cebd26aab9371508748b9185ae1d3222c9cbaabffa
datased:DataSED - DataSED - Dataset for Sound Event Detection of environmental noise/SED_wav/S-0679.wav,DataSED - DataSED - Dataset for Sound Event Detection of environmental noise/SED_wav/S-0679.wav,DataSED - DataSED - Dataset for Sound Event Detection of environmental noise/SED_wav/S-0679.npy,4ada4d6bab70199f9a37dace86323dc826e2f7f821e586364fba44cf363c2532,51b160b54f48aa89a5b16550b08b6444ef7a4054f026190e71f41226471e1f90,64,16642,bbf5188fb61e44e59fba46cebd26aab9371508748b9185ae1d3222c9cbaabffa
datased:DataSED - DataSED - Dataset for Sound Event Detection of environmental noise/SED_wav/S-0680.wav,DataSED - DataSED - Dataset for Sound Event Detection of environmental noise/SED_wav/S-0680.wav,DataSED - DataSED - Dataset for Sound Event Detection of environmental noise/SED_wav/S-0680.npy,0f2ac431b90a1cb288e3f69efa5812cfb417261d4e96999558acf0c229e6cfe0,c6858e21a63bf142730891f56bad74a5281e09cbb93642bd3615eae7278a732c,64,4629,bbf5188fb61e44e59fba46cebd26aab9371508748b9185ae1d3222c9cbaabffa
datased:DataSED - DataSED - Dataset for Sound Event Detection of environmental noise/SED_wav/S-0681.wav,DataSED - DataSED - Dataset for Sound Event Detection of environmental noise/SED_wav/S-0681.wav,DataSED - DataSED - Dataset for Sound Event Detection of environmental noise/SED_wav/S-0681.npy,ab8e091c0b4c3c09fa5139a0aaefc391a33db61c1e0fe292f3b339115b5a0a32,40270371a92cad4ed5e55799a3bcea432406056b9d791313eaf432468db5bbd2,64,4301,bbf5188fb61e44e59fba46cebd26aab9371508748b9185ae1d3222c9cbaabffa
datased:DataSED - DataSED - Dataset for Sound Event Detection of environmental noise/SED_wav/S-0682.wav,DataSED - DataSED - Dataset for Sound Event Detection of environmental noise/SED_wav/S-0682.wav,DataSED - DataSED - Dataset for Sound Event Detection of environmental noise/SED_wav/S-0682.npy,244549218ecfe600f68abac06d0ff64149eaa81006de1f40faac0c5bb240f6b8,9de6a7d3f8b8b31420773e4e7d7038d7dcc40299d274f2d0ad52d42eb007b243,64,6700,bbf5188fb61e44e59fba46cebd26aab9371508748b9185ae1d3222c9cbaabffa
datased:DataSED - DataSED - Dataset for Sound Event Detection of environmental noise/SED_wav/S-0683.wav,DataSED - DataSED - Dataset for Sound Event Detection of environmental noise/SED_wav/S-0683.wav,DataSED - DataSED - Dataset for Sound Event Detection of environmental noise/SED_wav/S-0683.npy,4242f7b719b8c556ab26ace8dbedb9123213f0a26924e5daa98cdf62b6cdb631,6c6de431f32e7cca10e344b08e0404e0e3af245a6b7ce716fee4318e211af36a,64,4601,bbf5188fb61e44e59fba46cebd26aab9371508748b9185ae1d3222c9cbaabffa
datased:DataSED - DataSED - Dataset for Sound Event Detection of environmental noise/SED_wav/S-0684.wav,DataSED - DataSED - Dataset for Sound Event Detection of environmental noise/SED_wav/S-0684.wav,DataSED - DataSED - Dataset for Sound Event Detection of environmental noise/SED_wav/S-0684.npy,6fc60ba352bc6b2cf44ae1e03f64a6a673932159b9f966767f0c5253023fc45f,969c5dae4e1c79b854ff8590a6052e3815babc9cd86e1d8dfaf1806c2507a623,64,6101,bbf5188fb61e44e59fba46cebd26aab9371508748b9185ae1d3222c9cbaabffa
datased:DataSED - DataSED - Dataset for Sound Event Detection of environmental noise/SED_wav/S-0685.wav,DataSED - DataSED - Dataset for Sound Event Detection of environmental noise/SED_wav/S-0685.wav,DataSED - DataSED - Dataset for Sound Event Detection of environmental noise/SED_wav/S-0685.npy,239eaef10c363eea078eb15c0c8bc358b9a0b10a89f267534514968c2bfe0692,7fbfe78f122a5f65b6ce7c709bbd90b77bbd97811e4122e9529ce19175046976,64,5301,bbf5188fb61e44e59fba46cebd26aab9371508748b9185ae1d3222c9cbaabffa
datased:DataSED - DataSED - Dataset for Sound Event Detection of environmental noise/SED_wav/S-0686.wav,DataSED - DataSED - Dataset for Sound Event Detection of environmental noise/SED_wav/S-0686.wav,DataSED - DataSED - Dataset for Sound Event Detection of environmental noise/SED_wav/S-0686.npy,0fb55beaee8d92acdb33383e262e39ad938bd269ec23c5cba4023d5523c35e81,2be313848a2e167a9e17db5016e3356ed477fd2769d4cc973245518a6c176fb0,64,4401,bbf5188fb61e44e59fba46cebd26aab9371508748b9185ae1d3222c9cbaabffa
datased:DataSED - DataSED - Dataset for Sound Event Detection of environmental noise/SED_wav/S-0687.wav,DataSED - DataSED - Dataset for Sound Event Detection of environmental noise/SED_wav/S-0687.wav,DataSED - DataSED - Dataset for Sound Event Detection of environmental noise/SED_wav/S-0687.npy,154f1d69bf74d20f4d40ee447851b05090674c69a89a4dcb9fc44f8e254fa2ed,3fe9891c9f6a4f5262e7030a2a4c8cd364608655eb50800adaeed0cbd96da11d,64,3901,bbf5188fb61e44e59fba46cebd26aab9371508748b9185ae1d3222c9cbaabffa
datased:DataSED - DataSED - Dataset for Sound Event Detection of environmental noise/SED_wav/S-0688.wav,DataSED - DataSED - Dataset for Sound Event Detection of environmental noise/SED_wav/S-0688.wav,DataSED - DataSED - Dataset for Sound Event Detection of environmental noise/SED_wav/S-0688.npy,04d5eb68392a59d733ae66ec5ae4254c50ca69ac8462876c21426eab10a24bc4,111ba48adedb0c3ef12ec2da45b764337f2fd842961ff6700644e5d7a1febef1,64,2501,bbf5188fb61e44e59fba46cebd26aab9371508748b9185ae1d3222c9cbaabffa
datased:DataSED - DataSED - Dataset for Sound Event Detection of environmental noise/SED_wav/S-0689.wav,DataSED - DataSED - Dataset for Sound Event Detection of environmental noise/SED_wav/S-0689.wav,DataSED - DataSED - Dataset for Sound Event Detection of environmental noise/SED_wav/S-0689.npy,815bd18ff3e352519ed14491686394fc33b384af7ca77f89954bdfd01b49a5f9,c7b6dfa434b7877a7d90c8f3b110dd92a90b61e435d1af133bf14bed848d5501,64,4401,bbf5188fb61e44e59fba46cebd26aab9371508748b9185ae1d3222c9cbaabffa
datased:DataSED - DataSED - Dataset for Sound Event Detection of environmental noise/SED_wav/S-0690.wav,DataSED - DataSED - Dataset for Sound Event Detection of environmental noise/SED_wav/S-0690.wav,DataSED - DataSED - Dataset for Sound Event Detection of environmental noise/SED_wav/S-0690.npy,1d421416a6e865fbc3dfdfdb6b86ba735dd5c1e84e24f6f09c34b52dc997134c,5e4daa5de5fc5f4854b428585810d1425714268b29951795040666d070d9d3ff,64,15380,bbf5188fb61e44e59fba46cebd26aab9371508748b9185ae1d3222c9cbaabffa
datased:DataSED - DataSED - Dataset for Sound Event Detection of environmental noise/SED_wav/S-0691.wav,DataSED - DataSED - Dataset for Sound Event Detection of environmental noise/SED_wav/S-0691.wav,DataSED - DataSED - Dataset for Sound Event Detection of environmental noise/SED_wav/S-0691.npy,8eef2fe7e2aa0fc6a749796a703593bd392ef31ebe913ab47acabeecfe6c3677,229e918121a821cb6ea6fe11b49c30e01feba65a5ca3e2b74c8b397ad6777363,64,16164,bbf5188fb61e44e59fba46cebd26aab9371508748b9185ae1d3222c9cbaabffa
datased:DataSED - DataSED - Dataset for Sound Event Detection of environmental noise/SED_wav/S-0692.wav,DataSED - DataSED - Dataset for Sound Event Detection of environmental noise/SED_wav/S-0692.wav,DataSED - DataSED - Dataset for Sound Event Detection of environmental noise/SED_wav/S-0692.npy,3a5421506f511f9ad3d37500f702635181c53771c8e9495438b9f183ca04fe9e,dc5e81c3df79b9de87d8625135c1d583db3b602cedeb49ab865b303f3958453a,64,14124,bbf5188fb61e44e59fba46cebd26aab9371508748b9185ae1d3222c9cbaabffa
datased:DataSED - DataSED - Dataset for Sound Event Detection of environmental noise/SED_wav/S-0693.wav,DataSED - DataSED - Dataset for Sound Event Detection of environmental noise/SED_wav/S-0693.wav,DataSED - DataSED - Dataset for Sound Event Detection of environmental noise/SED_wav/S-0693.npy,c3efe4c80200bd1a425ef5342efab5f69f16fccbc53f29dd9852488fee5d351c,30807c546dd6d277d53c4bac8f7b076fe3b7ea47810963e6a1620a644becdbd0,64,13654,bbf5188fb61e44e59fba46cebd26aab9371508748b9185ae1d3222c9cbaabffa
datased:DataSED - DataSED - Dataset for Sound Event Detection of environmental noise/SED_wav/S-0694.wav,DataSED - DataSED - Dataset for Sound Event Detection of environmental noise/SED_wav/S-0694.wav,DataSED - DataSED - Dataset for Sound Event Detection of environmental noise/SED_wav/S-0694.npy,f62e71f4fad330a39db716e65229169506865f661772c9a464e71218675ff1df,01c237075c71032b0e2074c93cc5669b77cb2a66edebbf80f4a0828307f586f7,64,13810,bbf5188fb61e44e59fba46cebd26aab9371508748b9185ae1d3222c9cbaabffa
datased:DataSED - DataSED - Dataset for Sound Event Detection of environmental noise/SED_wav/S-0695.wav,DataSED - DataSED - Dataset for Sound Event Detection of environmental noise/SED_wav/S-0695.wav,DataSED - DataSED - Dataset for Sound Event Detection of environmental noise/SED_wav/S-0695.npy,2eb6cb8bf13f9418ab87a01b02da4acf985fe90742c2fdc2202bf3ed51e0c6c3,ab24a2f4ac17e65970d0c793c3fb839b011ad908d403822df4b604b067bc2191,64,15380,bbf5188fb61e44e59fba46cebd26aab9371508748b9185ae1d3222c9cbaabffa
datased:DataSED - DataSED - Dataset for Sound Event Detection of environmental noise/SED_wav/S-0696.wav,DataSED - DataSED - Dataset for Sound Event Detection of environmental noise/SED_wav/S-0696.wav,DataSED - DataSED - Dataset for Sound Event Detection of environmental noise/SED_wav/S-0696.npy,abf30bd86d87ca374dbc5493a3502a6c11d101fee1b6f5300f8297c12ac46065,5b418bbc945bb6f4004cb6258f9a0af5f3a9260dc2cbb9817c388243e7e2517c,64,18675,bbf5188fb61e44e59fba46cebd26aab9371508748b9185ae1d3222c9cbaabffa
datased:DataSED - DataSED - Dataset for Sound Event Detection of environmental noise/SED_wav/S-0697.wav,DataSED - DataSED - Dataset for Sound Event Detection of environmental noise/SED_wav/S-0697.wav,DataSED - DataSED - Dataset for Sound Event Detection of environmental noise/SED_wav/S-0697.npy,f5b24fc30928050e3a00c24551585db24c125d497e293f9f8edc601e6e1698f4,88eb729ba9512df920a9c5f724e055405478c6aecfcddb17b39586229b2742ea,64,15223,bbf5188fb61e44e59fba46cebd26aab9371508748b9185ae1d3222c9cbaabffa
datased:DataSED - DataSED - Dataset for Sound Event Detection of environmental noise/SED_wav/S-0698.wav,DataSED - DataSED - Dataset for Sound Event Detection of environmental noise/SED_wav/S-0698.wav,DataSED - DataSED - Dataset for Sound Event Detection of environmental noise/SED_wav/S-0698.npy,4474c65d85afcaaec01f0930a3e36085579d2623a8448763bc3e8993b2e4afde,75a231ad26c9e25b7fa9376c7d410e86c83c6f889692e11307a54b8bdfcfcee9,64,16321,bbf5188fb61e44e59fba46cebd26aab9371508748b9185ae1d3222c9cbaabffa
datased:DataSED - DataSED - Dataset for Sound Event Detection of environmental noise/SED_wav/S-0699.wav,DataSED - DataSED - Dataset for Sound Event Detection of environmental noise/SED_wav/S-0699.wav,DataSED - DataSED - Dataset for Sound Event Detection of environmental noise/SED_wav/S-0699.npy,708ee145b4c54a1e658fbcb08deaa01e2c8e6eb773c06882b58e5e437489bff6,b307cc8d8d3b9d6e1542cd02a51019274d30e24dc1a4e0a660d679d8338024b6,64,13967,bbf5188fb61e44e59fba46cebd26aab9371508748b9185ae1d3222c9cbaabffa
datased:DataSED - DataSED - Dataset for Sound Event Detection of environmental noise/SED_wav/S-0700.wav,DataSED - DataSED - Dataset for Sound Event Detection of environmental noise/SED_wav/S-0700.wav,DataSED - DataSED - Dataset for Sound Event Detection of environmental noise/SED_wav/S-0700.npy,3c65f13f320623f246f526f538929e129d57a21cf5cdba660fb703d9bae1a1da,60a2c830054557c3c37b2564e00a9634b3ce7453f5a1297379d5fd0fc21fdf43,64,12212,bbf5188fb61e44e59fba46cebd26aab9371508748b9185ae1d3222c9cbaabffa
datased:DataSED - DataSED - Dataset for Sound Event Detection of environmental noise/SED_wav/S-0701.wav,DataSED - DataSED - Dataset for Sound Event Detection of environmental noise/SED_wav/S-0701.wav,DataSED - DataSED - Dataset for Sound Event Detection of environmental noise/SED_wav/S-0701.npy,d6af54fc76ba5ab8267a07ee32aa42d5e25b5a91eb9b68e068b234d788674a5d,0c6709745a4b4805089b72eb916763726f58fb8d266161290cd23c15c174663e,64,11045,bbf5188fb61e44e59fba46cebd26aab9371508748b9185ae1d3222c9cbaabffa
datased:DataSED - DataSED - Dataset for Sound Event Detection of environmental noise/SED_wav/S-0702.wav,DataSED - DataSED - Dataset for Sound Event Detection of environmental noise/SED_wav/S-0702.wav,DataSED - DataSED - Dataset for Sound Event Detection of environmental noise/SED_wav/S-0702.npy,0b859ed5d91b5cfa9bef79812f2baf7dbb324290172de83a17abce7a3539b3a1,6877e351b43273f7ea0caae2998033abd6afaeab38dacf9791c8755bb70d8878,64,7494,bbf5188fb61e44e59fba46cebd26aab9371508748b9185ae1d3222c9cbaabffa
datased:DataSED - DataSED - Dataset for Sound Event Detection of environmental noise/SED_wav/S-0703.wav,DataSED - DataSED - Dataset for Sound Event Detection of environmental noise/SED_wav/S-0703.wav,DataSED - DataSED - Dataset for Sound Event Detection of environmental noise/SED_wav/S-0703.npy,595b42bfc1420b5d11dcd05c7551f2a4c586b2456861d6999a3a85470eefb945,e360a7ce623e72dc0d969a3e4da9f564d7d10631b13f776dbc01240fbe249f24,64,12869,bbf5188fb61e44e59fba46cebd26aab9371508748b9185ae1d3222c9cbaabffa
datased:DataSED - DataSED - Dataset for Sound Event Detection of environmental noise/SED_wav/S-0704.wav,DataSED - DataSED - Dataset for Sound Event Detection of environmental noise/SED_wav/S-0704.wav,DataSED - DataSED - Dataset for Sound Event Detection of environmental noise/SED_wav/S-0704.npy,eb58783a59caa0f3baec07489dc78488b1d3a3fa537bd501b29e1eb0a024ea16,c0be084a03ffbef579cdf25f5c0196aac0c6b4a4fe6a420b8b0d93e6f32c2a40,64,29082,bbf5188fb61e44e59fba46cebd26aab9371508748b9185ae1d3222c9cbaabffa
datased:DataSED - DataSED - Dataset for Sound Event Detection of environmental noise/SED_wav/S-0705.wav,DataSED - DataSED - Dataset for Sound Event Detection of environmental noise/SED_wav/S-0705.wav,DataSED - DataSED - Dataset for Sound Event Detection of environmental noise/SED_wav/S-0705.npy,5bd24a218799a9dcc82d15651a0076a07277f2005e7cdaa0ee84f0012055afb1,2c906d2b57d9a75453ece30ef3a6046ec7e3171d268b850fe5703e7e3c7b9fca,64,32873,bbf5188fb61e44e59fba46cebd26aab9371508748b9185ae1d3222c9cbaabffa
datased:DataSED - DataSED - Dataset for Sound Event Detection of environmental noise/SED_wav/S-0706.wav,DataSED - DataSED - Dataset for Sound Event Detection of environmental noise/SED_wav/S-0706.wav,DataSED - DataSED - Dataset for Sound Event Detection of environmental noise/SED_wav/S-0706.npy,8c0c4f9f4e1b10a3ad6303cb3bb19d665b10b3574e61f485c0cae99e47658b99,49927312fdb46a3887b14ad1ee1ca7c3bccbf831e5198ef4c438249d1087b803,64,38457,bbf5188fb61e44e59fba46cebd26aab9371508748b9185ae1d3222c9cbaabffa
datased:DataSED - DataSED - Dataset for Sound Event Detection of environmental noise/SED_wav/S-0707.wav,DataSED - DataSED - Dataset for Sound Event Detection of environmental noise/SED_wav/S-0707.wav,DataSED - DataSED - Dataset for Sound Event Detection of environmental noise/SED_wav/S-0707.npy,c2a25eac436d828877c3b4eefa843d98c57d4ea0efd0b3829b573d096bfe3a59,f1071f1bc485f309bd23baf207e92b2b8f954177040ec3a34bd88898ddd9435b,64,33627,bbf5188fb61e44e59fba46cebd26aab9371508748b9185ae1d3222c9cbaabffa
datased:DataSED - DataSED - Dataset for Sound Event Detection of environmental noise/SED_wav/S-0708.wav,DataSED - DataSED - Dataset for Sound Event Detection of environmental noise/SED_wav/S-0708.wav,DataSED - DataSED - Dataset for Sound Event Detection of environmental noise/SED_wav/S-0708.npy,11653b05ab6f5cd2c7f1f0c2267b104f9326a10607945b491c758487d00d6b40,852263b4e05a0fb19dcf206e7b79dcc526cb57cbd8ca7941a05dcdc7d4f1aa7a,64,31093,bbf5188fb61e44e59fba46cebd26aab9371508748b9185ae1d3222c9cbaabffa
datased:DataSED - DataSED - Dataset for Sound Event Detection of environmental noise/SED_wav/S-0709.wav,DataSED - DataSED - Dataset for Sound Event Detection of environmental noise/SED_wav/S-0709.wav,DataSED - DataSED - Dataset for Sound Event Detection of environmental noise/SED_wav/S-0709.npy,59d978a6c856bfbb1545b149f389fa1d3a1fddf1c3d17b377659b2e234296743,434aee72a0cd0ad0d9fe0cb4ebccb57d2a3ccd6305cd6b83eadabe8cc2fd4b02,64,36443,bbf5188fb61e44e59fba46cebd26aab9371508748b9185ae1d3222c9cbaabffa
datased:DataSED - DataSED - Dataset for Sound Event Detection of environmental noise/SED_wav/S-0710.wav,DataSED - DataSED - Dataset for Sound Event Detection of environmental noise/SED_wav/S-0710.wav,DataSED - DataSED - Dataset for Sound Event Detection of environmental noise/SED_wav/S-0710.npy,836183ab8873e78c4e51a096d40b338c60c7e15e4f5be2d258f3014d9d39ac34,d7dcd63c1e3563a8c4d9a27b08689399c75399dc03398ddc5ea7ca03842a3896,64,36734,bbf5188fb61e44e59fba46cebd26aab9371508748b9185ae1d3222c9cbaabffa
datased:DataSED - DataSED - Dataset for Sound Event Detection of environmental noise/SED_wav/S-0711.wav,DataSED - DataSED - Dataset for Sound Event Detection of environmental noise/SED_wav/S-0711.wav,DataSED - DataSED - Dataset for Sound Event Detection of environmental noise/SED_wav/S-0711.npy,7ec8ae0c846c543e70bd22abdcd5ce215f69faab3e6fb34d43201d707366d46d,1c97c4abd996e87d9eefbe6173ae21a8b8ab856824a9ae79599e4d816c11552b,64,70180,bbf5188fb61e44e59fba46cebd26aab9371508748b9185ae1d3222c9cbaabffa
datased:DataSED - DataSED - Dataset for Sound Event Detection of environmental noise/SED_wav/S-0712.wav,DataSED - DataSED - Dataset for Sound Event Detection of environmental noise/SED_wav/S-0712.wav,DataSED - DataSED - Dataset for Sound Event Detection of environmental noise/SED_wav/S-0712.npy,364c7684118df5121a652ce1f86f42720cdedeac2cb144444c8697a2c4dc56f3,872b269ed50a607da49a5d6c9732631850037be9330fa580301689ff21d5aa84,64,39651,bbf5188fb61e44e59fba46cebd26aab9371508748b9185ae1d3222c9cbaabffa
datased:DataSED - DataSED - Dataset for Sound Event Detection of environmental noise/SED_wav/S-0713.wav,DataSED - DataSED - Dataset for Sound Event Detection of environmental noise/SED_wav/S-0713.wav,DataSED - DataSED - Dataset for Sound Event Detection of environmental noise/SED_wav/S-0713.npy,86a77602fcd5f39bbe26495a605ae3efa875a4312cf0d554169fd3e21488a5a8,bc0631fb63c4b8a5bd1adfe1ce6ca11349a845eeecdccdd2d2cf7a34a9f9dafe,64,81832,bbf5188fb61e44e59fba46cebd26aab9371508748b9185ae1d3222c9cbaabffa
datased:DataSED - DataSED - Dataset for Sound Event Detection of environmental noise/SED_wav/S-0714.wav,DataSED - DataSED - Dataset for Sound Event Detection of environmental noise/SED_wav/S-0714.wav,DataSED - DataSED - Dataset for Sound Event Detection of environmental noise/SED_wav/S-0714.npy,74526e45059c933b3352231bd1ca4bd3bdc279c3f6826fa9433ae2edbd8b3fb1,2571d9b8f37d41277c84458ba83153742de08098b85be5b25ff4dd1f7a128664,64,71455,bbf5188fb61e44e59fba46cebd26aab9371508748b9185ae1d3222c9cbaabffa
datased:DataSED - DataSED - Dataset for Sound Event Detection of environmental noise/SED_wav/S-0715.wav,DataSED - DataSED - Dataset for Sound Event Detection of environmental noise/SED_wav/S-0715.wav,DataSED - DataSED - Dataset for Sound Event Detection of environmental noise/SED_wav/S-0715.npy,60e3d38112b085d9b7dcd56bd7f4411030984066fde0b4135a09071219b22e4a,53a265d37336c4a34f2e374bc7ee732961d6d68b2d6b66f8bf99b07f04a2cc29,64,65972,bbf5188fb61e44e59fba46cebd26aab9371508748b9185ae1d3222c9cbaabffa
datased:DataSED - DataSED - Dataset for Sound Event Detection of environmental noise/SED_wav/S-0716.wav,DataSED - DataSED - Dataset for Sound Event Detection of environmental noise/SED_wav/S-0716.wav,DataSED - DataSED - Dataset for Sound Event Detection of environmental noise/SED_wav/S-0716.npy,d41b62ce5f045982f8910bbb1ac7fa222f33b178c162da605d74f1cf82971fa1,8aa2a2f0856d0f27a14983017f7fa5beba96b59e1b91298c259a57ee093ee7a1,64,16806,bbf5188fb61e44e59fba46cebd26aab9371508748b9185ae1d3222c9cbaabffa
datased:DataSED - DataSED - Dataset for Sound Event Detection of environmental noise/SED_wav/S-0717.wav,DataSED - DataSED - Dataset for Sound Event Detection of environmental noise/SED_wav/S-0717.wav,DataSED - DataSED - Dataset for Sound Event Detection of environmental noise/SED_wav/S-0717.npy,9afdd1f886aab3c4908b54c8756ce4ec4631dcf9233d2c83cf7aac9573193f1b,11001690d59d738e1aae1ea145f574932f42a7f782ff91523ff9a07543ed7a87,64,13806,bbf5188fb61e44e59fba46cebd26aab9371508748b9185ae1d3222c9cbaabffa
