left_file_id,right_file_id,tier,similarity,overlap_s,verdict
datasec:DATASEC/Lawn mower brush cutter and olive shaker/Brush cutter/Brush cutter-0052.wav,datasec:DATASEC/Lawn mower brush cutter and olive shaker/Brush cutter/Brush cutter-0054.wav,T3,0.949890,22.500,review
datasec:DATASEC/Lawn mower brush cutter and olive shaker/Brush cutter/Brush cutter-0003.wav,datasec:DATASEC/Lawn mower brush cutter and olive shaker/Olive shaker/Olive shaker-0012.wav,T3,0.949770,9.000,review
datasec:DATASEC/Glass breaking/Glass breaking-0031.wav,datasec:DATASEC/Glass breaking/Glass breaking-0032.wav,T3,0.949715,26.500,review
datasec:DATASEC/Glass breaking/Glass breaking-0037.wav,datasec:DATASEC/Glass breaking/Glass breaking-0039.wav,T3,0.949293,59.000,review
datasec:DATASEC/Bells/Bells-0061.wav,datasec:DATASEC/Bells/Bells-0063.wav,T3,0.949242,3.000,review
datasec:DATASEC/Vehicle idling/car truck idling/car truck idling-0018.wav,datasec:DATASEC/Vehicle idling/car truck idling/car truck idling-0024.wav,T3,0.949215,22.500,review
datasec:DATASEC/Glass breaking/Glass breaking-0026.wav,datasec:DATASEC/Glass breaking/Glass breaking-0029.wav,T3,0.949137,25.000,review
datasec:DATASEC/Glass breaking/Glass breaking-0045.wav,datasec:DATASEC/Glass breaking/Glass breaking-0046.wav,T3,0.948573,26.500,review
datasec:DATASEC/Glass breaking/Glass breaking-0025.wav,datasec:DATASEC/Glass breaking/Glass breaking-0026.wav,T3,0.948041,26.500,review
datasec:DATASEC/Glass breaking/Glass breaking-0051.wav,datasec:DATASEC/Glass breaking/Glass breaking-0052.wav,T3,0.947742,26.500,review
datasec:DATASEC/Glass breaking/Glass breaking-0023.wav,datasec:DATASEC/Glass breaking/Glass breaking-0082.wav,T3,0.947672,26.500,review
datasec:DATASEC/Train/Train-0031.wav,datased:DataSED - DataSED - Dataset for Sound Event Detection of environmental noise/SED_wav/S-0241.wav,T3,0.947392,8.500,review
datasec:DATASEC/Glass breaking/Glass breaking-0046.wav,datasec:DATASEC/Glass breaking/Glass breaking-0047.wav,T3,0.947063,28.000,review
datasec:DATASEC/Bells/Bells-0013.wav,datasec:DATASEC/Bells/Bells-0014.wav,T3,0.946996,12.000,review
datasec:DATASEC/Glass breaking/Glass breaking-0061.wav,datasec:DATASEC/Glass breaking/Glass breaking-0067.wav,T3,0.946923,23.500,review
datasec:DATASEC/Workshop/jackhammer/jackhammer-0013.wav,datasec:DATASEC/Workshop/jackhammer/jackhammer-0056.wav,T3,0.946649,3.000,review
datasec:DATASEC/Glass breaking/Glass breaking-0027.wav,datasec:DATASEC/Glass breaking/Glass breaking-0028.wav,T3,0.946356,26.500,review
datasec:DATASEC/Glass breaking/Glass breaking-0081.wav,datasec:DATASEC/Glass breaking/Glass breaking-0082.wav,T3,0.946324,28.000,review
datasec:DATASEC/Glass breaking/Glass breaking-0054.wav,datasec:DATASEC/Glass breaking/Glass breaking-0056.wav,T3,0.946287,28.000,review
datasec:DATASEC/Glass breaking/Glass breaking-0052.wav,datasec:DATASEC/Glass breaking/Glass breaking-0053.wav,T3,0.946176,26.500,review
datasec:DATASEC/Glass breaking/Glass breaking-0047.wav,datasec:DATASEC/Glass breaking/Glass breaking-0048.wav,T3,0.946044,26.500,review
datasec:DATASEC/Crows seagulls and magpies/Crows/Crows-0016.wav,datasec:DATASEC/Crows seagulls and magpies/Crows/Crows-0018.wav,T3,0.945943,33.500,review
datasec:DATASEC/Glass breaking/Glass breaking-0072.wav,datasec:DATASEC/Glass breaking/Glass breaking-0075.wav,T3,0.945877,3.000,review
datasec:DATASEC/Bells/Bells-0060.wav,datasec:DATASEC/Bells/Bells-0061.wav,T3,0.945871,3.500,review
datasec:DATASEC/Glass breaking/Glass breaking-0066.wav,datasec:DATASEC/Glass breaking/Glass breaking-0077.wav,T3,0.945786,26.500,review
datasec:DATASEC/Glass breaking/Glass breaking-0035.wav,datasec:DATASEC/Glass breaking/Glass breaking-0036.wav,T3,0.945656,26.500,review
datasec:DATASEC/Glass breaking/Glass breaking-0033.wav,datasec:DATASEC/Glass breaking/Glass breaking-0077.wav,T3,0.945530,31.000,review
datasec:DATASEC/Glass breaking/Glass breaking-0058.wav,datasec:DATASEC/Glass breaking/Glass breaking-0059.wav,T3,0.945229,28.000,review
datasec:DATASEC/Lawn mower brush cutter and olive shaker/Brush cutter/Brush cutter-0053.wav,datasec:DATASEC/Lawn mower brush cutter and olive shaker/Brush cutter/Brush cutter-0054.wav,T3,0.945179,9.000,review
datasec:DATASEC/Glass breaking/Glass breaking-0044.wav,datasec:DATASEC/Glass breaking/Glass breaking-0055.wav,T3,0.945061,26.500,review
datasec:DATASEC/Glass breaking/Glass breaking-0054.wav,datasec:DATASEC/Glass breaking/Glass breaking-0058.wav,T3,0.945052,3.000,review
datasec:DATASEC/Glass breaking/Glass breaking-0038.wav,datasec:DATASEC/Glass breaking/Glass breaking-0039.wav,T3,0.944898,26.500,review
datasec:DATASEC/Sirens and alarms/Alarms/Alarms-0013.wav,datasec:DATASEC/Sirens and alarms/Alarms/Alarms-0014.wav,T3,0.944812,5.000,review
datasec:DATASEC/Glass breaking/Glass breaking-0061.wav,datasec:DATASEC/Glass breaking/Glass breaking-0064.wav,T3,0.944477,25.000,review
datasec:DATASEC/Cicadas and crickets/Cicadas/Cicadas-0050.wav,datasec:DATASEC/Cicadas and crickets/Cicadas/Cicadas-0051.wav,T3,0.944120,5.500,review
datasec:DATASEC/Cicadas and crickets/Cicadas/Cicadas-0050.wav,datasec:DATASEC/Cicadas and crickets/Cicadas/Cicadas-0052.wav,T3,0.944117,5.500,review
datasec:DATASEC/Glass breaking/Glass breaking-0034.wav,datasec:DATASEC/Glass breaking/Glass breaking-0035.wav,T3,0.943868,28.000,review
datasec:DATASEC/Glass breaking/Glass breaking-0056.wav,datasec:DATASEC/Glass breaking/Glass breaking-0057.wav,T3,0.943770,28.000,review
datasec:DATASEC/Lawn mower brush cutter and olive shaker/Brush cutter/Brush cutter-0003.wav,datasec:DATASEC/Lawn mower brush cutter and olive shaker/Brush cutter/Brush cutter-0056.wav,T3,0.943750,11.000,review
datasec:DATASEC/Glass breaking/Glass breaking-0045.wav,datasec:DATASEC/Glass breaking/Glass breaking-0048.wav,T3,0.943688,25.000,review
datasec:DATASEC/Lawn mower brush cutter and olive shaker/Brush cutter/Brush cutter-0002.wav,datasec:DATASEC/Lawn mower brush cutter and olive shaker/Brush cutter/Brush cutter-0040.wav,T3,0.943580,32.000,review
datasec:DATASEC/Glass breaking/Glass breaking-0067.wav,datasec:DATASEC/Glass breaking/Glass breaking-0070.wav,T3,0.943460,3.000,review
datasec:DATASEC/Glass breaking/Glass breaking-0041.wav,datasec:DATASEC/Glass breaking/Glass breaking-0042.wav,T3,0.943370,26.500,review
datasec:DATASEC/Music/Music-0749.wav,datasec:DATASEC/Music/Music-0782.wav,T3,0.943295,30.000,review
datasec:DATASEC/Glass breaking/Glass breaking-0068.wav,datasec:DATASEC/Glass breaking/Glass breaking-0069.wav,T3,0.942855,28.000,review
datasec:DATASEC/Glass breaking/Glass breaking-0024.wav,datasec:DATASEC/Glass breaking/Glass breaking-0025.wav,T3,0.942742,26.500,review
datasec:DATASEC/Cicadas and crickets/Cicadas/Cicadas-0023.wav,datasec:DATASEC/Cicadas and crickets/Cicadas/Cicadas-0025.wav,T3,0.942448,15.000,review
datasec:DATASEC/Glass breaking/Glass breaking-0057.wav,datasec:DATASEC/Glass breaking/Glass breaking-0058.wav,T3,0.942401,26.500,review
datasec:DATASEC/Glass breaking/Glass breaking-0043.wav,datasec:DATASEC/Glass breaking/Glass breaking-0047.wav,T3,0.942375,25.000,review
datasec:DATASEC/Glass breaking/Glass breaking-0055.wav,datasec:DATASEC/Glass breaking/Glass breaking-0066.wav,T3,0.942363,28.000,review
datasec:DATASEC/Glass breaking/Glass breaking-0023.wav,datasec:DATASEC/Glass breaking/Glass breaking-0080.wav,T3,0.942294,25.000,review
datasec:DATASEC/Glass breaking/Glass breaking-0033.wav,datasec:DATASEC/Glass breaking/Glass breaking-0066.wav,T3,0.942151,25.000,review
datasec:DATASEC/Glass breaking/Glass breaking-0063.wav,datasec:DATASEC/Glass breaking/Glass breaking-0071.wav,T3,0.942036,22.000,review
datasec:DATASEC/Glass breaking/Glass breaking-0033.wav,datasec:DATASEC/Glass breaking/Glass breaking-0044.wav,T3,0.941768,26.500,review
datasec:DATASEC/Glass breaking/Glass breaking-0061.wav,datasec:DATASEC/Glass breaking/Glass breaking-0071.wav,T3,0.941742,20.500,review
datasec:DATASEC/Glass breaking/Glass breaking-0063.wav,datasec:DATASEC/Glass breaking/Glass breaking-0064.wav,T3,0.941607,26.500,review
datasec:DATASEC/Glass breaking/Glass breaking-0061.wav,datasec:DATASEC/Glass breaking/Glass breaking-0069.wav,T3,0.941604,22.000,review
datasec:DATASEC/Glass breaking/Glass breaking-0061.wav,datasec:DATASEC/Glass breaking/Glass breaking-0062.wav,T3,0.941551,26.500,review
datasec:DATASEC/Glass breaking/Glass breaking-0059.wav,datasec:DATASEC/Glass breaking/Glass breaking-0060.wav,T3,0.941452,26.500,review
datasec:DATASEC/Bells/Bells-0060.wav,datasec:DATASEC/Bells/Bells-0063.wav,T3,0.941414,3.000,review
datasec:DATASEC/Glass breaking/Glass breaking-0065.wav,datasec:DATASEC/Glass breaking/Glass breaking-0071.wav,T3,0.941411,23.500,review
datasec:DATASEC/Glass breaking/Glass breaking-0062.wav,datasec:DATASEC/Glass breaking/Glass breaking-0068.wav,T3,0.941097,31.000,review
datasec:DATASEC/Glass breaking/Glass breaking-0064.wav,datasec:DATASEC/Glass breaking/Glass breaking-0068.wav,T3,0.940985,29.500,review
datasec:DATASEC/Glass breaking/Glass breaking-0049.wav,datasec:DATASEC/Glass breaking/Glass breaking-0050.wav,T3,0.940971,26.500,review
datasec:DATASEC/Glass breaking/Glass breaking-0080.wav,datasec:DATASEC/Glass breaking/Glass breaking-0081.wav,T3,0.940810,26.500,review
datasec:DATASEC/Glass breaking/Glass breaking-0039.wav,datasec:DATASEC/Glass breaking/Glass breaking-0040.wav,T3,0.940495,26.500,review
datasec:DATASEC/Cat fights and moans/Cat fights and moans-0009.wav,datasec:DATASEC/Cat fights and moans/Cat fights and moans-0015.wav,T3,0.940357,4.000,review
datasec:DATASEC/Bells/Bells-0062.wav,datasec:DATASEC/Bells/Bells-0063.wav,T3,0.940146,3.000,review
datasec:DATASEC/Glass breaking/Glass breaking-0065.wav,datasec:DATASEC/Glass breaking/Glass breaking-0067.wav,T3,0.940136,26.500,review
datasec:DATASEC/Glass breaking/Glass breaking-0062.wav,datasec:DATASEC/Glass breaking/Glass breaking-0065.wav,T3,0.940017,29.500,review
datasec:DATASEC/Glass breaking/Glass breaking-0024.wav,datasec:DATASEC/Glass breaking/Glass breaking-0026.wav,T3,0.939836,32.500,review
datasec:DATASEC/Glass breaking/Glass breaking-0062.wav,datasec:DATASEC/Glass breaking/Glass breaking-0063.wav,T3,0.939782,26.500,review
datasec:DATASEC/Crows seagulls and magpies/Seagulls/Seagulls-0007.wav,datasec:DATASEC/Crows seagulls and magpies/Seagulls/Seagulls-0012.wav,T3,0.939757,28.000,review
datasec:DATASEC/Glass breaking/Glass breaking-0051.wav,datasec:DATASEC/Glass breaking/Glass breaking-0053.wav,T3,0.939642,32.500,review
datasec:DATASEC/Glass breaking/Glass breaking-0067.wav,datasec:DATASEC/Glass breaking/Glass breaking-0068.wav,T3,0.939501,28.000,review
datasec:DATASEC/Glass breaking/Glass breaking-0064.wav,datasec:DATASEC/Glass breaking/Glass breaking-0065.wav,T3,0.939478,28.000,review
datasec:DATASEC/Glass breaking/Glass breaking-0054.wav,datasec:DATASEC/Glass breaking/Glass breaking-0060.wav,T3,0.938976,23.500,review
datasec:DATASEC/Glass breaking/Glass breaking-0046.wav,datasec:DATASEC/Glass breaking/Glass breaking-0048.wav,T3,0.938568,59.000,review
datasec:DATASEC/Bells/Bells-0035.wav,datasec:DATASEC/Bells/Bells-0036.wav,T3,0.938542,22.500,review
datasec:DATASEC/Glass breaking/Glass breaking-0064.wav,datasec:DATASEC/Glass breaking/Glass breaking-0070.wav,T3,0.938536,31.000,review
datasec:DATASEC/Sirens and alarms/Alarms/Alarms-0004.wav,datasec:DATASEC/Sirens and alarms/Alarms/Alarms-0037.wav,T3,0.938442,3.000,review
datasec:DATASEC/Glass breaking/Glass breaking-0033.wav,datasec:DATASEC/Glass breaking/Glass breaking-0055.wav,T3,0.938169,59.000,review
datased:DataSED - DataSED - Dataset for Sound Event Detection of environmental noise/SED_wav/S-0575.wav,datased:DataSED - DataSED - Dataset for Sound Event Detection of environmental noise/SED_wav/S-0576.wav,T3,0.937985,103.000,review
datasec:DATASEC/Glass breaking/Glass breaking-0062.wav,datasec:DATASEC/Glass breaking/Glass breaking-0070.wav,T3,0.937887,32.500,review
datasec:DATASEC/Train/Train-0015.wav,datased:DataSED - DataSED - Dataset for Sound Event Detection of environmental noise/SED_wav/S-0215.wav,T3,0.937870,14.000,review
datasec:DATASEC/Dog barkings and howlings/Dog barkings and howlings-0021.wav,datasec:DATASEC/Dog barkings and howlings/Dog barkings and howlings-0065.wav,T3,0.937809,11.000,review
datasec:DATASEC/Glass breaking/Glass breaking-0070.wav,datasec:DATASEC/Glass breaking/Glass breaking-0071.wav,T3,0.937737,26.500,review
datasec:DATASEC/Music/Music-0087.wav,datasec:DATASEC/Music/Music-0328.wav,T3,0.937715,5.000,review
datasec:DATASEC/Glass breaking/Glass breaking-0068.wav,datasec:DATASEC/Glass breaking/Glass breaking-0071.wav,T3,0.937654,25.000,review
datasec:DATASEC/Glass breaking/Glass breaking-0037.wav,datasec:DATASEC/Glass breaking/Glass breaking-0038.wav,T3,0.937551,26.500,review
datasec:DATASEC/Glass breaking/Glass breaking-0071.wav,datasec:DATASEC/Glass breaking/Glass breaking-0076.wav,T3,0.937414,23.500,review
datasec:DATASEC/Voices/Voices-1232.wav,datasec:DATASEC/Voices/Voices-1266.wav,T3,0.937067,3.000,review
datasec:DATASEC/Glass breaking/Glass breaking-0069.wav,datasec:DATASEC/Glass breaking/Glass breaking-0070.wav,T3,0.936903,26.500,review
datasec:DATASEC/Glass breaking/Glass breaking-0075.wav,datasec:DATASEC/Glass breaking/Glass breaking-0076.wav,T3,0.936430,28.000,review
datasec:DATASEC/Workshop/grinder/grinder-0029.wav,datasec:DATASEC/Workshop/grinder/grinder-0032.wav,T3,0.936306,3.500,review
datasec:DATASEC/Glass breaking/Glass breaking-0037.wav,datasec:DATASEC/Glass breaking/Glass breaking-0040.wav,T3,0.935957,25.000,review
datasec:DATASEC/Workshop/grinder/grinder-0029.wav,datasec:DATASEC/Workshop/grinder/grinder-0031.wav,T3,0.935902,4.000,review
datasec:DATASEC/Glass breaking/Glass breaking-0043.wav,datasec:DATASEC/Glass breaking/Glass breaking-0045.wav,T3,0.935871,26.500,review
datasec:DATASEC/Cicadas and crickets/Cicadas/Cicadas-0024.wav,datasec:DATASEC/Cicadas and crickets/Cicadas/Cicadas-0025.wav,T3,0.935508,5.000,review
datasec:DATASEC/Glass breaking/Glass breaking-0038.wav,datasec:DATASEC/Glass breaking/Glass breaking-0040.wav,T3,0.935475,32.500,review
datasec:DATASEC/Glass breaking/Glass breaking-0080.wav,datasec:DATASEC/Glass breaking/Glass breaking-0082.wav,T3,0.935279,32.500,review
datasec:DATASEC/Glass breaking/Glass breaking-0057.wav,datasec:DATASEC/Glass breaking/Glass breaking-0060.wav,T3,0.933728,25.000,review
datasec:DATASEC/Glass breaking/Glass breaking-0026.wav,datasec:DATASEC/Glass breaking/Glass breaking-0027.wav,T3,0.933506,26.500,review
datasec:DATASEC/Glass breaking/Glass breaking-0071.wav,datasec:DATASEC/Glass breaking/Glass breaking-0074.wav,T3,0.932503,25.000,review
datasec:DATASEC/Glass breaking/Glass breaking-0072.wav,datasec:DATASEC/Glass breaking/Glass breaking-0073.wav,T3,0.932039,28.000,review
datasec:DATASEC/Glass breaking/Glass breaking-0075.wav,datasec:DATASEC/Glass breaking/Glass breaking-0078.wav,T3,0.931886,59.000,review
datasec:DATASEC/Glass breaking/Glass breaking-0056.wav,datasec:DATASEC/Glass breaking/Glass breaking-0060.wav,T3,0.931391,31.000,review
datasec:DATASEC/Glass breaking/Glass breaking-0076.wav,datasec:DATASEC/Glass breaking/Glass breaking-0078.wav,T3,0.931347,26.500,review
datasec:DATASEC/Glass breaking/Glass breaking-0073.wav,datasec:DATASEC/Glass breaking/Glass breaking-0078.wav,T3,0.930910,31.000,review
datasec:DATASEC/Crows seagulls and magpies/Seagulls/Seagulls-0007.wav,datasec:DATASEC/Crows seagulls and magpies/Seagulls/Seagulls-0009.wav,T3,0.930325,28.000,review
datasec:DATASEC/Bells/Bells-0057.wav,datasec:DATASEC/Bells/Bells-0058.wav,T3,0.930144,6.000,review
datasec:DATASEC/Glass breaking/Glass breaking-0043.wav,datasec:DATASEC/Glass breaking/Glass breaking-0046.wav,T3,0.929745,6.000,review
datasec:DATASEC/Music/Music-0087.wav,datasec:DATASEC/Music/Music-0125.wav,T3,0.929631,4.000,review
datasec:DATASEC/Glass breaking/Glass breaking-0072.wav,datasec:DATASEC/Glass breaking/Glass breaking-0078.wav,T3,0.929076,23.500,review
datasec:DATASEC/Glass breaking/Glass breaking-0074.wav,datasec:DATASEC/Glass breaking/Glass breaking-0075.wav,T3,0.929019,28.000,review
datasec:DATASEC/Music/Music-0877.wav,datasec:DATASEC/Music/Music-0893.wav,T3,0.928939,29.500,review
datasec:DATASEC/Glass breaking/Glass breaking-0074.wav,datasec:DATASEC/Glass breaking/Glass breaking-0078.wav,T3,0.928746,25.000,review
datasec:DATASEC/Glass breaking/Glass breaking-0071.wav,datasec:DATASEC/Glass breaking/Glass breaking-0073.wav,T3,0.928386,6.000,review
datasec:DATASEC/Cicadas and crickets/Cicadas/Cicadas-0020.wav,datasec:DATASEC/Cicadas and crickets/Cicadas/Cicadas-0021.wav,T3,0.928107,7.000,review
datasec:DATASEC/Glass breaking/Glass breaking-0073.wav,datasec:DATASEC/Glass breaking/Glass breaking-0074.wav,T3,0.927767,26.500,review
datasec:DATASEC/Crows seagulls and magpies/Crows/Crows-0016.wav,datasec:DATASEC/Crows seagulls and magpies/Crows/Crows-0019.wav,T3,0.927686,33.500,review
datasec:DATASEC/Glass breaking/Glass breaking-0026.wav,datasec:DATASEC/Glass breaking/Glass breaking-0028.wav,T3,0.927474,6.000,review
datasec:DATASEC/Bells/Bells-0060.wav,datasec:DATASEC/Bells/Bells-0062.wav,T3,0.927372,4.000,review
datasec:DATASEC/Crows seagulls and magpies/Seagulls/Seagulls-0007.wav,datasec:DATASEC/Crows seagulls and magpies/Seagulls/Seagulls-0013.wav,T3,0.926539,28.000,review
datasec:DATASEC/Crows seagulls and magpies/Magpies/Magpies-0003.wav,datasec:DATASEC/Crows seagulls and magpies/Magpies/Magpies-0006.wav,T3,0.925057,28.000,review
datasec:DATASEC/Glass breaking/Glass breaking-0071.wav,datasec:DATASEC/Glass breaking/Glass breaking-0075.wav,T3,0.924620,4.500,review
datasec:DATASEC/Sirens and alarms/Sirens/Sirens-0043.wav,datasec:DATASEC/Sirens and alarms/Sirens/Sirens-0068.wav,T3,0.924598,3.500,review
datasec:DATASEC/Glass breaking/Glass breaking-0050.wav,datasec:DATASEC/Glass breaking/Glass breaking-0052.wav,T3,0.924441,6.000,review
datasec:DATASEC/Music/Music-0087.wav,datasec:DATASEC/Music/Music-0361.wav,T3,0.924174,3.000,review
datasec:DATASEC/Lawn mower brush cutter and olive shaker/Lawn mower/Lawn mower-0018.wav,datasec:DATASEC/Lawn mower brush cutter and olive shaker/Olive shaker/Olive shaker-0015.wav,T3,0.924086,26.500,review
datasec:DATASEC/Glass breaking/Glass breaking-0062.wav,datasec:DATASEC/Glass breaking/Glass breaking-0071.wav,T3,0.923956,28.000,review
datasec:DATASEC/Bells/Bells-0061.wav,datasec:DATASEC/Bells/Bells-0062.wav,T3,0.923946,3.500,review
datasec:DATASEC/Cat fights and moans/Cat fights and moans-0001.wav,datasec:DATASEC/Cat fights and moans/Cat fights and moans-0005.wav,T3,0.923682,18.500,review
datasec:DATASEC/Crows seagulls and magpies/Crows/Crows-0016.wav,datasec:DATASEC/Crows seagulls and magpies/Crows/Crows-0021.wav,T3,0.923245,33.500,review
datasec:DATASEC/Glass breaking/Glass breaking-0071.wav,datasec:DATASEC/Glass breaking/Glass breaking-0072.wav,T3,0.923163,26.500,review
datasec:DATASEC/Glass breaking/Glass breaking-0058.wav,datasec:DATASEC/Glass breaking/Glass breaking-0060.wav,T3,0.922775,32.500,review
datasec:DATASEC/Glass breaking/Glass breaking-0027.wav,datasec:DATASEC/Glass breaking/Glass breaking-0030.wav,T3,0.922049,3.000,review
datasec:DATASEC/Glass breaking/Glass breaking-0034.wav,datasec:DATASEC/Glass breaking/Glass breaking-0039.wav,T3,0.921213,4.500,review
datasec:DATASEC/Glass breaking/Glass breaking-0044.wav,datasec:DATASEC/Glass breaking/Glass breaking-0080.wav,T3,0.921158,4.500,review
datasec:DATASEC/Crows seagulls and magpies/Magpies/Magpies-0008.wav,datasec:DATASEC/Crows seagulls and magpies/Magpies/Magpies-0010.wav,T3,0.921032,42.500,review
datasec:DATASEC/Crows seagulls and magpies/Seagulls/Seagulls-0007.wav,datasec:DATASEC/Crows seagulls and magpies/Seagulls/Seagulls-0010.wav,T3,0.921006,28.000,review
datasec:DATASEC/Music/Music-0037.wav,datasec:DATASEC/Music/Music-0168.wav,T3,0.920686,3.000,review
datasec:DATASEC/Glass breaking/Glass breaking-0066.wav,datasec:DATASEC/Glass breaking/Glass breaking-0080.wav,T3,0.919891,6.000,review
datasec:DATASEC/Glass breaking/Glass breaking-0032.wav,datasec:DATASEC/Glass breaking/Glass breaking-0035.wav,T3,0.919393,6.000,review
datasec:DATASEC/Music/Music-0893.wav,datasec:DATASEC/Music/Music-0894.wav,T3,0.919082,30.000,review
datasec:DATASEC/Dog barkings and howlings/Dog barkings and howlings-0002.wav,datasec:DATASEC/Dog barkings and howlings/Dog barkings and howlings-0019.wav,T3,0.919017,4.000,review
datasec:DATASEC/Glass breaking/Glass breaking-0043.wav,datasec:DATASEC/Glass breaking/Glass breaking-0048.wav,T3,0.918852,31.000,review
datasec:DATASEC/Chicken coop/Chicken coop-0018.wav,datasec:DATASEC/Chicken coop/Chicken coop-0019.wav,T3,0.918595,3.000,review
datasec:DATASEC/Voices/Voices-1285.wav,datasec:DATASEC/Voices/Voices-1288.wav,T3,0.918529,3.000,review
datasec:DATASEC/Glass breaking/Glass breaking-0067.wav,datasec:DATASEC/Glass breaking/Glass breaking-0071.wav,T3,0.918416,4.500,review
datasec:DATASEC/Glass breaking/Glass breaking-0036.wav,datasec:DATASEC/Glass breaking/Glass breaking-0039.wav,T3,0.918386,3.000,review
datasec:DATASEC/Glass breaking/Glass breaking-0064.wav,datasec:DATASEC/Glass breaking/Glass breaking-0071.wav,T3,0.918115,3.000,review
datasec:DATASEC/Glass breaking/Glass breaking-0038.wav,datasec:DATASEC/Glass breaking/Glass breaking-0041.wav,T3,0.917597,3.000,review
datasec:DATASEC/Voices/Voices-1262.wav,datasec:DATASEC/Voices/Voices-1266.wav,T3,0.917028,3.000,review
datasec:DATASEC/Vehicle idling/motorbike idling/motorbike idling-0015.wav,datasec:DATASEC/Vehicle idling/motorbike idling/motorbike idling-0016.wav,T3,0.916108,4.500,review
datasec:DATASEC/Cicadas and crickets/Crickets/Crickets-0003.wav,datasec:DATASEC/Cicadas and crickets/Crickets/Crickets-0004.wav,T3,0.915493,6.500,review
datasec:DATASEC/Lawn mower brush cutter and olive shaker/Brush cutter/Brush cutter-0003.wav,datasec:DATASEC/Lawn mower brush cutter and olive shaker/Brush cutter/Brush cutter-0057.wav,T3,0.915324,7.000,review
datasec:DATASEC/Sirens and alarms/Sirens/Sirens-0044.wav,datased:DataSED - DataSED - Dataset for Sound Event Detection of environmental noise/SED_wav/S-0315.wav,T3,0.915241,40.500,review
datasec:DATASEC/Music/Music-0110.wav,datasec:DATASEC/Music/Music-0120.wav,T3,0.914302,4.500,review
datasec:DATASEC/Voices/Voices-0342.wav,datasec:DATASEC/Voices/Voices-1262.wav,T3,0.914268,3.000,review
datasec:DATASEC/Dog barkings and howlings/Dog barkings and howlings-0046.wav,datasec:DATASEC/Dog barkings and howlings/Dog barkings and howlings-0066.wav,T3,0.914186,3.000,review
datasec:DATASEC/Music/Music-0120.wav,datasec:DATASEC/Music/Music-0234.wav,T3,0.914074,5.500,review
datasec:DATASEC/Glass breaking/Glass breaking-0048.wav,datasec:DATASEC/Glass breaking/Glass breaking-0050.wav,T3,0.913906,6.000,review
datasec:DATASEC/Sirens and alarms/Alarms/Alarms-0003.wav,datased:DataSED - DataSED - Dataset for Sound Event Detection of environmental noise/SED_wav/S-0632.wav,T3,0.913344,10.000,review
datasec:DATASEC/Voices/Voices-1278.wav,datasec:DATASEC/Voices/Voices-1288.wav,T3,0.912733,3.500,review
datasec:DATASEC/Sirens and alarms/Sirens/Sirens-0042.wav,datasec:DATASEC/Sirens and alarms/Sirens/Sirens-0068.wav,T3,0.912693,5.000,review
datasec:DATASEC/Crows seagulls and magpies/Crows/Crows-0016.wav,datasec:DATASEC/Crows seagulls and magpies/Crows/Crows-0020.wav,T3,0.912664,33.500,review
datasec:DATASEC/Voices/Voices-1250.wav,datasec:DATASEC/Voices/Voices-1267.wav,T3,0.912600,3.000,review
datasec:DATASEC/Voices/Voices-1288.wav,datasec:DATASEC/Voices/Voices-1337.wav,T3,0.912282,3.000,review
datasec:DATASEC/Glass breaking/Glass breaking-0053.wav,datasec:DATASEC/Glass breaking/Glass breaking-0056.wav,T3,0.912230,6.000,review
datasec:DATASEC/Vehicle idling/motorbike idling/motorbike idling-0015.wav,datasec:DATASEC/Vehicle idling/motorbike idling/motorbike idling-0017.wav,T3,0.911583,3.000,review
datasec:DATASEC/Glass breaking/Glass breaking-0048.wav,datasec:DATASEC/Glass breaking/Glass breaking-0049.wav,T3,0.911412,26.500,review
datased:DataSED - DataSED - Dataset for Sound Event Detection of environmental noise/SED_wav/S-0025.wav,datased:DataSED - DataSED - Dataset for Sound Event Detection of environmental noise/SED_wav/S-0027.wav,T3,0.910812,12.000,review
datasec:DATASEC/Glass breaking/Glass breaking-0026.wav,datasec:DATASEC/Glass breaking/Glass breaking-0049.wav,T3,0.910498,3.500,review
datasec:DATASEC/Cicadas and crickets/Crickets/Crickets-0001.wav,datasec:DATASEC/Cicadas and crickets/Crickets/Crickets-0003.wav,T3,0.910215,10.000,review
datasec:DATASEC/Music/Music-0037.wav,datasec:DATASEC/Music/Music-0110.wav,T3,0.909824,3.000,review
datasec:DATASEC/Bells/Bells-0024.wav,datasec:DATASEC/Bells/Bells-0026.wav,T3,0.909741,5.500,review
datasec:DATASEC/Bells/Bells-0025.wav,datasec:DATASEC/Bells/Bells-0026.wav,T3,0.909236,11.500,review
datasec:DATASEC/Cicadas and crickets/Cicadas/Cicadas-0026.wav,datasec:DATASEC/Cicadas and crickets/Cicadas/Cicadas-0031.wav,T3,0.909108,5.500,review
datasec:DATASEC/Sirens and alarms/Sirens/Sirens-0030.wav,datased:DataSED - DataSED - Dataset for Sound Event Detection of environmental noise/SED_wav/S-0319.wav,T3,0.908990,5.000,review
datasec:DATASEC/Glass breaking/Glass breaking-0071.wav,datasec:DATASEC/Glass breaking/Glass breaking-0078.wav,T3,0.908899,3.000,review
datasec:DATASEC/Music/Music-0882.wav,datasec:DATASEC/Music/Music-0883.wav,T3,0.908620,29.000,review
datasec:DATASEC/Music/Music-0882.wav,datasec:DATASEC/Music/Music-0884.wav,T3,0.908620,29.000,review
datasec:DATASEC/Music/Music-0029.wav,datasec:DATASEC/Music/Music-0037.wav,T3,0.907761,3.000,review
datased:DataSED - DataSED - Dataset for Sound Event Detection of environmental noise/SED_wav/S-0126.wav,datased:DataSED - DataSED - Dataset for Sound Event Detection of environmental noise/SED_wav/S-0130.wav,T3,0.907545,60.000,review
datasec:DATASEC/Voices/Voices-1232.wav,datasec:DATASEC/Voices/Voices-1262.wav,T3,0.907426,3.000,review
datasec:DATASEC/Glass breaking/Glass breaking-0034.wav,datasec:DATASEC/Glass breaking/Glass breaking-0037.wav,T3,0.906812,3.000,review
datasec:DATASEC/Voices/Voices-1288.wav,datasec:DATASEC/Voices/Voices-1329.wav,T3,0.906765,3.500,review
datasec:DATASEC/Music/Music-0747.wav,datasec:DATASEC/Music/Music-0748.wav,T3,0.906674,30.000,review
datased:DataSED - DataSED - Dataset for Sound Event Detection of environmental noise/SED_wav/S-0072.wav,datased:DataSED - DataSED - Dataset for Sound Event Detection of environmental noise/SED_wav/S-0076.wav,T3,0.906631,91.500,review
datasec:DATASEC/Voices/Voices-1232.wav,datasec:DATASEC/Voices/Voices-1246.wav,T3,0.906145,3.000,review
datased:DataSED - DataSED - Dataset for Sound Event Detection of environmental noise/SED_wav/S-0120.wav,datased:DataSED - DataSED - Dataset for Sound Event Detection of environmental noise/SED_wav/S-0124.wav,T3,0.906057,12.000,review
datasec:DATASEC/Voices/Voices-0667.wav,datasec:DATASEC/Voices/Voices-1288.wav,T3,0.905776,3.000,review
datased:DataSED - DataSED - Dataset for Sound Event Detection of environmental noise/SED_wav/S-0120.wav,datased:DataSED - DataSED - Dataset for Sound Event Detection of environmental noise/SED_wav/S-0181.wav,T3,0.905673,12.000,review
datasec:DATASEC/Voices/Voices-1273.wav,datasec:DATASEC/Voices/Voices-1323.wav,T3,0.905564,3.500,review
datasec:DATASEC/Voices/Voices-0915.wav,datasec:DATASEC/Voices/Voices-0978.wav,T3,0.905278,3.000,review
datasec:DATASEC/Voices/Voices-1232.wav,datasec:DATASEC/Voices/Voices-1241.wav,T3,0.905247,3.000,review
datasec:DATASEC/Music/Music-0087.wav,datasec:DATASEC/Music/Music-0225.wav,T3,0.905246,3.000,review
datasec:DATASEC/Glass breaking/Glass breaking-0045.wav,datasec:DATASEC/Glass breaking/Glass breaking-0049.wav,T3,0.904815,4.500,review
datasec:DATASEC/Voices/Voices-0826.wav,datasec:DATASEC/Voices/Voices-0840.wav,T3,0.904807,3.500,review
datasec:DATASEC/Music/Music-0877.wav,datasec:DATASEC/Music/Music-0894.wav,T3,0.904583,29.500,review
datasec:DATASEC/Glass breaking/Glass breaking-0033.wav,datasec:DATASEC/Glass breaking/Glass breaking-0080.wav,T3,0.904035,23.500,review
datased:DataSED - DataSED - Dataset for Sound Event Detection of environmental noise/SED_wav/S-0122.wav,datased:DataSED - DataSED - Dataset for Sound Event Detection of environmental noise/SED_wav/S-0125.wav,T3,0.903394,247.500,review
datasec:DATASEC/Voices/Voices-1262.wav,datasec:DATASEC/Voices/Voices-1267.wav,T3,0.903123,4.000,review
datasec:DATASEC/Music/Music-0037.wav,datasec:DATASEC/Music/Music-0120.wav,T3,0.902760,3.000,review
datasec:DATASEC/Voices/Voices-0342.wav,datasec:DATASEC/Voices/Voices-1232.wav,T3,0.902617,3.000,review
datasec:DATASEC/Voices/Voices-1266.wav,datasec:DATASEC/Voices/Voices-1267.wav,T3,0.901915,3.500,review
datasec:DATASEC/Voices/Voices-1206.wav,datasec:DATASEC/Voices/Voices-1266.wav,T3,0.901895,3.000,review
datasec:DATASEC/Voices/Voices-0327.wav,datasec:DATASEC/Voices/Voices-0329.wav,T3,0.901483,3.000,review
datasec:DATASEC/Voices/Voices-0581.wav,datasec:DATASEC/Voices/Voices-0634.wav,T3,0.901086,4.000,review
datasec:DATASEC/Voices/Voices-0374.wav,datasec:DATASEC/Voices/Voices-1812.wav,T3,0.900951,3.000,review
datasec:DATASEC/Music/Music-0029.wav,datasec:DATASEC/Music/Music-0891.wav,T3,0.900837,5.000,review
datasec:DATASEC/Sirens and alarms/Sirens/Sirens-0047.wav,datased:DataSED - DataSED - Dataset for Sound Event Detection of environmental noise/SED_wav/S-0309.wav,T3,0.900706,3.500,review
datasec:DATASEC/Music/Music-0732.wav,datasec:DATASEC/Music/Music-0733.wav,T3,0.900589,30.000,review
datasec:DATASEC/Voices/Voices-0644.wav,datasec:DATASEC/Voices/Voices-0667.wav,T3,0.900551,3.000,review
datasec:DATASEC/Music/Music-0810.wav,datasec:DATASEC/Music/Music-0859.wav,T3,0.900420,30.000,review
datasec:DATASEC/Voices/Voices-1323.wav,datasec:DATASEC/Voices/Voices-1329.wav,T3,0.900344,4.500,review
datasec:DATASEC/Voices/Voices-0277.wav,datasec:DATASEC/Voices/Voices-0370.wav,T3,0.900245,3.000,review
datasec:DATASEC/Music/Music-0029.wav,datasec:DATASEC/Music/Music-0120.wav,T3,0.900227,4.500,review
datasec:DATASEC/Voices/Voices-1275.wav,datasec:DATASEC/Voices/Voices-1316.wav,T3,0.900178,3.000,review
datased:DataSED - DataSED - Dataset for Sound Event Detection of environmental noise/SED_wav/S-0121.wav,datased:DataSED - DataSED - Dataset for Sound Event Detection of environmental noise/SED_wav/S-0180.wav,T3,0.899651,11.000,review
datasec:DATASEC/Voices/Voices-0356.wav,datasec:DATASEC/Voices/Voices-1232.wav,T3,0.899319,3.000,review
datasec:DATASEC/Horn/Horn-0018.wav,datasec:DATASEC/Horn/Horn-0028.wav,T3,0.899121,4.000,review
datasec:DATASEC/Glass breaking/Glass breaking-0040.wav,datasec:DATASEC/Glass breaking/Glass breaking-0041.wav,T3,0.899054,26.500,review
datasec:DATASEC/Glass breaking/Glass breaking-0040.wav,datasec:DATASEC/Glass breaking/Glass breaking-0042.wav,T3,0.898899,19.000,review
datasec:DATASEC/Glass breaking/Glass breaking-0069.wav,datasec:DATASEC/Glass breaking/Glass breaking-0071.wav,T3,0.898044,6.000,review
datasec:DATASEC/Music/Music-0125.wav,datasec:DATASEC/Music/Music-0234.wav,T3,0.897907,5.000,review
datasec:DATASEC/Voices/Voices-0826.wav,datasec:DATASEC/Voices/Voices-0842.wav,T3,0.897781,3.000,review
datasec:DATASEC/Voices/Voices-0849.wav,datasec:DATASEC/Voices/Voices-0853.wav,T3,0.897688,3.000,review
datasec:DATASEC/Lawn mower brush cutter and olive shaker/Brush cutter/Brush cutter-0018.wav,datasec:DATASEC/Lawn mower brush cutter and olive shaker/Brush cutter/Brush cutter-0022.wav,T3,0.897596,29.500,review
datased:DataSED - DataSED - Dataset for Sound Event Detection of environmental noise/SED_wav/S-0265.wav,datased:DataSED - DataSED - Dataset for Sound Event Detection of environmental noise/SED_wav/S-0322.wav,T3,0.897583,4.000,review
datasec:DATASEC/Lawn mower brush cutter and olive shaker/Brush cutter/Brush cutter-0009.wav,datasec:DATASEC/Lawn mower brush cutter and olive shaker/Brush cutter/Brush cutter-0032.wav,T3,0.897555,29.500,review
datasec:DATASEC/Lawn mower brush cutter and olive shaker/Brush cutter/Brush cutter-0008.wav,datasec:DATASEC/Lawn mower brush cutter and olive shaker/Brush cutter/Brush cutter-0026.wav,T3,0.897529,29.500,review
datasec:DATASEC/Music/Music-0037.wav,datasec:DATASEC/Thunder fireworks and gunshot/Fireworks/Fireworks-0056.wav,T3,0.897451,3.500,review
datasec:DATASEC/Lawn mower brush cutter and olive shaker/Brush cutter/Brush cutter-0008.wav,datasec:DATASEC/Lawn mower brush cutter and olive shaker/Brush cutter/Brush cutter-0018.wav,T3,0.897439,29.500,review
datasec:DATASEC/Voices/Voices-1232.wav,datasec:DATASEC/Voices/Voices-1253.wav,T3,0.897360,3.000,review
datasec:DATASEC/Lawn mower brush cutter and olive shaker/Brush cutter/Brush cutter-0009.wav,datasec:DATASEC/Lawn mower brush cutter and olive shaker/Brush cutter/Brush cutter-0027.wav,T3,0.897353,29.500,review
datasec:DATASEC/Lawn mower brush cutter and olive shaker/Brush cutter/Brush cutter-0022.wav,datasec:DATASEC/Lawn mower brush cutter and olive shaker/Brush cutter/Brush cutter-0026.wav,T3,0.897329,29.500,review
datasec:DATASEC/Lawn mower brush cutter and olive shaker/Brush cutter/Brush cutter-0027.wav,datasec:DATASEC/Lawn mower brush cutter and olive shaker/Brush cutter/Brush cutter-0029.wav,T3,0.897303,29.500,review
datasec:DATASEC/Voices/Voices-1206.wav,datasec:DATASEC/Voices/Voices-1267.wav,T3,0.897264,3.000,review
datasec:DATASEC/Lawn mower brush cutter and olive shaker/Brush cutter/Brush cutter-0014.wav,datasec:DATASEC/Lawn mower brush cutter and olive shaker/Brush cutter/Brush cutter-0026.wav,T3,0.897248,29.500,review
datasec:DATASEC/Lawn mower brush cutter and olive shaker/Brush cutter/Brush cutter-0014.wav,datasec:DATASEC/Lawn mower brush cutter and olive shaker/Brush cutter/Brush cutter-0018.wav,T3,0.897215,29.500,review
datasec:DATASEC/Lawn mower brush cutter and olive shaker/Brush cutter/Brush cutter-0029.wav,datasec:DATASEC/Lawn mower brush cutter and olive shaker/Brush cutter/Brush cutter-0032.wav,T3,0.897186,29.500,review
datasec:DATASEC/Lawn mower brush cutter and olive shaker/Brush cutter/Brush cutter-0022.wav,datasec:DATASEC/Lawn mower brush cutter and olive shaker/Brush cutter/Brush cutter-0031.wav,T3,0.897175,29.500,review
datasec:DATASEC/Voices/Voices-1787.wav,datasec:DATASEC/Voices/Voices-1812.wav,T3,0.897147,3.000,review
datasec:DATASEC/Lawn mower brush cutter and olive shaker/Brush cutter/Brush cutter-0018.wav,datasec:DATASEC/Lawn mower brush cutter and olive shaker/Brush cutter/Brush cutter-0034.wav,T3,0.897137,29.500,review
datasec:DATASEC/Lawn mower brush cutter and olive shaker/Brush cutter/Brush cutter-0026.wav,datasec:DATASEC/Lawn mower brush cutter and olive shaker/Brush cutter/Brush cutter-0034.wav,T3,0.897113,29.500,review
datasec:DATASEC/Voices/Voices-0826.wav,datasec:DATASEC/Voices/Voices-0874.wav,T3,0.897109,3.000,review
datasec:DATASEC/Lawn mower brush cutter and olive shaker/Brush cutter/Brush cutter-0011.wav,datasec:DATASEC/Lawn mower brush cutter and olive shaker/Brush cutter/Brush cutter-0022.wav,T3,0.897036,29.500,review
datasec:DATASEC/Lawn mower brush cutter and olive shaker/Brush cutter/Brush cutter-0009.wav,datasec:DATASEC/Lawn mower brush cutter and olive shaker/Brush cutter/Brush cutter-0020.wav,T3,0.897020,29.500,review
datasec:DATASEC/Voices/Voices-1273.wav,datasec:DATASEC/Voices/Voices-1285.wav,T3,0.897009,3.000,review
datasec:DATASEC/Music/Music-0037.wav,datasec:DATASEC/Music/Music-0125.wav,T3,0.896973,4.500,review
datasec:DATASEC/Lawn mower brush cutter and olive shaker/Brush cutter/Brush cutter-0020.wav,datasec:DATASEC/Lawn mower brush cutter and olive shaker/Brush cutter/Brush cutter-0029.wav,T3,0.896936,29.500,review
datasec:DATASEC/Lawn mower brush cutter and olive shaker/Brush cutter/Brush cutter-0009.wav,datasec:DATASEC/Lawn mower brush cutter and olive shaker/Brush cutter/Brush cutter-0012.wav,T3,0.896915,29.500,review
datasec:DATASEC/Lawn mower brush cutter and olive shaker/Brush cutter/Brush cutter-0012.wav,datasec:DATASEC/Lawn mower brush cutter and olive shaker/Brush cutter/Brush cutter-0029.wav,T3,0.896842,29.500,review
datasec:DATASEC/Music/Music-0125.wav,datasec:DATASEC/Music/Music-0835.wav,T3,0.896792,3.000,review
datasec:DATASEC/Lawn mower brush cutter and olive shaker/Brush cutter/Brush cutter-0031.wav,datasec:DATASEC/Lawn mower brush cutter and olive shaker/Brush cutter/Brush cutter-0034.wav,T3,0.896778,29.500,review
datasec:DATASEC/Music/Music-0168.wav,datasec:DATASEC/Music/Music-0234.wav,T3,0.896761,3.000,review
datasec:DATASEC/Lawn mower brush cutter and olive shaker/Brush cutter/Brush cutter-0008.wav,datasec:DATASEC/Lawn mower brush cutter and olive shaker/Brush cutter/Brush cutter-0031.wav,T3,0.896741,29.500,review
datasec:DATASEC/Lawn mower brush cutter and olive shaker/Brush cutter/Brush cutter-0011.wav,datasec:DATASEC/Lawn mower brush cutter and olive shaker/Brush cutter/Brush cutter-0034.wav,T3,0.896671,29.500,review
datasec:DATASEC/Lawn mower brush cutter and olive shaker/Brush cutter/Brush cutter-0014.wav,datasec:DATASEC/Lawn mower brush cutter and olive shaker/Brush cutter/Brush cutter-0031.wav,T3,0.896658,29.500,review
datasec:DATASEC/Lawn mower brush cutter and olive shaker/Brush cutter/Brush cutter-0011.wav,datasec:DATASEC/Lawn mower brush cutter and olive shaker/Brush cutter/Brush cutter-0014.wav,T3,0.896617,29.500,review
datasec:DATASEC/Lawn mower brush cutter and olive shaker/Brush cutter/Brush cutter-0016.wav,datasec:DATASEC/Lawn mower brush cutter and olive shaker/Brush cutter/Brush cutter-0032.wav,T3,0.896585,29.500,review
datasec:DATASEC/Lawn mower brush cutter and olive shaker/Brush cutter/Brush cutter-0008.wav,datasec:DATASEC/Lawn mower brush cutter and olive shaker/Brush cutter/Brush cutter-0011.wav,T3,0.896564,29.500,review
datasec:DATASEC/Lawn mower brush cutter and olive shaker/Brush cutter/Brush cutter-0016.wav,datasec:DATASEC/Lawn mower brush cutter and olive shaker/Brush cutter/Brush cutter-0027.wav,T3,0.896538,29.500,review
datasec:DATASEC/Lawn mower brush cutter and olive shaker/Brush cutter/Brush cutter-0030.wav,datasec:DATASEC/Lawn mower brush cutter and olive shaker/Brush cutter/Brush cutter-0034.wav,T3,0.896475,29.500,review
datasec:DATASEC/Glass breaking/Glass breaking-0053.wav,datasec:DATASEC/Glass breaking/Glass breaking-0058.wav,T3,0.896349,4.500,review
datasec:DATASEC/Lawn mower brush cutter and olive shaker/Brush cutter/Brush cutter-0016.wav,datasec:DATASEC/Lawn mower brush cutter and olive shaker/Brush cutter/Brush cutter-0020.wav,T3,0.896305,29.500,review
datasec:DATASEC/Lawn mower brush cutter and olive shaker/Brush cutter/Brush cutter-0024.wav,datasec:DATASEC/Lawn mower brush cutter and olive shaker/Brush cutter/Brush cutter-0027.wav,T3,0.896235,29.500,review
datasec:DATASEC/Lawn mower brush cutter and olive shaker/Brush cutter/Brush cutter-0024.wav,datasec:DATASEC/Lawn mower brush cutter and olive shaker/Brush cutter/Brush cutter-0032.wav,T3,0.896207,29.500,review
datasec:DATASEC/Lawn mower brush cutter and olive shaker/Brush cutter/Brush cutter-0012.wav,datasec:DATASEC/Lawn mower brush cutter and olive shaker/Brush cutter/Brush cutter-0016.wav,T3,0.896115,29.500,review
datasec:DATASEC/Lawn mower brush cutter and olive shaker/Brush cutter/Brush cutter-0013.wav,datasec:DATASEC/Lawn mower brush cutter and olive shaker/Brush cutter/Brush cutter-0025.wav,T3,0.895835,29.500,review
datasec:DATASEC/Lawn mower brush cutter and olive shaker/Brush cutter/Brush cutter-0020.wav,datasec:DATASEC/Lawn mower brush cutter and olive shaker/Brush cutter/Brush cutter-0024.wav,T3,0.895813,29.500,review
datasec:DATASEC/Lawn mower brush cutter and olive shaker/Brush cutter/Brush cutter-0012.wav,datasec:DATASEC/Lawn mower brush cutter and olive shaker/Brush cutter/Brush cutter-0014.wav,T3,0.895782,44.000,review
datasec:DATASEC/Lawn mower brush cutter and olive shaker/Brush cutter/Brush cutter-0014.wav,datasec:DATASEC/Lawn mower brush cutter and olive shaker/Brush cutter/Brush cutter-0027.wav,T3,0.895754,44.000,review
datasec:DATASEC/Voices/Voices-0634.wav,datasec:DATASEC/Voices/Voices-0644.wav,T3,0.895753,3.000,review
datasec:DATASEC/Lawn mower brush cutter and olive shaker/Brush cutter/Brush cutter-0013.wav,datasec:DATASEC/Lawn mower brush cutter and olive shaker/Brush cutter/Brush cutter-0030.wav,T3,0.895744,29.500,review
datasec:DATASEC/Lawn mower brush cutter and olive shaker/Brush cutter/Brush cutter-0022.wav,datasec:DATASEC/Lawn mower brush cutter and olive shaker/Brush cutter/Brush cutter-0027.wav,T3,0.895729,44.000,review
datasec:DATASEC/Lawn mower brush cutter and olive shaker/Brush cutter/Brush cutter-0014.wav,datasec:DATASEC/Lawn mower brush cutter and olive shaker/Brush cutter/Brush cutter-0020.wav,T3,0.895728,44.000,review
datasec:DATASEC/Lawn mower brush cutter and olive shaker/Brush cutter/Brush cutter-0012.wav,datasec:DATASEC/Lawn mower brush cutter and olive shaker/Brush cutter/Brush cutter-0024.wav,T3,0.895718,29.500,review
datasec:DATASEC/Music/Music-0198.wav,datasec:DATASEC/Music/Music-0234.wav,T3,0.895706,3.500,review
datasec:DATASEC/Voices/Voices-1278.wav,datasec:DATASEC/Voices/Voices-1336.wav,T3,0.895695,4.000,review
datasec:DATASEC/Lawn mower brush cutter and olive shaker/Brush cutter/Brush cutter-0014.wav,datasec:DATASEC/Lawn mower brush cutter and olive shaker/Brush cutter/Brush cutter-0030.wav,T3,0.895689,29.500,review
datasec:DATASEC/Lawn mower brush cutter and olive shaker/Brush cutter/Brush cutter-0012.wav,datasec:DATASEC/Lawn mower brush cutter and olive shaker/Brush cutter/Brush cutter-0022.wav,T3,0.895688,44.000,review
datasec:DATASEC/Glass breaking/Glass breaking-0055.wav,datasec:DATASEC/Glass breaking/Glass breaking-0080.wav,T3,0.895642,25.000,review
datasec:DATASEC/Lawn mower brush cutter and olive shaker/Brush cutter/Brush cutter-0010.wav,datasec:DATASEC/Lawn mower brush cutter and olive shaker/Brush cutter/Brush cutter-0013.wav,T3,0.895624,29.500,review
datasec:DATASEC/Lawn mower brush cutter and olive shaker/Brush cutter/Brush cutter-0020.wav,datasec:DATASEC/Lawn mower brush cutter and olive shaker/Brush cutter/Brush cutter-0022.wav,T3,0.895607,44.000,review
datasec:DATASEC/Voices/Voices-1273.wav,datasec:DATASEC/Voices/Voices-1288.wav,T3,0.895500,3.000,review
datasec:DATASEC/Crows seagulls and magpies/Magpies/Magpies-0003.wav,datasec:DATASEC/Crows seagulls and magpies/Magpies/Magpies-0005.wav,T3,0.895446,28.000,review
datasec:DATASEC/Lawn mower brush cutter and olive shaker/Brush cutter/Brush cutter-0025.wav,datasec:DATASEC/Lawn mower brush cutter and olive shaker/Brush cutter/Brush cutter-0033.wav,T3,0.895391,29.500,review
datasec:DATASEC/Cat fights and moans/Cat fights and moans-0013.wav,datasec:DATASEC/Cat fights and moans/Cat fights and moans-0042.wav,T3,0.895382,5.000,review
datasec:DATASEC/Music/Music-0120.wav,datasec:DATASEC/Music/Music-0385.wav,T3,0.895345,4.000,review
datasec:DATASEC/Lawn mower brush cutter and olive shaker/Brush cutter/Brush cutter-0013.wav,datasec:DATASEC/Lawn mower brush cutter and olive shaker/Brush cutter/Brush cutter-0017.wav,T3,0.895327,29.500,review
datasec:DATASEC/Voices/Voices-0846.wav,datasec:DATASEC/Voices/Voices-0853.wav,T3,0.895307,3.000,review
datasec:DATASEC/Voices/Voices-0425.wav,datasec:DATASEC/Voices/Voices-1786.wav,T3,0.895154,3.000,review
datasec:DATASEC/Lawn mower brush cutter and olive shaker/Brush cutter/Brush cutter-0030.wav,datasec:DATASEC/Lawn mower brush cutter and olive shaker/Brush cutter/Brush cutter-0033.wav,T3,0.895122,29.500,review
datasec:DATASEC/Lawn mower brush cutter and olive shaker/Brush cutter/Brush cutter-0022.wav,datasec:DATASEC/Lawn mower brush cutter and olive shaker/Brush cutter/Brush cutter-0030.wav,T3,0.895044,29.500,review
datasec:DATASEC/Lawn mower brush cutter and olive shaker/Brush cutter/Brush cutter-0008.wav,datasec:DATASEC/Lawn mower brush cutter and olive shaker/Brush cutter/Brush cutter-0030.wav,T3,0.895015,29.500,review
datasec:DATASEC/Lawn mower brush cutter and olive shaker/Brush cutter/Brush cutter-0010.wav,datasec:DATASEC/Lawn mower brush cutter and olive shaker/Brush cutter/Brush cutter-0033.wav,T3,0.894938,29.500,review
datasec:DATASEC/Lawn mower brush cutter and olive shaker/Brush cutter/Brush cutter-0020.wav,datasec:DATASEC/Lawn mower brush cutter and olive shaker/Brush cutter/Brush cutter-0034.wav,T3,0.894929,44.000,review
datasec:DATASEC/Lawn mower brush cutter and olive shaker/Brush cutter/Brush cutter-0012.wav,datasec:DATASEC/Lawn mower brush cutter and olive shaker/Brush cutter/Brush cutter-0034.wav,T3,0.894922,44.000,review
datasec:DATASEC/Voices/Voices-0342.wav,datasec:DATASEC/Voices/Voices-1246.wav,T3,0.894898,3.500,review
datasec:DATASEC/Lawn mower brush cutter and olive shaker/Brush cutter/Brush cutter-0027.wav,datasec:DATASEC/Lawn mower brush cutter and olive shaker/Brush cutter/Brush cutter-0034.wav,T3,0.894873,44.000,review
datasec:DATASEC/Lawn mower brush cutter and olive shaker/Brush cutter/Brush cutter-0017.wav,datasec:DATASEC/Lawn mower brush cutter and olive shaker/Brush cutter/Brush cutter-0034.wav,T3,0.894825,29.500,review
datasec:DATASEC/Lawn mower brush cutter and olive shaker/Brush cutter/Brush cutter-0017.wav,datasec:DATASEC/Lawn mower brush cutter and olive shaker/Brush cutter/Brush cutter-0033.wav,T3,0.894755,29.500,review
datasec:DATASEC/Lawn mower brush cutter and olive shaker/Brush cutter/Brush cutter-0014.wav,datasec:DATASEC/Lawn mower brush cutter and olive shaker/Brush cutter/Brush cutter-0032.wav,T3,0.894747,44.000,review
datasec:DATASEC/Lawn mower brush cutter and olive shaker/Brush cutter/Brush cutter-0010.wav,datasec:DATASEC/Lawn mower brush cutter and olive shaker/Brush cutter/Brush cutter-0034.wav,T3,0.894656,29.500,review
datasec:DATASEC/Lawn mower brush cutter and olive shaker/Brush cutter/Brush cutter-0021.wav,datasec:DATASEC/Lawn mower brush cutter and olive shaker/Brush cutter/Brush cutter-0030.wav,T3,0.894601,29.500,review
datasec:DATASEC/Lawn mower brush cutter and olive shaker/Brush cutter/Brush cutter-0022.wav,datasec:DATASEC/Lawn mower brush cutter and olive shaker/Brush cutter/Brush cutter-0032.wav,T3,0.894557,44.000,review
datasec:DATASEC/Glass breaking/Glass breaking-0022.wav,datasec:DATASEC/Glass breaking/Glass breaking-0064.wav,T3,0.894544,4.000,review
datasec:DATASEC/Lawn mower brush cutter and olive shaker/Brush cutter/Brush cutter-0021.wav,datasec:DATASEC/Lawn mower brush cutter and olive shaker/Brush cutter/Brush cutter-0025.wav,T3,0.894512,29.500,review
datasec:DATASEC/Lawn mower brush cutter and olive shaker/Brush cutter/Brush cutter-0025.wav,datasec:DATASEC/Lawn mower brush cutter and olive shaker/Brush cutter/Brush cutter-0034.wav,T3,0.894432,29.500,review
datasec:DATASEC/Lawn mower brush cutter and olive shaker/Brush cutter/Brush cutter-0014.wav,datasec:DATASEC/Lawn mower brush cutter and olive shaker/Brush cutter/Brush cutter-0017.wav,T3,0.894317,29.500,review
datasec:DATASEC/Lawn mower brush cutter and olive shaker/Brush cutter/Brush cutter-0010.wav,datasec:DATASEC/Lawn mower brush cutter and olive shaker/Brush cutter/Brush cutter-0021.wav,T3,0.894287,29.500,review
datasec:DATASEC/Music/Music-0120.wav,datasec:DATASEC/Music/Music-0361.wav,T3,0.894248,4.000,review
datasec:DATASEC/Voices/Voices-1250.wav,datasec:DATASEC/Voices/Voices-1262.wav,T3,0.894214,4.000,review
datasec:DATASEC/Glass breaking/Glass breaking-0066.wav,datasec:DATASEC/Glass breaking/Glass breaking-0082.wav,T3,0.894142,4.500,review
datasec:DATASEC/Voices/Voices-1206.wav,datasec:DATASEC/Voices/Voices-1262.wav,T3,0.894061,3.500,review
datasec:DATASEC/Voices/Voices-0576.wav,datasec:DATASEC/Voices/Voices-0581.wav,T3,0.894020,3.000,review
datasec:DATASEC/Lawn mower brush cutter and olive shaker/Brush cutter/Brush cutter-0010.wav,datasec:DATASEC/Lawn mower brush cutter and olive shaker/Brush cutter/Brush cutter-0014.wav,T3,0.893989,29.500,review
datasec:DATASEC/Lawn mower brush cutter and olive shaker/Brush cutter/Brush cutter-0028.wav,datasec:DATASEC/Lawn mower brush cutter and olive shaker/Brush cutter/Brush cutter-0030.wav,T3,0.893935,29.500,review
datasec:DATASEC/Lawn mower brush cutter and olive shaker/Brush cutter/Brush cutter-0014.wav,datasec:DATASEC/Lawn mower brush cutter and olive shaker/Brush cutter/Brush cutter-0025.wav,T3,0.893903,29.500,review
datasec:DATASEC/Lawn mower brush cutter and olive shaker/Brush cutter/Brush cutter-0017.wav,datasec:DATASEC/Lawn mower brush cutter and olive shaker/Brush cutter/Brush cutter-0021.wav,T3,0.893902,29.500,review
datasec:DATASEC/Lawn mower brush cutter and olive shaker/Brush cutter/Brush cutter-0025.wav,datasec:DATASEC/Lawn mower brush cutter and olive shaker/Brush cutter/Brush cutter-0028.wav,T3,0.893824,29.500,review
datasec:DATASEC/Lawn mower brush cutter and olive shaker/Brush cutter/Brush cutter-0032.wav,datasec:DATASEC/Lawn mower brush cutter and olive shaker/Brush cutter/Brush cutter-0034.wav,T3,0.893799,44.000,review
datasec:DATASEC/Voices/Voices-1266.wav,datasec:DATASEC/Voices/Voices-1824.wav,T3,0.893796,3.000,review
datasec:DATASEC/Lawn mower brush cutter and olive shaker/Brush cutter/Brush cutter-0008.wav,datasec:DATASEC/Lawn mower brush cutter and olive shaker/Brush cutter/Brush cutter-0020.wav,T3,0.893761,44.000,review
datasec:DATASEC/Music/Music-0087.wav,datasec:DATASEC/Music/Music-0354.wav,T3,0.893703,4.000,review
datasec:DATASEC/Lawn mower brush cutter and olive shaker/Brush cutter/Brush cutter-0008.wav,datasec:DATASEC/Lawn mower brush cutter and olive shaker/Brush cutter/Brush cutter-0027.wav,T3,0.893693,44.000,review
datasec:DATASEC/Lawn mower brush cutter and olive shaker/Brush cutter/Brush cutter-0008.wav,datasec:DATASEC/Lawn mower brush cutter and olive shaker/Brush cutter/Brush cutter-0012.wav,T3,0.893671,44.000,review
datasec:DATASEC/Voices/Voices-1309.wav,datasec:DATASEC/Voices/Voices-1323.wav,T3,0.893628,4.000,review
datasec:DATASEC/Lawn mower brush cutter and olive shaker/Brush cutter/Brush cutter-0010.wav,datasec:DATASEC/Lawn mower brush cutter and olive shaker/Brush cutter/Brush cutter-0028.wav,T3,0.893515,29.500,review
datasec:DATASEC/Lawn mower brush cutter and olive shaker/Brush cutter/Brush cutter-0017.wav,datasec:DATASEC/Lawn mower brush cutter and olive shaker/Brush cutter/Brush cutter-0022.wav,T3,0.893487,29.500,review
datasec:DATASEC/Voices/Voices-0814.wav,datasec:DATASEC/Voices/Voices-0826.wav,T3,0.893358,3.000,review
datasec:DATASEC/Glass breaking/Glass breaking-0053.wav,datasec:DATASEC/Glass breaking/Glass breaking-0057.wav,T3,0.893350,12.000,review
datasec:DATASEC/Lawn mower brush cutter and olive shaker/Brush cutter/Brush cutter-0011.wav,datasec:DATASEC/Lawn mower brush cutter and olive shaker/Brush cutter/Brush cutter-0035.wav,T3,0.893246,29.500,review
datasec:DATASEC/Lawn mower brush cutter and olive shaker/Brush cutter/Brush cutter-0010.wav,datasec:DATASEC/Lawn mower brush cutter and olive shaker/Brush cutter/Brush cutter-0022.wav,T3,0.893204,29.500,review
datasec:DATASEC/Lawn mower brush cutter and olive shaker/Brush cutter/Brush cutter-0017.wav,datasec:DATASEC/Lawn mower brush cutter and olive shaker/Brush cutter/Brush cutter-0028.wav,T3,0.893156,29.500,review
datasec:DATASEC/Lawn mower brush cutter and olive shaker/Brush cutter/Brush cutter-0008.wav,datasec:DATASEC/Lawn mower brush cutter and olive shaker/Brush cutter/Brush cutter-0017.wav,T3,0.893150,29.500,review
datasec:DATASEC/Lawn mower brush cutter and olive shaker/Brush cutter/Brush cutter-0008.wav,datasec:DATASEC/Lawn mower brush cutter and olive shaker/Brush cutter/Brush cutter-0010.wav,T3,0.893072,29.500,review
datasec:DATASEC/Lawn mower brush cutter and olive shaker/Brush cutter/Brush cutter-0022.wav,datasec:DATASEC/Lawn mower brush cutter and olive shaker/Brush cutter/Brush cutter-0025.wav,T3,0.892969,29.500,review
datasec:DATASEC/Lawn mower brush cutter and olive shaker/Brush cutter/Brush cutter-0008.wav,datasec:DATASEC/Lawn mower brush cutter and olive shaker/Brush cutter/Brush cutter-0025.wav,T3,0.892855,29.500,review
datasec:DATASEC/Music/Music-0167.wav,datasec:DATASEC/Music/Music-0168.wav,T3,0.892832,3.000,review
datasec:DATASEC/Glass breaking/Glass breaking-0042.wav,datasec:DATASEC/Glass breaking/Glass breaking-0044.wav,T3,0.892672,13.000,review
datasec:DATASEC/Glass breaking/Glass breaking-0053.wav,datasec:DATASEC/Glass breaking/Glass breaking-0059.wav,T3,0.892587,10.500,review
datasec:DATASEC/Voices/Voices-0840.wav,datasec:DATASEC/Voices/Voices-1411.wav,T3,0.892537,3.000,review
datasec:DATASEC/Lawn mower brush cutter and olive shaker/Brush cutter/Brush cutter-0008.wav,datasec:DATASEC/Lawn mower brush cutter and olive shaker/Brush cutter/Brush cutter-0032.wav,T3,0.892506,44.000,review
datasec:DATASEC/Glass breaking/Glass breaking-0022.wav,datasec:DATASEC/Glass breaking/Glass breaking-0069.wav,T3,0.892434,7.000,review
datasec:DATASEC/Lawn mower brush cutter and olive shaker/Brush cutter/Brush cutter-0031.wav,datasec:DATASEC/Lawn mower brush cutter and olive shaker/Brush cutter/Brush cutter-0035.wav,T3,0.892413,29.500,review
datasec:DATASEC/Lawn mower brush cutter and olive shaker/Brush cutter/Brush cutter-0018.wav,datasec:DATASEC/Lawn mower brush cutter and olive shaker/Brush cutter/Brush cutter-0035.wav,T3,0.892327,29.500,review
datasec:DATASEC/Voices/Voices-0826.wav,datasec:DATASEC/Voices/Voices-1411.wav,T3,0.892295,3.000,review
datasec:DATASEC/Crows seagulls and magpies/Crows/Crows-0035.wav,datasec:DATASEC/Crows seagulls and magpies/Crows/Crows-0042.wav,T3,0.892232,11.000,review
datasec:DATASEC/Crows seagulls and magpies/Crows/Crows-0042.wav,datasec:DATASEC/Crows seagulls and magpies/Crows/Crows-0050.wav,T3,0.892232,11.000,review
datasec:DATASEC/Glass breaking/Glass breaking-0035.wav,datasec:DATASEC/Glass breaking/Glass breaking-0037.wav,T3,0.892224,59.000,review
datasec:DATASEC/Voices/Voices-0826.wav,datasec:DATASEC/Voices/Voices-1401.wav,T3,0.892134,3.000,review
datasec:DATASEC/Lawn mower brush cutter and olive shaker/Brush cutter/Brush cutter-0011.wav,datasec:DATASEC/Lawn mower brush cutter and olive shaker/Brush cutter/Brush cutter-0019.wav,T3,0.892027,29.500,review
datasec:DATASEC/Dog barkings and howlings/Dog barkings and howlings-0052.wav,datasec:DATASEC/Dog barkings and howlings/Dog barkings and howlings-0053.wav,T3,0.891946,3.000,review
datasec:DATASEC/Voices/Voices-0814.wav,datasec:DATASEC/Voices/Voices-0851.wav,T3,0.891943,3.000,review
datasec:DATASEC/Sirens and alarms/Sirens/Sirens-0014.wav,datasec:DATASEC/Sirens and alarms/Sirens/Sirens-0015.wav,T3,0.891914,5.000,review
datasec:DATASEC/Lawn mower brush cutter and olive shaker/Brush cutter/Brush cutter-0026.wav,datasec:DATASEC/Lawn mower brush cutter and olive shaker/Brush cutter/Brush cutter-0035.wav,T3,0.891897,29.500,review
datasec:DATASEC/Voices/Voices-1387.wav,datasec:DATASEC/Voices/Voices-1416.wav,T3,0.891838,3.000,review
datasec:DATASEC/Music/Music-0037.wav,datasec:DATASEC/Music/Music-0234.wav,T3,0.891821,3.000,review
datasec:DATASEC/Music/Music-0087.wav,datasec:DATASEC/Music/Music-0390.wav,T3,0.891813,3.000,review
datasec:DATASEC/Glass breaking/Glass breaking-0028.wav,datasec:DATASEC/Glass breaking/Glass breaking-0030.wav,T3,0.891544,6.000,review
datasec:DATASEC/Voices/Voices-0329.wav,datasec:DATASEC/Voices/Voices-0374.wav,T3,0.891465,3.000,review
datasec:DATASEC/Glass breaking/Glass breaking-0035.wav,datasec:DATASEC/Glass breaking/Glass breaking-0039.wav,T3,0.891439,57.500,review
datasec:DATASEC/Voices/Voices-0990.wav,datasec:DATASEC/Voices/Voices-1015.wav,T3,0.891433,3.000,review
datasec:DATASEC/Lawn mower brush cutter and olive shaker/Brush cutter/Brush cutter-0018.wav,datasec:DATASEC/Lawn mower brush cutter and olive shaker/Brush cutter/Brush cutter-0019.wav,T3,0.891278,29.500,review
datasec:DATASEC/Lawn mower brush cutter and olive shaker/Brush cutter/Brush cutter-0011.wav,datasec:DATASEC/Lawn mower brush cutter and olive shaker/Brush cutter/Brush cutter-0015.wav,T3,0.891271,29.500,review
datasec:DATASEC/Voices/Voices-1288.wav,datasec:DATASEC/Voices/Voices-1309.wav,T3,0.891215,3.500,review
datasec:DATASEC/Vehicle idling/car truck idling/car truck idling-0045.wav,datasec:DATASEC/Vehicle idling/car truck idling/car truck idling-0072.wav,T3,0.891181,10.000,review
datasec:DATASEC/Lawn mower brush cutter and olive shaker/Brush cutter/Brush cutter-0019.wav,datasec:DATASEC/Lawn mower brush cutter and olive shaker/Brush cutter/Brush cutter-0031.wav,T3,0.891091,29.500,review
datasec:DATASEC/Music/Music-0037.wav,datasec:DATASEC/Music/Music-0087.wav,T3,0.890996,3.500,review
datasec:DATASEC/Voices/Voices-1321.wav,datasec:DATASEC/Voices/Voices-1323.wav,T3,0.890950,3.000,review
datasec:DATASEC/Glass breaking/Glass breaking-0050.wav,datasec:DATASEC/Glass breaking/Glass breaking-0051.wav,T3,0.890945,26.500,review
datasec:DATASEC/Lawn mower brush cutter and olive shaker/Brush cutter/Brush cutter-0019.wav,datasec:DATASEC/Lawn mower brush cutter and olive shaker/Brush cutter/Brush cutter-0026.wav,T3,0.890866,29.500,review
datasec:DATASEC/Voices/Voices-0342.wav,datasec:DATASEC/Voices/Voices-0667.wav,T3,0.890819,3.000,review
datasec:DATASEC/Lawn mower brush cutter and olive shaker/Brush cutter/Brush cutter-0011.wav,datasec:DATASEC/Lawn mower brush cutter and olive shaker/Brush cutter/Brush cutter-0023.wav,T3,0.890615,29.500,review
datasec:DATASEC/Glass breaking/Glass breaking-0036.wav,datasec:DATASEC/Glass breaking/Glass breaking-0038.wav,T3,0.890566,59.000,review
datased:DataSED - DataSED - Dataset for Sound Event Detection of environmental noise/SED_wav/S-0160.wav,datased:DataSED - DataSED - Dataset for Sound Event Detection of environmental noise/SED_wav/S-0322.wav,T3,0.890551,3.000,review
datasec:DATASEC/Lawn mower brush cutter and olive shaker/Brush cutter/Brush cutter-0015.wav,datasec:DATASEC/Lawn mower brush cutter and olive shaker/Brush cutter/Brush cutter-0018.wav,T3,0.890509,29.500,review
datasec:DATASEC/Lawn mower brush cutter and olive shaker/Brush cutter/Brush cutter-0015.wav,datasec:DATASEC/Lawn mower brush cutter and olive shaker/Brush cutter/Brush cutter-0031.wav,T3,0.890470,29.500,review
datasec:DATASEC/Voices/Voices-0342.wav,datasec:DATASEC/Voices/Voices-1266.wav,T3,0.890342,4.500,review
datasec:DATASEC/Lawn mower brush cutter and olive shaker/Brush cutter/Brush cutter-0015.wav,datasec:DATASEC/Lawn mower brush cutter and olive shaker/Brush cutter/Brush cutter-0026.wav,T3,0.890282,29.500,review
datasec:DATASEC/Voices/Voices-1003.wav,datasec:DATASEC/Voices/Voices-1015.wav,T3,0.890203,3.000,review
datasec:DATASEC/Glass breaking/Glass breaking-0026.wav,datasec:DATASEC/Glass breaking/Glass breaking-0030.wav,T3,0.890094,4.500,review
datasec:DATASEC/Voices/Voices-0414.wav,datasec:DATASEC/Voices/Voices-0433.wav,T3,0.890078,3.000,review
datasec:DATASEC/Voices/Voices-0374.wav,datasec:DATASEC/Voices/Voices-1800.wav,T3,0.889990,3.000,review
datasec:DATASEC/Music/Music-0087.wav,datased:DataSED - DataSED - Dataset for Sound Event Detection of environmental noise/SED_wav/S-0606.wav,T3,0.889941,3.000,review
datasec:DATASEC/Music/Music-0087.wav,datased:DataSED - DataSED - Dataset for Sound Event Detection of environmental noise/SED_wav/S-0622.wav,T3,0.889941,3.000,review
datasec:DATASEC/Lawn mower brush cutter and olive shaker/Brush cutter/Brush cutter-0023.wav,datasec:DATASEC/Lawn mower brush cutter and olive shaker/Brush cutter/Brush cutter-0031.wav,T3,0.889932,29.500,review
datasec:DATASEC/Voices/Voices-1206.wav,datasec:DATASEC/Voices/Voices-1232.wav,T3,0.889872,3.000,review
datasec:DATASEC/Lawn mower brush cutter and olive shaker/Brush cutter/Brush cutter-0018.wav,datasec:DATASEC/Lawn mower brush cutter and olive shaker/Brush cutter/Brush cutter-0023.wav,T3,0.889846,29.500,review
datasec:DATASEC/Lawn mower brush cutter and olive shaker/Brush cutter/Brush cutter-0023.wav,datasec:DATASEC/Lawn mower brush cutter and olive shaker/Brush cutter/Brush cutter-0026.wav,T3,0.889722,29.500,review
datasec:DATASEC/Voices/Voices-0840.wav,datasec:DATASEC/Voices/Voices-0849.wav,T3,0.889524,3.000,review
datasec:DATASEC/Music/Music-0198.wav,datased:DataSED - DataSED - Dataset for Sound Event Detection of environmental noise/SED_wav/S-0606.wav,T3,0.889461,4.000,review
datasec:DATASEC/Music/Music-0198.wav,datased:DataSED - DataSED - Dataset for Sound Event Detection of environmental noise/SED_wav/S-0622.wav,T3,0.889461,4.000,review
datasec:DATASEC/Glass breaking/Glass breaking-0042.wav,datasec:DATASEC/Glass breaking/Glass breaking-0066.wav,T3,0.889384,11.500,review
datasec:DATASEC/Music/Music-0198.wav,datasec:DATASEC/Music/Music-0467.wav,T3,0.889225,3.000,review
datasec:DATASEC/Voices/Voices-1312.wav,datasec:DATASEC/Voices/Voices-1323.wav,T3,0.889135,3.000,review
datasec:DATASEC/Voices/Voices-0826.wav,datasec:DATASEC/Voices/Voices-0827.wav,T3,0.889045,3.000,review
datasec:DATASEC/Voices/Voices-1232.wav,datasec:DATASEC/Voices/Voices-1267.wav,T3,0.888905,3.000,review
datasec:DATASEC/Voices/Voices-1224.wav,datasec:DATASEC/Voices/Voices-1267.wav,T3,0.888820,3.000,review
datasec:DATASEC/Voices/Voices-1232.wav,datasec:DATASEC/Voices/Voices-1817.wav,T3,0.888796,3.000,review
datasec:DATASEC/Glass breaking/Glass breaking-0053.wav,datasec:DATASEC/Glass breaking/Glass breaking-0054.wav,T3,0.888717,13.500,review
datasec:DATASEC/Workshop/jackhammer/jackhammer-0039.wav,datasec:DATASEC/Workshop/jackhammer/jackhammer-0040.wav,T3,0.888716,3.000,review
datasec:DATASEC/Voices/Voices-1288.wav,datasec:DATASEC/Voices/Voices-1321.wav,T3,0.888577,3.500,review
datasec:DATASEC/Glass breaking/Glass breaking-0036.wav,datasec:DATASEC/Glass breaking/Glass breaking-0037.wav,T3,0.888502,26.500,review
datasec:DATASEC/Music/Music-0037.wav,datasec:DATASEC/Music/Music-0178.wav,T3,0.888461,3.000,review
datasec:DATASEC/Voices/Voices-0826.wav,datasec:DATASEC/Voices/Voices-0849.wav,T3,0.888380,3.000,review
datasec:DATASEC/Voices/Voices-1250.wav,datasec:DATASEC/Voices/Voices-1252.wav,T3,0.888344,4.000,review
datasec:DATASEC/Voices/Voices-0814.wav,datasec:DATASEC/Voices/Voices-0874.wav,T3,0.888231,3.000,review
datasec:DATASEC/Dog barkings and howlings/Dog barkings and howlings-0048.wav,datasec:DATASEC/Dog barkings and howlings/Dog barkings and howlings-0049.wav,T3,0.888195,3.000,review
datasec:DATASEC/Workshop/saw/saw-0037.wav,datasec:DATASEC/Workshop/saw/saw-0039.wav,T3,0.888108,3.000,review
datasec:DATASEC/Lawn mower brush cutter and olive shaker/Brush cutter/Brush cutter-0054.wav,datasec:DATASEC/Lawn mower brush cutter and olive shaker/Brush cutter/Brush cutter-0086.wav,T3,0.888035,19.500,review
datasec:DATASEC/Voices/Voices-1253.wav,datasec:DATASEC/Voices/Voices-1262.wav,T3,0.888026,5.000,review
datasec:DATASEC/Voices/Voices-1285.wav,datasec:DATASEC/Voices/Voices-1304.wav,T3,0.887887,3.000,review
datasec:DATASEC/Voices/Voices-1288.wav,datasec:DATASEC/Voices/Voices-1323.wav,T3,0.887847,3.000,review
datasec:DATASEC/Music/Music-0604.wav,datasec:DATASEC/Music/Music-0613.wav,T3,0.887679,30.000,review
datasec:DATASEC/Voices/Voices-0581.wav,datasec:DATASEC/Voices/Voices-0651.wav,T3,0.887581,4.500,review
datasec:DATASEC/Glass breaking/Glass breaking-0022.wav,datasec:DATASEC/Glass breaking/Glass breaking-0062.wav,T3,0.887512,29.000,review
datasec:DATASEC/Voices/Voices-1250.wav,datasec:DATASEC/Voices/Voices-1266.wav,T3,0.887505,3.000,review
datasec:DATASEC/Voices/Voices-1232.wav,datasec:DATASEC/Voices/Voices-1252.wav,T3,0.887476,3.000,review
datasec:DATASEC/Music/Music-0037.wav,datasec:DATASEC/Music/Music-0198.wav,T3,0.887335,4.000,review
datasec:DATASEC/Voices/Voices-0576.wav,datasec:DATASEC/Voices/Voices-0667.wav,T3,0.886957,3.000,review
datasec:DATASEC/Voices/Voices-0342.wav,datasec:DATASEC/Voices/Voices-1288.wav,T3,0.886898,3.500,review
datasec:DATASEC/Voices/Voices-1253.wav,datasec:DATASEC/Voices/Voices-1267.wav,T3,0.886848,4.000,review
datasec:DATASEC/Voices/Voices-0159.wav,datasec:DATASEC/Voices/Voices-0177.wav,T3,0.886786,3.000,review
datasec:DATASEC/Glass breaking/Glass breaking-0035.wav,datasec:DATASEC/Glass breaking/Glass breaking-0038.wav,T3,0.886754,25.000,review
datasec:DATASEC/Voices/Voices-0758.wav,datasec:DATASEC/Voices/Voices-0774.wav,T3,0.886722,3.000,review
datasec:DATASEC/Glass breaking/Glass breaking-0034.wav,datasec:DATASEC/Glass breaking/Glass breaking-0038.wav,T3,0.886659,57.500,review
datasec:DATASEC/Glass breaking/Glass breaking-0035.wav,datasec:DATASEC/Glass breaking/Glass breaking-0040.wav,T3,0.886547,23.500,review
datasec:DATASEC/Voices/Voices-0827.wav,datasec:DATASEC/Voices/Voices-0828.wav,T3,0.886425,3.000,review
datasec:DATASEC/Glass breaking/Glass breaking-0050.wav,datasec:DATASEC/Glass breaking/Glass breaking-0053.wav,T3,0.886388,25.000,review
datasec:DATASEC/Voices/Voices-0667.wav,datasec:DATASEC/Voices/Voices-1246.wav,T3,0.886265,3.000,review
datasec:DATASEC/Voices/Voices-1288.wav,datasec:DATASEC/Voices/Voices-1316.wav,T3,0.886153,3.000,review
datasec:DATASEC/Voices/Voices-1015.wav,datasec:DATASEC/Voices/Voices-1016.wav,T3,0.885971,3.000,review
datasec:DATASEC/Voices/Voices-0342.wav,datasec:DATASEC/Voices/Voices-0581.wav,T3,0.885791,3.500,review
datasec:DATASEC/Voices/Voices-0826.wav,datasec:DATASEC/Voices/Voices-0846.wav,T3,0.885724,3.000,review
datasec:DATASEC/Glass breaking/Glass breaking-0064.wav,datasec:DATASEC/Glass breaking/Glass breaking-0079.wav,T3,0.885604,3.000,review
datasec:DATASEC/Voices/Voices-1228.wav,datasec:DATASEC/Voices/Voices-1232.wav,T3,0.885514,3.000,review
datasec:DATASEC/Voices/Voices-0634.wav,datasec:DATASEC/Voices/Voices-0667.wav,T3,0.885464,3.500,review
datasec:DATASEC/Wind turbine/Wind turbine-0006.wav,datasec:DATASEC/Wind turbine/Wind turbine-0007.wav,T3,0.885463,27.500,review
datasec:DATASEC/Music/Music-0198.wav,datasec:DATASEC/Propeller aircrafts/Helicopters/Helicopters-0023.wav,T3,0.885459,3.000,review
datasec:DATASEC/Voices/Voices-0634.wav,datasec:DATASEC/Voices/Voices-0682.wav,T3,0.885348,3.000,review
datasec:DATASEC/Music/Music-0266.wav,datasec:DATASEC/Voices/Voices-1232.wav,T3,0.885284,3.000,review
datasec:DATASEC/Glass breaking/Glass breaking-0050.wav,datasec:DATASEC/Glass breaking/Glass breaking-0057.wav,T3,0.885242,3.000,review
datasec:DATASEC/Voices/Voices-0404.wav,datasec:DATASEC/Voices/Voices-0643.wav,T3,0.885236,3.000,review
datasec:DATASEC/Voices/Voices-0634.wav,datasec:DATASEC/Voices/Voices-0651.wav,T3,0.885224,4.000,review
datasec:DATASEC/Voices/Voices-1288.wav,datasec:DATASEC/Voices/Voices-1304.wav,T3,0.885079,3.500,review
datasec:DATASEC/Voices/Voices-0667.wav,datasec:DATASEC/Voices/Voices-1285.wav,T3,0.885027,4.500,review
datasec:DATASEC/Lawn mower brush cutter and olive shaker/Brush cutter/Brush cutter-0021.wav,datasec:DATASEC/Lawn mower brush cutter and olive shaker/Brush cutter/Brush cutter-0026.wav,T3,0.885013,44.000,review
datasec:DATASEC/Voices/Voices-0220.wav,datasec:DATASEC/Voices/Voices-0225.wav,T3,0.885011,3.500,review
datasec:DATASEC/Voices/Voices-0827.wav,datasec:DATASEC/Voices/Voices-0874.wav,T3,0.884939,3.000,review
datasec:DATASEC/Music/Music-0037.wav,datasec:DATASEC/Music/Music-0225.wav,T3,0.884802,3.000,review
datasec:DATASEC/Voices/Voices-0667.wav,datasec:DATASEC/Voices/Voices-1232.wav,T3,0.884770,3.000,review
datasec:DATASEC/Lawn mower brush cutter and olive shaker/Brush cutter/Brush cutter-0013.wav,datasec:DATASEC/Lawn mower brush cutter and olive shaker/Brush cutter/Brush cutter-0026.wav,T3,0.884746,44.000,review
datasec:DATASEC/Voices/Voices-1288.wav,datasec:DATASEC/Voices/Voices-1336.wav,T3,0.884603,3.000,review
datasec:DATASEC/Music/Music-0029.wav,datasec:DATASEC/Music/Music-0178.wav,T3,0.884509,4.000,review
datasec:DATASEC/Voices/Voices-0143.wav,datasec:DATASEC/Voices/Voices-0220.wav,T3,0.884481,3.000,review
datasec:DATASEC/Music/Music-0037.wav,datasec:DATASEC/Music/Music-0467.wav,T3,0.884399,3.000,review
datasec:DATASEC/Voices/Voices-1309.wav,datasec:DATASEC/Voices/Voices-1329.wav,T3,0.884395,5.000,review
datasec:DATASEC/Lawn mower brush cutter and olive shaker/Brush cutter/Brush cutter-0026.wav,datasec:DATASEC/Lawn mower brush cutter and olive shaker/Brush cutter/Brush cutter-0033.wav,T3,0.884350,44.000,review
datasec:DATASEC/Lawn mower brush cutter and olive shaker/Brush cutter/Brush cutter-0018.wav,datasec:DATASEC/Lawn mower brush cutter and olive shaker/Brush cutter/Brush cutter-0021.wav,T3,0.884331,44.000,review
datasec:DATASEC/Voices/Voices-0610.wav,datasec:DATASEC/Voices/Voices-0651.wav,T3,0.884263,4.500,review
datasec:DATASEC/Lawn mower brush cutter and olive shaker/Brush cutter/Brush cutter-0013.wav,datasec:DATASEC/Lawn mower brush cutter and olive shaker/Brush cutter/Brush cutter-0018.wav,T3,0.884191,44.000,review
datasec:DATASEC/Voices/Voices-0641.wav,datasec:DATASEC/Voices/Voices-1262.wav,T3,0.884097,3.000,review
datasec:DATASEC/Lawn mower brush cutter and olive shaker/Brush cutter/Brush cutter-0024.wav,datasec:DATASEC/Lawn mower brush cutter and olive shaker/Brush cutter/Brush cutter-0034.wav,T3,0.883971,44.000,review
datasec:DATASEC/Voices/Voices-0640.wav,datasec:DATASEC/Voices/Voices-1262.wav,T3,0.883964,4.000,review
datasec:DATASEC/Voices/Voices-0581.wav,datasec:DATASEC/Voices/Voices-0667.wav,T3,0.883945,4.000,review
datasec:DATASEC/Lawn mower brush cutter and olive shaker/Brush cutter/Brush cutter-0018.wav,datasec:DATASEC/Lawn mower brush cutter and olive shaker/Brush cutter/Brush cutter-0033.wav,T3,0.883915,44.000,review
datasec:DATASEC/Lawn mower brush cutter and olive shaker/Brush cutter/Brush cutter-0008.wav,datasec:DATASEC/Lawn mower brush cutter and olive shaker/Brush cutter/Brush cutter-0024.wav,T3,0.883846,44.000,review
datasec:DATASEC/Glass breaking/Glass breaking-0073.wav,datasec:DATASEC/Glass breaking/Glass breaking-0079.wav,T3,0.883791,7.500,review
datasec:DATASEC/Voices/Voices-0644.wav,datasec:DATASEC/Voices/Voices-0651.wav,T3,0.883780,3.000,review
datasec:DATASEC/Music/Music-0361.wav,datasec:DATASEC/Music/Music-0390.wav,T3,0.883760,30.000,review
datasec:DATASEC/Lawn mower brush cutter and olive shaker/Brush cutter/Brush cutter-0021.wav,datasec:DATASEC/Lawn mower brush cutter and olive shaker/Brush cutter/Brush cutter-0031.wav,T3,0.883750,44.000,review
datasec:DATASEC/Voices/Voices-0404.wav,datasec:DATASEC/Voices/Voices-1232.wav,T3,0.883700,3.000,review
datasec:DATASEC/Lawn mower brush cutter and olive shaker/Brush cutter/Brush cutter-0016.wav,datasec:DATASEC/Lawn mower brush cutter and olive shaker/Brush cutter/Brush cutter-0034.wav,T3,0.883676,44.000,review
datasec:DATASEC/Glass breaking/Glass breaking-0077.wav,datasec:DATASEC/Glass breaking/Glass breaking-0080.wav,T3,0.883636,13.500,review
datasec:DATASEC/Lawn mower brush cutter and olive shaker/Brush cutter/Brush cutter-0008.wav,datasec:DATASEC/Lawn mower brush cutter and olive shaker/Brush cutter/Brush cutter-0016.wav,T3,0.883623,44.000,review
datasec:DATASEC/Lawn mower brush cutter and olive shaker/Brush cutter/Brush cutter-0029.wav,datasec:DATASEC/Lawn mower brush cutter and olive shaker/Brush cutter/Brush cutter-0034.wav,T3,0.883575,44.000,review
datasec:DATASEC/Lawn mower brush cutter and olive shaker/Brush cutter/Brush cutter-0013.wav,datasec:DATASEC/Lawn mower brush cutter and olive shaker/Brush cutter/Brush cutter-0031.wav,T3,0.883537,44.000,review
datasec:DATASEC/Voices/Voices-0844.wav,datasec:DATASEC/Voices/Voices-0849.wav,T3,0.883518,3.000,review
datasec:DATASEC/Lawn mower brush cutter and olive shaker/Brush cutter/Brush cutter-0009.wav,datasec:DATASEC/Lawn mower brush cutter and olive shaker/Brush cutter/Brush cutter-0034.wav,T3,0.883455,44.000,review
datasec:DATASEC/Lawn mower brush cutter and olive shaker/Brush cutter/Brush cutter-0012.wav,datasec:DATASEC/Lawn mower brush cutter and olive shaker/Brush cutter/Brush cutter-0035.wav,T3,0.883434,29.500,review
datasec:DATASEC/Glass breaking/Glass breaking-0022.wav,datasec:DATASEC/Glass breaking/Glass breaking-0067.wav,T3,0.883369,32.000,review
datasec:DATASEC/Lawn mower brush cutter and olive shaker/Brush cutter/Brush cutter-0011.wav,datasec:DATASEC/Lawn mower brush cutter and olive shaker/Brush cutter/Brush cutter-0021.wav,T3,0.883368,44.000,review
datasec:DATASEC/Voices/Voices-1232.wav,datasec:DATASEC/Voices/Voices-1411.wav,T3,0.883325,3.000,review
datasec:DATASEC/Lawn mower brush cutter and olive shaker/Brush cutter/Brush cutter-0031.wav,datasec:DATASEC/Lawn mower brush cutter and olive shaker/Brush cutter/Brush cutter-0033.wav,T3,0.883203,44.000,review
datasec:DATASEC/Voices/Voices-1273.wav,datasec:DATASEC/Voices/Voices-1337.wav,T3,0.883196,3.000,review
datasec:DATASEC/Lawn mower brush cutter and olive shaker/Brush cutter/Brush cutter-0012.wav,datasec:DATASEC/Lawn mower brush cutter and olive shaker/Brush cutter/Brush cutter-0023.wav,T3,0.883148,29.500,review
datasec:DATASEC/Lawn mower brush cutter and olive shaker/Brush cutter/Brush cutter-0011.wav,datasec:DATASEC/Lawn mower brush cutter and olive shaker/Brush cutter/Brush cutter-0013.wav,T3,0.883126,44.000,review
datasec:DATASEC/Lawn mower brush cutter and olive shaker/Brush cutter/Brush cutter-0008.wav,datasec:DATASEC/Lawn mower brush cutter and olive shaker/Brush cutter/Brush cutter-0029.wav,T3,0.883118,44.000,review
datasec:DATASEC/Lawn mower brush cutter and olive shaker/Brush cutter/Brush cutter-0012.wav,datasec:DATASEC/Lawn mower brush cutter and olive shaker/Brush cutter/Brush cutter-0019.wav,T3,0.883078,29.500,review
datasec:DATASEC/Lawn mower brush cutter and olive shaker/Brush cutter/Brush cutter-0008.wav,datasec:DATASEC/Lawn mower brush cutter and olive shaker/Brush cutter/Brush cutter-0009.wav,T3,0.883069,44.000,review
datasec:DATASEC/Voices/Voices-0641.wav,datasec:DATASEC/Voices/Voices-1267.wav,T3,0.883063,3.000,review
datasec:DATASEC/Lawn mower brush cutter and olive shaker/Brush cutter/Brush cutter-0020.wav,datasec:DATASEC/Lawn mower brush cutter and olive shaker/Brush cutter/Brush cutter-0035.wav,T3,0.883027,29.500,review
datasec:DATASEC/Music/Music-0087.wav,datasec:DATASEC/Music/Music-0385.wav,T3,0.883023,3.500,review
datasec:DATASEC/Lawn mower brush cutter and olive shaker/Brush cutter/Brush cutter-0022.wav,datasec:DATASEC/Lawn mower brush cutter and olive shaker/Brush cutter/Brush cutter-0024.wav,T3,0.882901,44.000,review
datasec:DATASEC/Lawn mower brush cutter and olive shaker/Brush cutter/Brush cutter-0026.wav,datasec:DATASEC/Lawn mower brush cutter and olive shaker/Brush cutter/Brush cutter-0028.wav,T3,0.882859,44.000,review
datasec:DATASEC/Lawn mower brush cutter and olive shaker/Brush cutter/Brush cutter-0012.wav,datasec:DATASEC/Lawn mower brush cutter and olive shaker/Brush cutter/Brush cutter-0015.wav,T3,0.882853,29.500,review
datasec:DATASEC/Lawn mower brush cutter and olive shaker/Brush cutter/Brush cutter-0011.wav,datasec:DATASEC/Lawn mower brush cutter and olive shaker/Brush cutter/Brush cutter-0033.wav,T3,0.882843,44.000,review
datasec:DATASEC/Voices/Voices-1232.wav,datasec:DATASEC/Voices/Voices-1374.wav,T3,0.882840,3.000,review
datasec:DATASEC/Lawn mower brush cutter and olive shaker/Brush cutter/Brush cutter-0020.wav,datasec:DATASEC/Lawn mower brush cutter and olive shaker/Brush cutter/Brush cutter-0023.wav,T3,0.882831,29.500,review
datasec:DATASEC/Lawn mower brush cutter and olive shaker/Brush cutter/Brush cutter-0023.wav,datasec:DATASEC/Lawn mower brush cutter and olive shaker/Brush cutter/Brush cutter-0027.wav,T3,0.882784,29.500,review
datasec:DATASEC/Music/Music-0087.wav,datasec:DATASEC/Music/Music-0463.wav,T3,0.882740,3.000,review
datasec:DATASEC/Lawn mower brush cutter and olive shaker/Brush cutter/Brush cutter-0032.wav,datasec:DATASEC/Lawn mower brush cutter and olive shaker/Brush cutter/Brush cutter-0035.wav,T3,0.882728,29.500,review
datasec:DATASEC/Lawn mower brush cutter and olive shaker/Brush cutter/Brush cutter-0027.wav,datasec:DATASEC/Lawn mower brush cutter and olive shaker/Brush cutter/Brush cutter-0035.wav,T3,0.882684,29.500,review
datasec:DATASEC/Voices/Voices-1275.wav,datasec:DATASEC/Voices/Voices-1288.wav,T3,0.882653,3.000,review
datasec:DATASEC/Voices/Voices-0370.wav,datasec:DATASEC/Voices/Voices-0404.wav,T3,0.882648,3.500,review
datasec:DATASEC/Music/Music-0029.wav,datasec:DATASEC/Music/Music-0168.wav,T3,0.882641,3.000,review
datasec:DATASEC/Lawn mower brush cutter and olive shaker/Brush cutter/Brush cutter-0016.wav,datasec:DATASEC/Lawn mower brush cutter and olive shaker/Brush cutter/Brush cutter-0022.wav,T3,0.882615,44.000,review
datasec:DATASEC/Lawn mower brush cutter and olive shaker/Brush cutter/Brush cutter-0019.wav,datasec:DATASEC/Lawn mower brush cutter and olive shaker/Brush cutter/Brush cutter-0020.wav,T3,0.882601,29.500,review
datasec:DATASEC/Lawn mower brush cutter and olive shaker/Brush cutter/Brush cutter-0023.wav,datasec:DATASEC/Lawn mower brush cutter and olive shaker/Brush cutter/Brush cutter-0032.wav,T3,0.882554,29.500,review
datasec:DATASEC/Lawn mower brush cutter and olive shaker/Brush cutter/Brush cutter-0015.wav,datasec:DATASEC/Lawn mower brush cutter and olive shaker/Brush cutter/Brush cutter-0020.wav,T3,0.882540,29.500,review
datasec:DATASEC/Lawn mower brush cutter and olive shaker/Brush cutter/Brush cutter-0022.wav,datasec:DATASEC/Lawn mower brush cutter and olive shaker/Brush cutter/Brush cutter-0029.wav,T3,0.882470,44.000,review
datasec:DATASEC/Music/Music-0120.wav,datasec:DATASEC/Music/Music-0328.wav,T3,0.882440,4.000,review
datasec:DATASEC/Lawn mower brush cutter and olive shaker/Brush cutter/Brush cutter-0014.wav,datasec:DATASEC/Lawn mower brush cutter and olive shaker/Brush cutter/Brush cutter-0024.wav,T3,0.882413,44.000,review
datasec:DATASEC/Music/Music-0277.wav,datasec:DATASEC/Voices/Voices-1232.wav,T3,0.882326,3.000,review
datasec:DATASEC/Lawn mower brush cutter and olive shaker/Brush cutter/Brush cutter-0019.wav,datasec:DATASEC/Lawn mower brush cutter and olive shaker/Brush cutter/Brush cutter-0032.wav,T3,0.882316,29.500,review
datasec:DATASEC/Lawn mower brush cutter and olive shaker/Brush cutter/Brush cutter-0015.wav,datasec:DATASEC/Lawn mower brush cutter and olive shaker/Brush cutter/Brush cutter-0027.wav,T3,0.882312,29.500,review
datasec:DATASEC/Lawn mower brush cutter and olive shaker/Brush cutter/Brush cutter-0015.wav,datasec:DATASEC/Lawn mower brush cutter and olive shaker/Brush cutter/Brush cutter-0032.wav,T3,0.882309,29.500,review
datasec:DATASEC/Voices/Voices-0844.wav,datasec:DATASEC/Voices/Voices-0874.wav,T3,0.882306,3.000,review
datasec:DATASEC/Voices/Voices-0327.wav,datasec:DATASEC/Voices/Voices-0374.wav,T3,0.882298,3.000,review
datasec:DATASEC/Lawn mower brush cutter and olive shaker/Brush cutter/Brush cutter-0019.wav,datasec:DATASEC/Lawn mower brush cutter and olive shaker/Brush cutter/Brush cutter-0027.wav,T3,0.882238,29.500,review
datasec:DATASEC/Lawn mower brush cutter and olive shaker/Brush cutter/Brush cutter-0009.wav,datasec:DATASEC/Lawn mower brush cutter and olive shaker/Brush cutter/Brush cutter-0022.wav,T3,0.882219,44.000,review
datasec:DATASEC/Lawn mower brush cutter and olive shaker/Brush cutter/Brush cutter-0018.wav,datasec:DATASEC/Lawn mower brush cutter and olive shaker/Brush cutter/Brush cutter-0028.wav,T3,0.882175,44.000,review
datasec:DATASEC/Voices/Voices-1329.wav,datasec:DATASEC/Voices/Voices-1337.wav,T3,0.882155,3.500,review
datasec:DATASEC/Lawn mower brush cutter and olive shaker/Brush cutter/Brush cutter-0027.wav,datasec:DATASEC/Lawn mower brush cutter and olive shaker/Brush cutter/Brush cutter-0030.wav,T3,0.882035,44.000,review
datasec:DATASEC/Voices/Voices-0329.wav,datasec:DATASEC/Voices/Voices-0651.wav,T3,0.882013,3.000,review
datasec:DATASEC/Voices/Voices-0576.wav,datasec:DATASEC/Voices/Voices-0644.wav,T3,0.882007,3.500,review
datasec:DATASEC/Lawn mower brush cutter and olive shaker/Brush cutter/Brush cutter-0021.wav,datasec:DATASEC/Lawn mower brush cutter and olive shaker/Brush cutter/Brush cutter-0024.wav,T3,0.882006,29.500,review
datasec:DATASEC/Lawn mower brush cutter and olive shaker/Brush cutter/Brush cutter-0014.wav,datasec:DATASEC/Lawn mower brush cutter and olive shaker/Brush cutter/Brush cutter-0016.wav,T3,0.881987,44.000,review
datasec:DATASEC/Voices/Voices-1812.wav,datasec:DATASEC/Voices/Voices-1824.wav,T3,0.881971,3.000,review
datasec:DATASEC/Lawn mower brush cutter and olive shaker/Brush cutter/Brush cutter-0014.wav,datasec:DATASEC/Lawn mower brush cutter and olive shaker/Brush cutter/Brush cutter-0029.wav,T3,0.881961,44.000,review
datasec:DATASEC/Lawn mower brush cutter and olive shaker/Brush cutter/Brush cutter-0028.wav,datasec:DATASEC/Lawn mower brush cutter and olive shaker/Brush cutter/Brush cutter-0031.wav,T3,0.881780,44.000,review
datasec:DATASEC/Lawn mower brush cutter and olive shaker/Brush cutter/Brush cutter-0030.wav,datasec:DATASEC/Lawn mower brush cutter and olive shaker/Brush cutter/Brush cutter-0032.wav,T3,0.881763,44.000,review
datasec:DATASEC/Voices/Voices-1308.wav,datasec:DATASEC/Voices/Voices-1329.wav,T3,0.881716,3.500,review
datasec:DATASEC/Lawn mower brush cutter and olive shaker/Brush cutter/Brush cutter-0009.wav,datasec:DATASEC/Lawn mower brush cutter and olive shaker/Brush cutter/Brush cutter-0014.wav,T3,0.881673,44.000,review
datasec:DATASEC/Lawn mower brush cutter and olive shaker/Brush cutter/Brush cutter-0013.wav,datasec:DATASEC/Lawn mower brush cutter and olive shaker/Brush cutter/Brush cutter-0024.wav,T3,0.881638,29.500,review
datasec:DATASEC/Music/Music-0087.wav,datasec:DATASEC/Music/Music-0466.wav,T3,0.881606,3.000,review
datasec:DATASEC/Glass breaking/Glass breaking-0029.wav,datasec:DATASEC/Glass breaking/Glass breaking-0030.wav,T3,0.881601,26.500,review
datasec:DATASEC/Lawn mower brush cutter and olive shaker/Brush cutter/Brush cutter-0020.wav,datasec:DATASEC/Lawn mower brush cutter and olive shaker/Brush cutter/Brush cutter-0030.wav,T3,0.881576,44.000,review
datasec:DATASEC/Voices/Voices-1246.wav,datasec:DATASEC/Voices/Voices-1267.wav,T3,0.881393,3.500,review
datasec:DATASEC/Music/Music-0234.wav,datasec:DATASEC/Propeller aircrafts/Helicopters/Helicopters-0023.wav,T3,0.881375,3.000,review
datasec:DATASEC/Voices/Voices-1278.wav,datasec:DATASEC/Voices/Voices-1323.wav,T3,0.881375,3.500,review
datasec:DATASEC/Lawn mower brush cutter and olive shaker/Brush cutter/Brush cutter-0011.wav,datasec:DATASEC/Lawn mower brush cutter and olive shaker/Brush cutter/Brush cutter-0028.wav,T3,0.881341,44.000,review
datasec:DATASEC/Lawn mower brush cutter and olive shaker/Brush cutter/Brush cutter-0025.wav,datasec:DATASEC/Lawn mower brush cutter and olive shaker/Brush cutter/Brush cutter-0027.wav,T3,0.881317,44.000,review
datasec:DATASEC/Lawn mower brush cutter and olive shaker/Brush cutter/Brush cutter-0016.wav,datasec:DATASEC/Lawn mower brush cutter and olive shaker/Brush cutter/Brush cutter-0021.wav,T3,0.881301,29.500,review
datasec:DATASEC/Music/Music-0467.wav,datasec:DATASEC/Thunder fireworks and gunshot/Fireworks/Fireworks-0056.wav,T3,0.881292,3.000,review
datasec:DATASEC/Lawn mower brush cutter and olive shaker/Brush cutter/Brush cutter-0017.wav,datasec:DATASEC/Lawn mower brush cutter and olive shaker/Brush cutter/Brush cutter-0027.wav,T3,0.881272,44.000,review
datasec:DATASEC/Lawn mower brush cutter and olive shaker/Brush cutter/Brush cutter-0018.wav,datasec:DATASEC/Lawn mower brush cutter and olive shaker/Brush cutter/Brush cutter-0029.wav,T3,0.881222,44.000,review
datasec:DATASEC/Lawn mower brush cutter and olive shaker/Lawn mower/Lawn mower-0008.wav,datasec:DATASEC/Lawn mower brush cutter and olive shaker/Lawn mower/Lawn mower-0020.wav,T3,0.881220,35.000,review
datasec:DATASEC/Voices/Voices-0667.wav,datasec:DATASEC/Voices/Voices-1278.wav,T3,0.881192,4.000,review
datasec:DATASEC/Lawn mower brush cutter and olive shaker/Brush cutter/Brush cutter-0021.wav,datasec:DATASEC/Lawn mower brush cutter and olive shaker/Brush cutter/Brush cutter-0029.wav,T3,0.881179,29.500,review
datasec:DATASEC/Voices/Voices-0581.wav,datasec:DATASEC/Voices/Voices-0644.wav,T3,0.881179,3.000,review
datasec:DATASEC/Voices/Voices-0769.wav,datasec:DATASEC/Voices/Voices-1232.wav,T3,0.881172,3.000,review
datasec:DATASEC/Lawn mower brush cutter and olive shaker/Brush cutter/Brush cutter-0025.wav,datasec:DATASEC/Lawn mower brush cutter and olive shaker/Brush cutter/Brush cutter-0032.wav,T3,0.881144,44.000,review
datasec:DATASEC/Lawn mower brush cutter and olive shaker/Brush cutter/Brush cutter-0017.wav,datasec:DATASEC/Lawn mower brush cutter and olive shaker/Brush cutter/Brush cutter-0032.wav,T3,0.881114,44.000,review
datasec:DATASEC/Voices/Voices-1288.wav,datasec:DATASEC/Voices/Voices-1312.wav,T3,0.881077,3.000,review
datasec:DATASEC/Lawn mower brush cutter and olive shaker/Brush cutter/Brush cutter-0024.wav,datasec:DATASEC/Lawn mower brush cutter and olive shaker/Brush cutter/Brush cutter-0033.wav,T3,0.880881,29.500,review
datasec:DATASEC/Cicadas and crickets/Crickets/Crickets-0001.wav,datasec:DATASEC/Cicadas and crickets/Crickets/Crickets-0004.wav,T3,0.880870,27.000,review
datasec:DATASEC/Lawn mower brush cutter and olive shaker/Brush cutter/Brush cutter-0010.wav,datasec:DATASEC/Lawn mower brush cutter and olive shaker/Brush cutter/Brush cutter-0027.wav,T3,0.880855,44.000,review
datasec:DATASEC/Lawn mower brush cutter and olive shaker/Brush cutter/Brush cutter-0013.wav,datasec:DATASEC/Lawn mower brush cutter and olive shaker/Brush cutter/Brush cutter-0029.wav,T3,0.880841,29.500,review
datasec:DATASEC/Lawn mower brush cutter and olive shaker/Brush cutter/Brush cutter-0020.wav,datasec:DATASEC/Lawn mower brush cutter and olive shaker/Brush cutter/Brush cutter-0025.wav,T3,0.880822,44.000,review
datasec:DATASEC/Music/Music-0029.wav,datasec:DATASEC/Music/Music-0087.wav,T3,0.880797,5.000,review
datasec:DATASEC/Lawn mower brush cutter and olive shaker/Brush cutter/Brush cutter-0013.wav,datasec:DATASEC/Lawn mower brush cutter and olive shaker/Brush cutter/Brush cutter-0016.wav,T3,0.880788,29.500,review
datasec:DATASEC/Lawn mower brush cutter and olive shaker/Brush cutter/Brush cutter-0017.wav,datasec:DATASEC/Lawn mower brush cutter and olive shaker/Brush cutter/Brush cutter-0020.wav,T3,0.880757,44.000,review
datasec:DATASEC/Lawn mower brush cutter and olive shaker/Brush cutter/Brush cutter-0009.wav,datasec:DATASEC/Lawn mower brush cutter and olive shaker/Brush cutter/Brush cutter-0018.wav,T3,0.880703,44.000,review
datasec:DATASEC/Lawn mower brush cutter and olive shaker/Brush cutter/Brush cutter-0024.wav,datasec:DATASEC/Lawn mower brush cutter and olive shaker/Brush cutter/Brush cutter-0028.wav,T3,0.880661,29.500,review
datasec:DATASEC/Lawn mower brush cutter and olive shaker/Brush cutter/Brush cutter-0012.wav,datasec:DATASEC/Lawn mower brush cutter and olive shaker/Brush cutter/Brush cutter-0030.wav,T3,0.880657,44.000,review
datasec:DATASEC/Lawn mower brush cutter and olive shaker/Brush cutter/Brush cutter-0010.wav,datasec:DATASEC/Lawn mower brush cutter and olive shaker/Brush cutter/Brush cutter-0032.wav,T3,0.880629,44.000,review
datasec:DATASEC/Voices/Voices-0329.wav,datasec:DATASEC/Voices/Voices-0433.wav,T3,0.880570,3.500,review
datasec:DATASEC/Lawn mower brush cutter and olive shaker/Brush cutter/Brush cutter-0016.wav,datasec:DATASEC/Lawn mower brush cutter and olive shaker/Brush cutter/Brush cutter-0018.wav,T3,0.880567,44.000,review
datasec:DATASEC/Voices/Voices-1273.wav,datasec:DATASEC/Voices/Voices-1321.wav,T3,0.880561,4.000,review
datasec:DATASEC/Voices/Voices-1259.wav,datasec:DATASEC/Voices/Voices-1267.wav,T3,0.880539,3.000,review
datasec:DATASEC/Glass breaking/Glass breaking-0051.wav,datasec:DATASEC/Glass breaking/Glass breaking-0058.wav,T3,0.880504,3.000,review
datasec:DATASEC/Voices/Voices-0342.wav,datasec:DATASEC/Voices/Voices-0634.wav,T3,0.880431,3.000,review
datasec:DATASEC/Lawn mower brush cutter and olive shaker/Brush cutter/Brush cutter-0010.wav,datasec:DATASEC/Lawn mower brush cutter and olive shaker/Brush cutter/Brush cutter-0020.wav,T3,0.880389,44.000,review
datasec:DATASEC/Lawn mower brush cutter and olive shaker/Brush cutter/Brush cutter-0029.wav,datasec:DATASEC/Lawn mower brush cutter and olive shaker/Brush cutter/Brush cutter-0033.wav,T3,0.880385,29.500,review
datasec:DATASEC/Voices/Voices-1225.wav,datasec:DATASEC/Voices/Voices-1253.wav,T3,0.880382,3.000,review
datasec:DATASEC/Lawn mower brush cutter and olive shaker/Brush cutter/Brush cutter-0026.wav,datasec:DATASEC/Lawn mower brush cutter and olive shaker/Brush cutter/Brush cutter-0029.wav,T3,0.880367,44.000,review
datasec:DATASEC/Voices/Voices-1278.wav,datasec:DATASEC/Voices/Voices-1285.wav,T3,0.880291,7.000,review
datasec:DATASEC/Music/Music-0351.wav,datasec:DATASEC/Music/Music-0352.wav,T3,0.880258,30.000,review
datasec:DATASEC/Lawn mower brush cutter and olive shaker/Brush cutter/Brush cutter-0016.wav,datasec:DATASEC/Lawn mower brush cutter and olive shaker/Brush cutter/Brush cutter-0033.wav,T3,0.880217,29.500,review
datasec:DATASEC/Lawn mower brush cutter and olive shaker/Brush cutter/Brush cutter-0029.wav,datasec:DATASEC/Lawn mower brush cutter and olive shaker/Brush cutter/Brush cutter-0031.wav,T3,0.880213,44.000,review
datasec:DATASEC/Lawn mower brush cutter and olive shaker/Brush cutter/Brush cutter-0011.wav,datasec:DATASEC/Lawn mower brush cutter and olive shaker/Brush cutter/Brush cutter-0029.wav,T3,0.880197,44.000,review
datasec:DATASEC/Glass breaking/Glass breaking-0032.wav,datasec:DATASEC/Glass breaking/Glass breaking-0037.wav,T3,0.880138,4.500,review
datasec:DATASEC/Voices/Voices-1775.wav,datasec:DATASEC/Voices/Voices-1824.wav,T3,0.880122,3.000,review
datasec:DATASEC/Voices/Voices-1321.wav,datasec:DATASEC/Voices/Voices-1337.wav,T3,0.880091,3.500,review
datasec:DATASEC/Voices/Voices-0814.wav,datasec:DATASEC/Voices/Voices-0859.wav,T3,0.880074,3.000,review
datasec:DATASEC/Voices/Voices-0208.wav,datasec:DATASEC/Voices/Voices-0246.wav,T3,0.880033,3.000,review
datasec:DATASEC/Lawn mower brush cutter and olive shaker/Brush cutter/Brush cutter-0009.wav,datasec:DATASEC/Lawn mower brush cutter and olive shaker/Brush cutter/Brush cutter-0021.wav,T3,0.880007,29.500,review
datasec:DATASEC/Lawn mower brush cutter and olive shaker/Brush cutter/Brush cutter-0016.wav,datasec:DATASEC/Lawn mower brush cutter and olive shaker/Brush cutter/Brush cutter-0026.wav,T3,0.880001,44.000,review
datasec:DATASEC/Voices/Voices-0828.wav,datasec:DATASEC/Voices/Voices-0889.wav,T3,0.879994,3.000,review
datasec:DATASEC/Lawn mower brush cutter and olive shaker/Brush cutter/Brush cutter-0028.wav,datasec:DATASEC/Lawn mower brush cutter and olive shaker/Brush cutter/Brush cutter-0029.wav,T3,0.879969,29.500,review
datasec:DATASEC/Music/Music-0178.wav,datasec:DATASEC/Music/Music-0234.wav,T3,0.879949,3.000,review
datasec:DATASEC/Lawn mower brush cutter and olive shaker/Brush cutter/Brush cutter-0018.wav,datasec:DATASEC/Lawn mower brush cutter and olive shaker/Brush cutter/Brush cutter-0024.wav,T3,0.879946,44.000,review
datasec:DATASEC/Lawn mower brush cutter and olive shaker/Brush cutter/Brush cutter-0012.wav,datasec:DATASEC/Lawn mower brush cutter and olive shaker/Brush cutter/Brush cutter-0025.wav,T3,0.879935,44.000,review
datasec:DATASEC/Lawn mower brush cutter and olive shaker/Brush cutter/Brush cutter-0016.wav,datasec:DATASEC/Lawn mower brush cutter and olive shaker/Brush cutter/Brush cutter-0028.wav,T3,0.879918,29.500,review
datasec:DATASEC/Lawn mower brush cutter and olive shaker/Brush cutter/Brush cutter-0009.wav,datasec:DATASEC/Lawn mower brush cutter and olive shaker/Brush cutter/Brush cutter-0026.wav,T3,0.879871,44.000,review
datasec:DATASEC/Lawn mower brush cutter and olive shaker/Brush cutter/Brush cutter-0012.wav,datasec:DATASEC/Lawn mower brush cutter and olive shaker/Brush cutter/Brush cutter-0017.wav,T3,0.879822,44.000,review
datasec:DATASEC/Voices/Voices-1312.wav,datasec:DATASEC/Voices/Voices-1336.wav,T3,0.879807,3.000,review
datasec:DATASEC/Glass breaking/Glass breaking-0030.wav,datasec:DATASEC/Glass breaking/Glass breaking-0031.wav,T3,0.879756,26.500,review
datasec:DATASEC/Lawn mower brush cutter and olive shaker/Brush cutter/Brush cutter-0011.wav,datasec:DATASEC/Lawn mower brush cutter and olive shaker/Brush cutter/Brush cutter-0016.wav,T3,0.879748,44.000,review
datasec:DATASEC/Voices/Voices-0644.wav,datasec:DATASEC/Voices/Voices-0677.wav,T3,0.879737,3.500,review
datasec:DATASEC/Music/Music-0812.wav,datasec:DATASEC/Music/Music-0862.wav,T3,0.879710,30.000,review
datasec:DATASEC/Lawn mower brush cutter and olive shaker/Brush cutter/Brush cutter-0009.wav,datasec:DATASEC/Lawn mower brush cutter and olive shaker/Brush cutter/Brush cutter-0011.wav,T3,0.879676,44.000,review
datasec:DATASEC/Lawn mower brush cutter and olive shaker/Brush cutter/Brush cutter-0016.wav,datasec:DATASEC/Lawn mower brush cutter and olive shaker/Brush cutter/Brush cutter-0031.wav,T3,0.879668,44.000,review
datasec:DATASEC/Lawn mower brush cutter and olive shaker/Brush cutter/Brush cutter-0009.wav,datasec:DATASEC/Lawn mower brush cutter and olive shaker/Brush cutter/Brush cutter-0013.wav,T3,0.879667,29.500,review
datasec:DATASEC/Voices/Voices-0651.wav,datasec:DATASEC/Voices/Voices-0677.wav,T3,0.879650,3.500,review
datasec:DATASEC/Lawn mower brush cutter and olive shaker/Brush cutter/Brush cutter-0009.wav,datasec:DATASEC/Lawn mower brush cutter and olive shaker/Brush cutter/Brush cutter-0031.wav,T3,0.879648,44.000,review
datasec:DATASEC/Voices/Voices-1787.wav,datasec:DATASEC/Voices/Voices-1824.wav,T3,0.879569,3.000,review
datasec:DATASEC/Workshop/drill/drill-0004.wav,datasec:DATASEC/Workshop/drill/drill-0011.wav,T3,0.879476,3.000,review
datasec:DATASEC/Lawn mower brush cutter and olive shaker/Brush cutter/Brush cutter-0010.wav,datasec:DATASEC/Lawn mower brush cutter and olive shaker/Brush cutter/Brush cutter-0012.wav,T3,0.879473,44.000,review
datasec:DATASEC/Voices/Voices-1277.wav,datasec:DATASEC/Voices/Voices-1329.wav,T3,0.879451,3.000,review
datasec:DATASEC/Voices/Voices-0568.wav,datasec:DATASEC/Voices/Voices-1401.wav,T3,0.879450,3.000,review
datasec:DATASEC/Voices/Voices-1014.wav,datasec:DATASEC/Voices/Voices-1016.wav,T3,0.879445,4.500,review
datasec:DATASEC/Lawn mower brush cutter and olive shaker/Brush cutter/Brush cutter-0030.wav,datasec:DATASEC/Lawn mower brush cutter and olive shaker/Brush cutter/Brush cutter-0035.wav,T3,0.879383,44.000,review
datasec:DATASEC/Lawn mower brush cutter and olive shaker/Brush cutter/Brush cutter-0024.wav,datasec:DATASEC/Lawn mower brush cutter and olive shaker/Brush cutter/Brush cutter-0026.wav,T3,0.879348,44.000,review
datasec:DATASEC/Music/Music-0361.wav,datasec:DATASEC/Music/Music-0835.wav,T3,0.879322,3.000,review
datasec:DATASEC/Voices/Voices-1275.wav,datasec:DATASEC/Voices/Voices-1322.wav,T3,0.879256,3.000,review
datasec:DATASEC/Voices/Voices-1817.wav,datasec:DATASEC/Voices/Voices-1824.wav,T3,0.879199,3.000,review
datasec:DATASEC/Music/Music-0120.wav,datasec:DATASEC/Music/Music-0467.wav,T3,0.879147,3.000,review
datasec:DATASEC/Music/Music-0087.wav,datasec:DATASEC/Music/Music-0178.wav,T3,0.879125,3.000,review
datasec:DATASEC/Lawn mower brush cutter and olive shaker/Brush cutter/Brush cutter-0009.wav,datasec:DATASEC/Lawn mower brush cutter and olive shaker/Brush cutter/Brush cutter-0033.wav,T3,0.879122,29.500,review
datasec:DATASEC/Lawn mower brush cutter and olive shaker/Brush cutter/Brush cutter-0024.wav,datasec:DATASEC/Lawn mower brush cutter and olive shaker/Brush cutter/Brush cutter-0031.wav,T3,0.879114,44.000,review
datasec:DATASEC/Voices/Voices-1273.wav,datasec:DATASEC/Voices/Voices-1308.wav,T3,0.879076,3.000,review
datasec:DATASEC/Voices/Voices-0954.wav,datasec:DATASEC/Voices/Voices-0990.wav,T3,0.879000,3.000,review
datasec:DATASEC/Lawn mower brush cutter and olive shaker/Brush cutter/Brush cutter-0011.wav,datasec:DATASEC/Lawn mower brush cutter and olive shaker/Brush cutter/Brush cutter-0024.wav,T3,0.878947,44.000,review
datasec:DATASEC/Lawn mower brush cutter and olive shaker/Brush cutter/Brush cutter-0015.wav,datasec:DATASEC/Lawn mower brush cutter and olive shaker/Brush cutter/Brush cutter-0030.wav,T3,0.878916,44.000,review
datasec:DATASEC/Voices/Voices-0327.wav,datasec:DATASEC/Voices/Voices-0413.wav,T3,0.878866,3.000,review
datasec:DATASEC/Cicadas and crickets/Cicadas/Cicadas-0008.wav,datasec:DATASEC/Cicadas and crickets/Cicadas/Cicadas-0010.wav,T3,0.878858,6.000,review
datasec:DATASEC/Cicadas and crickets/Cicadas/Cicadas-0009.wav,datasec:DATASEC/Cicadas and crickets/Cicadas/Cicadas-0010.wav,T3,0.878828,10.000,review
datasec:DATASEC/Lawn mower brush cutter and olive shaker/Brush cutter/Brush cutter-0019.wav,datasec:DATASEC/Lawn mower brush cutter and olive shaker/Brush cutter/Brush cutter-0030.wav,T3,0.878781,44.000,review
datasec:DATASEC/Music/Music-0110.wav,datasec:DATASEC/Music/Music-0891.wav,T3,0.878769,5.000,review
datasec:DATASEC/Voices/Voices-1232.wav,datasec:DATASEC/Voices/Voices-1776.wav,T3,0.878709,3.000,review
datasec:DATASEC/Voices/Voices-1006.wav,datasec:DATASEC/Voices/Voices-1015.wav,T3,0.878708,3.000,review
datasec:DATASEC/Voices/Voices-1312.wav,datasec:DATASEC/Voices/Voices-1316.wav,T3,0.878698,3.000,review
datasec:DATASEC/Lawn mower brush cutter and olive shaker/Brush cutter/Brush cutter-0021.wav,datasec:DATASEC/Lawn mower brush cutter and olive shaker/Brush cutter/Brush cutter-0023.wav,T3,0.878672,44.000,review
datasec:DATASEC/Lawn mower brush cutter and olive shaker/Brush cutter/Brush cutter-0009.wav,datasec:DATASEC/Lawn mower brush cutter and olive shaker/Brush cutter/Brush cutter-0028.wav,T3,0.878615,29.500,review
datasec:DATASEC/Voices/Voices-0643.wav,datasec:DATASEC/Voices/Voices-1262.wav,T3,0.878609,3.000,review
datasec:DATASEC/Voices/Voices-1304.wav,datasec:DATASEC/Voices/Voices-1318.wav,T3,0.878563,3.500,review
datasec:DATASEC/Voices/Voices-1266.wav,datasec:DATASEC/Voices/Voices-1411.wav,T3,0.878539,3.000,review
datasec:DATASEC/Voices/Voices-1285.wav,datasec:DATASEC/Voices/Voices-1312.wav,T3,0.878536,3.000,review
datasec:DATASEC/Voices/Voices-0342.wav,datasec:DATASEC/Voices/Voices-0370.wav,T3,0.878524,3.000,review
datasec:DATASEC/Cicadas and crickets/Cicadas/Cicadas-0048.wav,datasec:DATASEC/Cicadas and crickets/Cicadas/Cicadas-0050.wav,T3,0.878508,12.000,review
datasec:DATASEC/Lawn mower brush cutter and olive shaker/Brush cutter/Brush cutter-0021.wav,datasec:DATASEC/Lawn mower brush cutter and olive shaker/Brush cutter/Brush cutter-0035.wav,T3,0.878465,44.000,review
datasec:DATASEC/Voices/Voices-0791.wav,datasec:DATASEC/Voices/Voices-0840.wav,T3,0.878427,3.000,review
datasec:DATASEC/Music/Music-0125.wav,datasec:DATASEC/Music/Music-0225.wav,T3,0.878411,24.500,review
datasec:DATASEC/Lawn mower brush cutter and olive shaker/Brush cutter/Brush cutter-0023.wav,datasec:DATASEC/Lawn mower brush cutter and olive shaker/Brush cutter/Brush cutter-0028.wav,T3,0.878408,44.000,review
datasec:DATASEC/Lawn mower brush cutter and olive shaker/Brush cutter/Brush cutter-0023.wav,datasec:DATASEC/Lawn mower brush cutter and olive shaker/Brush cutter/Brush cutter-0030.wav,T3,0.878371,44.000,review
datasec:DATASEC/Voices/Voices-0208.wav,datasec:DATASEC/Voices/Voices-0231.wav,T3,0.878336,3.000,review
datasec:DATASEC/Propeller aircrafts/Helicopters/Helicopters-0050.wav,datased:DataSED - DataSED - Dataset for Sound Event Detection of environmental noise/SED_wav/S-0594.wav,T3,0.878291,10.500,review
datasec:DATASEC/Lawn mower brush cutter and olive shaker/Brush cutter/Brush cutter-0015.wav,datasec:DATASEC/Lawn mower brush cutter and olive shaker/Brush cutter/Brush cutter-0021.wav,T3,0.878278,44.000,review
datasec:DATASEC/Lawn mower brush cutter and olive shaker/Brush cutter/Brush cutter-0028.wav,datasec:DATASEC/Lawn mower brush cutter and olive shaker/Brush cutter/Brush cutter-0035.wav,T3,0.878245,44.000,review
datasec:DATASEC/Voices/Voices-1253.wav,datasec:DATASEC/Voices/Voices-1824.wav,T3,0.878165,3.000,review
datasec:DATASEC/Thunder fireworks and gunshot/Fireworks/Fireworks-0067.wav,datasec:DATASEC/Voices/Voices-1232.wav,T3,0.878156,3.000,review
datasec:DATASEC/Cicadas and crickets/Cicadas/Cicadas-0042.wav,datasec:DATASEC/Cicadas and crickets/Cicadas/Cicadas-0048.wav,T3,0.878112,4.000,review
datasec:DATASEC/Lawn mower brush cutter and olive shaker/Brush cutter/Brush cutter-0019.wav,datasec:DATASEC/Lawn mower brush cutter and olive shaker/Brush cutter/Brush cutter-0021.wav,T3,0.878103,44.000,review
datasec:DATASEC/Lawn mower brush cutter and olive shaker/Brush cutter/Brush cutter-0025.wav,datasec:DATASEC/Lawn mower brush cutter and olive shaker/Brush cutter/Brush cutter-0035.wav,T3,0.878089,44.000,review
datasec:DATASEC/Music/Music-0234.wav,datasec:DATASEC/Music/Music-0891.wav,T3,0.878069,5.000,review
datasec:DATASEC/Lawn mower brush cutter and olive shaker/Brush cutter/Brush cutter-0015.wav,datasec:DATASEC/Lawn mower brush cutter and olive shaker/Brush cutter/Brush cutter-0028.wav,T3,0.878065,44.000,review
datasec:DATASEC/Voices/Voices-1282.wav,datasec:DATASEC/Voices/Voices-1309.wav,T3,0.878055,3.500,review
datasec:DATASEC/Cicadas and crickets/Cicadas/Cicadas-0006.wav,datasec:DATASEC/Cicadas and crickets/Cicadas/Cicadas-0048.wav,T3,0.878048,3.500,review
datasec:DATASEC/Lawn mower brush cutter and olive shaker/Brush cutter/Brush cutter-0010.wav,datasec:DATASEC/Lawn mower brush cutter and olive shaker/Brush cutter/Brush cutter-0035.wav,T3,0.877995,44.000,review
datasec:DATASEC/Lawn mower brush cutter and olive shaker/Brush cutter/Brush cutter-0019.wav,datasec:DATASEC/Lawn mower brush cutter and olive shaker/Brush cutter/Brush cutter-0028.wav,T3,0.877954,44.000,review
datasec:DATASEC/Lawn mower brush cutter and olive shaker/Brush cutter/Brush cutter-0015.wav,datasec:DATASEC/Lawn mower brush cutter and olive shaker/Brush cutter/Brush cutter-0025.wav,T3,0.877942,44.000,review
datasec:DATASEC/Glass breaking/Glass breaking-0030.wav,datasec:DATASEC/Glass breaking/Glass breaking-0032.wav,T3,0.877896,6.000,review
datasec:DATASEC/Lawn mower brush cutter and olive shaker/Brush cutter/Brush cutter-0023.wav,datasec:DATASEC/Lawn mower brush cutter and olive shaker/Brush cutter/Brush cutter-0033.wav,T3,0.877880,44.000,review
datasec:DATASEC/Voices/Voices-1232.wav,datasec:DATASEC/Voices/Voices-1775.wav,T3,0.877859,3.000,review
datasec:DATASEC/Voices/Voices-1374.wav,datasec:DATASEC/Voices/Voices-1380.wav,T3,0.877857,4.000,review
datasec:DATASEC/Voices/Voices-0840.wav,datasec:DATASEC/Voices/Voices-0978.wav,T3,0.877814,3.000,review
datasec:DATASEC/Voices/Voices-0413.wav,datasec:DATASEC/Voices/Voices-0677.wav,T3,0.877783,3.500,review
datasec:DATASEC/Music/Music-0110.wav,datasec:DATASEC/Music/Music-0178.wav,T3,0.877778,3.000,review
datasec:DATASEC/Lawn mower brush cutter and olive shaker/Brush cutter/Brush cutter-0033.wav,datasec:DATASEC/Lawn mower brush cutter and olive shaker/Brush cutter/Brush cutter-0035.wav,T3,0.877775,44.000,review
datasec:DATASEC/Voices/Voices-1262.wav,datasec:DATASEC/Voices/Voices-1800.wav,T3,0.877771,3.000,review
datasec:DATASEC/Voices/Voices-1246.wav,datasec:DATASEC/Voices/Voices-1259.wav,T3,0.877754,3.000,review
datasec:DATASEC/Lawn mower brush cutter and olive shaker/Brush cutter/Brush cutter-0013.wav,datasec:DATASEC/Lawn mower brush cutter and olive shaker/Brush cutter/Brush cutter-0023.wav,T3,0.877745,44.000,review
datasec:DATASEC/Voices/Voices-1278.wav,datasec:DATASEC/Voices/Voices-1329.wav,T3,0.877713,4.000,review
datasec:DATASEC/Lawn mower brush cutter and olive shaker/Brush cutter/Brush cutter-0017.wav,datasec:DATASEC/Lawn mower brush cutter and olive shaker/Brush cutter/Brush cutter-0035.wav,T3,0.877645,44.000,review
datasec:DATASEC/Lawn mower brush cutter and olive shaker/Brush cutter/Brush cutter-0015.wav,datasec:DATASEC/Lawn mower brush cutter and olive shaker/Brush cutter/Brush cutter-0033.wav,T3,0.877602,44.000,review
datasec:DATASEC/Lawn mower brush cutter and olive shaker/Brush cutter/Brush cutter-0013.wav,datasec:DATASEC/Lawn mower brush cutter and olive shaker/Brush cutter/Brush cutter-0035.wav,T3,0.877586,44.000,review
datasec:DATASEC/Lawn mower brush cutter and olive shaker/Brush cutter/Brush cutter-0010.wav,datasec:DATASEC/Lawn mower brush cutter and olive shaker/Brush cutter/Brush cutter-0015.wav,T3,0.877572,44.000,review
datasec:DATASEC/Voices/Voices-0425.wav,datasec:DATASEC/Voices/Voices-1241.wav,T3,0.877572,3.000,review
datasec:DATASEC/Voices/Voices-1282.wav,datasec:DATASEC/Voices/Voices-1329.wav,T3,0.877567,3.500,review
datasec:DATASEC/Voices/Voices-1380.wav,datasec:DATASEC/Voices/Voices-1411.wav,T3,0.877563,5.500,review
datasec:DATASEC/Music/Music-0178.wav,datasec:DATASEC/Music/Music-0630.wav,T3,0.877549,3.000,review
datasec:DATASEC/Lawn mower brush cutter and olive shaker/Brush cutter/Brush cutter-0019.wav,datasec:DATASEC/Lawn mower brush cutter and olive shaker/Brush cutter/Brush cutter-0025.wav,T3,0.877484,44.000,review
datasec:DATASEC/Voices/Voices-0667.wav,datasec:DATASEC/Voices/Voices-1819.wav,T3,0.877438,3.000,review
datasec:DATASEC/Voices/Voices-1206.wav,datasec:DATASEC/Voices/Voices-1224.wav,T3,0.877428,3.000,review
datasec:DATASEC/Lawn mower brush cutter and olive shaker/Brush cutter/Brush cutter-0010.wav,datasec:DATASEC/Lawn mower brush cutter and olive shaker/Brush cutter/Brush cutter-0019.wav,T3,0.877417,44.000,review
datasec:DATASEC/Music/Music-0037.wav,datasec:DATASEC/Music/Music-0891.wav,T3,0.877416,5.000,review
datasec:DATASEC/Lawn mower brush cutter and olive shaker/Brush cutter/Brush cutter-0015.wav,datasec:DATASEC/Lawn mower brush cutter and olive shaker/Brush cutter/Brush cutter-0017.wav,T3,0.877399,44.000,review
datasec:DATASEC/Voices/Voices-0313.wav,datasec:DATASEC/Voices/Voices-0377.wav,T3,0.877353,3.000,review
datasec:DATASEC/Music/Music-0087.wav,datasec:DATASEC/Music/Music-0234.wav,T3,0.877345,5.000,review
datasec:DATASEC/Voices/Voices-1246.wav,datasec:DATASEC/Voices/Voices-1266.wav,T3,0.877345,4.000,review
datasec:DATASEC/Voices/Voices-0637.wav,datasec:DATASEC/Voices/Voices-0651.wav,T3,0.877303,4.000,review
datasec:DATASEC/Voices/Voices-1285.wav,datasec:DATASEC/Voices/Voices-1337.wav,T3,0.877295,3.000,review
datasec:DATASEC/Lawn mower brush cutter and olive shaker/Brush cutter/Brush cutter-0023.wav,datasec:DATASEC/Lawn mower brush cutter and olive shaker/Brush cutter/Brush cutter-0025.wav,T3,0.877272,44.000,review
datasec:DATASEC/Lawn mower brush cutter and olive shaker/Brush cutter/Brush cutter-0019.wav,datasec:DATASEC/Lawn mower brush cutter and olive shaker/Brush cutter/Brush cutter-0033.wav,T3,0.877257,44.000,review
datasec:DATASEC/Vehicle idling/motorbike idling/motorbike idling-0001.wav,datasec:DATASEC/Vehicle idling/motorbike idling/motorbike idling-0012.wav,T3,0.877251,7.000,review
datasec:DATASEC/Voices/Voices-1323.wav,datasec:DATASEC/Voices/Voices-1336.wav,T3,0.877230,4.500,review
datasec:DATASEC/Voices/Voices-0648.wav,datasec:DATASEC/Voices/Voices-1262.wav,T3,0.877190,3.000,review
datasec:DATASEC/Lawn mower brush cutter and olive shaker/Brush cutter/Brush cutter-0013.wav,datasec:DATASEC/Lawn mower brush cutter and olive shaker/Brush cutter/Brush cutter-0015.wav,T3,0.877181,44.000,review
datasec:DATASEC/Voices/Voices-0374.wav,datasec:DATASEC/Voices/Voices-0413.wav,T3,0.877149,3.000,review
datasec:DATASEC/Voices/Voices-1273.wav,datasec:DATASEC/Voices/Voices-1309.wav,T3,0.877118,3.000,review
datasec:DATASEC/Lawn mower brush cutter and olive shaker/Brush cutter/Brush cutter-0013.wav,datasec:DATASEC/Lawn mower brush cutter and olive shaker/Brush cutter/Brush cutter-0019.wav,T3,0.877078,44.000,review
datasec:DATASEC/Lawn mower brush cutter and olive shaker/Brush cutter/Brush cutter-0017.wav,datasec:DATASEC/Lawn mower brush cutter and olive shaker/Brush cutter/Brush cutter-0019.wav,T3,0.877063,44.000,review
datased:DataSED - DataSED - Dataset for Sound Event Detection of environmental noise/SED_wav/S-0039.wav,datased:DataSED - DataSED - Dataset for Sound Event Detection of environmental noise/SED_wav/S-0275.wav,T3,0.877062,22.500,review
datasec:DATASEC/Lawn mower brush cutter and olive shaker/Brush cutter/Brush cutter-0010.wav,datasec:DATASEC/Lawn mower brush cutter and olive shaker/Brush cutter/Brush cutter-0023.wav,T3,0.877045,44.000,review
datasec:DATASEC/Voices/Voices-1288.wav,datasec:DATASEC/Voices/Voices-1324.wav,T3,0.877035,3.500,review
datasec:DATASEC/Voices/Voices-1232.wav,datasec:DATASEC/Voices/Voices-1824.wav,T3,0.876988,3.000,review
datasec:DATASEC/Voices/Voices-0342.wav,datasec:DATASEC/Voices/Voices-1775.wav,T3,0.876985,3.000,review
datasec:DATASEC/Thunder fireworks and gunshot/Fireworks/Fireworks-0036.wav,datasec:DATASEC/Thunder fireworks and gunshot/Fireworks/Fireworks-0068.wav,T3,0.876984,3.000,review
datasec:DATASEC/Voices/Voices-1225.wav,datasec:DATASEC/Voices/Voices-1262.wav,T3,0.876984,3.000,review
datasec:DATASEC/Voices/Voices-0840.wav,datasec:DATASEC/Voices/Voices-0874.wav,T3,0.876950,3.000,review
datasec:DATASEC/Lawn mower brush cutter and olive shaker/Brush cutter/Brush cutter-0017.wav,datasec:DATASEC/Lawn mower brush cutter and olive shaker/Brush cutter/Brush cutter-0023.wav,T3,0.876930,44.000,review
datasec:DATASEC/Voices/Voices-0370.wav,datasec:DATASEC/Voices/Voices-0648.wav,T3,0.876889,3.500,review
datasec:DATASEC/Voices/Voices-1266.wav,datasec:DATASEC/Voices/Voices-1777.wav,T3,0.876838,3.000,review
datasec:DATASEC/Voices/Voices-0200.wav,datasec:DATASEC/Voices/Voices-1232.wav,T3,0.876780,3.000,review
datasec:DATASEC/Voices/Voices-0826.wav,datasec:DATASEC/Voices/Voices-0853.wav,T3,0.876767,3.000,review
datasec:DATASEC/Voices/Voices-0915.wav,datasec:DATASEC/Voices/Voices-1015.wav,T3,0.876737,3.000,review
datasec:DATASEC/Music/Music-0891.wav,datasec:DATASEC/Thunder fireworks and gunshot/Fireworks/Fireworks-0056.wav,T3,0.876717,3.000,review
datasec:DATASEC/Voices/Voices-1374.wav,datasec:DATASEC/Voices/Voices-1676.wav,T3,0.876710,3.000,review
datasec:DATASEC/Glass breaking/Glass breaking-0042.wav,datasec:DATASEC/Glass breaking/Glass breaking-0055.wav,T3,0.876684,5.500,review
datasec:DATASEC/Voices/Voices-0644.wav,datasec:DATASEC/Voices/Voices-1775.wav,T3,0.876624,3.500,review
datasec:DATASEC/Music/Music-0390.wav,datasec:DATASEC/Music/Music-0835.wav,T3,0.876608,3.000,review
datasec:DATASEC/Voices/Voices-0329.wav,datasec:DATASEC/Voices/Voices-0441.wav,T3,0.876576,3.000,review
datasec:DATASEC/Glass breaking/Glass breaking-0036.wav,datasec:DATASEC/Glass breaking/Glass breaking-0040.wav,T3,0.876542,31.000,review
datasec:DATASEC/Voices/Voices-1273.wav,datasec:DATASEC/Voices/Voices-1328.wav,T3,0.876526,3.000,review
datasec:DATASEC/Voices/Voices-1015.wav,datasec:DATASEC/Voices/Voices-1032.wav,T3,0.876453,3.000,review
datasec:DATASEC/Voices/Voices-1225.wav,datasec:DATASEC/Voices/Voices-1266.wav,T3,0.876416,3.000,review
datasec:DATASEC/Voices/Voices-1252.wav,datasec:DATASEC/Voices/Voices-1262.wav,T3,0.876401,3.500,review
datasec:DATASEC/Voices/Voices-0826.wav,datasec:DATASEC/Voices/Voices-0828.wav,T3,0.876377,3.500,review
datasec:DATASEC/Voices/Voices-1322.wav,datasec:DATASEC/Voices/Voices-1323.wav,T3,0.876347,3.000,review
datasec:DATASEC/Voices/Voices-0814.wav,datasec:DATASEC/Voices/Voices-0828.wav,T3,0.876202,3.000,review
datasec:DATASEC/Music/Music-0087.wav,datasec:DATASEC/Music/Music-0965.wav,T3,0.876182,4.000,review
datasec:DATASEC/Music/Music-0178.wav,datasec:DATASEC/Music/Music-0225.wav,T3,0.876100,3.000,review
datasec:DATASEC/Voices/Voices-1293.wav,datasec:DATASEC/Voices/Voices-1312.wav,T3,0.876097,3.000,review
datasec:DATASEC/Music/Music-0225.wav,datasec:DATASEC/Music/Music-0328.wav,T3,0.876057,4.500,review
datasec:DATASEC/Voices/Voices-0634.wav,datasec:DATASEC/Voices/Voices-0648.wav,T3,0.876045,4.000,review
datasec:DATASEC/Voices/Voices-0978.wav,datasec:DATASEC/Voices/Voices-1014.wav,T3,0.875941,3.000,review
datasec:DATASEC/Voices/Voices-1262.wav,datasec:DATASEC/Voices/Voices-1824.wav,T3,0.875940,3.000,review
datasec:DATASEC/Voices/Voices-0404.wav,datasec:DATASEC/Voices/Voices-0648.wav,T3,0.875748,3.000,review
datasec:DATASEC/Voices/Voices-0403.wav,datasec:DATASEC/Voices/Voices-0433.wav,T3,0.875740,3.000,review
datasec:DATASEC/Voices/Voices-1206.wav,datasec:DATASEC/Voices/Voices-1250.wav,T3,0.875732,3.000,review
datasec:DATASEC/Voices/Voices-1312.wav,datasec:DATASEC/Voices/Voices-1337.wav,T3,0.875730,3.000,review
datasec:DATASEC/Voices/Voices-0394.wav,datasec:DATASEC/Voices/Voices-0433.wav,T3,0.875631,4.500,review
datasec:DATASEC/Voices/Voices-0342.wav,datasec:DATASEC/Voices/Voices-1819.wav,T3,0.875616,3.000,review
datasec:DATASEC/Voices/Voices-0840.wav,datasec:DATASEC/Voices/Voices-0896.wav,T3,0.875579,4.500,review
datasec:DATASEC/Voices/Voices-0853.wav,datasec:DATASEC/Voices/Voices-1411.wav,T3,0.875509,3.000,review
datasec:DATASEC/Music/Music-0168.wav,datasec:DATASEC/Music/Music-0385.wav,T3,0.875458,3.000,review
datasec:DATASEC/Voices/Voices-1206.wav,datasec:DATASEC/Voices/Voices-1824.wav,T3,0.875447,3.000,review
datasec:DATASEC/Voices/Voices-0840.wav,datasec:DATASEC/Voices/Voices-1401.wav,T3,0.875438,3.000,review
datasec:DATASEC/Voices/Voices-1308.wav,datasec:DATASEC/Voices/Voices-1323.wav,T3,0.875415,3.000,review
datasec:DATASEC/Voices/Voices-1288.wav,datasec:DATASEC/Voices/Voices-1302.wav,T3,0.875407,3.500,review
datasec:DATASEC/Glass breaking/Glass breaking-0044.wav,datasec:DATASEC/Glass breaking/Glass breaking-0082.wav,T3,0.875390,3.000,review
datasec:DATASEC/Voices/Voices-1304.wav,datasec:DATASEC/Voices/Voices-1329.wav,T3,0.875340,3.500,review
datasec:DATASEC/Voices/Voices-1225.wav,datasec:DATASEC/Voices/Voices-1250.wav,T3,0.875193,3.000,review
datasec:DATASEC/Voices/Voices-0990.wav,datasec:DATASEC/Voices/Voices-1016.wav,T3,0.875080,5.000,review
datasec:DATASEC/Glass breaking/Glass breaking-0042.wav,datasec:DATASEC/Glass breaking/Glass breaking-0077.wav,T3,0.875060,4.000,review
datasec:DATASEC/Voices/Voices-0651.wav,datasec:DATASEC/Voices/Voices-0667.wav,T3,0.874966,3.500,review
datasec:DATASEC/Dog barkings and howlings/Dog barkings and howlings-0004.wav,datasec:DATASEC/Dog barkings and howlings/Dog barkings and howlings-0005.wav,T3,0.874956,8.500,review
datasec:DATASEC/Voices/Voices-0828.wav,datasec:DATASEC/Voices/Voices-0874.wav,T3,0.874890,3.000,review
datasec:DATASEC/Voices/Voices-0637.wav,datasec:DATASEC/Voices/Voices-0640.wav,T3,0.874822,4.000,review
datasec:DATASEC/Voices/Voices-0264.wav,datasec:DATASEC/Voices/Voices-0433.wav,T3,0.874806,4.000,review
datasec:DATASEC/Glass breaking/Glass breaking-0032.wav,datasec:DATASEC/Glass breaking/Glass breaking-0039.wav,T3,0.874794,3.000,review
datasec:DATASEC/Voices/Voices-0978.wav,datasec:DATASEC/Voices/Voices-0987.wav,T3,0.874762,3.000,review
datasec:DATASEC/Voices/Voices-1321.wav,datasec:DATASEC/Voices/Voices-1329.wav,T3,0.874671,4.000,review
datasec:DATASEC/Music/Music-0120.wav,datased:DataSED - DataSED - Dataset for Sound Event Detection of environmental noise/SED_wav/S-0606.wav,T3,0.874637,4.000,review
datasec:DATASEC/Music/Music-0120.wav,datased:DataSED - DataSED - Dataset for Sound Event Detection of environmental noise/SED_wav/S-0622.wav,T3,0.874637,4.000,review
datasec:DATASEC/Voices/Voices-1380.wav,datasec:DATASEC/Voices/Voices-1416.wav,T3,0.874599,3.000,review
datasec:DATASEC/Music/Music-0120.wav,datasec:DATASEC/Music/Music-0125.wav,T3,0.874554,4.000,review
datasec:DATASEC/Voices/Voices-0999.wav,datasec:DATASEC/Voices/Voices-1006.wav,T3,0.874530,3.500,review
datasec:DATASEC/Voices/Voices-0769.wav,datasec:DATASEC/Voices/Voices-0774.wav,T3,0.874500,3.000,review
datasec:DATASEC/Thunder fireworks and gunshot/Fireworks/Fireworks-0036.wav,datasec:DATASEC/Thunder fireworks and gunshot/Fireworks/Fireworks-0037.wav,T3,0.874474,4.500,review
datasec:DATASEC/Music/Music-0168.wav,datased:DataSED - DataSED - Dataset for Sound Event Detection of environmental noise/SED_wav/S-0606.wav,T3,0.874439,3.000,review
datasec:DATASEC/Music/Music-0168.wav,datased:DataSED - DataSED - Dataset for Sound Event Detection of environmental noise/SED_wav/S-0622.wav,T3,0.874439,3.000,review
datasec:DATASEC/Voices/Voices-0433.wav,datasec:DATASEC/Voices/Voices-0651.wav,T3,0.874386,3.500,review
datasec:DATASEC/Music/Music-0168.wav,datasec:DATASEC/Music/Music-0225.wav,T3,0.874370,3.000,review
datasec:DATASEC/Glass breaking/Glass breaking-0046.wav,datasec:DATASEC/Glass breaking/Glass breaking-0050.wav,T3,0.874359,4.500,review
datasec:DATASEC/Voices/Voices-1273.wav,datasec:DATASEC/Voices/Voices-1316.wav,T3,0.874321,3.000,review
datasec:DATASEC/Music/Music-0037.wav,datasec:DATASEC/Music/Music-0841.wav,T3,0.874221,3.000,review
datasec:DATASEC/Voices/Voices-1278.wav,datasec:DATASEC/Voices/Voices-1304.wav,T3,0.874218,5.000,review
datasec:DATASEC/Voices/Voices-1288.wav,datasec:DATASEC/Voices/Voices-1318.wav,T3,0.874191,3.000,review
datasec:DATASEC/Music/Music-0328.wav,datasec:DATASEC/Music/Music-0841.wav,T3,0.874181,5.000,review
datasec:DATASEC/Cicadas and crickets/Cicadas/Cicadas-0048.wav,datasec:DATASEC/Cicadas and crickets/Cicadas/Cicadas-0049.wav,T3,0.874137,3.500,review
datasec:DATASEC/Voices/Voices-1308.wav,datasec:DATASEC/Voices/Voices-1328.wav,T3,0.874027,4.500,review
datasec:DATASEC/Voices/Voices-1321.wav,datasec:DATASEC/Voices/Voices-1322.wav,T3,0.874017,4.000,review
datasec:DATASEC/Voices/Voices-0374.wav,datasec:DATASEC/Voices/Voices-0651.wav,T3,0.874016,3.000,review
datasec:DATASEC/Music/Music-0110.wav,datasec:DATASEC/Music/Music-0127.wav,T3,0.873940,5.000,review
datasec:DATASEC/Music/Music-0835.wav,datased:DataSED - DataSED - Dataset for Sound Event Detection of environmental noise/SED_wav/S-0606.wav,T3,0.873928,3.000,review
datasec:DATASEC/Music/Music-0835.wav,datased:DataSED - DataSED - Dataset for Sound Event Detection of environmental noise/SED_wav/S-0622.wav,T3,0.873928,3.000,review
datasec:DATASEC/Music/Music-0033.wav,datasec:DATASEC/Music/Music-0198.wav,T3,0.873915,3.500,review
datasec:DATASEC/Voices/Voices-0374.wav,datasec:DATASEC/Voices/Voices-1801.wav,T3,0.873896,3.000,review
datasec:DATASEC/Glass breaking/Glass breaking-0034.wav,datasec:DATASEC/Glass breaking/Glass breaking-0040.wav,T3,0.873807,56.000,review
datasec:DATASEC/Glass breaking/Glass breaking-0075.wav,datasec:DATASEC/Glass breaking/Glass breaking-0079.wav,T3,0.873734,6.000,review
datasec:DATASEC/Voices/Voices-0814.wav,datasec:DATASEC/Voices/Voices-0840.wav,T3,0.873665,3.000,review
datasec:DATASEC/Voices/Voices-0826.wav,datasec:DATASEC/Voices/Voices-0896.wav,T3,0.873631,4.000,review
datasec:DATASEC/Voices/Voices-1232.wav,datasec:DATASEC/Voices/Voices-1278.wav,T3,0.873568,3.000,review
datasec:DATASEC/Voices/Voices-0276.wav,datasec:DATASEC/Voices/Voices-1812.wav,T3,0.873543,3.000,review
datasec:DATASEC/Voices/Voices-1288.wav,datasec:DATASEC/Voices/Voices-1322.wav,T3,0.873541,3.500,review
datasec:DATASEC/Voices/Voices-1282.wav,datasec:DATASEC/Voices/Voices-1288.wav,T3,0.873537,3.000,review
datasec:DATASEC/Music/Music-0167.wav,datasec:DATASEC/Music/Music-0198.wav,T3,0.873479,3.000,review
datasec:DATASEC/Workshop/saw/saw-0038.wav,datasec:DATASEC/Workshop/saw/saw-0039.wav,T3,0.873448,4.500,review
datasec:DATASEC/Music/Music-0891.wav,datasec:DATASEC/Voices/Voices-1232.wav,T3,0.873434,3.000,review
datasec:DATASEC/Music/Music-0352.wav,datasec:DATASEC/Music/Music-0371.wav,T3,0.873417,30.000,review
datasec:DATASEC/Glass breaking/Glass breaking-0022.wav,datasec:DATASEC/Glass breaking/Glass breaking-0070.wav,T3,0.873335,14.500,review
datasec:DATASEC/Voices/Voices-0915.wav,datasec:DATASEC/Voices/Voices-1411.wav,T3,0.873184,3.500,review
datasec:DATASEC/Voices/Voices-1252.wav,datasec:DATASEC/Voices/Voices-1253.wav,T3,0.873101,3.500,review
datasec:DATASEC/Voices/Voices-0640.wav,datasec:DATASEC/Voices/Voices-0677.wav,T3,0.872961,3.500,review
datasec:DATASEC/Voices/Voices-0758.wav,datasec:DATASEC/Voices/Voices-1262.wav,T3,0.872960,3.000,review
datasec:DATASEC/Voices/Voices-0433.wav,datasec:DATASEC/Voices/Voices-0441.wav,T3,0.872927,3.000,review
datasec:DATASEC/Voices/Voices-1206.wav,datasec:DATASEC/Voices/Voices-1228.wav,T3,0.872920,3.000,review
datasec:DATASEC/Voices/Voices-1411.wav,datasec:DATASEC/Voices/Voices-1478.wav,T3,0.872914,4.000,review
datasec:DATASEC/Voices/Voices-0610.wav,datasec:DATASEC/Voices/Voices-0667.wav,T3,0.872909,4.000,review
datasec:DATASEC/Glass breaking/Glass breaking-0055.wav,datasec:DATASEC/Glass breaking/Glass breaking-0081.wav,T3,0.872875,4.500,review
datasec:DATASEC/Voices/Voices-1282.wav,datasec:DATASEC/Voices/Voices-1323.wav,T3,0.872865,3.000,review
datasec:DATASEC/Voices/Voices-0995.wav,datasec:DATASEC/Voices/Voices-1015.wav,T3,0.872727,3.000,review
datasec:DATASEC/Voices/Voices-0758.wav,datasec:DATASEC/Voices/Voices-1232.wav,T3,0.872723,3.000,review
datasec:DATASEC/Voices/Voices-0643.wav,datasec:DATASEC/Voices/Voices-0677.wav,T3,0.872709,3.000,review
datasec:DATASEC/Voices/Voices-0643.wav,datasec:DATASEC/Voices/Voices-0681.wav,T3,0.872561,3.000,review
datasec:DATASEC/Music/Music-0328.wav,datasec:DATASEC/Music/Music-0880.wav,T3,0.872552,3.000,review
datasec:DATASEC/Thunder fireworks and gunshot/Fireworks/Fireworks-0038.wav,datasec:DATASEC/Voices/Voices-1232.wav,T3,0.872474,3.000,review
datasec:DATASEC/Voices/Voices-0814.wav,datasec:DATASEC/Voices/Voices-1380.wav,T3,0.872471,3.000,review
datasec:DATASEC/Voices/Voices-1225.wav,datasec:DATASEC/Voices/Voices-1252.wav,T3,0.872425,3.000,review
datasec:DATASEC/Voices/Voices-1464.wav,datasec:DATASEC/Voices/Voices-1465.wav,T3,0.872360,3.000,review
datasec:DATASEC/Music/Music-0029.wav,datasec:DATASEC/Thunder fireworks and gunshot/Fireworks/Fireworks-0056.wav,T3,0.872330,3.500,review
datasec:DATASEC/Voices/Voices-0826.wav,datasec:DATASEC/Voices/Voices-0905.wav,T3,0.872258,3.000,review
datasec:DATASEC/Voices/Voices-0583.wav,datasec:DATASEC/Voices/Voices-0634.wav,T3,0.872226,4.000,review
datasec:DATASEC/Voices/Voices-0374.wav,datasec:DATASEC/Voices/Voices-0581.wav,T3,0.872124,3.000,review
datasec:DATASEC/Voices/Voices-0433.wav,datasec:DATASEC/Voices/Voices-0640.wav,T3,0.872114,4.000,review
datasec:DATASEC/Music/Music-0125.wav,datased:DataSED - DataSED - Dataset for Sound Event Detection of environmental noise/SED_wav/S-0606.wav,T3,0.872075,5.000,review
datasec:DATASEC/Music/Music-0125.wav,datased:DataSED - DataSED - Dataset for Sound Event Detection of environmental noise/SED_wav/S-0622.wav,T3,0.872075,5.000,review
datasec:DATASEC/Dog barkings and howlings/Dog barkings and howlings-0047.wav,datasec:DATASEC/Dog barkings and howlings/Dog barkings and howlings-0048.wav,T3,0.872032,3.000,review
datasec:DATASEC/Music/Music-0178.wav,datasec:DATASEC/Music/Music-0361.wav,T3,0.871961,3.000,review
datasec:DATASEC/Voices/Voices-1273.wav,datasec:DATASEC/Voices/Voices-1329.wav,T3,0.871939,4.000,review
datasec:DATASEC/Voices/Voices-0980.wav,datasec:DATASEC/Voices/Voices-1024.wav,T3,0.871913,3.000,review
datasec:DATASEC/Voices/Voices-0342.wav,datasec:DATASEC/Voices/Voices-1824.wav,T3,0.871843,3.000,review
datasec:DATASEC/Thunder fireworks and gunshot/Fireworks/Fireworks-0037.wav,datasec:DATASEC/Thunder fireworks and gunshot/Fireworks/Fireworks-0068.wav,T3,0.871800,3.500,review
datasec:DATASEC/Voices/Voices-0814.wav,datasec:DATASEC/Voices/Voices-0844.wav,T3,0.871756,3.000,review
datasec:DATASEC/Lawn mower brush cutter and olive shaker/Brush cutter/Brush cutter-0002.wav,datasec:DATASEC/Lawn mower brush cutter and olive shaker/Brush cutter/Brush cutter-0041.wav,T3,0.871733,32.000,review
datasec:DATASEC/Music/Music-0120.wav,datasec:DATASEC/Music/Music-0134.wav,T3,0.871729,3.000,review
datasec:DATASEC/Music/Music-0029.wav,datasec:DATASEC/Voices/Voices-1544.wav,T3,0.871621,3.000,review
datasec:DATASEC/Voices/Voices-0342.wav,datasec:DATASEC/Voices/Voices-1278.wav,T3,0.871608,3.500,review
datasec:DATASEC/Voices/Voices-1798.wav,datasec:DATASEC/Voices/Voices-1804.wav,T3,0.871604,3.000,review
datasec:DATASEC/Voices/Voices-1206.wav,datasec:DATASEC/Voices/Voices-1252.wav,T3,0.871548,4.000,review
datasec:DATASEC/Music/Music-0120.wav,datasec:DATASEC/Music/Music-0225.wav,T3,0.871547,5.500,review
datasec:DATASEC/Voices/Voices-1288.wav,datasec:DATASEC/Voices/Voices-1293.wav,T3,0.871501,3.000,review
datasec:DATASEC/Glass breaking/Glass breaking-0022.wav,datasec:DATASEC/Glass breaking/Glass breaking-0063.wav,T3,0.871477,10.000,review
datasec:DATASEC/Voices/Voices-0404.wav,datasec:DATASEC/Voices/Voices-0634.wav,T3,0.871451,3.000,review
datasec:DATASEC/Voices/Voices-0644.wav,datasec:DATASEC/Voices/Voices-1232.wav,T3,0.871422,3.000,review
datasec:DATASEC/Voices/Voices-0840.wav,datasec:DATASEC/Voices/Voices-1262.wav,T3,0.871398,3.000,review
datasec:DATASEC/Voices/Voices-1316.wav,datasec:DATASEC/Voices/Voices-1323.wav,T3,0.871320,3.000,review
datasec:DATASEC/Voices/Voices-0826.wav,datasec:DATASEC/Voices/Voices-1421.wav,T3,0.871272,4.000,review
datasec:DATASEC/Voices/Voices-0327.wav,datasec:DATASEC/Voices/Voices-1812.wav,T3,0.871243,3.000,review
datasec:DATASEC/Voices/Voices-0667.wav,datasec:DATASEC/Voices/Voices-1253.wav,T3,0.871212,3.000,review
datasec:DATASEC/Voices/Voices-0648.wav,datasec:DATASEC/Voices/Voices-1411.wav,T3,0.871105,3.000,review
datasec:DATASEC/Music/Music-0234.wav,datasec:DATASEC/Music/Music-0277.wav,T3,0.871082,8.500,review
datasec:DATASEC/Voices/Voices-1304.wav,datasec:DATASEC/Voices/Voices-1336.wav,T3,0.871009,4.000,review
datasec:DATASEC/Voices/Voices-1262.wav,datasec:DATASEC/Voices/Voices-1812.wav,T3,0.870947,3.000,review
datasec:DATASEC/Voices/Voices-1312.wav,datasec:DATASEC/Voices/Voices-1329.wav,T3,0.870852,3.000,review
datasec:DATASEC/Music/Music-0178.wav,datasec:DATASEC/Music/Music-0320.wav,T3,0.870819,3.000,review
datasec:DATASEC/Voices/Voices-0277.wav,datasec:DATASEC/Voices/Voices-1232.wav,T3,0.870701,3.000,review
datasec:DATASEC/Voices/Voices-1321.wav,datasec:DATASEC/Voices/Voices-1800.wav,T3,0.870694,3.000,review
datasec:DATASEC/Workshop/saw/saw-0037.wav,datasec:DATASEC/Workshop/saw/saw-0038.wav,T3,0.870649,3.500,review
datasec:DATASEC/Glass breaking/Glass breaking-0042.wav,datasec:DATASEC/Glass breaking/Glass breaking-0080.wav,T3,0.870565,10.000,review
datasec:DATASEC/Voices/Voices-0370.wav,datasec:DATASEC/Voices/Voices-0634.wav,T3,0.870501,3.500,review
datasec:DATASEC/Voices/Voices-1285.wav,datasec:DATASEC/Voices/Voices-1323.wav,T3,0.870465,3.500,review
datasec:DATASEC/Cicadas and crickets/Crickets/Crickets-0009.wav,datasec:DATASEC/Cicadas and crickets/Crickets/Crickets-0010.wav,T3,0.870446,4.000,review
datasec:DATASEC/Voices/Voices-0370.wav,datasec:DATASEC/Voices/Voices-0412.wav,T3,0.870395,3.000,review
datasec:DATASEC/Voices/Voices-0439.wav,datasec:DATASEC/Voices/Voices-1262.wav,T3,0.870352,3.000,review
datasec:DATASEC/Voices/Voices-1293.wav,datasec:DATASEC/Voices/Voices-1322.wav,T3,0.870349,3.500,review
datasec:DATASEC/Voices/Voices-0277.wav,datasec:DATASEC/Voices/Voices-0342.wav,T3,0.870299,4.000,review
datasec:DATASEC/Voices/Voices-1323.wav,datasec:DATASEC/Voices/Voices-1333.wav,T3,0.870285,3.000,review
datasec:DATASEC/Voices/Voices-0827.wav,datasec:DATASEC/Voices/Voices-0905.wav,T3,0.870268,3.000,review
datasec:DATASEC/Dog barkings and howlings/Dog barkings and howlings-0048.wav,datasec:DATASEC/Dog barkings and howlings/Dog barkings and howlings-0050.wav,T3,0.870261,5.000,review
datasec:DATASEC/Voices/Voices-0581.wav,datasec:DATASEC/Voices/Voices-0583.wav,T3,0.870248,3.000,review
datasec:DATASEC/Voices/Voices-1288.wav,datasec:DATASEC/Voices/Voices-1776.wav,T3,0.870246,3.500,review
datasec:DATASEC/Glass breaking/Glass breaking-0022.wav,datasec:DATASEC/Glass breaking/Glass breaking-0061.wav,T3,0.870234,8.500,review
datasec:DATASEC/Voices/Voices-0636.wav,datasec:DATASEC/Voices/Voices-0661.wav,T3,0.870181,3.000,review
datasec:DATASEC/Glass breaking/Glass breaking-0022.wav,datasec:DATASEC/Glass breaking/Glass breaking-0068.wav,T3,0.870139,13.000,review
datasec:DATASEC/Music/Music-0168.wav,datasec:DATASEC/Music/Music-0891.wav,T3,0.870105,3.000,review
datasec:DATASEC/Voices/Voices-0374.wav,datasec:DATASEC/Voices/Voices-0433.wav,T3,0.870101,3.000,review
datasec:DATASEC/Voices/Voices-0581.wav,datasec:DATASEC/Voices/Voices-1232.wav,T3,0.870087,3.000,review
datasec:DATASEC/Voices/Voices-0978.wav,datasec:DATASEC/Voices/Voices-0980.wav,T3,0.870086,3.000,review
datasec:DATASEC/Voices/Voices-0582.wav,datasec:DATASEC/Voices/Voices-0651.wav,T3,0.869994,3.000,review
datasec:DATASEC/Voices/Voices-0634.wav,datasec:DATASEC/Voices/Voices-1262.wav,T3,0.869970,3.000,review
datasec:DATASEC/Voices/Voices-1128.wav,datasec:DATASEC/Voices/Voices-1165.wav,T3,0.869935,3.500,review
datasec:DATASEC/Voices/Voices-0403.wav,datasec:DATASEC/Voices/Voices-0640.wav,T3,0.869893,3.000,review
datasec:DATASEC/Voices/Voices-1278.wav,datasec:DATASEC/Voices/Voices-1776.wav,T3,0.869827,3.000,review
datasec:DATASEC/Glass breaking/Glass breaking-0033.wav,datasec:DATASEC/Glass breaking/Glass breaking-0081.wav,T3,0.869815,3.000,review
datasec:DATASEC/Voices/Voices-1267.wav,datasec:DATASEC/Voices/Voices-1824.wav,T3,0.869814,3.000,review
datasec:DATASEC/Voices/Voices-0846.wav,datasec:DATASEC/Voices/Voices-0980.wav,T3,0.869795,3.000,review
datasec:DATASEC/Voices/Voices-1776.wav,datasec:DATASEC/Voices/Voices-1786.wav,T3,0.869742,3.000,review
datasec:DATASEC/Voices/Voices-0586.wav,datasec:DATASEC/Voices/Voices-0666.wav,T3,0.869709,3.000,review
datasec:DATASEC/Voices/Voices-0849.wav,datasec:DATASEC/Voices/Voices-0896.wav,T3,0.869651,3.000,review
datasec:DATASEC/Voices/Voices-0208.wav,datasec:DATASEC/Voices/Voices-0241.wav,T3,0.869589,3.000,review
datasec:DATASEC/Voices/Voices-0327.wav,datasec:DATASEC/Voices/Voices-1322.wav,T3,0.869561,3.000,review
datasec:DATASEC/Vacuum cleaner fan and hairdryer/fan/fan-0013.wav,datased:DataSED - DataSED - Dataset for Sound Event Detection of environmental noise/SED_wav/S-0323.wav,T3,0.869424,5.000,review
datasec:DATASEC/Glass breaking/Glass breaking-0053.wav,datasec:DATASEC/Glass breaking/Glass breaking-0060.wav,T3,0.869405,3.000,review
datasec:DATASEC/Voices/Voices-0651.wav,datasec:DATASEC/Voices/Voices-1262.wav,T3,0.869352,4.500,review
datasec:DATASEC/Music/Music-0234.wav,datasec:DATASEC/Thunder fireworks and gunshot/Fireworks/Fireworks-0056.wav,T3,0.869347,3.000,review
datasec:DATASEC/Music/Music-0178.wav,datasec:DATASEC/Music/Music-0328.wav,T3,0.869346,4.000,review
datasec:DATASEC/Voices/Voices-0051.wav,datasec:DATASEC/Voices/Voices-1015.wav,T3,0.869346,3.000,review
datasec:DATASEC/Voices/Voices-0342.wav,datasec:DATASEC/Voices/Voices-0404.wav,T3,0.869295,4.000,review
datasec:DATASEC/Music/Music-0125.wav,datasec:DATASEC/Music/Music-0168.wav,T3,0.869293,3.000,review
datasec:DATASEC/Voices/Voices-1232.wav,datasec:DATASEC/Voices/Voices-1380.wav,T3,0.869287,3.000,review
datasec:DATASEC/Voices/Voices-0677.wav,datasec:DATASEC/Voices/Voices-1262.wav,T3,0.869285,3.500,review
datasec:DATASEC/Voices/Voices-1374.wav,datasec:DATASEC/Voices/Voices-1401.wav,T3,0.869283,3.000,review
datasec:DATASEC/Voices/Voices-0586.wav,datasec:DATASEC/Voices/Voices-0791.wav,T3,0.869141,3.000,review
datasec:DATASEC/Voices/Voices-0486.wav,datasec:DATASEC/Voices/Voices-0544.wav,T3,0.869126,3.000,review
datasec:DATASEC/Voices/Voices-1329.wav,datasec:DATASEC/Voices/Voices-1336.wav,T3,0.869080,5.500,review
datasec:DATASEC/Crows seagulls and magpies/Crows/Crows-0045.wav,datasec:DATASEC/Crows seagulls and magpies/Crows/Crows-0046.wav,T3,0.869038,4.500,review
datasec:DATASEC/Voices/Voices-1786.wav,datasec:DATASEC/Voices/Voices-1787.wav,T3,0.869037,3.000,review
datasec:DATASEC/Voices/Voices-0005.wav,datasec:DATASEC/Voices/Voices-0045.wav,T3,0.869035,3.500,review
datasec:DATASEC/Wind turbine/Wind turbine-0007.wav,datased:DataSED - DataSED - Dataset for Sound Event Detection of environmental noise/SED_wav/S-0717.wav,T3,0.868997,25.500,review
datasec:DATASEC/Voices/Voices-0413.wav,datasec:DATASEC/Voices/Voices-0634.wav,T3,0.868976,4.000,review
datasec:DATASEC/Voices/Voices-0327.wav,datasec:DATASEC/Voices/Voices-1800.wav,T3,0.868938,3.000,review
datasec:DATASEC/Voices/Voices-0978.wav,datasec:DATASEC/Voices/Voices-1001.wav,T3,0.868911,3.000,review
datasec:DATASEC/Voices/Voices-1285.wav,datasec:DATASEC/Voices/Voices-1309.wav,T3,0.868829,8.000,review
datasec:DATASEC/Voices/Voices-0329.wav,datasec:DATASEC/Voices/Voices-1322.wav,T3,0.868803,3.500,review
datasec:DATASEC/Voices/Voices-0631.wav,datasec:DATASEC/Voices/Voices-0634.wav,T3,0.868762,4.000,review
datasec:DATASEC/Voices/Voices-1312.wav,datasec:DATASEC/Voices/Voices-1318.wav,T3,0.868729,4.000,review
datasec:DATASEC/Voices/Voices-1304.wav,datasec:DATASEC/Voices/Voices-1309.wav,T3,0.868724,5.500,review
datasec:DATASEC/Voices/Voices-0766.wav,datasec:DATASEC/Voices/Voices-0874.wav,T3,0.868660,3.000,review
datasec:DATASEC/Voices/Voices-0640.wav,datasec:DATASEC/Voices/Voices-0651.wav,T3,0.868654,4.500,review
datasec:DATASEC/Glass breaking/Glass breaking-0022.wav,datasec:DATASEC/Glass breaking/Glass breaking-0065.wav,T3,0.868618,30.000,review
datasec:DATASEC/Voices/Voices-1262.wav,datasec:DATASEC/Voices/Voices-1278.wav,T3,0.868588,3.000,review
datasec:DATASEC/Voices/Voices-0581.wav,datasec:DATASEC/Voices/Voices-0610.wav,T3,0.868555,4.000,review
datasec:DATASEC/Voices/Voices-1791.wav,datasec:DATASEC/Voices/Voices-1800.wav,T3,0.868545,3.000,review
datasec:DATASEC/Thunder fireworks and gunshot/Fireworks/Fireworks-0043.wav,datasec:DATASEC/Voices/Voices-1232.wav,T3,0.868537,3.000,review
datasec:DATASEC/Voices/Voices-0327.wav,datasec:DATASEC/Voices/Voices-0433.wav,T3,0.868524,3.000,review
datasec:DATASEC/Voices/Voices-0915.wav,datasec:DATASEC/Voices/Voices-0999.wav,T3,0.868516,4.500,review
datasec:DATASEC/Voices/Voices-0155.wav,datasec:DATASEC/Voices/Voices-0220.wav,T3,0.868512,3.000,review
datasec:DATASEC/Music/Music-0120.wav,datasec:DATASEC/Music/Music-0390.wav,T3,0.868511,4.000,review
datasec:DATASEC/Voices/Voices-1252.wav,datasec:DATASEC/Voices/Voices-1824.wav,T3,0.868447,3.000,review
datasec:DATASEC/Voices/Voices-0403.wav,datasec:DATASEC/Voices/Voices-0661.wav,T3,0.868310,3.000,review
datasec:DATASEC/Voices/Voices-0840.wav,datasec:DATASEC/Voices/Voices-1266.wav,T3,0.868308,3.500,review
datasec:DATASEC/Voices/Voices-1322.wav,datasec:DATASEC/Voices/Voices-1329.wav,T3,0.868287,3.000,review
datasec:DATASEC/Voices/Voices-1278.wav,datasec:DATASEC/Voices/Voices-1321.wav,T3,0.868253,4.500,review
datasec:DATASEC/Voices/Voices-1285.wav,datasec:DATASEC/Voices/Voices-1329.wav,T3,0.868102,5.500,review
datasec:DATASEC/Voices/Voices-1015.wav,datasec:DATASEC/Voices/Voices-1266.wav,T3,0.868092,3.000,review
datasec:DATASEC/Voices/Voices-1304.wav,datasec:DATASEC/Voices/Voices-1323.wav,T3,0.868082,4.500,review
datasec:DATASEC/Voices/Voices-0644.wav,datasec:DATASEC/Voices/Voices-1288.wav,T3,0.868037,3.500,review
datasec:DATASEC/Voices/Voices-0610.wav,datasec:DATASEC/Voices/Voices-0634.wav,T3,0.868034,4.000,review
datasec:DATASEC/Music/Music-0178.wav,datasec:DATASEC/Music/Music-0385.wav,T3,0.868023,3.500,review
datasec:DATASEC/Glass breaking/Glass breaking-0078.wav,datasec:DATASEC/Glass breaking/Glass breaking-0079.wav,T3,0.868011,26.500,review
datasec:DATASEC/Voices/Voices-1273.wav,datasec:DATASEC/Voices/Voices-1336.wav,T3,0.867924,4.500,review
datasec:DATASEC/Voices/Voices-0783.wav,datasec:DATASEC/Voices/Voices-0826.wav,T3,0.867918,4.000,review
datasec:DATASEC/Voices/Voices-0667.wav,datasec:DATASEC/Voices/Voices-1262.wav,T3,0.867883,3.000,review
datasec:DATASEC/Workshop/drill/drill-0031.wav,datasec:DATASEC/Workshop/drill/drill-0032.wav,T3,0.867881,3.000,review
datasec:DATASEC/Voices/Voices-0143.wav,datasec:DATASEC/Voices/Voices-0225.wav,T3,0.867853,3.000,review
datasec:DATASEC/Vacuum cleaner fan and hairdryer/vacuum cleaner/vacuum cleaner-0022.wav,datasec:DATASEC/Vacuum cleaner fan and hairdryer/vacuum cleaner/vacuum cleaner-0023.wav,T3,0.867831,3.500,review
datasec:DATASEC/Voices/Voices-0999.wav,datasec:DATASEC/Voices/Voices-1015.wav,T3,0.867797,3.000,review
datasec:DATASEC/Glass breaking/Glass breaking-0047.wav,datasec:DATASEC/Glass breaking/Glass breaking-0049.wav,T3,0.867749,59.000,review
datasec:DATASEC/Voices/Voices-1014.wav,datasec:DATASEC/Voices/Voices-1024.wav,T3,0.867737,3.000,review
datasec:DATASEC/Voices/Voices-1273.wav,datasec:DATASEC/Voices/Voices-1318.wav,T3,0.867723,3.000,review
datasec:DATASEC/Voices/Voices-0342.wav,datasec:DATASEC/Voices/Voices-1228.wav,T3,0.867704,3.000,review
datasec:DATASEC/Voices/Voices-1278.wav,datasec:DATASEC/Voices/Voices-1312.wav,T3,0.867690,3.500,review
datasec:DATASEC/Voices/Voices-0814.wav,datasec:DATASEC/Voices/Voices-0895.wav,T3,0.867674,3.000,review
datasec:DATASEC/Voices/Voices-1225.wav,datasec:DATASEC/Voices/Voices-1238.wav,T3,0.867665,3.000,review
datasec:DATASEC/Cicadas and crickets/Cicadas/Cicadas-0052.wav,datasec:DATASEC/Music/Music-0198.wav,T3,0.867619,11.500,review
datasec:DATASEC/Cicadas and crickets/Cicadas/Cicadas-0051.wav,datasec:DATASEC/Music/Music-0198.wav,T3,0.867613,11.500,review
datasec:DATASEC/Voices/Voices-0982.wav,datasec:DATASEC/Voices/Voices-0995.wav,T3,0.867579,3.500,review
datasec:DATASEC/Voices/Voices-1246.wav,datasec:DATASEC/Voices/Voices-1824.wav,T3,0.867521,3.000,review
datasec:DATASEC/Voices/Voices-0637.wav,datasec:DATASEC/Voices/Voices-0677.wav,T3,0.867516,3.500,review
datasec:DATASEC/Voices/Voices-0814.wav,datasec:DATASEC/Voices/Voices-0896.wav,T3,0.867514,3.000,review
datasec:DATASEC/Voices/Voices-1293.wav,datasec:DATASEC/Voices/Voices-1309.wav,T3,0.867505,5.000,review
datasec:DATASEC/Voices/Voices-1775.wav,datasec:DATASEC/Voices/Voices-1776.wav,T3,0.867468,4.500,review
datasec:DATASEC/Voices/Voices-0581.wav,datasec:DATASEC/Voices/Voices-0677.wav,T3,0.867401,3.000,review
datasec:DATASEC/Lawn mower brush cutter and olive shaker/Lawn mower/Lawn mower-0018.wav,datasec:DATASEC/Lawn mower brush cutter and olive shaker/Olive shaker/Olive shaker-0014.wav,T3,0.867379,26.000,review
datasec:DATASEC/Voices/Voices-1801.wav,datasec:DATASEC/Voices/Voices-1824.wav,T3,0.867276,3.000,review
datasec:DATASEC/Voices/Voices-0329.wav,datasec:DATASEC/Voices/Voices-1812.wav,T3,0.867240,3.500,review
datasec:DATASEC/Voices/Voices-0774.wav,datasec:DATASEC/Voices/Voices-1262.wav,T3,0.867109,3.000,review
datasec:DATASEC/Voices/Voices-1323.wav,datasec:DATASEC/Voices/Voices-1337.wav,T3,0.867009,3.500,review
datasec:DATASEC/Music/Music-0029.wav,datasec:DATASEC/Music/Music-0125.wav,T3,0.866873,5.000,review
datasec:DATASEC/Voices/Voices-1421.wav,datasec:DATASEC/Voices/Voices-1478.wav,T3,0.866761,3.000,review
datasec:DATASEC/Voices/Voices-0631.wav,datasec:DATASEC/Voices/Voices-0677.wav,T3,0.866744,3.000,review
datasec:DATASEC/Voices/Voices-0954.wav,datasec:DATASEC/Voices/Voices-1016.wav,T3,0.866734,3.000,review
datasec:DATASEC/Music/Music-0120.wav,datasec:DATASEC/Music/Music-0891.wav,T3,0.866649,3.500,review
datasec:DATASEC/Voices/Voices-0844.wav,datasec:DATASEC/Voices/Voices-1377.wav,T3,0.866642,3.000,review
datasec:DATASEC/Voices/Voices-1309.wav,datasec:DATASEC/Voices/Voices-1328.wav,T3,0.866619,3.000,review
datasec:DATASEC/Voices/Voices-0313.wav,datasec:DATASEC/Voices/Voices-0425.wav,T3,0.866578,3.000,review
datasec:DATASEC/Voices/Voices-1312.wav,datasec:DATASEC/Voices/Voices-1322.wav,T3,0.866571,4.500,review
datasec:DATASEC/Voices/Voices-0841.wav,datasec:DATASEC/Voices/Voices-0856.wav,T3,0.866545,3.000,review
datasec:DATASEC/Voices/Voices-0826.wav,datasec:DATASEC/Voices/Voices-0844.wav,T3,0.866526,3.000,review
datasec:DATASEC/Voices/Voices-1224.wav,datasec:DATASEC/Voices/Voices-1225.wav,T3,0.866525,3.000,review
datasec:DATASEC/Voices/Voices-1015.wav,datasec:DATASEC/Voices/Voices-1232.wav,T3,0.866468,3.000,review
datasec:DATASEC/Voices/Voices-0341.wav,datasec:DATASEC/Voices/Voices-1262.wav,T3,0.866447,3.500,review
datasec:DATASEC/Thunder fireworks and gunshot/Fireworks/Fireworks-0037.wav,datasec:DATASEC/Voices/Voices-1374.wav,T3,0.866378,3.000,review
datasec:DATASEC/Voices/Voices-0583.wav,datasec:DATASEC/Voices/Voices-0641.wav,T3,0.866340,3.000,review
datasec:DATASEC/Voices/Voices-0342.wav,datasec:DATASEC/Voices/Voices-0412.wav,T3,0.866245,3.000,review
datased:DataSED - DataSED - Dataset for Sound Event Detection of environmental noise/SED_wav/S-0233.wav,datased:DataSED - DataSED - Dataset for Sound Event Detection of environmental noise/SED_wav/S-0237.wav,T3,0.866231,30.000,review
datasec:DATASEC/Sirens and alarms/Sirens/Sirens-0046.wav,datased:DataSED - DataSED - Dataset for Sound Event Detection of environmental noise/SED_wav/S-0237.wav,T3,0.866231,30.000,review
datasec:DATASEC/Music/Music-0807.wav,datasec:DATASEC/Music/Music-0858.wav,T3,0.866207,30.000,review
datasec:DATASEC/Voices/Voices-0583.wav,datasec:DATASEC/Voices/Voices-1262.wav,T3,0.866192,3.000,review
datasec:DATASEC/Voices/Voices-1800.wav,datasec:DATASEC/Voices/Voices-1812.wav,T3,0.866192,3.000,review
datasec:DATASEC/Voices/Voices-1232.wav,datasec:DATASEC/Voices/Voices-1285.wav,T3,0.866113,3.000,review
datasec:DATASEC/Voices/Voices-1285.wav,datasec:DATASEC/Voices/Voices-1321.wav,T3,0.866066,3.000,review
datasec:DATASEC/Voices/Voices-0915.wav,datasec:DATASEC/Voices/Voices-0980.wav,T3,0.866064,4.000,review
datasec:DATASEC/Music/Music-0178.wav,datasec:DATASEC/Music/Music-0891.wav,T3,0.866060,7.500,review
datasec:DATASEC/Voices/Voices-1309.wav,datasec:DATASEC/Voices/Voices-1321.wav,T3,0.866035,4.500,review
datasec:DATASEC/Voices/Voices-0814.wav,datasec:DATASEC/Voices/Voices-1676.wav,T3,0.866030,3.000,review
datasec:DATASEC/Voices/Voices-1273.wav,datasec:DATASEC/Voices/Voices-1278.wav,T3,0.866027,4.000,review
datasec:DATASEC/Voices/Voices-0439.wav,datasec:DATASEC/Voices/Voices-1800.wav,T3,0.866001,3.000,review
datasec:DATASEC/Voices/Voices-1776.wav,datasec:DATASEC/Voices/Voices-1800.wav,T3,0.865986,3.000,review
datasec:DATASEC/Voices/Voices-1259.wav,datasec:DATASEC/Voices/Voices-1266.wav,T3,0.865981,3.000,review
datasec:DATASEC/Voices/Voices-0341.wav,datasec:DATASEC/Voices/Voices-1777.wav,T3,0.865940,3.500,review
datasec:DATASEC/Voices/Voices-0634.wav,datasec:DATASEC/Voices/Voices-1232.wav,T3,0.865833,3.000,review
datasec:DATASEC/Voices/Voices-1259.wav,datasec:DATASEC/Voices/Voices-1262.wav,T3,0.865804,3.000,review
datasec:DATASEC/Voices/Voices-1224.wav,datasec:DATASEC/Voices/Voices-1252.wav,T3,0.865728,3.000,review
datasec:DATASEC/Thunder fireworks and gunshot/Fireworks/Fireworks-0037.wav,datasec:DATASEC/Voices/Voices-1387.wav,T3,0.865701,3.000,review
datasec:DATASEC/Voices/Voices-0404.wav,datasec:DATASEC/Voices/Voices-1266.wav,T3,0.865697,4.500,review
datasec:DATASEC/Jet aircrafts/Jet aircrafts-0031.wav,datasec:DATASEC/Jet aircrafts/Jet aircrafts-0032.wav,T3,0.865682,9.000,review
datasec:DATASEC/Voices/Voices-0874.wav,datasec:DATASEC/Voices/Voices-1377.wav,T3,0.865680,3.000,review
datasec:DATASEC/Voices/Voices-0181.wav,datasec:DATASEC/Voices/Voices-0246.wav,T3,0.865637,3.000,review
datasec:DATASEC/Voices/Voices-0671.wav,datasec:DATASEC/Voices/Voices-1811.wav,T3,0.865633,3.000,review
datasec:DATASEC/Voices/Voices-0814.wav,datasec:DATASEC/Voices/Voices-0827.wav,T3,0.865581,3.000,review
datasec:DATASEC/Voices/Voices-1015.wav,datasec:DATASEC/Voices/Voices-1262.wav,T3,0.865551,3.000,review
datasec:DATASEC/Voices/Voices-0652.wav,datasec:DATASEC/Voices/Voices-0659.wav,T3,0.865548,3.000,review
datasec:DATASEC/Voices/Voices-0846.wav,datasec:DATASEC/Voices/Voices-1411.wav,T3,0.865537,3.500,review
datasec:DATASEC/Voices/Voices-0576.wav,datasec:DATASEC/Voices/Voices-0583.wav,T3,0.865440,3.000,review
datasec:DATASEC/Voices/Voices-0267.wav,datasec:DATASEC/Voices/Voices-0425.wav,T3,0.865405,3.000,review
datasec:DATASEC/Voices/Voices-0433.wav,datasec:DATASEC/Voices/Voices-0677.wav,T3,0.865390,3.500,review
datasec:DATASEC/Voices/Voices-0814.wav,datasec:DATASEC/Voices/Voices-1377.wav,T3,0.865387,3.000,review
datasec:DATASEC/Voices/Voices-1028.wav,datasec:DATASEC/Voices/Voices-1401.wav,T3,0.865286,3.000,review
datasec:DATASEC/Voices/Voices-1800.wav,datasec:DATASEC/Voices/Voices-1821.wav,T3,0.865216,3.000,review
datasec:DATASEC/Voices/Voices-1812.wav,datasec:DATASEC/Voices/Voices-1826.wav,T3,0.865205,3.000,review
datasec:DATASEC/Voices/Voices-0329.wav,datasec:DATASEC/Voices/Voices-1312.wav,T3,0.865154,3.000,review
datasec:DATASEC/Voices/Voices-0791.wav,datasec:DATASEC/Voices/Voices-0826.wav,T3,0.865124,3.000,review
datasec:DATASEC/Music/Music-0225.wav,datasec:DATASEC/Music/Music-0361.wav,T3,0.865084,4.000,review
datasec:DATASEC/Voices/Voices-0267.wav,datasec:DATASEC/Voices/Voices-1812.wav,T3,0.865063,3.000,review
datasec:DATASEC/Voices/Voices-1285.wav,datasec:DATASEC/Voices/Voices-1307.wav,T3,0.865047,3.000,review
datasec:DATASEC/Voices/Voices-0342.wav,datasec:DATASEC/Voices/Voices-0366.wav,T3,0.864989,3.000,review
datasec:DATASEC/Voices/Voices-1006.wav,datasec:DATASEC/Voices/Voices-1028.wav,T3,0.864972,3.000,review
datasec:DATASEC/Voices/Voices-0414.wav,datasec:DATASEC/Voices/Voices-1321.wav,T3,0.864944,3.000,review
datasec:DATASEC/Voices/Voices-1308.wav,datasec:DATASEC/Voices/Voices-1309.wav,T3,0.864858,4.500,review
datasec:DATASEC/Voices/Voices-0413.wav,datasec:DATASEC/Voices/Voices-0644.wav,T3,0.864831,3.000,review
datasec:DATASEC/Voices/Voices-1128.wav,datasec:DATASEC/Voices/Voices-1191.wav,T3,0.864820,3.000,review
datasec:DATASEC/Voices/Voices-0342.wav,datasec:DATASEC/Voices/Voices-1285.wav,T3,0.864816,4.500,review
datasec:DATASEC/Voices/Voices-1316.wav,datasec:DATASEC/Voices/Voices-1329.wav,T3,0.864801,3.500,review
datasec:DATASEC/Voices/Voices-1253.wav,datasec:DATASEC/Voices/Voices-1285.wav,T3,0.864776,4.000,review
datasec:DATASEC/Voices/Voices-1228.wav,datasec:DATASEC/Voices/Voices-1267.wav,T3,0.864684,3.000,review
datasec:DATASEC/Sirens and alarms/Sirens/Sirens-0005.wav,datasec:DATASEC/Sirens and alarms/Sirens/Sirens-0007.wav,T3,0.864644,3.500,review
datasec:DATASEC/Voices/Voices-1238.wav,datasec:DATASEC/Voices/Voices-1262.wav,T3,0.864605,3.000,review
datasec:DATASEC/Workshop/jackhammer/jackhammer-0051.wav,datasec:DATASEC/Workshop/jackhammer/jackhammer-0052.wav,T3,0.864593,3.500,review
datasec:DATASEC/Propeller aircrafts/Airplanes/Airplanes-0010.wav,datasec:DATASEC/Propeller aircrafts/Airplanes/Airplanes-0023.wav,T3,0.864522,9.500,review
datasec:DATASEC/Voices/Voices-0341.wav,datasec:DATASEC/Voices/Voices-0403.wav,T3,0.864495,3.000,review
datasec:DATASEC/Voices/Voices-1304.wav,datasec:DATASEC/Voices/Voices-1337.wav,T3,0.864438,3.000,review
datasec:DATASEC/Voices/Voices-0342.wav,datasec:DATASEC/Voices/Voices-0648.wav,T3,0.864385,3.500,review
datasec:DATASEC/Voices/Voices-0202.wav,datasec:DATASEC/Voices/Voices-1232.wav,T3,0.864353,3.000,review
datasec:DATASEC/Voices/Voices-1288.wav,datasec:DATASEC/Voices/Voices-1775.wav,T3,0.864297,3.000,review
datasec:DATASEC/Voices/Voices-1285.wav,datasec:DATASEC/Voices/Voices-1336.wav,T3,0.864273,5.000,review
datasec:DATASEC/Music/Music-0134.wav,datasec:DATASEC/Music/Music-0198.wav,T3,0.864267,3.500,review
datasec:DATASEC/Voices/Voices-0826.wav,datasec:DATASEC/Voices/Voices-0962.wav,T3,0.864262,3.000,review
datasec:DATASEC/Voices/Voices-0341.wav,datasec:DATASEC/Voices/Voices-1267.wav,T3,0.864162,4.000,review
datasec:DATASEC/Voices/Voices-0326.wav,datasec:DATASEC/Voices/Voices-0342.wav,T3,0.864106,3.000,review
datasec:DATASEC/Glass breaking/Glass breaking-0074.wav,datasec:DATASEC/Glass breaking/Glass breaking-0079.wav,T3,0.864066,13.500,review
datasec:DATASEC/Voices/Voices-1275.wav,datasec:DATASEC/Voices/Voices-1323.wav,T3,0.864043,3.000,review
datasec:DATASEC/Voices/Voices-0648.wav,datasec:DATASEC/Voices/Voices-1267.wav,T3,0.864026,3.000,review
datasec:DATASEC/Voices/Voices-0576.wav,datasec:DATASEC/Voices/Voices-0648.wav,T3,0.863957,3.000,review
datasec:DATASEC/Voices/Voices-0846.wav,datasec:DATASEC/Voices/Voices-0849.wav,T3,0.863938,3.000,review
datasec:DATASEC/Voices/Voices-0987.wav,datasec:DATASEC/Voices/Voices-1006.wav,T3,0.863890,3.000,review
datasec:DATASEC/Voices/Voices-0826.wav,datasec:DATASEC/Voices/Voices-0980.wav,T3,0.863867,3.000,review
datasec:DATASEC/Voices/Voices-1775.wav,datasec:DATASEC/Voices/Voices-1783.wav,T3,0.863850,3.000,review
datasec:DATASEC/Voices/Voices-0610.wav,datasec:DATASEC/Voices/Voices-0637.wav,T3,0.863843,3.000,review
datasec:DATASEC/Voices/Voices-0581.wav,datasec:DATASEC/Voices/Voices-1253.wav,T3,0.863740,3.000,review
datasec:DATASEC/Voices/Voices-0648.wav,datasec:DATASEC/Voices/Voices-1798.wav,T3,0.863722,3.000,review
datasec:DATASEC/Voices/Voices-1206.wav,datasec:DATASEC/Voices/Voices-1246.wav,T3,0.863703,3.000,review
datasec:DATASEC/Voices/Voices-0394.wav,datasec:DATASEC/Voices/Voices-0412.wav,T3,0.863688,3.000,review
datasec:DATASEC/Voices/Voices-0791.wav,datasec:DATASEC/Voices/Voices-0980.wav,T3,0.863665,3.000,review
datasec:DATASEC/Vehicle idling/motorbike idling/motorbike idling-0016.wav,datasec:DATASEC/Vehicle idling/motorbike idling/motorbike idling-0017.wav,T3,0.863659,14.500,review
datasec:DATASEC/Voices/Voices-1309.wav,datasec:DATASEC/Voices/Voices-1336.wav,T3,0.863642,5.500,review
datasec:DATASEC/Voices/Voices-0826.wav,datasec:DATASEC/Voices/Voices-1377.wav,T3,0.863590,3.000,review
datasec:DATASEC/Voices/Voices-0414.wav,datasec:DATASEC/Voices/Voices-1336.wav,T3,0.863541,3.500,review
datasec:DATASEC/Voices/Voices-0851.wav,datasec:DATASEC/Voices/Voices-1262.wav,T3,0.863483,3.500,review
datasec:DATASEC/Voices/Voices-1015.wav,datasec:DATASEC/Voices/Voices-1028.wav,T3,0.863476,3.000,review
datasec:DATASEC/Voices/Voices-0889.wav,datasec:DATASEC/Voices/Voices-1238.wav,T3,0.863455,3.000,review
datasec:DATASEC/Voices/Voices-1318.wav,datasec:DATASEC/Voices/Voices-1323.wav,T3,0.863447,3.500,review
datasec:DATASEC/Voices/Voices-1293.wav,datasec:DATASEC/Voices/Voices-1800.wav,T3,0.863399,3.000,review
datasec:DATASEC/Thunder fireworks and gunshot/Fireworks/Fireworks-0067.wav,datasec:DATASEC/Thunder fireworks and gunshot/Fireworks/Fireworks-0068.wav,T3,0.863398,4.500,review
datasec:DATASEC/Glass breaking/Glass breaking-0076.wav,datasec:DATASEC/Glass breaking/Glass breaking-0079.wav,T3,0.863387,12.000,review
datasec:DATASEC/Voices/Voices-0433.wav,datasec:DATASEC/Voices/Voices-1273.wav,T3,0.863372,3.500,review
datasec:DATASEC/Voices/Voices-1241.wav,datasec:DATASEC/Voices/Voices-1824.wav,T3,0.863355,3.000,review
datasec:DATASEC/Voices/Voices-1328.wav,datasec:DATASEC/Voices/Voices-1333.wav,T3,0.863343,5.000,review
datasec:DATASEC/Voices/Voices-1288.wav,datasec:DATASEC/Voices/Voices-1819.wav,T3,0.863310,3.500,review
datasec:DATASEC/Voices/Voices-0634.wav,datasec:DATASEC/Voices/Voices-0637.wav,T3,0.863303,3.000,review
datasec:DATASEC/Voices/Voices-1262.wav,datasec:DATASEC/Voices/Voices-1364.wav,T3,0.863302,3.000,review
datasec:DATASEC/Voices/Voices-1411.wav,datasec:DATASEC/Voices/Voices-1416.wav,T3,0.863296,3.000,review
datasec:DATASEC/Voices/Voices-1318.wav,datasec:DATASEC/Voices/Voices-1329.wav,T3,0.863290,4.000,review
datasec:DATASEC/Voices/Voices-0581.wav,datasec:DATASEC/Voices/Voices-1262.wav,T3,0.863133,4.000,review
datasec:DATASEC/Voices/Voices-0080.wav,datasec:DATASEC/Voices/Voices-0329.wav,T3,0.863033,3.000,review
datasec:DATASEC/Voices/Voices-0366.wav,datasec:DATASEC/Voices/Voices-1232.wav,T3,0.862980,3.000,review
datasec:DATASEC/Voices/Voices-1275.wav,datasec:DATASEC/Voices/Voices-1285.wav,T3,0.862977,3.000,review
datasec:DATASEC/Music/Music-0390.wav,datasec:DATASEC/Music/Music-0891.wav,T3,0.862941,3.500,review
datasec:DATASEC/Voices/Voices-0814.wav,datasec:DATASEC/Voices/Voices-1266.wav,T3,0.862940,3.000,review
datasec:DATASEC/Voices/Voices-0366.wav,datasec:DATASEC/Voices/Voices-0370.wav,T3,0.862837,3.000,review
datasec:DATASEC/Music/Music-0164.wav,datasec:DATASEC/Music/Music-0225.wav,T3,0.862825,9.000,review
datasec:DATASEC/Voices/Voices-1364.wav,datasec:DATASEC/Voices/Voices-1416.wav,T3,0.862803,3.000,review
datasec:DATASEC/Voices/Voices-0644.wav,datasec:DATASEC/Voices/Voices-1824.wav,T3,0.862762,3.000,review
datasec:DATASEC/Voices/Voices-1309.wav,datasec:DATASEC/Voices/Voices-1312.wav,T3,0.862739,3.000,review
datasec:DATASEC/Music/Music-0029.wav,datasec:DATASEC/Music/Music-0198.wav,T3,0.862738,5.000,review
datasec:DATASEC/Voices/Voices-1275.wav,datasec:DATASEC/Voices/Voices-1318.wav,T3,0.862641,3.000,review
datasec:DATASEC/Music/Music-0168.wav,datasec:DATASEC/Music/Music-0361.wav,T3,0.862603,3.000,review
datasec:DATASEC/Voices/Voices-0840.wav,datasec:DATASEC/Voices/Voices-0905.wav,T3,0.862589,3.500,review
datasec:DATASEC/Voices/Voices-0915.wav,datasec:DATASEC/Voices/Voices-1001.wav,T3,0.862585,3.000,review
datasec:DATASEC/Voices/Voices-1318.wav,datasec:DATASEC/Voices/Voices-1322.wav,T3,0.862537,4.000,review
datasec:DATASEC/Voices/Voices-0851.wav,datasec:DATASEC/Voices/Voices-1411.wav,T3,0.862526,3.000,review
datasec:DATASEC/Voices/Voices-0651.wav,datasec:DATASEC/Voices/Voices-1824.wav,T3,0.862496,3.000,review
datasec:DATASEC/Voices/Voices-1308.wav,datasec:DATASEC/Voices/Voices-1337.wav,T3,0.862480,3.000,review
datasec:DATASEC/Music/Music-0125.wav,datasec:DATASEC/Music/Music-0164.wav,T3,0.862464,7.000,review
datasec:DATASEC/Voices/Voices-0304.wav,datasec:DATASEC/Voices/Voices-0651.wav,T3,0.862458,3.000,review
datasec:DATASEC/Voices/Voices-0329.wav,datasec:DATASEC/Voices/Voices-0640.wav,T3,0.862450,3.500,review
datasec:DATASEC/Thunder fireworks and gunshot/Fireworks/Fireworks-0037.wav,datasec:DATASEC/Voices/Voices-1232.wav,T3,0.862418,3.000,review
datasec:DATASEC/Voices/Voices-0954.wav,datasec:DATASEC/Voices/Voices-1032.wav,T3,0.862412,3.000,review
datasec:DATASEC/Voices/Voices-0404.wav,datasec:DATASEC/Voices/Voices-1288.wav,T3,0.862399,3.500,review
datasec:DATASEC/Voices/Voices-0962.wav,datasec:DATASEC/Voices/Voices-1250.wav,T3,0.862334,3.000,review
datasec:DATASEC/Voices/Voices-1800.wav,datasec:DATASEC/Voices/Voices-1810.wav,T3,0.862322,3.000,review
datasec:DATASEC/Voices/Voices-0581.wav,datasec:DATASEC/Voices/Voices-0637.wav,T3,0.862292,4.000,review
datasec:DATASEC/Voices/Voices-1282.wav,datasec:DATASEC/Voices/Voices-1321.wav,T3,0.862289,3.500,review
datasec:DATASEC/Voices/Voices-1740.wav,datasec:DATASEC/Voices/Voices-1742.wav,T3,0.862260,3.500,review
datasec:DATASEC/Voices/Voices-0413.wav,datasec:DATASEC/Voices/Voices-0667.wav,T3,0.862173,4.000,review
datasec:DATASEC/Voices/Voices-1253.wav,datasec:DATASEC/Voices/Voices-1278.wav,T3,0.862164,3.000,review
datasec:DATASEC/Music/Music-0125.wav,datasec:DATASEC/Music/Music-0834.wav,T3,0.862139,4.000,review
datasec:DATASEC/Music/Music-0110.wav,datasec:DATASEC/Music/Music-0168.wav,T3,0.862100,3.000,review
datasec:DATASEC/Voices/Voices-0342.wav,datasec:DATASEC/Voices/Voices-0413.wav,T3,0.862056,4.500,review
datasec:DATASEC/Voices/Voices-0186.wav,datasec:DATASEC/Voices/Voices-0277.wav,T3,0.862037,3.000,review
datasec:DATASEC/Voices/Voices-0874.wav,datasec:DATASEC/Voices/Voices-1364.wav,T3,0.862035,3.500,review
datasec:DATASEC/Voices/Voices-0414.wav,datasec:DATASEC/Voices/Voices-1262.wav,T3,0.862027,3.500,review
datasec:DATASEC/Voices/Voices-0849.wav,datasec:DATASEC/Voices/Voices-0915.wav,T3,0.862019,3.000,review
datasec:DATASEC/Voices/Voices-0586.wav,datasec:DATASEC/Voices/Voices-1262.wav,T3,0.862005,3.000,review
datasec:DATASEC/Voices/Voices-0849.wav,datasec:DATASEC/Voices/Voices-1411.wav,T3,0.861991,3.000,review
datasec:DATASEC/Voices/Voices-1253.wav,datasec:DATASEC/Voices/Voices-1266.wav,T3,0.861962,5.000,review
datasec:DATASEC/Voices/Voices-1206.wav,datasec:DATASEC/Voices/Voices-1253.wav,T3,0.861905,3.500,review
datasec:DATASEC/Voices/Voices-0517.wav,datasec:DATASEC/Voices/Voices-1411.wav,T3,0.861842,3.000,review
datasec:DATASEC/Voices/Voices-1374.wav,datasec:DATASEC/Voices/Voices-1776.wav,T3,0.861837,3.000,review
datasec:DATASEC/Voices/Voices-0404.wav,datasec:DATASEC/Voices/Voices-0581.wav,T3,0.861797,3.500,review
datasec:DATASEC/Voices/Voices-0028.wav,datasec:DATASEC/Voices/Voices-1015.wav,T3,0.861749,3.000,review
datasec:DATASEC/Voices/Voices-0433.wav,datasec:DATASEC/Voices/Voices-0581.wav,T3,0.861676,3.500,review
datasec:DATASEC/Cicadas and crickets/Cicadas/Cicadas-0048.wav,datasec:DATASEC/Cicadas and crickets/Cicadas/Cicadas-0051.wav,T3,0.861656,16.000,review
datasec:DATASEC/Voices/Voices-1377.wav,datasec:DATASEC/Voices/Voices-1411.wav,T3,0.861644,3.500,review
datasec:DATASEC/Music/Music-0029.wav,datasec:DATASEC/Voices/Voices-1232.wav,T3,0.861642,3.000,review
datasec:DATASEC/Voices/Voices-0915.wav,datasec:DATASEC/Voices/Voices-1006.wav,T3,0.861602,3.500,review
datasec:DATASEC/Voices/Voices-0414.wav,datasec:DATASEC/Voices/Voices-1812.wav,T3,0.861575,3.000,review
datasec:DATASEC/Voices/Voices-0313.wav,datasec:DATASEC/Voices/Voices-0666.wav,T3,0.861541,3.000,review
datased:DataSED - DataSED - Dataset for Sound Event Detection of environmental noise/SED_wav/S-0478.wav,datased:DataSED - DataSED - Dataset for Sound Event Detection of environmental noise/SED_wav/S-0484.wav,T3,0.861494,31.000,review
datasec:DATASEC/Voices/Voices-0827.wav,datasec:DATASEC/Voices/Voices-1401.wav,T3,0.861453,3.000,review
datasec:DATASEC/Voices/Voices-1241.wav,datasec:DATASEC/Voices/Voices-1259.wav,T3,0.861453,3.000,review
datasec:DATASEC/Voices/Voices-0581.wav,datasec:DATASEC/Voices/Voices-0631.wav,T3,0.861446,3.500,review
datasec:DATASEC/Voices/Voices-0651.wav,datasec:DATASEC/Voices/Voices-1401.wav,T3,0.861440,3.000,review
datasec:DATASEC/Music/Music-0168.wav,datasec:DATASEC/Music/Music-0178.wav,T3,0.861379,3.000,review
datasec:DATASEC/Music/Music-0361.wav,datasec:DATASEC/Music/Music-0891.wav,T3,0.861339,4.000,review
datasec:DATASEC/Voices/Voices-0651.wav,datasec:DATASEC/Voices/Voices-1232.wav,T3,0.861280,3.000,review
datasec:DATASEC/Music/Music-0037.wav,datasec:DATASEC/Music/Music-0361.wav,T3,0.861276,3.000,review
datasec:DATASEC/Voices/Voices-0634.wav,datasec:DATASEC/Voices/Voices-0677.wav,T3,0.861265,3.000,review
datasec:DATASEC/Voices/Voices-0374.wav,datasec:DATASEC/Voices/Voices-1262.wav,T3,0.861246,3.000,review
datasec:DATASEC/Voices/Voices-0581.wav,datasec:DATASEC/Voices/Voices-1824.wav,T3,0.861231,3.000,review
datasec:DATASEC/Voices/Voices-0374.wav,datasec:DATASEC/Voices/Voices-0643.wav,T3,0.861222,3.000,review
datasec:DATASEC/Voices/Voices-0648.wav,datasec:DATASEC/Voices/Voices-0874.wav,T3,0.861190,3.000,review
datasec:DATASEC/Voices/Voices-1278.wav,datasec:DATASEC/Voices/Voices-1821.wav,T3,0.861188,3.000,review
datasec:DATASEC/Music/Music-0087.wav,datasec:DATASEC/Music/Music-0841.wav,T3,0.861168,5.000,review
datasec:DATASEC/Voices/Voices-1316.wav,datasec:DATASEC/Voices/Voices-1321.wav,T3,0.861165,4.000,review
datasec:DATASEC/Voices/Voices-0980.wav,datasec:DATASEC/Voices/Voices-0999.wav,T3,0.861106,4.000,review
datasec:DATASEC/Voices/Voices-0766.wav,datasec:DATASEC/Voices/Voices-1401.wav,T3,0.861103,3.000,review
datasec:DATASEC/Thunder fireworks and gunshot/Fireworks/Fireworks-0068.wav,datasec:DATASEC/Voices/Voices-1288.wav,T3,0.860928,3.500,review
datasec:DATASEC/Voices/Voices-0640.wav,datasec:DATASEC/Voices/Voices-0659.wav,T3,0.860870,3.000,review
datasec:DATASEC/Voices/Voices-0634.wav,datasec:DATASEC/Voices/Voices-1266.wav,T3,0.860867,3.500,review
datasec:DATASEC/Voices/Voices-1252.wav,datasec:DATASEC/Voices/Voices-1266.wav,T3,0.860866,4.000,review
datasec:DATASEC/Voices/Voices-0814.wav,datasec:DATASEC/Voices/Voices-1421.wav,T3,0.860799,3.000,review
datasec:DATASEC/Voices/Voices-0404.wav,datasec:DATASEC/Voices/Voices-1262.wav,T3,0.860790,3.000,review
datasec:DATASEC/Cicadas and crickets/Cicadas/Cicadas-0048.wav,datasec:DATASEC/Cicadas and crickets/Cicadas/Cicadas-0052.wav,T3,0.860788,16.000,review
datasec:DATASEC/Voices/Voices-0874.wav,datasec:DATASEC/Voices/Voices-0905.wav,T3,0.860778,3.000,review
datasec:DATASEC/Voices/Voices-1228.wav,datasec:DATASEC/Voices/Voices-1262.wav,T3,0.860767,3.000,review
datasec:DATASEC/Thunder fireworks and gunshot/Fireworks/Fireworks-0056.wav,datased:DataSED - DataSED - Dataset for Sound Event Detection of environmental noise/SED_wav/S-0606.wav,T3,0.860712,3.000,review
datasec:DATASEC/Thunder fireworks and gunshot/Fireworks/Fireworks-0056.wav,datased:DataSED - DataSED - Dataset for Sound Event Detection of environmental noise/SED_wav/S-0622.wav,T3,0.860712,3.000,review
datasec:DATASEC/Music/Music-0234.wav,datasec:DATASEC/Music/Music-0630.wav,T3,0.860688,3.000,review
datasec:DATASEC/Voices/Voices-1364.wav,datasec:DATASEC/Voices/Voices-1377.wav,T3,0.860685,4.000,review
datasec:DATASEC/Voices/Voices-0874.wav,datasec:DATASEC/Voices/Voices-0896.wav,T3,0.860675,3.500,review
datasec:DATASEC/Glass breaking/Glass breaking-0045.wav,datasec:DATASEC/Glass breaking/Glass breaking-0050.wav,T3,0.860604,23.500,review
datasec:DATASEC/Voices/Voices-0637.wav,datasec:DATASEC/Voices/Voices-0643.wav,T3,0.860563,3.000,review
datasec:DATASEC/Voices/Voices-1161.wav,datasec:DATASEC/Voices/Voices-1288.wav,T3,0.860559,3.500,review
datasec:DATASEC/Voices/Voices-0682.wav,datasec:DATASEC/Voices/Voices-1232.wav,T3,0.860548,3.000,review
datasec:DATASEC/Voices/Voices-0954.wav,datasec:DATASEC/Voices/Voices-0962.wav,T3,0.860532,3.000,review
datasec:DATASEC/Voices/Voices-0433.wav,datasec:DATASEC/Voices/Voices-1293.wav,T3,0.860523,3.500,review
datasec:DATASEC/Workshop/drill/drill-0003.wav,datasec:DATASEC/Workshop/drill/drill-0004.wav,T3,0.860523,3.000,review
datasec:DATASEC/Voices/Voices-1465.wav,datasec:DATASEC/Voices/Voices-1478.wav,T3,0.860522,3.000,review
datasec:DATASEC/Voices/Voices-1304.wav,datasec:DATASEC/Voices/Voices-1321.wav,T3,0.860478,3.500,review
datasec:DATASEC/Music/Music-0125.wav,datasec:DATASEC/Music/Music-0891.wav,T3,0.860457,8.500,review
datasec:DATASEC/Voices/Voices-0404.wav,datasec:DATASEC/Voices/Voices-0412.wav,T3,0.860333,3.000,review
datasec:DATASEC/Voices/Voices-0840.wav,datasec:DATASEC/Voices/Voices-0846.wav,T3,0.860258,3.000,review
datasec:DATASEC/Voices/Voices-0583.wav,datasec:DATASEC/Voices/Voices-0640.wav,T3,0.860242,4.500,review
datasec:DATASEC/Music/Music-0029.wav,datasec:DATASEC/Music/Music-0071.wav,T3,0.860223,6.500,review
datasec:DATASEC/Voices/Voices-1225.wav,datasec:DATASEC/Voices/Voices-1241.wav,T3,0.860191,3.000,review
datasec:DATASEC/Voices/Voices-0814.wav,datasec:DATASEC/Voices/Voices-0853.wav,T3,0.860189,3.000,review
datasec:DATASEC/Voices/Voices-0791.wav,datasec:DATASEC/Voices/Voices-0851.wav,T3,0.860178,3.000,review
datasec:DATASEC/Music/Music-0891.wav,datased:DataSED - DataSED - Dataset for Sound Event Detection of environmental noise/SED_wav/S-0606.wav,T3,0.860154,3.000,review
datasec:DATASEC/Music/Music-0891.wav,datased:DataSED - DataSED - Dataset for Sound Event Detection of environmental noise/SED_wav/S-0622.wav,T3,0.860154,3.000,review
datasec:DATASEC/Voices/Voices-0529.wav,datasec:DATASEC/Voices/Voices-1015.wav,T3,0.860151,3.000,review
datasec:DATASEC/Voices/Voices-0791.wav,datasec:DATASEC/Voices/Voices-0849.wav,T3,0.860118,3.000,review
datasec:DATASEC/Music/Music-0125.wav,datased:DataSED - DataSED - Dataset for Sound Event Detection of environmental noise/SED_wav/S-0661.wav,T3,0.860101,11.000,review
datasec:DATASEC/Music/Music-0024.wav,datasec:DATASEC/Music/Music-0361.wav,T3,0.860051,3.000,review
datasec:DATASEC/Voices/Voices-0581.wav,datasec:DATASEC/Voices/Voices-0643.wav,T3,0.859986,3.000,review
datasec:DATASEC/Voices/Voices-0826.wav,datasec:DATASEC/Voices/Voices-0926.wav,T3,0.859970,3.000,review
datasec:DATASEC/Voices/Voices-0640.wav,datasec:DATASEC/Voices/Voices-0653.wav,T3,0.859954,3.500,review
datasec:DATASEC/Voices/Voices-0814.wav,datasec:DATASEC/Voices/Voices-0860.wav,T3,0.859920,3.000,review
datasec:DATASEC/Voices/Voices-0634.wav,datasec:DATASEC/Voices/Voices-1278.wav,T3,0.859867,4.000,review
datasec:DATASEC/Voices/Voices-0313.wav,datasec:DATASEC/Voices/Voices-0341.wav,T3,0.859849,3.000,review
datasec:DATASEC/Voices/Voices-1151.wav,datasec:DATASEC/Voices/Voices-1329.wav,T3,0.859838,3.000,review
datasec:DATASEC/Voices/Voices-0413.wav,datasec:DATASEC/Voices/Voices-0637.wav,T3,0.859822,4.000,review
datasec:DATASEC/Voices/Voices-1273.wav,datasec:DATASEC/Voices/Voices-1322.wav,T3,0.859814,5.000,review
datasec:DATASEC/Voices/Voices-0329.wav,datasec:DATASEC/Voices/Voices-0414.wav,T3,0.859743,3.000,review
datasec:DATASEC/Voices/Voices-0814.wav,datasec:DATASEC/Voices/Voices-0900.wav,T3,0.859660,3.000,review
datasec:DATASEC/Thunder fireworks and gunshot/Fireworks/Fireworks-0037.wav,datased:DataSED - DataSED - Dataset for Sound Event Detection of environmental noise/SED_wav/S-0089.wav,T3,0.859639,3.000,review
datasec:DATASEC/Voices/Voices-0978.wav,datasec:DATASEC/Voices/Voices-0999.wav,T3,0.859625,3.000,review
datasec:DATASEC/Voices/Voices-1377.wav,datasec:DATASEC/Voices/Voices-1745.wav,T3,0.859623,3.000,review
datasec:DATASEC/Thunder fireworks and gunshot/Fireworks/Fireworks-0040.wav,datasec:DATASEC/Thunder fireworks and gunshot/Fireworks/Fireworks-0043.wav,T3,0.859621,3.000,review
datasec:DATASEC/Thunder fireworks and gunshot/Fireworks/Fireworks-0064.wav,datasec:DATASEC/Voices/Voices-1232.wav,T3,0.859567,3.000,review
datasec:DATASEC/Voices/Voices-0874.wav,datasec:DATASEC/Voices/Voices-1740.wav,T3,0.859563,3.500,review
datasec:DATASEC/Voices/Voices-0220.wav,datasec:DATASEC/Voices/Voices-0327.wav,T3,0.859550,3.000,review
datasec:DATASEC/Workshop/drill/drill-0002.wav,datasec:DATASEC/Workshop/drill/drill-0004.wav,T3,0.859536,3.500,review
datasec:DATASEC/Voices/Voices-1775.wav,datasec:DATASEC/Voices/Voices-1804.wav,T3,0.859533,3.000,review
datasec:DATASEC/Voices/Voices-0404.wav,datasec:DATASEC/Voices/Voices-0617.wav,T3,0.859526,3.000,review
datasec:DATASEC/Music/Music-0120.wav,datasec:DATASEC/Propeller aircrafts/Helicopters/Helicopters-0023.wav,T3,0.859507,3.000,review
datasec:DATASEC/Voices/Voices-0276.wav,datasec:DATASEC/Voices/Voices-0329.wav,T3,0.859501,3.000,review
datasec:DATASEC/Glass breaking/Glass breaking-0024.wav,datasec:DATASEC/Glass breaking/Glass breaking-0080.wav,T3,0.859491,4.500,review
datasec:DATASEC/Voices/Voices-1006.wav,datasec:DATASEC/Voices/Voices-1009.wav,T3,0.859471,3.000,review
datasec:DATASEC/Voices/Voices-0766.wav,datasec:DATASEC/Voices/Voices-0769.wav,T3,0.859456,3.500,review
datasec:DATASEC/Music/Music-0225.wav,datasec:DATASEC/Music/Music-0841.wav,T3,0.859428,14.000,review
datasec:DATASEC/Voices/Voices-0374.wav,datasec:DATASEC/Voices/Voices-1804.wav,T3,0.859407,3.000,review
datasec:DATASEC/Voices/Voices-0342.wav,datasec:DATASEC/Voices/Voices-1776.wav,T3,0.859402,3.000,review
datasec:DATASEC/Voices/Voices-1293.wav,datasec:DATASEC/Voices/Voices-1336.wav,T3,0.859395,4.000,review
datasec:DATASEC/Voices/Voices-0326.wav,datasec:DATASEC/Voices/Voices-1262.wav,T3,0.859387,4.000,review
datasec:DATASEC/Voices/Voices-1006.wav,datasec:DATASEC/Voices/Voices-1014.wav,T3,0.859355,3.000,review
datasec:DATASEC/Voices/Voices-0783.wav,datasec:DATASEC/Voices/Voices-0856.wav,T3,0.859301,3.000,review
datasec:DATASEC/Cicadas and crickets/Crickets/Crickets-0016.wav,datasec:DATASEC/Cicadas and crickets/Crickets/Crickets-0019.wav,T3,0.859288,3.000,review
datasec:DATASEC/Voices/Voices-0388.wav,datasec:DATASEC/Voices/Voices-1262.wav,T3,0.859287,3.000,review
datasec:DATASEC/Voices/Voices-0814.wav,datasec:DATASEC/Voices/Voices-0846.wav,T3,0.859276,3.000,review
datasec:DATASEC/Voices/Voices-0267.wav,datasec:DATASEC/Voices/Voices-1800.wav,T3,0.859270,3.000,review
datasec:DATASEC/Voices/Voices-0433.wav,datasec:DATASEC/Voices/Voices-0634.wav,T3,0.859244,3.000,review
datasec:DATASEC/Voices/Voices-0267.wav,datasec:DATASEC/Voices/Voices-0342.wav,T3,0.859197,3.500,review
datasec:DATASEC/Voices/Voices-0370.wav,datasec:DATASEC/Voices/Voices-0392.wav,T3,0.859195,3.000,review
datasec:DATASEC/Voices/Voices-0651.wav,datasec:DATASEC/Voices/Voices-1676.wav,T3,0.859190,3.000,review
datasec:DATASEC/Voices/Voices-0374.wav,datasec:DATASEC/Voices/Voices-0439.wav,T3,0.859162,3.000,review
datasec:DATASEC/Voices/Voices-0849.wav,datasec:DATASEC/Voices/Voices-1465.wav,T3,0.859148,3.000,review
datasec:DATASEC/Voices/Voices-1232.wav,datasec:DATASEC/Voices/Voices-1288.wav,T3,0.859143,3.000,review
datasec:DATASEC/Glass breaking/Glass breaking-0032.wav,datasec:DATASEC/Glass breaking/Glass breaking-0036.wav,T3,0.859138,12.000,review
datasec:DATASEC/Voices/Voices-1228.wav,datasec:DATASEC/Voices/Voices-1253.wav,T3,0.859133,3.000,review
datasec:DATASEC/Voices/Voices-0640.wav,datasec:DATASEC/Voices/Voices-0658.wav,T3,0.859126,3.000,review
datasec:DATASEC/Voices/Voices-0329.wav,datasec:DATASEC/Voices/Voices-0394.wav,T3,0.859081,3.500,review
datasec:DATASEC/Voices/Voices-0153.wav,datasec:DATASEC/Voices/Voices-0220.wav,T3,0.859056,3.000,review
datasec:DATASEC/Voices/Voices-1336.wav,datasec:DATASEC/Voices/Voices-1798.wav,T3,0.859027,3.000,review
datasec:DATASEC/Voices/Voices-0342.wav,datasec:DATASEC/Voices/Voices-1801.wav,T3,0.859024,3.000,review
datasec:DATASEC/Voices/Voices-0859.wav,datasec:DATASEC/Voices/Voices-1824.wav,T3,0.859019,3.000,review
datasec:DATASEC/Propeller aircrafts/Helicopters/Helicopters-0058.wav,datased:DataSED - DataSED - Dataset for Sound Event Detection of environmental noise/SED_wav/S-0594.wav,T3,0.859012,15.000,review
datasec:DATASEC/Voices/Voices-1798.wav,datasec:DATASEC/Voices/Voices-1801.wav,T3,0.859009,3.500,review
datased:DataSED - DataSED - Dataset for Sound Event Detection of environmental noise/SED_wav/S-0387.wav,datased:DataSED - DataSED - Dataset for Sound Event Detection of environmental noise/SED_wav/S-0388.wav,T3,0.859004,25.500,review
datasec:DATASEC/Voices/Voices-0267.wav,datasec:DATASEC/Voices/Voices-0366.wav,T3,0.858989,3.000,review
datasec:DATASEC/Voices/Voices-1246.wav,datasec:DATASEC/Voices/Voices-1288.wav,T3,0.858957,3.000,review
datasec:DATASEC/Voices/Voices-0342.wav,datasec:DATASEC/Voices/Voices-1267.wav,T3,0.858931,3.500,review
datasec:DATASEC/Voices/Voices-0213.wav,datasec:DATASEC/Voices/Voices-0231.wav,T3,0.858898,4.500,review
datasec:DATASEC/Voices/Voices-0980.wav,datasec:DATASEC/Voices/Voices-1032.wav,T3,0.858889,3.000,review
datasec:DATASEC/Voices/Voices-0423.wav,datasec:DATASEC/Voices/Voices-0586.wav,T3,0.858876,3.000,review
datasec:DATASEC/Voices/Voices-0576.wav,datasec:DATASEC/Voices/Voices-0634.wav,T3,0.858852,3.000,review
datasec:DATASEC/Voices/Voices-0987.wav,datasec:DATASEC/Voices/Voices-1024.wav,T3,0.858823,3.000,review
datasec:DATASEC/Voices/Voices-1282.wav,datasec:DATASEC/Voices/Voices-1318.wav,T3,0.858816,3.000,review
datasec:DATASEC/Voices/Voices-0568.wav,datasec:DATASEC/Voices/Voices-0667.wav,T3,0.858807,3.000,review
datasec:DATASEC/Voices/Voices-0806.wav,datasec:DATASEC/Voices/Voices-0814.wav,T3,0.858788,3.000,review
datasec:DATASEC/Music/Music-0120.wav,datasec:DATASEC/Music/Music-0630.wav,T3,0.858776,3.000,review
datasec:DATASEC/Voices/Voices-0661.wav,datasec:DATASEC/Voices/Voices-0677.wav,T3,0.858720,3.000,review
datasec:DATASEC/Thunder fireworks and gunshot/Fireworks/Fireworks-0039.wav,datasec:DATASEC/Voices/Voices-1278.wav,T3,0.858707,3.000,review
datasec:DATASEC/Music/Music-0466.wav,datasec:DATASEC/Music/Music-0835.wav,T3,0.858639,3.000,review
datasec:DATASEC/Cicadas and crickets/Cicadas/Cicadas-0007.wav,datasec:DATASEC/Cicadas and crickets/Cicadas/Cicadas-0048.wav,T3,0.858576,19.000,review
datasec:DATASEC/Voices/Voices-0840.wav,datasec:DATASEC/Voices/Voices-0841.wav,T3,0.858543,3.000,review
datasec:DATASEC/Voices/Voices-1387.wav,datasec:DATASEC/Voices/Voices-1401.wav,T3,0.858530,3.000,review
datasec:DATASEC/Voices/Voices-0981.wav,datasec:DATASEC/Voices/Voices-1015.wav,T3,0.858462,3.000,review
datasec:DATASEC/Music/Music-0037.wav,datasec:DATASEC/Voices/Voices-1278.wav,T3,0.858452,3.000,review
datasec:DATASEC/Music/Music-0198.wav,datasec:DATASEC/Music/Music-0891.wav,T3,0.858451,3.000,review
datasec:DATASEC/Voices/Voices-0342.wav,datasec:DATASEC/Voices/Voices-1206.wav,T3,0.858427,3.000,review
datasec:DATASEC/Voices/Voices-1016.wav,datasec:DATASEC/Voices/Voices-1024.wav,T3,0.858408,3.000,review
datasec:DATASEC/Voices/Voices-0517.wav,datasec:DATASEC/Voices/Voices-1401.wav,T3,0.858404,3.000,review
datasec:DATASEC/Voices/Voices-0783.wav,datasec:DATASEC/Voices/Voices-0846.wav,T3,0.858387,3.000,review
datasec:DATASEC/Voices/Voices-1273.wav,datasec:DATASEC/Voices/Voices-1304.wav,T3,0.858356,5.500,review
datasec:DATASEC/Voices/Voices-1322.wav,datasec:DATASEC/Voices/Voices-1336.wav,T3,0.858333,4.000,review
datasec:DATASEC/Voices/Voices-0414.wav,datasec:DATASEC/Voices/Voices-0682.wav,T3,0.858320,3.000,review
datasec:DATASEC/Voices/Voices-0583.wav,datasec:DATASEC/Voices/Voices-0651.wav,T3,0.858319,3.000,review
datasec:DATASEC/Voices/Voices-1328.wav,datasec:DATASEC/Voices/Voices-1341.wav,T3,0.858277,3.000,review
datasec:DATASEC/Voices/Voices-0327.wav,datasec:DATASEC/Voices/Voices-0423.wav,T3,0.858253,3.000,review
datasec:DATASEC/Voices/Voices-0840.wav,datasec:DATASEC/Voices/Voices-0889.wav,T3,0.858184,3.000,review
datasec:DATASEC/Voices/Voices-0853.wav,datasec:DATASEC/Voices/Voices-0895.wav,T3,0.858172,3.000,review
datasec:DATASEC/Voices/Voices-0414.wav,datasec:DATASEC/Voices/Voices-1288.wav,T3,0.858162,3.000,review
datasec:DATASEC/Thunder fireworks and gunshot/Fireworks/Fireworks-0040.wav,datasec:DATASEC/Thunder fireworks and gunshot/Fireworks/Fireworks-0068.wav,T3,0.858160,3.500,review
datasec:DATASEC/Voices/Voices-0814.wav,datasec:DATASEC/Voices/Voices-0980.wav,T3,0.858153,3.000,review
datasec:DATASEC/Voices/Voices-1282.wav,datasec:DATASEC/Voices/Voices-1304.wav,T3,0.858144,3.500,review
datasec:DATASEC/Voices/Voices-1015.wav,datasec:DATASEC/Voices/Voices-1742.wav,T3,0.858133,3.000,review
datasec:DATASEC/Voices/Voices-0978.wav,datasec:DATASEC/Voices/Voices-1241.wav,T3,0.858119,3.000,review
datasec:DATASEC/Sirens and alarms/Sirens/Sirens-0006.wav,datasec:DATASEC/Sirens and alarms/Sirens/Sirens-0019.wav,T3,0.858104,3.500,review
datasec:DATASEC/Voices/Voices-0581.wav,datasec:DATASEC/Voices/Voices-1401.wav,T3,0.858090,3.000,review
datasec:DATASEC/Music/Music-0125.wav,datasec:DATASEC/Music/Music-0178.wav,T3,0.858063,3.000,review
datasec:DATASEC/Music/Music-0037.wav,datasec:DATASEC/Thunder fireworks and gunshot/Fireworks/Fireworks-0043.wav,T3,0.858015,3.000,review
datasec:DATASEC/Voices/Voices-0826.wav,datasec:DATASEC/Voices/Voices-0841.wav,T3,0.857976,3.000,review
datasec:DATASEC/Voices/Voices-1161.wav,datasec:DATASEC/Voices/Voices-1232.wav,T3,0.857957,3.000,review
datasec:DATASEC/Workshop/drill/drill-0003.wav,datasec:DATASEC/Workshop/drill/drill-0031.wav,T3,0.857932,4.000,review
datasec:DATASEC/Voices/Voices-0028.wav,datasec:DATASEC/Voices/Voices-0045.wav,T3,0.857925,3.000,review
datasec:DATASEC/Music/Music-0087.wav,datasec:DATASEC/Music/Music-0320.wav,T3,0.857905,3.000,review
datasec:DATASEC/Bells/Bells-0042.wav,datasec:DATASEC/Bells/Bells-0045.wav,T3,0.857891,4.000,review
datasec:DATASEC/Voices/Voices-1006.wav,datasec:DATASEC/Voices/Voices-1016.wav,T3,0.857890,4.000,review
datasec:DATASEC/Voices/Voices-1206.wav,datasec:DATASEC/Voices/Voices-1225.wav,T3,0.857854,3.000,review
datasec:DATASEC/Voices/Voices-0677.wav,datasec:DATASEC/Voices/Voices-0681.wav,T3,0.857836,3.000,review
datasec:DATASEC/Voices/Voices-0814.wav,datasec:DATASEC/Voices/Voices-1262.wav,T3,0.857827,3.000,review
datasec:DATASEC/Voices/Voices-0651.wav,datasec:DATASEC/Voices/Voices-1253.wav,T3,0.857814,4.000,review
datasec:DATASEC/Voices/Voices-0220.wav,datasec:DATASEC/Voices/Voices-0374.wav,T3,0.857813,3.000,review
datasec:DATASEC/Voices/Voices-0633.wav,datasec:DATASEC/Voices/Voices-0651.wav,T3,0.857807,3.500,review
datasec:DATASEC/Voices/Voices-0329.wav,datasec:DATASEC/Voices/Voices-0682.wav,T3,0.857798,3.000,review
datasec:DATASEC/Voices/Voices-1803.wav,datasec:DATASEC/Voices/Voices-1824.wav,T3,0.857794,3.000,review
datasec:DATASEC/Voices/Voices-1014.wav,datasec:DATASEC/Voices/Voices-1015.wav,T3,0.857696,3.000,review
datasec:DATASEC/Voices/Voices-0329.wav,datasec:DATASEC/Voices/Voices-0413.wav,T3,0.857687,3.500,review
datasec:DATASEC/Voices/Voices-0791.wav,datasec:DATASEC/Voices/Voices-0905.wav,T3,0.857687,3.000,review
datasec:DATASEC/Voices/Voices-1228.wav,datasec:DATASEC/Voices/Voices-1824.wav,T3,0.857685,3.000,review
datasec:DATASEC/Workshop/drill/drill-0004.wav,datased:DataSED - DataSED - Dataset for Sound Event Detection of environmental noise/SED_wav/S-0323.wav,T3,0.857685,3.000,review
datasec:DATASEC/Voices/Voices-0374.wav,datasec:DATASEC/Voices/Voices-0641.wav,T3,0.857674,3.000,review
datasec:DATASEC/Voices/Voices-0874.wav,datasec:DATASEC/Voices/Voices-1262.wav,T3,0.857664,3.500,review
datasec:DATASEC/Voices/Voices-0648.wav,datasec:DATASEC/Voices/Voices-0681.wav,T3,0.857661,3.500,review
datasec:DATASEC/Voices/Voices-1374.wav,datasec:DATASEC/Voices/Voices-1377.wav,T3,0.857644,3.000,review
datasec:DATASEC/Voices/Voices-0774.wav,datasec:DATASEC/Voices/Voices-1232.wav,T3,0.857627,3.000,review
datasec:DATASEC/Voices/Voices-0404.wav,datasec:DATASEC/Voices/Voices-1278.wav,T3,0.857578,3.500,review
datasec:DATASEC/Voices/Voices-0285.wav,datasec:DATASEC/Voices/Voices-0404.wav,T3,0.857507,4.000,review
datasec:DATASEC/Voices/Voices-0143.wav,datasec:DATASEC/Voices/Voices-0231.wav,T3,0.857493,3.000,review
datasec:DATASEC/Voices/Voices-1798.wav,datasec:DATASEC/Voices/Voices-1824.wav,T3,0.857464,3.000,review
datasec:DATASEC/Voices/Voices-1238.wav,datasec:DATASEC/Voices/Voices-1267.wav,T3,0.857435,4.000,review
datasec:DATASEC/Voices/Voices-0646.wav,datasec:DATASEC/Voices/Voices-0651.wav,T3,0.857386,3.000,review
datasec:DATASEC/Voices/Voices-0633.wav,datasec:DATASEC/Voices/Voices-1262.wav,T3,0.857381,3.000,review
datasec:DATASEC/Voices/Voices-0582.wav,datasec:DATASEC/Voices/Voices-0677.wav,T3,0.857378,3.000,review
datasec:DATASEC/Voices/Voices-0341.wav,datasec:DATASEC/Voices/Voices-0374.wav,T3,0.857363,3.000,review
datasec:DATASEC/Voices/Voices-1676.wav,datasec:DATASEC/Voices/Voices-1745.wav,T3,0.857349,3.000,review
datasec:DATASEC/Voices/Voices-0869.wav,datasec:DATASEC/Voices/Voices-0895.wav,T3,0.857305,3.000,review
datasec:DATASEC/Music/Music-0087.wav,datasec:DATASEC/Music/Music-0871.wav,T3,0.857302,3.000,review
datasec:DATASEC/Voices/Voices-1285.wav,datasec:DATASEC/Voices/Voices-1819.wav,T3,0.857285,3.500,review
datasec:DATASEC/Voices/Voices-0980.wav,datasec:DATASEC/Voices/Voices-0987.wav,T3,0.857276,4.000,review
datasec:DATASEC/Music/Music-0467.wav,datasec:DATASEC/Music/Music-0891.wav,T3,0.857256,3.000,review
datasec:DATASEC/Thunder fireworks and gunshot/Fireworks/Fireworks-0038.wav,datasec:DATASEC/Voices/Voices-1288.wav,T3,0.857246,3.500,review
datasec:DATASEC/Voices/Voices-0374.wav,datasec:DATASEC/Voices/Voices-1775.wav,T3,0.857219,3.000,review
datasec:DATASEC/Voices/Voices-1777.wav,datasec:DATASEC/Voices/Voices-1824.wav,T3,0.857129,3.000,review
datasec:DATASEC/Voices/Voices-0143.wav,datasec:DATASEC/Voices/Voices-0224.wav,T3,0.857125,3.000,review
datasec:DATASEC/Glass breaking/Glass breaking-0047.wav,datasec:DATASEC/Glass breaking/Glass breaking-0050.wav,T3,0.857121,25.000,review
datasec:DATASEC/Voices/Voices-0082.wav,datasec:DATASEC/Voices/Voices-0246.wav,T3,0.857105,3.000,review
datasec:DATASEC/Voices/Voices-0581.wav,datasec:DATASEC/Voices/Voices-0682.wav,T3,0.857095,3.500,review
datasec:DATASEC/Voices/Voices-0661.wav,datasec:DATASEC/Voices/Voices-1262.wav,T3,0.857092,4.000,review
datasec:DATASEC/Music/Music-0125.wav,datasec:DATASEC/Music/Music-0198.wav,T3,0.857050,17.500,review
datasec:DATASEC/Voices/Voices-0840.wav,datasec:DATASEC/Voices/Voices-0853.wav,T3,0.857048,4.000,review
datasec:DATASEC/Voices/Voices-0980.wav,datasec:DATASEC/Voices/Voices-1003.wav,T3,0.857044,4.000,review
datasec:DATASEC/Voices/Voices-0651.wav,datasec:DATASEC/Voices/Voices-1812.wav,T3,0.857030,5.000,review
datasec:DATASEC/Voices/Voices-0826.wav,datasec:DATASEC/Voices/Voices-0856.wav,T3,0.857026,3.000,review
datasec:DATASEC/Voices/Voices-1783.wav,datasec:DATASEC/Voices/Voices-1800.wav,T3,0.857024,3.000,review
datasec:DATASEC/Voices/Voices-0342.wav,datasec:DATASEC/Voices/Voices-1323.wav,T3,0.857014,3.500,review
datasec:DATASEC/Voices/Voices-1273.wav,datasec:DATASEC/Voices/Voices-1282.wav,T3,0.856997,3.500,review
datasec:DATASEC/Voices/Voices-0322.wav,datasec:DATASEC/Voices/Voices-0374.wav,T3,0.856951,3.000,review
datasec:DATASEC/Voices/Voices-0874.wav,datasec:DATASEC/Voices/Voices-1690.wav,T3,0.856940,3.500,review
datasec:DATASEC/Voices/Voices-1285.wav,datasec:DATASEC/Voices/Voices-1318.wav,T3,0.856892,3.000,review
datasec:DATASEC/Music/Music-0029.wav,datasec:DATASEC/Thunder fireworks and gunshot/Fireworks/Fireworks-0043.wav,T3,0.856876,3.000,review
datasec:DATASEC/Voices/Voices-1318.wav,datasec:DATASEC/Voices/Voices-1693.wav,T3,0.856873,3.000,review
datasec:DATASEC/Voices/Voices-0846.wav,datasec:DATASEC/Voices/Voices-0896.wav,T3,0.856858,3.000,review
datasec:DATASEC/Thunder fireworks and gunshot/Fireworks/Fireworks-0043.wav,datasec:DATASEC/Voices/Voices-1676.wav,T3,0.856842,3.000,review
datasec:DATASEC/Voices/Voices-0581.wav,datasec:DATASEC/Voices/Voices-0633.wav,T3,0.856782,3.500,review
datasec:DATASEC/Voices/Voices-0987.wav,datasec:DATASEC/Voices/Voices-1026.wav,T3,0.856744,3.000,review
datasec:DATASEC/Voices/Voices-0413.wav,datasec:DATASEC/Voices/Voices-0414.wav,T3,0.856727,5.000,review
datasec:DATASEC/Voices/Voices-0826.wav,datasec:DATASEC/Voices/Voices-1465.wav,T3,0.856717,3.000,review
datasec:DATASEC/Voices/Voices-0814.wav,datasec:DATASEC/Voices/Voices-0869.wav,T3,0.856715,3.000,review
datasec:DATASEC/Voices/Voices-1016.wav,datasec:DATASEC/Voices/Voices-1032.wav,T3,0.856683,5.500,review
datasec:DATASEC/Thunder fireworks and gunshot/Fireworks/Fireworks-0063.wav,datasec:DATASEC/Voices/Voices-1232.wav,T3,0.856677,3.000,review
datasec:DATASEC/Voices/Voices-0874.wav,datasec:DATASEC/Voices/Voices-1380.wav,T3,0.856663,3.500,review
datasec:DATASEC/Voices/Voices-0905.wav,datasec:DATASEC/Voices/Voices-1401.wav,T3,0.856627,3.000,review
datasec:DATASEC/Glass breaking/Glass breaking-0039.wav,datasec:DATASEC/Glass breaking/Glass breaking-0042.wav,T3,0.856617,3.000,review
datasec:DATASEC/Voices/Voices-0634.wav,datasec:DATASEC/Voices/Voices-0643.wav,T3,0.856530,4.000,review
datasec:DATASEC/Voices/Voices-0667.wav,datasec:DATASEC/Voices/Voices-1776.wav,T3,0.856513,3.500,review
datasec:DATASEC/Voices/Voices-0646.wav,datasec:DATASEC/Voices/Voices-0655.wav,T3,0.856487,3.000,review
datasec:DATASEC/Voices/Voices-0648.wav,datasec:DATASEC/Voices/Voices-0849.wav,T3,0.856446,3.000,review
datasec:DATASEC/Voices/Voices-1323.wav,datasec:DATASEC/Voices/Voices-1328.wav,T3,0.856442,3.000,review
datasec:DATASEC/Voices/Voices-1224.wav,datasec:DATASEC/Voices/Voices-1262.wav,T3,0.856423,3.000,review
datasec:DATASEC/Voices/Voices-0342.wav,datasec:DATASEC/Voices/Voices-0356.wav,T3,0.856413,3.500,review
datasec:DATASEC/Voices/Voices-0896.wav,datasec:DATASEC/Voices/Voices-1411.wav,T3,0.856377,4.500,review
datasec:DATASEC/Voices/Voices-0342.wav,datasec:DATASEC/Voices/Voices-0439.wav,T3,0.856376,3.000,review
datasec:DATASEC/Cicadas and crickets/Cicadas/Cicadas-0010.wav,datasec:DATASEC/Cicadas and crickets/Cicadas/Cicadas-0048.wav,T3,0.856366,5.000,review
datasec:DATASEC/Voices/Voices-1374.wav,datasec:DATASEC/Voices/Voices-1411.wav,T3,0.856365,4.000,review
datasec:DATASEC/Bells/Bells-0011.wav,datasec:DATASEC/Bells/Bells-0013.wav,T3,0.856344,22.000,review
datasec:DATASEC/Cat fights and moans/Cat fights and moans-0010.wav,datasec:DATASEC/Cat fights and moans/Cat fights and moans-0011.wav,T3,0.856294,4.500,review
datasec:DATASEC/Voices/Voices-1014.wav,datasec:DATASEC/Voices/Voices-1032.wav,T3,0.856277,3.500,review
datasec:DATASEC/Voices/Voices-1232.wav,datasec:DATASEC/Voices/Voices-1812.wav,T3,0.856248,3.000,review
datasec:DATASEC/Glass breaking/Glass breaking-0041.wav,datasec:DATASEC/Glass breaking/Glass breaking-0055.wav,T3,0.856242,3.000,review
datasec:DATASEC/Voices/Voices-1791.wav,datasec:DATASEC/Voices/Voices-1801.wav,T3,0.856240,3.000,review
datasec:DATASEC/Voices/Voices-1308.wav,datasec:DATASEC/Voices/Voices-1312.wav,T3,0.856224,3.000,review
datasec:DATASEC/Voices/Voices-1312.wav,datasec:DATASEC/Voices/Voices-1783.wav,T3,0.856207,3.000,review
datasec:DATASEC/Voices/Voices-1466.wav,datasec:DATASEC/Voices/Voices-1478.wav,T3,0.856179,3.500,review
datasec:DATASEC/Voices/Voices-0758.wav,datasec:DATASEC/Voices/Voices-0766.wav,T3,0.856153,3.500,review
datasec:DATASEC/Voices/Voices-0651.wav,datasec:DATASEC/Voices/Voices-0682.wav,T3,0.856150,3.000,review
datasec:DATASEC/Voices/Voices-0342.wav,datasec:DATASEC/Voices/Voices-1253.wav,T3,0.856138,3.000,review
datasec:DATASEC/Voices/Voices-0568.wav,datasec:DATASEC/Voices/Voices-1015.wav,T3,0.856132,3.000,review
datasec:DATASEC/Music/Music-0167.wav,datasec:DATASEC/Music/Music-0234.wav,T3,0.856121,3.000,review
datasec:DATASEC/Voices/Voices-1206.wav,datasec:DATASEC/Voices/Voices-1787.wav,T3,0.856077,3.000,review
datasec:DATASEC/Voices/Voices-0329.wav,datasec:DATASEC/Voices/Voices-0661.wav,T3,0.856037,3.000,review
datasec:DATASEC/Voices/Voices-1015.wav,datasec:DATASEC/Voices/Voices-1026.wav,T3,0.856031,3.000,review
datasec:DATASEC/Voices/Voices-1302.wav,datasec:DATASEC/Voices/Voices-1329.wav,T3,0.856029,6.000,review
datasec:DATASEC/Thunder fireworks and gunshot/Fireworks/Fireworks-0043.wav,datasec:DATASEC/Voices/Voices-1824.wav,T3,0.856009,3.000,review
datasec:DATASEC/Music/Music-0168.wav,datasec:DATASEC/Music/Music-0328.wav,T3,0.855993,3.000,review
datasec:DATASEC/Voices/Voices-1024.wav,datasec:DATASEC/Voices/Voices-1028.wav,T3,0.855971,3.000,review
datasec:DATASEC/Voices/Voices-0826.wav,datasec:DATASEC/Voices/Voices-0860.wav,T3,0.855902,3.000,review
datasec:DATASEC/Voices/Voices-1293.wav,datasec:DATASEC/Voices/Voices-1304.wav,T3,0.855885,5.000,review
datasec:DATASEC/Voices/Voices-0326.wav,datasec:DATASEC/Voices/Voices-0329.wav,T3,0.855884,3.000,review
datasec:DATASEC/Voices/Voices-0414.wav,datasec:DATASEC/Voices/Voices-1329.wav,T3,0.855874,3.500,review
datasec:DATASEC/Voices/Voices-1304.wav,datasec:DATASEC/Voices/Voices-1322.wav,T3,0.855864,4.000,review
datasec:DATASEC/Music/Music-0152.wav,datasec:DATASEC/Music/Music-0234.wav,T3,0.855847,3.000,review
datasec:DATASEC/Voices/Voices-1377.wav,datasec:DATASEC/Voices/Voices-1401.wav,T3,0.855841,3.000,review
datasec:DATASEC/Voices/Voices-0277.wav,datasec:DATASEC/Voices/Voices-1206.wav,T3,0.855782,3.000,review
datasec:DATASEC/Voices/Voices-1028.wav,datasec:DATASEC/Voices/Voices-1032.wav,T3,0.855778,4.000,review
datasec:DATASEC/Voices/Voices-0915.wav,datasec:DATASEC/Voices/Voices-1003.wav,T3,0.855774,5.500,review
datasec:DATASEC/Music/Music-0198.wav,datasec:DATASEC/Music/Music-0385.wav,T3,0.855758,4.000,review
datasec:DATASEC/Voices/Voices-0370.wav,datasec:DATASEC/Voices/Voices-1232.wav,T3,0.855735,3.000,review
datasec:DATASEC/Voices/Voices-0926.wav,datasec:DATASEC/Voices/Voices-1032.wav,T3,0.855720,3.500,review
datasec:DATASEC/Voices/Voices-0581.wav,datasec:DATASEC/Voices/Voices-0586.wav,T3,0.855702,3.000,review
datasec:DATASEC/Voices/Voices-0634.wav,datasec:DATASEC/Voices/Voices-1808.wav,T3,0.855695,3.000,review
datasec:DATASEC/Voices/Voices-0666.wav,datasec:DATASEC/Voices/Voices-0667.wav,T3,0.855691,3.000,review
datasec:DATASEC/Voices/Voices-0874.wav,datasec:DATASEC/Voices/Voices-0889.wav,T3,0.855665,3.000,review
datasec:DATASEC/Voices/Voices-0342.wav,datasec:DATASEC/Voices/Voices-0651.wav,T3,0.855661,3.000,review
datasec:DATASEC/Voices/Voices-1266.wav,datasec:DATASEC/Voices/Voices-1767.wav,T3,0.855661,3.000,review
datasec:DATASEC/Voices/Voices-1401.wav,datasec:DATASEC/Voices/Voices-1745.wav,T3,0.855645,3.000,review
datasec:DATASEC/Thunder fireworks and gunshot/Fireworks/Fireworks-0038.wav,datasec:DATASEC/Voices/Voices-1824.wav,T3,0.855612,3.000,review
datasec:DATASEC/Voices/Voices-1266.wav,datasec:DATASEC/Voices/Voices-1401.wav,T3,0.855569,3.000,review
datasec:DATASEC/Voices/Voices-0433.wav,datasec:DATASEC/Voices/Voices-0636.wav,T3,0.855552,3.000,review
datasec:DATASEC/Voices/Voices-1316.wav,datasec:DATASEC/Voices/Voices-1800.wav,T3,0.855530,3.000,review
datasec:DATASEC/Voices/Voices-0342.wav,datasec:DATASEC/Voices/Voices-0869.wav,T3,0.855524,3.000,review
datasec:DATASEC/Voices/Voices-0637.wav,datasec:DATASEC/Voices/Voices-0648.wav,T3,0.855498,3.500,review
datasec:DATASEC/Music/Music-0385.wav,datasec:DATASEC/Music/Music-0891.wav,T3,0.855458,4.500,review
datasec:DATASEC/Voices/Voices-0791.wav,datasec:DATASEC/Voices/Voices-1742.wav,T3,0.855451,3.000,review
datased:DataSED - DataSED - Dataset for Sound Event Detection of environmental noise/SED_wav/S-0121.wav,datased:DataSED - DataSED - Dataset for Sound Event Detection of environmental noise/SED_wav/S-0145.wav,T3,0.855443,11.500,review
datasec:DATASEC/Voices/Voices-1232.wav,datasec:DATASEC/Voices/Voices-1819.wav,T3,0.855421,3.000,review
datasec:DATASEC/Voices/Voices-0225.wav,datasec:DATASEC/Voices/Voices-0329.wav,T3,0.855385,3.000,review
datasec:DATASEC/Voices/Voices-1364.wav,datasec:DATASEC/Voices/Voices-1374.wav,T3,0.855358,3.000,review
datasec:DATASEC/Voices/Voices-0329.wav,datasec:DATASEC/Voices/Voices-0677.wav,T3,0.855340,3.000,review
datasec:DATASEC/Voices/Voices-1246.wav,datasec:DATASEC/Voices/Voices-1253.wav,T3,0.855260,3.500,review
datasec:DATASEC/Music/Music-0390.wav,datasec:DATASEC/Voices/Voices-0651.wav,T3,0.855221,3.500,review
datasec:DATASEC/Voices/Voices-0667.wav,datasec:DATASEC/Voices/Voices-0758.wav,T3,0.855197,4.000,review
datasec:DATASEC/Voices/Voices-0082.wav,datasec:DATASEC/Voices/Voices-0177.wav,T3,0.855193,4.500,review
datasec:DATASEC/Music/Music-0037.wav,datasec:DATASEC/Voices/Voices-1603.wav,T3,0.855188,3.000,review
datasec:DATASEC/Voices/Voices-0366.wav,datasec:DATASEC/Voices/Voices-0634.wav,T3,0.855188,3.000,review
datased:DataSED - DataSED - Dataset for Sound Event Detection of environmental noise/SED_wav/S-0160.wav,datased:DataSED - DataSED - Dataset for Sound Event Detection of environmental noise/SED_wav/S-0265.wav,T3,0.855169,3.000,review
datasec:DATASEC/Voices/Voices-0641.wav,datasec:DATASEC/Voices/Voices-1232.wav,T3,0.855159,3.000,review
datasec:DATASEC/Music/Music-0087.wav,datasec:DATASEC/Music/Music-0891.wav,T3,0.855156,5.500,review
datasec:DATASEC/Voices/Voices-1800.wav,datasec:DATASEC/Voices/Voices-1824.wav,T3,0.855152,3.000,review
datasec:DATASEC/Voices/Voices-0329.wav,datasec:DATASEC/Voices/Voices-1329.wav,T3,0.855121,3.000,review
datasec:DATASEC/Voices/Voices-0651.wav,datasec:DATASEC/Voices/Voices-0874.wav,T3,0.855105,3.500,review
datasec:DATASEC/Voices/Voices-0859.wav,datasec:DATASEC/Voices/Voices-0895.wav,T3,0.855041,3.000,review
datasec:DATASEC/Voices/Voices-0905.wav,datasec:DATASEC/Voices/Voices-1411.wav,T3,0.855024,3.000,review
datasec:DATASEC/Voices/Voices-1262.wav,datasec:DATASEC/Voices/Voices-1411.wav,T3,0.855024,4.500,review
datasec:DATASEC/Thunder fireworks and gunshot/Fireworks/Fireworks-0037.wav,datasec:DATASEC/Thunder fireworks and gunshot/Fireworks/Fireworks-0043.wav,T3,0.855010,3.000,review
datasec:DATASEC/Cicadas and crickets/Cicadas/Cicadas-0051.wav,datasec:DATASEC/Music/Music-0037.wav,T3,0.854994,4.000,review
datasec:DATASEC/Voices/Voices-0791.wav,datasec:DATASEC/Voices/Voices-0846.wav,T3,0.854923,3.000,review
datasec:DATASEC/Voices/Voices-0999.wav,datasec:DATASEC/Voices/Voices-1032.wav,T3,0.854920,6.000,review
datasec:DATASEC/Music/Music-0110.wav,datasec:DATASEC/Music/Music-0198.wav,T3,0.854908,3.000,review
datasec:DATASEC/Voices/Voices-0080.wav,datasec:DATASEC/Voices/Voices-1775.wav,T3,0.854904,3.000,review
datasec:DATASEC/Thunder fireworks and gunshot/Fireworks/Fireworks-0038.wav,datasec:DATASEC/Thunder fireworks and gunshot/Fireworks/Fireworks-0067.wav,T3,0.854875,10.500,review
datasec:DATASEC/Voices/Voices-1253.wav,datasec:DATASEC/Voices/Voices-1776.wav,T3,0.854872,3.000,review
datasec:DATASEC/Vacuum cleaner fan and hairdryer/fan/fan-0013.wav,datasec:DATASEC/Workshop/drill/drill-0004.wav,T3,0.854866,3.000,review
datasec:DATASEC/Voices/Voices-0826.wav,datasec:DATASEC/Voices/Voices-0889.wav,T3,0.854866,3.000,review
datasec:DATASEC/Voices/Voices-0342.wav,datasec:DATASEC/Voices/Voices-0758.wav,T3,0.854864,3.000,review
datasec:DATASEC/Voices/Voices-1336.wav,datasec:DATASEC/Voices/Voices-1804.wav,T3,0.854860,3.000,review
datasec:DATASEC/Voices/Voices-0915.wav,datasec:DATASEC/Voices/Voices-0968.wav,T3,0.854823,3.000,review
datasec:DATASEC/Voices/Voices-0841.wav,datasec:DATASEC/Voices/Voices-0849.wav,T3,0.854792,3.000,review
datasec:DATASEC/Glass breaking/Glass breaking-0036.wav,datasec:DATASEC/Glass breaking/Glass breaking-0042.wav,T3,0.854762,3.000,review
datasec:DATASEC/Voices/Voices-0267.wav,datasec:DATASEC/Voices/Voices-1775.wav,T3,0.854734,3.500,review
datasec:DATASEC/Music/Music-0891.wav,datasec:DATASEC/Thunder fireworks and gunshot/Fireworks/Fireworks-0040.wav,T3,0.854731,6.500,review
datasec:DATASEC/Voices/Voices-1282.wav,datasec:DATASEC/Voices/Voices-1293.wav,T3,0.854705,3.000,review
datasec:DATASEC/Voices/Voices-0277.wav,datasec:DATASEC/Voices/Voices-1250.wav,T3,0.854699,4.000,review
datasec:DATASEC/Voices/Voices-0404.wav,datasec:DATASEC/Voices/Voices-0583.wav,T3,0.854697,3.000,review
datasec:DATASEC/Voices/Voices-1273.wav,datasec:DATASEC/Voices/Voices-1312.wav,T3,0.854686,3.500,review
datasec:DATASEC/Glass breaking/Glass breaking-0046.wav,datasec:DATASEC/Glass breaking/Glass breaking-0049.wav,T3,0.854678,3.000,review
datasec:DATASEC/Music/Music-0110.wav,datasec:DATASEC/Music/Music-0234.wav,T3,0.854677,3.000,review
datasec:DATASEC/Music/Music-0178.wav,datased:DataSED - DataSED - Dataset for Sound Event Detection of environmental noise/SED_wav/S-0606.wav,T3,0.854668,4.000,review
datasec:DATASEC/Music/Music-0178.wav,datased:DataSED - DataSED - Dataset for Sound Event Detection of environmental noise/SED_wav/S-0622.wav,T3,0.854668,4.000,review
datasec:DATASEC/Voices/Voices-0980.wav,datasec:DATASEC/Voices/Voices-1006.wav,T3,0.854667,3.000,review
datasec:DATASEC/Voices/Voices-1128.wav,datasec:DATASEC/Voices/Voices-1266.wav,T3,0.854667,3.500,review
datasec:DATASEC/Voices/Voices-1151.wav,datasec:DATASEC/Voices/Voices-1166.wav,T3,0.854659,3.500,review
datasec:DATASEC/Voices/Voices-1316.wav,datasec:DATASEC/Voices/Voices-1337.wav,T3,0.854643,5.500,review
datasec:DATASEC/Music/Music-0843.wav,datasec:DATASEC/Music/Music-0871.wav,T3,0.854621,3.000,review
datasec:DATASEC/Voices/Voices-1009.wav,datasec:DATASEC/Voices/Voices-1015.wav,T3,0.854594,3.000,review
datasec:DATASEC/Voices/Voices-1224.wav,datasec:DATASEC/Voices/Voices-1266.wav,T3,0.854586,3.000,review
datasec:DATASEC/Voices/Voices-1303.wav,datasec:DATASEC/Voices/Voices-1323.wav,T3,0.854581,3.000,review
datasec:DATASEC/Voices/Voices-0306.wav,datasec:DATASEC/Voices/Voices-0677.wav,T3,0.854546,3.000,review
datasec:DATASEC/Voices/Voices-0791.wav,datasec:DATASEC/Voices/Voices-0814.wav,T3,0.854543,3.000,review
datasec:DATASEC/Voices/Voices-0667.wav,datasec:DATASEC/Voices/Voices-1824.wav,T3,0.854528,3.000,review
datasec:DATASEC/Voices/Voices-1776.wav,datasec:DATASEC/Voices/Voices-1824.wav,T3,0.854470,3.000,review
datased:DataSED - DataSED - Dataset for Sound Event Detection of environmental noise/SED_wav/S-0441.wav,datased:DataSED - DataSED - Dataset for Sound Event Detection of environmental noise/SED_wav/S-0459.wav,T3,0.854451,7.000,review
datasec:DATASEC/Music/Music-0361.wav,datasec:DATASEC/Music/Music-0834.wav,T3,0.854418,4.000,review
datasec:DATASEC/Music/Music-0125.wav,datasec:DATASEC/Music/Music-0328.wav,T3,0.854386,6.000,review
datasec:DATASEC/Voices/Voices-1001.wav,datasec:DATASEC/Voices/Voices-1006.wav,T3,0.854360,3.500,review
datasec:DATASEC/Voices/Voices-1309.wav,datasec:DATASEC/Voices/Voices-1322.wav,T3,0.854307,6.500,review
datasec:DATASEC/Voices/Voices-0327.wav,datasec:DATASEC/Voices/Voices-1775.wav,T3,0.854301,3.000,review
datasec:DATASEC/Voices/Voices-0648.wav,datasec:DATASEC/Voices/Voices-0814.wav,T3,0.854298,3.000,review
datasec:DATASEC/Voices/Voices-1304.wav,datasec:DATASEC/Voices/Voices-1308.wav,T3,0.854294,4.500,review
datasec:DATASEC/Voices/Voices-1863.wav,datasec:DATASEC/Voices/Voices-1876.wav,T3,0.854240,3.000,review
datasec:DATASEC/Voices/Voices-0610.wav,datasec:DATASEC/Voices/Voices-1232.wav,T3,0.854218,3.000,review
datasec:DATASEC/Voices/Voices-1304.wav,datasec:DATASEC/Voices/Voices-1316.wav,T3,0.854190,3.000,review
datasec:DATASEC/Voices/Voices-1160.wav,datasec:DATASEC/Voices/Voices-1179.wav,T3,0.854183,3.000,review
datasec:DATASEC/Voices/Voices-1380.wav,datasec:DATASEC/Voices/Voices-1401.wav,T3,0.854166,3.000,review
datasec:DATASEC/Voices/Voices-0180.wav,datasec:DATASEC/Voices/Voices-0246.wav,T3,0.854162,3.000,review
datasec:DATASEC/Voices/Voices-0313.wav,datasec:DATASEC/Voices/Voices-1232.wav,T3,0.854122,3.000,review
datasec:DATASEC/Voices/Voices-0874.wav,datasec:DATASEC/Voices/Voices-1745.wav,T3,0.854070,3.000,review
datasec:DATASEC/Voices/Voices-1273.wav,datasec:DATASEC/Voices/Voices-1293.wav,T3,0.854068,4.000,review
datasec:DATASEC/Voices/Voices-1278.wav,datasec:DATASEC/Voices/Voices-1309.wav,T3,0.854062,3.500,review
datasec:DATASEC/Voices/Voices-1250.wav,datasec:DATASEC/Voices/Voices-1253.wav,T3,0.854055,4.000,review
datasec:DATASEC/Voices/Voices-0413.wav,datasec:DATASEC/Voices/Voices-1288.wav,T3,0.854028,3.000,review
datasec:DATASEC/Glass breaking/Glass breaking-0043.wav,datasec:DATASEC/Glass breaking/Glass breaking-0050.wav,T3,0.854024,3.000,review
datasec:DATASEC/Voices/Voices-1206.wav,datasec:DATASEC/Voices/Voices-1238.wav,T3,0.854012,3.000,review
datasec:DATASEC/Voices/Voices-0370.wav,datasec:DATASEC/Voices/Voices-0641.wav,T3,0.854011,3.000,review
datasec:DATASEC/Dog barkings and howlings/Dog barkings and howlings-0049.wav,datasec:DATASEC/Dog barkings and howlings/Dog barkings and howlings-0050.wav,T3,0.854008,6.000,review
datasec:DATASEC/Voices/Voices-1308.wav,datasec:DATASEC/Voices/Voices-1318.wav,T3,0.853991,3.500,review
datasec:DATASEC/Voices/Voices-0651.wav,datasec:DATASEC/Voices/Voices-1800.wav,T3,0.853968,3.000,review
datasec:DATASEC/Voices/Voices-0374.wav,datasec:DATASEC/Voices/Voices-1786.wav,T3,0.853965,3.000,review
datasec:DATASEC/Voices/Voices-0648.wav,datasec:DATASEC/Voices/Voices-1232.wav,T3,0.853948,3.000,review
datasec:DATASEC/Music/Music-0891.wav,datasec:DATASEC/Voices/Voices-1549.wav,T3,0.853945,3.500,review
datasec:DATASEC/Voices/Voices-0651.wav,datasec:DATASEC/Voices/Voices-1808.wav,T3,0.853945,3.500,review
datasec:DATASEC/Voices/Voices-1277.wav,datasec:DATASEC/Voices/Voices-1288.wav,T3,0.853942,3.000,review
datasec:DATASEC/Bells/Bells-0044.wav,datasec:DATASEC/Bells/Bells-0045.wav,T3,0.853939,6.500,review
datasec:DATASEC/Voices/Voices-0327.wav,datasec:DATASEC/Voices/Voices-1262.wav,T3,0.853925,3.000,review
datasec:DATASEC/Voices/Voices-0425.wav,datasec:DATASEC/Voices/Voices-0658.wav,T3,0.853922,3.000,review
datasec:DATASEC/Voices/Voices-1282.wav,datasec:DATASEC/Voices/Voices-1285.wav,T3,0.853911,3.000,review
datasec:DATASEC/Voices/Voices-1308.wav,datasec:DATASEC/Voices/Voices-1336.wav,T3,0.853911,3.000,review
datasec:DATASEC/Voices/Voices-1241.wav,datasec:DATASEC/Voices/Voices-1262.wav,T3,0.853908,3.000,review
datasec:DATASEC/Voices/Voices-1792.wav,datasec:DATASEC/Voices/Voices-1812.wav,T3,0.853893,3.000,review
datasec:DATASEC/Voices/Voices-0581.wav,datasec:DATASEC/Voices/Voices-1266.wav,T3,0.853881,4.500,review
datasec:DATASEC/Voices/Voices-0874.wav,datasec:DATASEC/Voices/Voices-1742.wav,T3,0.853860,3.000,review
datasec:DATASEC/Voices/Voices-1364.wav,datasec:DATASEC/Voices/Voices-1401.wav,T3,0.853841,3.000,review
datasec:DATASEC/Music/Music-0271.wav,datasec:DATASEC/Music/Music-0361.wav,T3,0.853812,3.500,review
datasec:DATASEC/Voices/Voices-1267.wav,datasec:DATASEC/Voices/Voices-1801.wav,T3,0.853803,3.500,review
datasec:DATASEC/Cicadas and crickets/Cicadas/Cicadas-0052.wav,datasec:DATASEC/Music/Music-0168.wav,T3,0.853802,3.000,review
datasec:DATASEC/Cicadas and crickets/Cicadas/Cicadas-0051.wav,datasec:DATASEC/Music/Music-0168.wav,T3,0.853801,3.000,review
datasec:DATASEC/Music/Music-0234.wav,datasec:DATASEC/Thunder fireworks and gunshot/Fireworks/Fireworks-0043.wav,T3,0.853771,3.000,review
datasec:DATASEC/Voices/Voices-0637.wav,datasec:DATASEC/Voices/Voices-0644.wav,T3,0.853767,4.000,review
datasec:DATASEC/Voices/Voices-0896.wav,datasec:DATASEC/Voices/Voices-0915.wav,T3,0.853752,4.000,review
datasec:DATASEC/Voices/Voices-0774.wav,datasec:DATASEC/Voices/Voices-1267.wav,T3,0.853745,3.000,review
datasec:DATASEC/Voices/Voices-1364.wav,datasec:DATASEC/Voices/Voices-1380.wav,T3,0.853629,4.000,review
datasec:DATASEC/Voices/Voices-1547.wav,datasec:DATASEC/Voices/Voices-1603.wav,T3,0.853617,4.000,review
datasec:DATASEC/Voices/Voices-0677.wav,datasec:DATASEC/Voices/Voices-1812.wav,T3,0.853613,3.500,review
datasec:DATASEC/Voices/Voices-0277.wav,datasec:DATASEC/Voices/Voices-1266.wav,T3,0.853590,5.500,review
datasec:DATASEC/Voices/Voices-0860.wav,datasec:DATASEC/Voices/Voices-0889.wav,T3,0.853588,3.000,review
datasec:DATASEC/Voices/Voices-1275.wav,datasec:DATASEC/Voices/Voices-1337.wav,T3,0.853552,3.000,review
datasec:DATASEC/Voices/Voices-1278.wav,datasec:DATASEC/Voices/Voices-1374.wav,T3,0.853531,3.000,review
datasec:DATASEC/Voices/Voices-0583.wav,datasec:DATASEC/Voices/Voices-0677.wav,T3,0.853521,3.000,review
datasec:DATASEC/Voices/Voices-0313.wav,datasec:DATASEC/Voices/Voices-1776.wav,T3,0.853503,3.000,review
datasec:DATASEC/Voices/Voices-1547.wav,datasec:DATASEC/Voices/Voices-1549.wav,T3,0.853503,3.000,review
datasec:DATASEC/Voices/Voices-0231.wav,datasec:DATASEC/Voices/Voices-0246.wav,T3,0.853494,3.000,review
datasec:DATASEC/Voices/Voices-0617.wav,datasec:DATASEC/Voices/Voices-0667.wav,T3,0.853485,3.000,review
datasec:DATASEC/Voices/Voices-0840.wav,datasec:DATASEC/Voices/Voices-0895.wav,T3,0.853463,3.000,review
datasec:DATASEC/Glass breaking/Glass breaking-0035.wav,datasec:DATASEC/Glass breaking/Glass breaking-0041.wav,T3,0.853459,3.000,review
datasec:DATASEC/Voices/Voices-0285.wav,datasec:DATASEC/Voices/Voices-0634.wav,T3,0.853451,4.000,review
datasec:DATASEC/Voices/Voices-0394.wav,datasec:DATASEC/Voices/Voices-1293.wav,T3,0.853314,4.000,review
datasec:DATASEC/Voices/Voices-0954.wav,datasec:DATASEC/Voices/Voices-1014.wav,T3,0.853309,3.000,review
datasec:DATASEC/Voices/Voices-0995.wav,datasec:DATASEC/Voices/Voices-1019.wav,T3,0.853281,3.500,review
datasec:DATASEC/Voices/Voices-0636.wav,datasec:DATASEC/Voices/Voices-0643.wav,T3,0.853257,3.000,review
datasec:DATASEC/Voices/Voices-1282.wav,datasec:DATASEC/Voices/Voices-1312.wav,T3,0.853242,3.000,review
datasec:DATASEC/Voices/Voices-0856.wav,datasec:DATASEC/Voices/Voices-0897.wav,T3,0.853233,3.000,review
datasec:DATASEC/Voices/Voices-0681.wav,datasec:DATASEC/Voices/Voices-1812.wav,T3,0.853221,3.500,review
datasec:DATASEC/Voices/Voices-0814.wav,datasec:DATASEC/Voices/Voices-1465.wav,T3,0.853182,3.000,review
datasec:DATASEC/Voices/Voices-1128.wav,datasec:DATASEC/Voices/Voices-1166.wav,T3,0.853178,3.500,review
datasec:DATASEC/Voices/Voices-0842.wav,datasec:DATASEC/Voices/Voices-0846.wav,T3,0.853175,3.500,review
datasec:DATASEC/Voices/Voices-0313.wav,datasec:DATASEC/Voices/Voices-1288.wav,T3,0.853171,3.500,review
datasec:DATASEC/Music/Music-0134.wav,datasec:DATASEC/Music/Music-0178.wav,T3,0.853154,3.000,review
datasec:DATASEC/Voices/Voices-0342.wav,datasec:DATASEC/Voices/Voices-0769.wav,T3,0.853095,4.500,review
datasec:DATASEC/Thunder fireworks and gunshot/Fireworks/Fireworks-0043.wav,datasec:DATASEC/Voices/Voices-1288.wav,T3,0.853079,3.500,review
datasec:DATASEC/Voices/Voices-0915.wav,datasec:DATASEC/Voices/Voices-0954.wav,T3,0.853068,3.000,review
datasec:DATASEC/Voices/Voices-0404.wav,datasec:DATASEC/Voices/Voices-0413.wav,T3,0.853061,5.000,review
datasec:DATASEC/Voices/Voices-0341.wav,datasec:DATASEC/Voices/Voices-0342.wav,T3,0.853054,3.000,review
datasec:DATASEC/Music/Music-0193.wav,datasec:DATASEC/Voices/Voices-1288.wav,T3,0.853032,3.000,review
datasec:DATASEC/Voices/Voices-0840.wav,datasec:DATASEC/Voices/Voices-1206.wav,T3,0.853032,3.000,review
datasec:DATASEC/Voices/Voices-0978.wav,datasec:DATASEC/Voices/Voices-1401.wav,T3,0.852965,3.000,review
datasec:DATASEC/Voices/Voices-1273.wav,datasec:DATASEC/Voices/Voices-1775.wav,T3,0.852933,3.000,review
datasec:DATASEC/Voices/Voices-1288.wav,datasec:DATASEC/Voices/Voices-1800.wav,T3,0.852920,3.000,review
datased:DataSED - DataSED - Dataset for Sound Event Detection of environmental noise/SED_wav/S-0417.wav,datased:DataSED - DataSED - Dataset for Sound Event Detection of environmental noise/SED_wav/S-0422.wav,T3,0.852909,4.500,review
datasec:DATASEC/Voices/Voices-0433.wav,datasec:DATASEC/Voices/Voices-0582.wav,T3,0.852854,3.000,review
datasec:DATASEC/Voices/Voices-0225.wav,datasec:DATASEC/Voices/Voices-0254.wav,T3,0.852825,3.000,review
datasec:DATASEC/Voices/Voices-0774.wav,datasec:DATASEC/Voices/Voices-1411.wav,T3,0.852807,3.000,review
datasec:DATASEC/Music/Music-0234.wav,datasec:DATASEC/Voices/Voices-1549.wav,T3,0.852795,3.000,review
datasec:DATASEC/Voices/Voices-0341.wav,datasec:DATASEC/Voices/Voices-1800.wav,T3,0.852773,3.000,review
datasec:DATASEC/Voices/Voices-0758.wav,datasec:DATASEC/Voices/Voices-1401.wav,T3,0.852762,3.000,review
datasec:DATASEC/Voices/Voices-0508.wav,datasec:DATASEC/Voices/Voices-1401.wav,T3,0.852726,3.000,review
datasec:DATASEC/Voices/Voices-0581.wav,datasec:DATASEC/Voices/Voices-0640.wav,T3,0.852718,4.500,review
datasec:DATASEC/Voices/Voices-1777.wav,datasec:DATASEC/Voices/Voices-1787.wav,T3,0.852666,3.000,review
datasec:DATASEC/Voices/Voices-0568.wav,datasec:DATASEC/Voices/Voices-1232.wav,T3,0.852629,3.000,review
datased:DataSED - DataSED - Dataset for Sound Event Detection of environmental noise/SED_wav/S-0266.wav,datased:DataSED - DataSED - Dataset for Sound Event Detection of environmental noise/SED_wav/S-0322.wav,T3,0.852625,3.000,review
datasec:DATASEC/Glass breaking/Glass breaking-0043.wav,datasec:DATASEC/Glass breaking/Glass breaking-0077.wav,T3,0.852601,3.000,review
datasec:DATASEC/Voices/Voices-0648.wav,datasec:DATASEC/Voices/Voices-0651.wav,T3,0.852581,4.000,review
datasec:DATASEC/Voices/Voices-0634.wav,datasec:DATASEC/Voices/Voices-1812.wav,T3,0.852579,4.000,review
datasec:DATASEC/Cicadas and crickets/Cicadas/Cicadas-0006.wav,datasec:DATASEC/Cicadas and crickets/Cicadas/Cicadas-0010.wav,T3,0.852563,4.500,review
datasec:DATASEC/Voices/Voices-0840.wav,datasec:DATASEC/Voices/Voices-1267.wav,T3,0.852560,3.500,review
datasec:DATASEC/Voices/Voices-0667.wav,datasec:DATASEC/Voices/Voices-0774.wav,T3,0.852553,3.000,review
datasec:DATASEC/Music/Music-0361.wav,datasec:DATASEC/Thunder fireworks and gunshot/Fireworks/Fireworks-0056.wav,T3,0.852538,3.000,review
datasec:DATASEC/Voices/Voices-0641.wav,datasec:DATASEC/Voices/Voices-0643.wav,T3,0.852535,3.000,review
datasec:DATASEC/Voices/Voices-0576.wav,datasec:DATASEC/Voices/Voices-0643.wav,T3,0.852521,3.000,review
datasec:DATASEC/Voices/Voices-1316.wav,datasec:DATASEC/Voices/Voices-1318.wav,T3,0.852520,3.000,review
datasec:DATASEC/Voices/Voices-1128.wav,datasec:DATASEC/Voices/Voices-1185.wav,T3,0.852509,3.000,review
datasec:DATASEC/Music/Music-0134.wav,datasec:DATASEC/Music/Music-0234.wav,T3,0.852503,3.500,review
datasec:DATASEC/Voices/Voices-0583.wav,datasec:DATASEC/Voices/Voices-0643.wav,T3,0.852497,4.500,review
datasec:DATASEC/Music/Music-0087.wav,datasec:DATASEC/Propeller aircrafts/Helicopters/Helicopters-0023.wav,T3,0.852496,3.000,review
datasec:DATASEC/Voices/Voices-0667.wav,datasec:DATASEC/Voices/Voices-1693.wav,T3,0.852489,4.000,review
datasec:DATASEC/Voices/Voices-1238.wav,datasec:DATASEC/Voices/Voices-1250.wav,T3,0.852483,4.000,review
datasec:DATASEC/Voices/Voices-0915.wav,datasec:DATASEC/Voices/Voices-1024.wav,T3,0.852458,3.500,review
datasec:DATASEC/Voices/Voices-1288.wav,datasec:DATASEC/Voices/Voices-1307.wav,T3,0.852452,3.000,review
datasec:DATASEC/Voices/Voices-1421.wav,datasec:DATASEC/Voices/Voices-1464.wav,T3,0.852419,3.000,review
datasec:DATASEC/Voices/Voices-1312.wav,datasec:DATASEC/Voices/Voices-1775.wav,T3,0.852414,3.000,review
datasec:DATASEC/Music/Music-0234.wav,datased:DataSED - DataSED - Dataset for Sound Event Detection of environmental noise/SED_wav/S-0606.wav,T3,0.852411,3.000,review
datasec:DATASEC/Music/Music-0234.wav,datased:DataSED - DataSED - Dataset for Sound Event Detection of environmental noise/SED_wav/S-0622.wav,T3,0.852411,3.000,review
datasec:DATASEC/Voices/Voices-0581.wav,datasec:DATASEC/Voices/Voices-1267.wav,T3,0.852383,4.000,review
datasec:DATASEC/Voices/Voices-0370.wav,datasec:DATASEC/Voices/Voices-0651.wav,T3,0.852377,3.000,review
datasec:DATASEC/Voices/Voices-0644.wav,datasec:DATASEC/Voices/Voices-1676.wav,T3,0.852377,3.000,review
datasec:DATASEC/Voices/Voices-0844.wav,datasec:DATASEC/Voices/Voices-0905.wav,T3,0.852356,3.500,review
datasec:DATASEC/Voices/Voices-0846.wav,datasec:DATASEC/Voices/Voices-1266.wav,T3,0.852356,3.000,review
datasec:DATASEC/Thunder fireworks and gunshot/Fireworks/Fireworks-0033.wav,datasec:DATASEC/Voices/Voices-1288.wav,T3,0.852352,3.000,review
datasec:DATASEC/Voices/Voices-1262.wav,datasec:DATASEC/Voices/Voices-1285.wav,T3,0.852293,3.500,review
datasec:DATASEC/Voices/Voices-0403.wav,datasec:DATASEC/Voices/Voices-1812.wav,T3,0.852291,3.000,review
datasec:DATASEC/Voices/Voices-1318.wav,datasec:DATASEC/Voices/Voices-1800.wav,T3,0.852291,3.000,review
datasec:DATASEC/Voices/Voices-0329.wav,datasec:DATASEC/Voices/Voices-1786.wav,T3,0.852290,3.500,review
datasec:DATASEC/Music/Music-0071.wav,datasec:DATASEC/Music/Music-0234.wav,T3,0.852253,15.500,review
datasec:DATASEC/Voices/Voices-0374.wav,datasec:DATASEC/Voices/Voices-1309.wav,T3,0.852250,3.000,review
datasec:DATASEC/Voices/Voices-1262.wav,datasec:DATASEC/Voices/Voices-1801.wav,T3,0.852234,5.000,review
datasec:DATASEC/Voices/Voices-1312.wav,datasec:DATASEC/Voices/Voices-1821.wav,T3,0.852227,3.000,review
datasec:DATASEC/Voices/Voices-1128.wav,datasec:DATASEC/Voices/Voices-1262.wav,T3,0.852212,3.000,review
datasec:DATASEC/Jet aircrafts/Jet aircrafts-0031.wav,datasec:DATASEC/Jet aircrafts/Jet aircrafts-0033.wav,T3,0.852210,11.500,review
datasec:DATASEC/Voices/Voices-0990.wav,datasec:DATASEC/Voices/Voices-1232.wav,T3,0.852164,3.000,review
datasec:DATASEC/Voices/Voices-0814.wav,datasec:DATASEC/Voices/Voices-0889.wav,T3,0.852117,3.000,review
datasec:DATASEC/Voices/Voices-0954.wav,datasec:DATASEC/Voices/Voices-0987.wav,T3,0.852101,3.000,review
datasec:DATASEC/Voices/Voices-1843.wav,datasec:DATASEC/Voices/Voices-1869.wav,T3,0.852063,3.000,review
datasec:DATASEC/Music/Music-0029.wav,datasec:DATASEC/Voices/Voices-1278.wav,T3,0.852049,3.000,review
datasec:DATASEC/Voices/Voices-0842.wav,datasec:DATASEC/Voices/Voices-0897.wav,T3,0.852048,3.000,review
datasec:DATASEC/Music/Music-0087.wav,datasec:DATASEC/Music/Music-0864.wav,T3,0.852047,4.000,review
datasec:DATASEC/Voices/Voices-0378.wav,datasec:DATASEC/Voices/Voices-1812.wav,T3,0.852027,3.000,review
datasec:DATASEC/Voices/Voices-0341.wav,datasec:DATASEC/Voices/Voices-1812.wav,T3,0.851970,5.000,review
datasec:DATASEC/Workshop/drill/drill-0011.wav,datasec:DATASEC/Workshop/drill/drill-0031.wav,T3,0.851958,5.000,review
datasec:DATASEC/Voices/Voices-0327.wav,datasec:DATASEC/Voices/Voices-0414.wav,T3,0.851955,3.000,review
datasec:DATASEC/Voices/Voices-1278.wav,datasec:DATASEC/Voices/Voices-1801.wav,T3,0.851950,5.000,review
datasec:DATASEC/Voices/Voices-1173.wav,datasec:DATASEC/Voices/Voices-1196.wav,T3,0.851934,4.000,review
datasec:DATASEC/Voices/Voices-0758.wav,datasec:DATASEC/Voices/Voices-0874.wav,T3,0.851887,3.000,review
datasec:DATASEC/Voices/Voices-0758.wav,datasec:DATASEC/Voices/Voices-1411.wav,T3,0.851823,3.500,review
datasec:DATASEC/Voices/Voices-1225.wav,datasec:DATASEC/Voices/Voices-1267.wav,T3,0.851808,3.000,review
datasec:DATASEC/Thunder fireworks and gunshot/Fireworks/Fireworks-0056.wav,datasec:DATASEC/Voices/Voices-1363.wav,T3,0.851804,3.000,review
datasec:DATASEC/Voices/Voices-0094.wav,datasec:DATASEC/Voices/Voices-0143.wav,T3,0.851794,3.000,review
datasec:DATASEC/Voices/Voices-0342.wav,datasec:DATASEC/Voices/Voices-0644.wav,T3,0.851784,3.000,review
datasec:DATASEC/Voices/Voices-0842.wav,datasec:DATASEC/Voices/Voices-0849.wav,T3,0.851771,3.000,review
datasec:DATASEC/Music/Music-0037.wav,datasec:DATASEC/Music/Music-0071.wav,T3,0.851754,20.500,review
datasec:DATASEC/Music/Music-0029.wav,datasec:DATASEC/Voices/Voices-1549.wav,T3,0.851739,3.500,review
datasec:DATASEC/Voices/Voices-1225.wav,datasec:DATASEC/Voices/Voices-1228.wav,T3,0.851732,3.000,review
datasec:DATASEC/Voices/Voices-0860.wav,datasec:DATASEC/Voices/Voices-0896.wav,T3,0.851724,3.000,review
datasec:DATASEC/Voices/Voices-1308.wav,datasec:DATASEC/Voices/Voices-1321.wav,T3,0.851724,3.000,review
datasec:DATASEC/Voices/Voices-0766.wav,datasec:DATASEC/Voices/Voices-1879.wav,T3,0.851707,3.000,review
datasec:DATASEC/Voices/Voices-1275.wav,datasec:DATASEC/Voices/Voices-1307.wav,T3,0.851705,3.000,review
datasec:DATASEC/Voices/Voices-1225.wav,datasec:DATASEC/Voices/Voices-1232.wav,T3,0.851680,3.000,review
datasec:DATASEC/Voices/Voices-0661.wav,datasec:DATASEC/Voices/Voices-1267.wav,T3,0.851679,4.500,review
datasec:DATASEC/Voices/Voices-0208.wav,datasec:DATASEC/Voices/Voices-0213.wav,T3,0.851671,4.000,review
datasec:DATASEC/Voices/Voices-0999.wav,datasec:DATASEC/Voices/Voices-1024.wav,T3,0.851640,3.000,review
datasec:DATASEC/Voices/Voices-1308.wav,datasec:DATASEC/Voices/Voices-1322.wav,T3,0.851639,4.000,review
datasec:DATASEC/Voices/Voices-1285.wav,datasec:DATASEC/Voices/Voices-1308.wav,T3,0.851615,3.500,review
datasec:DATASEC/Voices/Voices-1303.wav,datasec:DATASEC/Voices/Voices-1340.wav,T3,0.851612,3.000,review
datasec:DATASEC/Voices/Voices-0009.wav,datasec:DATASEC/Voices/Voices-0018.wav,T3,0.851600,3.000,review
datasec:DATASEC/Voices/Voices-0849.wav,datasec:DATASEC/Voices/Voices-0926.wav,T3,0.851590,3.000,review
datasec:DATASEC/Music/Music-0029.wav,datasec:DATASEC/Music/Music-0225.wav,T3,0.851566,5.500,review
datasec:DATASEC/Voices/Voices-0774.wav,datasec:DATASEC/Voices/Voices-1266.wav,T3,0.851566,3.000,review
datasec:DATASEC/Voices/Voices-0962.wav,datasec:DATASEC/Voices/Voices-0980.wav,T3,0.851564,3.000,review
datasec:DATASEC/Voices/Voices-1016.wav,datasec:DATASEC/Voices/Voices-1411.wav,T3,0.851553,4.000,review
datasec:DATASEC/Voices/Voices-1228.wav,datasec:DATASEC/Voices/Voices-1266.wav,T3,0.851524,3.000,review
datasec:DATASEC/Cicadas and crickets/Cicadas/Cicadas-0011.wav,datasec:DATASEC/Cicadas and crickets/Cicadas/Cicadas-0025.wav,T3,0.851507,7.500,review
datasec:DATASEC/Voices/Voices-1285.wav,datasec:DATASEC/Voices/Voices-1316.wav,T3,0.851463,3.000,review
datasec:DATASEC/Thunder fireworks and gunshot/Fireworks/Fireworks-0046.wav,datasec:DATASEC/Thunder fireworks and gunshot/Fireworks/Fireworks-0047.wav,T3,0.851450,3.000,review
datasec:DATASEC/Voices/Voices-1783.wav,datasec:DATASEC/Voices/Voices-1821.wav,T3,0.851431,3.000,review
datasec:DATASEC/Voices/Voices-1288.wav,datasec:DATASEC/Voices/Voices-1327.wav,T3,0.851418,3.000,review
datasec:DATASEC/Cicadas and crickets/Cicadas/Cicadas-0052.wav,datasec:DATASEC/Music/Music-0037.wav,T3,0.851362,3.000,review
datasec:DATASEC/Voices/Voices-1818.wav,datasec:DATASEC/Voices/Voices-1824.wav,T3,0.851348,3.000,review
datasec:DATASEC/Voices/Voices-0682.wav,datasec:DATASEC/Voices/Voices-1800.wav,T3,0.851346,3.000,review
datasec:DATASEC/Voices/Voices-0774.wav,datasec:DATASEC/Voices/Voices-1380.wav,T3,0.851337,3.000,review
datasec:DATASEC/Voices/Voices-0378.wav,datasec:DATASEC/Voices/Voices-0414.wav,T3,0.851316,3.000,review
datasec:DATASEC/Voices/Voices-0327.wav,datasec:DATASEC/Voices/Voices-1801.wav,T3,0.851309,3.000,review
datasec:DATASEC/Thunder fireworks and gunshot/Fireworks/Fireworks-0036.wav,datasec:DATASEC/Voices/Voices-1364.wav,T3,0.851301,4.000,review
datasec:DATASEC/Voices/Voices-0841.wav,datasec:DATASEC/Voices/Voices-0874.wav,T3,0.851293,3.000,review
datasec:DATASEC/Voices/Voices-1478.wav,datasec:DATASEC/Voices/Voices-1641.wav,T3,0.851284,3.500,review
datasec:DATASEC/Voices/Voices-0643.wav,datasec:DATASEC/Voices/Voices-1267.wav,T3,0.851283,3.000,review
datasec:DATASEC/Voices/Voices-1250.wav,datasec:DATASEC/Voices/Voices-1824.wav,T3,0.851282,3.000,review
datasec:DATASEC/Voices/Voices-0814.wav,datasec:DATASEC/Voices/Voices-1714.wav,T3,0.851257,3.000,review
datasec:DATASEC/Voices/Voices-0915.wav,datasec:DATASEC/Voices/Voices-1474.wav,T3,0.851241,3.000,review
datasec:DATASEC/Thunder fireworks and gunshot/Fireworks/Fireworks-0037.wav,datasec:DATASEC/Thunder fireworks and gunshot/Fireworks/Fireworks-0038.wav,T3,0.851221,4.500,review
datasec:DATASEC/Music/Music-0120.wav,datasec:DATASEC/Music/Music-0198.wav,T3,0.851215,16.000,review
datasec:DATASEC/Voices/Voices-0869.wav,datasec:DATASEC/Voices/Voices-1246.wav,T3,0.851182,3.000,review
datasec:DATASEC/Voices/Voices-1282.wav,datasec:DATASEC/Voices/Voices-1322.wav,T3,0.851177,3.000,review
datasec:DATASEC/Voices/Voices-0356.wav,datasec:DATASEC/Voices/Voices-0370.wav,T3,0.851171,3.000,review
datasec:DATASEC/Voices/Voices-0267.wav,datasec:DATASEC/Voices/Voices-1262.wav,T3,0.851160,3.500,review
datasec:DATASEC/Voices/Voices-0826.wav,datasec:DATASEC/Voices/Voices-1478.wav,T3,0.851147,3.000,review
datasec:DATASEC/Music/Music-0168.wav,datasec:DATASEC/Music/Music-0467.wav,T3,0.851134,3.000,review
datasec:DATASEC/Voices/Voices-1232.wav,datasec:DATASEC/Voices/Voices-1800.wav,T3,0.851134,3.000,review
datasec:DATASEC/Voices/Voices-1303.wav,datasec:DATASEC/Voices/Voices-1304.wav,T3,0.851127,3.000,review
datasec:DATASEC/Bells/Bells-0011.wav,datasec:DATASEC/Bells/Bells-0014.wav,T3,0.851097,4.000,review
datasec:DATASEC/Voices/Voices-0648.wav,datasec:DATASEC/Voices/Voices-0667.wav,T3,0.851094,3.000,review
datasec:DATASEC/Voices/Voices-1411.wav,datasec:DATASEC/Voices/Voices-1641.wav,T3,0.851025,4.000,review
datasec:DATASEC/Voices/Voices-0926.wav,datasec:DATASEC/Voices/Voices-0954.wav,T3,0.850995,3.000,review
datasec:DATASEC/Voices/Voices-0276.wav,datasec:DATASEC/Voices/Voices-0677.wav,T3,0.850989,3.000,review
datasec:DATASEC/Voices/Voices-0329.wav,datasec:DATASEC/Voices/Voices-0644.wav,T3,0.850987,3.000,review
datasec:DATASEC/Thunder fireworks and gunshot/Fireworks/Fireworks-0045.wav,datasec:DATASEC/Voices/Voices-1232.wav,T3,0.850973,3.000,review
datasec:DATASEC/Voices/Voices-0986.wav,datasec:DATASEC/Voices/Voices-1015.wav,T3,0.850949,3.000,review
datasec:DATASEC/Music/Music-0110.wav,datasec:DATASEC/Thunder fireworks and gunshot/Fireworks/Fireworks-0056.wav,T3,0.850927,3.000,review
datasec:DATASEC/Voices/Voices-0826.wav,datasec:DATASEC/Voices/Voices-0882.wav,T3,0.850922,3.500,review
datasec:DATASEC/Voices/Voices-0827.wav,datasec:DATASEC/Voices/Voices-0869.wav,T3,0.850901,3.000,review
datasec:DATASEC/Voices/Voices-0651.wav,datasec:DATASEC/Voices/Voices-0666.wav,T3,0.850890,3.000,review
datasec:DATASEC/Voices/Voices-0651.wav,datasec:DATASEC/Voices/Voices-0661.wav,T3,0.850885,3.000,review
datasec:DATASEC/Voices/Voices-0290.wav,datasec:DATASEC/Voices/Voices-0374.wav,T3,0.850879,3.000,review
datasec:DATASEC/Voices/Voices-0929.wav,datasec:DATASEC/Voices/Voices-0978.wav,T3,0.850878,3.000,review
datasec:DATASEC/Voices/Voices-1166.wav,datasec:DATASEC/Voices/Voices-1262.wav,T3,0.850836,5.000,review
datasec:DATASEC/Thunder fireworks and gunshot/Fireworks/Fireworks-0033.wav,datasec:DATASEC/Voices/Voices-1374.wav,T3,0.850829,4.000,review
datasec:DATASEC/Voices/Voices-0339.wav,datasec:DATASEC/Voices/Voices-0374.wav,T3,0.850825,3.000,review
datasec:DATASEC/Music/Music-0125.wav,datasec:DATASEC/Music/Music-0841.wav,T3,0.850816,23.500,review
datasec:DATASEC/Music/Music-0167.wav,datasec:DATASEC/Music/Music-0891.wav,T3,0.850808,4.500,review
datasec:DATASEC/Voices/Voices-0769.wav,datasec:DATASEC/Voices/Voices-1015.wav,T3,0.850793,3.000,review
datasec:DATASEC/Voices/Voices-0160.wav,datasec:DATASEC/Voices/Voices-0225.wav,T3,0.850777,3.000,review
datasec:DATASEC/Voices/Voices-1307.wav,datasec:DATASEC/Voices/Voices-1324.wav,T3,0.850774,3.000,review
datasec:DATASEC/Voices/Voices-0327.wav,datasec:DATASEC/Voices/Voices-0677.wav,T3,0.850762,3.000,review
datasec:DATASEC/Music/Music-0037.wav,datasec:DATASEC/Voices/Voices-1288.wav,T3,0.850753,3.000,review
datasec:DATASEC/Voices/Voices-0414.wav,datasec:DATASEC/Voices/Voices-1318.wav,T3,0.850737,3.000,review
datasec:DATASEC/Voices/Voices-0586.wav,datasec:DATASEC/Voices/Voices-0634.wav,T3,0.850730,3.500,review
datasec:DATASEC/Music/Music-0152.wav,datasec:DATASEC/Music/Music-0198.wav,T3,0.850715,3.000,review
datasec:DATASEC/Voices/Voices-1151.wav,datasec:DATASEC/Voices/Voices-1262.wav,T3,0.850711,3.500,review
datasec:DATASEC/Voices/Voices-0814.wav,datasec:DATASEC/Voices/Voices-0915.wav,T3,0.850698,3.000,review
datasec:DATASEC/Bells/Bells-0014.wav,datasec:DATASEC/Bells/Bells-0015.wav,T3,0.850637,3.000,review
datasec:DATASEC/Music/Music-0087.wav,datasec:DATASEC/Music/Music-0467.wav,T3,0.850620,3.500,review
datasec:DATASEC/Music/Music-0198.wav,datasec:DATASEC/Music/Music-0361.wav,T3,0.850609,4.000,review
datasec:DATASEC/Voices/Voices-0840.wav,datasec:DATASEC/Voices/Voices-1232.wav,T3,0.850608,3.000,review
datasec:DATASEC/Voices/Voices-1302.wav,datasec:DATASEC/Voices/Voices-1321.wav,T3,0.850574,4.500,review
datasec:DATASEC/Voices/Voices-1282.wav,datasec:DATASEC/Voices/Voices-1821.wav,T3,0.850537,3.500,review
datasec:DATASEC/Voices/Voices-0637.wav,datasec:DATASEC/Voices/Voices-0641.wav,T3,0.850512,3.000,review
datasec:DATASEC/Thunder fireworks and gunshot/Fireworks/Fireworks-0036.wav,datasec:DATASEC/Voices/Voices-1824.wav,T3,0.850498,3.000,review
datasec:DATASEC/Voices/Voices-0986.wav,datasec:DATASEC/Voices/Voices-0995.wav,T3,0.850495,3.000,review
datasec:DATASEC/Voices/Voices-1401.wav,datasec:DATASEC/Voices/Voices-1474.wav,T3,0.850489,3.000,review
datasec:DATASEC/Voices/Voices-0766.wav,datasec:DATASEC/Voices/Voices-1690.wav,T3,0.850486,3.000,review
datasec:DATASEC/Voices/Voices-0326.wav,datasec:DATASEC/Voices/Voices-1266.wav,T3,0.850475,4.000,review
datasec:DATASEC/Music/Music-0037.wav,datasec:DATASEC/Music/Music-0880.wav,T3,0.850472,3.000,review
datasec:DATASEC/Voices/Voices-0814.wav,datasec:DATASEC/Voices/Voices-1028.wav,T3,0.850453,3.000,review
datasec:DATASEC/Glass breaking/Glass breaking-0025.wav,datasec:DATASEC/Glass breaking/Glass breaking-0028.wav,T3,0.850442,3.000,review
datasec:DATASEC/Voices/Voices-0840.wav,datasec:DATASEC/Voices/Voices-1676.wav,T3,0.850383,3.000,review
datasec:DATASEC/Voices/Voices-0586.wav,datasec:DATASEC/Voices/Voices-0658.wav,T3,0.850364,3.000,review
datasec:DATASEC/Thunder fireworks and gunshot/Fireworks/Fireworks-0036.wav,datasec:DATASEC/Voices/Voices-1232.wav,T3,0.850356,3.000,review
datasec:DATASEC/Voices/Voices-0586.wav,datasec:DATASEC/Voices/Voices-1267.wav,T3,0.850343,3.000,review
datasec:DATASEC/Voices/Voices-1206.wav,datasec:DATASEC/Voices/Voices-1241.wav,T3,0.850337,3.000,review
datasec:DATASEC/Voices/Voices-1232.wav,datasec:DATASEC/Voices/Voices-1787.wav,T3,0.850318,3.000,review
datasec:DATASEC/Voices/Voices-0791.wav,datasec:DATASEC/Voices/Voices-0859.wav,T3,0.850293,3.000,review
datasec:DATASEC/Voices/Voices-0586.wav,datasec:DATASEC/Voices/Voices-0846.wav,T3,0.850286,3.000,review
datasec:DATASEC/Train/Train-0056.wav,datased:DataSED - DataSED - Dataset for Sound Event Detection of environmental noise/SED_wav/S-0210.wav,T3,0.850270,3.500,review
datasec:DATASEC/Workshop/jackhammer/jackhammer-0049.wav,datasec:DATASEC/Workshop/jackhammer/jackhammer-0052.wav,T3,0.850267,3.000,review
datasec:DATASEC/Voices/Voices-0241.wav,datasec:DATASEC/Voices/Voices-1800.wav,T3,0.850250,3.000,review
datasec:DATASEC/Voices/Voices-0758.wav,datasec:DATASEC/Voices/Voices-0772.wav,T3,0.850235,3.000,review
datasec:DATASEC/Voices/Voices-1001.wav,datasec:DATASEC/Voices/Voices-1015.wav,T3,0.850234,3.000,review
datasec:DATASEC/Voices/Voices-0677.wav,datasec:DATASEC/Voices/Voices-1775.wav,T3,0.850181,3.000,review
datasec:DATASEC/Voices/Voices-1273.wav,datasec:DATASEC/Voices/Voices-1776.wav,T3,0.850137,3.000,review
datasec:DATASEC/Voices/Voices-0327.wav,datasec:DATASEC/Voices/Voices-1312.wav,T3,0.850122,3.000,review
datasec:DATASEC/Voices/Voices-0374.wav,datasec:DATASEC/Voices/Voices-1266.wav,T3,0.850118,3.000,review
datasec:DATASEC/Voices/Voices-0374.wav,datasec:DATASEC/Voices/Voices-0394.wav,T3,0.850109,3.000,review
datasec:DATASEC/Voices/Voices-1775.wav,datasec:DATASEC/Voices/Voices-1798.wav,T3,0.850101,3.500,review
datasec:DATASEC/Voices/Voices-0637.wav,datasec:DATASEC/Voices/Voices-1800.wav,T3,0.850090,3.000,review
datasec:DATASEC/Voices/Voices-0329.wav,datasec:DATASEC/Voices/Voices-0339.wav,T3,0.850088,3.000,review
datasec:DATASEC/Voices/Voices-1293.wav,datasec:DATASEC/Voices/Voices-1323.wav,T3,0.850084,3.500,review
datasec:DATASEC/Voices/Voices-0267.wav,datasec:DATASEC/Voices/Voices-0365.wav,T3,0.850057,3.500,review
datasec:DATASEC/Voices/Voices-0568.wav,datasec:DATASEC/Voices/Voices-0613.wav,T3,0.850026,3.000,review
datasec:DATASEC/Voices/Voices-0327.wav,datasec:DATASEC/Voices/Voices-0651.wav,T3,0.850022,3.000,review
